ARM GAS  /tmp/ccLnPP2u.s 			page 1


   1              		.cpu cortex-m4
   2              		.arch armv7e-m
   3              		.fpu fpv4-sp-d16
   4              		.eabi_attribute 27, 1
   5              		.eabi_attribute 28, 1
   6              		.eabi_attribute 20, 1
   7              		.eabi_attribute 21, 1
   8              		.eabi_attribute 23, 3
   9              		.eabi_attribute 24, 1
  10              		.eabi_attribute 25, 1
  11              		.eabi_attribute 26, 1
  12              		.eabi_attribute 30, 1
  13              		.eabi_attribute 34, 1
  14              		.eabi_attribute 18, 4
  15              		.file	"main.c"
  16              		.text
  17              	.Ltext0:
  18              		.cfi_sections	.debug_frame
  19              		.file 1 "Core/Src/main.c"
  20              		.section	.text.MX_GPIO_Init,"ax",%progbits
  21              		.align	1
  22              		.syntax unified
  23              		.thumb
  24              		.thumb_func
  26              	MX_GPIO_Init:
  27              	.LFB341:
   1:Core/Src/main.c **** /* USER CODE BEGIN Header */
   2:Core/Src/main.c **** /**
   3:Core/Src/main.c ****   ******************************************************************************
   4:Core/Src/main.c ****   * @file           : main.c
   5:Core/Src/main.c ****   * @brief          : Main program body
   6:Core/Src/main.c ****   ******************************************************************************
   7:Core/Src/main.c ****   * @attention
   8:Core/Src/main.c ****   *
   9:Core/Src/main.c ****   * Copyright (c) 2026 STMicroelectronics.
  10:Core/Src/main.c ****   * All rights reserved.
  11:Core/Src/main.c ****   *
  12:Core/Src/main.c ****   * This software is licensed under terms that can be found in the LICENSE file
  13:Core/Src/main.c ****   * in the root directory of this software component.
  14:Core/Src/main.c ****   * If no LICENSE file comes with this software, it is provided AS-IS.
  15:Core/Src/main.c ****   *
  16:Core/Src/main.c ****   ******************************************************************************
  17:Core/Src/main.c ****   */
  18:Core/Src/main.c **** /* USER CODE END Header */
  19:Core/Src/main.c **** /* Includes ------------------------------------------------------------------*/
  20:Core/Src/main.c **** #include "main.h"
  21:Core/Src/main.c **** #include "usb_device.h"
  22:Core/Src/main.c **** 
  23:Core/Src/main.c **** /* Private includes ----------------------------------------------------------*/
  24:Core/Src/main.c **** /* USER CODE BEGIN Includes */
  25:Core/Src/main.c **** #include <stm32g431xx.h>
  26:Core/Src/main.c **** #include <stm32g4xx_hal_pwr_ex.h>
  27:Core/Src/main.c **** #include <stm32g4xx_hal_pcd.h>
  28:Core/Src/main.c **** #include <stm32g4xx_hal_rcc.h>
  29:Core/Src/main.c **** #include <stm32_hal_legacy.h>
  30:Core/Src/main.c **** #include "usbd_cdc_if.h"
  31:Core/Src/main.c **** #include <TMP102.h>
ARM GAS  /tmp/ccLnPP2u.s 			page 2


  32:Core/Src/main.c **** #include <M24Cxx.h>
  33:Core/Src/main.c **** #include <CalibrationData.h>
  34:Core/Src/main.c **** /* USER CODE END Includes */
  35:Core/Src/main.c **** 
  36:Core/Src/main.c **** /* Private typedef -----------------------------------------------------------*/
  37:Core/Src/main.c **** /* USER CODE BEGIN PTD */
  38:Core/Src/main.c **** 
  39:Core/Src/main.c **** /* USER CODE END PTD */
  40:Core/Src/main.c **** 
  41:Core/Src/main.c **** /* Private define ------------------------------------------------------------*/
  42:Core/Src/main.c **** /* USER CODE BEGIN PD */
  43:Core/Src/main.c **** #define USB_BUFLEN 128
  44:Core/Src/main.c **** 
  45:Core/Src/main.c **** 
  46:Core/Src/main.c **** #define EEPROM_SIZE_KB 8
  47:Core/Src/main.c **** 
  48:Core/Src/main.c **** #define EEPROM_ADDR_INIT_CAL_DONE 0x1
  49:Core/Src/main.c **** #define EEPROM_ADDR_OPERATING_TIME 0x2
  50:Core/Src/main.c **** #define EEPROM_ADDR_CAL_DATA_STRUC 0xf
  51:Core/Src/main.c **** 
  52:Core/Src/main.c **** 
  53:Core/Src/main.c **** /* USER CODE END PD */
  54:Core/Src/main.c **** 
  55:Core/Src/main.c **** /* Private macro -------------------------------------------------------------*/
  56:Core/Src/main.c **** /* USER CODE BEGIN PM */
  57:Core/Src/main.c **** 
  58:Core/Src/main.c **** /* USER CODE END PM */
  59:Core/Src/main.c **** 
  60:Core/Src/main.c **** /* Private variables ---------------------------------------------------------*/
  61:Core/Src/main.c **** ADC_HandleTypeDef hadc1;
  62:Core/Src/main.c **** 
  63:Core/Src/main.c **** I2C_HandleTypeDef hi2c1;
  64:Core/Src/main.c **** 
  65:Core/Src/main.c **** TIM_HandleTypeDef htim16;
  66:Core/Src/main.c **** 
  67:Core/Src/main.c **** /* USER CODE BEGIN PV */
  68:Core/Src/main.c **** uint8_t usbTxBuffer[USB_BUFLEN];
  69:Core/Src/main.c **** uint16_t usbTxBufferLen;
  70:Core/Src/main.c **** /* USER CODE END PV */
  71:Core/Src/main.c **** 
  72:Core/Src/main.c **** /* Private function prototypes -----------------------------------------------*/
  73:Core/Src/main.c **** void SystemClock_Config(void);
  74:Core/Src/main.c **** static void MX_GPIO_Init(void);
  75:Core/Src/main.c **** static void MX_ADC1_Init(void);
  76:Core/Src/main.c **** static void MX_I2C1_Init(void);
  77:Core/Src/main.c **** static void MX_TIM16_Init(void);
  78:Core/Src/main.c **** /* USER CODE BEGIN PFP */
  79:Core/Src/main.c **** 
  80:Core/Src/main.c **** /* USER CODE END PFP */
  81:Core/Src/main.c **** 
  82:Core/Src/main.c **** /* Private user code ---------------------------------------------------------*/
  83:Core/Src/main.c **** /* USER CODE BEGIN 0 */
  84:Core/Src/main.c **** 
  85:Core/Src/main.c **** uint16_t ReadHourStats(M24Cxx* eeprom) {
  86:Core/Src/main.c ****     union HourBuffer {
  87:Core/Src/main.c ****         uint8_t b8[2];
  88:Core/Src/main.c ****         uint16_t b16;
ARM GAS  /tmp/ccLnPP2u.s 			page 3


  89:Core/Src/main.c ****     }  buffer;
  90:Core/Src/main.c **** 
  91:Core/Src/main.c ****     M24Cxx_Read_Bytes(eeprom, EEPROM_ADDR_OPERATING_TIME, buffer.b8, 2);
  92:Core/Src/main.c ****     return buffer.b16;
  93:Core/Src/main.c **** }
  94:Core/Src/main.c **** 
  95:Core/Src/main.c **** void WriteHourStats(M24Cxx* eeprom, uint16_t val) {
  96:Core/Src/main.c ****     union HourBuffer {
  97:Core/Src/main.c ****         uint8_t b8[2];
  98:Core/Src/main.c ****         uint16_t b16;
  99:Core/Src/main.c ****     }  buffer;
 100:Core/Src/main.c **** 
 101:Core/Src/main.c ****     buffer.b16 = val;
 102:Core/Src/main.c **** 
 103:Core/Src/main.c ****     M24Cxx_Write_Buffer(eeprom, EEPROM_ADDR_OPERATING_TIME, buffer.b8, 2);
 104:Core/Src/main.c **** }
 105:Core/Src/main.c **** 
 106:Core/Src/main.c **** 
 107:Core/Src/main.c **** void WriteInitialCalibration(
 108:Core/Src/main.c ****     M24Cxx* eeprom, 
 109:Core/Src/main.c ****     const char* LM399_serial_number, 
 110:Core/Src/main.c ****     const char* initial_cal_date,
 111:Core/Src/main.c ****     const char* initial_cal_voltage,
 112:Core/Src/main.c ****     float initial_cal_temperature
 113:Core/Src/main.c **** ) {
 114:Core/Src/main.c **** 
 115:Core/Src/main.c ****     if (M24Cxx_Read_Byte(eeprom, EEPROM_ADDR_INIT_CAL_DONE))
 116:Core/Src/main.c ****         return;
 117:Core/Src/main.c ****     CalibrationDataInfo calInfo;
 118:Core/Src/main.c ****     calInfo.entry_addr = 0x20 + sizeof(CalibrationDataInfo);
 119:Core/Src/main.c ****     calInfo.entry_size = 0xf;
 120:Core/Src/main.c ****     calInfo.len = 0;
 121:Core/Src/main.c ****     strcpy(calInfo.LM399_serial_number, LM399_serial_number);
 122:Core/Src/main.c ****     strcpy(calInfo.initial_cal_date, initial_cal_date);
 123:Core/Src/main.c ****     strcpy(calInfo.initial_cal_voltage, initial_cal_voltage);
 124:Core/Src/main.c ****     calInfo.initial_cal_temperature = initial_cal_temperature;
 125:Core/Src/main.c ****     M24Cxx_Write_Buffer(eeprom, EEPROM_ADDR_OPERATING_TIME, (uint8_t*)&calInfo, sizeof(CalibrationD
 126:Core/Src/main.c **** }
 127:Core/Src/main.c **** 
 128:Core/Src/main.c **** /* USER CODE END 0 */
 129:Core/Src/main.c **** 
 130:Core/Src/main.c **** /**
 131:Core/Src/main.c ****   * @brief  The application entry point.
 132:Core/Src/main.c ****   * @retval int
 133:Core/Src/main.c ****   */
 134:Core/Src/main.c **** int main(void)
 135:Core/Src/main.c **** {
 136:Core/Src/main.c **** 
 137:Core/Src/main.c ****   /* USER CODE BEGIN 1 */
 138:Core/Src/main.c **** 
 139:Core/Src/main.c ****   /* USER CODE END 1 */
 140:Core/Src/main.c **** 
 141:Core/Src/main.c ****   /* MCU Configuration--------------------------------------------------------*/
 142:Core/Src/main.c **** 
 143:Core/Src/main.c ****   /* Reset of all peripherals, Initializes the Flash interface and the Systick. */
 144:Core/Src/main.c ****   HAL_Init();
 145:Core/Src/main.c **** 
ARM GAS  /tmp/ccLnPP2u.s 			page 4


 146:Core/Src/main.c ****   /* USER CODE BEGIN Init */
 147:Core/Src/main.c **** 
 148:Core/Src/main.c ****   /* USER CODE END Init */
 149:Core/Src/main.c **** 
 150:Core/Src/main.c ****   /* Configure the system clock */
 151:Core/Src/main.c ****   SystemClock_Config();
 152:Core/Src/main.c **** 
 153:Core/Src/main.c ****   /* USER CODE BEGIN SysInit */
 154:Core/Src/main.c **** 
 155:Core/Src/main.c ****   /* USER CODE END SysInit */
 156:Core/Src/main.c **** 
 157:Core/Src/main.c ****   /* Initialize all configured peripherals */
 158:Core/Src/main.c ****   MX_GPIO_Init();
 159:Core/Src/main.c ****   MX_ADC1_Init();
 160:Core/Src/main.c ****   MX_I2C1_Init();
 161:Core/Src/main.c ****   MX_TIM16_Init();
 162:Core/Src/main.c ****   MX_USB_Device_Init();
 163:Core/Src/main.c ****   /* USER CODE BEGIN 2 */
 164:Core/Src/main.c **** 
 165:Core/Src/main.c ****     // Debug
 166:Core/Src/main.c ****     #define HEATUP_TIME 2000
 167:Core/Src/main.c ****     // Final
 168:Core/Src/main.c ****     //#define HEATUP_TIME 600000
 169:Core/Src/main.c **** 
 170:Core/Src/main.c **** 
 171:Core/Src/main.c ****     uint32_t time_setup_start = HAL_GetTick();
 172:Core/Src/main.c ****     uint8_t heater_state = 0;
 173:Core/Src/main.c **** 
 174:Core/Src/main.c ****     HAL_GPIO_WritePin(LED_R_GPIO_Port, LED_R_Pin, 1);
 175:Core/Src/main.c **** 
 176:Core/Src/main.c **** 
 177:Core/Src/main.c ****     // Setup timer
 178:Core/Src/main.c **** 
 179:Core/Src/main.c ****     HAL_TIM_Base_Start(&htim16);
 180:Core/Src/main.c ****     uint32_t uptime_start = HAL_GetTick();
 181:Core/Src/main.c ****     uint32_t uptime_s = 0;
 182:Core/Src/main.c **** 
 183:Core/Src/main.c ****     M24Cxx eeprom = M24Cxx_Init(
 184:Core/Src/main.c ****         &hi2c1, 
 185:Core/Src/main.c ****         0b1010000, 
 186:Core/Src/main.c ****         8, 
 187:Core/Src/main.c ****         32, 
 188:Core/Src/main.c ****         I2C_MEMADD_SIZE_16BIT
 189:Core/Src/main.c ****     );
 190:Core/Src/main.c **** 
 191:Core/Src/main.c ****     uint16_t uptime_h = ReadHourStats(&eeprom);
 192:Core/Src/main.c **** 
 193:Core/Src/main.c **** 
 194:Core/Src/main.c ****     M24Cxx_Write_Byte(&eeprom, EEPROM_ADDR_INIT_CAL_DONE, 0);
 195:Core/Src/main.c **** 
 196:Core/Src/main.c **** 
 197:Core/Src/main.c **** 
 198:Core/Src/main.c ****     HAL_Delay(2000);
 199:Core/Src/main.c **** 
 200:Core/Src/main.c **** 
 201:Core/Src/main.c ****   /* USER CODE END 2 */
 202:Core/Src/main.c **** 
ARM GAS  /tmp/ccLnPP2u.s 			page 5


 203:Core/Src/main.c ****   /* Infinite loop */
 204:Core/Src/main.c ****   /* USER CODE BEGIN WHILE */
 205:Core/Src/main.c ****     while (1)
 206:Core/Src/main.c ****     {
 207:Core/Src/main.c ****         if (!heater_state) {
 208:Core/Src/main.c ****             if (HAL_GetTick() - time_setup_start > HEATUP_TIME) {
 209:Core/Src/main.c ****                 heater_state = 1;
 210:Core/Src/main.c ****                 HAL_GPIO_WritePin(LED_R_GPIO_Port, LED_R_Pin, 0);
 211:Core/Src/main.c ****                 HAL_GPIO_WritePin(LED_G_GPIO_Port, LED_G_Pin, 1);
 212:Core/Src/main.c ****             }
 213:Core/Src/main.c ****         }
 214:Core/Src/main.c **** 
 215:Core/Src/main.c ****         
 216:Core/Src/main.c **** 
 217:Core/Src/main.c **** 
 218:Core/Src/main.c ****         // Get counter value
 219:Core/Src/main.c ****         uint32_t uptime = HAL_GetTick();
 220:Core/Src/main.c ****         if (uptime - uptime_start > 1000) {
 221:Core/Src/main.c ****             uptime_start = uptime;
 222:Core/Src/main.c ****             uptime_s++;
 223:Core/Src/main.c ****             if (uptime_s >= 3600) {
 224:Core/Src/main.c ****                 uptime_s = 0;
 225:Core/Src/main.c ****                 uptime_h++;
 226:Core/Src/main.c ****                 WriteHourStats(&eeprom, uptime_h);
 227:Core/Src/main.c ****             }
 228:Core/Src/main.c ****             usbTxBufferLen = snprintf((char*)usbTxBuffer, USB_BUFLEN, "Uptime: %uh %us\r\n",uptime_
 229:Core/Src/main.c ****             while(CDC_Transmit_FS(usbTxBuffer, usbTxBufferLen) == USBD_BUSY) {}
 230:Core/Src/main.c **** 
 231:Core/Src/main.c **** 
 232:Core/Src/main.c ****             float temp = TMP102_GetReading(&hi2c1);
 233:Core/Src/main.c ****             uint32_t integer_part = (int)temp;                             // 12
 234:Core/Src/main.c ****             uint32_t fractional_part = (int)((temp - integer_part) * 100);
 235:Core/Src/main.c ****             usbTxBufferLen = snprintf((char*)usbTxBuffer, USB_BUFLEN, "Temperature: %lu.%lu°C\r\n"
 236:Core/Src/main.c ****             while(CDC_Transmit_FS(usbTxBuffer, usbTxBufferLen) == USBD_BUSY) {}
 237:Core/Src/main.c **** 
 238:Core/Src/main.c ****             uint8_t byte_res = M24Cxx_Read_Byte(&eeprom, 0x0);
 239:Core/Src/main.c **** 
 240:Core/Src/main.c ****             usbTxBufferLen = snprintf((char*)usbTxBuffer, USB_BUFLEN, "EEPROM: %u\r\n", (uint16_t) 
 241:Core/Src/main.c ****             while(CDC_Transmit_FS(usbTxBuffer, usbTxBufferLen) == USBD_BUSY) {}
 242:Core/Src/main.c ****         }
 243:Core/Src/main.c **** 
 244:Core/Src/main.c **** 
 245:Core/Src/main.c ****     /* USER CODE END WHILE */
 246:Core/Src/main.c **** 
 247:Core/Src/main.c ****     /* USER CODE BEGIN 3 */
 248:Core/Src/main.c ****     }
 249:Core/Src/main.c ****   /* USER CODE END 3 */
 250:Core/Src/main.c **** }
 251:Core/Src/main.c **** 
 252:Core/Src/main.c **** /**
 253:Core/Src/main.c ****   * @brief System Clock Configuration
 254:Core/Src/main.c ****   * @retval None
 255:Core/Src/main.c ****   */
 256:Core/Src/main.c **** void SystemClock_Config(void)
 257:Core/Src/main.c **** {
 258:Core/Src/main.c ****   RCC_OscInitTypeDef RCC_OscInitStruct = {0};
 259:Core/Src/main.c ****   RCC_ClkInitTypeDef RCC_ClkInitStruct = {0};
ARM GAS  /tmp/ccLnPP2u.s 			page 6


 260:Core/Src/main.c **** 
 261:Core/Src/main.c ****   /** Configure the main internal regulator output voltage
 262:Core/Src/main.c ****   */
 263:Core/Src/main.c ****   HAL_PWREx_ControlVoltageScaling(PWR_REGULATOR_VOLTAGE_SCALE1);
 264:Core/Src/main.c **** 
 265:Core/Src/main.c ****   /** Initializes the RCC Oscillators according to the specified parameters
 266:Core/Src/main.c ****   * in the RCC_OscInitTypeDef structure.
 267:Core/Src/main.c ****   */
 268:Core/Src/main.c ****   RCC_OscInitStruct.OscillatorType = RCC_OSCILLATORTYPE_HSE;
 269:Core/Src/main.c ****   RCC_OscInitStruct.HSEState = RCC_HSE_ON;
 270:Core/Src/main.c ****   RCC_OscInitStruct.PLL.PLLState = RCC_PLL_ON;
 271:Core/Src/main.c ****   RCC_OscInitStruct.PLL.PLLSource = RCC_PLLSOURCE_HSE;
 272:Core/Src/main.c ****   RCC_OscInitStruct.PLL.PLLM = RCC_PLLM_DIV1;
 273:Core/Src/main.c ****   RCC_OscInitStruct.PLL.PLLN = 18;
 274:Core/Src/main.c ****   RCC_OscInitStruct.PLL.PLLP = RCC_PLLP_DIV2;
 275:Core/Src/main.c ****   RCC_OscInitStruct.PLL.PLLQ = RCC_PLLQ_DIV6;
 276:Core/Src/main.c ****   RCC_OscInitStruct.PLL.PLLR = RCC_PLLR_DIV2;
 277:Core/Src/main.c ****   if (HAL_RCC_OscConfig(&RCC_OscInitStruct) != HAL_OK)
 278:Core/Src/main.c ****   {
 279:Core/Src/main.c ****     Error_Handler();
 280:Core/Src/main.c ****   }
 281:Core/Src/main.c **** 
 282:Core/Src/main.c ****   /** Initializes the CPU, AHB and APB buses clocks
 283:Core/Src/main.c ****   */
 284:Core/Src/main.c ****   RCC_ClkInitStruct.ClockType = RCC_CLOCKTYPE_HCLK|RCC_CLOCKTYPE_SYSCLK
 285:Core/Src/main.c ****                               |RCC_CLOCKTYPE_PCLK1|RCC_CLOCKTYPE_PCLK2;
 286:Core/Src/main.c ****   RCC_ClkInitStruct.SYSCLKSource = RCC_SYSCLKSOURCE_PLLCLK;
 287:Core/Src/main.c ****   RCC_ClkInitStruct.AHBCLKDivider = RCC_SYSCLK_DIV1;
 288:Core/Src/main.c ****   RCC_ClkInitStruct.APB1CLKDivider = RCC_HCLK_DIV1;
 289:Core/Src/main.c ****   RCC_ClkInitStruct.APB2CLKDivider = RCC_HCLK_DIV1;
 290:Core/Src/main.c **** 
 291:Core/Src/main.c ****   if (HAL_RCC_ClockConfig(&RCC_ClkInitStruct, FLASH_LATENCY_4) != HAL_OK)
 292:Core/Src/main.c ****   {
 293:Core/Src/main.c ****     Error_Handler();
 294:Core/Src/main.c ****   }
 295:Core/Src/main.c **** }
 296:Core/Src/main.c **** 
 297:Core/Src/main.c **** /**
 298:Core/Src/main.c ****   * @brief ADC1 Initialization Function
 299:Core/Src/main.c ****   * @param None
 300:Core/Src/main.c ****   * @retval None
 301:Core/Src/main.c ****   */
 302:Core/Src/main.c **** static void MX_ADC1_Init(void)
 303:Core/Src/main.c **** {
 304:Core/Src/main.c **** 
 305:Core/Src/main.c ****   /* USER CODE BEGIN ADC1_Init 0 */
 306:Core/Src/main.c **** 
 307:Core/Src/main.c ****   /* USER CODE END ADC1_Init 0 */
 308:Core/Src/main.c **** 
 309:Core/Src/main.c ****   ADC_MultiModeTypeDef multimode = {0};
 310:Core/Src/main.c ****   ADC_ChannelConfTypeDef sConfig = {0};
 311:Core/Src/main.c **** 
 312:Core/Src/main.c ****   /* USER CODE BEGIN ADC1_Init 1 */
 313:Core/Src/main.c **** 
 314:Core/Src/main.c ****   /* USER CODE END ADC1_Init 1 */
 315:Core/Src/main.c **** 
 316:Core/Src/main.c ****   /** Common config
ARM GAS  /tmp/ccLnPP2u.s 			page 7


 317:Core/Src/main.c ****   */
 318:Core/Src/main.c ****   hadc1.Instance = ADC1;
 319:Core/Src/main.c ****   hadc1.Init.ClockPrescaler = ADC_CLOCK_SYNC_PCLK_DIV4;
 320:Core/Src/main.c ****   hadc1.Init.Resolution = ADC_RESOLUTION_12B;
 321:Core/Src/main.c ****   hadc1.Init.DataAlign = ADC_DATAALIGN_RIGHT;
 322:Core/Src/main.c ****   hadc1.Init.GainCompensation = 0;
 323:Core/Src/main.c ****   hadc1.Init.ScanConvMode = ADC_SCAN_DISABLE;
 324:Core/Src/main.c ****   hadc1.Init.EOCSelection = ADC_EOC_SINGLE_CONV;
 325:Core/Src/main.c ****   hadc1.Init.LowPowerAutoWait = DISABLE;
 326:Core/Src/main.c ****   hadc1.Init.ContinuousConvMode = DISABLE;
 327:Core/Src/main.c ****   hadc1.Init.NbrOfConversion = 1;
 328:Core/Src/main.c ****   hadc1.Init.DiscontinuousConvMode = DISABLE;
 329:Core/Src/main.c ****   hadc1.Init.ExternalTrigConv = ADC_SOFTWARE_START;
 330:Core/Src/main.c ****   hadc1.Init.ExternalTrigConvEdge = ADC_EXTERNALTRIGCONVEDGE_NONE;
 331:Core/Src/main.c ****   hadc1.Init.DMAContinuousRequests = DISABLE;
 332:Core/Src/main.c ****   hadc1.Init.Overrun = ADC_OVR_DATA_PRESERVED;
 333:Core/Src/main.c ****   hadc1.Init.OversamplingMode = DISABLE;
 334:Core/Src/main.c ****   if (HAL_ADC_Init(&hadc1) != HAL_OK)
 335:Core/Src/main.c ****   {
 336:Core/Src/main.c ****     Error_Handler();
 337:Core/Src/main.c ****   }
 338:Core/Src/main.c **** 
 339:Core/Src/main.c ****   /** Configure the ADC multi-mode
 340:Core/Src/main.c ****   */
 341:Core/Src/main.c ****   multimode.Mode = ADC_MODE_INDEPENDENT;
 342:Core/Src/main.c ****   if (HAL_ADCEx_MultiModeConfigChannel(&hadc1, &multimode) != HAL_OK)
 343:Core/Src/main.c ****   {
 344:Core/Src/main.c ****     Error_Handler();
 345:Core/Src/main.c ****   }
 346:Core/Src/main.c **** 
 347:Core/Src/main.c ****   /** Configure Regular Channel
 348:Core/Src/main.c ****   */
 349:Core/Src/main.c ****   sConfig.Channel = ADC_CHANNEL_15;
 350:Core/Src/main.c ****   sConfig.Rank = ADC_REGULAR_RANK_1;
 351:Core/Src/main.c ****   sConfig.SamplingTime = ADC_SAMPLETIME_2CYCLES_5;
 352:Core/Src/main.c ****   sConfig.SingleDiff = ADC_SINGLE_ENDED;
 353:Core/Src/main.c ****   sConfig.OffsetNumber = ADC_OFFSET_NONE;
 354:Core/Src/main.c ****   sConfig.Offset = 0;
 355:Core/Src/main.c ****   if (HAL_ADC_ConfigChannel(&hadc1, &sConfig) != HAL_OK)
 356:Core/Src/main.c ****   {
 357:Core/Src/main.c ****     Error_Handler();
 358:Core/Src/main.c ****   }
 359:Core/Src/main.c ****   /* USER CODE BEGIN ADC1_Init 2 */
 360:Core/Src/main.c **** 
 361:Core/Src/main.c ****   /* USER CODE END ADC1_Init 2 */
 362:Core/Src/main.c **** 
 363:Core/Src/main.c **** }
 364:Core/Src/main.c **** 
 365:Core/Src/main.c **** /**
 366:Core/Src/main.c ****   * @brief I2C1 Initialization Function
 367:Core/Src/main.c ****   * @param None
 368:Core/Src/main.c ****   * @retval None
 369:Core/Src/main.c ****   */
 370:Core/Src/main.c **** static void MX_I2C1_Init(void)
 371:Core/Src/main.c **** {
 372:Core/Src/main.c **** 
 373:Core/Src/main.c ****   /* USER CODE BEGIN I2C1_Init 0 */
ARM GAS  /tmp/ccLnPP2u.s 			page 8


 374:Core/Src/main.c **** 
 375:Core/Src/main.c ****   /* USER CODE END I2C1_Init 0 */
 376:Core/Src/main.c **** 
 377:Core/Src/main.c ****   /* USER CODE BEGIN I2C1_Init 1 */
 378:Core/Src/main.c **** 
 379:Core/Src/main.c ****   /* USER CODE END I2C1_Init 1 */
 380:Core/Src/main.c ****   hi2c1.Instance = I2C1;
 381:Core/Src/main.c ****   hi2c1.Init.Timing = 0x60715075;
 382:Core/Src/main.c ****   hi2c1.Init.OwnAddress1 = 0;
 383:Core/Src/main.c ****   hi2c1.Init.AddressingMode = I2C_ADDRESSINGMODE_7BIT;
 384:Core/Src/main.c ****   hi2c1.Init.DualAddressMode = I2C_DUALADDRESS_DISABLE;
 385:Core/Src/main.c ****   hi2c1.Init.OwnAddress2 = 0;
 386:Core/Src/main.c ****   hi2c1.Init.OwnAddress2Masks = I2C_OA2_NOMASK;
 387:Core/Src/main.c ****   hi2c1.Init.GeneralCallMode = I2C_GENERALCALL_DISABLE;
 388:Core/Src/main.c ****   hi2c1.Init.NoStretchMode = I2C_NOSTRETCH_DISABLE;
 389:Core/Src/main.c ****   if (HAL_I2C_Init(&hi2c1) != HAL_OK)
 390:Core/Src/main.c ****   {
 391:Core/Src/main.c ****     Error_Handler();
 392:Core/Src/main.c ****   }
 393:Core/Src/main.c **** 
 394:Core/Src/main.c ****   /** Configure Analogue filter
 395:Core/Src/main.c ****   */
 396:Core/Src/main.c ****   if (HAL_I2CEx_ConfigAnalogFilter(&hi2c1, I2C_ANALOGFILTER_ENABLE) != HAL_OK)
 397:Core/Src/main.c ****   {
 398:Core/Src/main.c ****     Error_Handler();
 399:Core/Src/main.c ****   }
 400:Core/Src/main.c **** 
 401:Core/Src/main.c ****   /** Configure Digital filter
 402:Core/Src/main.c ****   */
 403:Core/Src/main.c ****   if (HAL_I2CEx_ConfigDigitalFilter(&hi2c1, 0) != HAL_OK)
 404:Core/Src/main.c ****   {
 405:Core/Src/main.c ****     Error_Handler();
 406:Core/Src/main.c ****   }
 407:Core/Src/main.c ****   /* USER CODE BEGIN I2C1_Init 2 */
 408:Core/Src/main.c **** 
 409:Core/Src/main.c ****   /* USER CODE END I2C1_Init 2 */
 410:Core/Src/main.c **** 
 411:Core/Src/main.c **** }
 412:Core/Src/main.c **** 
 413:Core/Src/main.c **** /**
 414:Core/Src/main.c ****   * @brief TIM16 Initialization Function
 415:Core/Src/main.c ****   * @param None
 416:Core/Src/main.c ****   * @retval None
 417:Core/Src/main.c ****   */
 418:Core/Src/main.c **** static void MX_TIM16_Init(void)
 419:Core/Src/main.c **** {
 420:Core/Src/main.c **** 
 421:Core/Src/main.c ****   /* USER CODE BEGIN TIM16_Init 0 */
 422:Core/Src/main.c **** 
 423:Core/Src/main.c ****   /* USER CODE END TIM16_Init 0 */
 424:Core/Src/main.c **** 
 425:Core/Src/main.c ****   /* USER CODE BEGIN TIM16_Init 1 */
 426:Core/Src/main.c **** 
 427:Core/Src/main.c ****   /* USER CODE END TIM16_Init 1 */
 428:Core/Src/main.c ****   htim16.Instance = TIM16;
 429:Core/Src/main.c ****   htim16.Init.Prescaler = 4000-1;
 430:Core/Src/main.c ****   htim16.Init.CounterMode = TIM_COUNTERMODE_UP;
ARM GAS  /tmp/ccLnPP2u.s 			page 9


 431:Core/Src/main.c ****   htim16.Init.Period = 65535;
 432:Core/Src/main.c ****   htim16.Init.ClockDivision = TIM_CLOCKDIVISION_DIV1;
 433:Core/Src/main.c ****   htim16.Init.RepetitionCounter = 0;
 434:Core/Src/main.c ****   htim16.Init.AutoReloadPreload = TIM_AUTORELOAD_PRELOAD_DISABLE;
 435:Core/Src/main.c ****   if (HAL_TIM_Base_Init(&htim16) != HAL_OK)
 436:Core/Src/main.c ****   {
 437:Core/Src/main.c ****     Error_Handler();
 438:Core/Src/main.c ****   }
 439:Core/Src/main.c ****   /* USER CODE BEGIN TIM16_Init 2 */
 440:Core/Src/main.c **** 
 441:Core/Src/main.c ****   /* USER CODE END TIM16_Init 2 */
 442:Core/Src/main.c **** 
 443:Core/Src/main.c **** }
 444:Core/Src/main.c **** 
 445:Core/Src/main.c **** /**
 446:Core/Src/main.c ****   * @brief GPIO Initialization Function
 447:Core/Src/main.c ****   * @param None
 448:Core/Src/main.c ****   * @retval None
 449:Core/Src/main.c ****   */
 450:Core/Src/main.c **** static void MX_GPIO_Init(void)
 451:Core/Src/main.c **** {
  28              		.loc 1 451 1 view -0
  29              		.cfi_startproc
  30              		@ args = 0, pretend = 0, frame = 32
  31              		@ frame_needed = 0, uses_anonymous_args = 0
  32 0000 70B5     		push	{r4, r5, r6, lr}
  33              	.LCFI0:
  34              		.cfi_def_cfa_offset 16
  35              		.cfi_offset 4, -16
  36              		.cfi_offset 5, -12
  37              		.cfi_offset 6, -8
  38              		.cfi_offset 14, -4
  39 0002 88B0     		sub	sp, sp, #32
  40              	.LCFI1:
  41              		.cfi_def_cfa_offset 48
 452:Core/Src/main.c ****   GPIO_InitTypeDef GPIO_InitStruct = {0};
  42              		.loc 1 452 3 view .LVU1
  43              		.loc 1 452 20 is_stmt 0 view .LVU2
  44 0004 03AD     		add	r5, sp, #12
  45 0006 0024     		movs	r4, #0
  46 0008 0394     		str	r4, [sp, #12]
  47 000a 0494     		str	r4, [sp, #16]
  48 000c 0594     		str	r4, [sp, #20]
  49 000e 0694     		str	r4, [sp, #24]
  50 0010 0794     		str	r4, [sp, #28]
 453:Core/Src/main.c ****   /* USER CODE BEGIN MX_GPIO_Init_1 */
 454:Core/Src/main.c **** 
 455:Core/Src/main.c ****   /* USER CODE END MX_GPIO_Init_1 */
 456:Core/Src/main.c **** 
 457:Core/Src/main.c ****   /* GPIO Ports Clock Enable */
 458:Core/Src/main.c ****   __HAL_RCC_GPIOF_CLK_ENABLE();
  51              		.loc 1 458 3 is_stmt 1 view .LVU3
  52              	.LBB4:
  53              		.loc 1 458 3 view .LVU4
  54              		.loc 1 458 3 view .LVU5
  55 0012 214B     		ldr	r3, .L3
  56 0014 DA6C     		ldr	r2, [r3, #76]
ARM GAS  /tmp/ccLnPP2u.s 			page 10


  57 0016 42F02002 		orr	r2, r2, #32
  58 001a DA64     		str	r2, [r3, #76]
  59              		.loc 1 458 3 view .LVU6
  60 001c DA6C     		ldr	r2, [r3, #76]
  61 001e 02F02002 		and	r2, r2, #32
  62 0022 0092     		str	r2, [sp]
  63              		.loc 1 458 3 view .LVU7
  64 0024 009A     		ldr	r2, [sp]
  65              	.LBE4:
  66              		.loc 1 458 3 view .LVU8
 459:Core/Src/main.c ****   __HAL_RCC_GPIOA_CLK_ENABLE();
  67              		.loc 1 459 3 view .LVU9
  68              	.LBB5:
  69              		.loc 1 459 3 view .LVU10
  70              		.loc 1 459 3 view .LVU11
  71 0026 DA6C     		ldr	r2, [r3, #76]
  72 0028 42F00102 		orr	r2, r2, #1
  73 002c DA64     		str	r2, [r3, #76]
  74              		.loc 1 459 3 view .LVU12
  75 002e DA6C     		ldr	r2, [r3, #76]
  76 0030 02F00102 		and	r2, r2, #1
  77 0034 0192     		str	r2, [sp, #4]
  78              		.loc 1 459 3 view .LVU13
  79 0036 019A     		ldr	r2, [sp, #4]
  80              	.LBE5:
  81              		.loc 1 459 3 view .LVU14
 460:Core/Src/main.c ****   __HAL_RCC_GPIOB_CLK_ENABLE();
  82              		.loc 1 460 3 view .LVU15
  83              	.LBB6:
  84              		.loc 1 460 3 view .LVU16
  85              		.loc 1 460 3 view .LVU17
  86 0038 DA6C     		ldr	r2, [r3, #76]
  87 003a 42F00202 		orr	r2, r2, #2
  88 003e DA64     		str	r2, [r3, #76]
  89              		.loc 1 460 3 view .LVU18
  90 0040 DB6C     		ldr	r3, [r3, #76]
  91 0042 03F00203 		and	r3, r3, #2
  92 0046 0293     		str	r3, [sp, #8]
  93              		.loc 1 460 3 view .LVU19
  94 0048 029B     		ldr	r3, [sp, #8]
  95              	.LBE6:
  96              		.loc 1 460 3 view .LVU20
 461:Core/Src/main.c **** 
 462:Core/Src/main.c ****   /*Configure GPIO pin Output Level */
 463:Core/Src/main.c ****   HAL_GPIO_WritePin(GPIOA, LED_R_Pin|LED_G_Pin|LED_B_Pin, GPIO_PIN_RESET);
  97              		.loc 1 463 3 view .LVU21
  98 004a 2246     		mov	r2, r4
  99 004c E021     		movs	r1, #224
 100 004e 4FF09040 		mov	r0, #1207959552
 101 0052 FFF7FEFF 		bl	HAL_GPIO_WritePin
 102              	.LVL0:
 464:Core/Src/main.c **** 
 465:Core/Src/main.c ****   /*Configure GPIO pin : CAL_EN_Pin */
 466:Core/Src/main.c ****   GPIO_InitStruct.Pin = CAL_EN_Pin;
 103              		.loc 1 466 3 view .LVU22
 104              		.loc 1 466 23 is_stmt 0 view .LVU23
 105 0056 1023     		movs	r3, #16
ARM GAS  /tmp/ccLnPP2u.s 			page 11


 106 0058 0393     		str	r3, [sp, #12]
 467:Core/Src/main.c ****   GPIO_InitStruct.Mode = GPIO_MODE_INPUT;
 107              		.loc 1 467 3 is_stmt 1 view .LVU24
 108              		.loc 1 467 24 is_stmt 0 view .LVU25
 109 005a 0494     		str	r4, [sp, #16]
 468:Core/Src/main.c ****   GPIO_InitStruct.Pull = GPIO_PULLUP;
 110              		.loc 1 468 3 is_stmt 1 view .LVU26
 111              		.loc 1 468 24 is_stmt 0 view .LVU27
 112 005c 0126     		movs	r6, #1
 113 005e 0596     		str	r6, [sp, #20]
 469:Core/Src/main.c ****   HAL_GPIO_Init(CAL_EN_GPIO_Port, &GPIO_InitStruct);
 114              		.loc 1 469 3 is_stmt 1 view .LVU28
 115 0060 2946     		mov	r1, r5
 116 0062 4FF09040 		mov	r0, #1207959552
 117 0066 FFF7FEFF 		bl	HAL_GPIO_Init
 118              	.LVL1:
 470:Core/Src/main.c **** 
 471:Core/Src/main.c ****   /*Configure GPIO pins : LED_R_Pin LED_G_Pin LED_B_Pin */
 472:Core/Src/main.c ****   GPIO_InitStruct.Pin = LED_R_Pin|LED_G_Pin|LED_B_Pin;
 119              		.loc 1 472 3 view .LVU29
 120              		.loc 1 472 23 is_stmt 0 view .LVU30
 121 006a E023     		movs	r3, #224
 122 006c 0393     		str	r3, [sp, #12]
 473:Core/Src/main.c ****   GPIO_InitStruct.Mode = GPIO_MODE_OUTPUT_PP;
 123              		.loc 1 473 3 is_stmt 1 view .LVU31
 124              		.loc 1 473 24 is_stmt 0 view .LVU32
 125 006e 0496     		str	r6, [sp, #16]
 474:Core/Src/main.c ****   GPIO_InitStruct.Pull = GPIO_NOPULL;
 126              		.loc 1 474 3 is_stmt 1 view .LVU33
 127              		.loc 1 474 24 is_stmt 0 view .LVU34
 128 0070 0594     		str	r4, [sp, #20]
 475:Core/Src/main.c ****   GPIO_InitStruct.Speed = GPIO_SPEED_FREQ_LOW;
 129              		.loc 1 475 3 is_stmt 1 view .LVU35
 130              		.loc 1 475 25 is_stmt 0 view .LVU36
 131 0072 0694     		str	r4, [sp, #24]
 476:Core/Src/main.c ****   HAL_GPIO_Init(GPIOA, &GPIO_InitStruct);
 132              		.loc 1 476 3 is_stmt 1 view .LVU37
 133 0074 2946     		mov	r1, r5
 134 0076 4FF09040 		mov	r0, #1207959552
 135 007a FFF7FEFF 		bl	HAL_GPIO_Init
 136              	.LVL2:
 477:Core/Src/main.c **** 
 478:Core/Src/main.c ****   /*Configure GPIO pin : VBUS_SENSE_Pin */
 479:Core/Src/main.c ****   GPIO_InitStruct.Pin = VBUS_SENSE_Pin;
 137              		.loc 1 479 3 view .LVU38
 138              		.loc 1 479 23 is_stmt 0 view .LVU39
 139 007e 4FF48063 		mov	r3, #1024
 140 0082 0393     		str	r3, [sp, #12]
 480:Core/Src/main.c ****   GPIO_InitStruct.Mode = GPIO_MODE_INPUT;
 141              		.loc 1 480 3 is_stmt 1 view .LVU40
 142              		.loc 1 480 24 is_stmt 0 view .LVU41
 143 0084 0494     		str	r4, [sp, #16]
 481:Core/Src/main.c ****   GPIO_InitStruct.Pull = GPIO_NOPULL;
 144              		.loc 1 481 3 is_stmt 1 view .LVU42
 145              		.loc 1 481 24 is_stmt 0 view .LVU43
 146 0086 0594     		str	r4, [sp, #20]
 482:Core/Src/main.c ****   HAL_GPIO_Init(VBUS_SENSE_GPIO_Port, &GPIO_InitStruct);
ARM GAS  /tmp/ccLnPP2u.s 			page 12


 147              		.loc 1 482 3 is_stmt 1 view .LVU44
 148 0088 2946     		mov	r1, r5
 149 008a 4FF09040 		mov	r0, #1207959552
 150 008e FFF7FEFF 		bl	HAL_GPIO_Init
 151              	.LVL3:
 483:Core/Src/main.c **** 
 484:Core/Src/main.c ****   /* USER CODE BEGIN MX_GPIO_Init_2 */
 485:Core/Src/main.c **** 
 486:Core/Src/main.c ****   /* USER CODE END MX_GPIO_Init_2 */
 487:Core/Src/main.c **** }
 152              		.loc 1 487 1 is_stmt 0 view .LVU45
 153 0092 08B0     		add	sp, sp, #32
 154              	.LCFI2:
 155              		.cfi_def_cfa_offset 16
 156              		@ sp needed
 157 0094 70BD     		pop	{r4, r5, r6, pc}
 158              	.L4:
 159 0096 00BF     		.align	2
 160              	.L3:
 161 0098 00100240 		.word	1073876992
 162              		.cfi_endproc
 163              	.LFE341:
 165              		.section	.text.ReadHourStats,"ax",%progbits
 166              		.align	1
 167              		.global	ReadHourStats
 168              		.syntax unified
 169              		.thumb
 170              		.thumb_func
 172              	ReadHourStats:
 173              	.LVL4:
 174              	.LFB333:
  85:Core/Src/main.c ****     union HourBuffer {
 175              		.loc 1 85 40 is_stmt 1 view -0
 176              		.cfi_startproc
 177              		@ args = 0, pretend = 0, frame = 8
 178              		@ frame_needed = 0, uses_anonymous_args = 0
  85:Core/Src/main.c ****     union HourBuffer {
 179              		.loc 1 85 40 is_stmt 0 view .LVU47
 180 0000 00B5     		push	{lr}
 181              	.LCFI3:
 182              		.cfi_def_cfa_offset 4
 183              		.cfi_offset 14, -4
 184 0002 83B0     		sub	sp, sp, #12
 185              	.LCFI4:
 186              		.cfi_def_cfa_offset 16
  86:Core/Src/main.c ****         uint8_t b8[2];
 187              		.loc 1 86 5 is_stmt 1 view .LVU48
  91:Core/Src/main.c ****     return buffer.b16;
 188              		.loc 1 91 5 view .LVU49
 189 0004 0223     		movs	r3, #2
 190 0006 01AA     		add	r2, sp, #4
 191 0008 1946     		mov	r1, r3
 192 000a FFF7FEFF 		bl	M24Cxx_Read_Bytes
 193              	.LVL5:
  92:Core/Src/main.c **** }
 194              		.loc 1 92 5 view .LVU50
  93:Core/Src/main.c **** 
ARM GAS  /tmp/ccLnPP2u.s 			page 13


 195              		.loc 1 93 1 is_stmt 0 view .LVU51
 196 000e BDF80400 		ldrh	r0, [sp, #4]
 197 0012 03B0     		add	sp, sp, #12
 198              	.LCFI5:
 199              		.cfi_def_cfa_offset 4
 200              		@ sp needed
 201 0014 00BD     		pop	{pc}
 202              		.cfi_endproc
 203              	.LFE333:
 205              		.section	.text.WriteHourStats,"ax",%progbits
 206              		.align	1
 207              		.global	WriteHourStats
 208              		.syntax unified
 209              		.thumb
 210              		.thumb_func
 212              	WriteHourStats:
 213              	.LVL6:
 214              	.LFB334:
  95:Core/Src/main.c ****     union HourBuffer {
 215              		.loc 1 95 51 is_stmt 1 view -0
 216              		.cfi_startproc
 217              		@ args = 0, pretend = 0, frame = 8
 218              		@ frame_needed = 0, uses_anonymous_args = 0
  95:Core/Src/main.c ****     union HourBuffer {
 219              		.loc 1 95 51 is_stmt 0 view .LVU53
 220 0000 00B5     		push	{lr}
 221              	.LCFI6:
 222              		.cfi_def_cfa_offset 4
 223              		.cfi_offset 14, -4
 224 0002 83B0     		sub	sp, sp, #12
 225              	.LCFI7:
 226              		.cfi_def_cfa_offset 16
  96:Core/Src/main.c ****         uint8_t b8[2];
 227              		.loc 1 96 5 is_stmt 1 view .LVU54
 101:Core/Src/main.c **** 
 228              		.loc 1 101 5 view .LVU55
 101:Core/Src/main.c **** 
 229              		.loc 1 101 16 is_stmt 0 view .LVU56
 230 0004 ADF80410 		strh	r1, [sp, #4]	@ movhi
 103:Core/Src/main.c **** }
 231              		.loc 1 103 5 is_stmt 1 view .LVU57
 232 0008 0223     		movs	r3, #2
 233 000a 01AA     		add	r2, sp, #4
 234 000c 1946     		mov	r1, r3
 235              	.LVL7:
 103:Core/Src/main.c **** }
 236              		.loc 1 103 5 is_stmt 0 view .LVU58
 237 000e FFF7FEFF 		bl	M24Cxx_Write_Buffer
 238              	.LVL8:
 104:Core/Src/main.c **** 
 239              		.loc 1 104 1 view .LVU59
 240 0012 03B0     		add	sp, sp, #12
 241              	.LCFI8:
 242              		.cfi_def_cfa_offset 4
 243              		@ sp needed
 244 0014 00BD     		pop	{pc}
 245              		.cfi_endproc
ARM GAS  /tmp/ccLnPP2u.s 			page 14


 246              	.LFE334:
 248              		.section	.text.WriteInitialCalibration,"ax",%progbits
 249              		.align	1
 250              		.global	WriteInitialCalibration
 251              		.syntax unified
 252              		.thumb
 253              		.thumb_func
 255              	WriteInitialCalibration:
 256              	.LVL9:
 257              	.LFB335:
 113:Core/Src/main.c **** 
 258              		.loc 1 113 3 is_stmt 1 view -0
 259              		.cfi_startproc
 260              		@ args = 0, pretend = 0, frame = 48
 261              		@ frame_needed = 0, uses_anonymous_args = 0
 113:Core/Src/main.c **** 
 262              		.loc 1 113 3 is_stmt 0 view .LVU61
 263 0000 2DE9F041 		push	{r4, r5, r6, r7, r8, lr}
 264              	.LCFI9:
 265              		.cfi_def_cfa_offset 24
 266              		.cfi_offset 4, -24
 267              		.cfi_offset 5, -20
 268              		.cfi_offset 6, -16
 269              		.cfi_offset 7, -12
 270              		.cfi_offset 8, -8
 271              		.cfi_offset 14, -4
 272 0004 8CB0     		sub	sp, sp, #48
 273              	.LCFI10:
 274              		.cfi_def_cfa_offset 72
 275 0006 0746     		mov	r7, r0
 276 0008 0E46     		mov	r6, r1
 277 000a 1546     		mov	r5, r2
 278 000c 1C46     		mov	r4, r3
 279 000e 10EE108A 		vmov	r8, s0
 115:Core/Src/main.c ****         return;
 280              		.loc 1 115 5 is_stmt 1 view .LVU62
 115:Core/Src/main.c ****         return;
 281              		.loc 1 115 9 is_stmt 0 view .LVU63
 282 0012 0121     		movs	r1, #1
 283              	.LVL10:
 115:Core/Src/main.c ****         return;
 284              		.loc 1 115 9 view .LVU64
 285 0014 FFF7FEFF 		bl	M24Cxx_Read_Byte
 286              	.LVL11:
 115:Core/Src/main.c ****         return;
 287              		.loc 1 115 8 discriminator 1 view .LVU65
 288 0018 10B1     		cbz	r0, .L13
 289              	.L9:
 126:Core/Src/main.c **** 
 290              		.loc 1 126 1 view .LVU66
 291 001a 0CB0     		add	sp, sp, #48
 292              	.LCFI11:
 293              		.cfi_remember_state
 294              		.cfi_def_cfa_offset 24
 295              		@ sp needed
 296 001c BDE8F081 		pop	{r4, r5, r6, r7, r8, pc}
 297              	.LVL12:
ARM GAS  /tmp/ccLnPP2u.s 			page 15


 298              	.L13:
 299              	.LCFI12:
 300              		.cfi_restore_state
 117:Core/Src/main.c ****     calInfo.entry_addr = 0x20 + sizeof(CalibrationDataInfo);
 301              		.loc 1 117 5 is_stmt 1 view .LVU67
 118:Core/Src/main.c ****     calInfo.entry_size = 0xf;
 302              		.loc 1 118 5 view .LVU68
 118:Core/Src/main.c ****     calInfo.entry_size = 0xf;
 303              		.loc 1 118 24 is_stmt 0 view .LVU69
 304 0020 5023     		movs	r3, #80
 305 0022 ADF80430 		strh	r3, [sp, #4]	@ movhi
 119:Core/Src/main.c ****     calInfo.len = 0;
 306              		.loc 1 119 5 is_stmt 1 view .LVU70
 119:Core/Src/main.c ****     calInfo.len = 0;
 307              		.loc 1 119 24 is_stmt 0 view .LVU71
 308 0026 0F23     		movs	r3, #15
 309 0028 ADF80230 		strh	r3, [sp, #2]	@ movhi
 120:Core/Src/main.c ****     strcpy(calInfo.LM399_serial_number, LM399_serial_number);
 310              		.loc 1 120 5 is_stmt 1 view .LVU72
 120:Core/Src/main.c ****     strcpy(calInfo.LM399_serial_number, LM399_serial_number);
 311              		.loc 1 120 17 is_stmt 0 view .LVU73
 312 002c ADF80000 		strh	r0, [sp]	@ movhi
 121:Core/Src/main.c ****     strcpy(calInfo.initial_cal_date, initial_cal_date);
 313              		.loc 1 121 5 is_stmt 1 view .LVU74
 314 0030 3146     		mov	r1, r6
 315 0032 0DF10600 		add	r0, sp, #6
 316 0036 FFF7FEFF 		bl	strcpy
 317              	.LVL13:
 122:Core/Src/main.c ****     strcpy(calInfo.initial_cal_voltage, initial_cal_voltage);
 318              		.loc 1 122 5 view .LVU75
 319 003a 2946     		mov	r1, r5
 320 003c 0DF11600 		add	r0, sp, #22
 321 0040 FFF7FEFF 		bl	strcpy
 322              	.LVL14:
 123:Core/Src/main.c ****     calInfo.initial_cal_temperature = initial_cal_temperature;
 323              		.loc 1 123 5 view .LVU76
 324 0044 2146     		mov	r1, r4
 325 0046 08A8     		add	r0, sp, #32
 326 0048 FFF7FEFF 		bl	strcpy
 327              	.LVL15:
 124:Core/Src/main.c ****     M24Cxx_Write_Buffer(eeprom, EEPROM_ADDR_OPERATING_TIME, (uint8_t*)&calInfo, sizeof(CalibrationD
 328              		.loc 1 124 5 view .LVU77
 124:Core/Src/main.c ****     M24Cxx_Write_Buffer(eeprom, EEPROM_ADDR_OPERATING_TIME, (uint8_t*)&calInfo, sizeof(CalibrationD
 329              		.loc 1 124 37 is_stmt 0 view .LVU78
 330 004c CDF82C80 		str	r8, [sp, #44]	@ float
 125:Core/Src/main.c **** }
 331              		.loc 1 125 5 is_stmt 1 view .LVU79
 332 0050 3023     		movs	r3, #48
 333 0052 6A46     		mov	r2, sp
 334 0054 0221     		movs	r1, #2
 335 0056 3846     		mov	r0, r7
 336 0058 FFF7FEFF 		bl	M24Cxx_Write_Buffer
 337              	.LVL16:
 338 005c DDE7     		b	.L9
 339              		.cfi_endproc
 340              	.LFE335:
 342              		.section	.text.Error_Handler,"ax",%progbits
ARM GAS  /tmp/ccLnPP2u.s 			page 16


 343              		.align	1
 344              		.global	Error_Handler
 345              		.syntax unified
 346              		.thumb
 347              		.thumb_func
 349              	Error_Handler:
 350              	.LFB342:
 488:Core/Src/main.c **** 
 489:Core/Src/main.c **** /* USER CODE BEGIN 4 */
 490:Core/Src/main.c **** 
 491:Core/Src/main.c **** /* USER CODE END 4 */
 492:Core/Src/main.c **** 
 493:Core/Src/main.c **** /**
 494:Core/Src/main.c ****   * @brief  This function is executed in case of error occurrence.
 495:Core/Src/main.c ****   * @retval None
 496:Core/Src/main.c ****   */
 497:Core/Src/main.c **** void Error_Handler(void)
 498:Core/Src/main.c **** {
 351              		.loc 1 498 1 view -0
 352              		.cfi_startproc
 353              		@ Volatile: function does not return.
 354              		@ args = 0, pretend = 0, frame = 0
 355              		@ frame_needed = 0, uses_anonymous_args = 0
 356              		@ link register save eliminated.
 499:Core/Src/main.c ****   /* USER CODE BEGIN Error_Handler_Debug */
 500:Core/Src/main.c ****   /* User can add his own implementation to report the HAL error return state */
 501:Core/Src/main.c ****   __disable_irq();
 357              		.loc 1 501 3 view .LVU81
 358              	.LBB7:
 359              	.LBI7:
 360              		.file 2 "Drivers/CMSIS/Include/cmsis_gcc.h"
   1:Drivers/CMSIS/Include/cmsis_gcc.h **** /**************************************************************************//**
   2:Drivers/CMSIS/Include/cmsis_gcc.h ****  * @file     cmsis_gcc.h
   3:Drivers/CMSIS/Include/cmsis_gcc.h ****  * @brief    CMSIS compiler GCC header file
   4:Drivers/CMSIS/Include/cmsis_gcc.h ****  * @version  V5.2.0
   5:Drivers/CMSIS/Include/cmsis_gcc.h ****  * @date     08. May 2019
   6:Drivers/CMSIS/Include/cmsis_gcc.h ****  ******************************************************************************/
   7:Drivers/CMSIS/Include/cmsis_gcc.h **** /*
   8:Drivers/CMSIS/Include/cmsis_gcc.h ****  * Copyright (c) 2009-2019 Arm Limited. All rights reserved.
   9:Drivers/CMSIS/Include/cmsis_gcc.h ****  *
  10:Drivers/CMSIS/Include/cmsis_gcc.h ****  * SPDX-License-Identifier: Apache-2.0
  11:Drivers/CMSIS/Include/cmsis_gcc.h ****  *
  12:Drivers/CMSIS/Include/cmsis_gcc.h ****  * Licensed under the Apache License, Version 2.0 (the License); you may
  13:Drivers/CMSIS/Include/cmsis_gcc.h ****  * not use this file except in compliance with the License.
  14:Drivers/CMSIS/Include/cmsis_gcc.h ****  * You may obtain a copy of the License at
  15:Drivers/CMSIS/Include/cmsis_gcc.h ****  *
  16:Drivers/CMSIS/Include/cmsis_gcc.h ****  * www.apache.org/licenses/LICENSE-2.0
  17:Drivers/CMSIS/Include/cmsis_gcc.h ****  *
  18:Drivers/CMSIS/Include/cmsis_gcc.h ****  * Unless required by applicable law or agreed to in writing, software
  19:Drivers/CMSIS/Include/cmsis_gcc.h ****  * distributed under the License is distributed on an AS IS BASIS, WITHOUT
  20:Drivers/CMSIS/Include/cmsis_gcc.h ****  * WARRANTIES OR CONDITIONS OF ANY KIND, either express or implied.
  21:Drivers/CMSIS/Include/cmsis_gcc.h ****  * See the License for the specific language governing permissions and
  22:Drivers/CMSIS/Include/cmsis_gcc.h ****  * limitations under the License.
  23:Drivers/CMSIS/Include/cmsis_gcc.h ****  */
  24:Drivers/CMSIS/Include/cmsis_gcc.h **** 
  25:Drivers/CMSIS/Include/cmsis_gcc.h **** #ifndef __CMSIS_GCC_H
  26:Drivers/CMSIS/Include/cmsis_gcc.h **** #define __CMSIS_GCC_H
ARM GAS  /tmp/ccLnPP2u.s 			page 17


  27:Drivers/CMSIS/Include/cmsis_gcc.h **** 
  28:Drivers/CMSIS/Include/cmsis_gcc.h **** /* ignore some GCC warnings */
  29:Drivers/CMSIS/Include/cmsis_gcc.h **** #pragma GCC diagnostic push
  30:Drivers/CMSIS/Include/cmsis_gcc.h **** #pragma GCC diagnostic ignored "-Wsign-conversion"
  31:Drivers/CMSIS/Include/cmsis_gcc.h **** #pragma GCC diagnostic ignored "-Wconversion"
  32:Drivers/CMSIS/Include/cmsis_gcc.h **** #pragma GCC diagnostic ignored "-Wunused-parameter"
  33:Drivers/CMSIS/Include/cmsis_gcc.h **** 
  34:Drivers/CMSIS/Include/cmsis_gcc.h **** /* Fallback for __has_builtin */
  35:Drivers/CMSIS/Include/cmsis_gcc.h **** #ifndef __has_builtin
  36:Drivers/CMSIS/Include/cmsis_gcc.h ****   #define __has_builtin(x) (0)
  37:Drivers/CMSIS/Include/cmsis_gcc.h **** #endif
  38:Drivers/CMSIS/Include/cmsis_gcc.h **** 
  39:Drivers/CMSIS/Include/cmsis_gcc.h **** /* CMSIS compiler specific defines */
  40:Drivers/CMSIS/Include/cmsis_gcc.h **** #ifndef   __ASM
  41:Drivers/CMSIS/Include/cmsis_gcc.h ****   #define __ASM                                  __asm
  42:Drivers/CMSIS/Include/cmsis_gcc.h **** #endif
  43:Drivers/CMSIS/Include/cmsis_gcc.h **** #ifndef   __INLINE
  44:Drivers/CMSIS/Include/cmsis_gcc.h ****   #define __INLINE                               inline
  45:Drivers/CMSIS/Include/cmsis_gcc.h **** #endif
  46:Drivers/CMSIS/Include/cmsis_gcc.h **** #ifndef   __STATIC_INLINE
  47:Drivers/CMSIS/Include/cmsis_gcc.h ****   #define __STATIC_INLINE                        static inline
  48:Drivers/CMSIS/Include/cmsis_gcc.h **** #endif
  49:Drivers/CMSIS/Include/cmsis_gcc.h **** #ifndef   __STATIC_FORCEINLINE                 
  50:Drivers/CMSIS/Include/cmsis_gcc.h ****   #define __STATIC_FORCEINLINE                   __attribute__((always_inline)) static inline
  51:Drivers/CMSIS/Include/cmsis_gcc.h **** #endif                                           
  52:Drivers/CMSIS/Include/cmsis_gcc.h **** #ifndef   __NO_RETURN
  53:Drivers/CMSIS/Include/cmsis_gcc.h ****   #define __NO_RETURN                            __attribute__((__noreturn__))
  54:Drivers/CMSIS/Include/cmsis_gcc.h **** #endif
  55:Drivers/CMSIS/Include/cmsis_gcc.h **** #ifndef   __USED
  56:Drivers/CMSIS/Include/cmsis_gcc.h ****   #define __USED                                 __attribute__((used))
  57:Drivers/CMSIS/Include/cmsis_gcc.h **** #endif
  58:Drivers/CMSIS/Include/cmsis_gcc.h **** #ifndef   __WEAK
  59:Drivers/CMSIS/Include/cmsis_gcc.h ****   #define __WEAK                                 __attribute__((weak))
  60:Drivers/CMSIS/Include/cmsis_gcc.h **** #endif
  61:Drivers/CMSIS/Include/cmsis_gcc.h **** #ifndef   __PACKED
  62:Drivers/CMSIS/Include/cmsis_gcc.h ****   #define __PACKED                               __attribute__((packed, aligned(1)))
  63:Drivers/CMSIS/Include/cmsis_gcc.h **** #endif
  64:Drivers/CMSIS/Include/cmsis_gcc.h **** #ifndef   __PACKED_STRUCT
  65:Drivers/CMSIS/Include/cmsis_gcc.h ****   #define __PACKED_STRUCT                        struct __attribute__((packed, aligned(1)))
  66:Drivers/CMSIS/Include/cmsis_gcc.h **** #endif
  67:Drivers/CMSIS/Include/cmsis_gcc.h **** #ifndef   __PACKED_UNION
  68:Drivers/CMSIS/Include/cmsis_gcc.h ****   #define __PACKED_UNION                         union __attribute__((packed, aligned(1)))
  69:Drivers/CMSIS/Include/cmsis_gcc.h **** #endif
  70:Drivers/CMSIS/Include/cmsis_gcc.h **** #ifndef   __UNALIGNED_UINT32        /* deprecated */
  71:Drivers/CMSIS/Include/cmsis_gcc.h ****   #pragma GCC diagnostic push
  72:Drivers/CMSIS/Include/cmsis_gcc.h ****   #pragma GCC diagnostic ignored "-Wpacked"
  73:Drivers/CMSIS/Include/cmsis_gcc.h ****   #pragma GCC diagnostic ignored "-Wattributes"
  74:Drivers/CMSIS/Include/cmsis_gcc.h ****   struct __attribute__((packed)) T_UINT32 { uint32_t v; };
  75:Drivers/CMSIS/Include/cmsis_gcc.h ****   #pragma GCC diagnostic pop
  76:Drivers/CMSIS/Include/cmsis_gcc.h ****   #define __UNALIGNED_UINT32(x)                  (((struct T_UINT32 *)(x))->v)
  77:Drivers/CMSIS/Include/cmsis_gcc.h **** #endif
  78:Drivers/CMSIS/Include/cmsis_gcc.h **** #ifndef   __UNALIGNED_UINT16_WRITE
  79:Drivers/CMSIS/Include/cmsis_gcc.h ****   #pragma GCC diagnostic push
  80:Drivers/CMSIS/Include/cmsis_gcc.h ****   #pragma GCC diagnostic ignored "-Wpacked"
  81:Drivers/CMSIS/Include/cmsis_gcc.h ****   #pragma GCC diagnostic ignored "-Wattributes"
  82:Drivers/CMSIS/Include/cmsis_gcc.h ****   __PACKED_STRUCT T_UINT16_WRITE { uint16_t v; };
  83:Drivers/CMSIS/Include/cmsis_gcc.h ****   #pragma GCC diagnostic pop
ARM GAS  /tmp/ccLnPP2u.s 			page 18


  84:Drivers/CMSIS/Include/cmsis_gcc.h ****   #define __UNALIGNED_UINT16_WRITE(addr, val)    (void)((((struct T_UINT16_WRITE *)(void *)(addr))-
  85:Drivers/CMSIS/Include/cmsis_gcc.h **** #endif
  86:Drivers/CMSIS/Include/cmsis_gcc.h **** #ifndef   __UNALIGNED_UINT16_READ
  87:Drivers/CMSIS/Include/cmsis_gcc.h ****   #pragma GCC diagnostic push
  88:Drivers/CMSIS/Include/cmsis_gcc.h ****   #pragma GCC diagnostic ignored "-Wpacked"
  89:Drivers/CMSIS/Include/cmsis_gcc.h ****   #pragma GCC diagnostic ignored "-Wattributes"
  90:Drivers/CMSIS/Include/cmsis_gcc.h ****   __PACKED_STRUCT T_UINT16_READ { uint16_t v; };
  91:Drivers/CMSIS/Include/cmsis_gcc.h ****   #pragma GCC diagnostic pop
  92:Drivers/CMSIS/Include/cmsis_gcc.h ****   #define __UNALIGNED_UINT16_READ(addr)          (((const struct T_UINT16_READ *)(const void *)(add
  93:Drivers/CMSIS/Include/cmsis_gcc.h **** #endif
  94:Drivers/CMSIS/Include/cmsis_gcc.h **** #ifndef   __UNALIGNED_UINT32_WRITE
  95:Drivers/CMSIS/Include/cmsis_gcc.h ****   #pragma GCC diagnostic push
  96:Drivers/CMSIS/Include/cmsis_gcc.h ****   #pragma GCC diagnostic ignored "-Wpacked"
  97:Drivers/CMSIS/Include/cmsis_gcc.h ****   #pragma GCC diagnostic ignored "-Wattributes"
  98:Drivers/CMSIS/Include/cmsis_gcc.h ****   __PACKED_STRUCT T_UINT32_WRITE { uint32_t v; };
  99:Drivers/CMSIS/Include/cmsis_gcc.h ****   #pragma GCC diagnostic pop
 100:Drivers/CMSIS/Include/cmsis_gcc.h ****   #define __UNALIGNED_UINT32_WRITE(addr, val)    (void)((((struct T_UINT32_WRITE *)(void *)(addr))-
 101:Drivers/CMSIS/Include/cmsis_gcc.h **** #endif
 102:Drivers/CMSIS/Include/cmsis_gcc.h **** #ifndef   __UNALIGNED_UINT32_READ
 103:Drivers/CMSIS/Include/cmsis_gcc.h ****   #pragma GCC diagnostic push
 104:Drivers/CMSIS/Include/cmsis_gcc.h ****   #pragma GCC diagnostic ignored "-Wpacked"
 105:Drivers/CMSIS/Include/cmsis_gcc.h ****   #pragma GCC diagnostic ignored "-Wattributes"
 106:Drivers/CMSIS/Include/cmsis_gcc.h ****   __PACKED_STRUCT T_UINT32_READ { uint32_t v; };
 107:Drivers/CMSIS/Include/cmsis_gcc.h ****   #pragma GCC diagnostic pop
 108:Drivers/CMSIS/Include/cmsis_gcc.h ****   #define __UNALIGNED_UINT32_READ(addr)          (((const struct T_UINT32_READ *)(const void *)(add
 109:Drivers/CMSIS/Include/cmsis_gcc.h **** #endif
 110:Drivers/CMSIS/Include/cmsis_gcc.h **** #ifndef   __ALIGNED
 111:Drivers/CMSIS/Include/cmsis_gcc.h ****   #define __ALIGNED(x)                           __attribute__((aligned(x)))
 112:Drivers/CMSIS/Include/cmsis_gcc.h **** #endif
 113:Drivers/CMSIS/Include/cmsis_gcc.h **** #ifndef   __RESTRICT
 114:Drivers/CMSIS/Include/cmsis_gcc.h ****   #define __RESTRICT                             __restrict
 115:Drivers/CMSIS/Include/cmsis_gcc.h **** #endif
 116:Drivers/CMSIS/Include/cmsis_gcc.h **** #ifndef   __COMPILER_BARRIER
 117:Drivers/CMSIS/Include/cmsis_gcc.h ****   #define __COMPILER_BARRIER()                   __ASM volatile("":::"memory")
 118:Drivers/CMSIS/Include/cmsis_gcc.h **** #endif
 119:Drivers/CMSIS/Include/cmsis_gcc.h **** 
 120:Drivers/CMSIS/Include/cmsis_gcc.h **** /* #########################  Startup and Lowlevel Init  ######################## */
 121:Drivers/CMSIS/Include/cmsis_gcc.h **** 
 122:Drivers/CMSIS/Include/cmsis_gcc.h **** #ifndef __PROGRAM_START
 123:Drivers/CMSIS/Include/cmsis_gcc.h **** 
 124:Drivers/CMSIS/Include/cmsis_gcc.h **** /**
 125:Drivers/CMSIS/Include/cmsis_gcc.h ****   \brief   Initializes data and bss sections
 126:Drivers/CMSIS/Include/cmsis_gcc.h ****   \details This default implementations initialized all data and additional bss
 127:Drivers/CMSIS/Include/cmsis_gcc.h ****            sections relying on .copy.table and .zero.table specified properly
 128:Drivers/CMSIS/Include/cmsis_gcc.h ****            in the used linker script.
 129:Drivers/CMSIS/Include/cmsis_gcc.h ****   
 130:Drivers/CMSIS/Include/cmsis_gcc.h ****  */
 131:Drivers/CMSIS/Include/cmsis_gcc.h **** __STATIC_FORCEINLINE __NO_RETURN void __cmsis_start(void)
 132:Drivers/CMSIS/Include/cmsis_gcc.h **** {
 133:Drivers/CMSIS/Include/cmsis_gcc.h ****   extern void _start(void) __NO_RETURN;
 134:Drivers/CMSIS/Include/cmsis_gcc.h ****   
 135:Drivers/CMSIS/Include/cmsis_gcc.h ****   typedef struct {
 136:Drivers/CMSIS/Include/cmsis_gcc.h ****     uint32_t const* src;
 137:Drivers/CMSIS/Include/cmsis_gcc.h ****     uint32_t* dest;
 138:Drivers/CMSIS/Include/cmsis_gcc.h ****     uint32_t  wlen;
 139:Drivers/CMSIS/Include/cmsis_gcc.h ****   } __copy_table_t;
 140:Drivers/CMSIS/Include/cmsis_gcc.h ****   
ARM GAS  /tmp/ccLnPP2u.s 			page 19


 141:Drivers/CMSIS/Include/cmsis_gcc.h ****   typedef struct {
 142:Drivers/CMSIS/Include/cmsis_gcc.h ****     uint32_t* dest;
 143:Drivers/CMSIS/Include/cmsis_gcc.h ****     uint32_t  wlen;
 144:Drivers/CMSIS/Include/cmsis_gcc.h ****   } __zero_table_t;
 145:Drivers/CMSIS/Include/cmsis_gcc.h ****   
 146:Drivers/CMSIS/Include/cmsis_gcc.h ****   extern const __copy_table_t __copy_table_start__;
 147:Drivers/CMSIS/Include/cmsis_gcc.h ****   extern const __copy_table_t __copy_table_end__;
 148:Drivers/CMSIS/Include/cmsis_gcc.h ****   extern const __zero_table_t __zero_table_start__;
 149:Drivers/CMSIS/Include/cmsis_gcc.h ****   extern const __zero_table_t __zero_table_end__;
 150:Drivers/CMSIS/Include/cmsis_gcc.h **** 
 151:Drivers/CMSIS/Include/cmsis_gcc.h ****   for (__copy_table_t const* pTable = &__copy_table_start__; pTable < &__copy_table_end__; ++pTable
 152:Drivers/CMSIS/Include/cmsis_gcc.h ****     for(uint32_t i=0u; i<pTable->wlen; ++i) {
 153:Drivers/CMSIS/Include/cmsis_gcc.h ****       pTable->dest[i] = pTable->src[i];
 154:Drivers/CMSIS/Include/cmsis_gcc.h ****     }
 155:Drivers/CMSIS/Include/cmsis_gcc.h ****   }
 156:Drivers/CMSIS/Include/cmsis_gcc.h ****  
 157:Drivers/CMSIS/Include/cmsis_gcc.h ****   for (__zero_table_t const* pTable = &__zero_table_start__; pTable < &__zero_table_end__; ++pTable
 158:Drivers/CMSIS/Include/cmsis_gcc.h ****     for(uint32_t i=0u; i<pTable->wlen; ++i) {
 159:Drivers/CMSIS/Include/cmsis_gcc.h ****       pTable->dest[i] = 0u;
 160:Drivers/CMSIS/Include/cmsis_gcc.h ****     }
 161:Drivers/CMSIS/Include/cmsis_gcc.h ****   }
 162:Drivers/CMSIS/Include/cmsis_gcc.h ****  
 163:Drivers/CMSIS/Include/cmsis_gcc.h ****   _start();
 164:Drivers/CMSIS/Include/cmsis_gcc.h **** }
 165:Drivers/CMSIS/Include/cmsis_gcc.h ****   
 166:Drivers/CMSIS/Include/cmsis_gcc.h **** #define __PROGRAM_START           __cmsis_start
 167:Drivers/CMSIS/Include/cmsis_gcc.h **** #endif
 168:Drivers/CMSIS/Include/cmsis_gcc.h **** 
 169:Drivers/CMSIS/Include/cmsis_gcc.h **** #ifndef __INITIAL_SP
 170:Drivers/CMSIS/Include/cmsis_gcc.h **** #define __INITIAL_SP              __StackTop
 171:Drivers/CMSIS/Include/cmsis_gcc.h **** #endif
 172:Drivers/CMSIS/Include/cmsis_gcc.h **** 
 173:Drivers/CMSIS/Include/cmsis_gcc.h **** #ifndef __STACK_LIMIT
 174:Drivers/CMSIS/Include/cmsis_gcc.h **** #define __STACK_LIMIT             __StackLimit
 175:Drivers/CMSIS/Include/cmsis_gcc.h **** #endif
 176:Drivers/CMSIS/Include/cmsis_gcc.h **** 
 177:Drivers/CMSIS/Include/cmsis_gcc.h **** #ifndef __VECTOR_TABLE
 178:Drivers/CMSIS/Include/cmsis_gcc.h **** #define __VECTOR_TABLE            __Vectors
 179:Drivers/CMSIS/Include/cmsis_gcc.h **** #endif
 180:Drivers/CMSIS/Include/cmsis_gcc.h **** 
 181:Drivers/CMSIS/Include/cmsis_gcc.h **** #ifndef __VECTOR_TABLE_ATTRIBUTE
 182:Drivers/CMSIS/Include/cmsis_gcc.h **** #define __VECTOR_TABLE_ATTRIBUTE  __attribute((used, section(".vectors")))
 183:Drivers/CMSIS/Include/cmsis_gcc.h **** #endif
 184:Drivers/CMSIS/Include/cmsis_gcc.h **** 
 185:Drivers/CMSIS/Include/cmsis_gcc.h **** /* ###########################  Core Function Access  ########################### */
 186:Drivers/CMSIS/Include/cmsis_gcc.h **** /** \ingroup  CMSIS_Core_FunctionInterface
 187:Drivers/CMSIS/Include/cmsis_gcc.h ****     \defgroup CMSIS_Core_RegAccFunctions CMSIS Core Register Access Functions
 188:Drivers/CMSIS/Include/cmsis_gcc.h ****   @{
 189:Drivers/CMSIS/Include/cmsis_gcc.h ****  */
 190:Drivers/CMSIS/Include/cmsis_gcc.h **** 
 191:Drivers/CMSIS/Include/cmsis_gcc.h **** /**
 192:Drivers/CMSIS/Include/cmsis_gcc.h ****   \brief   Enable IRQ Interrupts
 193:Drivers/CMSIS/Include/cmsis_gcc.h ****   \details Enables IRQ interrupts by clearing the I-bit in the CPSR.
 194:Drivers/CMSIS/Include/cmsis_gcc.h ****            Can only be executed in Privileged modes.
 195:Drivers/CMSIS/Include/cmsis_gcc.h ****  */
 196:Drivers/CMSIS/Include/cmsis_gcc.h **** __STATIC_FORCEINLINE void __enable_irq(void)
 197:Drivers/CMSIS/Include/cmsis_gcc.h **** {
ARM GAS  /tmp/ccLnPP2u.s 			page 20


 198:Drivers/CMSIS/Include/cmsis_gcc.h ****   __ASM volatile ("cpsie i" : : : "memory");
 199:Drivers/CMSIS/Include/cmsis_gcc.h **** }
 200:Drivers/CMSIS/Include/cmsis_gcc.h **** 
 201:Drivers/CMSIS/Include/cmsis_gcc.h **** 
 202:Drivers/CMSIS/Include/cmsis_gcc.h **** /**
 203:Drivers/CMSIS/Include/cmsis_gcc.h ****   \brief   Disable IRQ Interrupts
 204:Drivers/CMSIS/Include/cmsis_gcc.h ****   \details Disables IRQ interrupts by setting the I-bit in the CPSR.
 205:Drivers/CMSIS/Include/cmsis_gcc.h ****            Can only be executed in Privileged modes.
 206:Drivers/CMSIS/Include/cmsis_gcc.h ****  */
 207:Drivers/CMSIS/Include/cmsis_gcc.h **** __STATIC_FORCEINLINE void __disable_irq(void)
 361              		.loc 2 207 27 view .LVU82
 362              	.LBB8:
 208:Drivers/CMSIS/Include/cmsis_gcc.h **** {
 209:Drivers/CMSIS/Include/cmsis_gcc.h ****   __ASM volatile ("cpsid i" : : : "memory");
 363              		.loc 2 209 3 view .LVU83
 364              		.syntax unified
 365              	@ 209 "Drivers/CMSIS/Include/cmsis_gcc.h" 1
 366 0000 72B6     		cpsid i
 367              	@ 0 "" 2
 368              		.thumb
 369              		.syntax unified
 370              	.L15:
 371              	.LBE8:
 372              	.LBE7:
 502:Core/Src/main.c ****   while (1)
 373              		.loc 1 502 3 view .LVU84
 503:Core/Src/main.c ****   {
 504:Core/Src/main.c ****   }
 374              		.loc 1 504 3 view .LVU85
 502:Core/Src/main.c ****   while (1)
 375              		.loc 1 502 9 view .LVU86
 376 0002 FEE7     		b	.L15
 377              		.cfi_endproc
 378              	.LFE342:
 380              		.section	.text.MX_ADC1_Init,"ax",%progbits
 381              		.align	1
 382              		.syntax unified
 383              		.thumb
 384              		.thumb_func
 386              	MX_ADC1_Init:
 387              	.LFB338:
 303:Core/Src/main.c **** 
 388              		.loc 1 303 1 view -0
 389              		.cfi_startproc
 390              		@ args = 0, pretend = 0, frame = 48
 391              		@ frame_needed = 0, uses_anonymous_args = 0
 392 0000 10B5     		push	{r4, lr}
 393              	.LCFI13:
 394              		.cfi_def_cfa_offset 8
 395              		.cfi_offset 4, -8
 396              		.cfi_offset 14, -4
 397 0002 8CB0     		sub	sp, sp, #48
 398              	.LCFI14:
 399              		.cfi_def_cfa_offset 56
 309:Core/Src/main.c ****   ADC_ChannelConfTypeDef sConfig = {0};
 400              		.loc 1 309 3 view .LVU88
 309:Core/Src/main.c ****   ADC_ChannelConfTypeDef sConfig = {0};
ARM GAS  /tmp/ccLnPP2u.s 			page 21


 401              		.loc 1 309 24 is_stmt 0 view .LVU89
 402 0004 0024     		movs	r4, #0
 403 0006 0994     		str	r4, [sp, #36]
 404 0008 0A94     		str	r4, [sp, #40]
 405 000a 0B94     		str	r4, [sp, #44]
 310:Core/Src/main.c **** 
 406              		.loc 1 310 3 is_stmt 1 view .LVU90
 310:Core/Src/main.c **** 
 407              		.loc 1 310 26 is_stmt 0 view .LVU91
 408 000c 2022     		movs	r2, #32
 409 000e 2146     		mov	r1, r4
 410 0010 01A8     		add	r0, sp, #4
 411 0012 FFF7FEFF 		bl	memset
 412              	.LVL17:
 318:Core/Src/main.c ****   hadc1.Init.ClockPrescaler = ADC_CLOCK_SYNC_PCLK_DIV4;
 413              		.loc 1 318 3 is_stmt 1 view .LVU92
 318:Core/Src/main.c ****   hadc1.Init.ClockPrescaler = ADC_CLOCK_SYNC_PCLK_DIV4;
 414              		.loc 1 318 18 is_stmt 0 view .LVU93
 415 0016 1D48     		ldr	r0, .L24
 416 0018 4FF0A043 		mov	r3, #1342177280
 417 001c 0360     		str	r3, [r0]
 319:Core/Src/main.c ****   hadc1.Init.Resolution = ADC_RESOLUTION_12B;
 418              		.loc 1 319 3 is_stmt 1 view .LVU94
 319:Core/Src/main.c ****   hadc1.Init.Resolution = ADC_RESOLUTION_12B;
 419              		.loc 1 319 29 is_stmt 0 view .LVU95
 420 001e 4FF44033 		mov	r3, #196608
 421 0022 4360     		str	r3, [r0, #4]
 320:Core/Src/main.c ****   hadc1.Init.DataAlign = ADC_DATAALIGN_RIGHT;
 422              		.loc 1 320 3 is_stmt 1 view .LVU96
 320:Core/Src/main.c ****   hadc1.Init.DataAlign = ADC_DATAALIGN_RIGHT;
 423              		.loc 1 320 25 is_stmt 0 view .LVU97
 424 0024 8460     		str	r4, [r0, #8]
 321:Core/Src/main.c ****   hadc1.Init.GainCompensation = 0;
 425              		.loc 1 321 3 is_stmt 1 view .LVU98
 321:Core/Src/main.c ****   hadc1.Init.GainCompensation = 0;
 426              		.loc 1 321 24 is_stmt 0 view .LVU99
 427 0026 C460     		str	r4, [r0, #12]
 322:Core/Src/main.c ****   hadc1.Init.ScanConvMode = ADC_SCAN_DISABLE;
 428              		.loc 1 322 3 is_stmt 1 view .LVU100
 322:Core/Src/main.c ****   hadc1.Init.ScanConvMode = ADC_SCAN_DISABLE;
 429              		.loc 1 322 31 is_stmt 0 view .LVU101
 430 0028 0461     		str	r4, [r0, #16]
 323:Core/Src/main.c ****   hadc1.Init.EOCSelection = ADC_EOC_SINGLE_CONV;
 431              		.loc 1 323 3 is_stmt 1 view .LVU102
 323:Core/Src/main.c ****   hadc1.Init.EOCSelection = ADC_EOC_SINGLE_CONV;
 432              		.loc 1 323 27 is_stmt 0 view .LVU103
 433 002a 4461     		str	r4, [r0, #20]
 324:Core/Src/main.c ****   hadc1.Init.LowPowerAutoWait = DISABLE;
 434              		.loc 1 324 3 is_stmt 1 view .LVU104
 324:Core/Src/main.c ****   hadc1.Init.LowPowerAutoWait = DISABLE;
 435              		.loc 1 324 27 is_stmt 0 view .LVU105
 436 002c 0423     		movs	r3, #4
 437 002e 8361     		str	r3, [r0, #24]
 325:Core/Src/main.c ****   hadc1.Init.ContinuousConvMode = DISABLE;
 438              		.loc 1 325 3 is_stmt 1 view .LVU106
 325:Core/Src/main.c ****   hadc1.Init.ContinuousConvMode = DISABLE;
 439              		.loc 1 325 31 is_stmt 0 view .LVU107
ARM GAS  /tmp/ccLnPP2u.s 			page 22


 440 0030 0477     		strb	r4, [r0, #28]
 326:Core/Src/main.c ****   hadc1.Init.NbrOfConversion = 1;
 441              		.loc 1 326 3 is_stmt 1 view .LVU108
 326:Core/Src/main.c ****   hadc1.Init.NbrOfConversion = 1;
 442              		.loc 1 326 33 is_stmt 0 view .LVU109
 443 0032 4477     		strb	r4, [r0, #29]
 327:Core/Src/main.c ****   hadc1.Init.DiscontinuousConvMode = DISABLE;
 444              		.loc 1 327 3 is_stmt 1 view .LVU110
 327:Core/Src/main.c ****   hadc1.Init.DiscontinuousConvMode = DISABLE;
 445              		.loc 1 327 30 is_stmt 0 view .LVU111
 446 0034 0123     		movs	r3, #1
 447 0036 0362     		str	r3, [r0, #32]
 328:Core/Src/main.c ****   hadc1.Init.ExternalTrigConv = ADC_SOFTWARE_START;
 448              		.loc 1 328 3 is_stmt 1 view .LVU112
 328:Core/Src/main.c ****   hadc1.Init.ExternalTrigConv = ADC_SOFTWARE_START;
 449              		.loc 1 328 36 is_stmt 0 view .LVU113
 450 0038 80F82440 		strb	r4, [r0, #36]
 329:Core/Src/main.c ****   hadc1.Init.ExternalTrigConvEdge = ADC_EXTERNALTRIGCONVEDGE_NONE;
 451              		.loc 1 329 3 is_stmt 1 view .LVU114
 329:Core/Src/main.c ****   hadc1.Init.ExternalTrigConvEdge = ADC_EXTERNALTRIGCONVEDGE_NONE;
 452              		.loc 1 329 31 is_stmt 0 view .LVU115
 453 003c C462     		str	r4, [r0, #44]
 330:Core/Src/main.c ****   hadc1.Init.DMAContinuousRequests = DISABLE;
 454              		.loc 1 330 3 is_stmt 1 view .LVU116
 330:Core/Src/main.c ****   hadc1.Init.DMAContinuousRequests = DISABLE;
 455              		.loc 1 330 35 is_stmt 0 view .LVU117
 456 003e 0463     		str	r4, [r0, #48]
 331:Core/Src/main.c ****   hadc1.Init.Overrun = ADC_OVR_DATA_PRESERVED;
 457              		.loc 1 331 3 is_stmt 1 view .LVU118
 331:Core/Src/main.c ****   hadc1.Init.Overrun = ADC_OVR_DATA_PRESERVED;
 458              		.loc 1 331 36 is_stmt 0 view .LVU119
 459 0040 80F83840 		strb	r4, [r0, #56]
 332:Core/Src/main.c ****   hadc1.Init.OversamplingMode = DISABLE;
 460              		.loc 1 332 3 is_stmt 1 view .LVU120
 332:Core/Src/main.c ****   hadc1.Init.OversamplingMode = DISABLE;
 461              		.loc 1 332 22 is_stmt 0 view .LVU121
 462 0044 C463     		str	r4, [r0, #60]
 333:Core/Src/main.c ****   if (HAL_ADC_Init(&hadc1) != HAL_OK)
 463              		.loc 1 333 3 is_stmt 1 view .LVU122
 333:Core/Src/main.c ****   if (HAL_ADC_Init(&hadc1) != HAL_OK)
 464              		.loc 1 333 31 is_stmt 0 view .LVU123
 465 0046 80F84040 		strb	r4, [r0, #64]
 334:Core/Src/main.c ****   {
 466              		.loc 1 334 3 is_stmt 1 view .LVU124
 334:Core/Src/main.c ****   {
 467              		.loc 1 334 7 is_stmt 0 view .LVU125
 468 004a FFF7FEFF 		bl	HAL_ADC_Init
 469              	.LVL18:
 334:Core/Src/main.c ****   {
 470              		.loc 1 334 6 discriminator 1 view .LVU126
 471 004e B8B9     		cbnz	r0, .L21
 341:Core/Src/main.c ****   if (HAL_ADCEx_MultiModeConfigChannel(&hadc1, &multimode) != HAL_OK)
 472              		.loc 1 341 3 is_stmt 1 view .LVU127
 341:Core/Src/main.c ****   if (HAL_ADCEx_MultiModeConfigChannel(&hadc1, &multimode) != HAL_OK)
 473              		.loc 1 341 18 is_stmt 0 view .LVU128
 474 0050 0990     		str	r0, [sp, #36]
 342:Core/Src/main.c ****   {
ARM GAS  /tmp/ccLnPP2u.s 			page 23


 475              		.loc 1 342 3 is_stmt 1 view .LVU129
 342:Core/Src/main.c ****   {
 476              		.loc 1 342 7 is_stmt 0 view .LVU130
 477 0052 09A9     		add	r1, sp, #36
 478 0054 0D48     		ldr	r0, .L24
 479 0056 FFF7FEFF 		bl	HAL_ADCEx_MultiModeConfigChannel
 480              	.LVL19:
 342:Core/Src/main.c ****   {
 481              		.loc 1 342 6 discriminator 1 view .LVU131
 482 005a 98B9     		cbnz	r0, .L22
 349:Core/Src/main.c ****   sConfig.Rank = ADC_REGULAR_RANK_1;
 483              		.loc 1 349 3 is_stmt 1 view .LVU132
 349:Core/Src/main.c ****   sConfig.Rank = ADC_REGULAR_RANK_1;
 484              		.loc 1 349 19 is_stmt 0 view .LVU133
 485 005c 0C4B     		ldr	r3, .L24+4
 486 005e 0193     		str	r3, [sp, #4]
 350:Core/Src/main.c ****   sConfig.SamplingTime = ADC_SAMPLETIME_2CYCLES_5;
 487              		.loc 1 350 3 is_stmt 1 view .LVU134
 350:Core/Src/main.c ****   sConfig.SamplingTime = ADC_SAMPLETIME_2CYCLES_5;
 488              		.loc 1 350 16 is_stmt 0 view .LVU135
 489 0060 0623     		movs	r3, #6
 490 0062 0293     		str	r3, [sp, #8]
 351:Core/Src/main.c ****   sConfig.SingleDiff = ADC_SINGLE_ENDED;
 491              		.loc 1 351 3 is_stmt 1 view .LVU136
 351:Core/Src/main.c ****   sConfig.SingleDiff = ADC_SINGLE_ENDED;
 492              		.loc 1 351 24 is_stmt 0 view .LVU137
 493 0064 0390     		str	r0, [sp, #12]
 352:Core/Src/main.c ****   sConfig.OffsetNumber = ADC_OFFSET_NONE;
 494              		.loc 1 352 3 is_stmt 1 view .LVU138
 352:Core/Src/main.c ****   sConfig.OffsetNumber = ADC_OFFSET_NONE;
 495              		.loc 1 352 22 is_stmt 0 view .LVU139
 496 0066 7F22     		movs	r2, #127
 497 0068 0492     		str	r2, [sp, #16]
 353:Core/Src/main.c ****   sConfig.Offset = 0;
 498              		.loc 1 353 3 is_stmt 1 view .LVU140
 353:Core/Src/main.c ****   sConfig.Offset = 0;
 499              		.loc 1 353 24 is_stmt 0 view .LVU141
 500 006a 0422     		movs	r2, #4
 501 006c 0592     		str	r2, [sp, #20]
 354:Core/Src/main.c ****   if (HAL_ADC_ConfigChannel(&hadc1, &sConfig) != HAL_OK)
 502              		.loc 1 354 3 is_stmt 1 view .LVU142
 354:Core/Src/main.c ****   if (HAL_ADC_ConfigChannel(&hadc1, &sConfig) != HAL_OK)
 503              		.loc 1 354 18 is_stmt 0 view .LVU143
 504 006e 0690     		str	r0, [sp, #24]
 355:Core/Src/main.c ****   {
 505              		.loc 1 355 3 is_stmt 1 view .LVU144
 355:Core/Src/main.c ****   {
 506              		.loc 1 355 7 is_stmt 0 view .LVU145
 507 0070 0DEB0201 		add	r1, sp, r2
 508 0074 0548     		ldr	r0, .L24
 509 0076 FFF7FEFF 		bl	HAL_ADC_ConfigChannel
 510              	.LVL20:
 355:Core/Src/main.c ****   {
 511              		.loc 1 355 6 discriminator 1 view .LVU146
 512 007a 28B9     		cbnz	r0, .L23
 363:Core/Src/main.c **** 
 513              		.loc 1 363 1 view .LVU147
ARM GAS  /tmp/ccLnPP2u.s 			page 24


 514 007c 0CB0     		add	sp, sp, #48
 515              	.LCFI15:
 516              		.cfi_remember_state
 517              		.cfi_def_cfa_offset 8
 518              		@ sp needed
 519 007e 10BD     		pop	{r4, pc}
 520              	.L21:
 521              	.LCFI16:
 522              		.cfi_restore_state
 336:Core/Src/main.c ****   }
 523              		.loc 1 336 5 is_stmt 1 view .LVU148
 524 0080 FFF7FEFF 		bl	Error_Handler
 525              	.LVL21:
 526              	.L22:
 344:Core/Src/main.c ****   }
 527              		.loc 1 344 5 view .LVU149
 528 0084 FFF7FEFF 		bl	Error_Handler
 529              	.LVL22:
 530              	.L23:
 357:Core/Src/main.c ****   }
 531              		.loc 1 357 5 view .LVU150
 532 0088 FFF7FEFF 		bl	Error_Handler
 533              	.LVL23:
 534              	.L25:
 535              		.align	2
 536              	.L24:
 537 008c 00000000 		.word	hadc1
 538 0090 0080F03E 		.word	1055948800
 539              		.cfi_endproc
 540              	.LFE338:
 542              		.section	.text.MX_I2C1_Init,"ax",%progbits
 543              		.align	1
 544              		.syntax unified
 545              		.thumb
 546              		.thumb_func
 548              	MX_I2C1_Init:
 549              	.LFB339:
 371:Core/Src/main.c **** 
 550              		.loc 1 371 1 view -0
 551              		.cfi_startproc
 552              		@ args = 0, pretend = 0, frame = 0
 553              		@ frame_needed = 0, uses_anonymous_args = 0
 554 0000 08B5     		push	{r3, lr}
 555              	.LCFI17:
 556              		.cfi_def_cfa_offset 8
 557              		.cfi_offset 3, -8
 558              		.cfi_offset 14, -4
 380:Core/Src/main.c ****   hi2c1.Init.Timing = 0x60715075;
 559              		.loc 1 380 3 view .LVU152
 380:Core/Src/main.c ****   hi2c1.Init.Timing = 0x60715075;
 560              		.loc 1 380 18 is_stmt 0 view .LVU153
 561 0002 1348     		ldr	r0, .L34
 562 0004 134B     		ldr	r3, .L34+4
 563 0006 0360     		str	r3, [r0]
 381:Core/Src/main.c ****   hi2c1.Init.OwnAddress1 = 0;
 564              		.loc 1 381 3 is_stmt 1 view .LVU154
 381:Core/Src/main.c ****   hi2c1.Init.OwnAddress1 = 0;
ARM GAS  /tmp/ccLnPP2u.s 			page 25


 565              		.loc 1 381 21 is_stmt 0 view .LVU155
 566 0008 03F10453 		add	r3, r3, #553648128
 567 000c A3F50F03 		sub	r3, r3, #9371648
 568 0010 A3F28B33 		subw	r3, r3, #907
 569 0014 4360     		str	r3, [r0, #4]
 382:Core/Src/main.c ****   hi2c1.Init.AddressingMode = I2C_ADDRESSINGMODE_7BIT;
 570              		.loc 1 382 3 is_stmt 1 view .LVU156
 382:Core/Src/main.c ****   hi2c1.Init.AddressingMode = I2C_ADDRESSINGMODE_7BIT;
 571              		.loc 1 382 26 is_stmt 0 view .LVU157
 572 0016 0023     		movs	r3, #0
 573 0018 8360     		str	r3, [r0, #8]
 383:Core/Src/main.c ****   hi2c1.Init.DualAddressMode = I2C_DUALADDRESS_DISABLE;
 574              		.loc 1 383 3 is_stmt 1 view .LVU158
 383:Core/Src/main.c ****   hi2c1.Init.DualAddressMode = I2C_DUALADDRESS_DISABLE;
 575              		.loc 1 383 29 is_stmt 0 view .LVU159
 576 001a 0122     		movs	r2, #1
 577 001c C260     		str	r2, [r0, #12]
 384:Core/Src/main.c ****   hi2c1.Init.OwnAddress2 = 0;
 578              		.loc 1 384 3 is_stmt 1 view .LVU160
 384:Core/Src/main.c ****   hi2c1.Init.OwnAddress2 = 0;
 579              		.loc 1 384 30 is_stmt 0 view .LVU161
 580 001e 0361     		str	r3, [r0, #16]
 385:Core/Src/main.c ****   hi2c1.Init.OwnAddress2Masks = I2C_OA2_NOMASK;
 581              		.loc 1 385 3 is_stmt 1 view .LVU162
 385:Core/Src/main.c ****   hi2c1.Init.OwnAddress2Masks = I2C_OA2_NOMASK;
 582              		.loc 1 385 26 is_stmt 0 view .LVU163
 583 0020 4361     		str	r3, [r0, #20]
 386:Core/Src/main.c ****   hi2c1.Init.GeneralCallMode = I2C_GENERALCALL_DISABLE;
 584              		.loc 1 386 3 is_stmt 1 view .LVU164
 386:Core/Src/main.c ****   hi2c1.Init.GeneralCallMode = I2C_GENERALCALL_DISABLE;
 585              		.loc 1 386 31 is_stmt 0 view .LVU165
 586 0022 8361     		str	r3, [r0, #24]
 387:Core/Src/main.c ****   hi2c1.Init.NoStretchMode = I2C_NOSTRETCH_DISABLE;
 587              		.loc 1 387 3 is_stmt 1 view .LVU166
 387:Core/Src/main.c ****   hi2c1.Init.NoStretchMode = I2C_NOSTRETCH_DISABLE;
 588              		.loc 1 387 30 is_stmt 0 view .LVU167
 589 0024 C361     		str	r3, [r0, #28]
 388:Core/Src/main.c ****   if (HAL_I2C_Init(&hi2c1) != HAL_OK)
 590              		.loc 1 388 3 is_stmt 1 view .LVU168
 388:Core/Src/main.c ****   if (HAL_I2C_Init(&hi2c1) != HAL_OK)
 591              		.loc 1 388 28 is_stmt 0 view .LVU169
 592 0026 0362     		str	r3, [r0, #32]
 389:Core/Src/main.c ****   {
 593              		.loc 1 389 3 is_stmt 1 view .LVU170
 389:Core/Src/main.c ****   {
 594              		.loc 1 389 7 is_stmt 0 view .LVU171
 595 0028 FFF7FEFF 		bl	HAL_I2C_Init
 596              	.LVL24:
 389:Core/Src/main.c ****   {
 597              		.loc 1 389 6 discriminator 1 view .LVU172
 598 002c 50B9     		cbnz	r0, .L31
 396:Core/Src/main.c ****   {
 599              		.loc 1 396 3 is_stmt 1 view .LVU173
 396:Core/Src/main.c ****   {
 600              		.loc 1 396 7 is_stmt 0 view .LVU174
 601 002e 0146     		mov	r1, r0
 602 0030 0748     		ldr	r0, .L34
ARM GAS  /tmp/ccLnPP2u.s 			page 26


 603 0032 FFF7FEFF 		bl	HAL_I2CEx_ConfigAnalogFilter
 604              	.LVL25:
 396:Core/Src/main.c ****   {
 605              		.loc 1 396 6 discriminator 1 view .LVU175
 606 0036 38B9     		cbnz	r0, .L32
 403:Core/Src/main.c ****   {
 607              		.loc 1 403 3 is_stmt 1 view .LVU176
 403:Core/Src/main.c ****   {
 608              		.loc 1 403 7 is_stmt 0 view .LVU177
 609 0038 0146     		mov	r1, r0
 610 003a 0548     		ldr	r0, .L34
 611 003c FFF7FEFF 		bl	HAL_I2CEx_ConfigDigitalFilter
 612              	.LVL26:
 403:Core/Src/main.c ****   {
 613              		.loc 1 403 6 discriminator 1 view .LVU178
 614 0040 20B9     		cbnz	r0, .L33
 411:Core/Src/main.c **** 
 615              		.loc 1 411 1 view .LVU179
 616 0042 08BD     		pop	{r3, pc}
 617              	.L31:
 391:Core/Src/main.c ****   }
 618              		.loc 1 391 5 is_stmt 1 view .LVU180
 619 0044 FFF7FEFF 		bl	Error_Handler
 620              	.LVL27:
 621              	.L32:
 398:Core/Src/main.c ****   }
 622              		.loc 1 398 5 view .LVU181
 623 0048 FFF7FEFF 		bl	Error_Handler
 624              	.LVL28:
 625              	.L33:
 405:Core/Src/main.c ****   }
 626              		.loc 1 405 5 view .LVU182
 627 004c FFF7FEFF 		bl	Error_Handler
 628              	.LVL29:
 629              	.L35:
 630              		.align	2
 631              	.L34:
 632 0050 00000000 		.word	hi2c1
 633 0054 00540040 		.word	1073763328
 634              		.cfi_endproc
 635              	.LFE339:
 637              		.section	.text.MX_TIM16_Init,"ax",%progbits
 638              		.align	1
 639              		.syntax unified
 640              		.thumb
 641              		.thumb_func
 643              	MX_TIM16_Init:
 644              	.LFB340:
 419:Core/Src/main.c **** 
 645              		.loc 1 419 1 view -0
 646              		.cfi_startproc
 647              		@ args = 0, pretend = 0, frame = 0
 648              		@ frame_needed = 0, uses_anonymous_args = 0
 649 0000 08B5     		push	{r3, lr}
 650              	.LCFI18:
 651              		.cfi_def_cfa_offset 8
 652              		.cfi_offset 3, -8
ARM GAS  /tmp/ccLnPP2u.s 			page 27


 653              		.cfi_offset 14, -4
 428:Core/Src/main.c ****   htim16.Init.Prescaler = 4000-1;
 654              		.loc 1 428 3 view .LVU184
 428:Core/Src/main.c ****   htim16.Init.Prescaler = 4000-1;
 655              		.loc 1 428 19 is_stmt 0 view .LVU185
 656 0002 0A48     		ldr	r0, .L40
 657 0004 0A4B     		ldr	r3, .L40+4
 658 0006 0360     		str	r3, [r0]
 429:Core/Src/main.c ****   htim16.Init.CounterMode = TIM_COUNTERMODE_UP;
 659              		.loc 1 429 3 is_stmt 1 view .LVU186
 429:Core/Src/main.c ****   htim16.Init.CounterMode = TIM_COUNTERMODE_UP;
 660              		.loc 1 429 25 is_stmt 0 view .LVU187
 661 0008 40F69F73 		movw	r3, #3999
 662 000c 4360     		str	r3, [r0, #4]
 430:Core/Src/main.c ****   htim16.Init.Period = 65535;
 663              		.loc 1 430 3 is_stmt 1 view .LVU188
 430:Core/Src/main.c ****   htim16.Init.Period = 65535;
 664              		.loc 1 430 27 is_stmt 0 view .LVU189
 665 000e 0023     		movs	r3, #0
 666 0010 8360     		str	r3, [r0, #8]
 431:Core/Src/main.c ****   htim16.Init.ClockDivision = TIM_CLOCKDIVISION_DIV1;
 667              		.loc 1 431 3 is_stmt 1 view .LVU190
 431:Core/Src/main.c ****   htim16.Init.ClockDivision = TIM_CLOCKDIVISION_DIV1;
 668              		.loc 1 431 22 is_stmt 0 view .LVU191
 669 0012 4FF6FF72 		movw	r2, #65535
 670 0016 C260     		str	r2, [r0, #12]
 432:Core/Src/main.c ****   htim16.Init.RepetitionCounter = 0;
 671              		.loc 1 432 3 is_stmt 1 view .LVU192
 432:Core/Src/main.c ****   htim16.Init.RepetitionCounter = 0;
 672              		.loc 1 432 29 is_stmt 0 view .LVU193
 673 0018 0361     		str	r3, [r0, #16]
 433:Core/Src/main.c ****   htim16.Init.AutoReloadPreload = TIM_AUTORELOAD_PRELOAD_DISABLE;
 674              		.loc 1 433 3 is_stmt 1 view .LVU194
 433:Core/Src/main.c ****   htim16.Init.AutoReloadPreload = TIM_AUTORELOAD_PRELOAD_DISABLE;
 675              		.loc 1 433 33 is_stmt 0 view .LVU195
 676 001a 4361     		str	r3, [r0, #20]
 434:Core/Src/main.c ****   if (HAL_TIM_Base_Init(&htim16) != HAL_OK)
 677              		.loc 1 434 3 is_stmt 1 view .LVU196
 434:Core/Src/main.c ****   if (HAL_TIM_Base_Init(&htim16) != HAL_OK)
 678              		.loc 1 434 33 is_stmt 0 view .LVU197
 679 001c 8361     		str	r3, [r0, #24]
 435:Core/Src/main.c ****   {
 680              		.loc 1 435 3 is_stmt 1 view .LVU198
 435:Core/Src/main.c ****   {
 681              		.loc 1 435 7 is_stmt 0 view .LVU199
 682 001e FFF7FEFF 		bl	HAL_TIM_Base_Init
 683              	.LVL30:
 435:Core/Src/main.c ****   {
 684              		.loc 1 435 6 discriminator 1 view .LVU200
 685 0022 00B9     		cbnz	r0, .L39
 443:Core/Src/main.c **** 
 686              		.loc 1 443 1 view .LVU201
 687 0024 08BD     		pop	{r3, pc}
 688              	.L39:
 437:Core/Src/main.c ****   }
 689              		.loc 1 437 5 is_stmt 1 view .LVU202
 690 0026 FFF7FEFF 		bl	Error_Handler
ARM GAS  /tmp/ccLnPP2u.s 			page 28


 691              	.LVL31:
 692              	.L41:
 693 002a 00BF     		.align	2
 694              	.L40:
 695 002c 00000000 		.word	htim16
 696 0030 00440140 		.word	1073824768
 697              		.cfi_endproc
 698              	.LFE340:
 700              		.section	.text.SystemClock_Config,"ax",%progbits
 701              		.align	1
 702              		.global	SystemClock_Config
 703              		.syntax unified
 704              		.thumb
 705              		.thumb_func
 707              	SystemClock_Config:
 708              	.LFB337:
 257:Core/Src/main.c ****   RCC_OscInitTypeDef RCC_OscInitStruct = {0};
 709              		.loc 1 257 1 view -0
 710              		.cfi_startproc
 711              		@ args = 0, pretend = 0, frame = 80
 712              		@ frame_needed = 0, uses_anonymous_args = 0
 713 0000 10B5     		push	{r4, lr}
 714              	.LCFI19:
 715              		.cfi_def_cfa_offset 8
 716              		.cfi_offset 4, -8
 717              		.cfi_offset 14, -4
 718 0002 94B0     		sub	sp, sp, #80
 719              	.LCFI20:
 720              		.cfi_def_cfa_offset 88
 258:Core/Src/main.c ****   RCC_ClkInitTypeDef RCC_ClkInitStruct = {0};
 721              		.loc 1 258 3 view .LVU204
 258:Core/Src/main.c ****   RCC_ClkInitTypeDef RCC_ClkInitStruct = {0};
 722              		.loc 1 258 22 is_stmt 0 view .LVU205
 723 0004 06AC     		add	r4, sp, #24
 724 0006 3822     		movs	r2, #56
 725 0008 0021     		movs	r1, #0
 726 000a 2046     		mov	r0, r4
 727 000c FFF7FEFF 		bl	memset
 728              	.LVL32:
 259:Core/Src/main.c **** 
 729              		.loc 1 259 3 is_stmt 1 view .LVU206
 259:Core/Src/main.c **** 
 730              		.loc 1 259 22 is_stmt 0 view .LVU207
 731 0010 0023     		movs	r3, #0
 732 0012 0193     		str	r3, [sp, #4]
 733 0014 0293     		str	r3, [sp, #8]
 734 0016 0393     		str	r3, [sp, #12]
 735 0018 0493     		str	r3, [sp, #16]
 736 001a 0593     		str	r3, [sp, #20]
 263:Core/Src/main.c **** 
 737              		.loc 1 263 3 is_stmt 1 view .LVU208
 738 001c 4FF40070 		mov	r0, #512
 739 0020 FFF7FEFF 		bl	HAL_PWREx_ControlVoltageScaling
 740              	.LVL33:
 268:Core/Src/main.c ****   RCC_OscInitStruct.HSEState = RCC_HSE_ON;
 741              		.loc 1 268 3 view .LVU209
 268:Core/Src/main.c ****   RCC_OscInitStruct.HSEState = RCC_HSE_ON;
ARM GAS  /tmp/ccLnPP2u.s 			page 29


 742              		.loc 1 268 36 is_stmt 0 view .LVU210
 743 0024 0122     		movs	r2, #1
 744 0026 0692     		str	r2, [sp, #24]
 269:Core/Src/main.c ****   RCC_OscInitStruct.PLL.PLLState = RCC_PLL_ON;
 745              		.loc 1 269 3 is_stmt 1 view .LVU211
 269:Core/Src/main.c ****   RCC_OscInitStruct.PLL.PLLState = RCC_PLL_ON;
 746              		.loc 1 269 30 is_stmt 0 view .LVU212
 747 0028 4FF48033 		mov	r3, #65536
 748 002c 0793     		str	r3, [sp, #28]
 270:Core/Src/main.c ****   RCC_OscInitStruct.PLL.PLLSource = RCC_PLLSOURCE_HSE;
 749              		.loc 1 270 3 is_stmt 1 view .LVU213
 270:Core/Src/main.c ****   RCC_OscInitStruct.PLL.PLLSource = RCC_PLLSOURCE_HSE;
 750              		.loc 1 270 34 is_stmt 0 view .LVU214
 751 002e 0223     		movs	r3, #2
 752 0030 0D93     		str	r3, [sp, #52]
 271:Core/Src/main.c ****   RCC_OscInitStruct.PLL.PLLM = RCC_PLLM_DIV1;
 753              		.loc 1 271 3 is_stmt 1 view .LVU215
 271:Core/Src/main.c ****   RCC_OscInitStruct.PLL.PLLM = RCC_PLLM_DIV1;
 754              		.loc 1 271 35 is_stmt 0 view .LVU216
 755 0032 0321     		movs	r1, #3
 756 0034 0E91     		str	r1, [sp, #56]
 272:Core/Src/main.c ****   RCC_OscInitStruct.PLL.PLLN = 18;
 757              		.loc 1 272 3 is_stmt 1 view .LVU217
 272:Core/Src/main.c ****   RCC_OscInitStruct.PLL.PLLN = 18;
 758              		.loc 1 272 30 is_stmt 0 view .LVU218
 759 0036 0F92     		str	r2, [sp, #60]
 273:Core/Src/main.c ****   RCC_OscInitStruct.PLL.PLLP = RCC_PLLP_DIV2;
 760              		.loc 1 273 3 is_stmt 1 view .LVU219
 273:Core/Src/main.c ****   RCC_OscInitStruct.PLL.PLLP = RCC_PLLP_DIV2;
 761              		.loc 1 273 30 is_stmt 0 view .LVU220
 762 0038 1222     		movs	r2, #18
 763 003a 1092     		str	r2, [sp, #64]
 274:Core/Src/main.c ****   RCC_OscInitStruct.PLL.PLLQ = RCC_PLLQ_DIV6;
 764              		.loc 1 274 3 is_stmt 1 view .LVU221
 274:Core/Src/main.c ****   RCC_OscInitStruct.PLL.PLLQ = RCC_PLLQ_DIV6;
 765              		.loc 1 274 30 is_stmt 0 view .LVU222
 766 003c 1193     		str	r3, [sp, #68]
 275:Core/Src/main.c ****   RCC_OscInitStruct.PLL.PLLR = RCC_PLLR_DIV2;
 767              		.loc 1 275 3 is_stmt 1 view .LVU223
 275:Core/Src/main.c ****   RCC_OscInitStruct.PLL.PLLR = RCC_PLLR_DIV2;
 768              		.loc 1 275 30 is_stmt 0 view .LVU224
 769 003e 0622     		movs	r2, #6
 770 0040 1292     		str	r2, [sp, #72]
 276:Core/Src/main.c ****   if (HAL_RCC_OscConfig(&RCC_OscInitStruct) != HAL_OK)
 771              		.loc 1 276 3 is_stmt 1 view .LVU225
 276:Core/Src/main.c ****   if (HAL_RCC_OscConfig(&RCC_OscInitStruct) != HAL_OK)
 772              		.loc 1 276 30 is_stmt 0 view .LVU226
 773 0042 1393     		str	r3, [sp, #76]
 277:Core/Src/main.c ****   {
 774              		.loc 1 277 3 is_stmt 1 view .LVU227
 277:Core/Src/main.c ****   {
 775              		.loc 1 277 7 is_stmt 0 view .LVU228
 776 0044 2046     		mov	r0, r4
 777 0046 FFF7FEFF 		bl	HAL_RCC_OscConfig
 778              	.LVL34:
 277:Core/Src/main.c ****   {
 779              		.loc 1 277 6 discriminator 1 view .LVU229
ARM GAS  /tmp/ccLnPP2u.s 			page 30


 780 004a 70B9     		cbnz	r0, .L46
 284:Core/Src/main.c ****                               |RCC_CLOCKTYPE_PCLK1|RCC_CLOCKTYPE_PCLK2;
 781              		.loc 1 284 3 is_stmt 1 view .LVU230
 284:Core/Src/main.c ****                               |RCC_CLOCKTYPE_PCLK1|RCC_CLOCKTYPE_PCLK2;
 782              		.loc 1 284 31 is_stmt 0 view .LVU231
 783 004c 0F23     		movs	r3, #15
 784 004e 0193     		str	r3, [sp, #4]
 286:Core/Src/main.c ****   RCC_ClkInitStruct.AHBCLKDivider = RCC_SYSCLK_DIV1;
 785              		.loc 1 286 3 is_stmt 1 view .LVU232
 286:Core/Src/main.c ****   RCC_ClkInitStruct.AHBCLKDivider = RCC_SYSCLK_DIV1;
 786              		.loc 1 286 34 is_stmt 0 view .LVU233
 787 0050 0323     		movs	r3, #3
 788 0052 0293     		str	r3, [sp, #8]
 287:Core/Src/main.c ****   RCC_ClkInitStruct.APB1CLKDivider = RCC_HCLK_DIV1;
 789              		.loc 1 287 3 is_stmt 1 view .LVU234
 287:Core/Src/main.c ****   RCC_ClkInitStruct.APB1CLKDivider = RCC_HCLK_DIV1;
 790              		.loc 1 287 35 is_stmt 0 view .LVU235
 791 0054 0390     		str	r0, [sp, #12]
 288:Core/Src/main.c ****   RCC_ClkInitStruct.APB2CLKDivider = RCC_HCLK_DIV1;
 792              		.loc 1 288 3 is_stmt 1 view .LVU236
 288:Core/Src/main.c ****   RCC_ClkInitStruct.APB2CLKDivider = RCC_HCLK_DIV1;
 793              		.loc 1 288 36 is_stmt 0 view .LVU237
 794 0056 0490     		str	r0, [sp, #16]
 289:Core/Src/main.c **** 
 795              		.loc 1 289 3 is_stmt 1 view .LVU238
 289:Core/Src/main.c **** 
 796              		.loc 1 289 36 is_stmt 0 view .LVU239
 797 0058 0590     		str	r0, [sp, #20]
 291:Core/Src/main.c ****   {
 798              		.loc 1 291 3 is_stmt 1 view .LVU240
 291:Core/Src/main.c ****   {
 799              		.loc 1 291 7 is_stmt 0 view .LVU241
 800 005a 0421     		movs	r1, #4
 801 005c 0DEB0100 		add	r0, sp, r1
 802 0060 FFF7FEFF 		bl	HAL_RCC_ClockConfig
 803              	.LVL35:
 291:Core/Src/main.c ****   {
 804              		.loc 1 291 6 discriminator 1 view .LVU242
 805 0064 18B9     		cbnz	r0, .L47
 295:Core/Src/main.c **** 
 806              		.loc 1 295 1 view .LVU243
 807 0066 14B0     		add	sp, sp, #80
 808              	.LCFI21:
 809              		.cfi_remember_state
 810              		.cfi_def_cfa_offset 8
 811              		@ sp needed
 812 0068 10BD     		pop	{r4, pc}
 813              	.L46:
 814              	.LCFI22:
 815              		.cfi_restore_state
 279:Core/Src/main.c ****   }
 816              		.loc 1 279 5 is_stmt 1 view .LVU244
 817 006a FFF7FEFF 		bl	Error_Handler
 818              	.LVL36:
 819              	.L47:
 293:Core/Src/main.c ****   }
 820              		.loc 1 293 5 view .LVU245
ARM GAS  /tmp/ccLnPP2u.s 			page 31


 821 006e FFF7FEFF 		bl	Error_Handler
 822              	.LVL37:
 823              		.cfi_endproc
 824              	.LFE337:
 826              		.section	.rodata.main.str1.4,"aMS",%progbits,1
 827              		.align	2
 828              	.LC0:
 829 0000 55707469 		.ascii	"Uptime: %uh %us\015\012\000"
 829      6D653A20 
 829      25756820 
 829      2575730D 
 829      0A00
 830 0012 0000     		.align	2
 831              	.LC1:
 832 0014 54656D70 		.ascii	"Temperature: %lu.%lu\302\260C\015\012\000"
 832      65726174 
 832      7572653A 
 832      20256C75 
 832      2E256C75 
 833 002e 0000     		.align	2
 834              	.LC2:
 835 0030 45455052 		.ascii	"EEPROM: %u\015\012\000"
 835      4F4D3A20 
 835      25750D0A 
 835      00
 836              		.section	.text.main,"ax",%progbits
 837              		.align	1
 838              		.global	main
 839              		.syntax unified
 840              		.thumb
 841              		.thumb_func
 843              	main:
 844              	.LFB336:
 135:Core/Src/main.c **** 
 845              		.loc 1 135 1 view -0
 846              		.cfi_startproc
 847              		@ args = 0, pretend = 0, frame = 16
 848              		@ frame_needed = 0, uses_anonymous_args = 0
 849 0000 2DE9F043 		push	{r4, r5, r6, r7, r8, r9, lr}
 850              	.LCFI23:
 851              		.cfi_def_cfa_offset 28
 852              		.cfi_offset 4, -28
 853              		.cfi_offset 5, -24
 854              		.cfi_offset 6, -20
 855              		.cfi_offset 7, -16
 856              		.cfi_offset 8, -12
 857              		.cfi_offset 9, -8
 858              		.cfi_offset 14, -4
 859 0004 87B0     		sub	sp, sp, #28
 860              	.LCFI24:
 861              		.cfi_def_cfa_offset 56
 144:Core/Src/main.c **** 
 862              		.loc 1 144 3 view .LVU247
 863 0006 FFF7FEFF 		bl	HAL_Init
 864              	.LVL38:
 151:Core/Src/main.c **** 
 865              		.loc 1 151 3 view .LVU248
ARM GAS  /tmp/ccLnPP2u.s 			page 32


 866 000a FFF7FEFF 		bl	SystemClock_Config
 867              	.LVL39:
 158:Core/Src/main.c ****   MX_ADC1_Init();
 868              		.loc 1 158 3 view .LVU249
 869 000e FFF7FEFF 		bl	MX_GPIO_Init
 870              	.LVL40:
 159:Core/Src/main.c ****   MX_I2C1_Init();
 871              		.loc 1 159 3 view .LVU250
 872 0012 FFF7FEFF 		bl	MX_ADC1_Init
 873              	.LVL41:
 160:Core/Src/main.c ****   MX_TIM16_Init();
 874              		.loc 1 160 3 view .LVU251
 875 0016 FFF7FEFF 		bl	MX_I2C1_Init
 876              	.LVL42:
 161:Core/Src/main.c ****   MX_USB_Device_Init();
 877              		.loc 1 161 3 view .LVU252
 878 001a FFF7FEFF 		bl	MX_TIM16_Init
 879              	.LVL43:
 162:Core/Src/main.c ****   /* USER CODE BEGIN 2 */
 880              		.loc 1 162 3 view .LVU253
 881 001e FFF7FEFF 		bl	MX_USB_Device_Init
 882              	.LVL44:
 171:Core/Src/main.c ****     uint8_t heater_state = 0;
 883              		.loc 1 171 5 view .LVU254
 171:Core/Src/main.c ****     uint8_t heater_state = 0;
 884              		.loc 1 171 33 is_stmt 0 view .LVU255
 885 0022 FFF7FEFF 		bl	HAL_GetTick
 886              	.LVL45:
 887 0026 8046     		mov	r8, r0
 888              	.LVL46:
 172:Core/Src/main.c **** 
 889              		.loc 1 172 5 is_stmt 1 view .LVU256
 174:Core/Src/main.c **** 
 890              		.loc 1 174 5 view .LVU257
 891 0028 0122     		movs	r2, #1
 892 002a 2021     		movs	r1, #32
 893 002c 4FF09040 		mov	r0, #1207959552
 894              	.LVL47:
 174:Core/Src/main.c **** 
 895              		.loc 1 174 5 is_stmt 0 view .LVU258
 896 0030 FFF7FEFF 		bl	HAL_GPIO_WritePin
 897              	.LVL48:
 179:Core/Src/main.c ****     uint32_t uptime_start = HAL_GetTick();
 898              		.loc 1 179 5 is_stmt 1 view .LVU259
 899 0034 4848     		ldr	r0, .L60
 900 0036 FFF7FEFF 		bl	HAL_TIM_Base_Start
 901              	.LVL49:
 180:Core/Src/main.c ****     uint32_t uptime_s = 0;
 902              		.loc 1 180 5 view .LVU260
 180:Core/Src/main.c ****     uint32_t uptime_s = 0;
 903              		.loc 1 180 29 is_stmt 0 view .LVU261
 904 003a FFF7FEFF 		bl	HAL_GetTick
 905              	.LVL50:
 906 003e 8146     		mov	r9, r0
 907              	.LVL51:
 181:Core/Src/main.c **** 
 908              		.loc 1 181 5 is_stmt 1 view .LVU262
ARM GAS  /tmp/ccLnPP2u.s 			page 33


 183:Core/Src/main.c ****         &hi2c1, 
 909              		.loc 1 183 5 view .LVU263
 183:Core/Src/main.c ****         &hi2c1, 
 910              		.loc 1 183 21 is_stmt 0 view .LVU264
 911 0040 03AC     		add	r4, sp, #12
 912 0042 0223     		movs	r3, #2
 913 0044 0193     		str	r3, [sp, #4]
 914 0046 2023     		movs	r3, #32
 915 0048 0093     		str	r3, [sp]
 916 004a 0823     		movs	r3, #8
 917 004c 5022     		movs	r2, #80
 918 004e 4349     		ldr	r1, .L60+4
 919 0050 2046     		mov	r0, r4
 920              	.LVL52:
 183:Core/Src/main.c ****         &hi2c1, 
 921              		.loc 1 183 21 view .LVU265
 922 0052 FFF7FEFF 		bl	M24Cxx_Init
 923              	.LVL53:
 191:Core/Src/main.c **** 
 924              		.loc 1 191 5 is_stmt 1 view .LVU266
 191:Core/Src/main.c **** 
 925              		.loc 1 191 25 is_stmt 0 view .LVU267
 926 0056 2046     		mov	r0, r4
 927 0058 FFF7FEFF 		bl	ReadHourStats
 928              	.LVL54:
 929 005c 0646     		mov	r6, r0
 930              	.LVL55:
 194:Core/Src/main.c **** 
 931              		.loc 1 194 5 is_stmt 1 view .LVU268
 932 005e 0022     		movs	r2, #0
 933 0060 0121     		movs	r1, #1
 934 0062 2046     		mov	r0, r4
 935 0064 FFF7FEFF 		bl	M24Cxx_Write_Byte
 936              	.LVL56:
 198:Core/Src/main.c **** 
 937              		.loc 1 198 5 view .LVU269
 938 0068 4FF4FA60 		mov	r0, #2000
 939 006c FFF7FEFF 		bl	HAL_Delay
 940              	.LVL57:
 181:Core/Src/main.c **** 
 941              		.loc 1 181 14 is_stmt 0 view .LVU270
 942 0070 0025     		movs	r5, #0
 172:Core/Src/main.c **** 
 943              		.loc 1 172 13 view .LVU271
 944 0072 2F46     		mov	r7, r5
 945 0074 59E0     		b	.L49
 946              	.LVL58:
 947              	.L59:
 948              	.LBB9:
 208:Core/Src/main.c ****                 heater_state = 1;
 949              		.loc 1 208 13 is_stmt 1 view .LVU272
 208:Core/Src/main.c ****                 heater_state = 1;
 950              		.loc 1 208 17 is_stmt 0 view .LVU273
 951 0076 FFF7FEFF 		bl	HAL_GetTick
 952              	.LVL59:
 208:Core/Src/main.c ****                 heater_state = 1;
 953              		.loc 1 208 31 discriminator 1 view .LVU274
ARM GAS  /tmp/ccLnPP2u.s 			page 34


 954 007a A0EB0800 		sub	r0, r0, r8
 208:Core/Src/main.c ****                 heater_state = 1;
 955              		.loc 1 208 16 discriminator 1 view .LVU275
 956 007e B0F5FA6F 		cmp	r0, #2000
 957 0082 54D9     		bls	.L51
 209:Core/Src/main.c ****                 HAL_GPIO_WritePin(LED_R_GPIO_Port, LED_R_Pin, 0);
 958              		.loc 1 209 17 is_stmt 1 view .LVU276
 959              	.LVL60:
 210:Core/Src/main.c ****                 HAL_GPIO_WritePin(LED_G_GPIO_Port, LED_G_Pin, 1);
 960              		.loc 1 210 17 view .LVU277
 961 0084 3A46     		mov	r2, r7
 962 0086 2021     		movs	r1, #32
 963 0088 4FF09040 		mov	r0, #1207959552
 964 008c FFF7FEFF 		bl	HAL_GPIO_WritePin
 965              	.LVL61:
 211:Core/Src/main.c ****             }
 966              		.loc 1 211 17 view .LVU278
 967 0090 0122     		movs	r2, #1
 968 0092 4021     		movs	r1, #64
 969 0094 4FF09040 		mov	r0, #1207959552
 970 0098 FFF7FEFF 		bl	HAL_GPIO_WritePin
 971              	.LVL62:
 209:Core/Src/main.c ****                 HAL_GPIO_WritePin(LED_R_GPIO_Port, LED_R_Pin, 0);
 972              		.loc 1 209 30 is_stmt 0 view .LVU279
 973 009c 0127     		movs	r7, #1
 974 009e 46E0     		b	.L51
 975              	.LVL63:
 976              	.L54:
 977              	.LBB10:
 228:Core/Src/main.c ****             while(CDC_Transmit_FS(usbTxBuffer, usbTxBufferLen) == USBD_BUSY) {}
 978              		.loc 1 228 13 is_stmt 1 view .LVU280
 228:Core/Src/main.c ****             while(CDC_Transmit_FS(usbTxBuffer, usbTxBufferLen) == USBD_BUSY) {}
 979              		.loc 1 228 30 is_stmt 0 view .LVU281
 980 00a0 0095     		str	r5, [sp]
 981 00a2 3346     		mov	r3, r6
 982 00a4 2E4A     		ldr	r2, .L60+8
 983 00a6 8021     		movs	r1, #128
 984 00a8 2E48     		ldr	r0, .L60+12
 985 00aa FFF7FEFF 		bl	snprintf
 986              	.LVL64:
 228:Core/Src/main.c ****             while(CDC_Transmit_FS(usbTxBuffer, usbTxBufferLen) == USBD_BUSY) {}
 987              		.loc 1 228 28 discriminator 1 view .LVU282
 988 00ae 2E4B     		ldr	r3, .L60+16
 989 00b0 1880     		strh	r0, [r3]	@ movhi
 229:Core/Src/main.c **** 
 990              		.loc 1 229 13 is_stmt 1 view .LVU283
 991              	.L55:
 229:Core/Src/main.c **** 
 992              		.loc 1 229 79 discriminator 1 view .LVU284
 229:Core/Src/main.c **** 
 993              		.loc 1 229 64 discriminator 1 view .LVU285
 229:Core/Src/main.c **** 
 994              		.loc 1 229 19 is_stmt 0 discriminator 1 view .LVU286
 995 00b2 2D4B     		ldr	r3, .L60+16
 996 00b4 1988     		ldrh	r1, [r3]
 997 00b6 2B48     		ldr	r0, .L60+12
 998 00b8 FFF7FEFF 		bl	CDC_Transmit_FS
ARM GAS  /tmp/ccLnPP2u.s 			page 35


 999              	.LVL65:
 229:Core/Src/main.c **** 
 1000              		.loc 1 229 64 discriminator 2 view .LVU287
 1001 00bc 0128     		cmp	r0, #1
 1002 00be F8D0     		beq	.L55
 232:Core/Src/main.c ****             uint32_t integer_part = (int)temp;                             // 12
 1003              		.loc 1 232 13 is_stmt 1 view .LVU288
 232:Core/Src/main.c ****             uint32_t integer_part = (int)temp;                             // 12
 1004              		.loc 1 232 26 is_stmt 0 view .LVU289
 1005 00c0 2648     		ldr	r0, .L60+4
 1006 00c2 FFF7FEFF 		bl	TMP102_GetReading
 1007              	.LVL66:
 233:Core/Src/main.c ****             uint32_t fractional_part = (int)((temp - integer_part) * 100);
 1008              		.loc 1 233 13 is_stmt 1 view .LVU290
 233:Core/Src/main.c ****             uint32_t fractional_part = (int)((temp - integer_part) * 100);
 1009              		.loc 1 233 37 is_stmt 0 view .LVU291
 1010 00c6 FDEEC07A 		vcvt.s32.f32	s15, s0
 1011              	.LVL67:
 234:Core/Src/main.c ****             usbTxBufferLen = snprintf((char*)usbTxBuffer, USB_BUFLEN, "Temperature: %lu.%lu°C\r\n"
 1012              		.loc 1 234 13 is_stmt 1 view .LVU292
 234:Core/Src/main.c ****             usbTxBufferLen = snprintf((char*)usbTxBuffer, USB_BUFLEN, "Temperature: %lu.%lu°C\r\n"
 1013              		.loc 1 234 52 is_stmt 0 view .LVU293
 1014 00ca B8EE677A 		vcvt.f32.u32	s14, s15
 1015 00ce 30EE470A 		vsub.f32	s0, s0, s14
 1016              	.LVL68:
 234:Core/Src/main.c ****             usbTxBufferLen = snprintf((char*)usbTxBuffer, USB_BUFLEN, "Temperature: %lu.%lu°C\r\n"
 1017              		.loc 1 234 68 view .LVU294
 1018 00d2 9FED267A 		vldr.32	s14, .L60+20
 1019 00d6 20EE070A 		vmul.f32	s0, s0, s14
 234:Core/Src/main.c ****             usbTxBufferLen = snprintf((char*)usbTxBuffer, USB_BUFLEN, "Temperature: %lu.%lu°C\r\n"
 1020              		.loc 1 234 40 view .LVU295
 1021 00da BDEEC00A 		vcvt.s32.f32	s0, s0
 1022              	.LVL69:
 235:Core/Src/main.c ****             while(CDC_Transmit_FS(usbTxBuffer, usbTxBufferLen) == USBD_BUSY) {}
 1023              		.loc 1 235 13 is_stmt 1 view .LVU296
 235:Core/Src/main.c ****             while(CDC_Transmit_FS(usbTxBuffer, usbTxBufferLen) == USBD_BUSY) {}
 1024              		.loc 1 235 30 is_stmt 0 view .LVU297
 1025 00de 8DED000A 		vstr.32	s0, [sp]	@ int
 1026 00e2 17EE903A 		vmov	r3, s15	@ int
 1027 00e6 224A     		ldr	r2, .L60+24
 1028 00e8 8021     		movs	r1, #128
 1029 00ea 1E48     		ldr	r0, .L60+12
 1030 00ec FFF7FEFF 		bl	snprintf
 1031              	.LVL70:
 235:Core/Src/main.c ****             while(CDC_Transmit_FS(usbTxBuffer, usbTxBufferLen) == USBD_BUSY) {}
 1032              		.loc 1 235 28 discriminator 1 view .LVU298
 1033 00f0 1D4B     		ldr	r3, .L60+16
 1034 00f2 1880     		strh	r0, [r3]	@ movhi
 236:Core/Src/main.c **** 
 1035              		.loc 1 236 13 is_stmt 1 view .LVU299
 1036              	.L56:
 236:Core/Src/main.c **** 
 1037              		.loc 1 236 79 discriminator 1 view .LVU300
 236:Core/Src/main.c **** 
 1038              		.loc 1 236 64 discriminator 1 view .LVU301
 236:Core/Src/main.c **** 
 1039              		.loc 1 236 19 is_stmt 0 discriminator 1 view .LVU302
ARM GAS  /tmp/ccLnPP2u.s 			page 36


 1040 00f4 1C4B     		ldr	r3, .L60+16
 1041 00f6 1988     		ldrh	r1, [r3]
 1042 00f8 1A48     		ldr	r0, .L60+12
 1043 00fa FFF7FEFF 		bl	CDC_Transmit_FS
 1044              	.LVL71:
 236:Core/Src/main.c **** 
 1045              		.loc 1 236 64 discriminator 2 view .LVU303
 1046 00fe 0128     		cmp	r0, #1
 1047 0100 F8D0     		beq	.L56
 238:Core/Src/main.c **** 
 1048              		.loc 1 238 13 is_stmt 1 view .LVU304
 238:Core/Src/main.c **** 
 1049              		.loc 1 238 32 is_stmt 0 view .LVU305
 1050 0102 0021     		movs	r1, #0
 1051 0104 03A8     		add	r0, sp, #12
 1052 0106 FFF7FEFF 		bl	M24Cxx_Read_Byte
 1053              	.LVL72:
 1054 010a 0346     		mov	r3, r0
 1055              	.LVL73:
 240:Core/Src/main.c ****             while(CDC_Transmit_FS(usbTxBuffer, usbTxBufferLen) == USBD_BUSY) {}
 1056              		.loc 1 240 13 is_stmt 1 view .LVU306
 240:Core/Src/main.c ****             while(CDC_Transmit_FS(usbTxBuffer, usbTxBufferLen) == USBD_BUSY) {}
 1057              		.loc 1 240 30 is_stmt 0 view .LVU307
 1058 010c 194A     		ldr	r2, .L60+28
 1059 010e 8021     		movs	r1, #128
 1060 0110 1448     		ldr	r0, .L60+12
 1061 0112 FFF7FEFF 		bl	snprintf
 1062              	.LVL74:
 240:Core/Src/main.c ****             while(CDC_Transmit_FS(usbTxBuffer, usbTxBufferLen) == USBD_BUSY) {}
 1063              		.loc 1 240 28 discriminator 1 view .LVU308
 1064 0116 144B     		ldr	r3, .L60+16
 1065 0118 1880     		strh	r0, [r3]	@ movhi
 241:Core/Src/main.c ****         }
 1066              		.loc 1 241 13 is_stmt 1 view .LVU309
 1067              	.L57:
 241:Core/Src/main.c ****         }
 1068              		.loc 1 241 79 discriminator 1 view .LVU310
 241:Core/Src/main.c ****         }
 1069              		.loc 1 241 64 discriminator 1 view .LVU311
 241:Core/Src/main.c ****         }
 1070              		.loc 1 241 19 is_stmt 0 discriminator 1 view .LVU312
 1071 011a 134B     		ldr	r3, .L60+16
 1072 011c 1988     		ldrh	r1, [r3]
 1073 011e 1148     		ldr	r0, .L60+12
 1074 0120 FFF7FEFF 		bl	CDC_Transmit_FS
 1075              	.LVL75:
 241:Core/Src/main.c ****         }
 1076              		.loc 1 241 64 discriminator 2 view .LVU313
 1077 0124 0128     		cmp	r0, #1
 1078 0126 F8D0     		beq	.L57
 221:Core/Src/main.c ****             uptime_s++;
 1079              		.loc 1 221 26 view .LVU314
 1080 0128 A146     		mov	r9, r4
 1081              	.LVL76:
 1082              	.L49:
 221:Core/Src/main.c ****             uptime_s++;
 1083              		.loc 1 221 26 view .LVU315
ARM GAS  /tmp/ccLnPP2u.s 			page 37


 1084              	.LBE10:
 1085              	.LBE9:
 205:Core/Src/main.c ****     {
 1086              		.loc 1 205 5 is_stmt 1 view .LVU316
 1087              	.LBB12:
 207:Core/Src/main.c ****             if (HAL_GetTick() - time_setup_start > HEATUP_TIME) {
 1088              		.loc 1 207 9 view .LVU317
 207:Core/Src/main.c ****             if (HAL_GetTick() - time_setup_start > HEATUP_TIME) {
 1089              		.loc 1 207 12 is_stmt 0 view .LVU318
 1090 012a 002F     		cmp	r7, #0
 1091 012c A3D0     		beq	.L59
 1092              	.LVL77:
 1093              	.L51:
 219:Core/Src/main.c ****         if (uptime - uptime_start > 1000) {
 1094              		.loc 1 219 9 is_stmt 1 view .LVU319
 219:Core/Src/main.c ****         if (uptime - uptime_start > 1000) {
 1095              		.loc 1 219 27 is_stmt 0 view .LVU320
 1096 012e FFF7FEFF 		bl	HAL_GetTick
 1097              	.LVL78:
 1098 0132 0446     		mov	r4, r0
 1099              	.LVL79:
 220:Core/Src/main.c ****             uptime_start = uptime;
 1100              		.loc 1 220 9 is_stmt 1 view .LVU321
 220:Core/Src/main.c ****             uptime_start = uptime;
 1101              		.loc 1 220 20 is_stmt 0 view .LVU322
 1102 0134 A0EB0903 		sub	r3, r0, r9
 220:Core/Src/main.c ****             uptime_start = uptime;
 1103              		.loc 1 220 12 view .LVU323
 1104 0138 B3F57A7F 		cmp	r3, #1000
 1105 013c F5D9     		bls	.L49
 1106              	.LBB11:
 221:Core/Src/main.c ****             uptime_s++;
 1107              		.loc 1 221 13 is_stmt 1 view .LVU324
 1108              	.LVL80:
 222:Core/Src/main.c ****             if (uptime_s >= 3600) {
 1109              		.loc 1 222 13 view .LVU325
 222:Core/Src/main.c ****             if (uptime_s >= 3600) {
 1110              		.loc 1 222 21 is_stmt 0 view .LVU326
 1111 013e 0135     		adds	r5, r5, #1
 1112              	.LVL81:
 223:Core/Src/main.c ****                 uptime_s = 0;
 1113              		.loc 1 223 13 is_stmt 1 view .LVU327
 223:Core/Src/main.c ****                 uptime_s = 0;
 1114              		.loc 1 223 16 is_stmt 0 view .LVU328
 1115 0140 B5F5616F 		cmp	r5, #3600
 1116 0144 ACD3     		bcc	.L54
 224:Core/Src/main.c ****                 uptime_h++;
 1117              		.loc 1 224 17 is_stmt 1 view .LVU329
 1118              	.LVL82:
 225:Core/Src/main.c ****                 WriteHourStats(&eeprom, uptime_h);
 1119              		.loc 1 225 17 view .LVU330
 225:Core/Src/main.c ****                 WriteHourStats(&eeprom, uptime_h);
 1120              		.loc 1 225 25 is_stmt 0 view .LVU331
 1121 0146 0136     		adds	r6, r6, #1
 1122              	.LVL83:
 225:Core/Src/main.c ****                 WriteHourStats(&eeprom, uptime_h);
 1123              		.loc 1 225 25 view .LVU332
ARM GAS  /tmp/ccLnPP2u.s 			page 38


 1124 0148 B6B2     		uxth	r6, r6
 1125              	.LVL84:
 226:Core/Src/main.c ****             }
 1126              		.loc 1 226 17 is_stmt 1 view .LVU333
 1127 014a 3146     		mov	r1, r6
 1128 014c 03A8     		add	r0, sp, #12
 1129              	.LVL85:
 226:Core/Src/main.c ****             }
 1130              		.loc 1 226 17 is_stmt 0 view .LVU334
 1131 014e FFF7FEFF 		bl	WriteHourStats
 1132              	.LVL86:
 224:Core/Src/main.c ****                 uptime_h++;
 1133              		.loc 1 224 26 view .LVU335
 1134 0152 0025     		movs	r5, #0
 1135 0154 A4E7     		b	.L54
 1136              	.L61:
 1137 0156 00BF     		.align	2
 1138              	.L60:
 1139 0158 00000000 		.word	htim16
 1140 015c 00000000 		.word	hi2c1
 1141 0160 00000000 		.word	.LC0
 1142 0164 00000000 		.word	usbTxBuffer
 1143 0168 00000000 		.word	usbTxBufferLen
 1144 016c 0000C842 		.word	1120403456
 1145 0170 14000000 		.word	.LC1
 1146 0174 30000000 		.word	.LC2
 1147              	.LBE11:
 1148              	.LBE12:
 1149              		.cfi_endproc
 1150              	.LFE336:
 1152              		.global	usbTxBufferLen
 1153              		.section	.bss.usbTxBufferLen,"aw",%nobits
 1154              		.align	1
 1157              	usbTxBufferLen:
 1158 0000 0000     		.space	2
 1159              		.global	usbTxBuffer
 1160              		.section	.bss.usbTxBuffer,"aw",%nobits
 1161              		.align	2
 1164              	usbTxBuffer:
 1165 0000 00000000 		.space	128
 1165      00000000 
 1165      00000000 
 1165      00000000 
 1165      00000000 
 1166              		.global	htim16
 1167              		.section	.bss.htim16,"aw",%nobits
 1168              		.align	2
 1171              	htim16:
 1172 0000 00000000 		.space	76
 1172      00000000 
 1172      00000000 
 1172      00000000 
 1172      00000000 
 1173              		.global	hi2c1
 1174              		.section	.bss.hi2c1,"aw",%nobits
 1175              		.align	2
 1178              	hi2c1:
ARM GAS  /tmp/ccLnPP2u.s 			page 39


 1179 0000 00000000 		.space	84
 1179      00000000 
 1179      00000000 
 1179      00000000 
 1179      00000000 
 1180              		.global	hadc1
 1181              		.section	.bss.hadc1,"aw",%nobits
 1182              		.align	2
 1185              	hadc1:
 1186 0000 00000000 		.space	108
 1186      00000000 
 1186      00000000 
 1186      00000000 
 1186      00000000 
 1187              		.text
 1188              	.Letext0:
 1189              		.file 3 "/usr/arm-none-eabi/include/machine/_default_types.h"
 1190              		.file 4 "/usr/arm-none-eabi/include/sys/_stdint.h"
 1191              		.file 5 "Drivers/CMSIS/Device/ST/STM32G4xx/Include/stm32g431xx.h"
 1192              		.file 6 "Drivers/CMSIS/Device/ST/STM32G4xx/Include/stm32g4xx.h"
 1193              		.file 7 "Drivers/STM32G4xx_HAL_Driver/Inc/stm32g4xx_hal_def.h"
 1194              		.file 8 "Drivers/STM32G4xx_HAL_Driver/Inc/stm32g4xx_hal_rcc.h"
 1195              		.file 9 "Drivers/STM32G4xx_HAL_Driver/Inc/stm32g4xx_hal_gpio.h"
 1196              		.file 10 "Drivers/STM32G4xx_HAL_Driver/Inc/stm32g4xx_hal_dma.h"
 1197              		.file 11 "Drivers/STM32G4xx_HAL_Driver/Inc/stm32g4xx_hal_adc.h"
 1198              		.file 12 "Drivers/STM32G4xx_HAL_Driver/Inc/stm32g4xx_hal_adc_ex.h"
 1199              		.file 13 "Drivers/STM32G4xx_HAL_Driver/Inc/stm32g4xx_hal_i2c.h"
 1200              		.file 14 "Drivers/STM32G4xx_HAL_Driver/Inc/stm32g4xx_hal_tim.h"
 1201              		.file 15 "Middlewares/ST/STM32_USB_Device_Library/Core/Inc/usbd_def.h"
 1202              		.file 16 "Core/Inc/M24Cxx.h"
 1203              		.file 17 "Core/Inc/CalibrationData.h"
 1204              		.file 18 "Drivers/STM32G4xx_HAL_Driver/Inc/stm32g4xx_hal_pwr_ex.h"
 1205              		.file 19 "Drivers/STM32G4xx_HAL_Driver/Inc/stm32g4xx_hal_i2c_ex.h"
 1206              		.file 20 "Core/Inc/TMP102.h"
 1207              		.file 21 "USB_Device/App/usbd_cdc_if.h"
 1208              		.file 22 "/usr/arm-none-eabi/include/stdio.h"
 1209              		.file 23 "Drivers/STM32G4xx_HAL_Driver/Inc/stm32g4xx_hal.h"
 1210              		.file 24 "/usr/arm-none-eabi/include/string.h"
 1211              		.file 25 "USB_Device/App/usb_device.h"
 1212              		.file 26 "<built-in>"
ARM GAS  /tmp/ccLnPP2u.s 			page 40


DEFINED SYMBOLS
                            *ABS*:00000000 main.c
     /tmp/ccLnPP2u.s:21     .text.MX_GPIO_Init:00000000 $t
     /tmp/ccLnPP2u.s:26     .text.MX_GPIO_Init:00000000 MX_GPIO_Init
     /tmp/ccLnPP2u.s:161    .text.MX_GPIO_Init:00000098 $d
     /tmp/ccLnPP2u.s:166    .text.ReadHourStats:00000000 $t
     /tmp/ccLnPP2u.s:172    .text.ReadHourStats:00000000 ReadHourStats
     /tmp/ccLnPP2u.s:206    .text.WriteHourStats:00000000 $t
     /tmp/ccLnPP2u.s:212    .text.WriteHourStats:00000000 WriteHourStats
     /tmp/ccLnPP2u.s:249    .text.WriteInitialCalibration:00000000 $t
     /tmp/ccLnPP2u.s:255    .text.WriteInitialCalibration:00000000 WriteInitialCalibration
     /tmp/ccLnPP2u.s:343    .text.Error_Handler:00000000 $t
     /tmp/ccLnPP2u.s:349    .text.Error_Handler:00000000 Error_Handler
     /tmp/ccLnPP2u.s:381    .text.MX_ADC1_Init:00000000 $t
     /tmp/ccLnPP2u.s:386    .text.MX_ADC1_Init:00000000 MX_ADC1_Init
     /tmp/ccLnPP2u.s:537    .text.MX_ADC1_Init:0000008c $d
     /tmp/ccLnPP2u.s:1185   .bss.hadc1:00000000 hadc1
     /tmp/ccLnPP2u.s:543    .text.MX_I2C1_Init:00000000 $t
     /tmp/ccLnPP2u.s:548    .text.MX_I2C1_Init:00000000 MX_I2C1_Init
     /tmp/ccLnPP2u.s:632    .text.MX_I2C1_Init:00000050 $d
     /tmp/ccLnPP2u.s:1178   .bss.hi2c1:00000000 hi2c1
     /tmp/ccLnPP2u.s:638    .text.MX_TIM16_Init:00000000 $t
     /tmp/ccLnPP2u.s:643    .text.MX_TIM16_Init:00000000 MX_TIM16_Init
     /tmp/ccLnPP2u.s:695    .text.MX_TIM16_Init:0000002c $d
     /tmp/ccLnPP2u.s:1171   .bss.htim16:00000000 htim16
     /tmp/ccLnPP2u.s:701    .text.SystemClock_Config:00000000 $t
     /tmp/ccLnPP2u.s:707    .text.SystemClock_Config:00000000 SystemClock_Config
     /tmp/ccLnPP2u.s:827    .rodata.main.str1.4:00000000 $d
     /tmp/ccLnPP2u.s:837    .text.main:00000000 $t
     /tmp/ccLnPP2u.s:843    .text.main:00000000 main
     /tmp/ccLnPP2u.s:1139   .text.main:00000158 $d
     /tmp/ccLnPP2u.s:1164   .bss.usbTxBuffer:00000000 usbTxBuffer
     /tmp/ccLnPP2u.s:1157   .bss.usbTxBufferLen:00000000 usbTxBufferLen
     /tmp/ccLnPP2u.s:1154   .bss.usbTxBufferLen:00000000 $d
     /tmp/ccLnPP2u.s:1161   .bss.usbTxBuffer:00000000 $d
     /tmp/ccLnPP2u.s:1168   .bss.htim16:00000000 $d
     /tmp/ccLnPP2u.s:1175   .bss.hi2c1:00000000 $d
     /tmp/ccLnPP2u.s:1182   .bss.hadc1:00000000 $d

UNDEFINED SYMBOLS
HAL_GPIO_WritePin
HAL_GPIO_Init
M24Cxx_Read_Bytes
M24Cxx_Write_Buffer
M24Cxx_Read_Byte
strcpy
memset
HAL_ADC_Init
HAL_ADCEx_MultiModeConfigChannel
HAL_ADC_ConfigChannel
HAL_I2C_Init
HAL_I2CEx_ConfigAnalogFilter
HAL_I2CEx_ConfigDigitalFilter
HAL_TIM_Base_Init
HAL_PWREx_ControlVoltageScaling
HAL_RCC_OscConfig
HAL_RCC_ClockConfig
ARM GAS  /tmp/ccLnPP2u.s 			page 41


HAL_Init
MX_USB_Device_Init
HAL_GetTick
HAL_TIM_Base_Start
M24Cxx_Init
M24Cxx_Write_Byte
HAL_Delay
snprintf
CDC_Transmit_FS
TMP102_GetReading
