ARM GAS  /tmp/ccZui67l.s 			page 1


   1              		.cpu cortex-m4
   2              		.arch armv7e-m
   3              		.fpu fpv4-sp-d16
   4              		.eabi_attribute 27, 1
   5              		.eabi_attribute 28, 1
   6              		.eabi_attribute 20, 1
   7              		.eabi_attribute 21, 1
   8              		.eabi_attribute 23, 3
   9              		.eabi_attribute 24, 1
  10              		.eabi_attribute 25, 1
  11              		.eabi_attribute 26, 1
  12              		.eabi_attribute 30, 1
  13              		.eabi_attribute 34, 1
  14              		.eabi_attribute 18, 4
  15              		.file	"stm32g4xx_ll_usb.c"
  16              		.text
  17              	.Ltext0:
  18              		.cfi_sections	.debug_frame
  19              		.file 1 "Drivers/STM32G4xx_HAL_Driver/Src/stm32g4xx_ll_usb.c"
  20              		.section	.text.USB_CoreInit,"ax",%progbits
  21              		.align	1
  22              		.global	USB_CoreInit
  23              		.syntax unified
  24              		.thumb
  25              		.thumb_func
  27              	USB_CoreInit:
  28              	.LVL0:
  29              	.LFB329:
   1:Drivers/STM32G4xx_HAL_Driver/Src/stm32g4xx_ll_usb.c **** /**
   2:Drivers/STM32G4xx_HAL_Driver/Src/stm32g4xx_ll_usb.c ****   ******************************************************************************
   3:Drivers/STM32G4xx_HAL_Driver/Src/stm32g4xx_ll_usb.c ****   * @file    stm32g4xx_ll_usb.c
   4:Drivers/STM32G4xx_HAL_Driver/Src/stm32g4xx_ll_usb.c ****   * @author  MCD Application Team
   5:Drivers/STM32G4xx_HAL_Driver/Src/stm32g4xx_ll_usb.c ****   * @brief   USB Low Layer HAL module driver.
   6:Drivers/STM32G4xx_HAL_Driver/Src/stm32g4xx_ll_usb.c ****   *
   7:Drivers/STM32G4xx_HAL_Driver/Src/stm32g4xx_ll_usb.c ****   *          This file provides firmware functions to manage the following
   8:Drivers/STM32G4xx_HAL_Driver/Src/stm32g4xx_ll_usb.c ****   *          functionalities of the USB Peripheral Controller:
   9:Drivers/STM32G4xx_HAL_Driver/Src/stm32g4xx_ll_usb.c ****   *           + Initialization/de-initialization functions
  10:Drivers/STM32G4xx_HAL_Driver/Src/stm32g4xx_ll_usb.c ****   *           + I/O operation functions
  11:Drivers/STM32G4xx_HAL_Driver/Src/stm32g4xx_ll_usb.c ****   *           + Peripheral Control functions
  12:Drivers/STM32G4xx_HAL_Driver/Src/stm32g4xx_ll_usb.c ****   *           + Peripheral State functions
  13:Drivers/STM32G4xx_HAL_Driver/Src/stm32g4xx_ll_usb.c ****   *
  14:Drivers/STM32G4xx_HAL_Driver/Src/stm32g4xx_ll_usb.c ****   ******************************************************************************
  15:Drivers/STM32G4xx_HAL_Driver/Src/stm32g4xx_ll_usb.c ****   * @attention
  16:Drivers/STM32G4xx_HAL_Driver/Src/stm32g4xx_ll_usb.c ****   *
  17:Drivers/STM32G4xx_HAL_Driver/Src/stm32g4xx_ll_usb.c ****   * Copyright (c) 2019 STMicroelectronics.
  18:Drivers/STM32G4xx_HAL_Driver/Src/stm32g4xx_ll_usb.c ****   * All rights reserved.
  19:Drivers/STM32G4xx_HAL_Driver/Src/stm32g4xx_ll_usb.c ****   *
  20:Drivers/STM32G4xx_HAL_Driver/Src/stm32g4xx_ll_usb.c ****   * This software is licensed under terms that can be found in the LICENSE file
  21:Drivers/STM32G4xx_HAL_Driver/Src/stm32g4xx_ll_usb.c ****   * in the root directory of this software component.
  22:Drivers/STM32G4xx_HAL_Driver/Src/stm32g4xx_ll_usb.c ****   * If no LICENSE file comes with this software, it is provided AS-IS.
  23:Drivers/STM32G4xx_HAL_Driver/Src/stm32g4xx_ll_usb.c ****   *
  24:Drivers/STM32G4xx_HAL_Driver/Src/stm32g4xx_ll_usb.c ****   ******************************************************************************
  25:Drivers/STM32G4xx_HAL_Driver/Src/stm32g4xx_ll_usb.c ****   @verbatim
  26:Drivers/STM32G4xx_HAL_Driver/Src/stm32g4xx_ll_usb.c ****   ==============================================================================
  27:Drivers/STM32G4xx_HAL_Driver/Src/stm32g4xx_ll_usb.c ****                     ##### How to use this driver #####
  28:Drivers/STM32G4xx_HAL_Driver/Src/stm32g4xx_ll_usb.c ****   ==============================================================================
  29:Drivers/STM32G4xx_HAL_Driver/Src/stm32g4xx_ll_usb.c ****     [..]
ARM GAS  /tmp/ccZui67l.s 			page 2


  30:Drivers/STM32G4xx_HAL_Driver/Src/stm32g4xx_ll_usb.c ****       (#) Fill parameters of Init structure in USB_CfgTypeDef structure.
  31:Drivers/STM32G4xx_HAL_Driver/Src/stm32g4xx_ll_usb.c **** 
  32:Drivers/STM32G4xx_HAL_Driver/Src/stm32g4xx_ll_usb.c ****       (#) Call USB_CoreInit() API to initialize the USB Core peripheral.
  33:Drivers/STM32G4xx_HAL_Driver/Src/stm32g4xx_ll_usb.c **** 
  34:Drivers/STM32G4xx_HAL_Driver/Src/stm32g4xx_ll_usb.c ****       (#) The upper HAL HCD/PCD driver will call the right routines for its internal processes.
  35:Drivers/STM32G4xx_HAL_Driver/Src/stm32g4xx_ll_usb.c **** 
  36:Drivers/STM32G4xx_HAL_Driver/Src/stm32g4xx_ll_usb.c ****       (#)NOTE: For applications not using double buffer mode, define the symbol
  37:Drivers/STM32G4xx_HAL_Driver/Src/stm32g4xx_ll_usb.c ****                 'USE_USB_DOUBLE_BUFFER' as 0 to reduce the driver's memory footprint.
  38:Drivers/STM32G4xx_HAL_Driver/Src/stm32g4xx_ll_usb.c **** 
  39:Drivers/STM32G4xx_HAL_Driver/Src/stm32g4xx_ll_usb.c ****   @endverbatim
  40:Drivers/STM32G4xx_HAL_Driver/Src/stm32g4xx_ll_usb.c **** 
  41:Drivers/STM32G4xx_HAL_Driver/Src/stm32g4xx_ll_usb.c ****   ******************************************************************************
  42:Drivers/STM32G4xx_HAL_Driver/Src/stm32g4xx_ll_usb.c ****   */
  43:Drivers/STM32G4xx_HAL_Driver/Src/stm32g4xx_ll_usb.c **** 
  44:Drivers/STM32G4xx_HAL_Driver/Src/stm32g4xx_ll_usb.c **** /* Includes ------------------------------------------------------------------*/
  45:Drivers/STM32G4xx_HAL_Driver/Src/stm32g4xx_ll_usb.c **** #include "stm32g4xx_hal.h"
  46:Drivers/STM32G4xx_HAL_Driver/Src/stm32g4xx_ll_usb.c **** 
  47:Drivers/STM32G4xx_HAL_Driver/Src/stm32g4xx_ll_usb.c **** /** @addtogroup STM32G4xx_LL_USB_DRIVER
  48:Drivers/STM32G4xx_HAL_Driver/Src/stm32g4xx_ll_usb.c ****   * @{
  49:Drivers/STM32G4xx_HAL_Driver/Src/stm32g4xx_ll_usb.c ****   */
  50:Drivers/STM32G4xx_HAL_Driver/Src/stm32g4xx_ll_usb.c **** 
  51:Drivers/STM32G4xx_HAL_Driver/Src/stm32g4xx_ll_usb.c **** #if defined (HAL_PCD_MODULE_ENABLED) || defined (HAL_HCD_MODULE_ENABLED)
  52:Drivers/STM32G4xx_HAL_Driver/Src/stm32g4xx_ll_usb.c **** #if defined (USB)
  53:Drivers/STM32G4xx_HAL_Driver/Src/stm32g4xx_ll_usb.c **** /* Private typedef -----------------------------------------------------------*/
  54:Drivers/STM32G4xx_HAL_Driver/Src/stm32g4xx_ll_usb.c **** /* Private define ------------------------------------------------------------*/
  55:Drivers/STM32G4xx_HAL_Driver/Src/stm32g4xx_ll_usb.c **** /* Private macro -------------------------------------------------------------*/
  56:Drivers/STM32G4xx_HAL_Driver/Src/stm32g4xx_ll_usb.c **** /* Private variables ---------------------------------------------------------*/
  57:Drivers/STM32G4xx_HAL_Driver/Src/stm32g4xx_ll_usb.c **** /* Private function prototypes -----------------------------------------------*/
  58:Drivers/STM32G4xx_HAL_Driver/Src/stm32g4xx_ll_usb.c **** /* Private functions ---------------------------------------------------------*/
  59:Drivers/STM32G4xx_HAL_Driver/Src/stm32g4xx_ll_usb.c **** 
  60:Drivers/STM32G4xx_HAL_Driver/Src/stm32g4xx_ll_usb.c **** /**
  61:Drivers/STM32G4xx_HAL_Driver/Src/stm32g4xx_ll_usb.c ****   * @brief  Initializes the USB Core
  62:Drivers/STM32G4xx_HAL_Driver/Src/stm32g4xx_ll_usb.c ****   * @param  USBx USB Instance
  63:Drivers/STM32G4xx_HAL_Driver/Src/stm32g4xx_ll_usb.c ****   * @param  cfg pointer to a USB_CfgTypeDef structure that contains
  64:Drivers/STM32G4xx_HAL_Driver/Src/stm32g4xx_ll_usb.c ****   *         the configuration information for the specified USBx peripheral.
  65:Drivers/STM32G4xx_HAL_Driver/Src/stm32g4xx_ll_usb.c ****   * @retval HAL status
  66:Drivers/STM32G4xx_HAL_Driver/Src/stm32g4xx_ll_usb.c ****   */
  67:Drivers/STM32G4xx_HAL_Driver/Src/stm32g4xx_ll_usb.c **** HAL_StatusTypeDef USB_CoreInit(USB_TypeDef const *USBx, USB_CfgTypeDef cfg)
  68:Drivers/STM32G4xx_HAL_Driver/Src/stm32g4xx_ll_usb.c **** {
  30              		.loc 1 68 1 view -0
  31              		.cfi_startproc
  32              		@ args = 0, pretend = 0, frame = 8
  33              		@ frame_needed = 0, uses_anonymous_args = 0
  34              		@ link register save eliminated.
  35              		.loc 1 68 1 is_stmt 0 view .LVU1
  36 0000 82B0     		sub	sp, sp, #8
  37              	.LCFI0:
  38              		.cfi_def_cfa_offset 8
  39 0002 02AB     		add	r3, sp, #8
  40 0004 03E90600 		stmdb	r3, {r1, r2}
  69:Drivers/STM32G4xx_HAL_Driver/Src/stm32g4xx_ll_usb.c ****   /* Prevent unused argument(s) compilation warning */
  70:Drivers/STM32G4xx_HAL_Driver/Src/stm32g4xx_ll_usb.c ****   UNUSED(USBx);
  41              		.loc 1 70 3 is_stmt 1 view .LVU2
  71:Drivers/STM32G4xx_HAL_Driver/Src/stm32g4xx_ll_usb.c ****   UNUSED(cfg);
  42              		.loc 1 71 3 view .LVU3
  72:Drivers/STM32G4xx_HAL_Driver/Src/stm32g4xx_ll_usb.c **** 
  73:Drivers/STM32G4xx_HAL_Driver/Src/stm32g4xx_ll_usb.c ****   /* NOTE : - This function is not required by USB Device FS peripheral, it is used
ARM GAS  /tmp/ccZui67l.s 			page 3


  74:Drivers/STM32G4xx_HAL_Driver/Src/stm32g4xx_ll_usb.c ****               only by USB OTG FS peripheral.
  75:Drivers/STM32G4xx_HAL_Driver/Src/stm32g4xx_ll_usb.c ****             - This function is added to ensure compatibility across platforms.
  76:Drivers/STM32G4xx_HAL_Driver/Src/stm32g4xx_ll_usb.c ****    */
  77:Drivers/STM32G4xx_HAL_Driver/Src/stm32g4xx_ll_usb.c **** 
  78:Drivers/STM32G4xx_HAL_Driver/Src/stm32g4xx_ll_usb.c ****   return HAL_OK;
  43              		.loc 1 78 3 view .LVU4
  79:Drivers/STM32G4xx_HAL_Driver/Src/stm32g4xx_ll_usb.c **** }
  44              		.loc 1 79 1 is_stmt 0 view .LVU5
  45 0008 0020     		movs	r0, #0
  46              	.LVL1:
  47              		.loc 1 79 1 view .LVU6
  48 000a 02B0     		add	sp, sp, #8
  49              	.LCFI1:
  50              		.cfi_def_cfa_offset 0
  51              		@ sp needed
  52 000c 7047     		bx	lr
  53              		.cfi_endproc
  54              	.LFE329:
  56              		.section	.text.USB_EnableGlobalInt,"ax",%progbits
  57              		.align	1
  58              		.global	USB_EnableGlobalInt
  59              		.syntax unified
  60              		.thumb
  61              		.thumb_func
  63              	USB_EnableGlobalInt:
  64              	.LVL2:
  65              	.LFB330:
  80:Drivers/STM32G4xx_HAL_Driver/Src/stm32g4xx_ll_usb.c **** 
  81:Drivers/STM32G4xx_HAL_Driver/Src/stm32g4xx_ll_usb.c **** /**
  82:Drivers/STM32G4xx_HAL_Driver/Src/stm32g4xx_ll_usb.c ****   * @brief  USB_EnableGlobalInt
  83:Drivers/STM32G4xx_HAL_Driver/Src/stm32g4xx_ll_usb.c ****   *         Enables the controller's Global Int in the AHB Config reg
  84:Drivers/STM32G4xx_HAL_Driver/Src/stm32g4xx_ll_usb.c ****   * @param  USBx Selected device
  85:Drivers/STM32G4xx_HAL_Driver/Src/stm32g4xx_ll_usb.c ****   * @retval HAL status
  86:Drivers/STM32G4xx_HAL_Driver/Src/stm32g4xx_ll_usb.c ****   */
  87:Drivers/STM32G4xx_HAL_Driver/Src/stm32g4xx_ll_usb.c **** HAL_StatusTypeDef USB_EnableGlobalInt(USB_TypeDef *USBx)
  88:Drivers/STM32G4xx_HAL_Driver/Src/stm32g4xx_ll_usb.c **** {
  66              		.loc 1 88 1 is_stmt 1 view -0
  67              		.cfi_startproc
  68              		@ args = 0, pretend = 0, frame = 0
  69              		@ frame_needed = 0, uses_anonymous_args = 0
  70              		@ link register save eliminated.
  71              		.loc 1 88 1 is_stmt 0 view .LVU8
  72 0000 0346     		mov	r3, r0
  89:Drivers/STM32G4xx_HAL_Driver/Src/stm32g4xx_ll_usb.c ****   uint32_t winterruptmask;
  73              		.loc 1 89 3 is_stmt 1 view .LVU9
  90:Drivers/STM32G4xx_HAL_Driver/Src/stm32g4xx_ll_usb.c **** 
  91:Drivers/STM32G4xx_HAL_Driver/Src/stm32g4xx_ll_usb.c ****   /* Clear pending interrupts */
  92:Drivers/STM32G4xx_HAL_Driver/Src/stm32g4xx_ll_usb.c ****   USBx->ISTR = 0U;
  74              		.loc 1 92 3 view .LVU10
  75              		.loc 1 92 14 is_stmt 0 view .LVU11
  76 0002 0020     		movs	r0, #0
  77              	.LVL3:
  78              		.loc 1 92 14 view .LVU12
  79 0004 A3F84400 		strh	r0, [r3, #68]	@ movhi
  93:Drivers/STM32G4xx_HAL_Driver/Src/stm32g4xx_ll_usb.c **** 
  94:Drivers/STM32G4xx_HAL_Driver/Src/stm32g4xx_ll_usb.c ****   /* Set winterruptmask variable */
  95:Drivers/STM32G4xx_HAL_Driver/Src/stm32g4xx_ll_usb.c ****   winterruptmask = USB_CNTR_CTRM  | USB_CNTR_WKUPM |
ARM GAS  /tmp/ccZui67l.s 			page 4


  80              		.loc 1 95 3 is_stmt 1 view .LVU13
  81              	.LVL4:
  96:Drivers/STM32G4xx_HAL_Driver/Src/stm32g4xx_ll_usb.c ****                    USB_CNTR_SUSPM | USB_CNTR_ERRM |
  97:Drivers/STM32G4xx_HAL_Driver/Src/stm32g4xx_ll_usb.c ****                    USB_CNTR_SOFM | USB_CNTR_ESOFM |
  98:Drivers/STM32G4xx_HAL_Driver/Src/stm32g4xx_ll_usb.c ****                    USB_CNTR_RESETM | USB_CNTR_L1REQM;
  99:Drivers/STM32G4xx_HAL_Driver/Src/stm32g4xx_ll_usb.c **** 
 100:Drivers/STM32G4xx_HAL_Driver/Src/stm32g4xx_ll_usb.c ****   /* Set interrupt mask */
 101:Drivers/STM32G4xx_HAL_Driver/Src/stm32g4xx_ll_usb.c ****   USBx->CNTR = (uint16_t)winterruptmask;
  82              		.loc 1 101 3 view .LVU14
  83              		.loc 1 101 14 is_stmt 0 view .LVU15
  84 0008 4BF68072 		movw	r2, #49024
  85 000c A3F84020 		strh	r2, [r3, #64]	@ movhi
 102:Drivers/STM32G4xx_HAL_Driver/Src/stm32g4xx_ll_usb.c **** 
 103:Drivers/STM32G4xx_HAL_Driver/Src/stm32g4xx_ll_usb.c ****   return HAL_OK;
  86              		.loc 1 103 3 is_stmt 1 view .LVU16
 104:Drivers/STM32G4xx_HAL_Driver/Src/stm32g4xx_ll_usb.c **** }
  87              		.loc 1 104 1 is_stmt 0 view .LVU17
  88 0010 7047     		bx	lr
  89              		.cfi_endproc
  90              	.LFE330:
  92              		.section	.text.USB_DisableGlobalInt,"ax",%progbits
  93              		.align	1
  94              		.global	USB_DisableGlobalInt
  95              		.syntax unified
  96              		.thumb
  97              		.thumb_func
  99              	USB_DisableGlobalInt:
 100              	.LVL5:
 101              	.LFB331:
 105:Drivers/STM32G4xx_HAL_Driver/Src/stm32g4xx_ll_usb.c **** 
 106:Drivers/STM32G4xx_HAL_Driver/Src/stm32g4xx_ll_usb.c **** /**
 107:Drivers/STM32G4xx_HAL_Driver/Src/stm32g4xx_ll_usb.c ****   * @brief  USB_DisableGlobalInt
 108:Drivers/STM32G4xx_HAL_Driver/Src/stm32g4xx_ll_usb.c ****   *         Disable the controller's Global Int in the AHB Config reg
 109:Drivers/STM32G4xx_HAL_Driver/Src/stm32g4xx_ll_usb.c ****   * @param  USBx Selected device
 110:Drivers/STM32G4xx_HAL_Driver/Src/stm32g4xx_ll_usb.c ****   * @retval HAL status
 111:Drivers/STM32G4xx_HAL_Driver/Src/stm32g4xx_ll_usb.c ****   */
 112:Drivers/STM32G4xx_HAL_Driver/Src/stm32g4xx_ll_usb.c **** HAL_StatusTypeDef USB_DisableGlobalInt(USB_TypeDef *USBx)
 113:Drivers/STM32G4xx_HAL_Driver/Src/stm32g4xx_ll_usb.c **** {
 102              		.loc 1 113 1 is_stmt 1 view -0
 103              		.cfi_startproc
 104              		@ args = 0, pretend = 0, frame = 0
 105              		@ frame_needed = 0, uses_anonymous_args = 0
 106              		@ link register save eliminated.
 114:Drivers/STM32G4xx_HAL_Driver/Src/stm32g4xx_ll_usb.c ****   uint32_t winterruptmask;
 107              		.loc 1 114 3 view .LVU19
 115:Drivers/STM32G4xx_HAL_Driver/Src/stm32g4xx_ll_usb.c **** 
 116:Drivers/STM32G4xx_HAL_Driver/Src/stm32g4xx_ll_usb.c ****   /* Set winterruptmask variable */
 117:Drivers/STM32G4xx_HAL_Driver/Src/stm32g4xx_ll_usb.c ****   winterruptmask = USB_CNTR_CTRM  | USB_CNTR_WKUPM |
 108              		.loc 1 117 3 view .LVU20
 118:Drivers/STM32G4xx_HAL_Driver/Src/stm32g4xx_ll_usb.c ****                    USB_CNTR_SUSPM | USB_CNTR_ERRM |
 119:Drivers/STM32G4xx_HAL_Driver/Src/stm32g4xx_ll_usb.c ****                    USB_CNTR_SOFM | USB_CNTR_ESOFM |
 120:Drivers/STM32G4xx_HAL_Driver/Src/stm32g4xx_ll_usb.c ****                    USB_CNTR_RESETM | USB_CNTR_L1REQM;
 121:Drivers/STM32G4xx_HAL_Driver/Src/stm32g4xx_ll_usb.c **** 
 122:Drivers/STM32G4xx_HAL_Driver/Src/stm32g4xx_ll_usb.c ****   /* Clear interrupt mask */
 123:Drivers/STM32G4xx_HAL_Driver/Src/stm32g4xx_ll_usb.c ****   USBx->CNTR &= (uint16_t)(~winterruptmask);
 109              		.loc 1 123 3 view .LVU21
 110              		.loc 1 123 7 is_stmt 0 view .LVU22
ARM GAS  /tmp/ccZui67l.s 			page 5


 111 0000 B0F84030 		ldrh	r3, [r0, #64]
 112              		.loc 1 123 14 view .LVU23
 113 0004 23F47E53 		bic	r3, r3, #16256
 114 0008 5B04     		lsls	r3, r3, #17
 115 000a 5B0C     		lsrs	r3, r3, #17
 116 000c A0F84030 		strh	r3, [r0, #64]	@ movhi
 124:Drivers/STM32G4xx_HAL_Driver/Src/stm32g4xx_ll_usb.c **** 
 125:Drivers/STM32G4xx_HAL_Driver/Src/stm32g4xx_ll_usb.c ****   return HAL_OK;
 117              		.loc 1 125 3 is_stmt 1 view .LVU24
 126:Drivers/STM32G4xx_HAL_Driver/Src/stm32g4xx_ll_usb.c **** }
 118              		.loc 1 126 1 is_stmt 0 view .LVU25
 119 0010 0020     		movs	r0, #0
 120              	.LVL6:
 121              		.loc 1 126 1 view .LVU26
 122 0012 7047     		bx	lr
 123              		.cfi_endproc
 124              	.LFE331:
 126              		.section	.text.USB_SetCurrentMode,"ax",%progbits
 127              		.align	1
 128              		.global	USB_SetCurrentMode
 129              		.syntax unified
 130              		.thumb
 131              		.thumb_func
 133              	USB_SetCurrentMode:
 134              	.LVL7:
 135              	.LFB332:
 127:Drivers/STM32G4xx_HAL_Driver/Src/stm32g4xx_ll_usb.c **** 
 128:Drivers/STM32G4xx_HAL_Driver/Src/stm32g4xx_ll_usb.c **** /**
 129:Drivers/STM32G4xx_HAL_Driver/Src/stm32g4xx_ll_usb.c ****   * @brief  USB_SetCurrentMode Set functional mode
 130:Drivers/STM32G4xx_HAL_Driver/Src/stm32g4xx_ll_usb.c ****   * @param  USBx Selected device
 131:Drivers/STM32G4xx_HAL_Driver/Src/stm32g4xx_ll_usb.c ****   * @param  mode current core mode
 132:Drivers/STM32G4xx_HAL_Driver/Src/stm32g4xx_ll_usb.c ****   *          This parameter can be one of the these values:
 133:Drivers/STM32G4xx_HAL_Driver/Src/stm32g4xx_ll_usb.c ****   *            @arg USB_DEVICE_MODE Peripheral mode
 134:Drivers/STM32G4xx_HAL_Driver/Src/stm32g4xx_ll_usb.c ****   * @retval HAL status
 135:Drivers/STM32G4xx_HAL_Driver/Src/stm32g4xx_ll_usb.c ****   */
 136:Drivers/STM32G4xx_HAL_Driver/Src/stm32g4xx_ll_usb.c **** HAL_StatusTypeDef USB_SetCurrentMode(USB_TypeDef const *USBx, USB_ModeTypeDef mode)
 137:Drivers/STM32G4xx_HAL_Driver/Src/stm32g4xx_ll_usb.c **** {
 136              		.loc 1 137 1 is_stmt 1 view -0
 137              		.cfi_startproc
 138              		@ args = 0, pretend = 0, frame = 0
 139              		@ frame_needed = 0, uses_anonymous_args = 0
 140              		@ link register save eliminated.
 138:Drivers/STM32G4xx_HAL_Driver/Src/stm32g4xx_ll_usb.c ****   /* Prevent unused argument(s) compilation warning */
 139:Drivers/STM32G4xx_HAL_Driver/Src/stm32g4xx_ll_usb.c ****   UNUSED(USBx);
 141              		.loc 1 139 3 view .LVU28
 140:Drivers/STM32G4xx_HAL_Driver/Src/stm32g4xx_ll_usb.c ****   UNUSED(mode);
 142              		.loc 1 140 3 view .LVU29
 141:Drivers/STM32G4xx_HAL_Driver/Src/stm32g4xx_ll_usb.c **** 
 142:Drivers/STM32G4xx_HAL_Driver/Src/stm32g4xx_ll_usb.c ****   /* NOTE : - This function is not required by USB Device FS peripheral, it is used
 143:Drivers/STM32G4xx_HAL_Driver/Src/stm32g4xx_ll_usb.c ****               only by USB OTG FS peripheral.
 144:Drivers/STM32G4xx_HAL_Driver/Src/stm32g4xx_ll_usb.c ****             - This function is added to ensure compatibility across platforms.
 145:Drivers/STM32G4xx_HAL_Driver/Src/stm32g4xx_ll_usb.c ****    */
 146:Drivers/STM32G4xx_HAL_Driver/Src/stm32g4xx_ll_usb.c ****   return HAL_OK;
 143              		.loc 1 146 3 view .LVU30
 147:Drivers/STM32G4xx_HAL_Driver/Src/stm32g4xx_ll_usb.c **** }
 144              		.loc 1 147 1 is_stmt 0 view .LVU31
 145 0000 0020     		movs	r0, #0
ARM GAS  /tmp/ccZui67l.s 			page 6


 146              	.LVL8:
 147              		.loc 1 147 1 view .LVU32
 148 0002 7047     		bx	lr
 149              		.cfi_endproc
 150              	.LFE332:
 152              		.section	.text.USB_DevInit,"ax",%progbits
 153              		.align	1
 154              		.global	USB_DevInit
 155              		.syntax unified
 156              		.thumb
 157              		.thumb_func
 159              	USB_DevInit:
 160              	.LVL9:
 161              	.LFB333:
 148:Drivers/STM32G4xx_HAL_Driver/Src/stm32g4xx_ll_usb.c **** 
 149:Drivers/STM32G4xx_HAL_Driver/Src/stm32g4xx_ll_usb.c **** /**
 150:Drivers/STM32G4xx_HAL_Driver/Src/stm32g4xx_ll_usb.c ****   * @brief  USB_DevInit Initializes the USB controller registers
 151:Drivers/STM32G4xx_HAL_Driver/Src/stm32g4xx_ll_usb.c ****   *         for device mode
 152:Drivers/STM32G4xx_HAL_Driver/Src/stm32g4xx_ll_usb.c ****   * @param  USBx Selected device
 153:Drivers/STM32G4xx_HAL_Driver/Src/stm32g4xx_ll_usb.c ****   * @param  cfg  pointer to a USB_CfgTypeDef structure that contains
 154:Drivers/STM32G4xx_HAL_Driver/Src/stm32g4xx_ll_usb.c ****   *         the configuration information for the specified USBx peripheral.
 155:Drivers/STM32G4xx_HAL_Driver/Src/stm32g4xx_ll_usb.c ****   * @retval HAL status
 156:Drivers/STM32G4xx_HAL_Driver/Src/stm32g4xx_ll_usb.c ****   */
 157:Drivers/STM32G4xx_HAL_Driver/Src/stm32g4xx_ll_usb.c **** HAL_StatusTypeDef USB_DevInit(USB_TypeDef *USBx, USB_CfgTypeDef cfg)
 158:Drivers/STM32G4xx_HAL_Driver/Src/stm32g4xx_ll_usb.c **** {
 162              		.loc 1 158 1 is_stmt 1 view -0
 163              		.cfi_startproc
 164              		@ args = 0, pretend = 0, frame = 8
 165              		@ frame_needed = 0, uses_anonymous_args = 0
 166              		@ link register save eliminated.
 167              		.loc 1 158 1 is_stmt 0 view .LVU34
 168 0000 82B0     		sub	sp, sp, #8
 169              	.LCFI2:
 170              		.cfi_def_cfa_offset 8
 171 0002 0346     		mov	r3, r0
 172 0004 02A8     		add	r0, sp, #8
 173              	.LVL10:
 174              		.loc 1 158 1 view .LVU35
 175 0006 00E90600 		stmdb	r0, {r1, r2}
 159:Drivers/STM32G4xx_HAL_Driver/Src/stm32g4xx_ll_usb.c ****   /* Prevent unused argument(s) compilation warning */
 160:Drivers/STM32G4xx_HAL_Driver/Src/stm32g4xx_ll_usb.c ****   UNUSED(cfg);
 176              		.loc 1 160 3 is_stmt 1 view .LVU36
 161:Drivers/STM32G4xx_HAL_Driver/Src/stm32g4xx_ll_usb.c **** 
 162:Drivers/STM32G4xx_HAL_Driver/Src/stm32g4xx_ll_usb.c ****   /* Init Device */
 163:Drivers/STM32G4xx_HAL_Driver/Src/stm32g4xx_ll_usb.c ****   /* CNTR_FRES = 1 */
 164:Drivers/STM32G4xx_HAL_Driver/Src/stm32g4xx_ll_usb.c ****   USBx->CNTR = (uint16_t)USB_CNTR_FRES;
 177              		.loc 1 164 3 view .LVU37
 178              		.loc 1 164 14 is_stmt 0 view .LVU38
 179 000a 0122     		movs	r2, #1
 180 000c A3F84020 		strh	r2, [r3, #64]	@ movhi
 165:Drivers/STM32G4xx_HAL_Driver/Src/stm32g4xx_ll_usb.c **** 
 166:Drivers/STM32G4xx_HAL_Driver/Src/stm32g4xx_ll_usb.c ****   /* CNTR_FRES = 0 */
 167:Drivers/STM32G4xx_HAL_Driver/Src/stm32g4xx_ll_usb.c ****   USBx->CNTR = 0U;
 181              		.loc 1 167 3 is_stmt 1 view .LVU39
 182              		.loc 1 167 14 is_stmt 0 view .LVU40
 183 0010 0020     		movs	r0, #0
 184 0012 A3F84000 		strh	r0, [r3, #64]	@ movhi
ARM GAS  /tmp/ccZui67l.s 			page 7


 168:Drivers/STM32G4xx_HAL_Driver/Src/stm32g4xx_ll_usb.c **** 
 169:Drivers/STM32G4xx_HAL_Driver/Src/stm32g4xx_ll_usb.c ****   /* Clear pending interrupts */
 170:Drivers/STM32G4xx_HAL_Driver/Src/stm32g4xx_ll_usb.c ****   USBx->ISTR = 0U;
 185              		.loc 1 170 3 is_stmt 1 view .LVU41
 186              		.loc 1 170 14 is_stmt 0 view .LVU42
 187 0016 A3F84400 		strh	r0, [r3, #68]	@ movhi
 171:Drivers/STM32G4xx_HAL_Driver/Src/stm32g4xx_ll_usb.c **** 
 172:Drivers/STM32G4xx_HAL_Driver/Src/stm32g4xx_ll_usb.c ****   /*Set Btable Address*/
 173:Drivers/STM32G4xx_HAL_Driver/Src/stm32g4xx_ll_usb.c ****   USBx->BTABLE = BTABLE_ADDRESS;
 188              		.loc 1 173 3 is_stmt 1 view .LVU43
 189              		.loc 1 173 16 is_stmt 0 view .LVU44
 190 001a A3F85000 		strh	r0, [r3, #80]	@ movhi
 174:Drivers/STM32G4xx_HAL_Driver/Src/stm32g4xx_ll_usb.c **** 
 175:Drivers/STM32G4xx_HAL_Driver/Src/stm32g4xx_ll_usb.c ****   return HAL_OK;
 191              		.loc 1 175 3 is_stmt 1 view .LVU45
 176:Drivers/STM32G4xx_HAL_Driver/Src/stm32g4xx_ll_usb.c **** }
 192              		.loc 1 176 1 is_stmt 0 view .LVU46
 193 001e 02B0     		add	sp, sp, #8
 194              	.LCFI3:
 195              		.cfi_def_cfa_offset 0
 196              		@ sp needed
 197 0020 7047     		bx	lr
 198              		.cfi_endproc
 199              	.LFE333:
 201              		.section	.text.USB_FlushTxFifo,"ax",%progbits
 202              		.align	1
 203              		.global	USB_FlushTxFifo
 204              		.syntax unified
 205              		.thumb
 206              		.thumb_func
 208              	USB_FlushTxFifo:
 209              	.LVL11:
 210              	.LFB334:
 177:Drivers/STM32G4xx_HAL_Driver/Src/stm32g4xx_ll_usb.c **** 
 178:Drivers/STM32G4xx_HAL_Driver/Src/stm32g4xx_ll_usb.c **** /**
 179:Drivers/STM32G4xx_HAL_Driver/Src/stm32g4xx_ll_usb.c ****   * @brief  USB_FlushTxFifo : Flush a Tx FIFO
 180:Drivers/STM32G4xx_HAL_Driver/Src/stm32g4xx_ll_usb.c ****   * @param  USBx : Selected device
 181:Drivers/STM32G4xx_HAL_Driver/Src/stm32g4xx_ll_usb.c ****   * @param  num : FIFO number
 182:Drivers/STM32G4xx_HAL_Driver/Src/stm32g4xx_ll_usb.c ****   *         This parameter can be a value from 1 to 15
 183:Drivers/STM32G4xx_HAL_Driver/Src/stm32g4xx_ll_usb.c ****             15 means Flush all Tx FIFOs
 184:Drivers/STM32G4xx_HAL_Driver/Src/stm32g4xx_ll_usb.c ****   * @retval HAL status
 185:Drivers/STM32G4xx_HAL_Driver/Src/stm32g4xx_ll_usb.c ****   */
 186:Drivers/STM32G4xx_HAL_Driver/Src/stm32g4xx_ll_usb.c **** HAL_StatusTypeDef USB_FlushTxFifo(USB_TypeDef const *USBx, uint32_t num)
 187:Drivers/STM32G4xx_HAL_Driver/Src/stm32g4xx_ll_usb.c **** {
 211              		.loc 1 187 1 is_stmt 1 view -0
 212              		.cfi_startproc
 213              		@ args = 0, pretend = 0, frame = 0
 214              		@ frame_needed = 0, uses_anonymous_args = 0
 215              		@ link register save eliminated.
 188:Drivers/STM32G4xx_HAL_Driver/Src/stm32g4xx_ll_usb.c ****   /* Prevent unused argument(s) compilation warning */
 189:Drivers/STM32G4xx_HAL_Driver/Src/stm32g4xx_ll_usb.c ****   UNUSED(USBx);
 216              		.loc 1 189 3 view .LVU48
 190:Drivers/STM32G4xx_HAL_Driver/Src/stm32g4xx_ll_usb.c ****   UNUSED(num);
 217              		.loc 1 190 3 view .LVU49
 191:Drivers/STM32G4xx_HAL_Driver/Src/stm32g4xx_ll_usb.c **** 
 192:Drivers/STM32G4xx_HAL_Driver/Src/stm32g4xx_ll_usb.c ****   /* NOTE : - This function is not required by USB Device FS peripheral, it is used
 193:Drivers/STM32G4xx_HAL_Driver/Src/stm32g4xx_ll_usb.c ****               only by USB OTG FS peripheral.
ARM GAS  /tmp/ccZui67l.s 			page 8


 194:Drivers/STM32G4xx_HAL_Driver/Src/stm32g4xx_ll_usb.c ****             - This function is added to ensure compatibility across platforms.
 195:Drivers/STM32G4xx_HAL_Driver/Src/stm32g4xx_ll_usb.c ****    */
 196:Drivers/STM32G4xx_HAL_Driver/Src/stm32g4xx_ll_usb.c **** 
 197:Drivers/STM32G4xx_HAL_Driver/Src/stm32g4xx_ll_usb.c ****   return HAL_OK;
 218              		.loc 1 197 3 view .LVU50
 198:Drivers/STM32G4xx_HAL_Driver/Src/stm32g4xx_ll_usb.c **** }
 219              		.loc 1 198 1 is_stmt 0 view .LVU51
 220 0000 0020     		movs	r0, #0
 221              	.LVL12:
 222              		.loc 1 198 1 view .LVU52
 223 0002 7047     		bx	lr
 224              		.cfi_endproc
 225              	.LFE334:
 227              		.section	.text.USB_FlushRxFifo,"ax",%progbits
 228              		.align	1
 229              		.global	USB_FlushRxFifo
 230              		.syntax unified
 231              		.thumb
 232              		.thumb_func
 234              	USB_FlushRxFifo:
 235              	.LVL13:
 236              	.LFB335:
 199:Drivers/STM32G4xx_HAL_Driver/Src/stm32g4xx_ll_usb.c **** 
 200:Drivers/STM32G4xx_HAL_Driver/Src/stm32g4xx_ll_usb.c **** /**
 201:Drivers/STM32G4xx_HAL_Driver/Src/stm32g4xx_ll_usb.c ****   * @brief  USB_FlushRxFifo : Flush Rx FIFO
 202:Drivers/STM32G4xx_HAL_Driver/Src/stm32g4xx_ll_usb.c ****   * @param  USBx : Selected device
 203:Drivers/STM32G4xx_HAL_Driver/Src/stm32g4xx_ll_usb.c ****   * @retval HAL status
 204:Drivers/STM32G4xx_HAL_Driver/Src/stm32g4xx_ll_usb.c ****   */
 205:Drivers/STM32G4xx_HAL_Driver/Src/stm32g4xx_ll_usb.c **** HAL_StatusTypeDef USB_FlushRxFifo(USB_TypeDef const *USBx)
 206:Drivers/STM32G4xx_HAL_Driver/Src/stm32g4xx_ll_usb.c **** {
 237              		.loc 1 206 1 is_stmt 1 view -0
 238              		.cfi_startproc
 239              		@ args = 0, pretend = 0, frame = 0
 240              		@ frame_needed = 0, uses_anonymous_args = 0
 241              		@ link register save eliminated.
 207:Drivers/STM32G4xx_HAL_Driver/Src/stm32g4xx_ll_usb.c ****   /* Prevent unused argument(s) compilation warning */
 208:Drivers/STM32G4xx_HAL_Driver/Src/stm32g4xx_ll_usb.c ****   UNUSED(USBx);
 242              		.loc 1 208 3 view .LVU54
 209:Drivers/STM32G4xx_HAL_Driver/Src/stm32g4xx_ll_usb.c **** 
 210:Drivers/STM32G4xx_HAL_Driver/Src/stm32g4xx_ll_usb.c ****   /* NOTE : - This function is not required by USB Device FS peripheral, it is used
 211:Drivers/STM32G4xx_HAL_Driver/Src/stm32g4xx_ll_usb.c ****               only by USB OTG FS peripheral.
 212:Drivers/STM32G4xx_HAL_Driver/Src/stm32g4xx_ll_usb.c ****             - This function is added to ensure compatibility across platforms.
 213:Drivers/STM32G4xx_HAL_Driver/Src/stm32g4xx_ll_usb.c ****    */
 214:Drivers/STM32G4xx_HAL_Driver/Src/stm32g4xx_ll_usb.c **** 
 215:Drivers/STM32G4xx_HAL_Driver/Src/stm32g4xx_ll_usb.c ****   return HAL_OK;
 243              		.loc 1 215 3 view .LVU55
 216:Drivers/STM32G4xx_HAL_Driver/Src/stm32g4xx_ll_usb.c **** }
 244              		.loc 1 216 1 is_stmt 0 view .LVU56
 245 0000 0020     		movs	r0, #0
 246              	.LVL14:
 247              		.loc 1 216 1 view .LVU57
 248 0002 7047     		bx	lr
 249              		.cfi_endproc
 250              	.LFE335:
 252              		.section	.text.USB_ActivateEndpoint,"ax",%progbits
 253              		.align	1
 254              		.global	USB_ActivateEndpoint
ARM GAS  /tmp/ccZui67l.s 			page 9


 255              		.syntax unified
 256              		.thumb
 257              		.thumb_func
 259              	USB_ActivateEndpoint:
 260              	.LVL15:
 261              	.LFB336:
 217:Drivers/STM32G4xx_HAL_Driver/Src/stm32g4xx_ll_usb.c **** 
 218:Drivers/STM32G4xx_HAL_Driver/Src/stm32g4xx_ll_usb.c **** 
 219:Drivers/STM32G4xx_HAL_Driver/Src/stm32g4xx_ll_usb.c **** #if defined (HAL_PCD_MODULE_ENABLED)
 220:Drivers/STM32G4xx_HAL_Driver/Src/stm32g4xx_ll_usb.c **** /**
 221:Drivers/STM32G4xx_HAL_Driver/Src/stm32g4xx_ll_usb.c ****   * @brief  Activate and configure an endpoint
 222:Drivers/STM32G4xx_HAL_Driver/Src/stm32g4xx_ll_usb.c ****   * @param  USBx Selected device
 223:Drivers/STM32G4xx_HAL_Driver/Src/stm32g4xx_ll_usb.c ****   * @param  ep pointer to endpoint structure
 224:Drivers/STM32G4xx_HAL_Driver/Src/stm32g4xx_ll_usb.c ****   * @retval HAL status
 225:Drivers/STM32G4xx_HAL_Driver/Src/stm32g4xx_ll_usb.c ****   */
 226:Drivers/STM32G4xx_HAL_Driver/Src/stm32g4xx_ll_usb.c **** HAL_StatusTypeDef USB_ActivateEndpoint(USB_TypeDef *USBx, USB_EPTypeDef *ep)
 227:Drivers/STM32G4xx_HAL_Driver/Src/stm32g4xx_ll_usb.c **** {
 262              		.loc 1 227 1 is_stmt 1 view -0
 263              		.cfi_startproc
 264              		@ args = 0, pretend = 0, frame = 0
 265              		@ frame_needed = 0, uses_anonymous_args = 0
 266              		.loc 1 227 1 is_stmt 0 view .LVU59
 267 0000 00B5     		push	{lr}
 268              	.LCFI4:
 269              		.cfi_def_cfa_offset 4
 270              		.cfi_offset 14, -4
 271 0002 0346     		mov	r3, r0
 228:Drivers/STM32G4xx_HAL_Driver/Src/stm32g4xx_ll_usb.c ****   HAL_StatusTypeDef ret = HAL_OK;
 272              		.loc 1 228 3 is_stmt 1 view .LVU60
 273              	.LVL16:
 229:Drivers/STM32G4xx_HAL_Driver/Src/stm32g4xx_ll_usb.c ****   uint16_t wEpRegVal;
 274              		.loc 1 229 3 view .LVU61
 230:Drivers/STM32G4xx_HAL_Driver/Src/stm32g4xx_ll_usb.c **** 
 231:Drivers/STM32G4xx_HAL_Driver/Src/stm32g4xx_ll_usb.c ****   wEpRegVal = PCD_GET_ENDPOINT(USBx, ep->num) & USB_EP_T_MASK;
 275              		.loc 1 231 3 view .LVU62
 276              		.loc 1 231 15 is_stmt 0 view .LVU63
 277 0004 91F800C0 		ldrb	ip, [r1]	@ zero_extendqisi2
 278              		.loc 1 231 47 view .LVU64
 279 0008 30F82C20 		ldrh	r2, [r0, ip, lsl #2]
 280              		.loc 1 231 13 view .LVU65
 281 000c 22F4EC42 		bic	r2, r2, #30208
 282 0010 22F07002 		bic	r2, r2, #112
 283 0014 92B2     		uxth	r2, r2
 284              	.LVL17:
 232:Drivers/STM32G4xx_HAL_Driver/Src/stm32g4xx_ll_usb.c **** 
 233:Drivers/STM32G4xx_HAL_Driver/Src/stm32g4xx_ll_usb.c ****   /* initialize Endpoint */
 234:Drivers/STM32G4xx_HAL_Driver/Src/stm32g4xx_ll_usb.c ****   switch (ep->type)
 285              		.loc 1 234 3 is_stmt 1 view .LVU66
 286              		.loc 1 234 13 is_stmt 0 view .LVU67
 287 0016 C878     		ldrb	r0, [r1, #3]	@ zero_extendqisi2
 288              	.LVL18:
 289              		.loc 1 234 3 view .LVU68
 290 0018 0328     		cmp	r0, #3
 291 001a 5FD8     		bhi	.L50
 292 001c DFE800F0 		tbb	[pc, r0]
 293              	.L13:
 294 0020 53       		.byte	(.L16-.L13)/2
ARM GAS  /tmp/ccZui67l.s 			page 10


 295 0021 5A       		.byte	(.L15-.L13)/2
 296 0022 02       		.byte	(.L14-.L13)/2
 297 0023 56       		.byte	(.L12-.L13)/2
 298              		.p2align 1
 299              	.L14:
 300 0024 0020     		movs	r0, #0
 301              	.L11:
 302              	.LVL19:
 235:Drivers/STM32G4xx_HAL_Driver/Src/stm32g4xx_ll_usb.c ****   {
 236:Drivers/STM32G4xx_HAL_Driver/Src/stm32g4xx_ll_usb.c ****     case EP_TYPE_CTRL:
 237:Drivers/STM32G4xx_HAL_Driver/Src/stm32g4xx_ll_usb.c ****       wEpRegVal |= USB_EP_CONTROL;
 238:Drivers/STM32G4xx_HAL_Driver/Src/stm32g4xx_ll_usb.c ****       break;
 239:Drivers/STM32G4xx_HAL_Driver/Src/stm32g4xx_ll_usb.c **** 
 240:Drivers/STM32G4xx_HAL_Driver/Src/stm32g4xx_ll_usb.c ****     case EP_TYPE_BULK:
 241:Drivers/STM32G4xx_HAL_Driver/Src/stm32g4xx_ll_usb.c ****       wEpRegVal |= USB_EP_BULK;
 242:Drivers/STM32G4xx_HAL_Driver/Src/stm32g4xx_ll_usb.c ****       break;
 243:Drivers/STM32G4xx_HAL_Driver/Src/stm32g4xx_ll_usb.c **** 
 244:Drivers/STM32G4xx_HAL_Driver/Src/stm32g4xx_ll_usb.c ****     case EP_TYPE_INTR:
 245:Drivers/STM32G4xx_HAL_Driver/Src/stm32g4xx_ll_usb.c ****       wEpRegVal |= USB_EP_INTERRUPT;
 246:Drivers/STM32G4xx_HAL_Driver/Src/stm32g4xx_ll_usb.c ****       break;
 247:Drivers/STM32G4xx_HAL_Driver/Src/stm32g4xx_ll_usb.c **** 
 248:Drivers/STM32G4xx_HAL_Driver/Src/stm32g4xx_ll_usb.c ****     case EP_TYPE_ISOC:
 249:Drivers/STM32G4xx_HAL_Driver/Src/stm32g4xx_ll_usb.c ****       wEpRegVal |= USB_EP_ISOCHRONOUS;
 250:Drivers/STM32G4xx_HAL_Driver/Src/stm32g4xx_ll_usb.c ****       break;
 251:Drivers/STM32G4xx_HAL_Driver/Src/stm32g4xx_ll_usb.c **** 
 252:Drivers/STM32G4xx_HAL_Driver/Src/stm32g4xx_ll_usb.c ****     default:
 253:Drivers/STM32G4xx_HAL_Driver/Src/stm32g4xx_ll_usb.c ****       ret = HAL_ERROR;
 254:Drivers/STM32G4xx_HAL_Driver/Src/stm32g4xx_ll_usb.c ****       break;
 255:Drivers/STM32G4xx_HAL_Driver/Src/stm32g4xx_ll_usb.c ****   }
 256:Drivers/STM32G4xx_HAL_Driver/Src/stm32g4xx_ll_usb.c **** 
 257:Drivers/STM32G4xx_HAL_Driver/Src/stm32g4xx_ll_usb.c ****   PCD_SET_ENDPOINT(USBx, ep->num, (wEpRegVal | USB_EP_CTR_RX | USB_EP_CTR_TX));
 303              		.loc 1 257 3 is_stmt 1 view .LVU69
 304 0026 48F2800E 		movw	lr, #32896
 305 002a 42EA0E02 		orr	r2, r2, lr
 306              	.LVL20:
 307              		.loc 1 257 3 is_stmt 0 view .LVU70
 308 002e 23F82C20 		strh	r2, [r3, ip, lsl #2]	@ movhi
 258:Drivers/STM32G4xx_HAL_Driver/Src/stm32g4xx_ll_usb.c **** 
 259:Drivers/STM32G4xx_HAL_Driver/Src/stm32g4xx_ll_usb.c ****   PCD_SET_EP_ADDRESS(USBx, ep->num, ep->num);
 309              		.loc 1 259 3 is_stmt 1 view .LVU71
 310              	.LBB2:
 311              		.loc 1 259 3 view .LVU72
 312              		.loc 1 259 3 view .LVU73
 313 0032 91F800C0 		ldrb	ip, [r1]	@ zero_extendqisi2
 314 0036 33F82C20 		ldrh	r2, [r3, ip, lsl #2]
 315 003a 22F4E042 		bic	r2, r2, #28672
 316 003e 22F07002 		bic	r2, r2, #112
 317 0042 4CEA0202 		orr	r2, ip, r2
 318              	.LVL21:
 319              		.loc 1 259 3 view .LVU74
 320 0046 42EA0E02 		orr	r2, r2, lr
 321              	.LVL22:
 322              		.loc 1 259 3 is_stmt 0 view .LVU75
 323 004a 23F82C20 		strh	r2, [r3, ip, lsl #2]	@ movhi
 324              	.LBE2:
 325              		.loc 1 259 3 is_stmt 1 view .LVU76
 260:Drivers/STM32G4xx_HAL_Driver/Src/stm32g4xx_ll_usb.c **** 
ARM GAS  /tmp/ccZui67l.s 			page 11


 261:Drivers/STM32G4xx_HAL_Driver/Src/stm32g4xx_ll_usb.c ****   if (ep->doublebuffer == 0U)
 326              		.loc 1 261 3 view .LVU77
 327              		.loc 1 261 9 is_stmt 0 view .LVU78
 328 004e 0A7B     		ldrb	r2, [r1, #12]	@ zero_extendqisi2
 329              		.loc 1 261 6 view .LVU79
 330 0050 002A     		cmp	r2, #0
 331 0052 40F0D680 		bne	.L17
 262:Drivers/STM32G4xx_HAL_Driver/Src/stm32g4xx_ll_usb.c ****   {
 263:Drivers/STM32G4xx_HAL_Driver/Src/stm32g4xx_ll_usb.c ****     if (ep->is_in != 0U)
 332              		.loc 1 263 5 is_stmt 1 view .LVU80
 333              		.loc 1 263 11 is_stmt 0 view .LVU81
 334 0056 4A78     		ldrb	r2, [r1, #1]	@ zero_extendqisi2
 335              		.loc 1 263 8 view .LVU82
 336 0058 002A     		cmp	r2, #0
 337 005a 4FD0     		beq	.L18
 264:Drivers/STM32G4xx_HAL_Driver/Src/stm32g4xx_ll_usb.c ****     {
 265:Drivers/STM32G4xx_HAL_Driver/Src/stm32g4xx_ll_usb.c ****       /*Set the endpoint Transmit buffer address */
 266:Drivers/STM32G4xx_HAL_Driver/Src/stm32g4xx_ll_usb.c ****       PCD_SET_EP_TX_ADDRESS(USBx, ep->num, ep->pmaadress);
 338              		.loc 1 266 7 is_stmt 1 view .LVU83
 339              	.LBB3:
 340              		.loc 1 266 7 view .LVU84
 341              		.loc 1 266 7 view .LVU85
 342              	.LVL23:
 343              		.loc 1 266 7 view .LVU86
 344 005c B3F85020 		ldrh	r2, [r3, #80]
 345 0060 1A44     		add	r2, r2, r3
 346              	.LVL24:
 347              		.loc 1 266 7 view .LVU87
 348 0062 91F800C0 		ldrb	ip, [r1]	@ zero_extendqisi2
 349              		.loc 1 266 7 is_stmt 0 view .LVU88
 350 0066 02EBCC02 		add	r2, r2, ip, lsl #3
 351              	.LVL25:
 352              		.loc 1 266 7 is_stmt 1 view .LVU89
 353 006a B1F806C0 		ldrh	ip, [r1, #6]
 354 006e 4FEA5C0C 		lsr	ip, ip, #1
 355 0072 4FEA4C0C 		lsl	ip, ip, #1
 356 0076 A2F800C4 		strh	ip, [r2, #1024]	@ movhi
 357              	.LBE3:
 358              		.loc 1 266 7 view .LVU90
 267:Drivers/STM32G4xx_HAL_Driver/Src/stm32g4xx_ll_usb.c ****       PCD_CLEAR_TX_DTOG(USBx, ep->num);
 359              		.loc 1 267 7 view .LVU91
 360              	.LBB4:
 361              		.loc 1 267 7 view .LVU92
 362              		.loc 1 267 7 view .LVU93
 363 007a 91F800C0 		ldrb	ip, [r1]	@ zero_extendqisi2
 364 007e 33F82C20 		ldrh	r2, [r3, ip, lsl #2]
 365              	.LVL26:
 366              		.loc 1 267 7 view .LVU94
 367 0082 12F0400F 		tst	r2, #64
 368 0086 0BD0     		beq	.L19
 369              		.loc 1 267 7 discriminator 1 view .LVU95
 370              	.LBB5:
 371              		.loc 1 267 7 discriminator 1 view .LVU96
 372              		.loc 1 267 7 discriminator 1 view .LVU97
 373 0088 33F82C20 		ldrh	r2, [r3, ip, lsl #2]
 374              	.LVL27:
 375              		.loc 1 267 7 is_stmt 0 discriminator 1 view .LVU98
ARM GAS  /tmp/ccZui67l.s 			page 12


 376 008c 22F4E042 		bic	r2, r2, #28672
 377 0090 22F07002 		bic	r2, r2, #112
 378              	.LVL28:
 379              		.loc 1 267 7 is_stmt 1 discriminator 1 view .LVU99
 380 0094 42F40042 		orr	r2, r2, #32768
 381              	.LVL29:
 382              		.loc 1 267 7 is_stmt 0 discriminator 1 view .LVU100
 383 0098 42F0C002 		orr	r2, r2, #192
 384 009c 23F82C20 		strh	r2, [r3, ip, lsl #2]	@ movhi
 385              	.LVL30:
 386              	.L19:
 387              		.loc 1 267 7 discriminator 1 view .LVU101
 388              	.LBE5:
 389              		.loc 1 267 7 is_stmt 1 discriminator 2 view .LVU102
 390              	.LBE4:
 391              		.loc 1 267 7 discriminator 2 view .LVU103
 268:Drivers/STM32G4xx_HAL_Driver/Src/stm32g4xx_ll_usb.c **** 
 269:Drivers/STM32G4xx_HAL_Driver/Src/stm32g4xx_ll_usb.c ****       if (ep->type != EP_TYPE_ISOC)
 392              		.loc 1 269 7 view .LVU104
 393              		.loc 1 269 13 is_stmt 0 view .LVU105
 394 00a0 CA78     		ldrb	r2, [r1, #3]	@ zero_extendqisi2
 395              		.loc 1 269 10 view .LVU106
 396 00a2 012A     		cmp	r2, #1
 397 00a4 1CD0     		beq	.L20
 270:Drivers/STM32G4xx_HAL_Driver/Src/stm32g4xx_ll_usb.c ****       {
 271:Drivers/STM32G4xx_HAL_Driver/Src/stm32g4xx_ll_usb.c ****         /* Configure NAK status for the Endpoint */
 272:Drivers/STM32G4xx_HAL_Driver/Src/stm32g4xx_ll_usb.c ****         PCD_SET_EP_TX_STATUS(USBx, ep->num, USB_EP_TX_NAK);
 398              		.loc 1 272 9 is_stmt 1 view .LVU107
 399              	.LBB6:
 400              		.loc 1 272 9 view .LVU108
 401              		.loc 1 272 9 view .LVU109
 402 00a6 0978     		ldrb	r1, [r1]	@ zero_extendqisi2
 403              	.LVL31:
 404              		.loc 1 272 9 is_stmt 0 view .LVU110
 405 00a8 33F82120 		ldrh	r2, [r3, r1, lsl #2]
 406 00ac 22F4E042 		bic	r2, r2, #28672
 407 00b0 22F04002 		bic	r2, r2, #64
 408              	.LVL32:
 409              		.loc 1 272 9 is_stmt 1 view .LVU111
 410              		.loc 1 272 9 discriminator 2 view .LVU112
 411              		.loc 1 272 9 discriminator 3 view .LVU113
 412 00b4 82F02002 		eor	r2, r2, #32
 413              	.LVL33:
 414              		.loc 1 272 9 discriminator 4 view .LVU114
 415 00b8 42F40042 		orr	r2, r2, #32768
 416              	.LVL34:
 417              		.loc 1 272 9 is_stmt 0 discriminator 4 view .LVU115
 418 00bc 42F08002 		orr	r2, r2, #128
 419 00c0 23F82120 		strh	r2, [r3, r1, lsl #2]	@ movhi
 420              	.LBE6:
 421              		.loc 1 272 9 is_stmt 1 discriminator 4 view .LVU116
 422 00c4 BAE1     		b	.L21
 423              	.LVL35:
 424              	.L16:
 237:Drivers/STM32G4xx_HAL_Driver/Src/stm32g4xx_ll_usb.c ****       break;
 425              		.loc 1 237 7 view .LVU117
 237:Drivers/STM32G4xx_HAL_Driver/Src/stm32g4xx_ll_usb.c ****       break;
ARM GAS  /tmp/ccZui67l.s 			page 13


 426              		.loc 1 237 17 is_stmt 0 view .LVU118
 427 00c6 42F40072 		orr	r2, r2, #512
 428              	.LVL36:
 238:Drivers/STM32G4xx_HAL_Driver/Src/stm32g4xx_ll_usb.c **** 
 429              		.loc 1 238 7 is_stmt 1 view .LVU119
 430 00ca ACE7     		b	.L11
 431              	.L12:
 245:Drivers/STM32G4xx_HAL_Driver/Src/stm32g4xx_ll_usb.c ****       break;
 432              		.loc 1 245 7 view .LVU120
 245:Drivers/STM32G4xx_HAL_Driver/Src/stm32g4xx_ll_usb.c ****       break;
 433              		.loc 1 245 17 is_stmt 0 view .LVU121
 434 00cc 42F4C062 		orr	r2, r2, #1536
 435              	.LVL37:
 246:Drivers/STM32G4xx_HAL_Driver/Src/stm32g4xx_ll_usb.c **** 
 436              		.loc 1 246 7 is_stmt 1 view .LVU122
 228:Drivers/STM32G4xx_HAL_Driver/Src/stm32g4xx_ll_usb.c ****   uint16_t wEpRegVal;
 437              		.loc 1 228 21 is_stmt 0 view .LVU123
 438 00d0 0020     		movs	r0, #0
 246:Drivers/STM32G4xx_HAL_Driver/Src/stm32g4xx_ll_usb.c **** 
 439              		.loc 1 246 7 view .LVU124
 440 00d2 A8E7     		b	.L11
 441              	.L15:
 249:Drivers/STM32G4xx_HAL_Driver/Src/stm32g4xx_ll_usb.c ****       break;
 442              		.loc 1 249 7 is_stmt 1 view .LVU125
 249:Drivers/STM32G4xx_HAL_Driver/Src/stm32g4xx_ll_usb.c ****       break;
 443              		.loc 1 249 17 is_stmt 0 view .LVU126
 444 00d4 42F48062 		orr	r2, r2, #1024
 445              	.LVL38:
 250:Drivers/STM32G4xx_HAL_Driver/Src/stm32g4xx_ll_usb.c **** 
 446              		.loc 1 250 7 is_stmt 1 view .LVU127
 228:Drivers/STM32G4xx_HAL_Driver/Src/stm32g4xx_ll_usb.c ****   uint16_t wEpRegVal;
 447              		.loc 1 228 21 is_stmt 0 view .LVU128
 448 00d8 0020     		movs	r0, #0
 250:Drivers/STM32G4xx_HAL_Driver/Src/stm32g4xx_ll_usb.c **** 
 449              		.loc 1 250 7 view .LVU129
 450 00da A4E7     		b	.L11
 451              	.L50:
 253:Drivers/STM32G4xx_HAL_Driver/Src/stm32g4xx_ll_usb.c ****       break;
 452              		.loc 1 253 11 view .LVU130
 453 00dc 0120     		movs	r0, #1
 454 00de A2E7     		b	.L11
 455              	.LVL39:
 456              	.L20:
 273:Drivers/STM32G4xx_HAL_Driver/Src/stm32g4xx_ll_usb.c ****       }
 274:Drivers/STM32G4xx_HAL_Driver/Src/stm32g4xx_ll_usb.c ****       else
 275:Drivers/STM32G4xx_HAL_Driver/Src/stm32g4xx_ll_usb.c ****       {
 276:Drivers/STM32G4xx_HAL_Driver/Src/stm32g4xx_ll_usb.c ****         /* Configure TX Endpoint to disabled state */
 277:Drivers/STM32G4xx_HAL_Driver/Src/stm32g4xx_ll_usb.c ****         PCD_SET_EP_TX_STATUS(USBx, ep->num, USB_EP_TX_DIS);
 457              		.loc 1 277 9 is_stmt 1 view .LVU131
 458              	.LBB7:
 459              		.loc 1 277 9 view .LVU132
 460              		.loc 1 277 9 view .LVU133
 461 00e0 0978     		ldrb	r1, [r1]	@ zero_extendqisi2
 462              	.LVL40:
 463              		.loc 1 277 9 is_stmt 0 view .LVU134
 464 00e2 33F82120 		ldrh	r2, [r3, r1, lsl #2]
 465 00e6 22F4E042 		bic	r2, r2, #28672
ARM GAS  /tmp/ccZui67l.s 			page 14


 466 00ea 22F04002 		bic	r2, r2, #64
 467              	.LVL41:
 468              		.loc 1 277 9 is_stmt 1 view .LVU135
 469              		.loc 1 277 9 discriminator 2 view .LVU136
 470              		.loc 1 277 9 discriminator 4 view .LVU137
 471 00ee 42F40042 		orr	r2, r2, #32768
 472              	.LVL42:
 473              		.loc 1 277 9 is_stmt 0 discriminator 4 view .LVU138
 474 00f2 42F08002 		orr	r2, r2, #128
 475 00f6 23F82120 		strh	r2, [r3, r1, lsl #2]	@ movhi
 476 00fa 9FE1     		b	.L21
 477              	.LVL43:
 478              	.L18:
 479              		.loc 1 277 9 discriminator 4 view .LVU139
 480              	.LBE7:
 278:Drivers/STM32G4xx_HAL_Driver/Src/stm32g4xx_ll_usb.c ****       }
 279:Drivers/STM32G4xx_HAL_Driver/Src/stm32g4xx_ll_usb.c ****     }
 280:Drivers/STM32G4xx_HAL_Driver/Src/stm32g4xx_ll_usb.c ****     else
 281:Drivers/STM32G4xx_HAL_Driver/Src/stm32g4xx_ll_usb.c ****     {
 282:Drivers/STM32G4xx_HAL_Driver/Src/stm32g4xx_ll_usb.c ****       /* Set the endpoint Receive buffer address */
 283:Drivers/STM32G4xx_HAL_Driver/Src/stm32g4xx_ll_usb.c ****       PCD_SET_EP_RX_ADDRESS(USBx, ep->num, ep->pmaadress);
 481              		.loc 1 283 7 is_stmt 1 view .LVU140
 482              	.LBB8:
 483              		.loc 1 283 7 view .LVU141
 484              		.loc 1 283 7 view .LVU142
 485              		.loc 1 283 7 view .LVU143
 486 00fc B3F85020 		ldrh	r2, [r3, #80]
 487 0100 1A44     		add	r2, r2, r3
 488              	.LVL44:
 489              		.loc 1 283 7 view .LVU144
 490 0102 91F800C0 		ldrb	ip, [r1]	@ zero_extendqisi2
 491              		.loc 1 283 7 is_stmt 0 view .LVU145
 492 0106 02EBCC02 		add	r2, r2, ip, lsl #3
 493              	.LVL45:
 494              		.loc 1 283 7 is_stmt 1 view .LVU146
 495 010a B1F806C0 		ldrh	ip, [r1, #6]
 496 010e 4FEA5C0C 		lsr	ip, ip, #1
 497 0112 4FEA4C0C 		lsl	ip, ip, #1
 498 0116 A2F804C4 		strh	ip, [r2, #1028]	@ movhi
 499              	.LBE8:
 500              		.loc 1 283 7 view .LVU147
 284:Drivers/STM32G4xx_HAL_Driver/Src/stm32g4xx_ll_usb.c **** 
 285:Drivers/STM32G4xx_HAL_Driver/Src/stm32g4xx_ll_usb.c ****       /* Set the endpoint Receive buffer counter */
 286:Drivers/STM32G4xx_HAL_Driver/Src/stm32g4xx_ll_usb.c ****       PCD_SET_EP_RX_CNT(USBx, ep->num, ep->maxpacket);
 501              		.loc 1 286 7 view .LVU148
 502              	.LBB9:
 503              		.loc 1 286 7 view .LVU149
 504              	.LVL46:
 505              		.loc 1 286 7 view .LVU150
 506              		.loc 1 286 7 view .LVU151
 507 011a B3F85020 		ldrh	r2, [r3, #80]
 508              	.LVL47:
 509              		.loc 1 286 7 is_stmt 0 view .LVU152
 510 011e 1A44     		add	r2, r2, r3
 511              	.LVL48:
 512              		.loc 1 286 7 is_stmt 1 view .LVU153
 513 0120 91F800C0 		ldrb	ip, [r1]	@ zero_extendqisi2
ARM GAS  /tmp/ccZui67l.s 			page 15


 514 0124 02EBCC02 		add	r2, r2, ip, lsl #3
 515              	.LVL49:
 516              		.loc 1 286 7 view .LVU154
 517              	.LBB10:
 518              		.loc 1 286 7 view .LVU155
 519              		.loc 1 286 7 view .LVU156
 520 0128 B2F806C4 		ldrh	ip, [r2, #1030]
 521 012c CCF3090C 		ubfx	ip, ip, #0, #10
 522 0130 A2F806C4 		strh	ip, [r2, #1030]	@ movhi
 523              		.loc 1 286 7 view .LVU157
 524 0134 D1F810C0 		ldr	ip, [r1, #16]
 525 0138 BCF1000F 		cmp	ip, #0
 526 013c 29D1     		bne	.L22
 527              		.loc 1 286 7 discriminator 1 view .LVU158
 528 013e B2F806C4 		ldrh	ip, [r2, #1030]
 529 0142 4CF4004C 		orr	ip, ip, #32768
 530 0146 A2F806C4 		strh	ip, [r2, #1030]	@ movhi
 531              	.L23:
 532              		.loc 1 286 7 discriminator 9 view .LVU159
 533              	.LBE10:
 534              		.loc 1 286 7 discriminator 9 view .LVU160
 535              	.LBE9:
 536              		.loc 1 286 7 discriminator 9 view .LVU161
 287:Drivers/STM32G4xx_HAL_Driver/Src/stm32g4xx_ll_usb.c ****       PCD_CLEAR_RX_DTOG(USBx, ep->num);
 537              		.loc 1 287 7 view .LVU162
 538              	.LBB12:
 539              		.loc 1 287 7 view .LVU163
 540              		.loc 1 287 7 view .LVU164
 541 014a 91F800C0 		ldrb	ip, [r1]	@ zero_extendqisi2
 542 014e 33F82C20 		ldrh	r2, [r3, ip, lsl #2]
 543              	.LVL50:
 544              		.loc 1 287 7 view .LVU165
 545 0152 12F4804F 		tst	r2, #16384
 546 0156 0BD0     		beq	.L27
 547              		.loc 1 287 7 discriminator 1 view .LVU166
 548              	.LBB13:
 549              		.loc 1 287 7 discriminator 1 view .LVU167
 550              		.loc 1 287 7 discriminator 1 view .LVU168
 551 0158 33F82C20 		ldrh	r2, [r3, ip, lsl #2]
 552              	.LVL51:
 553              		.loc 1 287 7 is_stmt 0 discriminator 1 view .LVU169
 554 015c 22F4E042 		bic	r2, r2, #28672
 555 0160 22F07002 		bic	r2, r2, #112
 556              	.LVL52:
 557              		.loc 1 287 7 is_stmt 1 discriminator 1 view .LVU170
 558 0164 42F44042 		orr	r2, r2, #49152
 559              	.LVL53:
 560              		.loc 1 287 7 is_stmt 0 discriminator 1 view .LVU171
 561 0168 42F08002 		orr	r2, r2, #128
 562 016c 23F82C20 		strh	r2, [r3, ip, lsl #2]	@ movhi
 563              	.LVL54:
 564              	.L27:
 565              		.loc 1 287 7 discriminator 1 view .LVU172
 566              	.LBE13:
 567              		.loc 1 287 7 is_stmt 1 discriminator 2 view .LVU173
 568              	.LBE12:
 569              		.loc 1 287 7 discriminator 2 view .LVU174
ARM GAS  /tmp/ccZui67l.s 			page 16


 288:Drivers/STM32G4xx_HAL_Driver/Src/stm32g4xx_ll_usb.c **** 
 289:Drivers/STM32G4xx_HAL_Driver/Src/stm32g4xx_ll_usb.c ****       if (ep->num == 0U)
 570              		.loc 1 289 7 view .LVU175
 571              		.loc 1 289 13 is_stmt 0 view .LVU176
 572 0170 0978     		ldrb	r1, [r1]	@ zero_extendqisi2
 573              	.LVL55:
 574              		.loc 1 289 10 view .LVU177
 575 0172 B9BB     		cbnz	r1, .L28
 290:Drivers/STM32G4xx_HAL_Driver/Src/stm32g4xx_ll_usb.c ****       {
 291:Drivers/STM32G4xx_HAL_Driver/Src/stm32g4xx_ll_usb.c ****         /* Configure VALID status for EP0 */
 292:Drivers/STM32G4xx_HAL_Driver/Src/stm32g4xx_ll_usb.c ****         PCD_SET_EP_RX_STATUS(USBx, ep->num, USB_EP_RX_VALID);
 576              		.loc 1 292 9 is_stmt 1 view .LVU178
 577              	.LBB14:
 578              		.loc 1 292 9 view .LVU179
 579              		.loc 1 292 9 view .LVU180
 580 0174 33F82120 		ldrh	r2, [r3, r1, lsl #2]
 581 0178 22F48042 		bic	r2, r2, #16384
 582 017c 22F07002 		bic	r2, r2, #112
 583              		.loc 1 292 9 view .LVU181
 584              		.loc 1 292 9 discriminator 1 view .LVU182
 585              	.LVL56:
 586              		.loc 1 292 9 discriminator 2 view .LVU183
 587              		.loc 1 292 9 discriminator 3 view .LVU184
 588 0180 82F44052 		eor	r2, r2, #12288
 589              	.LVL57:
 590              		.loc 1 292 9 discriminator 4 view .LVU185
 591 0184 42F40042 		orr	r2, r2, #32768
 592              	.LVL58:
 593              		.loc 1 292 9 is_stmt 0 discriminator 4 view .LVU186
 594 0188 42F08002 		orr	r2, r2, #128
 595 018c 23F82120 		strh	r2, [r3, r1, lsl #2]	@ movhi
 596              	.LBE14:
 597              		.loc 1 292 9 is_stmt 1 discriminator 4 view .LVU187
 598 0190 54E1     		b	.L21
 599              	.LVL59:
 600              	.L22:
 601              	.LBB15:
 602              	.LBB11:
 286:Drivers/STM32G4xx_HAL_Driver/Src/stm32g4xx_ll_usb.c ****       PCD_CLEAR_RX_DTOG(USBx, ep->num);
 603              		.loc 1 286 7 discriminator 2 view .LVU188
 604 0192 BCF13E0F 		cmp	ip, #62
 605 0196 11D8     		bhi	.L24
 286:Drivers/STM32G4xx_HAL_Driver/Src/stm32g4xx_ll_usb.c ****       PCD_CLEAR_RX_DTOG(USBx, ep->num);
 606              		.loc 1 286 7 discriminator 3 view .LVU189
 286:Drivers/STM32G4xx_HAL_Driver/Src/stm32g4xx_ll_usb.c ****       PCD_CLEAR_RX_DTOG(USBx, ep->num);
 607              		.loc 1 286 7 discriminator 3 view .LVU190
 608 0198 4FEA5C0E 		lsr	lr, ip, #1
 609              	.LVL60:
 286:Drivers/STM32G4xx_HAL_Driver/Src/stm32g4xx_ll_usb.c ****       PCD_CLEAR_RX_DTOG(USBx, ep->num);
 610              		.loc 1 286 7 discriminator 3 view .LVU191
 611 019c 1CF0010F 		tst	ip, #1
 612 01a0 01D0     		beq	.L25
 286:Drivers/STM32G4xx_HAL_Driver/Src/stm32g4xx_ll_usb.c ****       PCD_CLEAR_RX_DTOG(USBx, ep->num);
 613              		.loc 1 286 7 discriminator 4 view .LVU192
 614 01a2 0EF1010E 		add	lr, lr, #1
 615              	.LVL61:
 616              	.L25:
ARM GAS  /tmp/ccZui67l.s 			page 17


 286:Drivers/STM32G4xx_HAL_Driver/Src/stm32g4xx_ll_usb.c ****       PCD_CLEAR_RX_DTOG(USBx, ep->num);
 617              		.loc 1 286 7 discriminator 5 view .LVU193
 618 01a6 B2F806C4 		ldrh	ip, [r2, #1030]
 619 01aa 4FEA8E2E 		lsl	lr, lr, #10
 620              	.LVL62:
 286:Drivers/STM32G4xx_HAL_Driver/Src/stm32g4xx_ll_usb.c ****       PCD_CLEAR_RX_DTOG(USBx, ep->num);
 621              		.loc 1 286 7 is_stmt 0 discriminator 5 view .LVU194
 622 01ae 1FFA8EFE 		uxth	lr, lr
 623 01b2 4CEA0E0C 		orr	ip, ip, lr
 624 01b6 A2F806C4 		strh	ip, [r2, #1030]	@ movhi
 286:Drivers/STM32G4xx_HAL_Driver/Src/stm32g4xx_ll_usb.c ****       PCD_CLEAR_RX_DTOG(USBx, ep->num);
 625              		.loc 1 286 7 is_stmt 1 discriminator 5 view .LVU195
 626 01ba C6E7     		b	.L23
 627              	.LVL63:
 628              	.L24:
 286:Drivers/STM32G4xx_HAL_Driver/Src/stm32g4xx_ll_usb.c ****       PCD_CLEAR_RX_DTOG(USBx, ep->num);
 629              		.loc 1 286 7 discriminator 6 view .LVU196
 286:Drivers/STM32G4xx_HAL_Driver/Src/stm32g4xx_ll_usb.c ****       PCD_CLEAR_RX_DTOG(USBx, ep->num);
 630              		.loc 1 286 7 discriminator 6 view .LVU197
 631 01bc 4FEA5C1E 		lsr	lr, ip, #5
 632              	.LVL64:
 286:Drivers/STM32G4xx_HAL_Driver/Src/stm32g4xx_ll_usb.c ****       PCD_CLEAR_RX_DTOG(USBx, ep->num);
 633              		.loc 1 286 7 discriminator 6 view .LVU198
 634 01c0 1CF01F0F 		tst	ip, #31
 635 01c4 01D1     		bne	.L26
 286:Drivers/STM32G4xx_HAL_Driver/Src/stm32g4xx_ll_usb.c ****       PCD_CLEAR_RX_DTOG(USBx, ep->num);
 636              		.loc 1 286 7 discriminator 7 view .LVU199
 637 01c6 0EF1FF3E 		add	lr, lr, #-1
 638              	.LVL65:
 639              	.L26:
 286:Drivers/STM32G4xx_HAL_Driver/Src/stm32g4xx_ll_usb.c ****       PCD_CLEAR_RX_DTOG(USBx, ep->num);
 640              		.loc 1 286 7 discriminator 8 view .LVU200
 641 01ca B2F806C4 		ldrh	ip, [r2, #1030]
 642 01ce 4FEA8E2E 		lsl	lr, lr, #10
 643              	.LVL66:
 286:Drivers/STM32G4xx_HAL_Driver/Src/stm32g4xx_ll_usb.c ****       PCD_CLEAR_RX_DTOG(USBx, ep->num);
 644              		.loc 1 286 7 is_stmt 0 discriminator 8 view .LVU201
 645 01d2 1FFA8EFE 		uxth	lr, lr
 646 01d6 4CEA0E0C 		orr	ip, ip, lr
 647 01da 4CF4004C 		orr	ip, ip, #32768
 648 01de A2F806C4 		strh	ip, [r2, #1030]	@ movhi
 649 01e2 B2E7     		b	.L23
 650              	.LVL67:
 651              	.L28:
 286:Drivers/STM32G4xx_HAL_Driver/Src/stm32g4xx_ll_usb.c ****       PCD_CLEAR_RX_DTOG(USBx, ep->num);
 652              		.loc 1 286 7 discriminator 8 view .LVU202
 653              	.LBE11:
 654              	.LBE15:
 293:Drivers/STM32G4xx_HAL_Driver/Src/stm32g4xx_ll_usb.c ****       }
 294:Drivers/STM32G4xx_HAL_Driver/Src/stm32g4xx_ll_usb.c ****       else
 295:Drivers/STM32G4xx_HAL_Driver/Src/stm32g4xx_ll_usb.c ****       {
 296:Drivers/STM32G4xx_HAL_Driver/Src/stm32g4xx_ll_usb.c ****         /* Configure NAK status for OUT Endpoint */
 297:Drivers/STM32G4xx_HAL_Driver/Src/stm32g4xx_ll_usb.c ****         PCD_SET_EP_RX_STATUS(USBx, ep->num, USB_EP_RX_NAK);
 655              		.loc 1 297 9 is_stmt 1 view .LVU203
 656              	.LBB16:
 657              		.loc 1 297 9 view .LVU204
 658              		.loc 1 297 9 view .LVU205
ARM GAS  /tmp/ccZui67l.s 			page 18


 659 01e4 33F82120 		ldrh	r2, [r3, r1, lsl #2]
 660 01e8 22F48042 		bic	r2, r2, #16384
 661 01ec 22F07002 		bic	r2, r2, #112
 662              	.LVL68:
 663              		.loc 1 297 9 view .LVU206
 664              		.loc 1 297 9 discriminator 2 view .LVU207
 665              		.loc 1 297 9 discriminator 3 view .LVU208
 666 01f0 82F40052 		eor	r2, r2, #8192
 667              	.LVL69:
 668              		.loc 1 297 9 discriminator 4 view .LVU209
 669 01f4 42F40042 		orr	r2, r2, #32768
 670              	.LVL70:
 671              		.loc 1 297 9 is_stmt 0 discriminator 4 view .LVU210
 672 01f8 42F08002 		orr	r2, r2, #128
 673 01fc 23F82120 		strh	r2, [r3, r1, lsl #2]	@ movhi
 674 0200 1CE1     		b	.L21
 675              	.LVL71:
 676              	.L17:
 677              		.loc 1 297 9 discriminator 4 view .LVU211
 678              	.LBE16:
 298:Drivers/STM32G4xx_HAL_Driver/Src/stm32g4xx_ll_usb.c ****       }
 299:Drivers/STM32G4xx_HAL_Driver/Src/stm32g4xx_ll_usb.c ****     }
 300:Drivers/STM32G4xx_HAL_Driver/Src/stm32g4xx_ll_usb.c ****   }
 301:Drivers/STM32G4xx_HAL_Driver/Src/stm32g4xx_ll_usb.c **** #if (USE_USB_DOUBLE_BUFFER == 1U)
 302:Drivers/STM32G4xx_HAL_Driver/Src/stm32g4xx_ll_usb.c ****   /* Double Buffer */
 303:Drivers/STM32G4xx_HAL_Driver/Src/stm32g4xx_ll_usb.c ****   else
 304:Drivers/STM32G4xx_HAL_Driver/Src/stm32g4xx_ll_usb.c ****   {
 305:Drivers/STM32G4xx_HAL_Driver/Src/stm32g4xx_ll_usb.c ****     if (ep->type == EP_TYPE_BULK)
 679              		.loc 1 305 5 is_stmt 1 view .LVU212
 680              		.loc 1 305 11 is_stmt 0 view .LVU213
 681 0202 CA78     		ldrb	r2, [r1, #3]	@ zero_extendqisi2
 682              		.loc 1 305 8 view .LVU214
 683 0204 022A     		cmp	r2, #2
 684 0206 71D0     		beq	.L52
 306:Drivers/STM32G4xx_HAL_Driver/Src/stm32g4xx_ll_usb.c ****     {
 307:Drivers/STM32G4xx_HAL_Driver/Src/stm32g4xx_ll_usb.c ****       /* Set bulk endpoint as double buffered */
 308:Drivers/STM32G4xx_HAL_Driver/Src/stm32g4xx_ll_usb.c ****       PCD_SET_BULK_EP_DBUF(USBx, ep->num);
 309:Drivers/STM32G4xx_HAL_Driver/Src/stm32g4xx_ll_usb.c ****     }
 310:Drivers/STM32G4xx_HAL_Driver/Src/stm32g4xx_ll_usb.c ****     else
 311:Drivers/STM32G4xx_HAL_Driver/Src/stm32g4xx_ll_usb.c ****     {
 312:Drivers/STM32G4xx_HAL_Driver/Src/stm32g4xx_ll_usb.c ****       /* Set the ISOC endpoint in double buffer mode */
 313:Drivers/STM32G4xx_HAL_Driver/Src/stm32g4xx_ll_usb.c ****       PCD_CLEAR_EP_KIND(USBx, ep->num);
 685              		.loc 1 313 7 is_stmt 1 view .LVU215
 686              	.LBB17:
 687              		.loc 1 313 7 view .LVU216
 688              		.loc 1 313 7 view .LVU217
 689 0208 91F800C0 		ldrb	ip, [r1]	@ zero_extendqisi2
 690              		.loc 1 313 7 is_stmt 0 view .LVU218
 691 020c 33F82C20 		ldrh	r2, [r3, ip, lsl #2]
 692 0210 22F4E242 		bic	r2, r2, #28928
 693 0214 22F07002 		bic	r2, r2, #112
 694              	.LVL72:
 695              		.loc 1 313 7 is_stmt 1 view .LVU219
 696 0218 42F40042 		orr	r2, r2, #32768
 697              	.LVL73:
 698              		.loc 1 313 7 is_stmt 0 view .LVU220
 699 021c 42F08002 		orr	r2, r2, #128
ARM GAS  /tmp/ccZui67l.s 			page 19


 700 0220 23F82C20 		strh	r2, [r3, ip, lsl #2]	@ movhi
 701              	.LVL74:
 702              	.L30:
 703              		.loc 1 313 7 view .LVU221
 704              	.LBE17:
 705              		.loc 1 313 7 is_stmt 1 discriminator 1 view .LVU222
 314:Drivers/STM32G4xx_HAL_Driver/Src/stm32g4xx_ll_usb.c ****     }
 315:Drivers/STM32G4xx_HAL_Driver/Src/stm32g4xx_ll_usb.c **** 
 316:Drivers/STM32G4xx_HAL_Driver/Src/stm32g4xx_ll_usb.c ****     /* Set buffer address for double buffered mode */
 317:Drivers/STM32G4xx_HAL_Driver/Src/stm32g4xx_ll_usb.c ****     PCD_SET_EP_DBUF_ADDR(USBx, ep->num, ep->pmaaddr0, ep->pmaaddr1);
 706              		.loc 1 317 5 view .LVU223
 707              		.loc 1 317 5 view .LVU224
 708              		.loc 1 317 5 view .LVU225
 709              	.LBB18:
 710              		.loc 1 317 5 view .LVU226
 711              		.loc 1 317 5 view .LVU227
 712              		.loc 1 317 5 view .LVU228
 713 0224 B3F85020 		ldrh	r2, [r3, #80]
 714 0228 1A44     		add	r2, r2, r3
 715              	.LVL75:
 716              		.loc 1 317 5 view .LVU229
 717 022a 91F800C0 		ldrb	ip, [r1]	@ zero_extendqisi2
 718 022e 02EBCC02 		add	r2, r2, ip, lsl #3
 719              	.LVL76:
 720              		.loc 1 317 5 view .LVU230
 721 0232 B1F808C0 		ldrh	ip, [r1, #8]
 722 0236 4FEA5C0C 		lsr	ip, ip, #1
 723 023a 4FEA4C0C 		lsl	ip, ip, #1
 724 023e A2F800C4 		strh	ip, [r2, #1024]	@ movhi
 725              	.LBE18:
 726              		.loc 1 317 5 view .LVU231
 727              		.loc 1 317 5 view .LVU232
 728              		.loc 1 317 5 view .LVU233
 729              		.loc 1 317 5 view .LVU234
 730              	.LBB19:
 731              		.loc 1 317 5 view .LVU235
 732              		.loc 1 317 5 view .LVU236
 733              	.LVL77:
 734              		.loc 1 317 5 view .LVU237
 735 0242 B3F85020 		ldrh	r2, [r3, #80]
 736              	.LVL78:
 737              		.loc 1 317 5 is_stmt 0 view .LVU238
 738 0246 1A44     		add	r2, r2, r3
 739              	.LVL79:
 740              		.loc 1 317 5 is_stmt 1 view .LVU239
 741 0248 91F800C0 		ldrb	ip, [r1]	@ zero_extendqisi2
 742 024c 02EBCC02 		add	r2, r2, ip, lsl #3
 743              	.LVL80:
 744              		.loc 1 317 5 view .LVU240
 745 0250 B1F80AC0 		ldrh	ip, [r1, #10]
 746 0254 4FEA5C0C 		lsr	ip, ip, #1
 747 0258 4FEA4C0C 		lsl	ip, ip, #1
 748 025c A2F804C4 		strh	ip, [r2, #1028]	@ movhi
 749              	.LBE19:
 750              		.loc 1 317 5 view .LVU241
 751              		.loc 1 317 5 view .LVU242
 752              		.loc 1 317 5 view .LVU243
ARM GAS  /tmp/ccZui67l.s 			page 20


 318:Drivers/STM32G4xx_HAL_Driver/Src/stm32g4xx_ll_usb.c **** 
 319:Drivers/STM32G4xx_HAL_Driver/Src/stm32g4xx_ll_usb.c ****     if (ep->is_in == 0U)
 753              		.loc 1 319 5 view .LVU244
 754              		.loc 1 319 11 is_stmt 0 view .LVU245
 755 0260 4A78     		ldrb	r2, [r1, #1]	@ zero_extendqisi2
 756              	.LVL81:
 757              		.loc 1 319 8 view .LVU246
 758 0262 002A     		cmp	r2, #0
 759 0264 40F0F780 		bne	.L31
 320:Drivers/STM32G4xx_HAL_Driver/Src/stm32g4xx_ll_usb.c ****     {
 321:Drivers/STM32G4xx_HAL_Driver/Src/stm32g4xx_ll_usb.c ****       /* Clear the data toggle bits for the endpoint IN/OUT */
 322:Drivers/STM32G4xx_HAL_Driver/Src/stm32g4xx_ll_usb.c ****       PCD_CLEAR_RX_DTOG(USBx, ep->num);
 760              		.loc 1 322 7 is_stmt 1 view .LVU247
 761              	.LBB20:
 762              		.loc 1 322 7 view .LVU248
 763              		.loc 1 322 7 view .LVU249
 764 0268 91F800C0 		ldrb	ip, [r1]	@ zero_extendqisi2
 765 026c 33F82C20 		ldrh	r2, [r3, ip, lsl #2]
 766              	.LVL82:
 767              		.loc 1 322 7 view .LVU250
 768 0270 12F4804F 		tst	r2, #16384
 769 0274 0BD0     		beq	.L32
 770              		.loc 1 322 7 discriminator 1 view .LVU251
 771              	.LBB21:
 772              		.loc 1 322 7 discriminator 1 view .LVU252
 773              		.loc 1 322 7 discriminator 1 view .LVU253
 774 0276 33F82C20 		ldrh	r2, [r3, ip, lsl #2]
 775              	.LVL83:
 776              		.loc 1 322 7 is_stmt 0 discriminator 1 view .LVU254
 777 027a 22F4E042 		bic	r2, r2, #28672
 778 027e 22F07002 		bic	r2, r2, #112
 779              	.LVL84:
 780              		.loc 1 322 7 is_stmt 1 discriminator 1 view .LVU255
 781 0282 42F44042 		orr	r2, r2, #49152
 782              	.LVL85:
 783              		.loc 1 322 7 is_stmt 0 discriminator 1 view .LVU256
 784 0286 42F08002 		orr	r2, r2, #128
 785 028a 23F82C20 		strh	r2, [r3, ip, lsl #2]	@ movhi
 786              	.LVL86:
 787              	.L32:
 788              		.loc 1 322 7 discriminator 1 view .LVU257
 789              	.LBE21:
 790              		.loc 1 322 7 is_stmt 1 discriminator 2 view .LVU258
 791              	.LBE20:
 792              		.loc 1 322 7 discriminator 2 view .LVU259
 323:Drivers/STM32G4xx_HAL_Driver/Src/stm32g4xx_ll_usb.c ****       PCD_CLEAR_TX_DTOG(USBx, ep->num);
 793              		.loc 1 323 7 view .LVU260
 794              	.LBB22:
 795              		.loc 1 323 7 view .LVU261
 796              		.loc 1 323 7 view .LVU262
 797 028e 91F800C0 		ldrb	ip, [r1]	@ zero_extendqisi2
 798 0292 33F82C20 		ldrh	r2, [r3, ip, lsl #2]
 799              	.LVL87:
 800              		.loc 1 323 7 view .LVU263
 801 0296 12F0400F 		tst	r2, #64
 802 029a 0BD0     		beq	.L33
 803              		.loc 1 323 7 discriminator 1 view .LVU264
ARM GAS  /tmp/ccZui67l.s 			page 21


 804              	.LBB23:
 805              		.loc 1 323 7 discriminator 1 view .LVU265
 806              		.loc 1 323 7 discriminator 1 view .LVU266
 807 029c 33F82C20 		ldrh	r2, [r3, ip, lsl #2]
 808              	.LVL88:
 809              		.loc 1 323 7 is_stmt 0 discriminator 1 view .LVU267
 810 02a0 22F4E042 		bic	r2, r2, #28672
 811 02a4 22F07002 		bic	r2, r2, #112
 812              	.LVL89:
 813              		.loc 1 323 7 is_stmt 1 discriminator 1 view .LVU268
 814 02a8 42F40042 		orr	r2, r2, #32768
 815              	.LVL90:
 816              		.loc 1 323 7 is_stmt 0 discriminator 1 view .LVU269
 817 02ac 42F0C002 		orr	r2, r2, #192
 818 02b0 23F82C20 		strh	r2, [r3, ip, lsl #2]	@ movhi
 819              	.LVL91:
 820              	.L33:
 821              		.loc 1 323 7 discriminator 1 view .LVU270
 822              	.LBE23:
 823              		.loc 1 323 7 is_stmt 1 discriminator 2 view .LVU271
 824              	.LBE22:
 825              		.loc 1 323 7 discriminator 2 view .LVU272
 324:Drivers/STM32G4xx_HAL_Driver/Src/stm32g4xx_ll_usb.c **** 
 325:Drivers/STM32G4xx_HAL_Driver/Src/stm32g4xx_ll_usb.c ****       /* Set endpoint RX count */
 326:Drivers/STM32G4xx_HAL_Driver/Src/stm32g4xx_ll_usb.c ****       PCD_SET_EP_DBUF_CNT(USBx, ep->num, ep->is_in, ep->maxpacket);
 826              		.loc 1 326 7 view .LVU273
 827              		.loc 1 326 7 view .LVU274
 828              		.loc 1 326 7 view .LVU275
 829 02b4 4A78     		ldrb	r2, [r1, #1]	@ zero_extendqisi2
 830 02b6 002A     		cmp	r2, #0
 831 02b8 50D1     		bne	.L34
 832              		.loc 1 326 7 discriminator 1 view .LVU276
 833              	.LBB24:
 834              		.loc 1 326 7 discriminator 1 view .LVU277
 835              	.LVL92:
 836              		.loc 1 326 7 discriminator 1 view .LVU278
 837              		.loc 1 326 7 discriminator 1 view .LVU279
 838 02ba B3F85020 		ldrh	r2, [r3, #80]
 839 02be 1A44     		add	r2, r2, r3
 840              	.LVL93:
 841              		.loc 1 326 7 discriminator 1 view .LVU280
 842 02c0 91F800C0 		ldrb	ip, [r1]	@ zero_extendqisi2
 843 02c4 02EBCC02 		add	r2, r2, ip, lsl #3
 844              	.LVL94:
 845              		.loc 1 326 7 discriminator 1 view .LVU281
 846              	.LBB25:
 847              		.loc 1 326 7 discriminator 1 view .LVU282
 848              		.loc 1 326 7 discriminator 1 view .LVU283
 849 02c8 B2F802C4 		ldrh	ip, [r2, #1026]
 850 02cc CCF3090C 		ubfx	ip, ip, #0, #10
 851 02d0 A2F802C4 		strh	ip, [r2, #1026]	@ movhi
 852              		.loc 1 326 7 discriminator 1 view .LVU284
 853 02d4 D1F810C0 		ldr	ip, [r1, #16]
 854 02d8 BCF1000F 		cmp	ip, #0
 855 02dc 15D1     		bne	.L35
 856              		.loc 1 326 7 discriminator 2 view .LVU285
 857 02de B2F802C4 		ldrh	ip, [r2, #1026]
ARM GAS  /tmp/ccZui67l.s 			page 22


 858 02e2 4CF4004C 		orr	ip, ip, #32768
 859 02e6 A2F802C4 		strh	ip, [r2, #1026]	@ movhi
 860 02ea 39E0     		b	.L36
 861              	.LVL95:
 862              	.L52:
 863              		.loc 1 326 7 is_stmt 0 discriminator 2 view .LVU286
 864              	.LBE25:
 865              	.LBE24:
 308:Drivers/STM32G4xx_HAL_Driver/Src/stm32g4xx_ll_usb.c ****     }
 866              		.loc 1 308 7 is_stmt 1 view .LVU287
 867              	.LBB27:
 308:Drivers/STM32G4xx_HAL_Driver/Src/stm32g4xx_ll_usb.c ****     }
 868              		.loc 1 308 7 view .LVU288
 308:Drivers/STM32G4xx_HAL_Driver/Src/stm32g4xx_ll_usb.c ****     }
 869              		.loc 1 308 7 view .LVU289
 870 02ec 91F800C0 		ldrb	ip, [r1]	@ zero_extendqisi2
 308:Drivers/STM32G4xx_HAL_Driver/Src/stm32g4xx_ll_usb.c ****     }
 871              		.loc 1 308 7 is_stmt 0 view .LVU290
 872 02f0 33F82C20 		ldrh	r2, [r3, ip, lsl #2]
 873 02f4 22F4E042 		bic	r2, r2, #28672
 874 02f8 22F07002 		bic	r2, r2, #112
 875              	.LVL96:
 308:Drivers/STM32G4xx_HAL_Driver/Src/stm32g4xx_ll_usb.c ****     }
 876              		.loc 1 308 7 is_stmt 1 view .LVU291
 877 02fc 42F40142 		orr	r2, r2, #33024
 878              	.LVL97:
 308:Drivers/STM32G4xx_HAL_Driver/Src/stm32g4xx_ll_usb.c ****     }
 879              		.loc 1 308 7 is_stmt 0 view .LVU292
 880 0300 42F08002 		orr	r2, r2, #128
 881 0304 23F82C20 		strh	r2, [r3, ip, lsl #2]	@ movhi
 882              	.LBE27:
 308:Drivers/STM32G4xx_HAL_Driver/Src/stm32g4xx_ll_usb.c ****     }
 883              		.loc 1 308 7 is_stmt 1 view .LVU293
 884 0308 8CE7     		b	.L30
 885              	.LVL98:
 886              	.L35:
 887              	.LBB28:
 888              	.LBB26:
 889              		.loc 1 326 7 discriminator 3 view .LVU294
 890 030a BCF13E0F 		cmp	ip, #62
 891 030e 11D8     		bhi	.L37
 892              		.loc 1 326 7 discriminator 4 view .LVU295
 893              		.loc 1 326 7 discriminator 4 view .LVU296
 894 0310 4FEA5C0E 		lsr	lr, ip, #1
 895              	.LVL99:
 896              		.loc 1 326 7 discriminator 4 view .LVU297
 897 0314 1CF0010F 		tst	ip, #1
 898 0318 01D0     		beq	.L38
 899              		.loc 1 326 7 discriminator 5 view .LVU298
 900 031a 0EF1010E 		add	lr, lr, #1
 901              	.LVL100:
 902              	.L38:
 903              		.loc 1 326 7 discriminator 6 view .LVU299
 904 031e B2F802C4 		ldrh	ip, [r2, #1026]
 905 0322 4FEA8E2E 		lsl	lr, lr, #10
 906              	.LVL101:
 907              		.loc 1 326 7 is_stmt 0 discriminator 6 view .LVU300
ARM GAS  /tmp/ccZui67l.s 			page 23


 908 0326 1FFA8EFE 		uxth	lr, lr
 909 032a 4CEA0E0C 		orr	ip, ip, lr
 910 032e A2F802C4 		strh	ip, [r2, #1026]	@ movhi
 911              		.loc 1 326 7 is_stmt 1 discriminator 6 view .LVU301
 912 0332 15E0     		b	.L36
 913              	.LVL102:
 914              	.L37:
 915              		.loc 1 326 7 discriminator 7 view .LVU302
 916              		.loc 1 326 7 discriminator 7 view .LVU303
 917 0334 4FEA5C1E 		lsr	lr, ip, #5
 918              	.LVL103:
 919              		.loc 1 326 7 discriminator 7 view .LVU304
 920 0338 1CF01F0F 		tst	ip, #31
 921 033c 01D1     		bne	.L39
 922              		.loc 1 326 7 discriminator 8 view .LVU305
 923 033e 0EF1FF3E 		add	lr, lr, #-1
 924              	.LVL104:
 925              	.L39:
 926              		.loc 1 326 7 discriminator 9 view .LVU306
 927 0342 B2F802C4 		ldrh	ip, [r2, #1026]
 928 0346 4FEA8E2E 		lsl	lr, lr, #10
 929              	.LVL105:
 930              		.loc 1 326 7 is_stmt 0 discriminator 9 view .LVU307
 931 034a 1FFA8EFE 		uxth	lr, lr
 932 034e 4CEA0E0C 		orr	ip, ip, lr
 933 0352 4CF4004C 		orr	ip, ip, #32768
 934 0356 A2F802C4 		strh	ip, [r2, #1026]	@ movhi
 935 035a 01E0     		b	.L36
 936              	.LVL106:
 937              	.L34:
 938              		.loc 1 326 7 discriminator 9 view .LVU308
 939              	.LBE26:
 940              	.LBE28:
 941              		.loc 1 326 7 is_stmt 1 discriminator 11 view .LVU309
 942 035c 012A     		cmp	r2, #1
 943 035e 1BD0     		beq	.L53
 944              	.L36:
 945              		.loc 1 326 7 discriminator 13 view .LVU310
 946              		.loc 1 326 7 discriminator 13 view .LVU311
 947              		.loc 1 326 7 discriminator 13 view .LVU312
 948              	.LBB29:
 949              		.loc 1 326 7 discriminator 13 view .LVU313
 950              	.LVL107:
 951              		.loc 1 326 7 discriminator 13 view .LVU314
 952              		.loc 1 326 7 discriminator 13 view .LVU315
 953 0360 4A78     		ldrb	r2, [r1, #1]	@ zero_extendqisi2
 954 0362 002A     		cmp	r2, #0
 955 0364 4DD1     		bne	.L40
 956              		.loc 1 326 7 discriminator 14 view .LVU316
 957              	.LBB30:
 958              		.loc 1 326 7 discriminator 14 view .LVU317
 959              	.LVL108:
 960              		.loc 1 326 7 discriminator 14 view .LVU318
 961              		.loc 1 326 7 discriminator 14 view .LVU319
 962 0366 B3F85020 		ldrh	r2, [r3, #80]
 963 036a 1A44     		add	r2, r2, r3
 964              	.LVL109:
ARM GAS  /tmp/ccZui67l.s 			page 24


 965              		.loc 1 326 7 discriminator 14 view .LVU320
 966 036c 91F800C0 		ldrb	ip, [r1]	@ zero_extendqisi2
 967 0370 02EBCC02 		add	r2, r2, ip, lsl #3
 968              	.LVL110:
 969              		.loc 1 326 7 discriminator 14 view .LVU321
 970              	.LBB31:
 971              		.loc 1 326 7 discriminator 14 view .LVU322
 972              		.loc 1 326 7 discriminator 14 view .LVU323
 973 0374 B2F806C4 		ldrh	ip, [r2, #1030]
 974 0378 CCF3090C 		ubfx	ip, ip, #0, #10
 975 037c A2F806C4 		strh	ip, [r2, #1030]	@ movhi
 976              		.loc 1 326 7 discriminator 14 view .LVU324
 977 0380 D1F810C0 		ldr	ip, [r1, #16]
 978 0384 BCF1000F 		cmp	ip, #0
 979 0388 12D1     		bne	.L41
 980              		.loc 1 326 7 discriminator 15 view .LVU325
 981 038a B2F806C4 		ldrh	ip, [r2, #1030]
 982 038e 4CF4004C 		orr	ip, ip, #32768
 983 0392 A2F806C4 		strh	ip, [r2, #1030]	@ movhi
 984 0396 36E0     		b	.L42
 985              	.LVL111:
 986              	.L53:
 987              		.loc 1 326 7 is_stmt 0 discriminator 15 view .LVU326
 988              	.LBE31:
 989              	.LBE30:
 990              	.LBE29:
 991              		.loc 1 326 7 is_stmt 1 discriminator 12 view .LVU327
 992              	.LBB34:
 993              		.loc 1 326 7 discriminator 12 view .LVU328
 994              		.loc 1 326 7 discriminator 12 view .LVU329
 995              		.loc 1 326 7 discriminator 12 view .LVU330
 996 0398 B3F85020 		ldrh	r2, [r3, #80]
 997 039c 1A44     		add	r2, r2, r3
 998              	.LVL112:
 999              		.loc 1 326 7 discriminator 12 view .LVU331
 1000 039e 91F800C0 		ldrb	ip, [r1]	@ zero_extendqisi2
 1001 03a2 02EBCC02 		add	r2, r2, ip, lsl #3
 1002              	.LVL113:
 1003              		.loc 1 326 7 discriminator 12 view .LVU332
 1004 03a6 B1F810C0 		ldrh	ip, [r1, #16]
 1005 03aa A2F802C4 		strh	ip, [r2, #1026]	@ movhi
 1006 03ae D7E7     		b	.L36
 1007              	.LVL114:
 1008              	.L41:
 1009              		.loc 1 326 7 is_stmt 0 discriminator 12 view .LVU333
 1010              	.LBE34:
 1011              	.LBB35:
 1012              	.LBB33:
 1013              	.LBB32:
 1014              		.loc 1 326 7 is_stmt 1 discriminator 16 view .LVU334
 1015 03b0 BCF13E0F 		cmp	ip, #62
 1016 03b4 11D8     		bhi	.L43
 1017              		.loc 1 326 7 discriminator 17 view .LVU335
 1018              		.loc 1 326 7 discriminator 17 view .LVU336
 1019 03b6 4FEA5C0E 		lsr	lr, ip, #1
 1020              	.LVL115:
 1021              		.loc 1 326 7 discriminator 17 view .LVU337
ARM GAS  /tmp/ccZui67l.s 			page 25


 1022 03ba 1CF0010F 		tst	ip, #1
 1023 03be 01D0     		beq	.L44
 1024              		.loc 1 326 7 discriminator 18 view .LVU338
 1025 03c0 0EF1010E 		add	lr, lr, #1
 1026              	.LVL116:
 1027              	.L44:
 1028              		.loc 1 326 7 discriminator 19 view .LVU339
 1029 03c4 B2F806C4 		ldrh	ip, [r2, #1030]
 1030 03c8 4FEA8E2E 		lsl	lr, lr, #10
 1031              	.LVL117:
 1032              		.loc 1 326 7 is_stmt 0 discriminator 19 view .LVU340
 1033 03cc 1FFA8EFE 		uxth	lr, lr
 1034 03d0 4CEA0E0C 		orr	ip, ip, lr
 1035 03d4 A2F806C4 		strh	ip, [r2, #1030]	@ movhi
 1036              		.loc 1 326 7 is_stmt 1 discriminator 19 view .LVU341
 1037 03d8 15E0     		b	.L42
 1038              	.LVL118:
 1039              	.L43:
 1040              		.loc 1 326 7 discriminator 20 view .LVU342
 1041              		.loc 1 326 7 discriminator 20 view .LVU343
 1042 03da 4FEA5C1E 		lsr	lr, ip, #5
 1043              	.LVL119:
 1044              		.loc 1 326 7 discriminator 20 view .LVU344
 1045 03de 1CF01F0F 		tst	ip, #31
 1046 03e2 01D1     		bne	.L45
 1047              		.loc 1 326 7 discriminator 21 view .LVU345
 1048 03e4 0EF1FF3E 		add	lr, lr, #-1
 1049              	.LVL120:
 1050              	.L45:
 1051              		.loc 1 326 7 discriminator 22 view .LVU346
 1052 03e8 B2F806C4 		ldrh	ip, [r2, #1030]
 1053 03ec 4FEA8E2E 		lsl	lr, lr, #10
 1054              	.LVL121:
 1055              		.loc 1 326 7 is_stmt 0 discriminator 22 view .LVU347
 1056 03f0 1FFA8EFE 		uxth	lr, lr
 1057 03f4 4CEA0E0C 		orr	ip, ip, lr
 1058 03f8 4CF4004C 		orr	ip, ip, #32768
 1059 03fc A2F806C4 		strh	ip, [r2, #1030]	@ movhi
 1060 0400 01E0     		b	.L42
 1061              	.LVL122:
 1062              	.L40:
 1063              		.loc 1 326 7 discriminator 22 view .LVU348
 1064              	.LBE32:
 1065              	.LBE33:
 1066              		.loc 1 326 7 is_stmt 1 discriminator 24 view .LVU349
 1067 0402 012A     		cmp	r2, #1
 1068 0404 1BD0     		beq	.L54
 1069              	.LVL123:
 1070              	.L42:
 1071              		.loc 1 326 7 is_stmt 0 discriminator 24 view .LVU350
 1072              	.LBE35:
 1073              		.loc 1 326 7 is_stmt 1 discriminator 26 view .LVU351
 1074              		.loc 1 326 7 discriminator 26 view .LVU352
 327:Drivers/STM32G4xx_HAL_Driver/Src/stm32g4xx_ll_usb.c **** 
 328:Drivers/STM32G4xx_HAL_Driver/Src/stm32g4xx_ll_usb.c ****       /* Set endpoint RX to valid state */
 329:Drivers/STM32G4xx_HAL_Driver/Src/stm32g4xx_ll_usb.c ****       PCD_SET_EP_RX_STATUS(USBx, ep->num, USB_EP_RX_VALID);
 1075              		.loc 1 329 7 view .LVU353
ARM GAS  /tmp/ccZui67l.s 			page 26


 1076              	.LBB36:
 1077              		.loc 1 329 7 view .LVU354
 1078              		.loc 1 329 7 view .LVU355
 1079 0406 91F800E0 		ldrb	lr, [r1]	@ zero_extendqisi2
 1080 040a 33F82E20 		ldrh	r2, [r3, lr, lsl #2]
 1081 040e 22F48042 		bic	r2, r2, #16384
 1082 0412 22F07002 		bic	r2, r2, #112
 1083              		.loc 1 329 7 view .LVU356
 1084              		.loc 1 329 7 discriminator 1 view .LVU357
 1085              	.LVL124:
 1086              		.loc 1 329 7 discriminator 2 view .LVU358
 1087              		.loc 1 329 7 discriminator 3 view .LVU359
 1088 0416 82F44052 		eor	r2, r2, #12288
 1089              	.LVL125:
 1090              		.loc 1 329 7 discriminator 4 view .LVU360
 1091 041a 48F2800C 		movw	ip, #32896
 1092 041e 42EA0C02 		orr	r2, r2, ip
 1093              	.LVL126:
 1094              		.loc 1 329 7 is_stmt 0 discriminator 4 view .LVU361
 1095 0422 23F82E20 		strh	r2, [r3, lr, lsl #2]	@ movhi
 1096              	.LBE36:
 1097              		.loc 1 329 7 is_stmt 1 discriminator 4 view .LVU362
 330:Drivers/STM32G4xx_HAL_Driver/Src/stm32g4xx_ll_usb.c ****       PCD_SET_EP_TX_STATUS(USBx, ep->num, USB_EP_TX_DIS);
 1098              		.loc 1 330 7 view .LVU363
 1099              	.LBB37:
 1100              		.loc 1 330 7 view .LVU364
 1101              		.loc 1 330 7 view .LVU365
 1102 0426 0978     		ldrb	r1, [r1]	@ zero_extendqisi2
 1103              	.LVL127:
 1104              		.loc 1 330 7 is_stmt 0 view .LVU366
 1105 0428 33F82120 		ldrh	r2, [r3, r1, lsl #2]
 1106 042c 22F4E042 		bic	r2, r2, #28672
 1107 0430 22F04002 		bic	r2, r2, #64
 1108              	.LVL128:
 1109              		.loc 1 330 7 is_stmt 1 view .LVU367
 1110              		.loc 1 330 7 discriminator 2 view .LVU368
 1111              		.loc 1 330 7 discriminator 4 view .LVU369
 1112 0434 42EA0C02 		orr	r2, r2, ip
 1113              	.LVL129:
 1114              		.loc 1 330 7 is_stmt 0 discriminator 4 view .LVU370
 1115 0438 23F82120 		strh	r2, [r3, r1, lsl #2]	@ movhi
 1116              	.LBE37:
 1117              		.loc 1 330 7 is_stmt 1 discriminator 4 view .LVU371
 1118              	.LVL130:
 1119              	.L21:
 331:Drivers/STM32G4xx_HAL_Driver/Src/stm32g4xx_ll_usb.c ****     }
 332:Drivers/STM32G4xx_HAL_Driver/Src/stm32g4xx_ll_usb.c ****     else
 333:Drivers/STM32G4xx_HAL_Driver/Src/stm32g4xx_ll_usb.c ****     {
 334:Drivers/STM32G4xx_HAL_Driver/Src/stm32g4xx_ll_usb.c ****       /* Clear the data toggle bits for the endpoint IN/OUT */
 335:Drivers/STM32G4xx_HAL_Driver/Src/stm32g4xx_ll_usb.c ****       PCD_CLEAR_RX_DTOG(USBx, ep->num);
 336:Drivers/STM32G4xx_HAL_Driver/Src/stm32g4xx_ll_usb.c ****       PCD_CLEAR_TX_DTOG(USBx, ep->num);
 337:Drivers/STM32G4xx_HAL_Driver/Src/stm32g4xx_ll_usb.c **** 
 338:Drivers/STM32G4xx_HAL_Driver/Src/stm32g4xx_ll_usb.c ****       if (ep->type != EP_TYPE_ISOC)
 339:Drivers/STM32G4xx_HAL_Driver/Src/stm32g4xx_ll_usb.c ****       {
 340:Drivers/STM32G4xx_HAL_Driver/Src/stm32g4xx_ll_usb.c ****         /* Configure NAK status for the Endpoint */
 341:Drivers/STM32G4xx_HAL_Driver/Src/stm32g4xx_ll_usb.c ****         PCD_SET_EP_TX_STATUS(USBx, ep->num, USB_EP_TX_NAK);
 342:Drivers/STM32G4xx_HAL_Driver/Src/stm32g4xx_ll_usb.c ****       }
ARM GAS  /tmp/ccZui67l.s 			page 27


 343:Drivers/STM32G4xx_HAL_Driver/Src/stm32g4xx_ll_usb.c ****       else
 344:Drivers/STM32G4xx_HAL_Driver/Src/stm32g4xx_ll_usb.c ****       {
 345:Drivers/STM32G4xx_HAL_Driver/Src/stm32g4xx_ll_usb.c ****         /* Configure TX Endpoint to disabled state */
 346:Drivers/STM32G4xx_HAL_Driver/Src/stm32g4xx_ll_usb.c ****         PCD_SET_EP_TX_STATUS(USBx, ep->num, USB_EP_TX_DIS);
 347:Drivers/STM32G4xx_HAL_Driver/Src/stm32g4xx_ll_usb.c ****       }
 348:Drivers/STM32G4xx_HAL_Driver/Src/stm32g4xx_ll_usb.c **** 
 349:Drivers/STM32G4xx_HAL_Driver/Src/stm32g4xx_ll_usb.c ****       PCD_SET_EP_RX_STATUS(USBx, ep->num, USB_EP_RX_DIS);
 1120              		.loc 1 349 7 discriminator 5 view .LVU372
 350:Drivers/STM32G4xx_HAL_Driver/Src/stm32g4xx_ll_usb.c ****     }
 351:Drivers/STM32G4xx_HAL_Driver/Src/stm32g4xx_ll_usb.c ****   }
 352:Drivers/STM32G4xx_HAL_Driver/Src/stm32g4xx_ll_usb.c **** #endif /* (USE_USB_DOUBLE_BUFFER == 1U) */
 353:Drivers/STM32G4xx_HAL_Driver/Src/stm32g4xx_ll_usb.c **** 
 354:Drivers/STM32G4xx_HAL_Driver/Src/stm32g4xx_ll_usb.c ****   return ret;
 1121              		.loc 1 354 3 view .LVU373
 355:Drivers/STM32G4xx_HAL_Driver/Src/stm32g4xx_ll_usb.c **** }
 1122              		.loc 1 355 1 is_stmt 0 view .LVU374
 1123 043c 00BD     		pop	{pc}
 1124              	.LVL131:
 1125              	.L54:
 1126              	.LBB38:
 326:Drivers/STM32G4xx_HAL_Driver/Src/stm32g4xx_ll_usb.c **** 
 1127              		.loc 1 326 7 is_stmt 1 discriminator 25 view .LVU375
 1128 043e B3F85020 		ldrh	r2, [r3, #80]
 1129 0442 1A44     		add	r2, r2, r3
 1130              	.LVL132:
 326:Drivers/STM32G4xx_HAL_Driver/Src/stm32g4xx_ll_usb.c **** 
 1131              		.loc 1 326 7 discriminator 25 view .LVU376
 1132 0444 91F800C0 		ldrb	ip, [r1]	@ zero_extendqisi2
 1133 0448 02EBCC02 		add	r2, r2, ip, lsl #3
 1134              	.LVL133:
 326:Drivers/STM32G4xx_HAL_Driver/Src/stm32g4xx_ll_usb.c **** 
 1135              		.loc 1 326 7 discriminator 25 view .LVU377
 1136 044c B1F810C0 		ldrh	ip, [r1, #16]
 1137 0450 A2F806C4 		strh	ip, [r2, #1030]	@ movhi
 1138 0454 D7E7     		b	.L42
 1139              	.LVL134:
 1140              	.L31:
 326:Drivers/STM32G4xx_HAL_Driver/Src/stm32g4xx_ll_usb.c **** 
 1141              		.loc 1 326 7 is_stmt 0 discriminator 25 view .LVU378
 1142              	.LBE38:
 335:Drivers/STM32G4xx_HAL_Driver/Src/stm32g4xx_ll_usb.c ****       PCD_CLEAR_TX_DTOG(USBx, ep->num);
 1143              		.loc 1 335 7 is_stmt 1 view .LVU379
 1144              	.LBB39:
 335:Drivers/STM32G4xx_HAL_Driver/Src/stm32g4xx_ll_usb.c ****       PCD_CLEAR_TX_DTOG(USBx, ep->num);
 1145              		.loc 1 335 7 view .LVU380
 335:Drivers/STM32G4xx_HAL_Driver/Src/stm32g4xx_ll_usb.c ****       PCD_CLEAR_TX_DTOG(USBx, ep->num);
 1146              		.loc 1 335 7 view .LVU381
 1147 0456 91F800C0 		ldrb	ip, [r1]	@ zero_extendqisi2
 1148 045a 33F82C20 		ldrh	r2, [r3, ip, lsl #2]
 1149              	.LVL135:
 335:Drivers/STM32G4xx_HAL_Driver/Src/stm32g4xx_ll_usb.c ****       PCD_CLEAR_TX_DTOG(USBx, ep->num);
 1150              		.loc 1 335 7 view .LVU382
 1151 045e 12F4804F 		tst	r2, #16384
 1152 0462 0BD0     		beq	.L46
 335:Drivers/STM32G4xx_HAL_Driver/Src/stm32g4xx_ll_usb.c ****       PCD_CLEAR_TX_DTOG(USBx, ep->num);
 1153              		.loc 1 335 7 discriminator 1 view .LVU383
 1154              	.LBB40:
ARM GAS  /tmp/ccZui67l.s 			page 28


 335:Drivers/STM32G4xx_HAL_Driver/Src/stm32g4xx_ll_usb.c ****       PCD_CLEAR_TX_DTOG(USBx, ep->num);
 1155              		.loc 1 335 7 discriminator 1 view .LVU384
 335:Drivers/STM32G4xx_HAL_Driver/Src/stm32g4xx_ll_usb.c ****       PCD_CLEAR_TX_DTOG(USBx, ep->num);
 1156              		.loc 1 335 7 discriminator 1 view .LVU385
 1157 0464 33F82C20 		ldrh	r2, [r3, ip, lsl #2]
 1158              	.LVL136:
 335:Drivers/STM32G4xx_HAL_Driver/Src/stm32g4xx_ll_usb.c ****       PCD_CLEAR_TX_DTOG(USBx, ep->num);
 1159              		.loc 1 335 7 is_stmt 0 discriminator 1 view .LVU386
 1160 0468 22F4E042 		bic	r2, r2, #28672
 1161 046c 22F07002 		bic	r2, r2, #112
 1162              	.LVL137:
 335:Drivers/STM32G4xx_HAL_Driver/Src/stm32g4xx_ll_usb.c ****       PCD_CLEAR_TX_DTOG(USBx, ep->num);
 1163              		.loc 1 335 7 is_stmt 1 discriminator 1 view .LVU387
 1164 0470 42F44042 		orr	r2, r2, #49152
 1165              	.LVL138:
 335:Drivers/STM32G4xx_HAL_Driver/Src/stm32g4xx_ll_usb.c ****       PCD_CLEAR_TX_DTOG(USBx, ep->num);
 1166              		.loc 1 335 7 is_stmt 0 discriminator 1 view .LVU388
 1167 0474 42F08002 		orr	r2, r2, #128
 1168 0478 23F82C20 		strh	r2, [r3, ip, lsl #2]	@ movhi
 1169              	.LVL139:
 1170              	.L46:
 335:Drivers/STM32G4xx_HAL_Driver/Src/stm32g4xx_ll_usb.c ****       PCD_CLEAR_TX_DTOG(USBx, ep->num);
 1171              		.loc 1 335 7 discriminator 1 view .LVU389
 1172              	.LBE40:
 335:Drivers/STM32G4xx_HAL_Driver/Src/stm32g4xx_ll_usb.c ****       PCD_CLEAR_TX_DTOG(USBx, ep->num);
 1173              		.loc 1 335 7 is_stmt 1 discriminator 2 view .LVU390
 1174              	.LBE39:
 335:Drivers/STM32G4xx_HAL_Driver/Src/stm32g4xx_ll_usb.c ****       PCD_CLEAR_TX_DTOG(USBx, ep->num);
 1175              		.loc 1 335 7 discriminator 2 view .LVU391
 336:Drivers/STM32G4xx_HAL_Driver/Src/stm32g4xx_ll_usb.c **** 
 1176              		.loc 1 336 7 view .LVU392
 1177              	.LBB41:
 336:Drivers/STM32G4xx_HAL_Driver/Src/stm32g4xx_ll_usb.c **** 
 1178              		.loc 1 336 7 view .LVU393
 336:Drivers/STM32G4xx_HAL_Driver/Src/stm32g4xx_ll_usb.c **** 
 1179              		.loc 1 336 7 view .LVU394
 1180 047c 91F800C0 		ldrb	ip, [r1]	@ zero_extendqisi2
 1181 0480 33F82C20 		ldrh	r2, [r3, ip, lsl #2]
 1182              	.LVL140:
 336:Drivers/STM32G4xx_HAL_Driver/Src/stm32g4xx_ll_usb.c **** 
 1183              		.loc 1 336 7 view .LVU395
 1184 0484 12F0400F 		tst	r2, #64
 1185 0488 0BD0     		beq	.L47
 336:Drivers/STM32G4xx_HAL_Driver/Src/stm32g4xx_ll_usb.c **** 
 1186              		.loc 1 336 7 discriminator 1 view .LVU396
 1187              	.LBB42:
 336:Drivers/STM32G4xx_HAL_Driver/Src/stm32g4xx_ll_usb.c **** 
 1188              		.loc 1 336 7 discriminator 1 view .LVU397
 336:Drivers/STM32G4xx_HAL_Driver/Src/stm32g4xx_ll_usb.c **** 
 1189              		.loc 1 336 7 discriminator 1 view .LVU398
 1190 048a 33F82C20 		ldrh	r2, [r3, ip, lsl #2]
 1191              	.LVL141:
 336:Drivers/STM32G4xx_HAL_Driver/Src/stm32g4xx_ll_usb.c **** 
 1192              		.loc 1 336 7 is_stmt 0 discriminator 1 view .LVU399
 1193 048e 22F4E042 		bic	r2, r2, #28672
 1194 0492 22F07002 		bic	r2, r2, #112
 1195              	.LVL142:
ARM GAS  /tmp/ccZui67l.s 			page 29


 336:Drivers/STM32G4xx_HAL_Driver/Src/stm32g4xx_ll_usb.c **** 
 1196              		.loc 1 336 7 is_stmt 1 discriminator 1 view .LVU400
 1197 0496 42F40042 		orr	r2, r2, #32768
 1198              	.LVL143:
 336:Drivers/STM32G4xx_HAL_Driver/Src/stm32g4xx_ll_usb.c **** 
 1199              		.loc 1 336 7 is_stmt 0 discriminator 1 view .LVU401
 1200 049a 42F0C002 		orr	r2, r2, #192
 1201 049e 23F82C20 		strh	r2, [r3, ip, lsl #2]	@ movhi
 1202              	.LVL144:
 1203              	.L47:
 336:Drivers/STM32G4xx_HAL_Driver/Src/stm32g4xx_ll_usb.c **** 
 1204              		.loc 1 336 7 discriminator 1 view .LVU402
 1205              	.LBE42:
 336:Drivers/STM32G4xx_HAL_Driver/Src/stm32g4xx_ll_usb.c **** 
 1206              		.loc 1 336 7 is_stmt 1 discriminator 2 view .LVU403
 1207              	.LBE41:
 336:Drivers/STM32G4xx_HAL_Driver/Src/stm32g4xx_ll_usb.c **** 
 1208              		.loc 1 336 7 discriminator 2 view .LVU404
 338:Drivers/STM32G4xx_HAL_Driver/Src/stm32g4xx_ll_usb.c ****       {
 1209              		.loc 1 338 7 view .LVU405
 338:Drivers/STM32G4xx_HAL_Driver/Src/stm32g4xx_ll_usb.c ****       {
 1210              		.loc 1 338 13 is_stmt 0 view .LVU406
 1211 04a2 CA78     		ldrb	r2, [r1, #3]	@ zero_extendqisi2
 338:Drivers/STM32G4xx_HAL_Driver/Src/stm32g4xx_ll_usb.c ****       {
 1212              		.loc 1 338 10 view .LVU407
 1213 04a4 012A     		cmp	r2, #1
 1214 04a6 1DD0     		beq	.L48
 341:Drivers/STM32G4xx_HAL_Driver/Src/stm32g4xx_ll_usb.c ****       }
 1215              		.loc 1 341 9 is_stmt 1 view .LVU408
 1216              	.LBB43:
 341:Drivers/STM32G4xx_HAL_Driver/Src/stm32g4xx_ll_usb.c ****       }
 1217              		.loc 1 341 9 view .LVU409
 341:Drivers/STM32G4xx_HAL_Driver/Src/stm32g4xx_ll_usb.c ****       }
 1218              		.loc 1 341 9 view .LVU410
 1219 04a8 91F800C0 		ldrb	ip, [r1]	@ zero_extendqisi2
 1220 04ac 33F82C20 		ldrh	r2, [r3, ip, lsl #2]
 1221 04b0 22F4E042 		bic	r2, r2, #28672
 1222 04b4 22F04002 		bic	r2, r2, #64
 1223              	.LVL145:
 341:Drivers/STM32G4xx_HAL_Driver/Src/stm32g4xx_ll_usb.c ****       }
 1224              		.loc 1 341 9 view .LVU411
 341:Drivers/STM32G4xx_HAL_Driver/Src/stm32g4xx_ll_usb.c ****       }
 1225              		.loc 1 341 9 discriminator 2 view .LVU412
 341:Drivers/STM32G4xx_HAL_Driver/Src/stm32g4xx_ll_usb.c ****       }
 1226              		.loc 1 341 9 discriminator 3 view .LVU413
 1227 04b8 82F02002 		eor	r2, r2, #32
 1228              	.LVL146:
 341:Drivers/STM32G4xx_HAL_Driver/Src/stm32g4xx_ll_usb.c ****       }
 1229              		.loc 1 341 9 discriminator 4 view .LVU414
 1230 04bc 42F40042 		orr	r2, r2, #32768
 1231              	.LVL147:
 341:Drivers/STM32G4xx_HAL_Driver/Src/stm32g4xx_ll_usb.c ****       }
 1232              		.loc 1 341 9 is_stmt 0 discriminator 4 view .LVU415
 1233 04c0 42F08002 		orr	r2, r2, #128
 1234 04c4 23F82C20 		strh	r2, [r3, ip, lsl #2]	@ movhi
 1235              	.LBE43:
 341:Drivers/STM32G4xx_HAL_Driver/Src/stm32g4xx_ll_usb.c ****       }
ARM GAS  /tmp/ccZui67l.s 			page 30


 1236              		.loc 1 341 9 is_stmt 1 discriminator 4 view .LVU416
 1237              	.LVL148:
 1238              	.L49:
 346:Drivers/STM32G4xx_HAL_Driver/Src/stm32g4xx_ll_usb.c ****       }
 1239              		.loc 1 346 9 discriminator 5 view .LVU417
 349:Drivers/STM32G4xx_HAL_Driver/Src/stm32g4xx_ll_usb.c ****     }
 1240              		.loc 1 349 7 view .LVU418
 1241              	.LBB44:
 349:Drivers/STM32G4xx_HAL_Driver/Src/stm32g4xx_ll_usb.c ****     }
 1242              		.loc 1 349 7 view .LVU419
 349:Drivers/STM32G4xx_HAL_Driver/Src/stm32g4xx_ll_usb.c ****     }
 1243              		.loc 1 349 7 view .LVU420
 1244 04c8 0978     		ldrb	r1, [r1]	@ zero_extendqisi2
 1245              	.LVL149:
 349:Drivers/STM32G4xx_HAL_Driver/Src/stm32g4xx_ll_usb.c ****     }
 1246              		.loc 1 349 7 is_stmt 0 view .LVU421
 1247 04ca 33F82120 		ldrh	r2, [r3, r1, lsl #2]
 1248 04ce 22F48042 		bic	r2, r2, #16384
 1249 04d2 22F07002 		bic	r2, r2, #112
 1250              	.LVL150:
 349:Drivers/STM32G4xx_HAL_Driver/Src/stm32g4xx_ll_usb.c ****     }
 1251              		.loc 1 349 7 is_stmt 1 view .LVU422
 349:Drivers/STM32G4xx_HAL_Driver/Src/stm32g4xx_ll_usb.c ****     }
 1252              		.loc 1 349 7 discriminator 2 view .LVU423
 349:Drivers/STM32G4xx_HAL_Driver/Src/stm32g4xx_ll_usb.c ****     }
 1253              		.loc 1 349 7 discriminator 4 view .LVU424
 1254 04d6 42F40042 		orr	r2, r2, #32768
 1255              	.LVL151:
 349:Drivers/STM32G4xx_HAL_Driver/Src/stm32g4xx_ll_usb.c ****     }
 1256              		.loc 1 349 7 is_stmt 0 discriminator 4 view .LVU425
 1257 04da 42F08002 		orr	r2, r2, #128
 1258 04de 23F82120 		strh	r2, [r3, r1, lsl #2]	@ movhi
 1259 04e2 ABE7     		b	.L21
 1260              	.LVL152:
 1261              	.L48:
 349:Drivers/STM32G4xx_HAL_Driver/Src/stm32g4xx_ll_usb.c ****     }
 1262              		.loc 1 349 7 discriminator 4 view .LVU426
 1263              	.LBE44:
 346:Drivers/STM32G4xx_HAL_Driver/Src/stm32g4xx_ll_usb.c ****       }
 1264              		.loc 1 346 9 is_stmt 1 view .LVU427
 1265              	.LBB45:
 346:Drivers/STM32G4xx_HAL_Driver/Src/stm32g4xx_ll_usb.c ****       }
 1266              		.loc 1 346 9 view .LVU428
 346:Drivers/STM32G4xx_HAL_Driver/Src/stm32g4xx_ll_usb.c ****       }
 1267              		.loc 1 346 9 view .LVU429
 1268 04e4 91F800C0 		ldrb	ip, [r1]	@ zero_extendqisi2
 1269 04e8 33F82C20 		ldrh	r2, [r3, ip, lsl #2]
 1270 04ec 22F4E042 		bic	r2, r2, #28672
 1271 04f0 22F04002 		bic	r2, r2, #64
 1272              	.LVL153:
 346:Drivers/STM32G4xx_HAL_Driver/Src/stm32g4xx_ll_usb.c ****       }
 1273              		.loc 1 346 9 view .LVU430
 346:Drivers/STM32G4xx_HAL_Driver/Src/stm32g4xx_ll_usb.c ****       }
 1274              		.loc 1 346 9 discriminator 2 view .LVU431
 346:Drivers/STM32G4xx_HAL_Driver/Src/stm32g4xx_ll_usb.c ****       }
 1275              		.loc 1 346 9 discriminator 4 view .LVU432
 1276 04f4 42F40042 		orr	r2, r2, #32768
ARM GAS  /tmp/ccZui67l.s 			page 31


 1277              	.LVL154:
 346:Drivers/STM32G4xx_HAL_Driver/Src/stm32g4xx_ll_usb.c ****       }
 1278              		.loc 1 346 9 is_stmt 0 discriminator 4 view .LVU433
 1279 04f8 42F08002 		orr	r2, r2, #128
 1280 04fc 23F82C20 		strh	r2, [r3, ip, lsl #2]	@ movhi
 1281 0500 E2E7     		b	.L49
 1282              	.LBE45:
 1283              		.cfi_endproc
 1284              	.LFE336:
 1286              		.section	.text.USB_DeactivateEndpoint,"ax",%progbits
 1287              		.align	1
 1288              		.global	USB_DeactivateEndpoint
 1289              		.syntax unified
 1290              		.thumb
 1291              		.thumb_func
 1293              	USB_DeactivateEndpoint:
 1294              	.LVL155:
 1295              	.LFB337:
 356:Drivers/STM32G4xx_HAL_Driver/Src/stm32g4xx_ll_usb.c **** 
 357:Drivers/STM32G4xx_HAL_Driver/Src/stm32g4xx_ll_usb.c **** /**
 358:Drivers/STM32G4xx_HAL_Driver/Src/stm32g4xx_ll_usb.c ****   * @brief  De-activate and de-initialize an endpoint
 359:Drivers/STM32G4xx_HAL_Driver/Src/stm32g4xx_ll_usb.c ****   * @param  USBx Selected device
 360:Drivers/STM32G4xx_HAL_Driver/Src/stm32g4xx_ll_usb.c ****   * @param  ep pointer to endpoint structure
 361:Drivers/STM32G4xx_HAL_Driver/Src/stm32g4xx_ll_usb.c ****   * @retval HAL status
 362:Drivers/STM32G4xx_HAL_Driver/Src/stm32g4xx_ll_usb.c ****   */
 363:Drivers/STM32G4xx_HAL_Driver/Src/stm32g4xx_ll_usb.c **** HAL_StatusTypeDef USB_DeactivateEndpoint(USB_TypeDef *USBx, USB_EPTypeDef *ep)
 364:Drivers/STM32G4xx_HAL_Driver/Src/stm32g4xx_ll_usb.c **** {
 1296              		.loc 1 364 1 is_stmt 1 view -0
 1297              		.cfi_startproc
 1298              		@ args = 0, pretend = 0, frame = 0
 1299              		@ frame_needed = 0, uses_anonymous_args = 0
 1300              		@ link register save eliminated.
 365:Drivers/STM32G4xx_HAL_Driver/Src/stm32g4xx_ll_usb.c ****   if (ep->doublebuffer == 0U)
 1301              		.loc 1 365 3 view .LVU435
 1302              		.loc 1 365 9 is_stmt 0 view .LVU436
 1303 0000 0B7B     		ldrb	r3, [r1, #12]	@ zero_extendqisi2
 1304              		.loc 1 365 6 view .LVU437
 1305 0002 002B     		cmp	r3, #0
 1306 0004 42D1     		bne	.L56
 366:Drivers/STM32G4xx_HAL_Driver/Src/stm32g4xx_ll_usb.c ****   {
 367:Drivers/STM32G4xx_HAL_Driver/Src/stm32g4xx_ll_usb.c ****     if (ep->is_in != 0U)
 1307              		.loc 1 367 5 is_stmt 1 view .LVU438
 1308              		.loc 1 367 11 is_stmt 0 view .LVU439
 1309 0006 4B78     		ldrb	r3, [r1, #1]	@ zero_extendqisi2
 1310              		.loc 1 367 8 view .LVU440
 1311 0008 03B3     		cbz	r3, .L57
 368:Drivers/STM32G4xx_HAL_Driver/Src/stm32g4xx_ll_usb.c ****     {
 369:Drivers/STM32G4xx_HAL_Driver/Src/stm32g4xx_ll_usb.c ****       PCD_CLEAR_TX_DTOG(USBx, ep->num);
 1312              		.loc 1 369 7 is_stmt 1 view .LVU441
 1313              	.LBB46:
 1314              		.loc 1 369 7 view .LVU442
 1315              		.loc 1 369 7 view .LVU443
 1316 000a 0A78     		ldrb	r2, [r1]	@ zero_extendqisi2
 1317 000c 30F82230 		ldrh	r3, [r0, r2, lsl #2]
 1318              	.LVL156:
 1319              		.loc 1 369 7 view .LVU444
 1320 0010 13F0400F 		tst	r3, #64
ARM GAS  /tmp/ccZui67l.s 			page 32


 1321 0014 0BD0     		beq	.L58
 1322              		.loc 1 369 7 discriminator 1 view .LVU445
 1323              	.LBB47:
 1324              		.loc 1 369 7 discriminator 1 view .LVU446
 1325              		.loc 1 369 7 discriminator 1 view .LVU447
 1326 0016 30F82230 		ldrh	r3, [r0, r2, lsl #2]
 1327              	.LVL157:
 1328              		.loc 1 369 7 is_stmt 0 discriminator 1 view .LVU448
 1329 001a 23F4E043 		bic	r3, r3, #28672
 1330 001e 23F07003 		bic	r3, r3, #112
 1331              	.LVL158:
 1332              		.loc 1 369 7 is_stmt 1 discriminator 1 view .LVU449
 1333 0022 43F40043 		orr	r3, r3, #32768
 1334              	.LVL159:
 1335              		.loc 1 369 7 is_stmt 0 discriminator 1 view .LVU450
 1336 0026 43F0C003 		orr	r3, r3, #192
 1337 002a 20F82230 		strh	r3, [r0, r2, lsl #2]	@ movhi
 1338              	.LVL160:
 1339              	.L58:
 1340              		.loc 1 369 7 discriminator 1 view .LVU451
 1341              	.LBE47:
 1342              		.loc 1 369 7 is_stmt 1 discriminator 2 view .LVU452
 1343              	.LBE46:
 1344              		.loc 1 369 7 discriminator 2 view .LVU453
 370:Drivers/STM32G4xx_HAL_Driver/Src/stm32g4xx_ll_usb.c **** 
 371:Drivers/STM32G4xx_HAL_Driver/Src/stm32g4xx_ll_usb.c ****       /* Configure DISABLE status for the Endpoint */
 372:Drivers/STM32G4xx_HAL_Driver/Src/stm32g4xx_ll_usb.c ****       PCD_SET_EP_TX_STATUS(USBx, ep->num, USB_EP_TX_DIS);
 1345              		.loc 1 372 7 view .LVU454
 1346              	.LBB48:
 1347              		.loc 1 372 7 view .LVU455
 1348              		.loc 1 372 7 view .LVU456
 1349 002e 0A78     		ldrb	r2, [r1]	@ zero_extendqisi2
 1350 0030 30F82230 		ldrh	r3, [r0, r2, lsl #2]
 1351 0034 23F4E043 		bic	r3, r3, #28672
 1352 0038 23F04003 		bic	r3, r3, #64
 1353              	.LVL161:
 1354              		.loc 1 372 7 view .LVU457
 1355              		.loc 1 372 7 discriminator 2 view .LVU458
 1356              		.loc 1 372 7 discriminator 4 view .LVU459
 1357 003c 43F40043 		orr	r3, r3, #32768
 1358              	.LVL162:
 1359              		.loc 1 372 7 is_stmt 0 discriminator 4 view .LVU460
 1360 0040 43F08003 		orr	r3, r3, #128
 1361 0044 20F82230 		strh	r3, [r0, r2, lsl #2]	@ movhi
 1362              	.LBE48:
 1363              		.loc 1 372 7 is_stmt 1 discriminator 4 view .LVU461
 1364              	.LVL163:
 1365              	.L59:
 373:Drivers/STM32G4xx_HAL_Driver/Src/stm32g4xx_ll_usb.c ****     }
 374:Drivers/STM32G4xx_HAL_Driver/Src/stm32g4xx_ll_usb.c **** 
 375:Drivers/STM32G4xx_HAL_Driver/Src/stm32g4xx_ll_usb.c ****     else
 376:Drivers/STM32G4xx_HAL_Driver/Src/stm32g4xx_ll_usb.c ****     {
 377:Drivers/STM32G4xx_HAL_Driver/Src/stm32g4xx_ll_usb.c ****       PCD_CLEAR_RX_DTOG(USBx, ep->num);
 378:Drivers/STM32G4xx_HAL_Driver/Src/stm32g4xx_ll_usb.c **** 
 379:Drivers/STM32G4xx_HAL_Driver/Src/stm32g4xx_ll_usb.c ****       /* Configure DISABLE status for the Endpoint */
 380:Drivers/STM32G4xx_HAL_Driver/Src/stm32g4xx_ll_usb.c ****       PCD_SET_EP_RX_STATUS(USBx, ep->num, USB_EP_RX_DIS);
 381:Drivers/STM32G4xx_HAL_Driver/Src/stm32g4xx_ll_usb.c ****     }
ARM GAS  /tmp/ccZui67l.s 			page 33


 382:Drivers/STM32G4xx_HAL_Driver/Src/stm32g4xx_ll_usb.c ****   }
 383:Drivers/STM32G4xx_HAL_Driver/Src/stm32g4xx_ll_usb.c **** #if (USE_USB_DOUBLE_BUFFER == 1U)
 384:Drivers/STM32G4xx_HAL_Driver/Src/stm32g4xx_ll_usb.c ****   /* Double Buffer */
 385:Drivers/STM32G4xx_HAL_Driver/Src/stm32g4xx_ll_usb.c ****   else
 386:Drivers/STM32G4xx_HAL_Driver/Src/stm32g4xx_ll_usb.c ****   {
 387:Drivers/STM32G4xx_HAL_Driver/Src/stm32g4xx_ll_usb.c ****     if (ep->is_in == 0U)
 388:Drivers/STM32G4xx_HAL_Driver/Src/stm32g4xx_ll_usb.c ****     {
 389:Drivers/STM32G4xx_HAL_Driver/Src/stm32g4xx_ll_usb.c ****       /* Clear the data toggle bits for the endpoint IN/OUT*/
 390:Drivers/STM32G4xx_HAL_Driver/Src/stm32g4xx_ll_usb.c ****       PCD_CLEAR_RX_DTOG(USBx, ep->num);
 391:Drivers/STM32G4xx_HAL_Driver/Src/stm32g4xx_ll_usb.c ****       PCD_CLEAR_TX_DTOG(USBx, ep->num);
 392:Drivers/STM32G4xx_HAL_Driver/Src/stm32g4xx_ll_usb.c **** 
 393:Drivers/STM32G4xx_HAL_Driver/Src/stm32g4xx_ll_usb.c ****       /* Reset value of the data toggle bits for the endpoint out*/
 394:Drivers/STM32G4xx_HAL_Driver/Src/stm32g4xx_ll_usb.c ****       PCD_TX_DTOG(USBx, ep->num);
 395:Drivers/STM32G4xx_HAL_Driver/Src/stm32g4xx_ll_usb.c **** 
 396:Drivers/STM32G4xx_HAL_Driver/Src/stm32g4xx_ll_usb.c ****       PCD_SET_EP_RX_STATUS(USBx, ep->num, USB_EP_RX_DIS);
 397:Drivers/STM32G4xx_HAL_Driver/Src/stm32g4xx_ll_usb.c ****       PCD_SET_EP_TX_STATUS(USBx, ep->num, USB_EP_TX_DIS);
 398:Drivers/STM32G4xx_HAL_Driver/Src/stm32g4xx_ll_usb.c ****     }
 399:Drivers/STM32G4xx_HAL_Driver/Src/stm32g4xx_ll_usb.c ****     else
 400:Drivers/STM32G4xx_HAL_Driver/Src/stm32g4xx_ll_usb.c ****     {
 401:Drivers/STM32G4xx_HAL_Driver/Src/stm32g4xx_ll_usb.c ****       /* Clear the data toggle bits for the endpoint IN/OUT*/
 402:Drivers/STM32G4xx_HAL_Driver/Src/stm32g4xx_ll_usb.c ****       PCD_CLEAR_RX_DTOG(USBx, ep->num);
 403:Drivers/STM32G4xx_HAL_Driver/Src/stm32g4xx_ll_usb.c ****       PCD_CLEAR_TX_DTOG(USBx, ep->num);
 404:Drivers/STM32G4xx_HAL_Driver/Src/stm32g4xx_ll_usb.c ****       PCD_RX_DTOG(USBx, ep->num);
 405:Drivers/STM32G4xx_HAL_Driver/Src/stm32g4xx_ll_usb.c **** 
 406:Drivers/STM32G4xx_HAL_Driver/Src/stm32g4xx_ll_usb.c ****       /* Configure DISABLE status for the Endpoint*/
 407:Drivers/STM32G4xx_HAL_Driver/Src/stm32g4xx_ll_usb.c ****       PCD_SET_EP_TX_STATUS(USBx, ep->num, USB_EP_TX_DIS);
 408:Drivers/STM32G4xx_HAL_Driver/Src/stm32g4xx_ll_usb.c ****       PCD_SET_EP_RX_STATUS(USBx, ep->num, USB_EP_RX_DIS);
 1366              		.loc 1 408 7 discriminator 5 view .LVU462
 409:Drivers/STM32G4xx_HAL_Driver/Src/stm32g4xx_ll_usb.c ****     }
 410:Drivers/STM32G4xx_HAL_Driver/Src/stm32g4xx_ll_usb.c ****   }
 411:Drivers/STM32G4xx_HAL_Driver/Src/stm32g4xx_ll_usb.c **** #endif /* (USE_USB_DOUBLE_BUFFER == 1U) */
 412:Drivers/STM32G4xx_HAL_Driver/Src/stm32g4xx_ll_usb.c **** 
 413:Drivers/STM32G4xx_HAL_Driver/Src/stm32g4xx_ll_usb.c ****   return HAL_OK;
 1367              		.loc 1 413 3 view .LVU463
 414:Drivers/STM32G4xx_HAL_Driver/Src/stm32g4xx_ll_usb.c **** }
 1368              		.loc 1 414 1 is_stmt 0 view .LVU464
 1369 0048 0020     		movs	r0, #0
 1370              	.LVL164:
 1371              		.loc 1 414 1 view .LVU465
 1372 004a 7047     		bx	lr
 1373              	.LVL165:
 1374              	.L57:
 377:Drivers/STM32G4xx_HAL_Driver/Src/stm32g4xx_ll_usb.c **** 
 1375              		.loc 1 377 7 is_stmt 1 view .LVU466
 1376              	.LBB49:
 377:Drivers/STM32G4xx_HAL_Driver/Src/stm32g4xx_ll_usb.c **** 
 1377              		.loc 1 377 7 view .LVU467
 377:Drivers/STM32G4xx_HAL_Driver/Src/stm32g4xx_ll_usb.c **** 
 1378              		.loc 1 377 7 view .LVU468
 1379 004c 0A78     		ldrb	r2, [r1]	@ zero_extendqisi2
 1380 004e 30F82230 		ldrh	r3, [r0, r2, lsl #2]
 1381              	.LVL166:
 377:Drivers/STM32G4xx_HAL_Driver/Src/stm32g4xx_ll_usb.c **** 
 1382              		.loc 1 377 7 view .LVU469
 1383 0052 13F4804F 		tst	r3, #16384
 1384 0056 0BD0     		beq	.L60
 377:Drivers/STM32G4xx_HAL_Driver/Src/stm32g4xx_ll_usb.c **** 
ARM GAS  /tmp/ccZui67l.s 			page 34


 1385              		.loc 1 377 7 discriminator 1 view .LVU470
 1386              	.LBB50:
 377:Drivers/STM32G4xx_HAL_Driver/Src/stm32g4xx_ll_usb.c **** 
 1387              		.loc 1 377 7 discriminator 1 view .LVU471
 377:Drivers/STM32G4xx_HAL_Driver/Src/stm32g4xx_ll_usb.c **** 
 1388              		.loc 1 377 7 discriminator 1 view .LVU472
 1389 0058 30F82230 		ldrh	r3, [r0, r2, lsl #2]
 1390              	.LVL167:
 377:Drivers/STM32G4xx_HAL_Driver/Src/stm32g4xx_ll_usb.c **** 
 1391              		.loc 1 377 7 is_stmt 0 discriminator 1 view .LVU473
 1392 005c 23F4E043 		bic	r3, r3, #28672
 1393 0060 23F07003 		bic	r3, r3, #112
 1394              	.LVL168:
 377:Drivers/STM32G4xx_HAL_Driver/Src/stm32g4xx_ll_usb.c **** 
 1395              		.loc 1 377 7 is_stmt 1 discriminator 1 view .LVU474
 1396 0064 43F44043 		orr	r3, r3, #49152
 1397              	.LVL169:
 377:Drivers/STM32G4xx_HAL_Driver/Src/stm32g4xx_ll_usb.c **** 
 1398              		.loc 1 377 7 is_stmt 0 discriminator 1 view .LVU475
 1399 0068 43F08003 		orr	r3, r3, #128
 1400 006c 20F82230 		strh	r3, [r0, r2, lsl #2]	@ movhi
 1401              	.LVL170:
 1402              	.L60:
 377:Drivers/STM32G4xx_HAL_Driver/Src/stm32g4xx_ll_usb.c **** 
 1403              		.loc 1 377 7 discriminator 1 view .LVU476
 1404              	.LBE50:
 377:Drivers/STM32G4xx_HAL_Driver/Src/stm32g4xx_ll_usb.c **** 
 1405              		.loc 1 377 7 is_stmt 1 discriminator 2 view .LVU477
 1406              	.LBE49:
 377:Drivers/STM32G4xx_HAL_Driver/Src/stm32g4xx_ll_usb.c **** 
 1407              		.loc 1 377 7 discriminator 2 view .LVU478
 380:Drivers/STM32G4xx_HAL_Driver/Src/stm32g4xx_ll_usb.c ****     }
 1408              		.loc 1 380 7 view .LVU479
 1409              	.LBB51:
 380:Drivers/STM32G4xx_HAL_Driver/Src/stm32g4xx_ll_usb.c ****     }
 1410              		.loc 1 380 7 view .LVU480
 380:Drivers/STM32G4xx_HAL_Driver/Src/stm32g4xx_ll_usb.c ****     }
 1411              		.loc 1 380 7 view .LVU481
 1412 0070 0A78     		ldrb	r2, [r1]	@ zero_extendqisi2
 1413 0072 30F82230 		ldrh	r3, [r0, r2, lsl #2]
 1414 0076 23F48043 		bic	r3, r3, #16384
 1415 007a 23F07003 		bic	r3, r3, #112
 1416              	.LVL171:
 380:Drivers/STM32G4xx_HAL_Driver/Src/stm32g4xx_ll_usb.c ****     }
 1417              		.loc 1 380 7 view .LVU482
 380:Drivers/STM32G4xx_HAL_Driver/Src/stm32g4xx_ll_usb.c ****     }
 1418              		.loc 1 380 7 discriminator 2 view .LVU483
 380:Drivers/STM32G4xx_HAL_Driver/Src/stm32g4xx_ll_usb.c ****     }
 1419              		.loc 1 380 7 discriminator 4 view .LVU484
 1420 007e 43F40043 		orr	r3, r3, #32768
 1421              	.LVL172:
 380:Drivers/STM32G4xx_HAL_Driver/Src/stm32g4xx_ll_usb.c ****     }
 1422              		.loc 1 380 7 is_stmt 0 discriminator 4 view .LVU485
 1423 0082 43F08003 		orr	r3, r3, #128
 1424 0086 20F82230 		strh	r3, [r0, r2, lsl #2]	@ movhi
 1425 008a DDE7     		b	.L59
 1426              	.LVL173:
ARM GAS  /tmp/ccZui67l.s 			page 35


 1427              	.L56:
 380:Drivers/STM32G4xx_HAL_Driver/Src/stm32g4xx_ll_usb.c ****     }
 1428              		.loc 1 380 7 discriminator 4 view .LVU486
 1429              	.LBE51:
 387:Drivers/STM32G4xx_HAL_Driver/Src/stm32g4xx_ll_usb.c ****     {
 1430              		.loc 1 387 5 is_stmt 1 view .LVU487
 387:Drivers/STM32G4xx_HAL_Driver/Src/stm32g4xx_ll_usb.c ****     {
 1431              		.loc 1 387 11 is_stmt 0 view .LVU488
 1432 008c 4B78     		ldrb	r3, [r1, #1]	@ zero_extendqisi2
 387:Drivers/STM32G4xx_HAL_Driver/Src/stm32g4xx_ll_usb.c ****     {
 1433              		.loc 1 387 8 view .LVU489
 1434 008e 002B     		cmp	r3, #0
 1435 0090 49D1     		bne	.L61
 390:Drivers/STM32G4xx_HAL_Driver/Src/stm32g4xx_ll_usb.c ****       PCD_CLEAR_TX_DTOG(USBx, ep->num);
 1436              		.loc 1 390 7 is_stmt 1 view .LVU490
 1437              	.LBB52:
 390:Drivers/STM32G4xx_HAL_Driver/Src/stm32g4xx_ll_usb.c ****       PCD_CLEAR_TX_DTOG(USBx, ep->num);
 1438              		.loc 1 390 7 view .LVU491
 390:Drivers/STM32G4xx_HAL_Driver/Src/stm32g4xx_ll_usb.c ****       PCD_CLEAR_TX_DTOG(USBx, ep->num);
 1439              		.loc 1 390 7 view .LVU492
 1440 0092 0A78     		ldrb	r2, [r1]	@ zero_extendqisi2
 1441 0094 30F82230 		ldrh	r3, [r0, r2, lsl #2]
 1442              	.LVL174:
 390:Drivers/STM32G4xx_HAL_Driver/Src/stm32g4xx_ll_usb.c ****       PCD_CLEAR_TX_DTOG(USBx, ep->num);
 1443              		.loc 1 390 7 view .LVU493
 1444 0098 13F4804F 		tst	r3, #16384
 1445 009c 0BD0     		beq	.L62
 390:Drivers/STM32G4xx_HAL_Driver/Src/stm32g4xx_ll_usb.c ****       PCD_CLEAR_TX_DTOG(USBx, ep->num);
 1446              		.loc 1 390 7 discriminator 1 view .LVU494
 1447              	.LBB53:
 390:Drivers/STM32G4xx_HAL_Driver/Src/stm32g4xx_ll_usb.c ****       PCD_CLEAR_TX_DTOG(USBx, ep->num);
 1448              		.loc 1 390 7 discriminator 1 view .LVU495
 390:Drivers/STM32G4xx_HAL_Driver/Src/stm32g4xx_ll_usb.c ****       PCD_CLEAR_TX_DTOG(USBx, ep->num);
 1449              		.loc 1 390 7 discriminator 1 view .LVU496
 1450 009e 30F82230 		ldrh	r3, [r0, r2, lsl #2]
 1451              	.LVL175:
 390:Drivers/STM32G4xx_HAL_Driver/Src/stm32g4xx_ll_usb.c ****       PCD_CLEAR_TX_DTOG(USBx, ep->num);
 1452              		.loc 1 390 7 is_stmt 0 discriminator 1 view .LVU497
 1453 00a2 23F4E043 		bic	r3, r3, #28672
 1454 00a6 23F07003 		bic	r3, r3, #112
 1455              	.LVL176:
 390:Drivers/STM32G4xx_HAL_Driver/Src/stm32g4xx_ll_usb.c ****       PCD_CLEAR_TX_DTOG(USBx, ep->num);
 1456              		.loc 1 390 7 is_stmt 1 discriminator 1 view .LVU498
 1457 00aa 43F44043 		orr	r3, r3, #49152
 1458              	.LVL177:
 390:Drivers/STM32G4xx_HAL_Driver/Src/stm32g4xx_ll_usb.c ****       PCD_CLEAR_TX_DTOG(USBx, ep->num);
 1459              		.loc 1 390 7 is_stmt 0 discriminator 1 view .LVU499
 1460 00ae 43F08003 		orr	r3, r3, #128
 1461 00b2 20F82230 		strh	r3, [r0, r2, lsl #2]	@ movhi
 1462              	.LVL178:
 1463              	.L62:
 390:Drivers/STM32G4xx_HAL_Driver/Src/stm32g4xx_ll_usb.c ****       PCD_CLEAR_TX_DTOG(USBx, ep->num);
 1464              		.loc 1 390 7 discriminator 1 view .LVU500
 1465              	.LBE53:
 390:Drivers/STM32G4xx_HAL_Driver/Src/stm32g4xx_ll_usb.c ****       PCD_CLEAR_TX_DTOG(USBx, ep->num);
 1466              		.loc 1 390 7 is_stmt 1 discriminator 2 view .LVU501
 1467              	.LBE52:
ARM GAS  /tmp/ccZui67l.s 			page 36


 390:Drivers/STM32G4xx_HAL_Driver/Src/stm32g4xx_ll_usb.c ****       PCD_CLEAR_TX_DTOG(USBx, ep->num);
 1468              		.loc 1 390 7 discriminator 2 view .LVU502
 391:Drivers/STM32G4xx_HAL_Driver/Src/stm32g4xx_ll_usb.c **** 
 1469              		.loc 1 391 7 view .LVU503
 1470              	.LBB54:
 391:Drivers/STM32G4xx_HAL_Driver/Src/stm32g4xx_ll_usb.c **** 
 1471              		.loc 1 391 7 view .LVU504
 391:Drivers/STM32G4xx_HAL_Driver/Src/stm32g4xx_ll_usb.c **** 
 1472              		.loc 1 391 7 view .LVU505
 1473 00b6 0A78     		ldrb	r2, [r1]	@ zero_extendqisi2
 1474 00b8 30F82230 		ldrh	r3, [r0, r2, lsl #2]
 1475              	.LVL179:
 391:Drivers/STM32G4xx_HAL_Driver/Src/stm32g4xx_ll_usb.c **** 
 1476              		.loc 1 391 7 view .LVU506
 1477 00bc 13F0400F 		tst	r3, #64
 1478 00c0 0BD0     		beq	.L63
 391:Drivers/STM32G4xx_HAL_Driver/Src/stm32g4xx_ll_usb.c **** 
 1479              		.loc 1 391 7 discriminator 1 view .LVU507
 1480              	.LBB55:
 391:Drivers/STM32G4xx_HAL_Driver/Src/stm32g4xx_ll_usb.c **** 
 1481              		.loc 1 391 7 discriminator 1 view .LVU508
 391:Drivers/STM32G4xx_HAL_Driver/Src/stm32g4xx_ll_usb.c **** 
 1482              		.loc 1 391 7 discriminator 1 view .LVU509
 1483 00c2 30F82230 		ldrh	r3, [r0, r2, lsl #2]
 1484              	.LVL180:
 391:Drivers/STM32G4xx_HAL_Driver/Src/stm32g4xx_ll_usb.c **** 
 1485              		.loc 1 391 7 is_stmt 0 discriminator 1 view .LVU510
 1486 00c6 23F4E043 		bic	r3, r3, #28672
 1487 00ca 23F07003 		bic	r3, r3, #112
 1488              	.LVL181:
 391:Drivers/STM32G4xx_HAL_Driver/Src/stm32g4xx_ll_usb.c **** 
 1489              		.loc 1 391 7 is_stmt 1 discriminator 1 view .LVU511
 1490 00ce 43F40043 		orr	r3, r3, #32768
 1491              	.LVL182:
 391:Drivers/STM32G4xx_HAL_Driver/Src/stm32g4xx_ll_usb.c **** 
 1492              		.loc 1 391 7 is_stmt 0 discriminator 1 view .LVU512
 1493 00d2 43F0C003 		orr	r3, r3, #192
 1494 00d6 20F82230 		strh	r3, [r0, r2, lsl #2]	@ movhi
 1495              	.LVL183:
 1496              	.L63:
 391:Drivers/STM32G4xx_HAL_Driver/Src/stm32g4xx_ll_usb.c **** 
 1497              		.loc 1 391 7 discriminator 1 view .LVU513
 1498              	.LBE55:
 391:Drivers/STM32G4xx_HAL_Driver/Src/stm32g4xx_ll_usb.c **** 
 1499              		.loc 1 391 7 is_stmt 1 discriminator 2 view .LVU514
 1500              	.LBE54:
 391:Drivers/STM32G4xx_HAL_Driver/Src/stm32g4xx_ll_usb.c **** 
 1501              		.loc 1 391 7 discriminator 2 view .LVU515
 394:Drivers/STM32G4xx_HAL_Driver/Src/stm32g4xx_ll_usb.c **** 
 1502              		.loc 1 394 7 view .LVU516
 1503              	.LBB56:
 394:Drivers/STM32G4xx_HAL_Driver/Src/stm32g4xx_ll_usb.c **** 
 1504              		.loc 1 394 7 view .LVU517
 394:Drivers/STM32G4xx_HAL_Driver/Src/stm32g4xx_ll_usb.c **** 
 1505              		.loc 1 394 7 view .LVU518
 1506 00da 0A78     		ldrb	r2, [r1]	@ zero_extendqisi2
 1507 00dc 30F82230 		ldrh	r3, [r0, r2, lsl #2]
ARM GAS  /tmp/ccZui67l.s 			page 37


 1508 00e0 23F4E043 		bic	r3, r3, #28672
 1509 00e4 23F07003 		bic	r3, r3, #112
 1510              	.LVL184:
 394:Drivers/STM32G4xx_HAL_Driver/Src/stm32g4xx_ll_usb.c **** 
 1511              		.loc 1 394 7 view .LVU519
 1512 00e8 43F40043 		orr	r3, r3, #32768
 1513              	.LVL185:
 394:Drivers/STM32G4xx_HAL_Driver/Src/stm32g4xx_ll_usb.c **** 
 1514              		.loc 1 394 7 is_stmt 0 view .LVU520
 1515 00ec 43F0C003 		orr	r3, r3, #192
 1516 00f0 20F82230 		strh	r3, [r0, r2, lsl #2]	@ movhi
 1517              	.LBE56:
 394:Drivers/STM32G4xx_HAL_Driver/Src/stm32g4xx_ll_usb.c **** 
 1518              		.loc 1 394 7 is_stmt 1 view .LVU521
 396:Drivers/STM32G4xx_HAL_Driver/Src/stm32g4xx_ll_usb.c ****       PCD_SET_EP_TX_STATUS(USBx, ep->num, USB_EP_TX_DIS);
 1519              		.loc 1 396 7 view .LVU522
 1520              	.LBB57:
 396:Drivers/STM32G4xx_HAL_Driver/Src/stm32g4xx_ll_usb.c ****       PCD_SET_EP_TX_STATUS(USBx, ep->num, USB_EP_TX_DIS);
 1521              		.loc 1 396 7 view .LVU523
 396:Drivers/STM32G4xx_HAL_Driver/Src/stm32g4xx_ll_usb.c ****       PCD_SET_EP_TX_STATUS(USBx, ep->num, USB_EP_TX_DIS);
 1522              		.loc 1 396 7 view .LVU524
 1523 00f4 0A78     		ldrb	r2, [r1]	@ zero_extendqisi2
 1524 00f6 30F82230 		ldrh	r3, [r0, r2, lsl #2]
 1525 00fa 23F48043 		bic	r3, r3, #16384
 1526 00fe 23F07003 		bic	r3, r3, #112
 1527              	.LVL186:
 396:Drivers/STM32G4xx_HAL_Driver/Src/stm32g4xx_ll_usb.c ****       PCD_SET_EP_TX_STATUS(USBx, ep->num, USB_EP_TX_DIS);
 1528              		.loc 1 396 7 view .LVU525
 396:Drivers/STM32G4xx_HAL_Driver/Src/stm32g4xx_ll_usb.c ****       PCD_SET_EP_TX_STATUS(USBx, ep->num, USB_EP_TX_DIS);
 1529              		.loc 1 396 7 discriminator 2 view .LVU526
 396:Drivers/STM32G4xx_HAL_Driver/Src/stm32g4xx_ll_usb.c ****       PCD_SET_EP_TX_STATUS(USBx, ep->num, USB_EP_TX_DIS);
 1530              		.loc 1 396 7 discriminator 4 view .LVU527
 1531 0102 48F2800C 		movw	ip, #32896
 1532 0106 43EA0C03 		orr	r3, r3, ip
 1533              	.LVL187:
 396:Drivers/STM32G4xx_HAL_Driver/Src/stm32g4xx_ll_usb.c ****       PCD_SET_EP_TX_STATUS(USBx, ep->num, USB_EP_TX_DIS);
 1534              		.loc 1 396 7 is_stmt 0 discriminator 4 view .LVU528
 1535 010a 20F82230 		strh	r3, [r0, r2, lsl #2]	@ movhi
 1536              	.LBE57:
 396:Drivers/STM32G4xx_HAL_Driver/Src/stm32g4xx_ll_usb.c ****       PCD_SET_EP_TX_STATUS(USBx, ep->num, USB_EP_TX_DIS);
 1537              		.loc 1 396 7 is_stmt 1 discriminator 4 view .LVU529
 397:Drivers/STM32G4xx_HAL_Driver/Src/stm32g4xx_ll_usb.c ****     }
 1538              		.loc 1 397 7 view .LVU530
 1539              	.LBB58:
 397:Drivers/STM32G4xx_HAL_Driver/Src/stm32g4xx_ll_usb.c ****     }
 1540              		.loc 1 397 7 view .LVU531
 397:Drivers/STM32G4xx_HAL_Driver/Src/stm32g4xx_ll_usb.c ****     }
 1541              		.loc 1 397 7 view .LVU532
 1542 010e 0A78     		ldrb	r2, [r1]	@ zero_extendqisi2
 1543 0110 30F82230 		ldrh	r3, [r0, r2, lsl #2]
 1544 0114 23F4E043 		bic	r3, r3, #28672
 1545 0118 23F04003 		bic	r3, r3, #64
 1546              	.LVL188:
 397:Drivers/STM32G4xx_HAL_Driver/Src/stm32g4xx_ll_usb.c ****     }
 1547              		.loc 1 397 7 view .LVU533
 397:Drivers/STM32G4xx_HAL_Driver/Src/stm32g4xx_ll_usb.c ****     }
 1548              		.loc 1 397 7 discriminator 2 view .LVU534
ARM GAS  /tmp/ccZui67l.s 			page 38


 397:Drivers/STM32G4xx_HAL_Driver/Src/stm32g4xx_ll_usb.c ****     }
 1549              		.loc 1 397 7 discriminator 4 view .LVU535
 1550 011c 43EA0C03 		orr	r3, r3, ip
 1551              	.LVL189:
 397:Drivers/STM32G4xx_HAL_Driver/Src/stm32g4xx_ll_usb.c ****     }
 1552              		.loc 1 397 7 is_stmt 0 discriminator 4 view .LVU536
 1553 0120 20F82230 		strh	r3, [r0, r2, lsl #2]	@ movhi
 1554              	.LBE58:
 397:Drivers/STM32G4xx_HAL_Driver/Src/stm32g4xx_ll_usb.c ****     }
 1555              		.loc 1 397 7 is_stmt 1 discriminator 4 view .LVU537
 1556 0124 90E7     		b	.L59
 1557              	.LVL190:
 1558              	.L61:
 402:Drivers/STM32G4xx_HAL_Driver/Src/stm32g4xx_ll_usb.c ****       PCD_CLEAR_TX_DTOG(USBx, ep->num);
 1559              		.loc 1 402 7 view .LVU538
 1560              	.LBB59:
 402:Drivers/STM32G4xx_HAL_Driver/Src/stm32g4xx_ll_usb.c ****       PCD_CLEAR_TX_DTOG(USBx, ep->num);
 1561              		.loc 1 402 7 view .LVU539
 402:Drivers/STM32G4xx_HAL_Driver/Src/stm32g4xx_ll_usb.c ****       PCD_CLEAR_TX_DTOG(USBx, ep->num);
 1562              		.loc 1 402 7 view .LVU540
 1563 0126 0A78     		ldrb	r2, [r1]	@ zero_extendqisi2
 1564 0128 30F82230 		ldrh	r3, [r0, r2, lsl #2]
 1565              	.LVL191:
 402:Drivers/STM32G4xx_HAL_Driver/Src/stm32g4xx_ll_usb.c ****       PCD_CLEAR_TX_DTOG(USBx, ep->num);
 1566              		.loc 1 402 7 view .LVU541
 1567 012c 13F4804F 		tst	r3, #16384
 1568 0130 0BD0     		beq	.L64
 402:Drivers/STM32G4xx_HAL_Driver/Src/stm32g4xx_ll_usb.c ****       PCD_CLEAR_TX_DTOG(USBx, ep->num);
 1569              		.loc 1 402 7 discriminator 1 view .LVU542
 1570              	.LBB60:
 402:Drivers/STM32G4xx_HAL_Driver/Src/stm32g4xx_ll_usb.c ****       PCD_CLEAR_TX_DTOG(USBx, ep->num);
 1571              		.loc 1 402 7 discriminator 1 view .LVU543
 402:Drivers/STM32G4xx_HAL_Driver/Src/stm32g4xx_ll_usb.c ****       PCD_CLEAR_TX_DTOG(USBx, ep->num);
 1572              		.loc 1 402 7 discriminator 1 view .LVU544
 1573 0132 30F82230 		ldrh	r3, [r0, r2, lsl #2]
 1574              	.LVL192:
 402:Drivers/STM32G4xx_HAL_Driver/Src/stm32g4xx_ll_usb.c ****       PCD_CLEAR_TX_DTOG(USBx, ep->num);
 1575              		.loc 1 402 7 is_stmt 0 discriminator 1 view .LVU545
 1576 0136 23F4E043 		bic	r3, r3, #28672
 1577 013a 23F07003 		bic	r3, r3, #112
 1578              	.LVL193:
 402:Drivers/STM32G4xx_HAL_Driver/Src/stm32g4xx_ll_usb.c ****       PCD_CLEAR_TX_DTOG(USBx, ep->num);
 1579              		.loc 1 402 7 is_stmt 1 discriminator 1 view .LVU546
 1580 013e 43F44043 		orr	r3, r3, #49152
 1581              	.LVL194:
 402:Drivers/STM32G4xx_HAL_Driver/Src/stm32g4xx_ll_usb.c ****       PCD_CLEAR_TX_DTOG(USBx, ep->num);
 1582              		.loc 1 402 7 is_stmt 0 discriminator 1 view .LVU547
 1583 0142 43F08003 		orr	r3, r3, #128
 1584 0146 20F82230 		strh	r3, [r0, r2, lsl #2]	@ movhi
 1585              	.LVL195:
 1586              	.L64:
 402:Drivers/STM32G4xx_HAL_Driver/Src/stm32g4xx_ll_usb.c ****       PCD_CLEAR_TX_DTOG(USBx, ep->num);
 1587              		.loc 1 402 7 discriminator 1 view .LVU548
 1588              	.LBE60:
 402:Drivers/STM32G4xx_HAL_Driver/Src/stm32g4xx_ll_usb.c ****       PCD_CLEAR_TX_DTOG(USBx, ep->num);
 1589              		.loc 1 402 7 is_stmt 1 discriminator 2 view .LVU549
 1590              	.LBE59:
ARM GAS  /tmp/ccZui67l.s 			page 39


 402:Drivers/STM32G4xx_HAL_Driver/Src/stm32g4xx_ll_usb.c ****       PCD_CLEAR_TX_DTOG(USBx, ep->num);
 1591              		.loc 1 402 7 discriminator 2 view .LVU550
 403:Drivers/STM32G4xx_HAL_Driver/Src/stm32g4xx_ll_usb.c ****       PCD_RX_DTOG(USBx, ep->num);
 1592              		.loc 1 403 7 view .LVU551
 1593              	.LBB61:
 403:Drivers/STM32G4xx_HAL_Driver/Src/stm32g4xx_ll_usb.c ****       PCD_RX_DTOG(USBx, ep->num);
 1594              		.loc 1 403 7 view .LVU552
 403:Drivers/STM32G4xx_HAL_Driver/Src/stm32g4xx_ll_usb.c ****       PCD_RX_DTOG(USBx, ep->num);
 1595              		.loc 1 403 7 view .LVU553
 1596 014a 0A78     		ldrb	r2, [r1]	@ zero_extendqisi2
 1597 014c 30F82230 		ldrh	r3, [r0, r2, lsl #2]
 1598              	.LVL196:
 403:Drivers/STM32G4xx_HAL_Driver/Src/stm32g4xx_ll_usb.c ****       PCD_RX_DTOG(USBx, ep->num);
 1599              		.loc 1 403 7 view .LVU554
 1600 0150 13F0400F 		tst	r3, #64
 1601 0154 0BD0     		beq	.L65
 403:Drivers/STM32G4xx_HAL_Driver/Src/stm32g4xx_ll_usb.c ****       PCD_RX_DTOG(USBx, ep->num);
 1602              		.loc 1 403 7 discriminator 1 view .LVU555
 1603              	.LBB62:
 403:Drivers/STM32G4xx_HAL_Driver/Src/stm32g4xx_ll_usb.c ****       PCD_RX_DTOG(USBx, ep->num);
 1604              		.loc 1 403 7 discriminator 1 view .LVU556
 403:Drivers/STM32G4xx_HAL_Driver/Src/stm32g4xx_ll_usb.c ****       PCD_RX_DTOG(USBx, ep->num);
 1605              		.loc 1 403 7 discriminator 1 view .LVU557
 1606 0156 30F82230 		ldrh	r3, [r0, r2, lsl #2]
 1607              	.LVL197:
 403:Drivers/STM32G4xx_HAL_Driver/Src/stm32g4xx_ll_usb.c ****       PCD_RX_DTOG(USBx, ep->num);
 1608              		.loc 1 403 7 is_stmt 0 discriminator 1 view .LVU558
 1609 015a 23F4E043 		bic	r3, r3, #28672
 1610 015e 23F07003 		bic	r3, r3, #112
 1611              	.LVL198:
 403:Drivers/STM32G4xx_HAL_Driver/Src/stm32g4xx_ll_usb.c ****       PCD_RX_DTOG(USBx, ep->num);
 1612              		.loc 1 403 7 is_stmt 1 discriminator 1 view .LVU559
 1613 0162 43F40043 		orr	r3, r3, #32768
 1614              	.LVL199:
 403:Drivers/STM32G4xx_HAL_Driver/Src/stm32g4xx_ll_usb.c ****       PCD_RX_DTOG(USBx, ep->num);
 1615              		.loc 1 403 7 is_stmt 0 discriminator 1 view .LVU560
 1616 0166 43F0C003 		orr	r3, r3, #192
 1617 016a 20F82230 		strh	r3, [r0, r2, lsl #2]	@ movhi
 1618              	.LVL200:
 1619              	.L65:
 403:Drivers/STM32G4xx_HAL_Driver/Src/stm32g4xx_ll_usb.c ****       PCD_RX_DTOG(USBx, ep->num);
 1620              		.loc 1 403 7 discriminator 1 view .LVU561
 1621              	.LBE62:
 403:Drivers/STM32G4xx_HAL_Driver/Src/stm32g4xx_ll_usb.c ****       PCD_RX_DTOG(USBx, ep->num);
 1622              		.loc 1 403 7 is_stmt 1 discriminator 2 view .LVU562
 1623              	.LBE61:
 403:Drivers/STM32G4xx_HAL_Driver/Src/stm32g4xx_ll_usb.c ****       PCD_RX_DTOG(USBx, ep->num);
 1624              		.loc 1 403 7 discriminator 2 view .LVU563
 404:Drivers/STM32G4xx_HAL_Driver/Src/stm32g4xx_ll_usb.c **** 
 1625              		.loc 1 404 7 view .LVU564
 1626              	.LBB63:
 404:Drivers/STM32G4xx_HAL_Driver/Src/stm32g4xx_ll_usb.c **** 
 1627              		.loc 1 404 7 view .LVU565
 404:Drivers/STM32G4xx_HAL_Driver/Src/stm32g4xx_ll_usb.c **** 
 1628              		.loc 1 404 7 view .LVU566
 1629 016e 0A78     		ldrb	r2, [r1]	@ zero_extendqisi2
 1630 0170 30F82230 		ldrh	r3, [r0, r2, lsl #2]
ARM GAS  /tmp/ccZui67l.s 			page 40


 1631 0174 23F4E043 		bic	r3, r3, #28672
 1632 0178 23F07003 		bic	r3, r3, #112
 1633              	.LVL201:
 404:Drivers/STM32G4xx_HAL_Driver/Src/stm32g4xx_ll_usb.c **** 
 1634              		.loc 1 404 7 view .LVU567
 1635 017c 43F44043 		orr	r3, r3, #49152
 1636              	.LVL202:
 404:Drivers/STM32G4xx_HAL_Driver/Src/stm32g4xx_ll_usb.c **** 
 1637              		.loc 1 404 7 is_stmt 0 view .LVU568
 1638 0180 43F08003 		orr	r3, r3, #128
 1639 0184 20F82230 		strh	r3, [r0, r2, lsl #2]	@ movhi
 1640              	.LBE63:
 404:Drivers/STM32G4xx_HAL_Driver/Src/stm32g4xx_ll_usb.c **** 
 1641              		.loc 1 404 7 is_stmt 1 view .LVU569
 407:Drivers/STM32G4xx_HAL_Driver/Src/stm32g4xx_ll_usb.c ****       PCD_SET_EP_RX_STATUS(USBx, ep->num, USB_EP_RX_DIS);
 1642              		.loc 1 407 7 view .LVU570
 1643              	.LBB64:
 407:Drivers/STM32G4xx_HAL_Driver/Src/stm32g4xx_ll_usb.c ****       PCD_SET_EP_RX_STATUS(USBx, ep->num, USB_EP_RX_DIS);
 1644              		.loc 1 407 7 view .LVU571
 407:Drivers/STM32G4xx_HAL_Driver/Src/stm32g4xx_ll_usb.c ****       PCD_SET_EP_RX_STATUS(USBx, ep->num, USB_EP_RX_DIS);
 1645              		.loc 1 407 7 view .LVU572
 1646 0188 0A78     		ldrb	r2, [r1]	@ zero_extendqisi2
 1647 018a 30F82230 		ldrh	r3, [r0, r2, lsl #2]
 1648 018e 23F4E043 		bic	r3, r3, #28672
 1649 0192 23F04003 		bic	r3, r3, #64
 1650              	.LVL203:
 407:Drivers/STM32G4xx_HAL_Driver/Src/stm32g4xx_ll_usb.c ****       PCD_SET_EP_RX_STATUS(USBx, ep->num, USB_EP_RX_DIS);
 1651              		.loc 1 407 7 view .LVU573
 407:Drivers/STM32G4xx_HAL_Driver/Src/stm32g4xx_ll_usb.c ****       PCD_SET_EP_RX_STATUS(USBx, ep->num, USB_EP_RX_DIS);
 1652              		.loc 1 407 7 discriminator 2 view .LVU574
 407:Drivers/STM32G4xx_HAL_Driver/Src/stm32g4xx_ll_usb.c ****       PCD_SET_EP_RX_STATUS(USBx, ep->num, USB_EP_RX_DIS);
 1653              		.loc 1 407 7 discriminator 4 view .LVU575
 1654 0196 48F2800C 		movw	ip, #32896
 1655 019a 43EA0C03 		orr	r3, r3, ip
 1656              	.LVL204:
 407:Drivers/STM32G4xx_HAL_Driver/Src/stm32g4xx_ll_usb.c ****       PCD_SET_EP_RX_STATUS(USBx, ep->num, USB_EP_RX_DIS);
 1657              		.loc 1 407 7 is_stmt 0 discriminator 4 view .LVU576
 1658 019e 20F82230 		strh	r3, [r0, r2, lsl #2]	@ movhi
 1659              	.LBE64:
 407:Drivers/STM32G4xx_HAL_Driver/Src/stm32g4xx_ll_usb.c ****       PCD_SET_EP_RX_STATUS(USBx, ep->num, USB_EP_RX_DIS);
 1660              		.loc 1 407 7 is_stmt 1 discriminator 4 view .LVU577
 408:Drivers/STM32G4xx_HAL_Driver/Src/stm32g4xx_ll_usb.c ****     }
 1661              		.loc 1 408 7 view .LVU578
 1662              	.LBB65:
 408:Drivers/STM32G4xx_HAL_Driver/Src/stm32g4xx_ll_usb.c ****     }
 1663              		.loc 1 408 7 view .LVU579
 408:Drivers/STM32G4xx_HAL_Driver/Src/stm32g4xx_ll_usb.c ****     }
 1664              		.loc 1 408 7 view .LVU580
 1665 01a2 0A78     		ldrb	r2, [r1]	@ zero_extendqisi2
 1666 01a4 30F82230 		ldrh	r3, [r0, r2, lsl #2]
 1667 01a8 23F48043 		bic	r3, r3, #16384
 1668 01ac 23F07003 		bic	r3, r3, #112
 1669              	.LVL205:
 408:Drivers/STM32G4xx_HAL_Driver/Src/stm32g4xx_ll_usb.c ****     }
 1670              		.loc 1 408 7 view .LVU581
 408:Drivers/STM32G4xx_HAL_Driver/Src/stm32g4xx_ll_usb.c ****     }
 1671              		.loc 1 408 7 discriminator 2 view .LVU582
ARM GAS  /tmp/ccZui67l.s 			page 41


 408:Drivers/STM32G4xx_HAL_Driver/Src/stm32g4xx_ll_usb.c ****     }
 1672              		.loc 1 408 7 discriminator 4 view .LVU583
 1673 01b0 43EA0C03 		orr	r3, r3, ip
 1674              	.LVL206:
 408:Drivers/STM32G4xx_HAL_Driver/Src/stm32g4xx_ll_usb.c ****     }
 1675              		.loc 1 408 7 is_stmt 0 discriminator 4 view .LVU584
 1676 01b4 20F82230 		strh	r3, [r0, r2, lsl #2]	@ movhi
 1677 01b8 46E7     		b	.L59
 1678              	.LBE65:
 1679              		.cfi_endproc
 1680              	.LFE337:
 1682              		.section	.text.USB_EPSetStall,"ax",%progbits
 1683              		.align	1
 1684              		.global	USB_EPSetStall
 1685              		.syntax unified
 1686              		.thumb
 1687              		.thumb_func
 1689              	USB_EPSetStall:
 1690              	.LVL207:
 1691              	.LFB339:
 415:Drivers/STM32G4xx_HAL_Driver/Src/stm32g4xx_ll_usb.c **** 
 416:Drivers/STM32G4xx_HAL_Driver/Src/stm32g4xx_ll_usb.c **** /**
 417:Drivers/STM32G4xx_HAL_Driver/Src/stm32g4xx_ll_usb.c ****   * @brief  USB_EPStartXfer setup and starts a transfer over an EP
 418:Drivers/STM32G4xx_HAL_Driver/Src/stm32g4xx_ll_usb.c ****   * @param  USBx Selected device
 419:Drivers/STM32G4xx_HAL_Driver/Src/stm32g4xx_ll_usb.c ****   * @param  ep pointer to endpoint structure
 420:Drivers/STM32G4xx_HAL_Driver/Src/stm32g4xx_ll_usb.c ****   * @retval HAL status
 421:Drivers/STM32G4xx_HAL_Driver/Src/stm32g4xx_ll_usb.c ****   */
 422:Drivers/STM32G4xx_HAL_Driver/Src/stm32g4xx_ll_usb.c **** HAL_StatusTypeDef USB_EPStartXfer(USB_TypeDef *USBx, USB_EPTypeDef *ep)
 423:Drivers/STM32G4xx_HAL_Driver/Src/stm32g4xx_ll_usb.c **** {
 424:Drivers/STM32G4xx_HAL_Driver/Src/stm32g4xx_ll_usb.c ****   uint32_t len;
 425:Drivers/STM32G4xx_HAL_Driver/Src/stm32g4xx_ll_usb.c **** #if (USE_USB_DOUBLE_BUFFER == 1U)
 426:Drivers/STM32G4xx_HAL_Driver/Src/stm32g4xx_ll_usb.c ****   uint16_t pmabuffer;
 427:Drivers/STM32G4xx_HAL_Driver/Src/stm32g4xx_ll_usb.c ****   uint16_t wEPVal;
 428:Drivers/STM32G4xx_HAL_Driver/Src/stm32g4xx_ll_usb.c **** #endif /* (USE_USB_DOUBLE_BUFFER == 1U) */
 429:Drivers/STM32G4xx_HAL_Driver/Src/stm32g4xx_ll_usb.c **** 
 430:Drivers/STM32G4xx_HAL_Driver/Src/stm32g4xx_ll_usb.c ****   /* IN endpoint */
 431:Drivers/STM32G4xx_HAL_Driver/Src/stm32g4xx_ll_usb.c ****   if (ep->is_in == 1U)
 432:Drivers/STM32G4xx_HAL_Driver/Src/stm32g4xx_ll_usb.c ****   {
 433:Drivers/STM32G4xx_HAL_Driver/Src/stm32g4xx_ll_usb.c ****     /* Multi packet transfer */
 434:Drivers/STM32G4xx_HAL_Driver/Src/stm32g4xx_ll_usb.c ****     if (ep->xfer_len > ep->maxpacket)
 435:Drivers/STM32G4xx_HAL_Driver/Src/stm32g4xx_ll_usb.c ****     {
 436:Drivers/STM32G4xx_HAL_Driver/Src/stm32g4xx_ll_usb.c ****       len = ep->maxpacket;
 437:Drivers/STM32G4xx_HAL_Driver/Src/stm32g4xx_ll_usb.c ****     }
 438:Drivers/STM32G4xx_HAL_Driver/Src/stm32g4xx_ll_usb.c ****     else
 439:Drivers/STM32G4xx_HAL_Driver/Src/stm32g4xx_ll_usb.c ****     {
 440:Drivers/STM32G4xx_HAL_Driver/Src/stm32g4xx_ll_usb.c ****       len = ep->xfer_len;
 441:Drivers/STM32G4xx_HAL_Driver/Src/stm32g4xx_ll_usb.c ****     }
 442:Drivers/STM32G4xx_HAL_Driver/Src/stm32g4xx_ll_usb.c **** 
 443:Drivers/STM32G4xx_HAL_Driver/Src/stm32g4xx_ll_usb.c ****     /* configure and validate Tx endpoint */
 444:Drivers/STM32G4xx_HAL_Driver/Src/stm32g4xx_ll_usb.c ****     if (ep->doublebuffer == 0U)
 445:Drivers/STM32G4xx_HAL_Driver/Src/stm32g4xx_ll_usb.c ****     {
 446:Drivers/STM32G4xx_HAL_Driver/Src/stm32g4xx_ll_usb.c ****       USB_WritePMA(USBx, ep->xfer_buff, ep->pmaadress, (uint16_t)len);
 447:Drivers/STM32G4xx_HAL_Driver/Src/stm32g4xx_ll_usb.c ****       PCD_SET_EP_TX_CNT(USBx, ep->num, len);
 448:Drivers/STM32G4xx_HAL_Driver/Src/stm32g4xx_ll_usb.c ****     }
 449:Drivers/STM32G4xx_HAL_Driver/Src/stm32g4xx_ll_usb.c **** #if (USE_USB_DOUBLE_BUFFER == 1U)
 450:Drivers/STM32G4xx_HAL_Driver/Src/stm32g4xx_ll_usb.c ****     else
 451:Drivers/STM32G4xx_HAL_Driver/Src/stm32g4xx_ll_usb.c ****     {
ARM GAS  /tmp/ccZui67l.s 			page 42


 452:Drivers/STM32G4xx_HAL_Driver/Src/stm32g4xx_ll_usb.c ****       /* double buffer bulk management */
 453:Drivers/STM32G4xx_HAL_Driver/Src/stm32g4xx_ll_usb.c ****       if (ep->type == EP_TYPE_BULK)
 454:Drivers/STM32G4xx_HAL_Driver/Src/stm32g4xx_ll_usb.c ****       {
 455:Drivers/STM32G4xx_HAL_Driver/Src/stm32g4xx_ll_usb.c ****         if (ep->xfer_len_db > ep->maxpacket)
 456:Drivers/STM32G4xx_HAL_Driver/Src/stm32g4xx_ll_usb.c ****         {
 457:Drivers/STM32G4xx_HAL_Driver/Src/stm32g4xx_ll_usb.c ****           /* enable double buffer */
 458:Drivers/STM32G4xx_HAL_Driver/Src/stm32g4xx_ll_usb.c ****           PCD_SET_BULK_EP_DBUF(USBx, ep->num);
 459:Drivers/STM32G4xx_HAL_Driver/Src/stm32g4xx_ll_usb.c **** 
 460:Drivers/STM32G4xx_HAL_Driver/Src/stm32g4xx_ll_usb.c ****           /* each Time to write in PMA xfer_len_db will */
 461:Drivers/STM32G4xx_HAL_Driver/Src/stm32g4xx_ll_usb.c ****           ep->xfer_len_db -= len;
 462:Drivers/STM32G4xx_HAL_Driver/Src/stm32g4xx_ll_usb.c **** 
 463:Drivers/STM32G4xx_HAL_Driver/Src/stm32g4xx_ll_usb.c ****           /* Fill the two first buffer in the Buffer0 & Buffer1 */
 464:Drivers/STM32G4xx_HAL_Driver/Src/stm32g4xx_ll_usb.c ****           if ((PCD_GET_ENDPOINT(USBx, ep->num) & USB_EP_DTOG_TX) != 0U)
 465:Drivers/STM32G4xx_HAL_Driver/Src/stm32g4xx_ll_usb.c ****           {
 466:Drivers/STM32G4xx_HAL_Driver/Src/stm32g4xx_ll_usb.c ****             /* Set the Double buffer counter for pmabuffer1 */
 467:Drivers/STM32G4xx_HAL_Driver/Src/stm32g4xx_ll_usb.c ****             PCD_SET_EP_DBUF1_CNT(USBx, ep->num, ep->is_in, len);
 468:Drivers/STM32G4xx_HAL_Driver/Src/stm32g4xx_ll_usb.c ****             pmabuffer = ep->pmaaddr1;
 469:Drivers/STM32G4xx_HAL_Driver/Src/stm32g4xx_ll_usb.c **** 
 470:Drivers/STM32G4xx_HAL_Driver/Src/stm32g4xx_ll_usb.c ****             /* Write the user buffer to USB PMA */
 471:Drivers/STM32G4xx_HAL_Driver/Src/stm32g4xx_ll_usb.c ****             USB_WritePMA(USBx, ep->xfer_buff, pmabuffer, (uint16_t)len);
 472:Drivers/STM32G4xx_HAL_Driver/Src/stm32g4xx_ll_usb.c ****             ep->xfer_buff += len;
 473:Drivers/STM32G4xx_HAL_Driver/Src/stm32g4xx_ll_usb.c **** 
 474:Drivers/STM32G4xx_HAL_Driver/Src/stm32g4xx_ll_usb.c ****             if (ep->xfer_len_db > ep->maxpacket)
 475:Drivers/STM32G4xx_HAL_Driver/Src/stm32g4xx_ll_usb.c ****             {
 476:Drivers/STM32G4xx_HAL_Driver/Src/stm32g4xx_ll_usb.c ****               ep->xfer_len_db -= len;
 477:Drivers/STM32G4xx_HAL_Driver/Src/stm32g4xx_ll_usb.c ****             }
 478:Drivers/STM32G4xx_HAL_Driver/Src/stm32g4xx_ll_usb.c ****             else
 479:Drivers/STM32G4xx_HAL_Driver/Src/stm32g4xx_ll_usb.c ****             {
 480:Drivers/STM32G4xx_HAL_Driver/Src/stm32g4xx_ll_usb.c ****               len = ep->xfer_len_db;
 481:Drivers/STM32G4xx_HAL_Driver/Src/stm32g4xx_ll_usb.c ****               ep->xfer_len_db = 0U;
 482:Drivers/STM32G4xx_HAL_Driver/Src/stm32g4xx_ll_usb.c ****             }
 483:Drivers/STM32G4xx_HAL_Driver/Src/stm32g4xx_ll_usb.c **** 
 484:Drivers/STM32G4xx_HAL_Driver/Src/stm32g4xx_ll_usb.c ****             /* Set the Double buffer counter for pmabuffer0 */
 485:Drivers/STM32G4xx_HAL_Driver/Src/stm32g4xx_ll_usb.c ****             PCD_SET_EP_DBUF0_CNT(USBx, ep->num, ep->is_in, len);
 486:Drivers/STM32G4xx_HAL_Driver/Src/stm32g4xx_ll_usb.c ****             pmabuffer = ep->pmaaddr0;
 487:Drivers/STM32G4xx_HAL_Driver/Src/stm32g4xx_ll_usb.c **** 
 488:Drivers/STM32G4xx_HAL_Driver/Src/stm32g4xx_ll_usb.c ****             /* Write the user buffer to USB PMA */
 489:Drivers/STM32G4xx_HAL_Driver/Src/stm32g4xx_ll_usb.c ****             USB_WritePMA(USBx, ep->xfer_buff, pmabuffer, (uint16_t)len);
 490:Drivers/STM32G4xx_HAL_Driver/Src/stm32g4xx_ll_usb.c ****           }
 491:Drivers/STM32G4xx_HAL_Driver/Src/stm32g4xx_ll_usb.c ****           else
 492:Drivers/STM32G4xx_HAL_Driver/Src/stm32g4xx_ll_usb.c ****           {
 493:Drivers/STM32G4xx_HAL_Driver/Src/stm32g4xx_ll_usb.c ****             /* Set the Double buffer counter for pmabuffer0 */
 494:Drivers/STM32G4xx_HAL_Driver/Src/stm32g4xx_ll_usb.c ****             PCD_SET_EP_DBUF0_CNT(USBx, ep->num, ep->is_in, len);
 495:Drivers/STM32G4xx_HAL_Driver/Src/stm32g4xx_ll_usb.c ****             pmabuffer = ep->pmaaddr0;
 496:Drivers/STM32G4xx_HAL_Driver/Src/stm32g4xx_ll_usb.c **** 
 497:Drivers/STM32G4xx_HAL_Driver/Src/stm32g4xx_ll_usb.c ****             /* Write the user buffer to USB PMA */
 498:Drivers/STM32G4xx_HAL_Driver/Src/stm32g4xx_ll_usb.c ****             USB_WritePMA(USBx, ep->xfer_buff, pmabuffer, (uint16_t)len);
 499:Drivers/STM32G4xx_HAL_Driver/Src/stm32g4xx_ll_usb.c ****             ep->xfer_buff += len;
 500:Drivers/STM32G4xx_HAL_Driver/Src/stm32g4xx_ll_usb.c **** 
 501:Drivers/STM32G4xx_HAL_Driver/Src/stm32g4xx_ll_usb.c ****             if (ep->xfer_len_db > ep->maxpacket)
 502:Drivers/STM32G4xx_HAL_Driver/Src/stm32g4xx_ll_usb.c ****             {
 503:Drivers/STM32G4xx_HAL_Driver/Src/stm32g4xx_ll_usb.c ****               ep->xfer_len_db -= len;
 504:Drivers/STM32G4xx_HAL_Driver/Src/stm32g4xx_ll_usb.c ****             }
 505:Drivers/STM32G4xx_HAL_Driver/Src/stm32g4xx_ll_usb.c ****             else
 506:Drivers/STM32G4xx_HAL_Driver/Src/stm32g4xx_ll_usb.c ****             {
 507:Drivers/STM32G4xx_HAL_Driver/Src/stm32g4xx_ll_usb.c ****               len = ep->xfer_len_db;
 508:Drivers/STM32G4xx_HAL_Driver/Src/stm32g4xx_ll_usb.c ****               ep->xfer_len_db = 0U;
ARM GAS  /tmp/ccZui67l.s 			page 43


 509:Drivers/STM32G4xx_HAL_Driver/Src/stm32g4xx_ll_usb.c ****             }
 510:Drivers/STM32G4xx_HAL_Driver/Src/stm32g4xx_ll_usb.c **** 
 511:Drivers/STM32G4xx_HAL_Driver/Src/stm32g4xx_ll_usb.c ****             /* Set the Double buffer counter for pmabuffer1 */
 512:Drivers/STM32G4xx_HAL_Driver/Src/stm32g4xx_ll_usb.c ****             PCD_SET_EP_DBUF1_CNT(USBx, ep->num, ep->is_in, len);
 513:Drivers/STM32G4xx_HAL_Driver/Src/stm32g4xx_ll_usb.c ****             pmabuffer = ep->pmaaddr1;
 514:Drivers/STM32G4xx_HAL_Driver/Src/stm32g4xx_ll_usb.c **** 
 515:Drivers/STM32G4xx_HAL_Driver/Src/stm32g4xx_ll_usb.c ****             /* Write the user buffer to USB PMA */
 516:Drivers/STM32G4xx_HAL_Driver/Src/stm32g4xx_ll_usb.c ****             USB_WritePMA(USBx, ep->xfer_buff, pmabuffer, (uint16_t)len);
 517:Drivers/STM32G4xx_HAL_Driver/Src/stm32g4xx_ll_usb.c ****           }
 518:Drivers/STM32G4xx_HAL_Driver/Src/stm32g4xx_ll_usb.c ****         }
 519:Drivers/STM32G4xx_HAL_Driver/Src/stm32g4xx_ll_usb.c ****         /* auto Switch to single buffer mode when transfer <Mps no need to manage in double buffer 
 520:Drivers/STM32G4xx_HAL_Driver/Src/stm32g4xx_ll_usb.c ****         else
 521:Drivers/STM32G4xx_HAL_Driver/Src/stm32g4xx_ll_usb.c ****         {
 522:Drivers/STM32G4xx_HAL_Driver/Src/stm32g4xx_ll_usb.c ****           len = ep->xfer_len_db;
 523:Drivers/STM32G4xx_HAL_Driver/Src/stm32g4xx_ll_usb.c **** 
 524:Drivers/STM32G4xx_HAL_Driver/Src/stm32g4xx_ll_usb.c ****           /* disable double buffer mode for Bulk endpoint */
 525:Drivers/STM32G4xx_HAL_Driver/Src/stm32g4xx_ll_usb.c ****           PCD_CLEAR_BULK_EP_DBUF(USBx, ep->num);
 526:Drivers/STM32G4xx_HAL_Driver/Src/stm32g4xx_ll_usb.c **** 
 527:Drivers/STM32G4xx_HAL_Driver/Src/stm32g4xx_ll_usb.c ****           /* Set Tx count with nbre of byte to be transmitted */
 528:Drivers/STM32G4xx_HAL_Driver/Src/stm32g4xx_ll_usb.c ****           PCD_SET_EP_TX_CNT(USBx, ep->num, len);
 529:Drivers/STM32G4xx_HAL_Driver/Src/stm32g4xx_ll_usb.c ****           pmabuffer = ep->pmaaddr0;
 530:Drivers/STM32G4xx_HAL_Driver/Src/stm32g4xx_ll_usb.c **** 
 531:Drivers/STM32G4xx_HAL_Driver/Src/stm32g4xx_ll_usb.c ****           /* Write the user buffer to USB PMA */
 532:Drivers/STM32G4xx_HAL_Driver/Src/stm32g4xx_ll_usb.c ****           USB_WritePMA(USBx, ep->xfer_buff, pmabuffer, (uint16_t)len);
 533:Drivers/STM32G4xx_HAL_Driver/Src/stm32g4xx_ll_usb.c ****         }
 534:Drivers/STM32G4xx_HAL_Driver/Src/stm32g4xx_ll_usb.c ****       }
 535:Drivers/STM32G4xx_HAL_Driver/Src/stm32g4xx_ll_usb.c ****       else /* Manage isochronous double buffer IN mode */
 536:Drivers/STM32G4xx_HAL_Driver/Src/stm32g4xx_ll_usb.c ****       {
 537:Drivers/STM32G4xx_HAL_Driver/Src/stm32g4xx_ll_usb.c ****         /* Each Time to write in PMA xfer_len_db will */
 538:Drivers/STM32G4xx_HAL_Driver/Src/stm32g4xx_ll_usb.c ****         ep->xfer_len_db -= len;
 539:Drivers/STM32G4xx_HAL_Driver/Src/stm32g4xx_ll_usb.c **** 
 540:Drivers/STM32G4xx_HAL_Driver/Src/stm32g4xx_ll_usb.c ****         /* Fill the data buffer */
 541:Drivers/STM32G4xx_HAL_Driver/Src/stm32g4xx_ll_usb.c ****         if ((PCD_GET_ENDPOINT(USBx, ep->num) & USB_EP_DTOG_TX) != 0U)
 542:Drivers/STM32G4xx_HAL_Driver/Src/stm32g4xx_ll_usb.c ****         {
 543:Drivers/STM32G4xx_HAL_Driver/Src/stm32g4xx_ll_usb.c ****           /* Set the Double buffer counter for pmabuffer1 */
 544:Drivers/STM32G4xx_HAL_Driver/Src/stm32g4xx_ll_usb.c ****           PCD_SET_EP_DBUF1_CNT(USBx, ep->num, ep->is_in, len);
 545:Drivers/STM32G4xx_HAL_Driver/Src/stm32g4xx_ll_usb.c ****           pmabuffer = ep->pmaaddr1;
 546:Drivers/STM32G4xx_HAL_Driver/Src/stm32g4xx_ll_usb.c **** 
 547:Drivers/STM32G4xx_HAL_Driver/Src/stm32g4xx_ll_usb.c ****           /* Write the user buffer to USB PMA */
 548:Drivers/STM32G4xx_HAL_Driver/Src/stm32g4xx_ll_usb.c ****           USB_WritePMA(USBx, ep->xfer_buff, pmabuffer, (uint16_t)len);
 549:Drivers/STM32G4xx_HAL_Driver/Src/stm32g4xx_ll_usb.c ****         }
 550:Drivers/STM32G4xx_HAL_Driver/Src/stm32g4xx_ll_usb.c ****         else
 551:Drivers/STM32G4xx_HAL_Driver/Src/stm32g4xx_ll_usb.c ****         {
 552:Drivers/STM32G4xx_HAL_Driver/Src/stm32g4xx_ll_usb.c ****           /* Set the Double buffer counter for pmabuffer0 */
 553:Drivers/STM32G4xx_HAL_Driver/Src/stm32g4xx_ll_usb.c ****           PCD_SET_EP_DBUF0_CNT(USBx, ep->num, ep->is_in, len);
 554:Drivers/STM32G4xx_HAL_Driver/Src/stm32g4xx_ll_usb.c ****           pmabuffer = ep->pmaaddr0;
 555:Drivers/STM32G4xx_HAL_Driver/Src/stm32g4xx_ll_usb.c **** 
 556:Drivers/STM32G4xx_HAL_Driver/Src/stm32g4xx_ll_usb.c ****           /* Write the user buffer to USB PMA */
 557:Drivers/STM32G4xx_HAL_Driver/Src/stm32g4xx_ll_usb.c ****           USB_WritePMA(USBx, ep->xfer_buff, pmabuffer, (uint16_t)len);
 558:Drivers/STM32G4xx_HAL_Driver/Src/stm32g4xx_ll_usb.c ****         }
 559:Drivers/STM32G4xx_HAL_Driver/Src/stm32g4xx_ll_usb.c ****       }
 560:Drivers/STM32G4xx_HAL_Driver/Src/stm32g4xx_ll_usb.c ****     }
 561:Drivers/STM32G4xx_HAL_Driver/Src/stm32g4xx_ll_usb.c **** #endif /* (USE_USB_DOUBLE_BUFFER == 1U) */
 562:Drivers/STM32G4xx_HAL_Driver/Src/stm32g4xx_ll_usb.c **** 
 563:Drivers/STM32G4xx_HAL_Driver/Src/stm32g4xx_ll_usb.c ****     PCD_SET_EP_TX_STATUS(USBx, ep->num, USB_EP_TX_VALID);
 564:Drivers/STM32G4xx_HAL_Driver/Src/stm32g4xx_ll_usb.c ****   }
 565:Drivers/STM32G4xx_HAL_Driver/Src/stm32g4xx_ll_usb.c ****   else /* OUT endpoint */
ARM GAS  /tmp/ccZui67l.s 			page 44


 566:Drivers/STM32G4xx_HAL_Driver/Src/stm32g4xx_ll_usb.c ****   {
 567:Drivers/STM32G4xx_HAL_Driver/Src/stm32g4xx_ll_usb.c ****     if (ep->doublebuffer == 0U)
 568:Drivers/STM32G4xx_HAL_Driver/Src/stm32g4xx_ll_usb.c ****     {
 569:Drivers/STM32G4xx_HAL_Driver/Src/stm32g4xx_ll_usb.c ****       if ((ep->xfer_len == 0U) && (ep->type == EP_TYPE_CTRL))
 570:Drivers/STM32G4xx_HAL_Driver/Src/stm32g4xx_ll_usb.c ****       {
 571:Drivers/STM32G4xx_HAL_Driver/Src/stm32g4xx_ll_usb.c ****         /* This is a status out stage set the OUT_STATUS */
 572:Drivers/STM32G4xx_HAL_Driver/Src/stm32g4xx_ll_usb.c ****         PCD_SET_OUT_STATUS(USBx, ep->num);
 573:Drivers/STM32G4xx_HAL_Driver/Src/stm32g4xx_ll_usb.c ****       }
 574:Drivers/STM32G4xx_HAL_Driver/Src/stm32g4xx_ll_usb.c ****       else
 575:Drivers/STM32G4xx_HAL_Driver/Src/stm32g4xx_ll_usb.c ****       {
 576:Drivers/STM32G4xx_HAL_Driver/Src/stm32g4xx_ll_usb.c ****         PCD_CLEAR_OUT_STATUS(USBx, ep->num);
 577:Drivers/STM32G4xx_HAL_Driver/Src/stm32g4xx_ll_usb.c ****       }
 578:Drivers/STM32G4xx_HAL_Driver/Src/stm32g4xx_ll_usb.c **** 
 579:Drivers/STM32G4xx_HAL_Driver/Src/stm32g4xx_ll_usb.c ****       /* Multi packet transfer */
 580:Drivers/STM32G4xx_HAL_Driver/Src/stm32g4xx_ll_usb.c ****       if (ep->xfer_len > ep->maxpacket)
 581:Drivers/STM32G4xx_HAL_Driver/Src/stm32g4xx_ll_usb.c ****       {
 582:Drivers/STM32G4xx_HAL_Driver/Src/stm32g4xx_ll_usb.c ****         ep->xfer_len -= ep->maxpacket;
 583:Drivers/STM32G4xx_HAL_Driver/Src/stm32g4xx_ll_usb.c ****       }
 584:Drivers/STM32G4xx_HAL_Driver/Src/stm32g4xx_ll_usb.c ****       else
 585:Drivers/STM32G4xx_HAL_Driver/Src/stm32g4xx_ll_usb.c ****       {
 586:Drivers/STM32G4xx_HAL_Driver/Src/stm32g4xx_ll_usb.c ****         ep->xfer_len = 0U;
 587:Drivers/STM32G4xx_HAL_Driver/Src/stm32g4xx_ll_usb.c ****       }
 588:Drivers/STM32G4xx_HAL_Driver/Src/stm32g4xx_ll_usb.c ****     }
 589:Drivers/STM32G4xx_HAL_Driver/Src/stm32g4xx_ll_usb.c **** #if (USE_USB_DOUBLE_BUFFER == 1U)
 590:Drivers/STM32G4xx_HAL_Driver/Src/stm32g4xx_ll_usb.c ****     else
 591:Drivers/STM32G4xx_HAL_Driver/Src/stm32g4xx_ll_usb.c ****     {
 592:Drivers/STM32G4xx_HAL_Driver/Src/stm32g4xx_ll_usb.c ****       /* First Transfer Coming From HAL_PCD_EP_Receive & From ISR */
 593:Drivers/STM32G4xx_HAL_Driver/Src/stm32g4xx_ll_usb.c ****       /* Set the Double buffer counter */
 594:Drivers/STM32G4xx_HAL_Driver/Src/stm32g4xx_ll_usb.c ****       if (ep->type == EP_TYPE_BULK)
 595:Drivers/STM32G4xx_HAL_Driver/Src/stm32g4xx_ll_usb.c ****       {
 596:Drivers/STM32G4xx_HAL_Driver/Src/stm32g4xx_ll_usb.c ****         /* Coming from ISR */
 597:Drivers/STM32G4xx_HAL_Driver/Src/stm32g4xx_ll_usb.c ****         if (ep->xfer_count != 0U)
 598:Drivers/STM32G4xx_HAL_Driver/Src/stm32g4xx_ll_usb.c ****         {
 599:Drivers/STM32G4xx_HAL_Driver/Src/stm32g4xx_ll_usb.c ****           /* Update last value to check if there is blocking state */
 600:Drivers/STM32G4xx_HAL_Driver/Src/stm32g4xx_ll_usb.c ****           wEPVal = PCD_GET_ENDPOINT(USBx, ep->num);
 601:Drivers/STM32G4xx_HAL_Driver/Src/stm32g4xx_ll_usb.c **** 
 602:Drivers/STM32G4xx_HAL_Driver/Src/stm32g4xx_ll_usb.c ****           /* Blocking State */
 603:Drivers/STM32G4xx_HAL_Driver/Src/stm32g4xx_ll_usb.c ****           if ((((wEPVal & USB_EP_DTOG_RX) != 0U) && ((wEPVal & USB_EP_DTOG_TX) != 0U)) ||
 604:Drivers/STM32G4xx_HAL_Driver/Src/stm32g4xx_ll_usb.c ****               (((wEPVal & USB_EP_DTOG_RX) == 0U) && ((wEPVal & USB_EP_DTOG_TX) == 0U)))
 605:Drivers/STM32G4xx_HAL_Driver/Src/stm32g4xx_ll_usb.c ****           {
 606:Drivers/STM32G4xx_HAL_Driver/Src/stm32g4xx_ll_usb.c ****             PCD_FREE_USER_BUFFER(USBx, ep->num, 0U);
 607:Drivers/STM32G4xx_HAL_Driver/Src/stm32g4xx_ll_usb.c ****           }
 608:Drivers/STM32G4xx_HAL_Driver/Src/stm32g4xx_ll_usb.c ****         }
 609:Drivers/STM32G4xx_HAL_Driver/Src/stm32g4xx_ll_usb.c ****       }
 610:Drivers/STM32G4xx_HAL_Driver/Src/stm32g4xx_ll_usb.c ****       /* iso out double */
 611:Drivers/STM32G4xx_HAL_Driver/Src/stm32g4xx_ll_usb.c ****       else if (ep->type == EP_TYPE_ISOC)
 612:Drivers/STM32G4xx_HAL_Driver/Src/stm32g4xx_ll_usb.c ****       {
 613:Drivers/STM32G4xx_HAL_Driver/Src/stm32g4xx_ll_usb.c ****         /* Only single packet transfer supported in FS */
 614:Drivers/STM32G4xx_HAL_Driver/Src/stm32g4xx_ll_usb.c ****         ep->xfer_len = 0U;
 615:Drivers/STM32G4xx_HAL_Driver/Src/stm32g4xx_ll_usb.c ****       }
 616:Drivers/STM32G4xx_HAL_Driver/Src/stm32g4xx_ll_usb.c ****       else
 617:Drivers/STM32G4xx_HAL_Driver/Src/stm32g4xx_ll_usb.c ****       {
 618:Drivers/STM32G4xx_HAL_Driver/Src/stm32g4xx_ll_usb.c ****         return HAL_ERROR;
 619:Drivers/STM32G4xx_HAL_Driver/Src/stm32g4xx_ll_usb.c ****       }
 620:Drivers/STM32G4xx_HAL_Driver/Src/stm32g4xx_ll_usb.c ****     }
 621:Drivers/STM32G4xx_HAL_Driver/Src/stm32g4xx_ll_usb.c **** #endif /* (USE_USB_DOUBLE_BUFFER == 1U) */
 622:Drivers/STM32G4xx_HAL_Driver/Src/stm32g4xx_ll_usb.c **** 
ARM GAS  /tmp/ccZui67l.s 			page 45


 623:Drivers/STM32G4xx_HAL_Driver/Src/stm32g4xx_ll_usb.c ****     PCD_SET_EP_RX_STATUS(USBx, ep->num, USB_EP_RX_VALID);
 624:Drivers/STM32G4xx_HAL_Driver/Src/stm32g4xx_ll_usb.c ****   }
 625:Drivers/STM32G4xx_HAL_Driver/Src/stm32g4xx_ll_usb.c **** 
 626:Drivers/STM32G4xx_HAL_Driver/Src/stm32g4xx_ll_usb.c ****   return HAL_OK;
 627:Drivers/STM32G4xx_HAL_Driver/Src/stm32g4xx_ll_usb.c **** }
 628:Drivers/STM32G4xx_HAL_Driver/Src/stm32g4xx_ll_usb.c **** 
 629:Drivers/STM32G4xx_HAL_Driver/Src/stm32g4xx_ll_usb.c **** 
 630:Drivers/STM32G4xx_HAL_Driver/Src/stm32g4xx_ll_usb.c **** /**
 631:Drivers/STM32G4xx_HAL_Driver/Src/stm32g4xx_ll_usb.c ****   * @brief  USB_EPSetStall set a stall condition over an EP
 632:Drivers/STM32G4xx_HAL_Driver/Src/stm32g4xx_ll_usb.c ****   * @param  USBx Selected device
 633:Drivers/STM32G4xx_HAL_Driver/Src/stm32g4xx_ll_usb.c ****   * @param  ep pointer to endpoint structure
 634:Drivers/STM32G4xx_HAL_Driver/Src/stm32g4xx_ll_usb.c ****   * @retval HAL status
 635:Drivers/STM32G4xx_HAL_Driver/Src/stm32g4xx_ll_usb.c ****   */
 636:Drivers/STM32G4xx_HAL_Driver/Src/stm32g4xx_ll_usb.c **** HAL_StatusTypeDef USB_EPSetStall(USB_TypeDef *USBx, USB_EPTypeDef *ep)
 637:Drivers/STM32G4xx_HAL_Driver/Src/stm32g4xx_ll_usb.c **** {
 1692              		.loc 1 637 1 is_stmt 1 view -0
 1693              		.cfi_startproc
 1694              		@ args = 0, pretend = 0, frame = 0
 1695              		@ frame_needed = 0, uses_anonymous_args = 0
 1696              		@ link register save eliminated.
 638:Drivers/STM32G4xx_HAL_Driver/Src/stm32g4xx_ll_usb.c ****   if (ep->is_in != 0U)
 1697              		.loc 1 638 3 view .LVU586
 1698              		.loc 1 638 9 is_stmt 0 view .LVU587
 1699 0000 4B78     		ldrb	r3, [r1, #1]	@ zero_extendqisi2
 1700              		.loc 1 638 6 view .LVU588
 1701 0002 83B1     		cbz	r3, .L67
 639:Drivers/STM32G4xx_HAL_Driver/Src/stm32g4xx_ll_usb.c ****   {
 640:Drivers/STM32G4xx_HAL_Driver/Src/stm32g4xx_ll_usb.c ****     PCD_SET_EP_TX_STATUS(USBx, ep->num, USB_EP_TX_STALL);
 1702              		.loc 1 640 5 is_stmt 1 view .LVU589
 1703              	.LBB66:
 1704              		.loc 1 640 5 view .LVU590
 1705              		.loc 1 640 5 view .LVU591
 1706 0004 0A78     		ldrb	r2, [r1]	@ zero_extendqisi2
 1707 0006 30F82230 		ldrh	r3, [r0, r2, lsl #2]
 1708 000a 23F4E043 		bic	r3, r3, #28672
 1709 000e 23F04003 		bic	r3, r3, #64
 1710              	.LVL208:
 1711              		.loc 1 640 5 view .LVU592
 1712              		.loc 1 640 5 discriminator 1 view .LVU593
 1713 0012 83F01003 		eor	r3, r3, #16
 1714              	.LVL209:
 1715              		.loc 1 640 5 discriminator 2 view .LVU594
 1716              		.loc 1 640 5 discriminator 4 view .LVU595
 1717 0016 43F40043 		orr	r3, r3, #32768
 1718              	.LVL210:
 1719              		.loc 1 640 5 is_stmt 0 discriminator 4 view .LVU596
 1720 001a 43F08003 		orr	r3, r3, #128
 1721 001e 20F82230 		strh	r3, [r0, r2, lsl #2]	@ movhi
 1722              	.LBE66:
 1723              		.loc 1 640 5 is_stmt 1 discriminator 4 view .LVU597
 1724              	.LVL211:
 1725              	.L68:
 641:Drivers/STM32G4xx_HAL_Driver/Src/stm32g4xx_ll_usb.c ****   }
 642:Drivers/STM32G4xx_HAL_Driver/Src/stm32g4xx_ll_usb.c ****   else
 643:Drivers/STM32G4xx_HAL_Driver/Src/stm32g4xx_ll_usb.c ****   {
 644:Drivers/STM32G4xx_HAL_Driver/Src/stm32g4xx_ll_usb.c ****     PCD_SET_EP_RX_STATUS(USBx, ep->num, USB_EP_RX_STALL);
 1726              		.loc 1 644 5 discriminator 5 view .LVU598
ARM GAS  /tmp/ccZui67l.s 			page 46


 645:Drivers/STM32G4xx_HAL_Driver/Src/stm32g4xx_ll_usb.c ****   }
 646:Drivers/STM32G4xx_HAL_Driver/Src/stm32g4xx_ll_usb.c **** 
 647:Drivers/STM32G4xx_HAL_Driver/Src/stm32g4xx_ll_usb.c ****   return HAL_OK;
 1727              		.loc 1 647 3 view .LVU599
 648:Drivers/STM32G4xx_HAL_Driver/Src/stm32g4xx_ll_usb.c **** }
 1728              		.loc 1 648 1 is_stmt 0 view .LVU600
 1729 0022 0020     		movs	r0, #0
 1730              	.LVL212:
 1731              		.loc 1 648 1 view .LVU601
 1732 0024 7047     		bx	lr
 1733              	.LVL213:
 1734              	.L67:
 644:Drivers/STM32G4xx_HAL_Driver/Src/stm32g4xx_ll_usb.c ****   }
 1735              		.loc 1 644 5 is_stmt 1 view .LVU602
 1736              	.LBB67:
 644:Drivers/STM32G4xx_HAL_Driver/Src/stm32g4xx_ll_usb.c ****   }
 1737              		.loc 1 644 5 view .LVU603
 644:Drivers/STM32G4xx_HAL_Driver/Src/stm32g4xx_ll_usb.c ****   }
 1738              		.loc 1 644 5 view .LVU604
 1739 0026 0A78     		ldrb	r2, [r1]	@ zero_extendqisi2
 1740 0028 30F82230 		ldrh	r3, [r0, r2, lsl #2]
 1741 002c 23F48043 		bic	r3, r3, #16384
 1742 0030 23F07003 		bic	r3, r3, #112
 1743              	.LVL214:
 644:Drivers/STM32G4xx_HAL_Driver/Src/stm32g4xx_ll_usb.c ****   }
 1744              		.loc 1 644 5 view .LVU605
 644:Drivers/STM32G4xx_HAL_Driver/Src/stm32g4xx_ll_usb.c ****   }
 1745              		.loc 1 644 5 discriminator 1 view .LVU606
 1746 0034 83F48053 		eor	r3, r3, #4096
 1747              	.LVL215:
 644:Drivers/STM32G4xx_HAL_Driver/Src/stm32g4xx_ll_usb.c ****   }
 1748              		.loc 1 644 5 discriminator 2 view .LVU607
 644:Drivers/STM32G4xx_HAL_Driver/Src/stm32g4xx_ll_usb.c ****   }
 1749              		.loc 1 644 5 discriminator 4 view .LVU608
 1750 0038 43F40043 		orr	r3, r3, #32768
 1751              	.LVL216:
 644:Drivers/STM32G4xx_HAL_Driver/Src/stm32g4xx_ll_usb.c ****   }
 1752              		.loc 1 644 5 is_stmt 0 discriminator 4 view .LVU609
 1753 003c 43F08003 		orr	r3, r3, #128
 1754 0040 20F82230 		strh	r3, [r0, r2, lsl #2]	@ movhi
 1755 0044 EDE7     		b	.L68
 1756              	.LBE67:
 1757              		.cfi_endproc
 1758              	.LFE339:
 1760              		.section	.text.USB_EPClearStall,"ax",%progbits
 1761              		.align	1
 1762              		.global	USB_EPClearStall
 1763              		.syntax unified
 1764              		.thumb
 1765              		.thumb_func
 1767              	USB_EPClearStall:
 1768              	.LVL217:
 1769              	.LFB340:
 649:Drivers/STM32G4xx_HAL_Driver/Src/stm32g4xx_ll_usb.c **** 
 650:Drivers/STM32G4xx_HAL_Driver/Src/stm32g4xx_ll_usb.c **** /**
 651:Drivers/STM32G4xx_HAL_Driver/Src/stm32g4xx_ll_usb.c ****   * @brief  USB_EPClearStall Clear a stall condition over an EP
 652:Drivers/STM32G4xx_HAL_Driver/Src/stm32g4xx_ll_usb.c ****   * @param  USBx Selected device
ARM GAS  /tmp/ccZui67l.s 			page 47


 653:Drivers/STM32G4xx_HAL_Driver/Src/stm32g4xx_ll_usb.c ****   * @param  ep pointer to endpoint structure
 654:Drivers/STM32G4xx_HAL_Driver/Src/stm32g4xx_ll_usb.c ****   * @retval HAL status
 655:Drivers/STM32G4xx_HAL_Driver/Src/stm32g4xx_ll_usb.c ****   */
 656:Drivers/STM32G4xx_HAL_Driver/Src/stm32g4xx_ll_usb.c **** HAL_StatusTypeDef USB_EPClearStall(USB_TypeDef *USBx, USB_EPTypeDef *ep)
 657:Drivers/STM32G4xx_HAL_Driver/Src/stm32g4xx_ll_usb.c **** {
 1770              		.loc 1 657 1 is_stmt 1 view -0
 1771              		.cfi_startproc
 1772              		@ args = 0, pretend = 0, frame = 0
 1773              		@ frame_needed = 0, uses_anonymous_args = 0
 1774              		@ link register save eliminated.
 658:Drivers/STM32G4xx_HAL_Driver/Src/stm32g4xx_ll_usb.c ****   if (ep->is_in != 0U)
 1775              		.loc 1 658 3 view .LVU611
 1776              		.loc 1 658 9 is_stmt 0 view .LVU612
 1777 0000 4B78     		ldrb	r3, [r1, #1]	@ zero_extendqisi2
 1778              		.loc 1 658 6 view .LVU613
 1779 0002 23B3     		cbz	r3, .L70
 659:Drivers/STM32G4xx_HAL_Driver/Src/stm32g4xx_ll_usb.c ****   {
 660:Drivers/STM32G4xx_HAL_Driver/Src/stm32g4xx_ll_usb.c ****     PCD_CLEAR_TX_DTOG(USBx, ep->num);
 1780              		.loc 1 660 5 is_stmt 1 view .LVU614
 1781              	.LBB68:
 1782              		.loc 1 660 5 view .LVU615
 1783              		.loc 1 660 5 view .LVU616
 1784 0004 0A78     		ldrb	r2, [r1]	@ zero_extendqisi2
 1785 0006 30F82230 		ldrh	r3, [r0, r2, lsl #2]
 1786              	.LVL218:
 1787              		.loc 1 660 5 view .LVU617
 1788 000a 13F0400F 		tst	r3, #64
 1789 000e 0BD0     		beq	.L71
 1790              		.loc 1 660 5 discriminator 1 view .LVU618
 1791              	.LBB69:
 1792              		.loc 1 660 5 discriminator 1 view .LVU619
 1793              		.loc 1 660 5 discriminator 1 view .LVU620
 1794 0010 30F82230 		ldrh	r3, [r0, r2, lsl #2]
 1795              	.LVL219:
 1796              		.loc 1 660 5 is_stmt 0 discriminator 1 view .LVU621
 1797 0014 23F4E043 		bic	r3, r3, #28672
 1798 0018 23F07003 		bic	r3, r3, #112
 1799              	.LVL220:
 1800              		.loc 1 660 5 is_stmt 1 discriminator 1 view .LVU622
 1801 001c 43F40043 		orr	r3, r3, #32768
 1802              	.LVL221:
 1803              		.loc 1 660 5 is_stmt 0 discriminator 1 view .LVU623
 1804 0020 43F0C003 		orr	r3, r3, #192
 1805 0024 20F82230 		strh	r3, [r0, r2, lsl #2]	@ movhi
 1806              	.LVL222:
 1807              	.L71:
 1808              		.loc 1 660 5 discriminator 1 view .LVU624
 1809              	.LBE69:
 1810              		.loc 1 660 5 is_stmt 1 discriminator 2 view .LVU625
 1811              	.LBE68:
 1812              		.loc 1 660 5 discriminator 2 view .LVU626
 661:Drivers/STM32G4xx_HAL_Driver/Src/stm32g4xx_ll_usb.c **** 
 662:Drivers/STM32G4xx_HAL_Driver/Src/stm32g4xx_ll_usb.c ****     if (ep->type != EP_TYPE_ISOC)
 1813              		.loc 1 662 5 view .LVU627
 1814              		.loc 1 662 11 is_stmt 0 view .LVU628
 1815 0028 CB78     		ldrb	r3, [r1, #3]	@ zero_extendqisi2
 1816              		.loc 1 662 8 view .LVU629
ARM GAS  /tmp/ccZui67l.s 			page 48


 1817 002a 012B     		cmp	r3, #1
 1818 002c 30D0     		beq	.L72
 663:Drivers/STM32G4xx_HAL_Driver/Src/stm32g4xx_ll_usb.c ****     {
 664:Drivers/STM32G4xx_HAL_Driver/Src/stm32g4xx_ll_usb.c ****       /* Configure NAK status for the Endpoint */
 665:Drivers/STM32G4xx_HAL_Driver/Src/stm32g4xx_ll_usb.c ****       PCD_SET_EP_TX_STATUS(USBx, ep->num, USB_EP_TX_NAK);
 1819              		.loc 1 665 7 is_stmt 1 view .LVU630
 1820              	.LBB70:
 1821              		.loc 1 665 7 view .LVU631
 1822              		.loc 1 665 7 view .LVU632
 1823 002e 0A78     		ldrb	r2, [r1]	@ zero_extendqisi2
 1824 0030 30F82230 		ldrh	r3, [r0, r2, lsl #2]
 1825 0034 23F4E043 		bic	r3, r3, #28672
 1826 0038 23F04003 		bic	r3, r3, #64
 1827              	.LVL223:
 1828              		.loc 1 665 7 view .LVU633
 1829              		.loc 1 665 7 discriminator 2 view .LVU634
 1830              		.loc 1 665 7 discriminator 3 view .LVU635
 1831 003c 83F02003 		eor	r3, r3, #32
 1832              	.LVL224:
 1833              		.loc 1 665 7 discriminator 4 view .LVU636
 1834 0040 43F40043 		orr	r3, r3, #32768
 1835              	.LVL225:
 1836              		.loc 1 665 7 is_stmt 0 discriminator 4 view .LVU637
 1837 0044 43F08003 		orr	r3, r3, #128
 1838 0048 20F82230 		strh	r3, [r0, r2, lsl #2]	@ movhi
 1839 004c 20E0     		b	.L72
 1840              	.LVL226:
 1841              	.L70:
 1842              		.loc 1 665 7 discriminator 4 view .LVU638
 1843              	.LBE70:
 666:Drivers/STM32G4xx_HAL_Driver/Src/stm32g4xx_ll_usb.c ****     }
 667:Drivers/STM32G4xx_HAL_Driver/Src/stm32g4xx_ll_usb.c ****   }
 668:Drivers/STM32G4xx_HAL_Driver/Src/stm32g4xx_ll_usb.c ****   else
 669:Drivers/STM32G4xx_HAL_Driver/Src/stm32g4xx_ll_usb.c ****   {
 670:Drivers/STM32G4xx_HAL_Driver/Src/stm32g4xx_ll_usb.c ****     PCD_CLEAR_RX_DTOG(USBx, ep->num);
 1844              		.loc 1 670 5 is_stmt 1 view .LVU639
 1845              	.LBB71:
 1846              		.loc 1 670 5 view .LVU640
 1847              		.loc 1 670 5 view .LVU641
 1848 004e 0A78     		ldrb	r2, [r1]	@ zero_extendqisi2
 1849 0050 30F82230 		ldrh	r3, [r0, r2, lsl #2]
 1850              	.LVL227:
 1851              		.loc 1 670 5 view .LVU642
 1852 0054 13F4804F 		tst	r3, #16384
 1853 0058 0BD0     		beq	.L73
 1854              		.loc 1 670 5 discriminator 1 view .LVU643
 1855              	.LBB72:
 1856              		.loc 1 670 5 discriminator 1 view .LVU644
 1857              		.loc 1 670 5 discriminator 1 view .LVU645
 1858 005a 30F82230 		ldrh	r3, [r0, r2, lsl #2]
 1859              	.LVL228:
 1860              		.loc 1 670 5 is_stmt 0 discriminator 1 view .LVU646
 1861 005e 23F4E043 		bic	r3, r3, #28672
 1862 0062 23F07003 		bic	r3, r3, #112
 1863              	.LVL229:
 1864              		.loc 1 670 5 is_stmt 1 discriminator 1 view .LVU647
 1865 0066 43F44043 		orr	r3, r3, #49152
ARM GAS  /tmp/ccZui67l.s 			page 49


 1866              	.LVL230:
 1867              		.loc 1 670 5 is_stmt 0 discriminator 1 view .LVU648
 1868 006a 43F08003 		orr	r3, r3, #128
 1869 006e 20F82230 		strh	r3, [r0, r2, lsl #2]	@ movhi
 1870              	.LVL231:
 1871              	.L73:
 1872              		.loc 1 670 5 discriminator 1 view .LVU649
 1873              	.LBE72:
 1874              		.loc 1 670 5 is_stmt 1 discriminator 2 view .LVU650
 1875              	.LBE71:
 1876              		.loc 1 670 5 discriminator 2 view .LVU651
 671:Drivers/STM32G4xx_HAL_Driver/Src/stm32g4xx_ll_usb.c **** 
 672:Drivers/STM32G4xx_HAL_Driver/Src/stm32g4xx_ll_usb.c ****     /* Configure VALID status for the Endpoint */
 673:Drivers/STM32G4xx_HAL_Driver/Src/stm32g4xx_ll_usb.c ****     PCD_SET_EP_RX_STATUS(USBx, ep->num, USB_EP_RX_VALID);
 1877              		.loc 1 673 5 view .LVU652
 1878              	.LBB73:
 1879              		.loc 1 673 5 view .LVU653
 1880              		.loc 1 673 5 view .LVU654
 1881 0072 0A78     		ldrb	r2, [r1]	@ zero_extendqisi2
 1882 0074 30F82230 		ldrh	r3, [r0, r2, lsl #2]
 1883 0078 23F48043 		bic	r3, r3, #16384
 1884 007c 23F07003 		bic	r3, r3, #112
 1885              		.loc 1 673 5 view .LVU655
 1886              		.loc 1 673 5 discriminator 1 view .LVU656
 1887              	.LVL232:
 1888              		.loc 1 673 5 discriminator 2 view .LVU657
 1889              		.loc 1 673 5 discriminator 3 view .LVU658
 1890 0080 83F44053 		eor	r3, r3, #12288
 1891              	.LVL233:
 1892              		.loc 1 673 5 discriminator 4 view .LVU659
 1893 0084 43F40043 		orr	r3, r3, #32768
 1894              	.LVL234:
 1895              		.loc 1 673 5 is_stmt 0 discriminator 4 view .LVU660
 1896 0088 43F08003 		orr	r3, r3, #128
 1897 008c 20F82230 		strh	r3, [r0, r2, lsl #2]	@ movhi
 1898              	.LVL235:
 1899              	.L72:
 1900              		.loc 1 673 5 discriminator 4 view .LVU661
 1901              	.LBE73:
 1902              		.loc 1 673 5 is_stmt 1 discriminator 5 view .LVU662
 674:Drivers/STM32G4xx_HAL_Driver/Src/stm32g4xx_ll_usb.c ****   }
 675:Drivers/STM32G4xx_HAL_Driver/Src/stm32g4xx_ll_usb.c **** 
 676:Drivers/STM32G4xx_HAL_Driver/Src/stm32g4xx_ll_usb.c ****   return HAL_OK;
 1903              		.loc 1 676 3 view .LVU663
 677:Drivers/STM32G4xx_HAL_Driver/Src/stm32g4xx_ll_usb.c **** }
 1904              		.loc 1 677 1 is_stmt 0 view .LVU664
 1905 0090 0020     		movs	r0, #0
 1906              	.LVL236:
 1907              		.loc 1 677 1 view .LVU665
 1908 0092 7047     		bx	lr
 1909              		.cfi_endproc
 1910              	.LFE340:
 1912              		.section	.text.USB_EPStopXfer,"ax",%progbits
 1913              		.align	1
 1914              		.global	USB_EPStopXfer
 1915              		.syntax unified
 1916              		.thumb
ARM GAS  /tmp/ccZui67l.s 			page 50


 1917              		.thumb_func
 1919              	USB_EPStopXfer:
 1920              	.LVL237:
 1921              	.LFB341:
 678:Drivers/STM32G4xx_HAL_Driver/Src/stm32g4xx_ll_usb.c **** 
 679:Drivers/STM32G4xx_HAL_Driver/Src/stm32g4xx_ll_usb.c **** /**
 680:Drivers/STM32G4xx_HAL_Driver/Src/stm32g4xx_ll_usb.c ****    * @brief  USB_EPStoptXfer  Stop transfer on an EP
 681:Drivers/STM32G4xx_HAL_Driver/Src/stm32g4xx_ll_usb.c ****    * @param  USBx  usb device instance
 682:Drivers/STM32G4xx_HAL_Driver/Src/stm32g4xx_ll_usb.c ****    * @param  ep pointer to endpoint structure
 683:Drivers/STM32G4xx_HAL_Driver/Src/stm32g4xx_ll_usb.c ****    * @retval HAL status
 684:Drivers/STM32G4xx_HAL_Driver/Src/stm32g4xx_ll_usb.c ****    */
 685:Drivers/STM32G4xx_HAL_Driver/Src/stm32g4xx_ll_usb.c **** HAL_StatusTypeDef USB_EPStopXfer(USB_TypeDef *USBx, USB_EPTypeDef *ep)
 686:Drivers/STM32G4xx_HAL_Driver/Src/stm32g4xx_ll_usb.c **** {
 1922              		.loc 1 686 1 is_stmt 1 view -0
 1923              		.cfi_startproc
 1924              		@ args = 0, pretend = 0, frame = 0
 1925              		@ frame_needed = 0, uses_anonymous_args = 0
 1926              		@ link register save eliminated.
 687:Drivers/STM32G4xx_HAL_Driver/Src/stm32g4xx_ll_usb.c ****   /* IN endpoint */
 688:Drivers/STM32G4xx_HAL_Driver/Src/stm32g4xx_ll_usb.c ****   if (ep->is_in == 1U)
 1927              		.loc 1 688 3 view .LVU667
 1928              		.loc 1 688 9 is_stmt 0 view .LVU668
 1929 0000 4B78     		ldrb	r3, [r1, #1]	@ zero_extendqisi2
 1930              		.loc 1 688 6 view .LVU669
 1931 0002 012B     		cmp	r3, #1
 1932 0004 15D0     		beq	.L79
 689:Drivers/STM32G4xx_HAL_Driver/Src/stm32g4xx_ll_usb.c ****   {
 690:Drivers/STM32G4xx_HAL_Driver/Src/stm32g4xx_ll_usb.c ****     if (ep->doublebuffer == 0U)
 691:Drivers/STM32G4xx_HAL_Driver/Src/stm32g4xx_ll_usb.c ****     {
 692:Drivers/STM32G4xx_HAL_Driver/Src/stm32g4xx_ll_usb.c ****       if (ep->type != EP_TYPE_ISOC)
 693:Drivers/STM32G4xx_HAL_Driver/Src/stm32g4xx_ll_usb.c ****       {
 694:Drivers/STM32G4xx_HAL_Driver/Src/stm32g4xx_ll_usb.c ****         /* Configure NAK status for the Endpoint */
 695:Drivers/STM32G4xx_HAL_Driver/Src/stm32g4xx_ll_usb.c ****         PCD_SET_EP_TX_STATUS(USBx, ep->num, USB_EP_TX_NAK);
 696:Drivers/STM32G4xx_HAL_Driver/Src/stm32g4xx_ll_usb.c ****       }
 697:Drivers/STM32G4xx_HAL_Driver/Src/stm32g4xx_ll_usb.c ****       else
 698:Drivers/STM32G4xx_HAL_Driver/Src/stm32g4xx_ll_usb.c ****       {
 699:Drivers/STM32G4xx_HAL_Driver/Src/stm32g4xx_ll_usb.c ****         /* Configure TX Endpoint to disabled state */
 700:Drivers/STM32G4xx_HAL_Driver/Src/stm32g4xx_ll_usb.c ****         PCD_SET_EP_TX_STATUS(USBx, ep->num, USB_EP_TX_DIS);
 701:Drivers/STM32G4xx_HAL_Driver/Src/stm32g4xx_ll_usb.c ****       }
 702:Drivers/STM32G4xx_HAL_Driver/Src/stm32g4xx_ll_usb.c ****     }
 703:Drivers/STM32G4xx_HAL_Driver/Src/stm32g4xx_ll_usb.c ****   }
 704:Drivers/STM32G4xx_HAL_Driver/Src/stm32g4xx_ll_usb.c ****   else /* OUT endpoint */
 705:Drivers/STM32G4xx_HAL_Driver/Src/stm32g4xx_ll_usb.c ****   {
 706:Drivers/STM32G4xx_HAL_Driver/Src/stm32g4xx_ll_usb.c ****     if (ep->doublebuffer == 0U)
 1933              		.loc 1 706 5 is_stmt 1 view .LVU670
 1934              		.loc 1 706 11 is_stmt 0 view .LVU671
 1935 0006 0B7B     		ldrb	r3, [r1, #12]	@ zero_extendqisi2
 1936              		.loc 1 706 8 view .LVU672
 1937 0008 8BB9     		cbnz	r3, .L76
 707:Drivers/STM32G4xx_HAL_Driver/Src/stm32g4xx_ll_usb.c ****     {
 708:Drivers/STM32G4xx_HAL_Driver/Src/stm32g4xx_ll_usb.c ****       if (ep->type != EP_TYPE_ISOC)
 1938              		.loc 1 708 7 is_stmt 1 view .LVU673
 1939              		.loc 1 708 13 is_stmt 0 view .LVU674
 1940 000a CB78     		ldrb	r3, [r1, #3]	@ zero_extendqisi2
 1941              		.loc 1 708 10 view .LVU675
 1942 000c 012B     		cmp	r3, #1
 1943 000e 34D0     		beq	.L78
ARM GAS  /tmp/ccZui67l.s 			page 51


 709:Drivers/STM32G4xx_HAL_Driver/Src/stm32g4xx_ll_usb.c ****       {
 710:Drivers/STM32G4xx_HAL_Driver/Src/stm32g4xx_ll_usb.c ****         /* Configure NAK status for the Endpoint */
 711:Drivers/STM32G4xx_HAL_Driver/Src/stm32g4xx_ll_usb.c ****         PCD_SET_EP_RX_STATUS(USBx, ep->num, USB_EP_RX_NAK);
 1944              		.loc 1 711 9 is_stmt 1 view .LVU676
 1945              	.LBB74:
 1946              		.loc 1 711 9 view .LVU677
 1947              		.loc 1 711 9 view .LVU678
 1948 0010 0A78     		ldrb	r2, [r1]	@ zero_extendqisi2
 1949 0012 30F82230 		ldrh	r3, [r0, r2, lsl #2]
 1950 0016 23F48043 		bic	r3, r3, #16384
 1951 001a 23F07003 		bic	r3, r3, #112
 1952              	.LVL238:
 1953              		.loc 1 711 9 view .LVU679
 1954              		.loc 1 711 9 discriminator 2 view .LVU680
 1955              		.loc 1 711 9 discriminator 3 view .LVU681
 1956 001e 83F40053 		eor	r3, r3, #8192
 1957              	.LVL239:
 1958              		.loc 1 711 9 discriminator 4 view .LVU682
 1959 0022 43F40043 		orr	r3, r3, #32768
 1960              	.LVL240:
 1961              		.loc 1 711 9 is_stmt 0 discriminator 4 view .LVU683
 1962 0026 43F08003 		orr	r3, r3, #128
 1963 002a 20F82230 		strh	r3, [r0, r2, lsl #2]	@ movhi
 1964              	.LBE74:
 1965              		.loc 1 711 9 is_stmt 1 discriminator 4 view .LVU684
 1966              	.LVL241:
 1967              	.L76:
 712:Drivers/STM32G4xx_HAL_Driver/Src/stm32g4xx_ll_usb.c ****       }
 713:Drivers/STM32G4xx_HAL_Driver/Src/stm32g4xx_ll_usb.c ****       else
 714:Drivers/STM32G4xx_HAL_Driver/Src/stm32g4xx_ll_usb.c ****       {
 715:Drivers/STM32G4xx_HAL_Driver/Src/stm32g4xx_ll_usb.c ****         /* Configure RX Endpoint to disabled state */
 716:Drivers/STM32G4xx_HAL_Driver/Src/stm32g4xx_ll_usb.c ****         PCD_SET_EP_RX_STATUS(USBx, ep->num, USB_EP_RX_DIS);
 1968              		.loc 1 716 9 discriminator 5 view .LVU685
 717:Drivers/STM32G4xx_HAL_Driver/Src/stm32g4xx_ll_usb.c ****       }
 718:Drivers/STM32G4xx_HAL_Driver/Src/stm32g4xx_ll_usb.c ****     }
 719:Drivers/STM32G4xx_HAL_Driver/Src/stm32g4xx_ll_usb.c ****   }
 720:Drivers/STM32G4xx_HAL_Driver/Src/stm32g4xx_ll_usb.c **** 
 721:Drivers/STM32G4xx_HAL_Driver/Src/stm32g4xx_ll_usb.c ****   return HAL_OK;
 1969              		.loc 1 721 3 view .LVU686
 722:Drivers/STM32G4xx_HAL_Driver/Src/stm32g4xx_ll_usb.c **** }
 1970              		.loc 1 722 1 is_stmt 0 view .LVU687
 1971 002e 0020     		movs	r0, #0
 1972              	.LVL242:
 1973              		.loc 1 722 1 view .LVU688
 1974 0030 7047     		bx	lr
 1975              	.LVL243:
 1976              	.L79:
 690:Drivers/STM32G4xx_HAL_Driver/Src/stm32g4xx_ll_usb.c ****     {
 1977              		.loc 1 690 5 is_stmt 1 view .LVU689
 690:Drivers/STM32G4xx_HAL_Driver/Src/stm32g4xx_ll_usb.c ****     {
 1978              		.loc 1 690 11 is_stmt 0 view .LVU690
 1979 0032 0B7B     		ldrb	r3, [r1, #12]	@ zero_extendqisi2
 690:Drivers/STM32G4xx_HAL_Driver/Src/stm32g4xx_ll_usb.c ****     {
 1980              		.loc 1 690 8 view .LVU691
 1981 0034 002B     		cmp	r3, #0
 1982 0036 FAD1     		bne	.L76
 692:Drivers/STM32G4xx_HAL_Driver/Src/stm32g4xx_ll_usb.c ****       {
ARM GAS  /tmp/ccZui67l.s 			page 52


 1983              		.loc 1 692 7 is_stmt 1 view .LVU692
 692:Drivers/STM32G4xx_HAL_Driver/Src/stm32g4xx_ll_usb.c ****       {
 1984              		.loc 1 692 13 is_stmt 0 view .LVU693
 1985 0038 CB78     		ldrb	r3, [r1, #3]	@ zero_extendqisi2
 692:Drivers/STM32G4xx_HAL_Driver/Src/stm32g4xx_ll_usb.c ****       {
 1986              		.loc 1 692 10 view .LVU694
 1987 003a 012B     		cmp	r3, #1
 1988 003c 0FD0     		beq	.L77
 695:Drivers/STM32G4xx_HAL_Driver/Src/stm32g4xx_ll_usb.c ****       }
 1989              		.loc 1 695 9 is_stmt 1 view .LVU695
 1990              	.LBB75:
 695:Drivers/STM32G4xx_HAL_Driver/Src/stm32g4xx_ll_usb.c ****       }
 1991              		.loc 1 695 9 view .LVU696
 695:Drivers/STM32G4xx_HAL_Driver/Src/stm32g4xx_ll_usb.c ****       }
 1992              		.loc 1 695 9 view .LVU697
 1993 003e 0A78     		ldrb	r2, [r1]	@ zero_extendqisi2
 1994 0040 30F82230 		ldrh	r3, [r0, r2, lsl #2]
 1995 0044 23F4E043 		bic	r3, r3, #28672
 1996 0048 23F04003 		bic	r3, r3, #64
 1997              	.LVL244:
 695:Drivers/STM32G4xx_HAL_Driver/Src/stm32g4xx_ll_usb.c ****       }
 1998              		.loc 1 695 9 view .LVU698
 695:Drivers/STM32G4xx_HAL_Driver/Src/stm32g4xx_ll_usb.c ****       }
 1999              		.loc 1 695 9 discriminator 2 view .LVU699
 695:Drivers/STM32G4xx_HAL_Driver/Src/stm32g4xx_ll_usb.c ****       }
 2000              		.loc 1 695 9 discriminator 3 view .LVU700
 2001 004c 83F02003 		eor	r3, r3, #32
 2002              	.LVL245:
 695:Drivers/STM32G4xx_HAL_Driver/Src/stm32g4xx_ll_usb.c ****       }
 2003              		.loc 1 695 9 discriminator 4 view .LVU701
 2004 0050 43F40043 		orr	r3, r3, #32768
 2005              	.LVL246:
 695:Drivers/STM32G4xx_HAL_Driver/Src/stm32g4xx_ll_usb.c ****       }
 2006              		.loc 1 695 9 is_stmt 0 discriminator 4 view .LVU702
 2007 0054 43F08003 		orr	r3, r3, #128
 2008 0058 20F82230 		strh	r3, [r0, r2, lsl #2]	@ movhi
 2009              	.LBE75:
 695:Drivers/STM32G4xx_HAL_Driver/Src/stm32g4xx_ll_usb.c ****       }
 2010              		.loc 1 695 9 is_stmt 1 discriminator 4 view .LVU703
 2011 005c E7E7     		b	.L76
 2012              	.LVL247:
 2013              	.L77:
 700:Drivers/STM32G4xx_HAL_Driver/Src/stm32g4xx_ll_usb.c ****       }
 2014              		.loc 1 700 9 view .LVU704
 2015              	.LBB76:
 700:Drivers/STM32G4xx_HAL_Driver/Src/stm32g4xx_ll_usb.c ****       }
 2016              		.loc 1 700 9 view .LVU705
 700:Drivers/STM32G4xx_HAL_Driver/Src/stm32g4xx_ll_usb.c ****       }
 2017              		.loc 1 700 9 view .LVU706
 2018 005e 0A78     		ldrb	r2, [r1]	@ zero_extendqisi2
 2019 0060 30F82230 		ldrh	r3, [r0, r2, lsl #2]
 2020 0064 23F4E043 		bic	r3, r3, #28672
 2021 0068 23F04003 		bic	r3, r3, #64
 2022              	.LVL248:
 700:Drivers/STM32G4xx_HAL_Driver/Src/stm32g4xx_ll_usb.c ****       }
 2023              		.loc 1 700 9 view .LVU707
 700:Drivers/STM32G4xx_HAL_Driver/Src/stm32g4xx_ll_usb.c ****       }
ARM GAS  /tmp/ccZui67l.s 			page 53


 2024              		.loc 1 700 9 discriminator 2 view .LVU708
 700:Drivers/STM32G4xx_HAL_Driver/Src/stm32g4xx_ll_usb.c ****       }
 2025              		.loc 1 700 9 discriminator 4 view .LVU709
 2026 006c 43F40043 		orr	r3, r3, #32768
 2027              	.LVL249:
 700:Drivers/STM32G4xx_HAL_Driver/Src/stm32g4xx_ll_usb.c ****       }
 2028              		.loc 1 700 9 is_stmt 0 discriminator 4 view .LVU710
 2029 0070 43F08003 		orr	r3, r3, #128
 2030 0074 20F82230 		strh	r3, [r0, r2, lsl #2]	@ movhi
 2031 0078 D9E7     		b	.L76
 2032              	.LVL250:
 2033              	.L78:
 700:Drivers/STM32G4xx_HAL_Driver/Src/stm32g4xx_ll_usb.c ****       }
 2034              		.loc 1 700 9 discriminator 4 view .LVU711
 2035              	.LBE76:
 716:Drivers/STM32G4xx_HAL_Driver/Src/stm32g4xx_ll_usb.c ****       }
 2036              		.loc 1 716 9 is_stmt 1 view .LVU712
 2037              	.LBB77:
 716:Drivers/STM32G4xx_HAL_Driver/Src/stm32g4xx_ll_usb.c ****       }
 2038              		.loc 1 716 9 view .LVU713
 716:Drivers/STM32G4xx_HAL_Driver/Src/stm32g4xx_ll_usb.c ****       }
 2039              		.loc 1 716 9 view .LVU714
 2040 007a 0A78     		ldrb	r2, [r1]	@ zero_extendqisi2
 2041 007c 30F82230 		ldrh	r3, [r0, r2, lsl #2]
 2042 0080 23F48043 		bic	r3, r3, #16384
 2043 0084 23F07003 		bic	r3, r3, #112
 2044              	.LVL251:
 716:Drivers/STM32G4xx_HAL_Driver/Src/stm32g4xx_ll_usb.c ****       }
 2045              		.loc 1 716 9 view .LVU715
 716:Drivers/STM32G4xx_HAL_Driver/Src/stm32g4xx_ll_usb.c ****       }
 2046              		.loc 1 716 9 discriminator 2 view .LVU716
 716:Drivers/STM32G4xx_HAL_Driver/Src/stm32g4xx_ll_usb.c ****       }
 2047              		.loc 1 716 9 discriminator 4 view .LVU717
 2048 0088 43F40043 		orr	r3, r3, #32768
 2049              	.LVL252:
 716:Drivers/STM32G4xx_HAL_Driver/Src/stm32g4xx_ll_usb.c ****       }
 2050              		.loc 1 716 9 is_stmt 0 discriminator 4 view .LVU718
 2051 008c 43F08003 		orr	r3, r3, #128
 2052 0090 20F82230 		strh	r3, [r0, r2, lsl #2]	@ movhi
 2053 0094 CBE7     		b	.L76
 2054              	.LBE77:
 2055              		.cfi_endproc
 2056              	.LFE341:
 2058              		.section	.text.USB_StopDevice,"ax",%progbits
 2059              		.align	1
 2060              		.global	USB_StopDevice
 2061              		.syntax unified
 2062              		.thumb
 2063              		.thumb_func
 2065              	USB_StopDevice:
 2066              	.LVL253:
 2067              	.LFB342:
 723:Drivers/STM32G4xx_HAL_Driver/Src/stm32g4xx_ll_usb.c **** #endif /* defined (HAL_PCD_MODULE_ENABLED) */
 724:Drivers/STM32G4xx_HAL_Driver/Src/stm32g4xx_ll_usb.c **** 
 725:Drivers/STM32G4xx_HAL_Driver/Src/stm32g4xx_ll_usb.c **** /**
 726:Drivers/STM32G4xx_HAL_Driver/Src/stm32g4xx_ll_usb.c ****   * @brief  USB_StopDevice Stop the usb device mode
 727:Drivers/STM32G4xx_HAL_Driver/Src/stm32g4xx_ll_usb.c ****   * @param  USBx Selected device
ARM GAS  /tmp/ccZui67l.s 			page 54


 728:Drivers/STM32G4xx_HAL_Driver/Src/stm32g4xx_ll_usb.c ****   * @retval HAL status
 729:Drivers/STM32G4xx_HAL_Driver/Src/stm32g4xx_ll_usb.c ****   */
 730:Drivers/STM32G4xx_HAL_Driver/Src/stm32g4xx_ll_usb.c **** HAL_StatusTypeDef USB_StopDevice(USB_TypeDef *USBx)
 731:Drivers/STM32G4xx_HAL_Driver/Src/stm32g4xx_ll_usb.c **** {
 2068              		.loc 1 731 1 is_stmt 1 view -0
 2069              		.cfi_startproc
 2070              		@ args = 0, pretend = 0, frame = 0
 2071              		@ frame_needed = 0, uses_anonymous_args = 0
 2072              		@ link register save eliminated.
 2073              		.loc 1 731 1 is_stmt 0 view .LVU720
 2074 0000 0346     		mov	r3, r0
 732:Drivers/STM32G4xx_HAL_Driver/Src/stm32g4xx_ll_usb.c ****   /* disable all interrupts and force USB reset */
 733:Drivers/STM32G4xx_HAL_Driver/Src/stm32g4xx_ll_usb.c ****   USBx->CNTR = (uint16_t)USB_CNTR_FRES;
 2075              		.loc 1 733 3 is_stmt 1 view .LVU721
 2076              		.loc 1 733 14 is_stmt 0 view .LVU722
 2077 0002 0122     		movs	r2, #1
 2078 0004 A0F84020 		strh	r2, [r0, #64]	@ movhi
 734:Drivers/STM32G4xx_HAL_Driver/Src/stm32g4xx_ll_usb.c **** 
 735:Drivers/STM32G4xx_HAL_Driver/Src/stm32g4xx_ll_usb.c ****   /* clear interrupt status register */
 736:Drivers/STM32G4xx_HAL_Driver/Src/stm32g4xx_ll_usb.c ****   USBx->ISTR = 0U;
 2079              		.loc 1 736 3 is_stmt 1 view .LVU723
 2080              		.loc 1 736 14 is_stmt 0 view .LVU724
 2081 0008 0020     		movs	r0, #0
 2082              	.LVL254:
 2083              		.loc 1 736 14 view .LVU725
 2084 000a A3F84400 		strh	r0, [r3, #68]	@ movhi
 737:Drivers/STM32G4xx_HAL_Driver/Src/stm32g4xx_ll_usb.c **** 
 738:Drivers/STM32G4xx_HAL_Driver/Src/stm32g4xx_ll_usb.c ****   /* switch-off device */
 739:Drivers/STM32G4xx_HAL_Driver/Src/stm32g4xx_ll_usb.c ****   USBx->CNTR = (uint16_t)(USB_CNTR_FRES | USB_CNTR_PDWN);
 2085              		.loc 1 739 3 is_stmt 1 view .LVU726
 2086              		.loc 1 739 14 is_stmt 0 view .LVU727
 2087 000e 0322     		movs	r2, #3
 2088 0010 A3F84020 		strh	r2, [r3, #64]	@ movhi
 740:Drivers/STM32G4xx_HAL_Driver/Src/stm32g4xx_ll_usb.c **** 
 741:Drivers/STM32G4xx_HAL_Driver/Src/stm32g4xx_ll_usb.c ****   return HAL_OK;
 2089              		.loc 1 741 3 is_stmt 1 view .LVU728
 742:Drivers/STM32G4xx_HAL_Driver/Src/stm32g4xx_ll_usb.c **** }
 2090              		.loc 1 742 1 is_stmt 0 view .LVU729
 2091 0014 7047     		bx	lr
 2092              		.cfi_endproc
 2093              	.LFE342:
 2095              		.section	.text.USB_SetDevAddress,"ax",%progbits
 2096              		.align	1
 2097              		.global	USB_SetDevAddress
 2098              		.syntax unified
 2099              		.thumb
 2100              		.thumb_func
 2102              	USB_SetDevAddress:
 2103              	.LVL255:
 2104              	.LFB343:
 743:Drivers/STM32G4xx_HAL_Driver/Src/stm32g4xx_ll_usb.c **** 
 744:Drivers/STM32G4xx_HAL_Driver/Src/stm32g4xx_ll_usb.c **** /**
 745:Drivers/STM32G4xx_HAL_Driver/Src/stm32g4xx_ll_usb.c ****   * @brief  USB_SetDevAddress Stop the usb device mode
 746:Drivers/STM32G4xx_HAL_Driver/Src/stm32g4xx_ll_usb.c ****   * @param  USBx Selected device
 747:Drivers/STM32G4xx_HAL_Driver/Src/stm32g4xx_ll_usb.c ****   * @param  address new device address to be assigned
 748:Drivers/STM32G4xx_HAL_Driver/Src/stm32g4xx_ll_usb.c ****   *          This parameter can be a value from 0 to 255
 749:Drivers/STM32G4xx_HAL_Driver/Src/stm32g4xx_ll_usb.c ****   * @retval HAL status
ARM GAS  /tmp/ccZui67l.s 			page 55


 750:Drivers/STM32G4xx_HAL_Driver/Src/stm32g4xx_ll_usb.c ****   */
 751:Drivers/STM32G4xx_HAL_Driver/Src/stm32g4xx_ll_usb.c **** HAL_StatusTypeDef  USB_SetDevAddress(USB_TypeDef *USBx, uint8_t address)
 752:Drivers/STM32G4xx_HAL_Driver/Src/stm32g4xx_ll_usb.c **** {
 2105              		.loc 1 752 1 is_stmt 1 view -0
 2106              		.cfi_startproc
 2107              		@ args = 0, pretend = 0, frame = 0
 2108              		@ frame_needed = 0, uses_anonymous_args = 0
 2109              		@ link register save eliminated.
 753:Drivers/STM32G4xx_HAL_Driver/Src/stm32g4xx_ll_usb.c ****   if (address == 0U)
 2110              		.loc 1 753 3 view .LVU731
 2111              		.loc 1 753 6 is_stmt 0 view .LVU732
 2112 0000 11B9     		cbnz	r1, .L82
 754:Drivers/STM32G4xx_HAL_Driver/Src/stm32g4xx_ll_usb.c ****   {
 755:Drivers/STM32G4xx_HAL_Driver/Src/stm32g4xx_ll_usb.c ****     /* set device address and enable function */
 756:Drivers/STM32G4xx_HAL_Driver/Src/stm32g4xx_ll_usb.c ****     USBx->DADDR = (uint16_t)USB_DADDR_EF;
 2113              		.loc 1 756 5 is_stmt 1 view .LVU733
 2114              		.loc 1 756 17 is_stmt 0 view .LVU734
 2115 0002 8023     		movs	r3, #128
 2116 0004 A0F84C30 		strh	r3, [r0, #76]	@ movhi
 2117              	.L82:
 757:Drivers/STM32G4xx_HAL_Driver/Src/stm32g4xx_ll_usb.c ****   }
 758:Drivers/STM32G4xx_HAL_Driver/Src/stm32g4xx_ll_usb.c **** 
 759:Drivers/STM32G4xx_HAL_Driver/Src/stm32g4xx_ll_usb.c ****   return HAL_OK;
 2118              		.loc 1 759 3 is_stmt 1 view .LVU735
 760:Drivers/STM32G4xx_HAL_Driver/Src/stm32g4xx_ll_usb.c **** }
 2119              		.loc 1 760 1 is_stmt 0 view .LVU736
 2120 0008 0020     		movs	r0, #0
 2121              	.LVL256:
 2122              		.loc 1 760 1 view .LVU737
 2123 000a 7047     		bx	lr
 2124              		.cfi_endproc
 2125              	.LFE343:
 2127              		.section	.text.USB_DevConnect,"ax",%progbits
 2128              		.align	1
 2129              		.global	USB_DevConnect
 2130              		.syntax unified
 2131              		.thumb
 2132              		.thumb_func
 2134              	USB_DevConnect:
 2135              	.LVL257:
 2136              	.LFB344:
 761:Drivers/STM32G4xx_HAL_Driver/Src/stm32g4xx_ll_usb.c **** 
 762:Drivers/STM32G4xx_HAL_Driver/Src/stm32g4xx_ll_usb.c **** /**
 763:Drivers/STM32G4xx_HAL_Driver/Src/stm32g4xx_ll_usb.c ****   * @brief  USB_DevConnect Connect the USB device by enabling the pull-up/pull-down
 764:Drivers/STM32G4xx_HAL_Driver/Src/stm32g4xx_ll_usb.c ****   * @param  USBx Selected device
 765:Drivers/STM32G4xx_HAL_Driver/Src/stm32g4xx_ll_usb.c ****   * @retval HAL status
 766:Drivers/STM32G4xx_HAL_Driver/Src/stm32g4xx_ll_usb.c ****   */
 767:Drivers/STM32G4xx_HAL_Driver/Src/stm32g4xx_ll_usb.c **** HAL_StatusTypeDef  USB_DevConnect(USB_TypeDef *USBx)
 768:Drivers/STM32G4xx_HAL_Driver/Src/stm32g4xx_ll_usb.c **** {
 2137              		.loc 1 768 1 is_stmt 1 view -0
 2138              		.cfi_startproc
 2139              		@ args = 0, pretend = 0, frame = 0
 2140              		@ frame_needed = 0, uses_anonymous_args = 0
 2141              		@ link register save eliminated.
 769:Drivers/STM32G4xx_HAL_Driver/Src/stm32g4xx_ll_usb.c ****   /* Enabling DP Pull-UP bit to Connect internal PU resistor on USB DP line */
 770:Drivers/STM32G4xx_HAL_Driver/Src/stm32g4xx_ll_usb.c ****   USBx->BCDR |= (uint16_t)USB_BCDR_DPPU;
 2142              		.loc 1 770 3 view .LVU739
ARM GAS  /tmp/ccZui67l.s 			page 56


 2143              		.loc 1 770 7 is_stmt 0 view .LVU740
 2144 0000 B0F85830 		ldrh	r3, [r0, #88]
 2145              		.loc 1 770 14 view .LVU741
 2146 0004 43F40043 		orr	r3, r3, #32768
 2147 0008 A0F85830 		strh	r3, [r0, #88]	@ movhi
 771:Drivers/STM32G4xx_HAL_Driver/Src/stm32g4xx_ll_usb.c **** 
 772:Drivers/STM32G4xx_HAL_Driver/Src/stm32g4xx_ll_usb.c ****   return HAL_OK;
 2148              		.loc 1 772 3 is_stmt 1 view .LVU742
 773:Drivers/STM32G4xx_HAL_Driver/Src/stm32g4xx_ll_usb.c **** }
 2149              		.loc 1 773 1 is_stmt 0 view .LVU743
 2150 000c 0020     		movs	r0, #0
 2151              	.LVL258:
 2152              		.loc 1 773 1 view .LVU744
 2153 000e 7047     		bx	lr
 2154              		.cfi_endproc
 2155              	.LFE344:
 2157              		.section	.text.USB_DevDisconnect,"ax",%progbits
 2158              		.align	1
 2159              		.global	USB_DevDisconnect
 2160              		.syntax unified
 2161              		.thumb
 2162              		.thumb_func
 2164              	USB_DevDisconnect:
 2165              	.LVL259:
 2166              	.LFB345:
 774:Drivers/STM32G4xx_HAL_Driver/Src/stm32g4xx_ll_usb.c **** 
 775:Drivers/STM32G4xx_HAL_Driver/Src/stm32g4xx_ll_usb.c **** /**
 776:Drivers/STM32G4xx_HAL_Driver/Src/stm32g4xx_ll_usb.c ****   * @brief  USB_DevDisconnect Disconnect the USB device by disabling the pull-up/pull-down
 777:Drivers/STM32G4xx_HAL_Driver/Src/stm32g4xx_ll_usb.c ****   * @param  USBx Selected device
 778:Drivers/STM32G4xx_HAL_Driver/Src/stm32g4xx_ll_usb.c ****   * @retval HAL status
 779:Drivers/STM32G4xx_HAL_Driver/Src/stm32g4xx_ll_usb.c ****   */
 780:Drivers/STM32G4xx_HAL_Driver/Src/stm32g4xx_ll_usb.c **** HAL_StatusTypeDef  USB_DevDisconnect(USB_TypeDef *USBx)
 781:Drivers/STM32G4xx_HAL_Driver/Src/stm32g4xx_ll_usb.c **** {
 2167              		.loc 1 781 1 is_stmt 1 view -0
 2168              		.cfi_startproc
 2169              		@ args = 0, pretend = 0, frame = 0
 2170              		@ frame_needed = 0, uses_anonymous_args = 0
 2171              		@ link register save eliminated.
 782:Drivers/STM32G4xx_HAL_Driver/Src/stm32g4xx_ll_usb.c ****   /* Disable DP Pull-Up bit to disconnect the Internal PU resistor on USB DP line */
 783:Drivers/STM32G4xx_HAL_Driver/Src/stm32g4xx_ll_usb.c ****   USBx->BCDR &= (uint16_t)(~(USB_BCDR_DPPU));
 2172              		.loc 1 783 3 view .LVU746
 2173              		.loc 1 783 7 is_stmt 0 view .LVU747
 2174 0000 B0F85830 		ldrh	r3, [r0, #88]
 2175              		.loc 1 783 14 view .LVU748
 2176 0004 C3F30E03 		ubfx	r3, r3, #0, #15
 2177 0008 A0F85830 		strh	r3, [r0, #88]	@ movhi
 784:Drivers/STM32G4xx_HAL_Driver/Src/stm32g4xx_ll_usb.c **** 
 785:Drivers/STM32G4xx_HAL_Driver/Src/stm32g4xx_ll_usb.c ****   return HAL_OK;
 2178              		.loc 1 785 3 is_stmt 1 view .LVU749
 786:Drivers/STM32G4xx_HAL_Driver/Src/stm32g4xx_ll_usb.c **** }
 2179              		.loc 1 786 1 is_stmt 0 view .LVU750
 2180 000c 0020     		movs	r0, #0
 2181              	.LVL260:
 2182              		.loc 1 786 1 view .LVU751
 2183 000e 7047     		bx	lr
 2184              		.cfi_endproc
 2185              	.LFE345:
ARM GAS  /tmp/ccZui67l.s 			page 57


 2187              		.section	.text.USB_ReadInterrupts,"ax",%progbits
 2188              		.align	1
 2189              		.global	USB_ReadInterrupts
 2190              		.syntax unified
 2191              		.thumb
 2192              		.thumb_func
 2194              	USB_ReadInterrupts:
 2195              	.LVL261:
 2196              	.LFB346:
 787:Drivers/STM32G4xx_HAL_Driver/Src/stm32g4xx_ll_usb.c **** 
 788:Drivers/STM32G4xx_HAL_Driver/Src/stm32g4xx_ll_usb.c **** /**
 789:Drivers/STM32G4xx_HAL_Driver/Src/stm32g4xx_ll_usb.c ****   * @brief  USB_ReadInterrupts return the global USB interrupt status
 790:Drivers/STM32G4xx_HAL_Driver/Src/stm32g4xx_ll_usb.c ****   * @param  USBx Selected device
 791:Drivers/STM32G4xx_HAL_Driver/Src/stm32g4xx_ll_usb.c ****   * @retval USB Global Interrupt status
 792:Drivers/STM32G4xx_HAL_Driver/Src/stm32g4xx_ll_usb.c ****   */
 793:Drivers/STM32G4xx_HAL_Driver/Src/stm32g4xx_ll_usb.c **** uint32_t USB_ReadInterrupts(USB_TypeDef const *USBx)
 794:Drivers/STM32G4xx_HAL_Driver/Src/stm32g4xx_ll_usb.c **** {
 2197              		.loc 1 794 1 is_stmt 1 view -0
 2198              		.cfi_startproc
 2199              		@ args = 0, pretend = 0, frame = 0
 2200              		@ frame_needed = 0, uses_anonymous_args = 0
 2201              		@ link register save eliminated.
 795:Drivers/STM32G4xx_HAL_Driver/Src/stm32g4xx_ll_usb.c ****   uint32_t tmpreg;
 2202              		.loc 1 795 3 view .LVU753
 796:Drivers/STM32G4xx_HAL_Driver/Src/stm32g4xx_ll_usb.c **** 
 797:Drivers/STM32G4xx_HAL_Driver/Src/stm32g4xx_ll_usb.c ****   tmpreg = USBx->ISTR;
 2203              		.loc 1 797 3 view .LVU754
 798:Drivers/STM32G4xx_HAL_Driver/Src/stm32g4xx_ll_usb.c ****   return tmpreg;
 2204              		.loc 1 798 3 view .LVU755
 799:Drivers/STM32G4xx_HAL_Driver/Src/stm32g4xx_ll_usb.c **** }
 2205              		.loc 1 799 1 is_stmt 0 view .LVU756
 2206 0000 B0F84400 		ldrh	r0, [r0, #68]
 2207              	.LVL262:
 2208              		.loc 1 799 1 view .LVU757
 2209 0004 7047     		bx	lr
 2210              		.cfi_endproc
 2211              	.LFE346:
 2213              		.section	.text.USB_ActivateRemoteWakeup,"ax",%progbits
 2214              		.align	1
 2215              		.global	USB_ActivateRemoteWakeup
 2216              		.syntax unified
 2217              		.thumb
 2218              		.thumb_func
 2220              	USB_ActivateRemoteWakeup:
 2221              	.LVL263:
 2222              	.LFB347:
 800:Drivers/STM32G4xx_HAL_Driver/Src/stm32g4xx_ll_usb.c **** 
 801:Drivers/STM32G4xx_HAL_Driver/Src/stm32g4xx_ll_usb.c **** /**
 802:Drivers/STM32G4xx_HAL_Driver/Src/stm32g4xx_ll_usb.c ****   * @brief  USB_ActivateRemoteWakeup : active remote wakeup signalling
 803:Drivers/STM32G4xx_HAL_Driver/Src/stm32g4xx_ll_usb.c ****   * @param  USBx Selected device
 804:Drivers/STM32G4xx_HAL_Driver/Src/stm32g4xx_ll_usb.c ****   * @retval HAL status
 805:Drivers/STM32G4xx_HAL_Driver/Src/stm32g4xx_ll_usb.c ****   */
 806:Drivers/STM32G4xx_HAL_Driver/Src/stm32g4xx_ll_usb.c **** HAL_StatusTypeDef USB_ActivateRemoteWakeup(USB_TypeDef *USBx)
 807:Drivers/STM32G4xx_HAL_Driver/Src/stm32g4xx_ll_usb.c **** {
 2223              		.loc 1 807 1 is_stmt 1 view -0
 2224              		.cfi_startproc
 2225              		@ args = 0, pretend = 0, frame = 0
ARM GAS  /tmp/ccZui67l.s 			page 58


 2226              		@ frame_needed = 0, uses_anonymous_args = 0
 2227              		@ link register save eliminated.
 808:Drivers/STM32G4xx_HAL_Driver/Src/stm32g4xx_ll_usb.c ****   USBx->CNTR |= (uint16_t)USB_CNTR_RESUME;
 2228              		.loc 1 808 3 view .LVU759
 2229              		.loc 1 808 7 is_stmt 0 view .LVU760
 2230 0000 B0F84030 		ldrh	r3, [r0, #64]
 2231              		.loc 1 808 14 view .LVU761
 2232 0004 43F01003 		orr	r3, r3, #16
 2233 0008 A0F84030 		strh	r3, [r0, #64]	@ movhi
 809:Drivers/STM32G4xx_HAL_Driver/Src/stm32g4xx_ll_usb.c **** 
 810:Drivers/STM32G4xx_HAL_Driver/Src/stm32g4xx_ll_usb.c ****   return HAL_OK;
 2234              		.loc 1 810 3 is_stmt 1 view .LVU762
 811:Drivers/STM32G4xx_HAL_Driver/Src/stm32g4xx_ll_usb.c **** }
 2235              		.loc 1 811 1 is_stmt 0 view .LVU763
 2236 000c 0020     		movs	r0, #0
 2237              	.LVL264:
 2238              		.loc 1 811 1 view .LVU764
 2239 000e 7047     		bx	lr
 2240              		.cfi_endproc
 2241              	.LFE347:
 2243              		.section	.text.USB_DeActivateRemoteWakeup,"ax",%progbits
 2244              		.align	1
 2245              		.global	USB_DeActivateRemoteWakeup
 2246              		.syntax unified
 2247              		.thumb
 2248              		.thumb_func
 2250              	USB_DeActivateRemoteWakeup:
 2251              	.LVL265:
 2252              	.LFB348:
 812:Drivers/STM32G4xx_HAL_Driver/Src/stm32g4xx_ll_usb.c **** 
 813:Drivers/STM32G4xx_HAL_Driver/Src/stm32g4xx_ll_usb.c **** /**
 814:Drivers/STM32G4xx_HAL_Driver/Src/stm32g4xx_ll_usb.c ****   * @brief  USB_DeActivateRemoteWakeup de-active remote wakeup signalling
 815:Drivers/STM32G4xx_HAL_Driver/Src/stm32g4xx_ll_usb.c ****   * @param  USBx Selected device
 816:Drivers/STM32G4xx_HAL_Driver/Src/stm32g4xx_ll_usb.c ****   * @retval HAL status
 817:Drivers/STM32G4xx_HAL_Driver/Src/stm32g4xx_ll_usb.c ****   */
 818:Drivers/STM32G4xx_HAL_Driver/Src/stm32g4xx_ll_usb.c **** HAL_StatusTypeDef USB_DeActivateRemoteWakeup(USB_TypeDef *USBx)
 819:Drivers/STM32G4xx_HAL_Driver/Src/stm32g4xx_ll_usb.c **** {
 2253              		.loc 1 819 1 is_stmt 1 view -0
 2254              		.cfi_startproc
 2255              		@ args = 0, pretend = 0, frame = 0
 2256              		@ frame_needed = 0, uses_anonymous_args = 0
 2257              		@ link register save eliminated.
 820:Drivers/STM32G4xx_HAL_Driver/Src/stm32g4xx_ll_usb.c ****   USBx->CNTR &= (uint16_t)(~USB_CNTR_RESUME);
 2258              		.loc 1 820 3 view .LVU766
 2259              		.loc 1 820 7 is_stmt 0 view .LVU767
 2260 0000 B0F84030 		ldrh	r3, [r0, #64]
 2261              		.loc 1 820 14 view .LVU768
 2262 0004 23F01003 		bic	r3, r3, #16
 2263 0008 A0F84030 		strh	r3, [r0, #64]	@ movhi
 821:Drivers/STM32G4xx_HAL_Driver/Src/stm32g4xx_ll_usb.c **** 
 822:Drivers/STM32G4xx_HAL_Driver/Src/stm32g4xx_ll_usb.c ****   return HAL_OK;
 2264              		.loc 1 822 3 is_stmt 1 view .LVU769
 823:Drivers/STM32G4xx_HAL_Driver/Src/stm32g4xx_ll_usb.c **** }
 2265              		.loc 1 823 1 is_stmt 0 view .LVU770
 2266 000c 0020     		movs	r0, #0
 2267              	.LVL266:
 2268              		.loc 1 823 1 view .LVU771
ARM GAS  /tmp/ccZui67l.s 			page 59


 2269 000e 7047     		bx	lr
 2270              		.cfi_endproc
 2271              	.LFE348:
 2273              		.section	.text.USB_WritePMA,"ax",%progbits
 2274              		.align	1
 2275              		.global	USB_WritePMA
 2276              		.syntax unified
 2277              		.thumb
 2278              		.thumb_func
 2280              	USB_WritePMA:
 2281              	.LVL267:
 2282              	.LFB349:
 824:Drivers/STM32G4xx_HAL_Driver/Src/stm32g4xx_ll_usb.c **** 
 825:Drivers/STM32G4xx_HAL_Driver/Src/stm32g4xx_ll_usb.c **** /**
 826:Drivers/STM32G4xx_HAL_Driver/Src/stm32g4xx_ll_usb.c ****   * @brief Copy a buffer from user memory area to packet memory area (PMA)
 827:Drivers/STM32G4xx_HAL_Driver/Src/stm32g4xx_ll_usb.c ****   * @param   USBx USB peripheral instance register address.
 828:Drivers/STM32G4xx_HAL_Driver/Src/stm32g4xx_ll_usb.c ****   * @param   pbUsrBuf pointer to user memory area.
 829:Drivers/STM32G4xx_HAL_Driver/Src/stm32g4xx_ll_usb.c ****   * @param   wPMABufAddr address into PMA.
 830:Drivers/STM32G4xx_HAL_Driver/Src/stm32g4xx_ll_usb.c ****   * @param   wNBytes no. of bytes to be copied.
 831:Drivers/STM32G4xx_HAL_Driver/Src/stm32g4xx_ll_usb.c ****   * @retval None
 832:Drivers/STM32G4xx_HAL_Driver/Src/stm32g4xx_ll_usb.c ****   */
 833:Drivers/STM32G4xx_HAL_Driver/Src/stm32g4xx_ll_usb.c **** void USB_WritePMA(USB_TypeDef const *USBx, uint8_t *pbUsrBuf, uint16_t wPMABufAddr, uint16_t wNByte
 834:Drivers/STM32G4xx_HAL_Driver/Src/stm32g4xx_ll_usb.c **** {
 2283              		.loc 1 834 1 is_stmt 1 view -0
 2284              		.cfi_startproc
 2285              		@ args = 0, pretend = 0, frame = 0
 2286              		@ frame_needed = 0, uses_anonymous_args = 0
 2287              		@ link register save eliminated.
 835:Drivers/STM32G4xx_HAL_Driver/Src/stm32g4xx_ll_usb.c ****   uint32_t n = ((uint32_t)wNBytes + 1U) >> 1;
 2288              		.loc 1 835 3 view .LVU773
 2289              		.loc 1 835 35 is_stmt 0 view .LVU774
 2290 0000 0133     		adds	r3, r3, #1
 2291              	.LVL268:
 2292              		.loc 1 835 12 view .LVU775
 2293 0002 5B08     		lsrs	r3, r3, #1
 2294              	.LVL269:
 836:Drivers/STM32G4xx_HAL_Driver/Src/stm32g4xx_ll_usb.c ****   uint32_t BaseAddr = (uint32_t)USBx;
 2295              		.loc 1 836 3 is_stmt 1 view .LVU776
 837:Drivers/STM32G4xx_HAL_Driver/Src/stm32g4xx_ll_usb.c ****   uint32_t count;
 2296              		.loc 1 837 3 view .LVU777
 838:Drivers/STM32G4xx_HAL_Driver/Src/stm32g4xx_ll_usb.c ****   uint16_t WrVal;
 2297              		.loc 1 838 3 view .LVU778
 839:Drivers/STM32G4xx_HAL_Driver/Src/stm32g4xx_ll_usb.c ****   __IO uint16_t *pdwVal;
 2298              		.loc 1 839 3 view .LVU779
 840:Drivers/STM32G4xx_HAL_Driver/Src/stm32g4xx_ll_usb.c ****   uint8_t *pBuf = pbUsrBuf;
 2299              		.loc 1 840 3 view .LVU780
 841:Drivers/STM32G4xx_HAL_Driver/Src/stm32g4xx_ll_usb.c **** 
 842:Drivers/STM32G4xx_HAL_Driver/Src/stm32g4xx_ll_usb.c ****   pdwVal = (__IO uint16_t *)(BaseAddr + 0x400U + ((uint32_t)wPMABufAddr * PMA_ACCESS));
 2300              		.loc 1 842 3 view .LVU781
 2301              		.loc 1 842 48 is_stmt 0 view .LVU782
 2302 0004 1044     		add	r0, r0, r2
 2303              	.LVL270:
 2304              		.loc 1 842 48 view .LVU783
 2305 0006 00F58060 		add	r0, r0, #1024
 2306              	.LVL271:
 843:Drivers/STM32G4xx_HAL_Driver/Src/stm32g4xx_ll_usb.c **** 
 844:Drivers/STM32G4xx_HAL_Driver/Src/stm32g4xx_ll_usb.c ****   for (count = n; count != 0U; count--)
ARM GAS  /tmp/ccZui67l.s 			page 60


 2307              		.loc 1 844 3 is_stmt 1 view .LVU784
 2308              		.loc 1 844 3 is_stmt 0 view .LVU785
 2309 000a 08E0     		b	.L89
 2310              	.LVL272:
 2311              	.L90:
 845:Drivers/STM32G4xx_HAL_Driver/Src/stm32g4xx_ll_usb.c ****   {
 846:Drivers/STM32G4xx_HAL_Driver/Src/stm32g4xx_ll_usb.c ****     WrVal = pBuf[0];
 2312              		.loc 1 846 5 is_stmt 1 view .LVU786
 2313              		.loc 1 846 17 is_stmt 0 view .LVU787
 2314 000c 0A78     		ldrb	r2, [r1]	@ zero_extendqisi2
 2315              	.LVL273:
 847:Drivers/STM32G4xx_HAL_Driver/Src/stm32g4xx_ll_usb.c ****     WrVal |= (uint16_t)pBuf[1] << 8;
 2316              		.loc 1 847 5 is_stmt 1 view .LVU788
 2317              		.loc 1 847 28 is_stmt 0 view .LVU789
 2318 000e 91F801C0 		ldrb	ip, [r1, #1]	@ zero_extendqisi2
 2319              		.loc 1 847 11 view .LVU790
 2320 0012 42EA0C22 		orr	r2, r2, ip, lsl #8
 2321              	.LVL274:
 848:Drivers/STM32G4xx_HAL_Driver/Src/stm32g4xx_ll_usb.c ****     *pdwVal = (WrVal & 0xFFFFU);
 2322              		.loc 1 848 5 is_stmt 1 view .LVU791
 2323              		.loc 1 848 13 is_stmt 0 view .LVU792
 2324 0016 20F8022B 		strh	r2, [r0], #2	@ movhi
 2325              	.LVL275:
 849:Drivers/STM32G4xx_HAL_Driver/Src/stm32g4xx_ll_usb.c ****     pdwVal++;
 2326              		.loc 1 849 5 is_stmt 1 view .LVU793
 850:Drivers/STM32G4xx_HAL_Driver/Src/stm32g4xx_ll_usb.c **** 
 851:Drivers/STM32G4xx_HAL_Driver/Src/stm32g4xx_ll_usb.c **** #if PMA_ACCESS > 1U
 852:Drivers/STM32G4xx_HAL_Driver/Src/stm32g4xx_ll_usb.c ****     pdwVal++;
 853:Drivers/STM32G4xx_HAL_Driver/Src/stm32g4xx_ll_usb.c **** #endif /* PMA_ACCESS */
 854:Drivers/STM32G4xx_HAL_Driver/Src/stm32g4xx_ll_usb.c **** 
 855:Drivers/STM32G4xx_HAL_Driver/Src/stm32g4xx_ll_usb.c ****     pBuf++;
 2327              		.loc 1 855 5 view .LVU794
 856:Drivers/STM32G4xx_HAL_Driver/Src/stm32g4xx_ll_usb.c ****     pBuf++;
 2328              		.loc 1 856 5 view .LVU795
 2329              		.loc 1 856 9 is_stmt 0 view .LVU796
 2330 001a 0231     		adds	r1, r1, #2
 2331              	.LVL276:
 844:Drivers/STM32G4xx_HAL_Driver/Src/stm32g4xx_ll_usb.c ****   {
 2332              		.loc 1 844 37 is_stmt 1 discriminator 1 view .LVU797
 2333 001c 013B     		subs	r3, r3, #1
 2334              	.LVL277:
 2335              	.L89:
 844:Drivers/STM32G4xx_HAL_Driver/Src/stm32g4xx_ll_usb.c ****   {
 2336              		.loc 1 844 25 discriminator 2 view .LVU798
 2337 001e 002B     		cmp	r3, #0
 2338 0020 F4D1     		bne	.L90
 857:Drivers/STM32G4xx_HAL_Driver/Src/stm32g4xx_ll_usb.c ****   }
 858:Drivers/STM32G4xx_HAL_Driver/Src/stm32g4xx_ll_usb.c **** }
 2339              		.loc 1 858 1 is_stmt 0 view .LVU799
 2340 0022 7047     		bx	lr
 2341              		.cfi_endproc
 2342              	.LFE349:
 2344              		.section	.text.USB_EPStartXfer,"ax",%progbits
 2345              		.align	1
 2346              		.global	USB_EPStartXfer
 2347              		.syntax unified
 2348              		.thumb
ARM GAS  /tmp/ccZui67l.s 			page 61


 2349              		.thumb_func
 2351              	USB_EPStartXfer:
 2352              	.LVL278:
 2353              	.LFB338:
 423:Drivers/STM32G4xx_HAL_Driver/Src/stm32g4xx_ll_usb.c ****   uint32_t len;
 2354              		.loc 1 423 1 is_stmt 1 view -0
 2355              		.cfi_startproc
 2356              		@ args = 0, pretend = 0, frame = 0
 2357              		@ frame_needed = 0, uses_anonymous_args = 0
 423:Drivers/STM32G4xx_HAL_Driver/Src/stm32g4xx_ll_usb.c ****   uint32_t len;
 2358              		.loc 1 423 1 is_stmt 0 view .LVU801
 2359 0000 70B5     		push	{r4, r5, r6, lr}
 2360              	.LCFI5:
 2361              		.cfi_def_cfa_offset 16
 2362              		.cfi_offset 4, -16
 2363              		.cfi_offset 5, -12
 2364              		.cfi_offset 6, -8
 2365              		.cfi_offset 14, -4
 2366 0002 0546     		mov	r5, r0
 2367 0004 0C46     		mov	r4, r1
 424:Drivers/STM32G4xx_HAL_Driver/Src/stm32g4xx_ll_usb.c **** #if (USE_USB_DOUBLE_BUFFER == 1U)
 2368              		.loc 1 424 3 is_stmt 1 view .LVU802
 426:Drivers/STM32G4xx_HAL_Driver/Src/stm32g4xx_ll_usb.c ****   uint16_t wEPVal;
 2369              		.loc 1 426 3 view .LVU803
 427:Drivers/STM32G4xx_HAL_Driver/Src/stm32g4xx_ll_usb.c **** #endif /* (USE_USB_DOUBLE_BUFFER == 1U) */
 2370              		.loc 1 427 3 view .LVU804
 431:Drivers/STM32G4xx_HAL_Driver/Src/stm32g4xx_ll_usb.c ****   {
 2371              		.loc 1 431 3 view .LVU805
 431:Drivers/STM32G4xx_HAL_Driver/Src/stm32g4xx_ll_usb.c ****   {
 2372              		.loc 1 431 9 is_stmt 0 view .LVU806
 2373 0006 4B78     		ldrb	r3, [r1, #1]	@ zero_extendqisi2
 431:Drivers/STM32G4xx_HAL_Driver/Src/stm32g4xx_ll_usb.c ****   {
 2374              		.loc 1 431 6 view .LVU807
 2375 0008 012B     		cmp	r3, #1
 2376 000a 19D0     		beq	.L152
 567:Drivers/STM32G4xx_HAL_Driver/Src/stm32g4xx_ll_usb.c ****     {
 2377              		.loc 1 567 5 is_stmt 1 view .LVU808
 567:Drivers/STM32G4xx_HAL_Driver/Src/stm32g4xx_ll_usb.c ****     {
 2378              		.loc 1 567 11 is_stmt 0 view .LVU809
 2379 000c 0B7B     		ldrb	r3, [r1, #12]	@ zero_extendqisi2
 567:Drivers/STM32G4xx_HAL_Driver/Src/stm32g4xx_ll_usb.c ****     {
 2380              		.loc 1 567 8 view .LVU810
 2381 000e 002B     		cmp	r3, #0
 2382 0010 40F05B82 		bne	.L141
 569:Drivers/STM32G4xx_HAL_Driver/Src/stm32g4xx_ll_usb.c ****       {
 2383              		.loc 1 569 7 is_stmt 1 view .LVU811
 569:Drivers/STM32G4xx_HAL_Driver/Src/stm32g4xx_ll_usb.c ****       {
 2384              		.loc 1 569 14 is_stmt 0 view .LVU812
 2385 0014 8B69     		ldr	r3, [r1, #24]
 569:Drivers/STM32G4xx_HAL_Driver/Src/stm32g4xx_ll_usb.c ****       {
 2386              		.loc 1 569 10 view .LVU813
 2387 0016 002B     		cmp	r3, #0
 2388 0018 40F03082 		bne	.L142
 569:Drivers/STM32G4xx_HAL_Driver/Src/stm32g4xx_ll_usb.c ****       {
 2389              		.loc 1 569 38 discriminator 1 view .LVU814
 2390 001c CB78     		ldrb	r3, [r1, #3]	@ zero_extendqisi2
 569:Drivers/STM32G4xx_HAL_Driver/Src/stm32g4xx_ll_usb.c ****       {
ARM GAS  /tmp/ccZui67l.s 			page 62


 2391              		.loc 1 569 32 discriminator 1 view .LVU815
 2392 001e 002B     		cmp	r3, #0
 2393 0020 40F02C82 		bne	.L142
 572:Drivers/STM32G4xx_HAL_Driver/Src/stm32g4xx_ll_usb.c ****       }
 2394              		.loc 1 572 9 is_stmt 1 view .LVU816
 2395              	.LBB78:
 572:Drivers/STM32G4xx_HAL_Driver/Src/stm32g4xx_ll_usb.c ****       }
 2396              		.loc 1 572 9 view .LVU817
 572:Drivers/STM32G4xx_HAL_Driver/Src/stm32g4xx_ll_usb.c ****       }
 2397              		.loc 1 572 9 view .LVU818
 2398 0024 0A78     		ldrb	r2, [r1]	@ zero_extendqisi2
 2399 0026 30F82230 		ldrh	r3, [r0, r2, lsl #2]
 2400 002a 23F4E043 		bic	r3, r3, #28672
 2401 002e 23F07003 		bic	r3, r3, #112
 2402              	.LVL279:
 572:Drivers/STM32G4xx_HAL_Driver/Src/stm32g4xx_ll_usb.c ****       }
 2403              		.loc 1 572 9 view .LVU819
 2404 0032 43F40143 		orr	r3, r3, #33024
 2405              	.LVL280:
 572:Drivers/STM32G4xx_HAL_Driver/Src/stm32g4xx_ll_usb.c ****       }
 2406              		.loc 1 572 9 is_stmt 0 view .LVU820
 2407 0036 43F08003 		orr	r3, r3, #128
 2408 003a 20F82230 		strh	r3, [r0, r2, lsl #2]	@ movhi
 2409              	.LBE78:
 572:Drivers/STM32G4xx_HAL_Driver/Src/stm32g4xx_ll_usb.c ****       }
 2410              		.loc 1 572 9 is_stmt 1 view .LVU821
 2411 003e 2AE2     		b	.L143
 2412              	.LVL281:
 2413              	.L152:
 434:Drivers/STM32G4xx_HAL_Driver/Src/stm32g4xx_ll_usb.c ****     {
 2414              		.loc 1 434 5 view .LVU822
 434:Drivers/STM32G4xx_HAL_Driver/Src/stm32g4xx_ll_usb.c ****     {
 2415              		.loc 1 434 11 is_stmt 0 view .LVU823
 2416 0040 8A69     		ldr	r2, [r1, #24]
 2417 0042 1146     		mov	r1, r2
 2418              	.LVL282:
 434:Drivers/STM32G4xx_HAL_Driver/Src/stm32g4xx_ll_usb.c ****     {
 2419              		.loc 1 434 11 view .LVU824
 2420 0044 1646     		mov	r6, r2
 434:Drivers/STM32G4xx_HAL_Driver/Src/stm32g4xx_ll_usb.c ****     {
 2421              		.loc 1 434 26 view .LVU825
 2422 0046 2269     		ldr	r2, [r4, #16]
 434:Drivers/STM32G4xx_HAL_Driver/Src/stm32g4xx_ll_usb.c ****     {
 2423              		.loc 1 434 8 view .LVU826
 2424 0048 9142     		cmp	r1, r2
 2425 004a 00D9     		bls	.L93
 436:Drivers/STM32G4xx_HAL_Driver/Src/stm32g4xx_ll_usb.c ****     }
 2426              		.loc 1 436 11 view .LVU827
 2427 004c 1646     		mov	r6, r2
 2428              	.L93:
 2429              	.LVL283:
 444:Drivers/STM32G4xx_HAL_Driver/Src/stm32g4xx_ll_usb.c ****     {
 2430              		.loc 1 444 5 is_stmt 1 view .LVU828
 444:Drivers/STM32G4xx_HAL_Driver/Src/stm32g4xx_ll_usb.c ****     {
 2431              		.loc 1 444 11 is_stmt 0 view .LVU829
 2432 004e 217B     		ldrb	r1, [r4, #12]	@ zero_extendqisi2
 444:Drivers/STM32G4xx_HAL_Driver/Src/stm32g4xx_ll_usb.c ****     {
ARM GAS  /tmp/ccZui67l.s 			page 63


 2433              		.loc 1 444 8 view .LVU830
 2434 0050 21B3     		cbz	r1, .L153
 453:Drivers/STM32G4xx_HAL_Driver/Src/stm32g4xx_ll_usb.c ****       {
 2435              		.loc 1 453 7 is_stmt 1 view .LVU831
 453:Drivers/STM32G4xx_HAL_Driver/Src/stm32g4xx_ll_usb.c ****       {
 2436              		.loc 1 453 13 is_stmt 0 view .LVU832
 2437 0052 E178     		ldrb	r1, [r4, #3]	@ zero_extendqisi2
 453:Drivers/STM32G4xx_HAL_Driver/Src/stm32g4xx_ll_usb.c ****       {
 2438              		.loc 1 453 10 view .LVU833
 2439 0054 0229     		cmp	r1, #2
 2440 0056 40D0     		beq	.L154
 538:Drivers/STM32G4xx_HAL_Driver/Src/stm32g4xx_ll_usb.c **** 
 2441              		.loc 1 538 9 is_stmt 1 view .LVU834
 538:Drivers/STM32G4xx_HAL_Driver/Src/stm32g4xx_ll_usb.c **** 
 2442              		.loc 1 538 11 is_stmt 0 view .LVU835
 2443 0058 226A     		ldr	r2, [r4, #32]
 538:Drivers/STM32G4xx_HAL_Driver/Src/stm32g4xx_ll_usb.c **** 
 2444              		.loc 1 538 25 view .LVU836
 2445 005a 921B     		subs	r2, r2, r6
 2446 005c 2262     		str	r2, [r4, #32]
 541:Drivers/STM32G4xx_HAL_Driver/Src/stm32g4xx_ll_usb.c ****         {
 2447              		.loc 1 541 9 is_stmt 1 view .LVU837
 541:Drivers/STM32G4xx_HAL_Driver/Src/stm32g4xx_ll_usb.c ****         {
 2448              		.loc 1 541 14 is_stmt 0 view .LVU838
 2449 005e 2278     		ldrb	r2, [r4]	@ zero_extendqisi2
 2450 0060 35F82210 		ldrh	r1, [r5, r2, lsl #2]
 541:Drivers/STM32G4xx_HAL_Driver/Src/stm32g4xx_ll_usb.c ****         {
 2451              		.loc 1 541 12 view .LVU839
 2452 0064 11F0400F 		tst	r1, #64
 2453 0068 00F0C881 		beq	.L127
 544:Drivers/STM32G4xx_HAL_Driver/Src/stm32g4xx_ll_usb.c ****           pmabuffer = ep->pmaaddr1;
 2454              		.loc 1 544 11 is_stmt 1 view .LVU840
 2455              	.LBB79:
 544:Drivers/STM32G4xx_HAL_Driver/Src/stm32g4xx_ll_usb.c ****           pmabuffer = ep->pmaaddr1;
 2456              		.loc 1 544 11 view .LVU841
 2457              	.LVL284:
 544:Drivers/STM32G4xx_HAL_Driver/Src/stm32g4xx_ll_usb.c ****           pmabuffer = ep->pmaaddr1;
 2458              		.loc 1 544 11 view .LVU842
 544:Drivers/STM32G4xx_HAL_Driver/Src/stm32g4xx_ll_usb.c ****           pmabuffer = ep->pmaaddr1;
 2459              		.loc 1 544 11 view .LVU843
 2460 006c 002B     		cmp	r3, #0
 2461 006e 40F0B781 		bne	.L128
 544:Drivers/STM32G4xx_HAL_Driver/Src/stm32g4xx_ll_usb.c ****           pmabuffer = ep->pmaaddr1;
 2462              		.loc 1 544 11 discriminator 1 view .LVU844
 2463              	.LBB80:
 544:Drivers/STM32G4xx_HAL_Driver/Src/stm32g4xx_ll_usb.c ****           pmabuffer = ep->pmaaddr1;
 2464              		.loc 1 544 11 discriminator 1 view .LVU845
 2465              	.LVL285:
 544:Drivers/STM32G4xx_HAL_Driver/Src/stm32g4xx_ll_usb.c ****           pmabuffer = ep->pmaaddr1;
 2466              		.loc 1 544 11 discriminator 1 view .LVU846
 544:Drivers/STM32G4xx_HAL_Driver/Src/stm32g4xx_ll_usb.c ****           pmabuffer = ep->pmaaddr1;
 2467              		.loc 1 544 11 discriminator 1 view .LVU847
 2468 0072 B5F85030 		ldrh	r3, [r5, #80]
 2469 0076 2B44     		add	r3, r3, r5
 2470              	.LVL286:
 544:Drivers/STM32G4xx_HAL_Driver/Src/stm32g4xx_ll_usb.c ****           pmabuffer = ep->pmaaddr1;
 2471              		.loc 1 544 11 discriminator 1 view .LVU848
ARM GAS  /tmp/ccZui67l.s 			page 64


 2472 0078 03EBC202 		add	r2, r3, r2, lsl #3
 2473              	.LVL287:
 544:Drivers/STM32G4xx_HAL_Driver/Src/stm32g4xx_ll_usb.c ****           pmabuffer = ep->pmaaddr1;
 2474              		.loc 1 544 11 discriminator 1 view .LVU849
 2475              	.LBB81:
 544:Drivers/STM32G4xx_HAL_Driver/Src/stm32g4xx_ll_usb.c ****           pmabuffer = ep->pmaaddr1;
 2476              		.loc 1 544 11 discriminator 1 view .LVU850
 544:Drivers/STM32G4xx_HAL_Driver/Src/stm32g4xx_ll_usb.c ****           pmabuffer = ep->pmaaddr1;
 2477              		.loc 1 544 11 discriminator 1 view .LVU851
 2478 007c B2F80634 		ldrh	r3, [r2, #1030]
 2479              	.LVL288:
 544:Drivers/STM32G4xx_HAL_Driver/Src/stm32g4xx_ll_usb.c ****           pmabuffer = ep->pmaaddr1;
 2480              		.loc 1 544 11 is_stmt 0 discriminator 1 view .LVU852
 2481 0080 C3F30903 		ubfx	r3, r3, #0, #10
 2482 0084 A2F80634 		strh	r3, [r2, #1030]	@ movhi
 544:Drivers/STM32G4xx_HAL_Driver/Src/stm32g4xx_ll_usb.c ****           pmabuffer = ep->pmaaddr1;
 2483              		.loc 1 544 11 is_stmt 1 discriminator 1 view .LVU853
 2484 0088 002E     		cmp	r6, #0
 2485 008a 40F08B81 		bne	.L129
 544:Drivers/STM32G4xx_HAL_Driver/Src/stm32g4xx_ll_usb.c ****           pmabuffer = ep->pmaaddr1;
 2486              		.loc 1 544 11 discriminator 2 view .LVU854
 2487 008e B2F80634 		ldrh	r3, [r2, #1030]
 2488 0092 43F40043 		orr	r3, r3, #32768
 2489 0096 A2F80634 		strh	r3, [r2, #1030]	@ movhi
 2490 009a A8E1     		b	.L130
 2491              	.LVL289:
 2492              	.L153:
 544:Drivers/STM32G4xx_HAL_Driver/Src/stm32g4xx_ll_usb.c ****           pmabuffer = ep->pmaaddr1;
 2493              		.loc 1 544 11 is_stmt 0 discriminator 2 view .LVU855
 2494              	.LBE81:
 2495              	.LBE80:
 2496              	.LBE79:
 446:Drivers/STM32G4xx_HAL_Driver/Src/stm32g4xx_ll_usb.c ****       PCD_SET_EP_TX_CNT(USBx, ep->num, len);
 2497              		.loc 1 446 7 is_stmt 1 view .LVU856
 2498 009c B3B2     		uxth	r3, r6
 2499 009e 1E46     		mov	r6, r3
 2500              	.LVL290:
 446:Drivers/STM32G4xx_HAL_Driver/Src/stm32g4xx_ll_usb.c ****       PCD_SET_EP_TX_CNT(USBx, ep->num, len);
 2501              		.loc 1 446 7 is_stmt 0 view .LVU857
 2502 00a0 E288     		ldrh	r2, [r4, #6]
 2503 00a2 6169     		ldr	r1, [r4, #20]
 2504 00a4 2846     		mov	r0, r5
 2505              	.LVL291:
 446:Drivers/STM32G4xx_HAL_Driver/Src/stm32g4xx_ll_usb.c ****       PCD_SET_EP_TX_CNT(USBx, ep->num, len);
 2506              		.loc 1 446 7 view .LVU858
 2507 00a6 FFF7FEFF 		bl	USB_WritePMA
 2508              	.LVL292:
 447:Drivers/STM32G4xx_HAL_Driver/Src/stm32g4xx_ll_usb.c ****     }
 2509              		.loc 1 447 7 is_stmt 1 view .LVU859
 2510              	.LBB84:
 447:Drivers/STM32G4xx_HAL_Driver/Src/stm32g4xx_ll_usb.c ****     }
 2511              		.loc 1 447 7 view .LVU860
 447:Drivers/STM32G4xx_HAL_Driver/Src/stm32g4xx_ll_usb.c ****     }
 2512              		.loc 1 447 7 view .LVU861
 447:Drivers/STM32G4xx_HAL_Driver/Src/stm32g4xx_ll_usb.c ****     }
 2513              		.loc 1 447 7 view .LVU862
 2514 00aa B5F85030 		ldrh	r3, [r5, #80]
ARM GAS  /tmp/ccZui67l.s 			page 65


 2515 00ae 2B44     		add	r3, r3, r5
 2516              	.LVL293:
 447:Drivers/STM32G4xx_HAL_Driver/Src/stm32g4xx_ll_usb.c ****     }
 2517              		.loc 1 447 7 view .LVU863
 2518 00b0 2278     		ldrb	r2, [r4]	@ zero_extendqisi2
 2519 00b2 03EBC203 		add	r3, r3, r2, lsl #3
 2520              	.LVL294:
 447:Drivers/STM32G4xx_HAL_Driver/Src/stm32g4xx_ll_usb.c ****     }
 2521              		.loc 1 447 7 view .LVU864
 2522 00b6 A3F80264 		strh	r6, [r3, #1026]	@ movhi
 2523              	.LBE84:
 447:Drivers/STM32G4xx_HAL_Driver/Src/stm32g4xx_ll_usb.c ****     }
 2524              		.loc 1 447 7 view .LVU865
 2525              	.LVL295:
 2526              	.L95:
 563:Drivers/STM32G4xx_HAL_Driver/Src/stm32g4xx_ll_usb.c ****   }
 2527              		.loc 1 563 5 view .LVU866
 2528              	.LBB85:
 563:Drivers/STM32G4xx_HAL_Driver/Src/stm32g4xx_ll_usb.c ****   }
 2529              		.loc 1 563 5 view .LVU867
 563:Drivers/STM32G4xx_HAL_Driver/Src/stm32g4xx_ll_usb.c ****   }
 2530              		.loc 1 563 5 view .LVU868
 2531 00ba 2278     		ldrb	r2, [r4]	@ zero_extendqisi2
 2532 00bc 35F82230 		ldrh	r3, [r5, r2, lsl #2]
 2533 00c0 23F4E043 		bic	r3, r3, #28672
 2534 00c4 23F04003 		bic	r3, r3, #64
 563:Drivers/STM32G4xx_HAL_Driver/Src/stm32g4xx_ll_usb.c ****   }
 2535              		.loc 1 563 5 view .LVU869
 563:Drivers/STM32G4xx_HAL_Driver/Src/stm32g4xx_ll_usb.c ****   }
 2536              		.loc 1 563 5 discriminator 1 view .LVU870
 2537              	.LVL296:
 563:Drivers/STM32G4xx_HAL_Driver/Src/stm32g4xx_ll_usb.c ****   }
 2538              		.loc 1 563 5 discriminator 2 view .LVU871
 563:Drivers/STM32G4xx_HAL_Driver/Src/stm32g4xx_ll_usb.c ****   }
 2539              		.loc 1 563 5 discriminator 3 view .LVU872
 2540 00c8 83F03003 		eor	r3, r3, #48
 2541              	.LVL297:
 563:Drivers/STM32G4xx_HAL_Driver/Src/stm32g4xx_ll_usb.c ****   }
 2542              		.loc 1 563 5 discriminator 4 view .LVU873
 2543 00cc 43F40043 		orr	r3, r3, #32768
 2544              	.LVL298:
 563:Drivers/STM32G4xx_HAL_Driver/Src/stm32g4xx_ll_usb.c ****   }
 2545              		.loc 1 563 5 is_stmt 0 discriminator 4 view .LVU874
 2546 00d0 43F08003 		orr	r3, r3, #128
 2547 00d4 25F82230 		strh	r3, [r5, r2, lsl #2]	@ movhi
 2548              	.LBE85:
 563:Drivers/STM32G4xx_HAL_Driver/Src/stm32g4xx_ll_usb.c ****   }
 2549              		.loc 1 563 5 is_stmt 1 discriminator 4 view .LVU875
 2550 00d8 F2E1     		b	.L140
 2551              	.LVL299:
 2552              	.L154:
 455:Drivers/STM32G4xx_HAL_Driver/Src/stm32g4xx_ll_usb.c ****         {
 2553              		.loc 1 455 9 view .LVU876
 455:Drivers/STM32G4xx_HAL_Driver/Src/stm32g4xx_ll_usb.c ****         {
 2554              		.loc 1 455 15 is_stmt 0 view .LVU877
 2555 00da 236A     		ldr	r3, [r4, #32]
 455:Drivers/STM32G4xx_HAL_Driver/Src/stm32g4xx_ll_usb.c ****         {
ARM GAS  /tmp/ccZui67l.s 			page 66


 2556              		.loc 1 455 12 view .LVU878
 2557 00dc 9A42     		cmp	r2, r3
 2558 00de 80F04581 		bcs	.L97
 458:Drivers/STM32G4xx_HAL_Driver/Src/stm32g4xx_ll_usb.c **** 
 2559              		.loc 1 458 11 is_stmt 1 view .LVU879
 2560              	.LBB86:
 458:Drivers/STM32G4xx_HAL_Driver/Src/stm32g4xx_ll_usb.c **** 
 2561              		.loc 1 458 11 view .LVU880
 458:Drivers/STM32G4xx_HAL_Driver/Src/stm32g4xx_ll_usb.c **** 
 2562              		.loc 1 458 11 view .LVU881
 2563 00e2 2278     		ldrb	r2, [r4]	@ zero_extendqisi2
 2564 00e4 35F82230 		ldrh	r3, [r5, r2, lsl #2]
 2565 00e8 23F4E043 		bic	r3, r3, #28672
 2566 00ec 23F07003 		bic	r3, r3, #112
 2567              	.LVL300:
 458:Drivers/STM32G4xx_HAL_Driver/Src/stm32g4xx_ll_usb.c **** 
 2568              		.loc 1 458 11 view .LVU882
 2569 00f0 43F40143 		orr	r3, r3, #33024
 2570              	.LVL301:
 458:Drivers/STM32G4xx_HAL_Driver/Src/stm32g4xx_ll_usb.c **** 
 2571              		.loc 1 458 11 is_stmt 0 view .LVU883
 2572 00f4 43F08003 		orr	r3, r3, #128
 2573 00f8 25F82230 		strh	r3, [r5, r2, lsl #2]	@ movhi
 2574              	.LBE86:
 458:Drivers/STM32G4xx_HAL_Driver/Src/stm32g4xx_ll_usb.c **** 
 2575              		.loc 1 458 11 is_stmt 1 view .LVU884
 461:Drivers/STM32G4xx_HAL_Driver/Src/stm32g4xx_ll_usb.c **** 
 2576              		.loc 1 461 11 view .LVU885
 461:Drivers/STM32G4xx_HAL_Driver/Src/stm32g4xx_ll_usb.c **** 
 2577              		.loc 1 461 13 is_stmt 0 view .LVU886
 2578 00fc 236A     		ldr	r3, [r4, #32]
 461:Drivers/STM32G4xx_HAL_Driver/Src/stm32g4xx_ll_usb.c **** 
 2579              		.loc 1 461 27 view .LVU887
 2580 00fe 9B1B     		subs	r3, r3, r6
 2581 0100 2362     		str	r3, [r4, #32]
 464:Drivers/STM32G4xx_HAL_Driver/Src/stm32g4xx_ll_usb.c ****           {
 2582              		.loc 1 464 11 is_stmt 1 view .LVU888
 464:Drivers/STM32G4xx_HAL_Driver/Src/stm32g4xx_ll_usb.c ****           {
 2583              		.loc 1 464 16 is_stmt 0 view .LVU889
 2584 0102 2378     		ldrb	r3, [r4]	@ zero_extendqisi2
 2585 0104 35F82320 		ldrh	r2, [r5, r3, lsl #2]
 464:Drivers/STM32G4xx_HAL_Driver/Src/stm32g4xx_ll_usb.c ****           {
 2586              		.loc 1 464 14 view .LVU890
 2587 0108 12F0400F 		tst	r2, #64
 2588 010c 00F09780 		beq	.L98
 467:Drivers/STM32G4xx_HAL_Driver/Src/stm32g4xx_ll_usb.c ****             pmabuffer = ep->pmaaddr1;
 2589              		.loc 1 467 13 is_stmt 1 view .LVU891
 2590              	.LBB87:
 467:Drivers/STM32G4xx_HAL_Driver/Src/stm32g4xx_ll_usb.c ****             pmabuffer = ep->pmaaddr1;
 2591              		.loc 1 467 13 view .LVU892
 2592              	.LVL302:
 467:Drivers/STM32G4xx_HAL_Driver/Src/stm32g4xx_ll_usb.c ****             pmabuffer = ep->pmaaddr1;
 2593              		.loc 1 467 13 view .LVU893
 467:Drivers/STM32G4xx_HAL_Driver/Src/stm32g4xx_ll_usb.c ****             pmabuffer = ep->pmaaddr1;
 2594              		.loc 1 467 13 view .LVU894
 2595 0110 6278     		ldrb	r2, [r4, #1]	@ zero_extendqisi2
 2596 0112 82BB     		cbnz	r2, .L99
ARM GAS  /tmp/ccZui67l.s 			page 67


 467:Drivers/STM32G4xx_HAL_Driver/Src/stm32g4xx_ll_usb.c ****             pmabuffer = ep->pmaaddr1;
 2597              		.loc 1 467 13 discriminator 1 view .LVU895
 2598              	.LBB88:
 467:Drivers/STM32G4xx_HAL_Driver/Src/stm32g4xx_ll_usb.c ****             pmabuffer = ep->pmaaddr1;
 2599              		.loc 1 467 13 discriminator 1 view .LVU896
 2600              	.LVL303:
 467:Drivers/STM32G4xx_HAL_Driver/Src/stm32g4xx_ll_usb.c ****             pmabuffer = ep->pmaaddr1;
 2601              		.loc 1 467 13 discriminator 1 view .LVU897
 467:Drivers/STM32G4xx_HAL_Driver/Src/stm32g4xx_ll_usb.c ****             pmabuffer = ep->pmaaddr1;
 2602              		.loc 1 467 13 discriminator 1 view .LVU898
 2603 0114 B5F85020 		ldrh	r2, [r5, #80]
 2604 0118 2A44     		add	r2, r2, r5
 2605              	.LVL304:
 467:Drivers/STM32G4xx_HAL_Driver/Src/stm32g4xx_ll_usb.c ****             pmabuffer = ep->pmaaddr1;
 2606              		.loc 1 467 13 discriminator 1 view .LVU899
 2607 011a 02EBC303 		add	r3, r2, r3, lsl #3
 2608              	.LVL305:
 467:Drivers/STM32G4xx_HAL_Driver/Src/stm32g4xx_ll_usb.c ****             pmabuffer = ep->pmaaddr1;
 2609              		.loc 1 467 13 discriminator 1 view .LVU900
 2610              	.LBB89:
 467:Drivers/STM32G4xx_HAL_Driver/Src/stm32g4xx_ll_usb.c ****             pmabuffer = ep->pmaaddr1;
 2611              		.loc 1 467 13 discriminator 1 view .LVU901
 467:Drivers/STM32G4xx_HAL_Driver/Src/stm32g4xx_ll_usb.c ****             pmabuffer = ep->pmaaddr1;
 2612              		.loc 1 467 13 discriminator 1 view .LVU902
 2613 011e B3F80624 		ldrh	r2, [r3, #1030]
 2614              	.LVL306:
 467:Drivers/STM32G4xx_HAL_Driver/Src/stm32g4xx_ll_usb.c ****             pmabuffer = ep->pmaaddr1;
 2615              		.loc 1 467 13 is_stmt 0 discriminator 1 view .LVU903
 2616 0122 C2F30902 		ubfx	r2, r2, #0, #10
 2617 0126 A3F80624 		strh	r2, [r3, #1030]	@ movhi
 467:Drivers/STM32G4xx_HAL_Driver/Src/stm32g4xx_ll_usb.c ****             pmabuffer = ep->pmaaddr1;
 2618              		.loc 1 467 13 is_stmt 1 discriminator 1 view .LVU904
 2619 012a 36B9     		cbnz	r6, .L100
 467:Drivers/STM32G4xx_HAL_Driver/Src/stm32g4xx_ll_usb.c ****             pmabuffer = ep->pmaaddr1;
 2620              		.loc 1 467 13 discriminator 2 view .LVU905
 2621 012c B3F80624 		ldrh	r2, [r3, #1030]
 2622 0130 42F40042 		orr	r2, r2, #32768
 2623 0134 A3F80624 		strh	r2, [r3, #1030]	@ movhi
 2624 0138 1FE0     		b	.L101
 2625              	.L100:
 467:Drivers/STM32G4xx_HAL_Driver/Src/stm32g4xx_ll_usb.c ****             pmabuffer = ep->pmaaddr1;
 2626              		.loc 1 467 13 discriminator 3 view .LVU906
 2627 013a 3E2E     		cmp	r6, #62
 2628 013c 0CD8     		bhi	.L102
 467:Drivers/STM32G4xx_HAL_Driver/Src/stm32g4xx_ll_usb.c ****             pmabuffer = ep->pmaaddr1;
 2629              		.loc 1 467 13 discriminator 4 view .LVU907
 467:Drivers/STM32G4xx_HAL_Driver/Src/stm32g4xx_ll_usb.c ****             pmabuffer = ep->pmaaddr1;
 2630              		.loc 1 467 13 discriminator 4 view .LVU908
 2631 013e 7208     		lsrs	r2, r6, #1
 2632              	.LVL307:
 467:Drivers/STM32G4xx_HAL_Driver/Src/stm32g4xx_ll_usb.c ****             pmabuffer = ep->pmaaddr1;
 2633              		.loc 1 467 13 discriminator 4 view .LVU909
 2634 0140 16F0010F 		tst	r6, #1
 2635 0144 00D0     		beq	.L103
 467:Drivers/STM32G4xx_HAL_Driver/Src/stm32g4xx_ll_usb.c ****             pmabuffer = ep->pmaaddr1;
 2636              		.loc 1 467 13 discriminator 5 view .LVU910
 2637 0146 0132     		adds	r2, r2, #1
ARM GAS  /tmp/ccZui67l.s 			page 68


 2638              	.LVL308:
 2639              	.L103:
 467:Drivers/STM32G4xx_HAL_Driver/Src/stm32g4xx_ll_usb.c ****             pmabuffer = ep->pmaaddr1;
 2640              		.loc 1 467 13 discriminator 6 view .LVU911
 2641 0148 B3F80614 		ldrh	r1, [r3, #1030]
 2642 014c 9202     		lsls	r2, r2, #10
 2643              	.LVL309:
 467:Drivers/STM32G4xx_HAL_Driver/Src/stm32g4xx_ll_usb.c ****             pmabuffer = ep->pmaaddr1;
 2644              		.loc 1 467 13 is_stmt 0 discriminator 6 view .LVU912
 2645 014e 92B2     		uxth	r2, r2
 2646 0150 0A43     		orrs	r2, r2, r1
 2647 0152 A3F80624 		strh	r2, [r3, #1030]	@ movhi
 467:Drivers/STM32G4xx_HAL_Driver/Src/stm32g4xx_ll_usb.c ****             pmabuffer = ep->pmaaddr1;
 2648              		.loc 1 467 13 is_stmt 1 discriminator 6 view .LVU913
 2649 0156 10E0     		b	.L101
 2650              	.LVL310:
 2651              	.L102:
 467:Drivers/STM32G4xx_HAL_Driver/Src/stm32g4xx_ll_usb.c ****             pmabuffer = ep->pmaaddr1;
 2652              		.loc 1 467 13 discriminator 7 view .LVU914
 467:Drivers/STM32G4xx_HAL_Driver/Src/stm32g4xx_ll_usb.c ****             pmabuffer = ep->pmaaddr1;
 2653              		.loc 1 467 13 discriminator 7 view .LVU915
 2654 0158 7209     		lsrs	r2, r6, #5
 2655              	.LVL311:
 467:Drivers/STM32G4xx_HAL_Driver/Src/stm32g4xx_ll_usb.c ****             pmabuffer = ep->pmaaddr1;
 2656              		.loc 1 467 13 discriminator 7 view .LVU916
 2657 015a 16F01F0F 		tst	r6, #31
 2658 015e 00D1     		bne	.L104
 467:Drivers/STM32G4xx_HAL_Driver/Src/stm32g4xx_ll_usb.c ****             pmabuffer = ep->pmaaddr1;
 2659              		.loc 1 467 13 discriminator 8 view .LVU917
 2660 0160 013A     		subs	r2, r2, #1
 2661              	.LVL312:
 2662              	.L104:
 467:Drivers/STM32G4xx_HAL_Driver/Src/stm32g4xx_ll_usb.c ****             pmabuffer = ep->pmaaddr1;
 2663              		.loc 1 467 13 discriminator 9 view .LVU918
 2664 0162 B3F80614 		ldrh	r1, [r3, #1030]
 2665 0166 9202     		lsls	r2, r2, #10
 2666              	.LVL313:
 467:Drivers/STM32G4xx_HAL_Driver/Src/stm32g4xx_ll_usb.c ****             pmabuffer = ep->pmaaddr1;
 2667              		.loc 1 467 13 is_stmt 0 discriminator 9 view .LVU919
 2668 0168 92B2     		uxth	r2, r2
 2669 016a 0A43     		orrs	r2, r2, r1
 2670 016c 42F40042 		orr	r2, r2, #32768
 2671 0170 A3F80624 		strh	r2, [r3, #1030]	@ movhi
 2672 0174 01E0     		b	.L101
 2673              	.LVL314:
 2674              	.L99:
 467:Drivers/STM32G4xx_HAL_Driver/Src/stm32g4xx_ll_usb.c ****             pmabuffer = ep->pmaaddr1;
 2675              		.loc 1 467 13 discriminator 9 view .LVU920
 2676              	.LBE89:
 2677              	.LBE88:
 467:Drivers/STM32G4xx_HAL_Driver/Src/stm32g4xx_ll_usb.c ****             pmabuffer = ep->pmaaddr1;
 2678              		.loc 1 467 13 is_stmt 1 discriminator 11 view .LVU921
 2679 0176 012A     		cmp	r2, #1
 2680 0178 25D0     		beq	.L155
 2681              	.LVL315:
 2682              	.L101:
 467:Drivers/STM32G4xx_HAL_Driver/Src/stm32g4xx_ll_usb.c ****             pmabuffer = ep->pmaaddr1;
ARM GAS  /tmp/ccZui67l.s 			page 69


 2683              		.loc 1 467 13 is_stmt 0 discriminator 11 view .LVU922
 2684              	.LBE87:
 467:Drivers/STM32G4xx_HAL_Driver/Src/stm32g4xx_ll_usb.c ****             pmabuffer = ep->pmaaddr1;
 2685              		.loc 1 467 13 is_stmt 1 discriminator 13 view .LVU923
 468:Drivers/STM32G4xx_HAL_Driver/Src/stm32g4xx_ll_usb.c **** 
 2686              		.loc 1 468 13 view .LVU924
 471:Drivers/STM32G4xx_HAL_Driver/Src/stm32g4xx_ll_usb.c ****             ep->xfer_buff += len;
 2687              		.loc 1 471 13 view .LVU925
 2688 017a B3B2     		uxth	r3, r6
 2689 017c 6289     		ldrh	r2, [r4, #10]
 2690 017e 6169     		ldr	r1, [r4, #20]
 2691 0180 2846     		mov	r0, r5
 2692              	.LVL316:
 471:Drivers/STM32G4xx_HAL_Driver/Src/stm32g4xx_ll_usb.c ****             ep->xfer_buff += len;
 2693              		.loc 1 471 13 is_stmt 0 view .LVU926
 2694 0182 FFF7FEFF 		bl	USB_WritePMA
 2695              	.LVL317:
 472:Drivers/STM32G4xx_HAL_Driver/Src/stm32g4xx_ll_usb.c **** 
 2696              		.loc 1 472 13 is_stmt 1 view .LVU927
 472:Drivers/STM32G4xx_HAL_Driver/Src/stm32g4xx_ll_usb.c **** 
 2697              		.loc 1 472 15 is_stmt 0 view .LVU928
 2698 0186 6369     		ldr	r3, [r4, #20]
 472:Drivers/STM32G4xx_HAL_Driver/Src/stm32g4xx_ll_usb.c **** 
 2699              		.loc 1 472 27 view .LVU929
 2700 0188 3344     		add	r3, r3, r6
 2701 018a 6361     		str	r3, [r4, #20]
 474:Drivers/STM32G4xx_HAL_Driver/Src/stm32g4xx_ll_usb.c ****             {
 2702              		.loc 1 474 13 is_stmt 1 view .LVU930
 474:Drivers/STM32G4xx_HAL_Driver/Src/stm32g4xx_ll_usb.c ****             {
 2703              		.loc 1 474 19 is_stmt 0 view .LVU931
 2704 018c 236A     		ldr	r3, [r4, #32]
 474:Drivers/STM32G4xx_HAL_Driver/Src/stm32g4xx_ll_usb.c ****             {
 2705              		.loc 1 474 37 view .LVU932
 2706 018e 2269     		ldr	r2, [r4, #16]
 474:Drivers/STM32G4xx_HAL_Driver/Src/stm32g4xx_ll_usb.c ****             {
 2707              		.loc 1 474 16 view .LVU933
 2708 0190 9342     		cmp	r3, r2
 2709 0192 20D9     		bls	.L105
 476:Drivers/STM32G4xx_HAL_Driver/Src/stm32g4xx_ll_usb.c ****             }
 2710              		.loc 1 476 15 is_stmt 1 view .LVU934
 476:Drivers/STM32G4xx_HAL_Driver/Src/stm32g4xx_ll_usb.c ****             }
 2711              		.loc 1 476 31 is_stmt 0 view .LVU935
 2712 0194 9B1B     		subs	r3, r3, r6
 2713 0196 2362     		str	r3, [r4, #32]
 2714              	.L106:
 485:Drivers/STM32G4xx_HAL_Driver/Src/stm32g4xx_ll_usb.c ****             pmabuffer = ep->pmaaddr0;
 2715              		.loc 1 485 13 is_stmt 1 view .LVU936
 485:Drivers/STM32G4xx_HAL_Driver/Src/stm32g4xx_ll_usb.c ****             pmabuffer = ep->pmaaddr0;
 2716              		.loc 1 485 13 view .LVU937
 2717 0198 6378     		ldrb	r3, [r4, #1]	@ zero_extendqisi2
 2718 019a 002B     		cmp	r3, #0
 2719 019c 3DD1     		bne	.L107
 485:Drivers/STM32G4xx_HAL_Driver/Src/stm32g4xx_ll_usb.c ****             pmabuffer = ep->pmaaddr0;
 2720              		.loc 1 485 13 discriminator 1 view .LVU938
 2721              	.LBB90:
 485:Drivers/STM32G4xx_HAL_Driver/Src/stm32g4xx_ll_usb.c ****             pmabuffer = ep->pmaaddr0;
 2722              		.loc 1 485 13 discriminator 1 view .LVU939
ARM GAS  /tmp/ccZui67l.s 			page 70


 2723              	.LVL318:
 485:Drivers/STM32G4xx_HAL_Driver/Src/stm32g4xx_ll_usb.c ****             pmabuffer = ep->pmaaddr0;
 2724              		.loc 1 485 13 discriminator 1 view .LVU940
 485:Drivers/STM32G4xx_HAL_Driver/Src/stm32g4xx_ll_usb.c ****             pmabuffer = ep->pmaaddr0;
 2725              		.loc 1 485 13 discriminator 1 view .LVU941
 2726 019e B5F85030 		ldrh	r3, [r5, #80]
 2727 01a2 2B44     		add	r3, r3, r5
 2728              	.LVL319:
 485:Drivers/STM32G4xx_HAL_Driver/Src/stm32g4xx_ll_usb.c ****             pmabuffer = ep->pmaaddr0;
 2729              		.loc 1 485 13 discriminator 1 view .LVU942
 2730 01a4 2278     		ldrb	r2, [r4]	@ zero_extendqisi2
 2731 01a6 03EBC203 		add	r3, r3, r2, lsl #3
 2732              	.LVL320:
 485:Drivers/STM32G4xx_HAL_Driver/Src/stm32g4xx_ll_usb.c ****             pmabuffer = ep->pmaaddr0;
 2733              		.loc 1 485 13 discriminator 1 view .LVU943
 2734              	.LBB91:
 485:Drivers/STM32G4xx_HAL_Driver/Src/stm32g4xx_ll_usb.c ****             pmabuffer = ep->pmaaddr0;
 2735              		.loc 1 485 13 discriminator 1 view .LVU944
 485:Drivers/STM32G4xx_HAL_Driver/Src/stm32g4xx_ll_usb.c ****             pmabuffer = ep->pmaaddr0;
 2736              		.loc 1 485 13 discriminator 1 view .LVU945
 2737 01aa B3F80224 		ldrh	r2, [r3, #1026]
 2738 01ae C2F30902 		ubfx	r2, r2, #0, #10
 2739 01b2 A3F80224 		strh	r2, [r3, #1026]	@ movhi
 485:Drivers/STM32G4xx_HAL_Driver/Src/stm32g4xx_ll_usb.c ****             pmabuffer = ep->pmaaddr0;
 2740              		.loc 1 485 13 discriminator 1 view .LVU946
 2741 01b6 96B9     		cbnz	r6, .L108
 485:Drivers/STM32G4xx_HAL_Driver/Src/stm32g4xx_ll_usb.c ****             pmabuffer = ep->pmaaddr0;
 2742              		.loc 1 485 13 discriminator 2 view .LVU947
 2743 01b8 B3F80224 		ldrh	r2, [r3, #1026]
 2744 01bc 42F40042 		orr	r2, r2, #32768
 2745 01c0 A3F80224 		strh	r2, [r3, #1026]	@ movhi
 2746 01c4 2BE0     		b	.L109
 2747              	.LVL321:
 2748              	.L155:
 485:Drivers/STM32G4xx_HAL_Driver/Src/stm32g4xx_ll_usb.c ****             pmabuffer = ep->pmaaddr0;
 2749              		.loc 1 485 13 is_stmt 0 discriminator 2 view .LVU948
 2750              	.LBE91:
 2751              	.LBE90:
 2752              	.LBB93:
 467:Drivers/STM32G4xx_HAL_Driver/Src/stm32g4xx_ll_usb.c ****             pmabuffer = ep->pmaaddr1;
 2753              		.loc 1 467 13 is_stmt 1 discriminator 12 view .LVU949
 2754 01c6 B5F85020 		ldrh	r2, [r5, #80]
 2755 01ca 2A44     		add	r2, r2, r5
 2756              	.LVL322:
 467:Drivers/STM32G4xx_HAL_Driver/Src/stm32g4xx_ll_usb.c ****             pmabuffer = ep->pmaaddr1;
 2757              		.loc 1 467 13 discriminator 12 view .LVU950
 2758 01cc 02EBC303 		add	r3, r2, r3, lsl #3
 2759              	.LVL323:
 467:Drivers/STM32G4xx_HAL_Driver/Src/stm32g4xx_ll_usb.c ****             pmabuffer = ep->pmaaddr1;
 2760              		.loc 1 467 13 discriminator 12 view .LVU951
 2761 01d0 A3F80664 		strh	r6, [r3, #1030]	@ movhi
 2762 01d4 D1E7     		b	.L101
 2763              	.LVL324:
 2764              	.L105:
 467:Drivers/STM32G4xx_HAL_Driver/Src/stm32g4xx_ll_usb.c ****             pmabuffer = ep->pmaaddr1;
 2765              		.loc 1 467 13 is_stmt 0 discriminator 12 view .LVU952
 2766              	.LBE93:
ARM GAS  /tmp/ccZui67l.s 			page 71


 480:Drivers/STM32G4xx_HAL_Driver/Src/stm32g4xx_ll_usb.c ****               ep->xfer_len_db = 0U;
 2767              		.loc 1 480 15 is_stmt 1 view .LVU953
 481:Drivers/STM32G4xx_HAL_Driver/Src/stm32g4xx_ll_usb.c ****             }
 2768              		.loc 1 481 15 view .LVU954
 481:Drivers/STM32G4xx_HAL_Driver/Src/stm32g4xx_ll_usb.c ****             }
 2769              		.loc 1 481 31 is_stmt 0 view .LVU955
 2770 01d6 0022     		movs	r2, #0
 2771 01d8 2262     		str	r2, [r4, #32]
 480:Drivers/STM32G4xx_HAL_Driver/Src/stm32g4xx_ll_usb.c ****               ep->xfer_len_db = 0U;
 2772              		.loc 1 480 19 view .LVU956
 2773 01da 1E46     		mov	r6, r3
 2774 01dc DCE7     		b	.L106
 2775              	.LVL325:
 2776              	.L108:
 2777              	.LBB94:
 2778              	.LBB92:
 485:Drivers/STM32G4xx_HAL_Driver/Src/stm32g4xx_ll_usb.c ****             pmabuffer = ep->pmaaddr0;
 2779              		.loc 1 485 13 is_stmt 1 discriminator 3 view .LVU957
 2780 01de 3E2E     		cmp	r6, #62
 2781 01e0 0CD8     		bhi	.L110
 485:Drivers/STM32G4xx_HAL_Driver/Src/stm32g4xx_ll_usb.c ****             pmabuffer = ep->pmaaddr0;
 2782              		.loc 1 485 13 discriminator 4 view .LVU958
 485:Drivers/STM32G4xx_HAL_Driver/Src/stm32g4xx_ll_usb.c ****             pmabuffer = ep->pmaaddr0;
 2783              		.loc 1 485 13 discriminator 4 view .LVU959
 2784 01e2 7208     		lsrs	r2, r6, #1
 2785              	.LVL326:
 485:Drivers/STM32G4xx_HAL_Driver/Src/stm32g4xx_ll_usb.c ****             pmabuffer = ep->pmaaddr0;
 2786              		.loc 1 485 13 discriminator 4 view .LVU960
 2787 01e4 16F0010F 		tst	r6, #1
 2788 01e8 00D0     		beq	.L111
 485:Drivers/STM32G4xx_HAL_Driver/Src/stm32g4xx_ll_usb.c ****             pmabuffer = ep->pmaaddr0;
 2789              		.loc 1 485 13 discriminator 5 view .LVU961
 2790 01ea 0132     		adds	r2, r2, #1
 2791              	.LVL327:
 2792              	.L111:
 485:Drivers/STM32G4xx_HAL_Driver/Src/stm32g4xx_ll_usb.c ****             pmabuffer = ep->pmaaddr0;
 2793              		.loc 1 485 13 discriminator 6 view .LVU962
 2794 01ec B3F80214 		ldrh	r1, [r3, #1026]
 2795 01f0 9202     		lsls	r2, r2, #10
 2796              	.LVL328:
 485:Drivers/STM32G4xx_HAL_Driver/Src/stm32g4xx_ll_usb.c ****             pmabuffer = ep->pmaaddr0;
 2797              		.loc 1 485 13 is_stmt 0 discriminator 6 view .LVU963
 2798 01f2 92B2     		uxth	r2, r2
 2799 01f4 0A43     		orrs	r2, r2, r1
 2800 01f6 A3F80224 		strh	r2, [r3, #1026]	@ movhi
 485:Drivers/STM32G4xx_HAL_Driver/Src/stm32g4xx_ll_usb.c ****             pmabuffer = ep->pmaaddr0;
 2801              		.loc 1 485 13 is_stmt 1 discriminator 6 view .LVU964
 2802 01fa 10E0     		b	.L109
 2803              	.LVL329:
 2804              	.L110:
 485:Drivers/STM32G4xx_HAL_Driver/Src/stm32g4xx_ll_usb.c ****             pmabuffer = ep->pmaaddr0;
 2805              		.loc 1 485 13 discriminator 7 view .LVU965
 485:Drivers/STM32G4xx_HAL_Driver/Src/stm32g4xx_ll_usb.c ****             pmabuffer = ep->pmaaddr0;
 2806              		.loc 1 485 13 discriminator 7 view .LVU966
 2807 01fc 7209     		lsrs	r2, r6, #5
 2808              	.LVL330:
 485:Drivers/STM32G4xx_HAL_Driver/Src/stm32g4xx_ll_usb.c ****             pmabuffer = ep->pmaaddr0;
ARM GAS  /tmp/ccZui67l.s 			page 72


 2809              		.loc 1 485 13 discriminator 7 view .LVU967
 2810 01fe 16F01F0F 		tst	r6, #31
 2811 0202 00D1     		bne	.L112
 485:Drivers/STM32G4xx_HAL_Driver/Src/stm32g4xx_ll_usb.c ****             pmabuffer = ep->pmaaddr0;
 2812              		.loc 1 485 13 discriminator 8 view .LVU968
 2813 0204 013A     		subs	r2, r2, #1
 2814              	.LVL331:
 2815              	.L112:
 485:Drivers/STM32G4xx_HAL_Driver/Src/stm32g4xx_ll_usb.c ****             pmabuffer = ep->pmaaddr0;
 2816              		.loc 1 485 13 discriminator 9 view .LVU969
 2817 0206 B3F80214 		ldrh	r1, [r3, #1026]
 2818 020a 9202     		lsls	r2, r2, #10
 2819              	.LVL332:
 485:Drivers/STM32G4xx_HAL_Driver/Src/stm32g4xx_ll_usb.c ****             pmabuffer = ep->pmaaddr0;
 2820              		.loc 1 485 13 is_stmt 0 discriminator 9 view .LVU970
 2821 020c 92B2     		uxth	r2, r2
 2822 020e 0A43     		orrs	r2, r2, r1
 2823 0210 42F40042 		orr	r2, r2, #32768
 2824 0214 A3F80224 		strh	r2, [r3, #1026]	@ movhi
 2825 0218 01E0     		b	.L109
 2826              	.LVL333:
 2827              	.L107:
 485:Drivers/STM32G4xx_HAL_Driver/Src/stm32g4xx_ll_usb.c ****             pmabuffer = ep->pmaaddr0;
 2828              		.loc 1 485 13 discriminator 9 view .LVU971
 2829              	.LBE92:
 2830              	.LBE94:
 485:Drivers/STM32G4xx_HAL_Driver/Src/stm32g4xx_ll_usb.c ****             pmabuffer = ep->pmaaddr0;
 2831              		.loc 1 485 13 is_stmt 1 discriminator 11 view .LVU972
 2832 021a 012B     		cmp	r3, #1
 2833 021c 06D0     		beq	.L156
 2834              	.L109:
 485:Drivers/STM32G4xx_HAL_Driver/Src/stm32g4xx_ll_usb.c ****             pmabuffer = ep->pmaaddr0;
 2835              		.loc 1 485 13 discriminator 13 view .LVU973
 485:Drivers/STM32G4xx_HAL_Driver/Src/stm32g4xx_ll_usb.c ****             pmabuffer = ep->pmaaddr0;
 2836              		.loc 1 485 13 discriminator 13 view .LVU974
 486:Drivers/STM32G4xx_HAL_Driver/Src/stm32g4xx_ll_usb.c **** 
 2837              		.loc 1 486 13 view .LVU975
 2838              	.LVL334:
 489:Drivers/STM32G4xx_HAL_Driver/Src/stm32g4xx_ll_usb.c ****           }
 2839              		.loc 1 489 13 view .LVU976
 2840 021e B3B2     		uxth	r3, r6
 2841 0220 2289     		ldrh	r2, [r4, #8]
 2842 0222 6169     		ldr	r1, [r4, #20]
 2843 0224 2846     		mov	r0, r5
 2844 0226 FFF7FEFF 		bl	USB_WritePMA
 2845              	.LVL335:
 489:Drivers/STM32G4xx_HAL_Driver/Src/stm32g4xx_ll_usb.c ****           }
 2846              		.loc 1 489 13 is_stmt 0 view .LVU977
 2847 022a 46E7     		b	.L95
 2848              	.L156:
 485:Drivers/STM32G4xx_HAL_Driver/Src/stm32g4xx_ll_usb.c ****             pmabuffer = ep->pmaaddr0;
 2849              		.loc 1 485 13 is_stmt 1 discriminator 12 view .LVU978
 2850              	.LBB95:
 485:Drivers/STM32G4xx_HAL_Driver/Src/stm32g4xx_ll_usb.c ****             pmabuffer = ep->pmaaddr0;
 2851              		.loc 1 485 13 discriminator 12 view .LVU979
 2852              	.LVL336:
 485:Drivers/STM32G4xx_HAL_Driver/Src/stm32g4xx_ll_usb.c ****             pmabuffer = ep->pmaaddr0;
ARM GAS  /tmp/ccZui67l.s 			page 73


 2853              		.loc 1 485 13 discriminator 12 view .LVU980
 485:Drivers/STM32G4xx_HAL_Driver/Src/stm32g4xx_ll_usb.c ****             pmabuffer = ep->pmaaddr0;
 2854              		.loc 1 485 13 discriminator 12 view .LVU981
 2855 022c B5F85030 		ldrh	r3, [r5, #80]
 2856 0230 2B44     		add	r3, r3, r5
 2857              	.LVL337:
 485:Drivers/STM32G4xx_HAL_Driver/Src/stm32g4xx_ll_usb.c ****             pmabuffer = ep->pmaaddr0;
 2858              		.loc 1 485 13 discriminator 12 view .LVU982
 2859 0232 2278     		ldrb	r2, [r4]	@ zero_extendqisi2
 2860 0234 03EBC203 		add	r3, r3, r2, lsl #3
 2861              	.LVL338:
 485:Drivers/STM32G4xx_HAL_Driver/Src/stm32g4xx_ll_usb.c ****             pmabuffer = ep->pmaaddr0;
 2862              		.loc 1 485 13 discriminator 12 view .LVU983
 2863 0238 A3F80264 		strh	r6, [r3, #1026]	@ movhi
 2864 023c EFE7     		b	.L109
 2865              	.LVL339:
 2866              	.L98:
 485:Drivers/STM32G4xx_HAL_Driver/Src/stm32g4xx_ll_usb.c ****             pmabuffer = ep->pmaaddr0;
 2867              		.loc 1 485 13 is_stmt 0 discriminator 12 view .LVU984
 2868              	.LBE95:
 494:Drivers/STM32G4xx_HAL_Driver/Src/stm32g4xx_ll_usb.c ****             pmabuffer = ep->pmaaddr0;
 2869              		.loc 1 494 13 is_stmt 1 view .LVU985
 494:Drivers/STM32G4xx_HAL_Driver/Src/stm32g4xx_ll_usb.c ****             pmabuffer = ep->pmaaddr0;
 2870              		.loc 1 494 13 view .LVU986
 2871 023e 6278     		ldrb	r2, [r4, #1]	@ zero_extendqisi2
 2872 0240 82BB     		cbnz	r2, .L113
 494:Drivers/STM32G4xx_HAL_Driver/Src/stm32g4xx_ll_usb.c ****             pmabuffer = ep->pmaaddr0;
 2873              		.loc 1 494 13 discriminator 1 view .LVU987
 2874              	.LBB96:
 494:Drivers/STM32G4xx_HAL_Driver/Src/stm32g4xx_ll_usb.c ****             pmabuffer = ep->pmaaddr0;
 2875              		.loc 1 494 13 discriminator 1 view .LVU988
 2876              	.LVL340:
 494:Drivers/STM32G4xx_HAL_Driver/Src/stm32g4xx_ll_usb.c ****             pmabuffer = ep->pmaaddr0;
 2877              		.loc 1 494 13 discriminator 1 view .LVU989
 494:Drivers/STM32G4xx_HAL_Driver/Src/stm32g4xx_ll_usb.c ****             pmabuffer = ep->pmaaddr0;
 2878              		.loc 1 494 13 discriminator 1 view .LVU990
 2879 0242 B5F85020 		ldrh	r2, [r5, #80]
 2880 0246 2A44     		add	r2, r2, r5
 2881              	.LVL341:
 494:Drivers/STM32G4xx_HAL_Driver/Src/stm32g4xx_ll_usb.c ****             pmabuffer = ep->pmaaddr0;
 2882              		.loc 1 494 13 discriminator 1 view .LVU991
 2883 0248 02EBC303 		add	r3, r2, r3, lsl #3
 2884              	.LVL342:
 494:Drivers/STM32G4xx_HAL_Driver/Src/stm32g4xx_ll_usb.c ****             pmabuffer = ep->pmaaddr0;
 2885              		.loc 1 494 13 discriminator 1 view .LVU992
 2886              	.LBB97:
 494:Drivers/STM32G4xx_HAL_Driver/Src/stm32g4xx_ll_usb.c ****             pmabuffer = ep->pmaaddr0;
 2887              		.loc 1 494 13 discriminator 1 view .LVU993
 494:Drivers/STM32G4xx_HAL_Driver/Src/stm32g4xx_ll_usb.c ****             pmabuffer = ep->pmaaddr0;
 2888              		.loc 1 494 13 discriminator 1 view .LVU994
 2889 024c B3F80224 		ldrh	r2, [r3, #1026]
 2890              	.LVL343:
 494:Drivers/STM32G4xx_HAL_Driver/Src/stm32g4xx_ll_usb.c ****             pmabuffer = ep->pmaaddr0;
 2891              		.loc 1 494 13 is_stmt 0 discriminator 1 view .LVU995
 2892 0250 C2F30902 		ubfx	r2, r2, #0, #10
 2893 0254 A3F80224 		strh	r2, [r3, #1026]	@ movhi
 494:Drivers/STM32G4xx_HAL_Driver/Src/stm32g4xx_ll_usb.c ****             pmabuffer = ep->pmaaddr0;
ARM GAS  /tmp/ccZui67l.s 			page 74


 2894              		.loc 1 494 13 is_stmt 1 discriminator 1 view .LVU996
 2895 0258 36B9     		cbnz	r6, .L114
 494:Drivers/STM32G4xx_HAL_Driver/Src/stm32g4xx_ll_usb.c ****             pmabuffer = ep->pmaaddr0;
 2896              		.loc 1 494 13 discriminator 2 view .LVU997
 2897 025a B3F80224 		ldrh	r2, [r3, #1026]
 2898 025e 42F40042 		orr	r2, r2, #32768
 2899 0262 A3F80224 		strh	r2, [r3, #1026]	@ movhi
 2900 0266 1FE0     		b	.L115
 2901              	.L114:
 494:Drivers/STM32G4xx_HAL_Driver/Src/stm32g4xx_ll_usb.c ****             pmabuffer = ep->pmaaddr0;
 2902              		.loc 1 494 13 discriminator 3 view .LVU998
 2903 0268 3E2E     		cmp	r6, #62
 2904 026a 0CD8     		bhi	.L116
 494:Drivers/STM32G4xx_HAL_Driver/Src/stm32g4xx_ll_usb.c ****             pmabuffer = ep->pmaaddr0;
 2905              		.loc 1 494 13 discriminator 4 view .LVU999
 494:Drivers/STM32G4xx_HAL_Driver/Src/stm32g4xx_ll_usb.c ****             pmabuffer = ep->pmaaddr0;
 2906              		.loc 1 494 13 discriminator 4 view .LVU1000
 2907 026c 7208     		lsrs	r2, r6, #1
 2908              	.LVL344:
 494:Drivers/STM32G4xx_HAL_Driver/Src/stm32g4xx_ll_usb.c ****             pmabuffer = ep->pmaaddr0;
 2909              		.loc 1 494 13 discriminator 4 view .LVU1001
 2910 026e 16F0010F 		tst	r6, #1
 2911 0272 00D0     		beq	.L117
 494:Drivers/STM32G4xx_HAL_Driver/Src/stm32g4xx_ll_usb.c ****             pmabuffer = ep->pmaaddr0;
 2912              		.loc 1 494 13 discriminator 5 view .LVU1002
 2913 0274 0132     		adds	r2, r2, #1
 2914              	.LVL345:
 2915              	.L117:
 494:Drivers/STM32G4xx_HAL_Driver/Src/stm32g4xx_ll_usb.c ****             pmabuffer = ep->pmaaddr0;
 2916              		.loc 1 494 13 discriminator 6 view .LVU1003
 2917 0276 B3F80214 		ldrh	r1, [r3, #1026]
 2918 027a 9202     		lsls	r2, r2, #10
 2919              	.LVL346:
 494:Drivers/STM32G4xx_HAL_Driver/Src/stm32g4xx_ll_usb.c ****             pmabuffer = ep->pmaaddr0;
 2920              		.loc 1 494 13 is_stmt 0 discriminator 6 view .LVU1004
 2921 027c 92B2     		uxth	r2, r2
 2922 027e 0A43     		orrs	r2, r2, r1
 2923 0280 A3F80224 		strh	r2, [r3, #1026]	@ movhi
 494:Drivers/STM32G4xx_HAL_Driver/Src/stm32g4xx_ll_usb.c ****             pmabuffer = ep->pmaaddr0;
 2924              		.loc 1 494 13 is_stmt 1 discriminator 6 view .LVU1005
 2925 0284 10E0     		b	.L115
 2926              	.LVL347:
 2927              	.L116:
 494:Drivers/STM32G4xx_HAL_Driver/Src/stm32g4xx_ll_usb.c ****             pmabuffer = ep->pmaaddr0;
 2928              		.loc 1 494 13 discriminator 7 view .LVU1006
 494:Drivers/STM32G4xx_HAL_Driver/Src/stm32g4xx_ll_usb.c ****             pmabuffer = ep->pmaaddr0;
 2929              		.loc 1 494 13 discriminator 7 view .LVU1007
 2930 0286 7209     		lsrs	r2, r6, #5
 2931              	.LVL348:
 494:Drivers/STM32G4xx_HAL_Driver/Src/stm32g4xx_ll_usb.c ****             pmabuffer = ep->pmaaddr0;
 2932              		.loc 1 494 13 discriminator 7 view .LVU1008
 2933 0288 16F01F0F 		tst	r6, #31
 2934 028c 00D1     		bne	.L118
 494:Drivers/STM32G4xx_HAL_Driver/Src/stm32g4xx_ll_usb.c ****             pmabuffer = ep->pmaaddr0;
 2935              		.loc 1 494 13 discriminator 8 view .LVU1009
 2936 028e 013A     		subs	r2, r2, #1
 2937              	.LVL349:
ARM GAS  /tmp/ccZui67l.s 			page 75


 2938              	.L118:
 494:Drivers/STM32G4xx_HAL_Driver/Src/stm32g4xx_ll_usb.c ****             pmabuffer = ep->pmaaddr0;
 2939              		.loc 1 494 13 discriminator 9 view .LVU1010
 2940 0290 B3F80214 		ldrh	r1, [r3, #1026]
 2941 0294 9202     		lsls	r2, r2, #10
 2942              	.LVL350:
 494:Drivers/STM32G4xx_HAL_Driver/Src/stm32g4xx_ll_usb.c ****             pmabuffer = ep->pmaaddr0;
 2943              		.loc 1 494 13 is_stmt 0 discriminator 9 view .LVU1011
 2944 0296 92B2     		uxth	r2, r2
 2945 0298 0A43     		orrs	r2, r2, r1
 2946 029a 42F40042 		orr	r2, r2, #32768
 2947 029e A3F80224 		strh	r2, [r3, #1026]	@ movhi
 2948 02a2 01E0     		b	.L115
 2949              	.LVL351:
 2950              	.L113:
 494:Drivers/STM32G4xx_HAL_Driver/Src/stm32g4xx_ll_usb.c ****             pmabuffer = ep->pmaaddr0;
 2951              		.loc 1 494 13 discriminator 9 view .LVU1012
 2952              	.LBE97:
 2953              	.LBE96:
 494:Drivers/STM32G4xx_HAL_Driver/Src/stm32g4xx_ll_usb.c ****             pmabuffer = ep->pmaaddr0;
 2954              		.loc 1 494 13 is_stmt 1 discriminator 11 view .LVU1013
 2955 02a4 012A     		cmp	r2, #1
 2956 02a6 25D0     		beq	.L157
 2957              	.L115:
 494:Drivers/STM32G4xx_HAL_Driver/Src/stm32g4xx_ll_usb.c ****             pmabuffer = ep->pmaaddr0;
 2958              		.loc 1 494 13 discriminator 13 view .LVU1014
 494:Drivers/STM32G4xx_HAL_Driver/Src/stm32g4xx_ll_usb.c ****             pmabuffer = ep->pmaaddr0;
 2959              		.loc 1 494 13 discriminator 13 view .LVU1015
 495:Drivers/STM32G4xx_HAL_Driver/Src/stm32g4xx_ll_usb.c **** 
 2960              		.loc 1 495 13 view .LVU1016
 2961              	.LVL352:
 498:Drivers/STM32G4xx_HAL_Driver/Src/stm32g4xx_ll_usb.c ****             ep->xfer_buff += len;
 2962              		.loc 1 498 13 view .LVU1017
 2963 02a8 B3B2     		uxth	r3, r6
 2964 02aa 2289     		ldrh	r2, [r4, #8]
 2965 02ac 6169     		ldr	r1, [r4, #20]
 2966 02ae 2846     		mov	r0, r5
 2967              	.LVL353:
 498:Drivers/STM32G4xx_HAL_Driver/Src/stm32g4xx_ll_usb.c ****             ep->xfer_buff += len;
 2968              		.loc 1 498 13 is_stmt 0 view .LVU1018
 2969 02b0 FFF7FEFF 		bl	USB_WritePMA
 2970              	.LVL354:
 499:Drivers/STM32G4xx_HAL_Driver/Src/stm32g4xx_ll_usb.c **** 
 2971              		.loc 1 499 13 is_stmt 1 view .LVU1019
 499:Drivers/STM32G4xx_HAL_Driver/Src/stm32g4xx_ll_usb.c **** 
 2972              		.loc 1 499 15 is_stmt 0 view .LVU1020
 2973 02b4 6369     		ldr	r3, [r4, #20]
 499:Drivers/STM32G4xx_HAL_Driver/Src/stm32g4xx_ll_usb.c **** 
 2974              		.loc 1 499 27 view .LVU1021
 2975 02b6 3344     		add	r3, r3, r6
 2976 02b8 6361     		str	r3, [r4, #20]
 501:Drivers/STM32G4xx_HAL_Driver/Src/stm32g4xx_ll_usb.c ****             {
 2977              		.loc 1 501 13 is_stmt 1 view .LVU1022
 501:Drivers/STM32G4xx_HAL_Driver/Src/stm32g4xx_ll_usb.c ****             {
 2978              		.loc 1 501 19 is_stmt 0 view .LVU1023
 2979 02ba 236A     		ldr	r3, [r4, #32]
 501:Drivers/STM32G4xx_HAL_Driver/Src/stm32g4xx_ll_usb.c ****             {
ARM GAS  /tmp/ccZui67l.s 			page 76


 2980              		.loc 1 501 37 view .LVU1024
 2981 02bc 2269     		ldr	r2, [r4, #16]
 501:Drivers/STM32G4xx_HAL_Driver/Src/stm32g4xx_ll_usb.c ****             {
 2982              		.loc 1 501 16 view .LVU1025
 2983 02be 9342     		cmp	r3, r2
 2984 02c0 20D9     		bls	.L119
 503:Drivers/STM32G4xx_HAL_Driver/Src/stm32g4xx_ll_usb.c ****             }
 2985              		.loc 1 503 15 is_stmt 1 view .LVU1026
 503:Drivers/STM32G4xx_HAL_Driver/Src/stm32g4xx_ll_usb.c ****             }
 2986              		.loc 1 503 31 is_stmt 0 view .LVU1027
 2987 02c2 9B1B     		subs	r3, r3, r6
 2988 02c4 2362     		str	r3, [r4, #32]
 2989              	.L120:
 512:Drivers/STM32G4xx_HAL_Driver/Src/stm32g4xx_ll_usb.c ****             pmabuffer = ep->pmaaddr1;
 2990              		.loc 1 512 13 is_stmt 1 view .LVU1028
 2991              	.LBB98:
 512:Drivers/STM32G4xx_HAL_Driver/Src/stm32g4xx_ll_usb.c ****             pmabuffer = ep->pmaaddr1;
 2992              		.loc 1 512 13 view .LVU1029
 2993              	.LVL355:
 512:Drivers/STM32G4xx_HAL_Driver/Src/stm32g4xx_ll_usb.c ****             pmabuffer = ep->pmaaddr1;
 2994              		.loc 1 512 13 view .LVU1030
 512:Drivers/STM32G4xx_HAL_Driver/Src/stm32g4xx_ll_usb.c ****             pmabuffer = ep->pmaaddr1;
 2995              		.loc 1 512 13 view .LVU1031
 2996 02c6 6378     		ldrb	r3, [r4, #1]	@ zero_extendqisi2
 2997 02c8 002B     		cmp	r3, #0
 2998 02ca 3DD1     		bne	.L121
 512:Drivers/STM32G4xx_HAL_Driver/Src/stm32g4xx_ll_usb.c ****             pmabuffer = ep->pmaaddr1;
 2999              		.loc 1 512 13 discriminator 1 view .LVU1032
 3000              	.LBB99:
 512:Drivers/STM32G4xx_HAL_Driver/Src/stm32g4xx_ll_usb.c ****             pmabuffer = ep->pmaaddr1;
 3001              		.loc 1 512 13 discriminator 1 view .LVU1033
 3002              	.LVL356:
 512:Drivers/STM32G4xx_HAL_Driver/Src/stm32g4xx_ll_usb.c ****             pmabuffer = ep->pmaaddr1;
 3003              		.loc 1 512 13 discriminator 1 view .LVU1034
 512:Drivers/STM32G4xx_HAL_Driver/Src/stm32g4xx_ll_usb.c ****             pmabuffer = ep->pmaaddr1;
 3004              		.loc 1 512 13 discriminator 1 view .LVU1035
 3005 02cc B5F85030 		ldrh	r3, [r5, #80]
 3006 02d0 2B44     		add	r3, r3, r5
 3007              	.LVL357:
 512:Drivers/STM32G4xx_HAL_Driver/Src/stm32g4xx_ll_usb.c ****             pmabuffer = ep->pmaaddr1;
 3008              		.loc 1 512 13 discriminator 1 view .LVU1036
 3009 02d2 2278     		ldrb	r2, [r4]	@ zero_extendqisi2
 3010 02d4 03EBC203 		add	r3, r3, r2, lsl #3
 3011              	.LVL358:
 512:Drivers/STM32G4xx_HAL_Driver/Src/stm32g4xx_ll_usb.c ****             pmabuffer = ep->pmaaddr1;
 3012              		.loc 1 512 13 discriminator 1 view .LVU1037
 3013              	.LBB100:
 512:Drivers/STM32G4xx_HAL_Driver/Src/stm32g4xx_ll_usb.c ****             pmabuffer = ep->pmaaddr1;
 3014              		.loc 1 512 13 discriminator 1 view .LVU1038
 512:Drivers/STM32G4xx_HAL_Driver/Src/stm32g4xx_ll_usb.c ****             pmabuffer = ep->pmaaddr1;
 3015              		.loc 1 512 13 discriminator 1 view .LVU1039
 3016 02d8 B3F80624 		ldrh	r2, [r3, #1030]
 3017 02dc C2F30902 		ubfx	r2, r2, #0, #10
 3018 02e0 A3F80624 		strh	r2, [r3, #1030]	@ movhi
 512:Drivers/STM32G4xx_HAL_Driver/Src/stm32g4xx_ll_usb.c ****             pmabuffer = ep->pmaaddr1;
 3019              		.loc 1 512 13 discriminator 1 view .LVU1040
 3020 02e4 96B9     		cbnz	r6, .L122
ARM GAS  /tmp/ccZui67l.s 			page 77


 512:Drivers/STM32G4xx_HAL_Driver/Src/stm32g4xx_ll_usb.c ****             pmabuffer = ep->pmaaddr1;
 3021              		.loc 1 512 13 discriminator 2 view .LVU1041
 3022 02e6 B3F80624 		ldrh	r2, [r3, #1030]
 3023 02ea 42F40042 		orr	r2, r2, #32768
 3024 02ee A3F80624 		strh	r2, [r3, #1030]	@ movhi
 3025 02f2 2BE0     		b	.L123
 3026              	.LVL359:
 3027              	.L157:
 512:Drivers/STM32G4xx_HAL_Driver/Src/stm32g4xx_ll_usb.c ****             pmabuffer = ep->pmaaddr1;
 3028              		.loc 1 512 13 is_stmt 0 discriminator 2 view .LVU1042
 3029              	.LBE100:
 3030              	.LBE99:
 3031              	.LBE98:
 494:Drivers/STM32G4xx_HAL_Driver/Src/stm32g4xx_ll_usb.c ****             pmabuffer = ep->pmaaddr0;
 3032              		.loc 1 494 13 is_stmt 1 discriminator 12 view .LVU1043
 3033              	.LBB103:
 494:Drivers/STM32G4xx_HAL_Driver/Src/stm32g4xx_ll_usb.c ****             pmabuffer = ep->pmaaddr0;
 3034              		.loc 1 494 13 discriminator 12 view .LVU1044
 494:Drivers/STM32G4xx_HAL_Driver/Src/stm32g4xx_ll_usb.c ****             pmabuffer = ep->pmaaddr0;
 3035              		.loc 1 494 13 discriminator 12 view .LVU1045
 494:Drivers/STM32G4xx_HAL_Driver/Src/stm32g4xx_ll_usb.c ****             pmabuffer = ep->pmaaddr0;
 3036              		.loc 1 494 13 discriminator 12 view .LVU1046
 3037 02f4 B5F85020 		ldrh	r2, [r5, #80]
 3038 02f8 2A44     		add	r2, r2, r5
 3039              	.LVL360:
 494:Drivers/STM32G4xx_HAL_Driver/Src/stm32g4xx_ll_usb.c ****             pmabuffer = ep->pmaaddr0;
 3040              		.loc 1 494 13 discriminator 12 view .LVU1047
 3041 02fa 02EBC303 		add	r3, r2, r3, lsl #3
 3042              	.LVL361:
 494:Drivers/STM32G4xx_HAL_Driver/Src/stm32g4xx_ll_usb.c ****             pmabuffer = ep->pmaaddr0;
 3043              		.loc 1 494 13 discriminator 12 view .LVU1048
 3044 02fe A3F80264 		strh	r6, [r3, #1026]	@ movhi
 3045 0302 D1E7     		b	.L115
 3046              	.LVL362:
 3047              	.L119:
 494:Drivers/STM32G4xx_HAL_Driver/Src/stm32g4xx_ll_usb.c ****             pmabuffer = ep->pmaaddr0;
 3048              		.loc 1 494 13 is_stmt 0 discriminator 12 view .LVU1049
 3049              	.LBE103:
 507:Drivers/STM32G4xx_HAL_Driver/Src/stm32g4xx_ll_usb.c ****               ep->xfer_len_db = 0U;
 3050              		.loc 1 507 15 is_stmt 1 view .LVU1050
 508:Drivers/STM32G4xx_HAL_Driver/Src/stm32g4xx_ll_usb.c ****             }
 3051              		.loc 1 508 15 view .LVU1051
 508:Drivers/STM32G4xx_HAL_Driver/Src/stm32g4xx_ll_usb.c ****             }
 3052              		.loc 1 508 31 is_stmt 0 view .LVU1052
 3053 0304 0022     		movs	r2, #0
 3054 0306 2262     		str	r2, [r4, #32]
 507:Drivers/STM32G4xx_HAL_Driver/Src/stm32g4xx_ll_usb.c ****               ep->xfer_len_db = 0U;
 3055              		.loc 1 507 19 view .LVU1053
 3056 0308 1E46     		mov	r6, r3
 3057 030a DCE7     		b	.L120
 3058              	.LVL363:
 3059              	.L122:
 3060              	.LBB104:
 3061              	.LBB102:
 3062              	.LBB101:
 512:Drivers/STM32G4xx_HAL_Driver/Src/stm32g4xx_ll_usb.c ****             pmabuffer = ep->pmaaddr1;
 3063              		.loc 1 512 13 is_stmt 1 discriminator 3 view .LVU1054
ARM GAS  /tmp/ccZui67l.s 			page 78


 3064 030c 3E2E     		cmp	r6, #62
 3065 030e 0CD8     		bhi	.L124
 512:Drivers/STM32G4xx_HAL_Driver/Src/stm32g4xx_ll_usb.c ****             pmabuffer = ep->pmaaddr1;
 3066              		.loc 1 512 13 discriminator 4 view .LVU1055
 512:Drivers/STM32G4xx_HAL_Driver/Src/stm32g4xx_ll_usb.c ****             pmabuffer = ep->pmaaddr1;
 3067              		.loc 1 512 13 discriminator 4 view .LVU1056
 3068 0310 7208     		lsrs	r2, r6, #1
 3069              	.LVL364:
 512:Drivers/STM32G4xx_HAL_Driver/Src/stm32g4xx_ll_usb.c ****             pmabuffer = ep->pmaaddr1;
 3070              		.loc 1 512 13 discriminator 4 view .LVU1057
 3071 0312 16F0010F 		tst	r6, #1
 3072 0316 00D0     		beq	.L125
 512:Drivers/STM32G4xx_HAL_Driver/Src/stm32g4xx_ll_usb.c ****             pmabuffer = ep->pmaaddr1;
 3073              		.loc 1 512 13 discriminator 5 view .LVU1058
 3074 0318 0132     		adds	r2, r2, #1
 3075              	.LVL365:
 3076              	.L125:
 512:Drivers/STM32G4xx_HAL_Driver/Src/stm32g4xx_ll_usb.c ****             pmabuffer = ep->pmaaddr1;
 3077              		.loc 1 512 13 discriminator 6 view .LVU1059
 3078 031a B3F80614 		ldrh	r1, [r3, #1030]
 3079 031e 9202     		lsls	r2, r2, #10
 3080              	.LVL366:
 512:Drivers/STM32G4xx_HAL_Driver/Src/stm32g4xx_ll_usb.c ****             pmabuffer = ep->pmaaddr1;
 3081              		.loc 1 512 13 is_stmt 0 discriminator 6 view .LVU1060
 3082 0320 92B2     		uxth	r2, r2
 3083 0322 0A43     		orrs	r2, r2, r1
 3084 0324 A3F80624 		strh	r2, [r3, #1030]	@ movhi
 512:Drivers/STM32G4xx_HAL_Driver/Src/stm32g4xx_ll_usb.c ****             pmabuffer = ep->pmaaddr1;
 3085              		.loc 1 512 13 is_stmt 1 discriminator 6 view .LVU1061
 3086 0328 10E0     		b	.L123
 3087              	.LVL367:
 3088              	.L124:
 512:Drivers/STM32G4xx_HAL_Driver/Src/stm32g4xx_ll_usb.c ****             pmabuffer = ep->pmaaddr1;
 3089              		.loc 1 512 13 discriminator 7 view .LVU1062
 512:Drivers/STM32G4xx_HAL_Driver/Src/stm32g4xx_ll_usb.c ****             pmabuffer = ep->pmaaddr1;
 3090              		.loc 1 512 13 discriminator 7 view .LVU1063
 3091 032a 7209     		lsrs	r2, r6, #5
 3092              	.LVL368:
 512:Drivers/STM32G4xx_HAL_Driver/Src/stm32g4xx_ll_usb.c ****             pmabuffer = ep->pmaaddr1;
 3093              		.loc 1 512 13 discriminator 7 view .LVU1064
 3094 032c 16F01F0F 		tst	r6, #31
 3095 0330 00D1     		bne	.L126
 512:Drivers/STM32G4xx_HAL_Driver/Src/stm32g4xx_ll_usb.c ****             pmabuffer = ep->pmaaddr1;
 3096              		.loc 1 512 13 discriminator 8 view .LVU1065
 3097 0332 013A     		subs	r2, r2, #1
 3098              	.LVL369:
 3099              	.L126:
 512:Drivers/STM32G4xx_HAL_Driver/Src/stm32g4xx_ll_usb.c ****             pmabuffer = ep->pmaaddr1;
 3100              		.loc 1 512 13 discriminator 9 view .LVU1066
 3101 0334 B3F80614 		ldrh	r1, [r3, #1030]
 3102 0338 9202     		lsls	r2, r2, #10
 3103              	.LVL370:
 512:Drivers/STM32G4xx_HAL_Driver/Src/stm32g4xx_ll_usb.c ****             pmabuffer = ep->pmaaddr1;
 3104              		.loc 1 512 13 is_stmt 0 discriminator 9 view .LVU1067
 3105 033a 92B2     		uxth	r2, r2
 3106 033c 0A43     		orrs	r2, r2, r1
 3107 033e 42F40042 		orr	r2, r2, #32768
ARM GAS  /tmp/ccZui67l.s 			page 79


 3108 0342 A3F80624 		strh	r2, [r3, #1030]	@ movhi
 3109 0346 01E0     		b	.L123
 3110              	.LVL371:
 3111              	.L121:
 512:Drivers/STM32G4xx_HAL_Driver/Src/stm32g4xx_ll_usb.c ****             pmabuffer = ep->pmaaddr1;
 3112              		.loc 1 512 13 discriminator 9 view .LVU1068
 3113              	.LBE101:
 3114              	.LBE102:
 512:Drivers/STM32G4xx_HAL_Driver/Src/stm32g4xx_ll_usb.c ****             pmabuffer = ep->pmaaddr1;
 3115              		.loc 1 512 13 is_stmt 1 discriminator 11 view .LVU1069
 3116 0348 012B     		cmp	r3, #1
 3117 034a 06D0     		beq	.L158
 3118              	.LVL372:
 3119              	.L123:
 512:Drivers/STM32G4xx_HAL_Driver/Src/stm32g4xx_ll_usb.c ****             pmabuffer = ep->pmaaddr1;
 3120              		.loc 1 512 13 is_stmt 0 discriminator 11 view .LVU1070
 3121              	.LBE104:
 512:Drivers/STM32G4xx_HAL_Driver/Src/stm32g4xx_ll_usb.c ****             pmabuffer = ep->pmaaddr1;
 3122              		.loc 1 512 13 is_stmt 1 discriminator 13 view .LVU1071
 513:Drivers/STM32G4xx_HAL_Driver/Src/stm32g4xx_ll_usb.c **** 
 3123              		.loc 1 513 13 view .LVU1072
 516:Drivers/STM32G4xx_HAL_Driver/Src/stm32g4xx_ll_usb.c ****           }
 3124              		.loc 1 516 13 view .LVU1073
 3125 034c B3B2     		uxth	r3, r6
 3126 034e 6289     		ldrh	r2, [r4, #10]
 3127 0350 6169     		ldr	r1, [r4, #20]
 3128 0352 2846     		mov	r0, r5
 3129 0354 FFF7FEFF 		bl	USB_WritePMA
 3130              	.LVL373:
 516:Drivers/STM32G4xx_HAL_Driver/Src/stm32g4xx_ll_usb.c ****           }
 3131              		.loc 1 516 13 is_stmt 0 view .LVU1074
 3132 0358 AFE6     		b	.L95
 3133              	.LVL374:
 3134              	.L158:
 3135              	.LBB105:
 512:Drivers/STM32G4xx_HAL_Driver/Src/stm32g4xx_ll_usb.c ****             pmabuffer = ep->pmaaddr1;
 3136              		.loc 1 512 13 is_stmt 1 discriminator 12 view .LVU1075
 3137 035a B5F85030 		ldrh	r3, [r5, #80]
 3138 035e 2B44     		add	r3, r3, r5
 3139              	.LVL375:
 512:Drivers/STM32G4xx_HAL_Driver/Src/stm32g4xx_ll_usb.c ****             pmabuffer = ep->pmaaddr1;
 3140              		.loc 1 512 13 discriminator 12 view .LVU1076
 3141 0360 2278     		ldrb	r2, [r4]	@ zero_extendqisi2
 3142 0362 03EBC203 		add	r3, r3, r2, lsl #3
 3143              	.LVL376:
 512:Drivers/STM32G4xx_HAL_Driver/Src/stm32g4xx_ll_usb.c ****             pmabuffer = ep->pmaaddr1;
 3144              		.loc 1 512 13 discriminator 12 view .LVU1077
 3145 0366 A3F80664 		strh	r6, [r3, #1030]	@ movhi
 3146 036a EFE7     		b	.L123
 3147              	.LVL377:
 3148              	.L97:
 512:Drivers/STM32G4xx_HAL_Driver/Src/stm32g4xx_ll_usb.c ****             pmabuffer = ep->pmaaddr1;
 3149              		.loc 1 512 13 is_stmt 0 discriminator 12 view .LVU1078
 3150              	.LBE105:
 522:Drivers/STM32G4xx_HAL_Driver/Src/stm32g4xx_ll_usb.c **** 
 3151              		.loc 1 522 11 is_stmt 1 view .LVU1079
 525:Drivers/STM32G4xx_HAL_Driver/Src/stm32g4xx_ll_usb.c **** 
ARM GAS  /tmp/ccZui67l.s 			page 80


 3152              		.loc 1 525 11 view .LVU1080
 3153              	.LBB106:
 525:Drivers/STM32G4xx_HAL_Driver/Src/stm32g4xx_ll_usb.c **** 
 3154              		.loc 1 525 11 view .LVU1081
 525:Drivers/STM32G4xx_HAL_Driver/Src/stm32g4xx_ll_usb.c **** 
 3155              		.loc 1 525 11 view .LVU1082
 3156 036c 2178     		ldrb	r1, [r4]	@ zero_extendqisi2
 3157 036e 35F82120 		ldrh	r2, [r5, r1, lsl #2]
 3158 0372 22F4E242 		bic	r2, r2, #28928
 3159 0376 22F07002 		bic	r2, r2, #112
 3160              	.LVL378:
 525:Drivers/STM32G4xx_HAL_Driver/Src/stm32g4xx_ll_usb.c **** 
 3161              		.loc 1 525 11 view .LVU1083
 3162 037a 42F40042 		orr	r2, r2, #32768
 3163              	.LVL379:
 525:Drivers/STM32G4xx_HAL_Driver/Src/stm32g4xx_ll_usb.c **** 
 3164              		.loc 1 525 11 is_stmt 0 view .LVU1084
 3165 037e 42F08002 		orr	r2, r2, #128
 3166 0382 25F82120 		strh	r2, [r5, r1, lsl #2]	@ movhi
 3167              	.LBE106:
 525:Drivers/STM32G4xx_HAL_Driver/Src/stm32g4xx_ll_usb.c **** 
 3168              		.loc 1 525 11 is_stmt 1 view .LVU1085
 528:Drivers/STM32G4xx_HAL_Driver/Src/stm32g4xx_ll_usb.c ****           pmabuffer = ep->pmaaddr0;
 3169              		.loc 1 528 11 view .LVU1086
 3170              	.LBB107:
 528:Drivers/STM32G4xx_HAL_Driver/Src/stm32g4xx_ll_usb.c ****           pmabuffer = ep->pmaaddr0;
 3171              		.loc 1 528 11 view .LVU1087
 3172              	.LVL380:
 528:Drivers/STM32G4xx_HAL_Driver/Src/stm32g4xx_ll_usb.c ****           pmabuffer = ep->pmaaddr0;
 3173              		.loc 1 528 11 view .LVU1088
 528:Drivers/STM32G4xx_HAL_Driver/Src/stm32g4xx_ll_usb.c ****           pmabuffer = ep->pmaaddr0;
 3174              		.loc 1 528 11 view .LVU1089
 3175 0386 B5F85020 		ldrh	r2, [r5, #80]
 3176 038a 2A44     		add	r2, r2, r5
 3177              	.LVL381:
 528:Drivers/STM32G4xx_HAL_Driver/Src/stm32g4xx_ll_usb.c ****           pmabuffer = ep->pmaaddr0;
 3178              		.loc 1 528 11 view .LVU1090
 3179 038c 2178     		ldrb	r1, [r4]	@ zero_extendqisi2
 3180 038e 02EBC102 		add	r2, r2, r1, lsl #3
 3181              	.LVL382:
 528:Drivers/STM32G4xx_HAL_Driver/Src/stm32g4xx_ll_usb.c ****           pmabuffer = ep->pmaaddr0;
 3182              		.loc 1 528 11 view .LVU1091
 3183 0392 9BB2     		uxth	r3, r3
 3184              	.LVL383:
 528:Drivers/STM32G4xx_HAL_Driver/Src/stm32g4xx_ll_usb.c ****           pmabuffer = ep->pmaaddr0;
 3185              		.loc 1 528 11 is_stmt 0 view .LVU1092
 3186 0394 A2F80234 		strh	r3, [r2, #1026]	@ movhi
 3187              	.LBE107:
 528:Drivers/STM32G4xx_HAL_Driver/Src/stm32g4xx_ll_usb.c ****           pmabuffer = ep->pmaaddr0;
 3188              		.loc 1 528 11 is_stmt 1 view .LVU1093
 529:Drivers/STM32G4xx_HAL_Driver/Src/stm32g4xx_ll_usb.c **** 
 3189              		.loc 1 529 11 view .LVU1094
 3190              	.LVL384:
 532:Drivers/STM32G4xx_HAL_Driver/Src/stm32g4xx_ll_usb.c ****         }
 3191              		.loc 1 532 11 view .LVU1095
 3192 0398 2289     		ldrh	r2, [r4, #8]
 3193              	.LVL385:
ARM GAS  /tmp/ccZui67l.s 			page 81


 532:Drivers/STM32G4xx_HAL_Driver/Src/stm32g4xx_ll_usb.c ****         }
 3194              		.loc 1 532 11 is_stmt 0 view .LVU1096
 3195 039a 6169     		ldr	r1, [r4, #20]
 532:Drivers/STM32G4xx_HAL_Driver/Src/stm32g4xx_ll_usb.c ****         }
 3196              		.loc 1 532 11 view .LVU1097
 3197 039c 2846     		mov	r0, r5
 3198              	.LVL386:
 532:Drivers/STM32G4xx_HAL_Driver/Src/stm32g4xx_ll_usb.c ****         }
 3199              		.loc 1 532 11 view .LVU1098
 3200 039e FFF7FEFF 		bl	USB_WritePMA
 3201              	.LVL387:
 532:Drivers/STM32G4xx_HAL_Driver/Src/stm32g4xx_ll_usb.c ****         }
 3202              		.loc 1 532 11 view .LVU1099
 3203 03a2 8AE6     		b	.L95
 3204              	.LVL388:
 3205              	.L129:
 3206              	.LBB108:
 3207              	.LBB83:
 3208              	.LBB82:
 544:Drivers/STM32G4xx_HAL_Driver/Src/stm32g4xx_ll_usb.c ****           pmabuffer = ep->pmaaddr1;
 3209              		.loc 1 544 11 is_stmt 1 discriminator 3 view .LVU1100
 3210 03a4 3E2E     		cmp	r6, #62
 3211 03a6 0CD8     		bhi	.L131
 544:Drivers/STM32G4xx_HAL_Driver/Src/stm32g4xx_ll_usb.c ****           pmabuffer = ep->pmaaddr1;
 3212              		.loc 1 544 11 discriminator 4 view .LVU1101
 544:Drivers/STM32G4xx_HAL_Driver/Src/stm32g4xx_ll_usb.c ****           pmabuffer = ep->pmaaddr1;
 3213              		.loc 1 544 11 discriminator 4 view .LVU1102
 3214 03a8 7308     		lsrs	r3, r6, #1
 3215              	.LVL389:
 544:Drivers/STM32G4xx_HAL_Driver/Src/stm32g4xx_ll_usb.c ****           pmabuffer = ep->pmaaddr1;
 3216              		.loc 1 544 11 discriminator 4 view .LVU1103
 3217 03aa 16F0010F 		tst	r6, #1
 3218 03ae 00D0     		beq	.L132
 544:Drivers/STM32G4xx_HAL_Driver/Src/stm32g4xx_ll_usb.c ****           pmabuffer = ep->pmaaddr1;
 3219              		.loc 1 544 11 discriminator 5 view .LVU1104
 3220 03b0 0133     		adds	r3, r3, #1
 3221              	.LVL390:
 3222              	.L132:
 544:Drivers/STM32G4xx_HAL_Driver/Src/stm32g4xx_ll_usb.c ****           pmabuffer = ep->pmaaddr1;
 3223              		.loc 1 544 11 discriminator 6 view .LVU1105
 3224 03b2 B2F80614 		ldrh	r1, [r2, #1030]
 3225 03b6 9B02     		lsls	r3, r3, #10
 3226              	.LVL391:
 544:Drivers/STM32G4xx_HAL_Driver/Src/stm32g4xx_ll_usb.c ****           pmabuffer = ep->pmaaddr1;
 3227              		.loc 1 544 11 is_stmt 0 discriminator 6 view .LVU1106
 3228 03b8 9BB2     		uxth	r3, r3
 3229 03ba 0B43     		orrs	r3, r3, r1
 3230 03bc A2F80634 		strh	r3, [r2, #1030]	@ movhi
 544:Drivers/STM32G4xx_HAL_Driver/Src/stm32g4xx_ll_usb.c ****           pmabuffer = ep->pmaaddr1;
 3231              		.loc 1 544 11 is_stmt 1 discriminator 6 view .LVU1107
 3232 03c0 15E0     		b	.L130
 3233              	.LVL392:
 3234              	.L131:
 544:Drivers/STM32G4xx_HAL_Driver/Src/stm32g4xx_ll_usb.c ****           pmabuffer = ep->pmaaddr1;
 3235              		.loc 1 544 11 discriminator 7 view .LVU1108
 544:Drivers/STM32G4xx_HAL_Driver/Src/stm32g4xx_ll_usb.c ****           pmabuffer = ep->pmaaddr1;
 3236              		.loc 1 544 11 discriminator 7 view .LVU1109
ARM GAS  /tmp/ccZui67l.s 			page 82


 3237 03c2 7309     		lsrs	r3, r6, #5
 3238              	.LVL393:
 544:Drivers/STM32G4xx_HAL_Driver/Src/stm32g4xx_ll_usb.c ****           pmabuffer = ep->pmaaddr1;
 3239              		.loc 1 544 11 discriminator 7 view .LVU1110
 3240 03c4 16F01F0F 		tst	r6, #31
 3241 03c8 00D1     		bne	.L133
 544:Drivers/STM32G4xx_HAL_Driver/Src/stm32g4xx_ll_usb.c ****           pmabuffer = ep->pmaaddr1;
 3242              		.loc 1 544 11 discriminator 8 view .LVU1111
 3243 03ca 013B     		subs	r3, r3, #1
 3244              	.LVL394:
 3245              	.L133:
 544:Drivers/STM32G4xx_HAL_Driver/Src/stm32g4xx_ll_usb.c ****           pmabuffer = ep->pmaaddr1;
 3246              		.loc 1 544 11 discriminator 9 view .LVU1112
 3247 03cc B2F80614 		ldrh	r1, [r2, #1030]
 3248 03d0 9B02     		lsls	r3, r3, #10
 3249              	.LVL395:
 544:Drivers/STM32G4xx_HAL_Driver/Src/stm32g4xx_ll_usb.c ****           pmabuffer = ep->pmaaddr1;
 3250              		.loc 1 544 11 is_stmt 0 discriminator 9 view .LVU1113
 3251 03d2 9BB2     		uxth	r3, r3
 3252 03d4 0B43     		orrs	r3, r3, r1
 3253 03d6 43F40043 		orr	r3, r3, #32768
 3254 03da A2F80634 		strh	r3, [r2, #1030]	@ movhi
 3255 03de 06E0     		b	.L130
 3256              	.LVL396:
 3257              	.L128:
 544:Drivers/STM32G4xx_HAL_Driver/Src/stm32g4xx_ll_usb.c ****           pmabuffer = ep->pmaaddr1;
 3258              		.loc 1 544 11 discriminator 9 view .LVU1114
 3259              	.LBE82:
 3260              	.LBE83:
 544:Drivers/STM32G4xx_HAL_Driver/Src/stm32g4xx_ll_usb.c ****           pmabuffer = ep->pmaaddr1;
 3261              		.loc 1 544 11 is_stmt 1 discriminator 11 view .LVU1115
 544:Drivers/STM32G4xx_HAL_Driver/Src/stm32g4xx_ll_usb.c ****           pmabuffer = ep->pmaaddr1;
 3262              		.loc 1 544 11 discriminator 12 view .LVU1116
 3263 03e0 B5F85030 		ldrh	r3, [r5, #80]
 3264 03e4 2B44     		add	r3, r3, r5
 3265              	.LVL397:
 544:Drivers/STM32G4xx_HAL_Driver/Src/stm32g4xx_ll_usb.c ****           pmabuffer = ep->pmaaddr1;
 3266              		.loc 1 544 11 discriminator 12 view .LVU1117
 3267 03e6 03EBC203 		add	r3, r3, r2, lsl #3
 3268              	.LVL398:
 544:Drivers/STM32G4xx_HAL_Driver/Src/stm32g4xx_ll_usb.c ****           pmabuffer = ep->pmaaddr1;
 3269              		.loc 1 544 11 discriminator 12 view .LVU1118
 3270 03ea A3F80664 		strh	r6, [r3, #1030]	@ movhi
 3271              	.LVL399:
 3272              	.L130:
 544:Drivers/STM32G4xx_HAL_Driver/Src/stm32g4xx_ll_usb.c ****           pmabuffer = ep->pmaaddr1;
 3273              		.loc 1 544 11 is_stmt 0 discriminator 12 view .LVU1119
 3274              	.LBE108:
 544:Drivers/STM32G4xx_HAL_Driver/Src/stm32g4xx_ll_usb.c ****           pmabuffer = ep->pmaaddr1;
 3275              		.loc 1 544 11 is_stmt 1 discriminator 13 view .LVU1120
 545:Drivers/STM32G4xx_HAL_Driver/Src/stm32g4xx_ll_usb.c **** 
 3276              		.loc 1 545 11 view .LVU1121
 548:Drivers/STM32G4xx_HAL_Driver/Src/stm32g4xx_ll_usb.c ****         }
 3277              		.loc 1 548 11 view .LVU1122
 3278 03ee B3B2     		uxth	r3, r6
 3279 03f0 6289     		ldrh	r2, [r4, #10]
 3280 03f2 6169     		ldr	r1, [r4, #20]
ARM GAS  /tmp/ccZui67l.s 			page 83


 3281 03f4 2846     		mov	r0, r5
 3282              	.LVL400:
 548:Drivers/STM32G4xx_HAL_Driver/Src/stm32g4xx_ll_usb.c ****         }
 3283              		.loc 1 548 11 is_stmt 0 view .LVU1123
 3284 03f6 FFF7FEFF 		bl	USB_WritePMA
 3285              	.LVL401:
 548:Drivers/STM32G4xx_HAL_Driver/Src/stm32g4xx_ll_usb.c ****         }
 3286              		.loc 1 548 11 view .LVU1124
 3287 03fa 5EE6     		b	.L95
 3288              	.LVL402:
 3289              	.L127:
 553:Drivers/STM32G4xx_HAL_Driver/Src/stm32g4xx_ll_usb.c ****           pmabuffer = ep->pmaaddr0;
 3290              		.loc 1 553 11 is_stmt 1 view .LVU1125
 553:Drivers/STM32G4xx_HAL_Driver/Src/stm32g4xx_ll_usb.c ****           pmabuffer = ep->pmaaddr0;
 3291              		.loc 1 553 11 view .LVU1126
 3292 03fc 83BB     		cbnz	r3, .L134
 553:Drivers/STM32G4xx_HAL_Driver/Src/stm32g4xx_ll_usb.c ****           pmabuffer = ep->pmaaddr0;
 3293              		.loc 1 553 11 discriminator 1 view .LVU1127
 3294              	.LBB109:
 553:Drivers/STM32G4xx_HAL_Driver/Src/stm32g4xx_ll_usb.c ****           pmabuffer = ep->pmaaddr0;
 3295              		.loc 1 553 11 discriminator 1 view .LVU1128
 3296              	.LVL403:
 553:Drivers/STM32G4xx_HAL_Driver/Src/stm32g4xx_ll_usb.c ****           pmabuffer = ep->pmaaddr0;
 3297              		.loc 1 553 11 discriminator 1 view .LVU1129
 553:Drivers/STM32G4xx_HAL_Driver/Src/stm32g4xx_ll_usb.c ****           pmabuffer = ep->pmaaddr0;
 3298              		.loc 1 553 11 discriminator 1 view .LVU1130
 3299 03fe B5F85030 		ldrh	r3, [r5, #80]
 3300 0402 2B44     		add	r3, r3, r5
 3301              	.LVL404:
 553:Drivers/STM32G4xx_HAL_Driver/Src/stm32g4xx_ll_usb.c ****           pmabuffer = ep->pmaaddr0;
 3302              		.loc 1 553 11 discriminator 1 view .LVU1131
 3303 0404 03EBC202 		add	r2, r3, r2, lsl #3
 3304              	.LVL405:
 553:Drivers/STM32G4xx_HAL_Driver/Src/stm32g4xx_ll_usb.c ****           pmabuffer = ep->pmaaddr0;
 3305              		.loc 1 553 11 discriminator 1 view .LVU1132
 3306              	.LBB110:
 553:Drivers/STM32G4xx_HAL_Driver/Src/stm32g4xx_ll_usb.c ****           pmabuffer = ep->pmaaddr0;
 3307              		.loc 1 553 11 discriminator 1 view .LVU1133
 553:Drivers/STM32G4xx_HAL_Driver/Src/stm32g4xx_ll_usb.c ****           pmabuffer = ep->pmaaddr0;
 3308              		.loc 1 553 11 discriminator 1 view .LVU1134
 3309 0408 B2F80234 		ldrh	r3, [r2, #1026]
 3310              	.LVL406:
 553:Drivers/STM32G4xx_HAL_Driver/Src/stm32g4xx_ll_usb.c ****           pmabuffer = ep->pmaaddr0;
 3311              		.loc 1 553 11 is_stmt 0 discriminator 1 view .LVU1135
 3312 040c C3F30903 		ubfx	r3, r3, #0, #10
 3313 0410 A2F80234 		strh	r3, [r2, #1026]	@ movhi
 553:Drivers/STM32G4xx_HAL_Driver/Src/stm32g4xx_ll_usb.c ****           pmabuffer = ep->pmaaddr0;
 3314              		.loc 1 553 11 is_stmt 1 discriminator 1 view .LVU1136
 3315 0414 36B9     		cbnz	r6, .L135
 553:Drivers/STM32G4xx_HAL_Driver/Src/stm32g4xx_ll_usb.c ****           pmabuffer = ep->pmaaddr0;
 3316              		.loc 1 553 11 discriminator 2 view .LVU1137
 3317 0416 B2F80234 		ldrh	r3, [r2, #1026]
 3318 041a 43F40043 		orr	r3, r3, #32768
 3319 041e A2F80234 		strh	r3, [r2, #1026]	@ movhi
 3320 0422 24E0     		b	.L136
 3321              	.L135:
 553:Drivers/STM32G4xx_HAL_Driver/Src/stm32g4xx_ll_usb.c ****           pmabuffer = ep->pmaaddr0;
ARM GAS  /tmp/ccZui67l.s 			page 84


 3322              		.loc 1 553 11 discriminator 3 view .LVU1138
 3323 0424 3E2E     		cmp	r6, #62
 3324 0426 0CD8     		bhi	.L137
 553:Drivers/STM32G4xx_HAL_Driver/Src/stm32g4xx_ll_usb.c ****           pmabuffer = ep->pmaaddr0;
 3325              		.loc 1 553 11 discriminator 4 view .LVU1139
 553:Drivers/STM32G4xx_HAL_Driver/Src/stm32g4xx_ll_usb.c ****           pmabuffer = ep->pmaaddr0;
 3326              		.loc 1 553 11 discriminator 4 view .LVU1140
 3327 0428 7308     		lsrs	r3, r6, #1
 3328              	.LVL407:
 553:Drivers/STM32G4xx_HAL_Driver/Src/stm32g4xx_ll_usb.c ****           pmabuffer = ep->pmaaddr0;
 3329              		.loc 1 553 11 discriminator 4 view .LVU1141
 3330 042a 16F0010F 		tst	r6, #1
 3331 042e 00D0     		beq	.L138
 553:Drivers/STM32G4xx_HAL_Driver/Src/stm32g4xx_ll_usb.c ****           pmabuffer = ep->pmaaddr0;
 3332              		.loc 1 553 11 discriminator 5 view .LVU1142
 3333 0430 0133     		adds	r3, r3, #1
 3334              	.LVL408:
 3335              	.L138:
 553:Drivers/STM32G4xx_HAL_Driver/Src/stm32g4xx_ll_usb.c ****           pmabuffer = ep->pmaaddr0;
 3336              		.loc 1 553 11 discriminator 6 view .LVU1143
 3337 0432 B2F80214 		ldrh	r1, [r2, #1026]
 3338 0436 9B02     		lsls	r3, r3, #10
 3339              	.LVL409:
 553:Drivers/STM32G4xx_HAL_Driver/Src/stm32g4xx_ll_usb.c ****           pmabuffer = ep->pmaaddr0;
 3340              		.loc 1 553 11 is_stmt 0 discriminator 6 view .LVU1144
 3341 0438 9BB2     		uxth	r3, r3
 3342 043a 0B43     		orrs	r3, r3, r1
 3343 043c A2F80234 		strh	r3, [r2, #1026]	@ movhi
 553:Drivers/STM32G4xx_HAL_Driver/Src/stm32g4xx_ll_usb.c ****           pmabuffer = ep->pmaaddr0;
 3344              		.loc 1 553 11 is_stmt 1 discriminator 6 view .LVU1145
 3345 0440 15E0     		b	.L136
 3346              	.LVL410:
 3347              	.L137:
 553:Drivers/STM32G4xx_HAL_Driver/Src/stm32g4xx_ll_usb.c ****           pmabuffer = ep->pmaaddr0;
 3348              		.loc 1 553 11 discriminator 7 view .LVU1146
 553:Drivers/STM32G4xx_HAL_Driver/Src/stm32g4xx_ll_usb.c ****           pmabuffer = ep->pmaaddr0;
 3349              		.loc 1 553 11 discriminator 7 view .LVU1147
 3350 0442 7309     		lsrs	r3, r6, #5
 3351              	.LVL411:
 553:Drivers/STM32G4xx_HAL_Driver/Src/stm32g4xx_ll_usb.c ****           pmabuffer = ep->pmaaddr0;
 3352              		.loc 1 553 11 discriminator 7 view .LVU1148
 3353 0444 16F01F0F 		tst	r6, #31
 3354 0448 00D1     		bne	.L139
 553:Drivers/STM32G4xx_HAL_Driver/Src/stm32g4xx_ll_usb.c ****           pmabuffer = ep->pmaaddr0;
 3355              		.loc 1 553 11 discriminator 8 view .LVU1149
 3356 044a 013B     		subs	r3, r3, #1
 3357              	.LVL412:
 3358              	.L139:
 553:Drivers/STM32G4xx_HAL_Driver/Src/stm32g4xx_ll_usb.c ****           pmabuffer = ep->pmaaddr0;
 3359              		.loc 1 553 11 discriminator 9 view .LVU1150
 3360 044c B2F80214 		ldrh	r1, [r2, #1026]
 3361 0450 9B02     		lsls	r3, r3, #10
 3362              	.LVL413:
 553:Drivers/STM32G4xx_HAL_Driver/Src/stm32g4xx_ll_usb.c ****           pmabuffer = ep->pmaaddr0;
 3363              		.loc 1 553 11 is_stmt 0 discriminator 9 view .LVU1151
 3364 0452 9BB2     		uxth	r3, r3
 3365 0454 0B43     		orrs	r3, r3, r1
ARM GAS  /tmp/ccZui67l.s 			page 85


 3366 0456 43F40043 		orr	r3, r3, #32768
 3367 045a A2F80234 		strh	r3, [r2, #1026]	@ movhi
 3368 045e 06E0     		b	.L136
 3369              	.LVL414:
 3370              	.L134:
 553:Drivers/STM32G4xx_HAL_Driver/Src/stm32g4xx_ll_usb.c ****           pmabuffer = ep->pmaaddr0;
 3371              		.loc 1 553 11 discriminator 9 view .LVU1152
 3372              	.LBE110:
 3373              	.LBE109:
 553:Drivers/STM32G4xx_HAL_Driver/Src/stm32g4xx_ll_usb.c ****           pmabuffer = ep->pmaaddr0;
 3374              		.loc 1 553 11 is_stmt 1 discriminator 11 view .LVU1153
 553:Drivers/STM32G4xx_HAL_Driver/Src/stm32g4xx_ll_usb.c ****           pmabuffer = ep->pmaaddr0;
 3375              		.loc 1 553 11 discriminator 12 view .LVU1154
 3376              	.LBB111:
 553:Drivers/STM32G4xx_HAL_Driver/Src/stm32g4xx_ll_usb.c ****           pmabuffer = ep->pmaaddr0;
 3377              		.loc 1 553 11 discriminator 12 view .LVU1155
 553:Drivers/STM32G4xx_HAL_Driver/Src/stm32g4xx_ll_usb.c ****           pmabuffer = ep->pmaaddr0;
 3378              		.loc 1 553 11 discriminator 12 view .LVU1156
 553:Drivers/STM32G4xx_HAL_Driver/Src/stm32g4xx_ll_usb.c ****           pmabuffer = ep->pmaaddr0;
 3379              		.loc 1 553 11 discriminator 12 view .LVU1157
 3380 0460 B5F85030 		ldrh	r3, [r5, #80]
 3381 0464 2B44     		add	r3, r3, r5
 3382              	.LVL415:
 553:Drivers/STM32G4xx_HAL_Driver/Src/stm32g4xx_ll_usb.c ****           pmabuffer = ep->pmaaddr0;
 3383              		.loc 1 553 11 discriminator 12 view .LVU1158
 3384 0466 03EBC203 		add	r3, r3, r2, lsl #3
 3385              	.LVL416:
 553:Drivers/STM32G4xx_HAL_Driver/Src/stm32g4xx_ll_usb.c ****           pmabuffer = ep->pmaaddr0;
 3386              		.loc 1 553 11 discriminator 12 view .LVU1159
 3387 046a A3F80264 		strh	r6, [r3, #1026]	@ movhi
 3388              	.LVL417:
 3389              	.L136:
 553:Drivers/STM32G4xx_HAL_Driver/Src/stm32g4xx_ll_usb.c ****           pmabuffer = ep->pmaaddr0;
 3390              		.loc 1 553 11 is_stmt 0 discriminator 12 view .LVU1160
 3391              	.LBE111:
 553:Drivers/STM32G4xx_HAL_Driver/Src/stm32g4xx_ll_usb.c ****           pmabuffer = ep->pmaaddr0;
 3392              		.loc 1 553 11 is_stmt 1 discriminator 13 view .LVU1161
 553:Drivers/STM32G4xx_HAL_Driver/Src/stm32g4xx_ll_usb.c ****           pmabuffer = ep->pmaaddr0;
 3393              		.loc 1 553 11 discriminator 13 view .LVU1162
 554:Drivers/STM32G4xx_HAL_Driver/Src/stm32g4xx_ll_usb.c **** 
 3394              		.loc 1 554 11 view .LVU1163
 557:Drivers/STM32G4xx_HAL_Driver/Src/stm32g4xx_ll_usb.c ****         }
 3395              		.loc 1 557 11 view .LVU1164
 3396 046e B3B2     		uxth	r3, r6
 3397 0470 2289     		ldrh	r2, [r4, #8]
 3398 0472 6169     		ldr	r1, [r4, #20]
 3399 0474 2846     		mov	r0, r5
 3400              	.LVL418:
 557:Drivers/STM32G4xx_HAL_Driver/Src/stm32g4xx_ll_usb.c ****         }
 3401              		.loc 1 557 11 is_stmt 0 view .LVU1165
 3402 0476 FFF7FEFF 		bl	USB_WritePMA
 3403              	.LVL419:
 557:Drivers/STM32G4xx_HAL_Driver/Src/stm32g4xx_ll_usb.c ****         }
 3404              		.loc 1 557 11 view .LVU1166
 3405 047a 1EE6     		b	.L95
 3406              	.LVL420:
 3407              	.L142:
ARM GAS  /tmp/ccZui67l.s 			page 86


 576:Drivers/STM32G4xx_HAL_Driver/Src/stm32g4xx_ll_usb.c ****       }
 3408              		.loc 1 576 9 is_stmt 1 view .LVU1167
 3409              	.LBB112:
 576:Drivers/STM32G4xx_HAL_Driver/Src/stm32g4xx_ll_usb.c ****       }
 3410              		.loc 1 576 9 view .LVU1168
 576:Drivers/STM32G4xx_HAL_Driver/Src/stm32g4xx_ll_usb.c ****       }
 3411              		.loc 1 576 9 view .LVU1169
 3412 047c 2278     		ldrb	r2, [r4]	@ zero_extendqisi2
 3413 047e 35F82230 		ldrh	r3, [r5, r2, lsl #2]
 3414 0482 23F4E243 		bic	r3, r3, #28928
 3415 0486 23F07003 		bic	r3, r3, #112
 3416              	.LVL421:
 576:Drivers/STM32G4xx_HAL_Driver/Src/stm32g4xx_ll_usb.c ****       }
 3417              		.loc 1 576 9 view .LVU1170
 3418 048a 43F40043 		orr	r3, r3, #32768
 3419              	.LVL422:
 576:Drivers/STM32G4xx_HAL_Driver/Src/stm32g4xx_ll_usb.c ****       }
 3420              		.loc 1 576 9 is_stmt 0 view .LVU1171
 3421 048e 43F08003 		orr	r3, r3, #128
 3422 0492 25F82230 		strh	r3, [r5, r2, lsl #2]	@ movhi
 3423              	.LVL423:
 3424              	.L143:
 576:Drivers/STM32G4xx_HAL_Driver/Src/stm32g4xx_ll_usb.c ****       }
 3425              		.loc 1 576 9 view .LVU1172
 3426              	.LBE112:
 576:Drivers/STM32G4xx_HAL_Driver/Src/stm32g4xx_ll_usb.c ****       }
 3427              		.loc 1 576 9 is_stmt 1 discriminator 1 view .LVU1173
 580:Drivers/STM32G4xx_HAL_Driver/Src/stm32g4xx_ll_usb.c ****       {
 3428              		.loc 1 580 7 view .LVU1174
 580:Drivers/STM32G4xx_HAL_Driver/Src/stm32g4xx_ll_usb.c ****       {
 3429              		.loc 1 580 13 is_stmt 0 view .LVU1175
 3430 0496 A369     		ldr	r3, [r4, #24]
 580:Drivers/STM32G4xx_HAL_Driver/Src/stm32g4xx_ll_usb.c ****       {
 3431              		.loc 1 580 28 view .LVU1176
 3432 0498 2269     		ldr	r2, [r4, #16]
 580:Drivers/STM32G4xx_HAL_Driver/Src/stm32g4xx_ll_usb.c ****       {
 3433              		.loc 1 580 10 view .LVU1177
 3434 049a 9342     		cmp	r3, r2
 3435 049c 12D9     		bls	.L144
 582:Drivers/STM32G4xx_HAL_Driver/Src/stm32g4xx_ll_usb.c ****       }
 3436              		.loc 1 582 9 is_stmt 1 view .LVU1178
 582:Drivers/STM32G4xx_HAL_Driver/Src/stm32g4xx_ll_usb.c ****       }
 3437              		.loc 1 582 22 is_stmt 0 view .LVU1179
 3438 049e 9B1A     		subs	r3, r3, r2
 3439 04a0 A361     		str	r3, [r4, #24]
 3440              	.L145:
 623:Drivers/STM32G4xx_HAL_Driver/Src/stm32g4xx_ll_usb.c ****   }
 3441              		.loc 1 623 5 is_stmt 1 view .LVU1180
 3442              	.LBB113:
 623:Drivers/STM32G4xx_HAL_Driver/Src/stm32g4xx_ll_usb.c ****   }
 3443              		.loc 1 623 5 view .LVU1181
 623:Drivers/STM32G4xx_HAL_Driver/Src/stm32g4xx_ll_usb.c ****   }
 3444              		.loc 1 623 5 view .LVU1182
 3445 04a2 2278     		ldrb	r2, [r4]	@ zero_extendqisi2
 3446 04a4 35F82230 		ldrh	r3, [r5, r2, lsl #2]
 3447 04a8 23F48043 		bic	r3, r3, #16384
 3448 04ac 23F07003 		bic	r3, r3, #112
ARM GAS  /tmp/ccZui67l.s 			page 87


 623:Drivers/STM32G4xx_HAL_Driver/Src/stm32g4xx_ll_usb.c ****   }
 3449              		.loc 1 623 5 view .LVU1183
 623:Drivers/STM32G4xx_HAL_Driver/Src/stm32g4xx_ll_usb.c ****   }
 3450              		.loc 1 623 5 discriminator 1 view .LVU1184
 3451              	.LVL424:
 623:Drivers/STM32G4xx_HAL_Driver/Src/stm32g4xx_ll_usb.c ****   }
 3452              		.loc 1 623 5 discriminator 2 view .LVU1185
 623:Drivers/STM32G4xx_HAL_Driver/Src/stm32g4xx_ll_usb.c ****   }
 3453              		.loc 1 623 5 discriminator 3 view .LVU1186
 3454 04b0 83F44053 		eor	r3, r3, #12288
 3455              	.LVL425:
 623:Drivers/STM32G4xx_HAL_Driver/Src/stm32g4xx_ll_usb.c ****   }
 3456              		.loc 1 623 5 discriminator 4 view .LVU1187
 3457 04b4 43F40043 		orr	r3, r3, #32768
 3458              	.LVL426:
 623:Drivers/STM32G4xx_HAL_Driver/Src/stm32g4xx_ll_usb.c ****   }
 3459              		.loc 1 623 5 is_stmt 0 discriminator 4 view .LVU1188
 3460 04b8 43F08003 		orr	r3, r3, #128
 3461 04bc 25F82230 		strh	r3, [r5, r2, lsl #2]	@ movhi
 3462              	.LVL427:
 3463              	.L140:
 623:Drivers/STM32G4xx_HAL_Driver/Src/stm32g4xx_ll_usb.c ****   }
 3464              		.loc 1 623 5 discriminator 4 view .LVU1189
 3465              	.LBE113:
 626:Drivers/STM32G4xx_HAL_Driver/Src/stm32g4xx_ll_usb.c **** }
 3466              		.loc 1 626 10 view .LVU1190
 3467 04c0 0020     		movs	r0, #0
 3468              	.L149:
 627:Drivers/STM32G4xx_HAL_Driver/Src/stm32g4xx_ll_usb.c **** 
 3469              		.loc 1 627 1 view .LVU1191
 3470 04c2 70BD     		pop	{r4, r5, r6, pc}
 3471              	.LVL428:
 3472              	.L144:
 586:Drivers/STM32G4xx_HAL_Driver/Src/stm32g4xx_ll_usb.c ****       }
 3473              		.loc 1 586 9 is_stmt 1 view .LVU1192
 586:Drivers/STM32G4xx_HAL_Driver/Src/stm32g4xx_ll_usb.c ****       }
 3474              		.loc 1 586 22 is_stmt 0 view .LVU1193
 3475 04c4 0023     		movs	r3, #0
 3476 04c6 A361     		str	r3, [r4, #24]
 3477 04c8 EBE7     		b	.L145
 3478              	.L141:
 594:Drivers/STM32G4xx_HAL_Driver/Src/stm32g4xx_ll_usb.c ****       {
 3479              		.loc 1 594 7 is_stmt 1 view .LVU1194
 594:Drivers/STM32G4xx_HAL_Driver/Src/stm32g4xx_ll_usb.c ****       {
 3480              		.loc 1 594 13 is_stmt 0 view .LVU1195
 3481 04ca CB78     		ldrb	r3, [r1, #3]	@ zero_extendqisi2
 594:Drivers/STM32G4xx_HAL_Driver/Src/stm32g4xx_ll_usb.c ****       {
 3482              		.loc 1 594 10 view .LVU1196
 3483 04cc 022B     		cmp	r3, #2
 3484 04ce 04D0     		beq	.L159
 611:Drivers/STM32G4xx_HAL_Driver/Src/stm32g4xx_ll_usb.c ****       {
 3485              		.loc 1 611 12 is_stmt 1 view .LVU1197
 611:Drivers/STM32G4xx_HAL_Driver/Src/stm32g4xx_ll_usb.c ****       {
 3486              		.loc 1 611 15 is_stmt 0 view .LVU1198
 3487 04d0 012B     		cmp	r3, #1
 3488 04d2 1FD1     		bne	.L150
 614:Drivers/STM32G4xx_HAL_Driver/Src/stm32g4xx_ll_usb.c ****       }
ARM GAS  /tmp/ccZui67l.s 			page 88


 3489              		.loc 1 614 9 is_stmt 1 view .LVU1199
 614:Drivers/STM32G4xx_HAL_Driver/Src/stm32g4xx_ll_usb.c ****       }
 3490              		.loc 1 614 22 is_stmt 0 view .LVU1200
 3491 04d4 0023     		movs	r3, #0
 3492 04d6 8B61     		str	r3, [r1, #24]
 3493 04d8 E3E7     		b	.L145
 3494              	.L159:
 597:Drivers/STM32G4xx_HAL_Driver/Src/stm32g4xx_ll_usb.c ****         {
 3495              		.loc 1 597 9 is_stmt 1 view .LVU1201
 597:Drivers/STM32G4xx_HAL_Driver/Src/stm32g4xx_ll_usb.c ****         {
 3496              		.loc 1 597 15 is_stmt 0 view .LVU1202
 3497 04da CB69     		ldr	r3, [r1, #28]
 597:Drivers/STM32G4xx_HAL_Driver/Src/stm32g4xx_ll_usb.c ****         {
 3498              		.loc 1 597 12 view .LVU1203
 3499 04dc 002B     		cmp	r3, #0
 3500 04de E0D0     		beq	.L145
 600:Drivers/STM32G4xx_HAL_Driver/Src/stm32g4xx_ll_usb.c **** 
 3501              		.loc 1 600 11 is_stmt 1 view .LVU1204
 600:Drivers/STM32G4xx_HAL_Driver/Src/stm32g4xx_ll_usb.c **** 
 3502              		.loc 1 600 20 is_stmt 0 view .LVU1205
 3503 04e0 0A78     		ldrb	r2, [r1]	@ zero_extendqisi2
 600:Drivers/STM32G4xx_HAL_Driver/Src/stm32g4xx_ll_usb.c **** 
 3504              		.loc 1 600 18 view .LVU1206
 3505 04e2 30F82230 		ldrh	r3, [r0, r2, lsl #2]
 3506              	.LVL429:
 603:Drivers/STM32G4xx_HAL_Driver/Src/stm32g4xx_ll_usb.c ****               (((wEPVal & USB_EP_DTOG_RX) == 0U) && ((wEPVal & USB_EP_DTOG_TX) == 0U)))
 3507              		.loc 1 603 11 is_stmt 1 view .LVU1207
 603:Drivers/STM32G4xx_HAL_Driver/Src/stm32g4xx_ll_usb.c ****               (((wEPVal & USB_EP_DTOG_RX) == 0U) && ((wEPVal & USB_EP_DTOG_TX) == 0U)))
 3508              		.loc 1 603 14 is_stmt 0 view .LVU1208
 3509 04e6 13F4804F 		tst	r3, #16384
 3510 04ea 0FD0     		beq	.L147
 603:Drivers/STM32G4xx_HAL_Driver/Src/stm32g4xx_ll_usb.c ****               (((wEPVal & USB_EP_DTOG_RX) == 0U) && ((wEPVal & USB_EP_DTOG_TX) == 0U)))
 3511              		.loc 1 603 50 discriminator 1 view .LVU1209
 3512 04ec 13F0400F 		tst	r3, #64
 3513 04f0 D7D0     		beq	.L145
 3514              	.L148:
 606:Drivers/STM32G4xx_HAL_Driver/Src/stm32g4xx_ll_usb.c ****           }
 3515              		.loc 1 606 13 is_stmt 1 view .LVU1210
 606:Drivers/STM32G4xx_HAL_Driver/Src/stm32g4xx_ll_usb.c ****           }
 3516              		.loc 1 606 13 view .LVU1211
 606:Drivers/STM32G4xx_HAL_Driver/Src/stm32g4xx_ll_usb.c ****           }
 3517              		.loc 1 606 13 discriminator 1 view .LVU1212
 3518              	.LBB114:
 606:Drivers/STM32G4xx_HAL_Driver/Src/stm32g4xx_ll_usb.c ****           }
 3519              		.loc 1 606 13 discriminator 1 view .LVU1213
 606:Drivers/STM32G4xx_HAL_Driver/Src/stm32g4xx_ll_usb.c ****           }
 3520              		.loc 1 606 13 discriminator 1 view .LVU1214
 3521 04f2 35F82230 		ldrh	r3, [r5, r2, lsl #2]
 3522              	.LVL430:
 606:Drivers/STM32G4xx_HAL_Driver/Src/stm32g4xx_ll_usb.c ****           }
 3523              		.loc 1 606 13 is_stmt 0 discriminator 1 view .LVU1215
 3524 04f6 23F4E043 		bic	r3, r3, #28672
 3525 04fa 23F07003 		bic	r3, r3, #112
 3526              	.LVL431:
 606:Drivers/STM32G4xx_HAL_Driver/Src/stm32g4xx_ll_usb.c ****           }
 3527              		.loc 1 606 13 is_stmt 1 discriminator 1 view .LVU1216
 3528 04fe 43F40043 		orr	r3, r3, #32768
ARM GAS  /tmp/ccZui67l.s 			page 89


 3529              	.LVL432:
 606:Drivers/STM32G4xx_HAL_Driver/Src/stm32g4xx_ll_usb.c ****           }
 3530              		.loc 1 606 13 is_stmt 0 discriminator 1 view .LVU1217
 3531 0502 43F0C003 		orr	r3, r3, #192
 3532 0506 25F82230 		strh	r3, [r5, r2, lsl #2]	@ movhi
 3533              	.LBE114:
 606:Drivers/STM32G4xx_HAL_Driver/Src/stm32g4xx_ll_usb.c ****           }
 3534              		.loc 1 606 13 is_stmt 1 discriminator 1 view .LVU1218
 3535 050a CAE7     		b	.L145
 3536              	.LVL433:
 3537              	.L147:
 604:Drivers/STM32G4xx_HAL_Driver/Src/stm32g4xx_ll_usb.c ****           {
 3538              		.loc 1 604 50 is_stmt 0 discriminator 1 view .LVU1219
 3539 050c 13F0400F 		tst	r3, #64
 3540 0510 C7D1     		bne	.L145
 3541 0512 EEE7     		b	.L148
 3542              	.LVL434:
 3543              	.L150:
 618:Drivers/STM32G4xx_HAL_Driver/Src/stm32g4xx_ll_usb.c ****       }
 3544              		.loc 1 618 16 view .LVU1220
 3545 0514 0120     		movs	r0, #1
 3546              	.LVL435:
 618:Drivers/STM32G4xx_HAL_Driver/Src/stm32g4xx_ll_usb.c ****       }
 3547              		.loc 1 618 16 view .LVU1221
 3548 0516 D4E7     		b	.L149
 3549              		.cfi_endproc
 3550              	.LFE338:
 3552              		.section	.text.USB_ReadPMA,"ax",%progbits
 3553              		.align	1
 3554              		.global	USB_ReadPMA
 3555              		.syntax unified
 3556              		.thumb
 3557              		.thumb_func
 3559              	USB_ReadPMA:
 3560              	.LVL436:
 3561              	.LFB350:
 859:Drivers/STM32G4xx_HAL_Driver/Src/stm32g4xx_ll_usb.c **** 
 860:Drivers/STM32G4xx_HAL_Driver/Src/stm32g4xx_ll_usb.c **** /**
 861:Drivers/STM32G4xx_HAL_Driver/Src/stm32g4xx_ll_usb.c ****   * @brief Copy data from packet memory area (PMA) to user memory buffer
 862:Drivers/STM32G4xx_HAL_Driver/Src/stm32g4xx_ll_usb.c ****   * @param   USBx USB peripheral instance register address.
 863:Drivers/STM32G4xx_HAL_Driver/Src/stm32g4xx_ll_usb.c ****   * @param   pbUsrBuf pointer to user memory area.
 864:Drivers/STM32G4xx_HAL_Driver/Src/stm32g4xx_ll_usb.c ****   * @param   wPMABufAddr address into PMA.
 865:Drivers/STM32G4xx_HAL_Driver/Src/stm32g4xx_ll_usb.c ****   * @param   wNBytes no. of bytes to be copied.
 866:Drivers/STM32G4xx_HAL_Driver/Src/stm32g4xx_ll_usb.c ****   * @retval None
 867:Drivers/STM32G4xx_HAL_Driver/Src/stm32g4xx_ll_usb.c ****   */
 868:Drivers/STM32G4xx_HAL_Driver/Src/stm32g4xx_ll_usb.c **** void USB_ReadPMA(USB_TypeDef const *USBx, uint8_t *pbUsrBuf, uint16_t wPMABufAddr, uint16_t wNBytes
 869:Drivers/STM32G4xx_HAL_Driver/Src/stm32g4xx_ll_usb.c **** {
 3562              		.loc 1 869 1 is_stmt 1 view -0
 3563              		.cfi_startproc
 3564              		@ args = 0, pretend = 0, frame = 0
 3565              		@ frame_needed = 0, uses_anonymous_args = 0
 3566              		@ link register save eliminated.
 3567              		.loc 1 869 1 is_stmt 0 view .LVU1223
 3568 0000 9C46     		mov	ip, r3
 870:Drivers/STM32G4xx_HAL_Driver/Src/stm32g4xx_ll_usb.c ****   uint32_t n = (uint32_t)wNBytes >> 1;
 3569              		.loc 1 870 3 is_stmt 1 view .LVU1224
 3570              		.loc 1 870 34 is_stmt 0 view .LVU1225
ARM GAS  /tmp/ccZui67l.s 			page 90


 3571 0002 5B08     		lsrs	r3, r3, #1
 3572              	.LVL437:
 871:Drivers/STM32G4xx_HAL_Driver/Src/stm32g4xx_ll_usb.c ****   uint32_t BaseAddr = (uint32_t)USBx;
 3573              		.loc 1 871 3 is_stmt 1 view .LVU1226
 872:Drivers/STM32G4xx_HAL_Driver/Src/stm32g4xx_ll_usb.c ****   uint32_t count;
 3574              		.loc 1 872 3 view .LVU1227
 873:Drivers/STM32G4xx_HAL_Driver/Src/stm32g4xx_ll_usb.c ****   uint32_t RdVal;
 3575              		.loc 1 873 3 view .LVU1228
 874:Drivers/STM32G4xx_HAL_Driver/Src/stm32g4xx_ll_usb.c ****   __IO uint16_t *pdwVal;
 3576              		.loc 1 874 3 view .LVU1229
 875:Drivers/STM32G4xx_HAL_Driver/Src/stm32g4xx_ll_usb.c ****   uint8_t *pBuf = pbUsrBuf;
 3577              		.loc 1 875 3 view .LVU1230
 876:Drivers/STM32G4xx_HAL_Driver/Src/stm32g4xx_ll_usb.c **** 
 877:Drivers/STM32G4xx_HAL_Driver/Src/stm32g4xx_ll_usb.c ****   pdwVal = (__IO uint16_t *)(BaseAddr + 0x400U + ((uint32_t)wPMABufAddr * PMA_ACCESS));
 3578              		.loc 1 877 3 view .LVU1231
 3579              		.loc 1 877 48 is_stmt 0 view .LVU1232
 3580 0004 1044     		add	r0, r0, r2
 3581              	.LVL438:
 3582              		.loc 1 877 48 view .LVU1233
 3583 0006 00F58060 		add	r0, r0, #1024
 3584              	.LVL439:
 878:Drivers/STM32G4xx_HAL_Driver/Src/stm32g4xx_ll_usb.c **** 
 879:Drivers/STM32G4xx_HAL_Driver/Src/stm32g4xx_ll_usb.c ****   for (count = n; count != 0U; count--)
 3585              		.loc 1 879 3 is_stmt 1 view .LVU1234
 3586              		.loc 1 879 3 is_stmt 0 view .LVU1235
 3587 000a 06E0     		b	.L161
 3588              	.LVL440:
 3589              	.L162:
 880:Drivers/STM32G4xx_HAL_Driver/Src/stm32g4xx_ll_usb.c ****   {
 881:Drivers/STM32G4xx_HAL_Driver/Src/stm32g4xx_ll_usb.c ****     RdVal = *(__IO uint16_t *)pdwVal;
 3590              		.loc 1 881 5 is_stmt 1 view .LVU1236
 3591              		.loc 1 881 13 is_stmt 0 view .LVU1237
 3592 000c 30F8022B 		ldrh	r2, [r0], #2
 3593              	.LVL441:
 882:Drivers/STM32G4xx_HAL_Driver/Src/stm32g4xx_ll_usb.c ****     pdwVal++;
 3594              		.loc 1 882 5 is_stmt 1 view .LVU1238
 883:Drivers/STM32G4xx_HAL_Driver/Src/stm32g4xx_ll_usb.c ****     *pBuf = (uint8_t)((RdVal >> 0) & 0xFFU);
 3595              		.loc 1 883 5 view .LVU1239
 3596              		.loc 1 883 11 is_stmt 0 view .LVU1240
 3597 0010 0A70     		strb	r2, [r1]
 884:Drivers/STM32G4xx_HAL_Driver/Src/stm32g4xx_ll_usb.c ****     pBuf++;
 3598              		.loc 1 884 5 is_stmt 1 view .LVU1241
 3599              	.LVL442:
 885:Drivers/STM32G4xx_HAL_Driver/Src/stm32g4xx_ll_usb.c ****     *pBuf = (uint8_t)((RdVal >> 8) & 0xFFU);
 3600              		.loc 1 885 5 view .LVU1242
 3601              		.loc 1 885 13 is_stmt 0 view .LVU1243
 3602 0012 120A     		lsrs	r2, r2, #8
 3603              	.LVL443:
 3604              		.loc 1 885 11 view .LVU1244
 3605 0014 4A70     		strb	r2, [r1, #1]
 886:Drivers/STM32G4xx_HAL_Driver/Src/stm32g4xx_ll_usb.c ****     pBuf++;
 3606              		.loc 1 886 5 is_stmt 1 view .LVU1245
 3607              		.loc 1 886 9 is_stmt 0 view .LVU1246
 3608 0016 0231     		adds	r1, r1, #2
 3609              	.LVL444:
 879:Drivers/STM32G4xx_HAL_Driver/Src/stm32g4xx_ll_usb.c ****   {
 3610              		.loc 1 879 37 is_stmt 1 discriminator 1 view .LVU1247
ARM GAS  /tmp/ccZui67l.s 			page 91


 3611 0018 013B     		subs	r3, r3, #1
 3612              	.LVL445:
 3613              	.L161:
 879:Drivers/STM32G4xx_HAL_Driver/Src/stm32g4xx_ll_usb.c ****   {
 3614              		.loc 1 879 25 discriminator 2 view .LVU1248
 3615 001a 002B     		cmp	r3, #0
 3616 001c F6D1     		bne	.L162
 887:Drivers/STM32G4xx_HAL_Driver/Src/stm32g4xx_ll_usb.c **** 
 888:Drivers/STM32G4xx_HAL_Driver/Src/stm32g4xx_ll_usb.c **** #if PMA_ACCESS > 1U
 889:Drivers/STM32G4xx_HAL_Driver/Src/stm32g4xx_ll_usb.c ****     pdwVal++;
 890:Drivers/STM32G4xx_HAL_Driver/Src/stm32g4xx_ll_usb.c **** #endif /* PMA_ACCESS */
 891:Drivers/STM32G4xx_HAL_Driver/Src/stm32g4xx_ll_usb.c ****   }
 892:Drivers/STM32G4xx_HAL_Driver/Src/stm32g4xx_ll_usb.c **** 
 893:Drivers/STM32G4xx_HAL_Driver/Src/stm32g4xx_ll_usb.c ****   if ((wNBytes % 2U) != 0U)
 3617              		.loc 1 893 3 view .LVU1249
 3618              		.loc 1 893 6 is_stmt 0 view .LVU1250
 3619 001e 1CF0010F 		tst	ip, #1
 3620 0022 01D0     		beq	.L160
 894:Drivers/STM32G4xx_HAL_Driver/Src/stm32g4xx_ll_usb.c ****   {
 895:Drivers/STM32G4xx_HAL_Driver/Src/stm32g4xx_ll_usb.c ****     RdVal = *pdwVal;
 3621              		.loc 1 895 5 is_stmt 1 view .LVU1251
 3622              		.loc 1 895 13 is_stmt 0 view .LVU1252
 3623 0024 0388     		ldrh	r3, [r0]
 3624              	.LVL446:
 896:Drivers/STM32G4xx_HAL_Driver/Src/stm32g4xx_ll_usb.c ****     *pBuf = (uint8_t)((RdVal >> 0) & 0xFFU);
 3625              		.loc 1 896 5 is_stmt 1 view .LVU1253
 3626              		.loc 1 896 11 is_stmt 0 view .LVU1254
 3627 0026 0B70     		strb	r3, [r1]
 3628              	.LVL447:
 3629              	.L160:
 897:Drivers/STM32G4xx_HAL_Driver/Src/stm32g4xx_ll_usb.c ****   }
 898:Drivers/STM32G4xx_HAL_Driver/Src/stm32g4xx_ll_usb.c **** }
 3630              		.loc 1 898 1 view .LVU1255
 3631 0028 7047     		bx	lr
 3632              		.cfi_endproc
 3633              	.LFE350:
 3635              		.text
 3636              	.Letext0:
 3637              		.file 2 "/usr/arm-none-eabi/include/machine/_default_types.h"
 3638              		.file 3 "/usr/arm-none-eabi/include/sys/_stdint.h"
 3639              		.file 4 "Drivers/CMSIS/Device/ST/STM32G4xx/Include/stm32g431xx.h"
 3640              		.file 5 "Drivers/STM32G4xx_HAL_Driver/Inc/stm32g4xx_hal_def.h"
 3641              		.file 6 "Drivers/STM32G4xx_HAL_Driver/Inc/stm32g4xx_ll_usb.h"
ARM GAS  /tmp/ccZui67l.s 			page 92


DEFINED SYMBOLS
                            *ABS*:00000000 stm32g4xx_ll_usb.c
     /tmp/ccZui67l.s:21     .text.USB_CoreInit:00000000 $t
     /tmp/ccZui67l.s:27     .text.USB_CoreInit:00000000 USB_CoreInit
     /tmp/ccZui67l.s:57     .text.USB_EnableGlobalInt:00000000 $t
     /tmp/ccZui67l.s:63     .text.USB_EnableGlobalInt:00000000 USB_EnableGlobalInt
     /tmp/ccZui67l.s:93     .text.USB_DisableGlobalInt:00000000 $t
     /tmp/ccZui67l.s:99     .text.USB_DisableGlobalInt:00000000 USB_DisableGlobalInt
     /tmp/ccZui67l.s:127    .text.USB_SetCurrentMode:00000000 $t
     /tmp/ccZui67l.s:133    .text.USB_SetCurrentMode:00000000 USB_SetCurrentMode
     /tmp/ccZui67l.s:153    .text.USB_DevInit:00000000 $t
     /tmp/ccZui67l.s:159    .text.USB_DevInit:00000000 USB_DevInit
     /tmp/ccZui67l.s:202    .text.USB_FlushTxFifo:00000000 $t
     /tmp/ccZui67l.s:208    .text.USB_FlushTxFifo:00000000 USB_FlushTxFifo
     /tmp/ccZui67l.s:228    .text.USB_FlushRxFifo:00000000 $t
     /tmp/ccZui67l.s:234    .text.USB_FlushRxFifo:00000000 USB_FlushRxFifo
     /tmp/ccZui67l.s:253    .text.USB_ActivateEndpoint:00000000 $t
     /tmp/ccZui67l.s:259    .text.USB_ActivateEndpoint:00000000 USB_ActivateEndpoint
     /tmp/ccZui67l.s:294    .text.USB_ActivateEndpoint:00000020 $d
     /tmp/ccZui67l.s:298    .text.USB_ActivateEndpoint:00000024 $t
     /tmp/ccZui67l.s:1287   .text.USB_DeactivateEndpoint:00000000 $t
     /tmp/ccZui67l.s:1293   .text.USB_DeactivateEndpoint:00000000 USB_DeactivateEndpoint
     /tmp/ccZui67l.s:1683   .text.USB_EPSetStall:00000000 $t
     /tmp/ccZui67l.s:1689   .text.USB_EPSetStall:00000000 USB_EPSetStall
     /tmp/ccZui67l.s:1761   .text.USB_EPClearStall:00000000 $t
     /tmp/ccZui67l.s:1767   .text.USB_EPClearStall:00000000 USB_EPClearStall
     /tmp/ccZui67l.s:1913   .text.USB_EPStopXfer:00000000 $t
     /tmp/ccZui67l.s:1919   .text.USB_EPStopXfer:00000000 USB_EPStopXfer
     /tmp/ccZui67l.s:2059   .text.USB_StopDevice:00000000 $t
     /tmp/ccZui67l.s:2065   .text.USB_StopDevice:00000000 USB_StopDevice
     /tmp/ccZui67l.s:2096   .text.USB_SetDevAddress:00000000 $t
     /tmp/ccZui67l.s:2102   .text.USB_SetDevAddress:00000000 USB_SetDevAddress
     /tmp/ccZui67l.s:2128   .text.USB_DevConnect:00000000 $t
     /tmp/ccZui67l.s:2134   .text.USB_DevConnect:00000000 USB_DevConnect
     /tmp/ccZui67l.s:2158   .text.USB_DevDisconnect:00000000 $t
     /tmp/ccZui67l.s:2164   .text.USB_DevDisconnect:00000000 USB_DevDisconnect
     /tmp/ccZui67l.s:2188   .text.USB_ReadInterrupts:00000000 $t
     /tmp/ccZui67l.s:2194   .text.USB_ReadInterrupts:00000000 USB_ReadInterrupts
     /tmp/ccZui67l.s:2214   .text.USB_ActivateRemoteWakeup:00000000 $t
     /tmp/ccZui67l.s:2220   .text.USB_ActivateRemoteWakeup:00000000 USB_ActivateRemoteWakeup
     /tmp/ccZui67l.s:2244   .text.USB_DeActivateRemoteWakeup:00000000 $t
     /tmp/ccZui67l.s:2250   .text.USB_DeActivateRemoteWakeup:00000000 USB_DeActivateRemoteWakeup
     /tmp/ccZui67l.s:2274   .text.USB_WritePMA:00000000 $t
     /tmp/ccZui67l.s:2280   .text.USB_WritePMA:00000000 USB_WritePMA
     /tmp/ccZui67l.s:2345   .text.USB_EPStartXfer:00000000 $t
     /tmp/ccZui67l.s:2351   .text.USB_EPStartXfer:00000000 USB_EPStartXfer
     /tmp/ccZui67l.s:3553   .text.USB_ReadPMA:00000000 $t
     /tmp/ccZui67l.s:3559   .text.USB_ReadPMA:00000000 USB_ReadPMA

NO UNDEFINED SYMBOLS
