ARM GAS  /tmp/cc2qdi8m.s 			page 1


   1              		.cpu cortex-m4
   2              		.arch armv7e-m
   3              		.fpu fpv4-sp-d16
   4              		.eabi_attribute 27, 1
   5              		.eabi_attribute 28, 1
   6              		.eabi_attribute 20, 1
   7              		.eabi_attribute 21, 1
   8              		.eabi_attribute 23, 3
   9              		.eabi_attribute 24, 1
  10              		.eabi_attribute 25, 1
  11              		.eabi_attribute 26, 1
  12              		.eabi_attribute 30, 1
  13              		.eabi_attribute 34, 1
  14              		.eabi_attribute 18, 4
  15              		.file	"stm32g4xx_hal_pcd.c"
  16              		.text
  17              	.Ltext0:
  18              		.cfi_sections	.debug_frame
  19              		.file 1 "Drivers/STM32G4xx_HAL_Driver/Src/stm32g4xx_hal_pcd.c"
  20              		.section	.text.HAL_PCD_EP_DB_Receive,"ax",%progbits
  21              		.align	1
  22              		.syntax unified
  23              		.thumb
  24              		.thumb_func
  26              	HAL_PCD_EP_DB_Receive:
  27              	.LVL0:
  28              	.LFB363:
   1:Drivers/STM32G4xx_HAL_Driver/Src/stm32g4xx_hal_pcd.c **** /**
   2:Drivers/STM32G4xx_HAL_Driver/Src/stm32g4xx_hal_pcd.c ****   ******************************************************************************
   3:Drivers/STM32G4xx_HAL_Driver/Src/stm32g4xx_hal_pcd.c ****   * @file    stm32g4xx_hal_pcd.c
   4:Drivers/STM32G4xx_HAL_Driver/Src/stm32g4xx_hal_pcd.c ****   * @author  MCD Application Team
   5:Drivers/STM32G4xx_HAL_Driver/Src/stm32g4xx_hal_pcd.c ****   * @brief   PCD HAL module driver.
   6:Drivers/STM32G4xx_HAL_Driver/Src/stm32g4xx_hal_pcd.c ****   *          This file provides firmware functions to manage the following
   7:Drivers/STM32G4xx_HAL_Driver/Src/stm32g4xx_hal_pcd.c ****   *          functionalities of the USB Peripheral Controller:
   8:Drivers/STM32G4xx_HAL_Driver/Src/stm32g4xx_hal_pcd.c ****   *           + Initialization and de-initialization functions
   9:Drivers/STM32G4xx_HAL_Driver/Src/stm32g4xx_hal_pcd.c ****   *           + IO operation functions
  10:Drivers/STM32G4xx_HAL_Driver/Src/stm32g4xx_hal_pcd.c ****   *           + Peripheral Control functions
  11:Drivers/STM32G4xx_HAL_Driver/Src/stm32g4xx_hal_pcd.c ****   *           + Peripheral State functions
  12:Drivers/STM32G4xx_HAL_Driver/Src/stm32g4xx_hal_pcd.c ****   *
  13:Drivers/STM32G4xx_HAL_Driver/Src/stm32g4xx_hal_pcd.c ****   ******************************************************************************
  14:Drivers/STM32G4xx_HAL_Driver/Src/stm32g4xx_hal_pcd.c ****   * @attention
  15:Drivers/STM32G4xx_HAL_Driver/Src/stm32g4xx_hal_pcd.c ****   *
  16:Drivers/STM32G4xx_HAL_Driver/Src/stm32g4xx_hal_pcd.c ****   * Copyright (c) 2019 STMicroelectronics.
  17:Drivers/STM32G4xx_HAL_Driver/Src/stm32g4xx_hal_pcd.c ****   * All rights reserved.
  18:Drivers/STM32G4xx_HAL_Driver/Src/stm32g4xx_hal_pcd.c ****   *
  19:Drivers/STM32G4xx_HAL_Driver/Src/stm32g4xx_hal_pcd.c ****   * This software is licensed under terms that can be found in the LICENSE file
  20:Drivers/STM32G4xx_HAL_Driver/Src/stm32g4xx_hal_pcd.c ****   * in the root directory of this software component.
  21:Drivers/STM32G4xx_HAL_Driver/Src/stm32g4xx_hal_pcd.c ****   * If no LICENSE file comes with this software, it is provided AS-IS.
  22:Drivers/STM32G4xx_HAL_Driver/Src/stm32g4xx_hal_pcd.c ****   *
  23:Drivers/STM32G4xx_HAL_Driver/Src/stm32g4xx_hal_pcd.c ****   ******************************************************************************
  24:Drivers/STM32G4xx_HAL_Driver/Src/stm32g4xx_hal_pcd.c ****   @verbatim
  25:Drivers/STM32G4xx_HAL_Driver/Src/stm32g4xx_hal_pcd.c ****   ==============================================================================
  26:Drivers/STM32G4xx_HAL_Driver/Src/stm32g4xx_hal_pcd.c ****                     ##### How to use this driver #####
  27:Drivers/STM32G4xx_HAL_Driver/Src/stm32g4xx_hal_pcd.c ****   ==============================================================================
  28:Drivers/STM32G4xx_HAL_Driver/Src/stm32g4xx_hal_pcd.c ****     [..]
  29:Drivers/STM32G4xx_HAL_Driver/Src/stm32g4xx_hal_pcd.c ****       The PCD HAL driver can be used as follows:
  30:Drivers/STM32G4xx_HAL_Driver/Src/stm32g4xx_hal_pcd.c **** 
ARM GAS  /tmp/cc2qdi8m.s 			page 2


  31:Drivers/STM32G4xx_HAL_Driver/Src/stm32g4xx_hal_pcd.c ****      (#) Declare a PCD_HandleTypeDef handle structure, for example:
  32:Drivers/STM32G4xx_HAL_Driver/Src/stm32g4xx_hal_pcd.c ****          PCD_HandleTypeDef  hpcd;
  33:Drivers/STM32G4xx_HAL_Driver/Src/stm32g4xx_hal_pcd.c **** 
  34:Drivers/STM32G4xx_HAL_Driver/Src/stm32g4xx_hal_pcd.c ****      (#) Fill parameters of Init structure in HCD handle
  35:Drivers/STM32G4xx_HAL_Driver/Src/stm32g4xx_hal_pcd.c **** 
  36:Drivers/STM32G4xx_HAL_Driver/Src/stm32g4xx_hal_pcd.c ****      (#) Call HAL_PCD_Init() API to initialize the PCD peripheral (Core, Device core, ...)
  37:Drivers/STM32G4xx_HAL_Driver/Src/stm32g4xx_hal_pcd.c **** 
  38:Drivers/STM32G4xx_HAL_Driver/Src/stm32g4xx_hal_pcd.c ****      (#) Initialize the PCD low level resources through the HAL_PCD_MspInit() API:
  39:Drivers/STM32G4xx_HAL_Driver/Src/stm32g4xx_hal_pcd.c ****          (##) Enable the PCD/USB Low Level interface clock using
  40:Drivers/STM32G4xx_HAL_Driver/Src/stm32g4xx_hal_pcd.c ****               (+++) __HAL_RCC_USB_CLK_ENABLE(); For USB Device FS peripheral
  41:Drivers/STM32G4xx_HAL_Driver/Src/stm32g4xx_hal_pcd.c **** 
  42:Drivers/STM32G4xx_HAL_Driver/Src/stm32g4xx_hal_pcd.c ****          (##) Initialize the related GPIO clocks
  43:Drivers/STM32G4xx_HAL_Driver/Src/stm32g4xx_hal_pcd.c ****          (##) Configure PCD pin-out
  44:Drivers/STM32G4xx_HAL_Driver/Src/stm32g4xx_hal_pcd.c ****          (##) Configure PCD NVIC interrupt
  45:Drivers/STM32G4xx_HAL_Driver/Src/stm32g4xx_hal_pcd.c **** 
  46:Drivers/STM32G4xx_HAL_Driver/Src/stm32g4xx_hal_pcd.c ****      (#)Associate the Upper USB device stack to the HAL PCD Driver:
  47:Drivers/STM32G4xx_HAL_Driver/Src/stm32g4xx_hal_pcd.c ****          (##) hpcd.pData = pdev;
  48:Drivers/STM32G4xx_HAL_Driver/Src/stm32g4xx_hal_pcd.c **** 
  49:Drivers/STM32G4xx_HAL_Driver/Src/stm32g4xx_hal_pcd.c ****      (#)Enable PCD transmission and reception:
  50:Drivers/STM32G4xx_HAL_Driver/Src/stm32g4xx_hal_pcd.c ****          (##) HAL_PCD_Start();
  51:Drivers/STM32G4xx_HAL_Driver/Src/stm32g4xx_hal_pcd.c **** 
  52:Drivers/STM32G4xx_HAL_Driver/Src/stm32g4xx_hal_pcd.c ****      (#)NOTE: For applications not using double buffer mode, define the symbol
  53:Drivers/STM32G4xx_HAL_Driver/Src/stm32g4xx_hal_pcd.c ****                'USE_USB_DOUBLE_BUFFER' as 0 to reduce the driver's memory footprint.
  54:Drivers/STM32G4xx_HAL_Driver/Src/stm32g4xx_hal_pcd.c **** 
  55:Drivers/STM32G4xx_HAL_Driver/Src/stm32g4xx_hal_pcd.c ****   @endverbatim
  56:Drivers/STM32G4xx_HAL_Driver/Src/stm32g4xx_hal_pcd.c ****   ******************************************************************************
  57:Drivers/STM32G4xx_HAL_Driver/Src/stm32g4xx_hal_pcd.c ****   */
  58:Drivers/STM32G4xx_HAL_Driver/Src/stm32g4xx_hal_pcd.c **** 
  59:Drivers/STM32G4xx_HAL_Driver/Src/stm32g4xx_hal_pcd.c **** /* Includes ------------------------------------------------------------------*/
  60:Drivers/STM32G4xx_HAL_Driver/Src/stm32g4xx_hal_pcd.c **** #include "stm32g4xx_hal.h"
  61:Drivers/STM32G4xx_HAL_Driver/Src/stm32g4xx_hal_pcd.c **** 
  62:Drivers/STM32G4xx_HAL_Driver/Src/stm32g4xx_hal_pcd.c **** /** @addtogroup STM32G4xx_HAL_Driver
  63:Drivers/STM32G4xx_HAL_Driver/Src/stm32g4xx_hal_pcd.c ****   * @{
  64:Drivers/STM32G4xx_HAL_Driver/Src/stm32g4xx_hal_pcd.c ****   */
  65:Drivers/STM32G4xx_HAL_Driver/Src/stm32g4xx_hal_pcd.c **** 
  66:Drivers/STM32G4xx_HAL_Driver/Src/stm32g4xx_hal_pcd.c **** /** @defgroup PCD PCD
  67:Drivers/STM32G4xx_HAL_Driver/Src/stm32g4xx_hal_pcd.c ****   * @brief PCD HAL module driver
  68:Drivers/STM32G4xx_HAL_Driver/Src/stm32g4xx_hal_pcd.c ****   * @{
  69:Drivers/STM32G4xx_HAL_Driver/Src/stm32g4xx_hal_pcd.c ****   */
  70:Drivers/STM32G4xx_HAL_Driver/Src/stm32g4xx_hal_pcd.c **** 
  71:Drivers/STM32G4xx_HAL_Driver/Src/stm32g4xx_hal_pcd.c **** #ifdef HAL_PCD_MODULE_ENABLED
  72:Drivers/STM32G4xx_HAL_Driver/Src/stm32g4xx_hal_pcd.c **** 
  73:Drivers/STM32G4xx_HAL_Driver/Src/stm32g4xx_hal_pcd.c **** #if defined (USB)
  74:Drivers/STM32G4xx_HAL_Driver/Src/stm32g4xx_hal_pcd.c **** 
  75:Drivers/STM32G4xx_HAL_Driver/Src/stm32g4xx_hal_pcd.c **** /* Private types -------------------------------------------------------------*/
  76:Drivers/STM32G4xx_HAL_Driver/Src/stm32g4xx_hal_pcd.c **** /* Private variables ---------------------------------------------------------*/
  77:Drivers/STM32G4xx_HAL_Driver/Src/stm32g4xx_hal_pcd.c **** /* Private constants ---------------------------------------------------------*/
  78:Drivers/STM32G4xx_HAL_Driver/Src/stm32g4xx_hal_pcd.c **** /* Private macros ------------------------------------------------------------*/
  79:Drivers/STM32G4xx_HAL_Driver/Src/stm32g4xx_hal_pcd.c **** /** @defgroup PCD_Private_Macros PCD Private Macros
  80:Drivers/STM32G4xx_HAL_Driver/Src/stm32g4xx_hal_pcd.c ****   * @{
  81:Drivers/STM32G4xx_HAL_Driver/Src/stm32g4xx_hal_pcd.c ****   */
  82:Drivers/STM32G4xx_HAL_Driver/Src/stm32g4xx_hal_pcd.c **** #define PCD_MIN(a, b)  (((a) < (b)) ? (a) : (b))
  83:Drivers/STM32G4xx_HAL_Driver/Src/stm32g4xx_hal_pcd.c **** #define PCD_MAX(a, b)  (((a) > (b)) ? (a) : (b))
  84:Drivers/STM32G4xx_HAL_Driver/Src/stm32g4xx_hal_pcd.c **** /**
  85:Drivers/STM32G4xx_HAL_Driver/Src/stm32g4xx_hal_pcd.c ****   * @}
  86:Drivers/STM32G4xx_HAL_Driver/Src/stm32g4xx_hal_pcd.c ****   */
  87:Drivers/STM32G4xx_HAL_Driver/Src/stm32g4xx_hal_pcd.c **** 
ARM GAS  /tmp/cc2qdi8m.s 			page 3


  88:Drivers/STM32G4xx_HAL_Driver/Src/stm32g4xx_hal_pcd.c **** /* Private functions prototypes ----------------------------------------------*/
  89:Drivers/STM32G4xx_HAL_Driver/Src/stm32g4xx_hal_pcd.c **** /** @defgroup PCD_Private_Functions PCD Private Functions
  90:Drivers/STM32G4xx_HAL_Driver/Src/stm32g4xx_hal_pcd.c ****   * @{
  91:Drivers/STM32G4xx_HAL_Driver/Src/stm32g4xx_hal_pcd.c ****   */
  92:Drivers/STM32G4xx_HAL_Driver/Src/stm32g4xx_hal_pcd.c **** 
  93:Drivers/STM32G4xx_HAL_Driver/Src/stm32g4xx_hal_pcd.c **** static HAL_StatusTypeDef PCD_EP_ISR_Handler(PCD_HandleTypeDef *hpcd);
  94:Drivers/STM32G4xx_HAL_Driver/Src/stm32g4xx_hal_pcd.c **** #if (USE_USB_DOUBLE_BUFFER == 1U)
  95:Drivers/STM32G4xx_HAL_Driver/Src/stm32g4xx_hal_pcd.c **** static HAL_StatusTypeDef HAL_PCD_EP_DB_Transmit(PCD_HandleTypeDef *hpcd, PCD_EPTypeDef *ep, uint16_
  96:Drivers/STM32G4xx_HAL_Driver/Src/stm32g4xx_hal_pcd.c **** static uint16_t HAL_PCD_EP_DB_Receive(PCD_HandleTypeDef *hpcd, PCD_EPTypeDef *ep, uint16_t wEPVal);
  97:Drivers/STM32G4xx_HAL_Driver/Src/stm32g4xx_hal_pcd.c **** #endif /* (USE_USB_DOUBLE_BUFFER == 1U) */
  98:Drivers/STM32G4xx_HAL_Driver/Src/stm32g4xx_hal_pcd.c **** 
  99:Drivers/STM32G4xx_HAL_Driver/Src/stm32g4xx_hal_pcd.c **** /**
 100:Drivers/STM32G4xx_HAL_Driver/Src/stm32g4xx_hal_pcd.c ****   * @}
 101:Drivers/STM32G4xx_HAL_Driver/Src/stm32g4xx_hal_pcd.c ****   */
 102:Drivers/STM32G4xx_HAL_Driver/Src/stm32g4xx_hal_pcd.c **** 
 103:Drivers/STM32G4xx_HAL_Driver/Src/stm32g4xx_hal_pcd.c **** /* Exported functions --------------------------------------------------------*/
 104:Drivers/STM32G4xx_HAL_Driver/Src/stm32g4xx_hal_pcd.c **** /** @defgroup PCD_Exported_Functions PCD Exported Functions
 105:Drivers/STM32G4xx_HAL_Driver/Src/stm32g4xx_hal_pcd.c ****   * @{
 106:Drivers/STM32G4xx_HAL_Driver/Src/stm32g4xx_hal_pcd.c ****   */
 107:Drivers/STM32G4xx_HAL_Driver/Src/stm32g4xx_hal_pcd.c **** 
 108:Drivers/STM32G4xx_HAL_Driver/Src/stm32g4xx_hal_pcd.c **** /** @defgroup PCD_Exported_Functions_Group1 Initialization and de-initialization functions
 109:Drivers/STM32G4xx_HAL_Driver/Src/stm32g4xx_hal_pcd.c ****   *  @brief    Initialization and Configuration functions
 110:Drivers/STM32G4xx_HAL_Driver/Src/stm32g4xx_hal_pcd.c ****   *
 111:Drivers/STM32G4xx_HAL_Driver/Src/stm32g4xx_hal_pcd.c **** @verbatim
 112:Drivers/STM32G4xx_HAL_Driver/Src/stm32g4xx_hal_pcd.c ****  ===============================================================================
 113:Drivers/STM32G4xx_HAL_Driver/Src/stm32g4xx_hal_pcd.c ****             ##### Initialization and de-initialization functions #####
 114:Drivers/STM32G4xx_HAL_Driver/Src/stm32g4xx_hal_pcd.c ****  ===============================================================================
 115:Drivers/STM32G4xx_HAL_Driver/Src/stm32g4xx_hal_pcd.c ****     [..]  This section provides functions allowing to:
 116:Drivers/STM32G4xx_HAL_Driver/Src/stm32g4xx_hal_pcd.c **** 
 117:Drivers/STM32G4xx_HAL_Driver/Src/stm32g4xx_hal_pcd.c **** @endverbatim
 118:Drivers/STM32G4xx_HAL_Driver/Src/stm32g4xx_hal_pcd.c ****   * @{
 119:Drivers/STM32G4xx_HAL_Driver/Src/stm32g4xx_hal_pcd.c ****   */
 120:Drivers/STM32G4xx_HAL_Driver/Src/stm32g4xx_hal_pcd.c **** 
 121:Drivers/STM32G4xx_HAL_Driver/Src/stm32g4xx_hal_pcd.c **** /**
 122:Drivers/STM32G4xx_HAL_Driver/Src/stm32g4xx_hal_pcd.c ****   * @brief  Initializes the PCD according to the specified
 123:Drivers/STM32G4xx_HAL_Driver/Src/stm32g4xx_hal_pcd.c ****   *         parameters in the PCD_InitTypeDef and initialize the associated handle.
 124:Drivers/STM32G4xx_HAL_Driver/Src/stm32g4xx_hal_pcd.c ****   * @param  hpcd PCD handle
 125:Drivers/STM32G4xx_HAL_Driver/Src/stm32g4xx_hal_pcd.c ****   * @retval HAL status
 126:Drivers/STM32G4xx_HAL_Driver/Src/stm32g4xx_hal_pcd.c ****   */
 127:Drivers/STM32G4xx_HAL_Driver/Src/stm32g4xx_hal_pcd.c **** HAL_StatusTypeDef HAL_PCD_Init(PCD_HandleTypeDef *hpcd)
 128:Drivers/STM32G4xx_HAL_Driver/Src/stm32g4xx_hal_pcd.c **** {
 129:Drivers/STM32G4xx_HAL_Driver/Src/stm32g4xx_hal_pcd.c ****   uint8_t i;
 130:Drivers/STM32G4xx_HAL_Driver/Src/stm32g4xx_hal_pcd.c **** 
 131:Drivers/STM32G4xx_HAL_Driver/Src/stm32g4xx_hal_pcd.c ****   /* Check the PCD handle allocation */
 132:Drivers/STM32G4xx_HAL_Driver/Src/stm32g4xx_hal_pcd.c ****   if (hpcd == NULL)
 133:Drivers/STM32G4xx_HAL_Driver/Src/stm32g4xx_hal_pcd.c ****   {
 134:Drivers/STM32G4xx_HAL_Driver/Src/stm32g4xx_hal_pcd.c ****     return HAL_ERROR;
 135:Drivers/STM32G4xx_HAL_Driver/Src/stm32g4xx_hal_pcd.c ****   }
 136:Drivers/STM32G4xx_HAL_Driver/Src/stm32g4xx_hal_pcd.c **** 
 137:Drivers/STM32G4xx_HAL_Driver/Src/stm32g4xx_hal_pcd.c ****   /* Check the parameters */
 138:Drivers/STM32G4xx_HAL_Driver/Src/stm32g4xx_hal_pcd.c ****   assert_param(IS_PCD_ALL_INSTANCE(hpcd->Instance));
 139:Drivers/STM32G4xx_HAL_Driver/Src/stm32g4xx_hal_pcd.c **** 
 140:Drivers/STM32G4xx_HAL_Driver/Src/stm32g4xx_hal_pcd.c ****   if (hpcd->State == HAL_PCD_STATE_RESET)
 141:Drivers/STM32G4xx_HAL_Driver/Src/stm32g4xx_hal_pcd.c ****   {
 142:Drivers/STM32G4xx_HAL_Driver/Src/stm32g4xx_hal_pcd.c ****     /* Allocate lock resource and initialize it */
 143:Drivers/STM32G4xx_HAL_Driver/Src/stm32g4xx_hal_pcd.c ****     hpcd->Lock = HAL_UNLOCKED;
 144:Drivers/STM32G4xx_HAL_Driver/Src/stm32g4xx_hal_pcd.c **** 
ARM GAS  /tmp/cc2qdi8m.s 			page 4


 145:Drivers/STM32G4xx_HAL_Driver/Src/stm32g4xx_hal_pcd.c **** #if (USE_HAL_PCD_REGISTER_CALLBACKS == 1U)
 146:Drivers/STM32G4xx_HAL_Driver/Src/stm32g4xx_hal_pcd.c ****     hpcd->SOFCallback = HAL_PCD_SOFCallback;
 147:Drivers/STM32G4xx_HAL_Driver/Src/stm32g4xx_hal_pcd.c ****     hpcd->SetupStageCallback = HAL_PCD_SetupStageCallback;
 148:Drivers/STM32G4xx_HAL_Driver/Src/stm32g4xx_hal_pcd.c ****     hpcd->ResetCallback = HAL_PCD_ResetCallback;
 149:Drivers/STM32G4xx_HAL_Driver/Src/stm32g4xx_hal_pcd.c ****     hpcd->SuspendCallback = HAL_PCD_SuspendCallback;
 150:Drivers/STM32G4xx_HAL_Driver/Src/stm32g4xx_hal_pcd.c ****     hpcd->ResumeCallback = HAL_PCD_ResumeCallback;
 151:Drivers/STM32G4xx_HAL_Driver/Src/stm32g4xx_hal_pcd.c ****     hpcd->ConnectCallback = HAL_PCD_ConnectCallback;
 152:Drivers/STM32G4xx_HAL_Driver/Src/stm32g4xx_hal_pcd.c ****     hpcd->DisconnectCallback = HAL_PCD_DisconnectCallback;
 153:Drivers/STM32G4xx_HAL_Driver/Src/stm32g4xx_hal_pcd.c ****     hpcd->DataOutStageCallback = HAL_PCD_DataOutStageCallback;
 154:Drivers/STM32G4xx_HAL_Driver/Src/stm32g4xx_hal_pcd.c ****     hpcd->DataInStageCallback = HAL_PCD_DataInStageCallback;
 155:Drivers/STM32G4xx_HAL_Driver/Src/stm32g4xx_hal_pcd.c ****     hpcd->ISOOUTIncompleteCallback = HAL_PCD_ISOOUTIncompleteCallback;
 156:Drivers/STM32G4xx_HAL_Driver/Src/stm32g4xx_hal_pcd.c ****     hpcd->ISOINIncompleteCallback = HAL_PCD_ISOINIncompleteCallback;
 157:Drivers/STM32G4xx_HAL_Driver/Src/stm32g4xx_hal_pcd.c ****     hpcd->LPMCallback = HAL_PCDEx_LPM_Callback;
 158:Drivers/STM32G4xx_HAL_Driver/Src/stm32g4xx_hal_pcd.c ****     hpcd->BCDCallback = HAL_PCDEx_BCD_Callback;
 159:Drivers/STM32G4xx_HAL_Driver/Src/stm32g4xx_hal_pcd.c **** 
 160:Drivers/STM32G4xx_HAL_Driver/Src/stm32g4xx_hal_pcd.c ****     if (hpcd->MspInitCallback == NULL)
 161:Drivers/STM32G4xx_HAL_Driver/Src/stm32g4xx_hal_pcd.c ****     {
 162:Drivers/STM32G4xx_HAL_Driver/Src/stm32g4xx_hal_pcd.c ****       hpcd->MspInitCallback = HAL_PCD_MspInit;
 163:Drivers/STM32G4xx_HAL_Driver/Src/stm32g4xx_hal_pcd.c ****     }
 164:Drivers/STM32G4xx_HAL_Driver/Src/stm32g4xx_hal_pcd.c **** 
 165:Drivers/STM32G4xx_HAL_Driver/Src/stm32g4xx_hal_pcd.c ****     /* Init the low level hardware */
 166:Drivers/STM32G4xx_HAL_Driver/Src/stm32g4xx_hal_pcd.c ****     hpcd->MspInitCallback(hpcd);
 167:Drivers/STM32G4xx_HAL_Driver/Src/stm32g4xx_hal_pcd.c **** #else
 168:Drivers/STM32G4xx_HAL_Driver/Src/stm32g4xx_hal_pcd.c ****     /* Init the low level hardware : GPIO, CLOCK, NVIC... */
 169:Drivers/STM32G4xx_HAL_Driver/Src/stm32g4xx_hal_pcd.c ****     HAL_PCD_MspInit(hpcd);
 170:Drivers/STM32G4xx_HAL_Driver/Src/stm32g4xx_hal_pcd.c **** #endif /* (USE_HAL_PCD_REGISTER_CALLBACKS) */
 171:Drivers/STM32G4xx_HAL_Driver/Src/stm32g4xx_hal_pcd.c ****   }
 172:Drivers/STM32G4xx_HAL_Driver/Src/stm32g4xx_hal_pcd.c **** 
 173:Drivers/STM32G4xx_HAL_Driver/Src/stm32g4xx_hal_pcd.c ****   hpcd->State = HAL_PCD_STATE_BUSY;
 174:Drivers/STM32G4xx_HAL_Driver/Src/stm32g4xx_hal_pcd.c **** 
 175:Drivers/STM32G4xx_HAL_Driver/Src/stm32g4xx_hal_pcd.c ****   /* Disable the Interrupts */
 176:Drivers/STM32G4xx_HAL_Driver/Src/stm32g4xx_hal_pcd.c ****   __HAL_PCD_DISABLE(hpcd);
 177:Drivers/STM32G4xx_HAL_Driver/Src/stm32g4xx_hal_pcd.c **** 
 178:Drivers/STM32G4xx_HAL_Driver/Src/stm32g4xx_hal_pcd.c ****   /* Init endpoints structures */
 179:Drivers/STM32G4xx_HAL_Driver/Src/stm32g4xx_hal_pcd.c ****   for (i = 0U; i < hpcd->Init.dev_endpoints; i++)
 180:Drivers/STM32G4xx_HAL_Driver/Src/stm32g4xx_hal_pcd.c ****   {
 181:Drivers/STM32G4xx_HAL_Driver/Src/stm32g4xx_hal_pcd.c ****     /* Init ep structure */
 182:Drivers/STM32G4xx_HAL_Driver/Src/stm32g4xx_hal_pcd.c ****     hpcd->IN_ep[i].is_in = 1U;
 183:Drivers/STM32G4xx_HAL_Driver/Src/stm32g4xx_hal_pcd.c ****     hpcd->IN_ep[i].num = i;
 184:Drivers/STM32G4xx_HAL_Driver/Src/stm32g4xx_hal_pcd.c ****     /* Control until ep is activated */
 185:Drivers/STM32G4xx_HAL_Driver/Src/stm32g4xx_hal_pcd.c ****     hpcd->IN_ep[i].type = EP_TYPE_CTRL;
 186:Drivers/STM32G4xx_HAL_Driver/Src/stm32g4xx_hal_pcd.c ****     hpcd->IN_ep[i].maxpacket = 0U;
 187:Drivers/STM32G4xx_HAL_Driver/Src/stm32g4xx_hal_pcd.c ****     hpcd->IN_ep[i].xfer_buff = 0U;
 188:Drivers/STM32G4xx_HAL_Driver/Src/stm32g4xx_hal_pcd.c ****     hpcd->IN_ep[i].xfer_len = 0U;
 189:Drivers/STM32G4xx_HAL_Driver/Src/stm32g4xx_hal_pcd.c ****   }
 190:Drivers/STM32G4xx_HAL_Driver/Src/stm32g4xx_hal_pcd.c **** 
 191:Drivers/STM32G4xx_HAL_Driver/Src/stm32g4xx_hal_pcd.c ****   for (i = 0U; i < hpcd->Init.dev_endpoints; i++)
 192:Drivers/STM32G4xx_HAL_Driver/Src/stm32g4xx_hal_pcd.c ****   {
 193:Drivers/STM32G4xx_HAL_Driver/Src/stm32g4xx_hal_pcd.c ****     hpcd->OUT_ep[i].is_in = 0U;
 194:Drivers/STM32G4xx_HAL_Driver/Src/stm32g4xx_hal_pcd.c ****     hpcd->OUT_ep[i].num = i;
 195:Drivers/STM32G4xx_HAL_Driver/Src/stm32g4xx_hal_pcd.c ****     /* Control until ep is activated */
 196:Drivers/STM32G4xx_HAL_Driver/Src/stm32g4xx_hal_pcd.c ****     hpcd->OUT_ep[i].type = EP_TYPE_CTRL;
 197:Drivers/STM32G4xx_HAL_Driver/Src/stm32g4xx_hal_pcd.c ****     hpcd->OUT_ep[i].maxpacket = 0U;
 198:Drivers/STM32G4xx_HAL_Driver/Src/stm32g4xx_hal_pcd.c ****     hpcd->OUT_ep[i].xfer_buff = 0U;
 199:Drivers/STM32G4xx_HAL_Driver/Src/stm32g4xx_hal_pcd.c ****     hpcd->OUT_ep[i].xfer_len = 0U;
 200:Drivers/STM32G4xx_HAL_Driver/Src/stm32g4xx_hal_pcd.c ****   }
 201:Drivers/STM32G4xx_HAL_Driver/Src/stm32g4xx_hal_pcd.c **** 
ARM GAS  /tmp/cc2qdi8m.s 			page 5


 202:Drivers/STM32G4xx_HAL_Driver/Src/stm32g4xx_hal_pcd.c ****   /* Init Device */
 203:Drivers/STM32G4xx_HAL_Driver/Src/stm32g4xx_hal_pcd.c ****   (void)USB_DevInit(hpcd->Instance, hpcd->Init);
 204:Drivers/STM32G4xx_HAL_Driver/Src/stm32g4xx_hal_pcd.c **** 
 205:Drivers/STM32G4xx_HAL_Driver/Src/stm32g4xx_hal_pcd.c ****   hpcd->USB_Address = 0U;
 206:Drivers/STM32G4xx_HAL_Driver/Src/stm32g4xx_hal_pcd.c ****   hpcd->State = HAL_PCD_STATE_READY;
 207:Drivers/STM32G4xx_HAL_Driver/Src/stm32g4xx_hal_pcd.c **** 
 208:Drivers/STM32G4xx_HAL_Driver/Src/stm32g4xx_hal_pcd.c ****   /* Activate LPM */
 209:Drivers/STM32G4xx_HAL_Driver/Src/stm32g4xx_hal_pcd.c ****   if (hpcd->Init.lpm_enable == 1U)
 210:Drivers/STM32G4xx_HAL_Driver/Src/stm32g4xx_hal_pcd.c ****   {
 211:Drivers/STM32G4xx_HAL_Driver/Src/stm32g4xx_hal_pcd.c ****     (void)HAL_PCDEx_ActivateLPM(hpcd);
 212:Drivers/STM32G4xx_HAL_Driver/Src/stm32g4xx_hal_pcd.c ****   }
 213:Drivers/STM32G4xx_HAL_Driver/Src/stm32g4xx_hal_pcd.c **** 
 214:Drivers/STM32G4xx_HAL_Driver/Src/stm32g4xx_hal_pcd.c ****   return HAL_OK;
 215:Drivers/STM32G4xx_HAL_Driver/Src/stm32g4xx_hal_pcd.c **** }
 216:Drivers/STM32G4xx_HAL_Driver/Src/stm32g4xx_hal_pcd.c **** 
 217:Drivers/STM32G4xx_HAL_Driver/Src/stm32g4xx_hal_pcd.c **** /**
 218:Drivers/STM32G4xx_HAL_Driver/Src/stm32g4xx_hal_pcd.c ****   * @brief  DeInitializes the PCD peripheral.
 219:Drivers/STM32G4xx_HAL_Driver/Src/stm32g4xx_hal_pcd.c ****   * @param  hpcd PCD handle
 220:Drivers/STM32G4xx_HAL_Driver/Src/stm32g4xx_hal_pcd.c ****   * @retval HAL status
 221:Drivers/STM32G4xx_HAL_Driver/Src/stm32g4xx_hal_pcd.c ****   */
 222:Drivers/STM32G4xx_HAL_Driver/Src/stm32g4xx_hal_pcd.c **** HAL_StatusTypeDef HAL_PCD_DeInit(PCD_HandleTypeDef *hpcd)
 223:Drivers/STM32G4xx_HAL_Driver/Src/stm32g4xx_hal_pcd.c **** {
 224:Drivers/STM32G4xx_HAL_Driver/Src/stm32g4xx_hal_pcd.c ****   /* Check the PCD handle allocation */
 225:Drivers/STM32G4xx_HAL_Driver/Src/stm32g4xx_hal_pcd.c ****   if (hpcd == NULL)
 226:Drivers/STM32G4xx_HAL_Driver/Src/stm32g4xx_hal_pcd.c ****   {
 227:Drivers/STM32G4xx_HAL_Driver/Src/stm32g4xx_hal_pcd.c ****     return HAL_ERROR;
 228:Drivers/STM32G4xx_HAL_Driver/Src/stm32g4xx_hal_pcd.c ****   }
 229:Drivers/STM32G4xx_HAL_Driver/Src/stm32g4xx_hal_pcd.c **** 
 230:Drivers/STM32G4xx_HAL_Driver/Src/stm32g4xx_hal_pcd.c ****   hpcd->State = HAL_PCD_STATE_BUSY;
 231:Drivers/STM32G4xx_HAL_Driver/Src/stm32g4xx_hal_pcd.c **** 
 232:Drivers/STM32G4xx_HAL_Driver/Src/stm32g4xx_hal_pcd.c ****   /* Stop Device */
 233:Drivers/STM32G4xx_HAL_Driver/Src/stm32g4xx_hal_pcd.c ****   if (USB_StopDevice(hpcd->Instance) != HAL_OK)
 234:Drivers/STM32G4xx_HAL_Driver/Src/stm32g4xx_hal_pcd.c ****   {
 235:Drivers/STM32G4xx_HAL_Driver/Src/stm32g4xx_hal_pcd.c ****     return HAL_ERROR;
 236:Drivers/STM32G4xx_HAL_Driver/Src/stm32g4xx_hal_pcd.c ****   }
 237:Drivers/STM32G4xx_HAL_Driver/Src/stm32g4xx_hal_pcd.c **** 
 238:Drivers/STM32G4xx_HAL_Driver/Src/stm32g4xx_hal_pcd.c **** #if (USE_HAL_PCD_REGISTER_CALLBACKS == 1U)
 239:Drivers/STM32G4xx_HAL_Driver/Src/stm32g4xx_hal_pcd.c ****   if (hpcd->MspDeInitCallback == NULL)
 240:Drivers/STM32G4xx_HAL_Driver/Src/stm32g4xx_hal_pcd.c ****   {
 241:Drivers/STM32G4xx_HAL_Driver/Src/stm32g4xx_hal_pcd.c ****     hpcd->MspDeInitCallback = HAL_PCD_MspDeInit; /* Legacy weak MspDeInit  */
 242:Drivers/STM32G4xx_HAL_Driver/Src/stm32g4xx_hal_pcd.c ****   }
 243:Drivers/STM32G4xx_HAL_Driver/Src/stm32g4xx_hal_pcd.c **** 
 244:Drivers/STM32G4xx_HAL_Driver/Src/stm32g4xx_hal_pcd.c ****   /* DeInit the low level hardware */
 245:Drivers/STM32G4xx_HAL_Driver/Src/stm32g4xx_hal_pcd.c ****   hpcd->MspDeInitCallback(hpcd);
 246:Drivers/STM32G4xx_HAL_Driver/Src/stm32g4xx_hal_pcd.c **** #else
 247:Drivers/STM32G4xx_HAL_Driver/Src/stm32g4xx_hal_pcd.c ****   /* DeInit the low level hardware: CLOCK, NVIC.*/
 248:Drivers/STM32G4xx_HAL_Driver/Src/stm32g4xx_hal_pcd.c ****   HAL_PCD_MspDeInit(hpcd);
 249:Drivers/STM32G4xx_HAL_Driver/Src/stm32g4xx_hal_pcd.c **** #endif /* USE_HAL_PCD_REGISTER_CALLBACKS */
 250:Drivers/STM32G4xx_HAL_Driver/Src/stm32g4xx_hal_pcd.c **** 
 251:Drivers/STM32G4xx_HAL_Driver/Src/stm32g4xx_hal_pcd.c ****   hpcd->State = HAL_PCD_STATE_RESET;
 252:Drivers/STM32G4xx_HAL_Driver/Src/stm32g4xx_hal_pcd.c **** 
 253:Drivers/STM32G4xx_HAL_Driver/Src/stm32g4xx_hal_pcd.c ****   return HAL_OK;
 254:Drivers/STM32G4xx_HAL_Driver/Src/stm32g4xx_hal_pcd.c **** }
 255:Drivers/STM32G4xx_HAL_Driver/Src/stm32g4xx_hal_pcd.c **** 
 256:Drivers/STM32G4xx_HAL_Driver/Src/stm32g4xx_hal_pcd.c **** /**
 257:Drivers/STM32G4xx_HAL_Driver/Src/stm32g4xx_hal_pcd.c ****   * @brief  Initializes the PCD MSP.
 258:Drivers/STM32G4xx_HAL_Driver/Src/stm32g4xx_hal_pcd.c ****   * @param  hpcd PCD handle
ARM GAS  /tmp/cc2qdi8m.s 			page 6


 259:Drivers/STM32G4xx_HAL_Driver/Src/stm32g4xx_hal_pcd.c ****   * @retval None
 260:Drivers/STM32G4xx_HAL_Driver/Src/stm32g4xx_hal_pcd.c ****   */
 261:Drivers/STM32G4xx_HAL_Driver/Src/stm32g4xx_hal_pcd.c **** __weak void HAL_PCD_MspInit(PCD_HandleTypeDef *hpcd)
 262:Drivers/STM32G4xx_HAL_Driver/Src/stm32g4xx_hal_pcd.c **** {
 263:Drivers/STM32G4xx_HAL_Driver/Src/stm32g4xx_hal_pcd.c ****   /* Prevent unused argument(s) compilation warning */
 264:Drivers/STM32G4xx_HAL_Driver/Src/stm32g4xx_hal_pcd.c ****   UNUSED(hpcd);
 265:Drivers/STM32G4xx_HAL_Driver/Src/stm32g4xx_hal_pcd.c **** 
 266:Drivers/STM32G4xx_HAL_Driver/Src/stm32g4xx_hal_pcd.c ****   /* NOTE : This function should not be modified, when the callback is needed,
 267:Drivers/STM32G4xx_HAL_Driver/Src/stm32g4xx_hal_pcd.c ****             the HAL_PCD_MspInit could be implemented in the user file
 268:Drivers/STM32G4xx_HAL_Driver/Src/stm32g4xx_hal_pcd.c ****    */
 269:Drivers/STM32G4xx_HAL_Driver/Src/stm32g4xx_hal_pcd.c **** }
 270:Drivers/STM32G4xx_HAL_Driver/Src/stm32g4xx_hal_pcd.c **** 
 271:Drivers/STM32G4xx_HAL_Driver/Src/stm32g4xx_hal_pcd.c **** /**
 272:Drivers/STM32G4xx_HAL_Driver/Src/stm32g4xx_hal_pcd.c ****   * @brief  DeInitializes PCD MSP.
 273:Drivers/STM32G4xx_HAL_Driver/Src/stm32g4xx_hal_pcd.c ****   * @param  hpcd PCD handle
 274:Drivers/STM32G4xx_HAL_Driver/Src/stm32g4xx_hal_pcd.c ****   * @retval None
 275:Drivers/STM32G4xx_HAL_Driver/Src/stm32g4xx_hal_pcd.c ****   */
 276:Drivers/STM32G4xx_HAL_Driver/Src/stm32g4xx_hal_pcd.c **** __weak void HAL_PCD_MspDeInit(PCD_HandleTypeDef *hpcd)
 277:Drivers/STM32G4xx_HAL_Driver/Src/stm32g4xx_hal_pcd.c **** {
 278:Drivers/STM32G4xx_HAL_Driver/Src/stm32g4xx_hal_pcd.c ****   /* Prevent unused argument(s) compilation warning */
 279:Drivers/STM32G4xx_HAL_Driver/Src/stm32g4xx_hal_pcd.c ****   UNUSED(hpcd);
 280:Drivers/STM32G4xx_HAL_Driver/Src/stm32g4xx_hal_pcd.c **** 
 281:Drivers/STM32G4xx_HAL_Driver/Src/stm32g4xx_hal_pcd.c ****   /* NOTE : This function should not be modified, when the callback is needed,
 282:Drivers/STM32G4xx_HAL_Driver/Src/stm32g4xx_hal_pcd.c ****             the HAL_PCD_MspDeInit could be implemented in the user file
 283:Drivers/STM32G4xx_HAL_Driver/Src/stm32g4xx_hal_pcd.c ****    */
 284:Drivers/STM32G4xx_HAL_Driver/Src/stm32g4xx_hal_pcd.c **** }
 285:Drivers/STM32G4xx_HAL_Driver/Src/stm32g4xx_hal_pcd.c **** 
 286:Drivers/STM32G4xx_HAL_Driver/Src/stm32g4xx_hal_pcd.c **** #if (USE_HAL_PCD_REGISTER_CALLBACKS == 1U)
 287:Drivers/STM32G4xx_HAL_Driver/Src/stm32g4xx_hal_pcd.c **** /**
 288:Drivers/STM32G4xx_HAL_Driver/Src/stm32g4xx_hal_pcd.c ****   * @brief  Register a User USB PCD Callback
 289:Drivers/STM32G4xx_HAL_Driver/Src/stm32g4xx_hal_pcd.c ****   *         To be used instead of the weak predefined callback
 290:Drivers/STM32G4xx_HAL_Driver/Src/stm32g4xx_hal_pcd.c ****   * @param  hpcd USB PCD handle
 291:Drivers/STM32G4xx_HAL_Driver/Src/stm32g4xx_hal_pcd.c ****   * @param  CallbackID ID of the callback to be registered
 292:Drivers/STM32G4xx_HAL_Driver/Src/stm32g4xx_hal_pcd.c ****   *         This parameter can be one of the following values:
 293:Drivers/STM32G4xx_HAL_Driver/Src/stm32g4xx_hal_pcd.c ****   *          @arg @ref HAL_PCD_SOF_CB_ID USB PCD SOF callback ID
 294:Drivers/STM32G4xx_HAL_Driver/Src/stm32g4xx_hal_pcd.c ****   *          @arg @ref HAL_PCD_SETUPSTAGE_CB_ID USB PCD Setup callback ID
 295:Drivers/STM32G4xx_HAL_Driver/Src/stm32g4xx_hal_pcd.c ****   *          @arg @ref HAL_PCD_RESET_CB_ID USB PCD Reset callback ID
 296:Drivers/STM32G4xx_HAL_Driver/Src/stm32g4xx_hal_pcd.c ****   *          @arg @ref HAL_PCD_SUSPEND_CB_ID USB PCD Suspend callback ID
 297:Drivers/STM32G4xx_HAL_Driver/Src/stm32g4xx_hal_pcd.c ****   *          @arg @ref HAL_PCD_RESUME_CB_ID USB PCD Resume callback ID
 298:Drivers/STM32G4xx_HAL_Driver/Src/stm32g4xx_hal_pcd.c ****   *          @arg @ref HAL_PCD_CONNECT_CB_ID USB PCD Connect callback ID
 299:Drivers/STM32G4xx_HAL_Driver/Src/stm32g4xx_hal_pcd.c ****   *          @arg @ref HAL_PCD_DISCONNECT_CB_ID USB PCD Disconnect callback ID
 300:Drivers/STM32G4xx_HAL_Driver/Src/stm32g4xx_hal_pcd.c ****   *          @arg @ref HAL_PCD_MSPINIT_CB_ID MspDeInit callback ID
 301:Drivers/STM32G4xx_HAL_Driver/Src/stm32g4xx_hal_pcd.c ****   *          @arg @ref HAL_PCD_MSPDEINIT_CB_ID MspDeInit callback ID
 302:Drivers/STM32G4xx_HAL_Driver/Src/stm32g4xx_hal_pcd.c ****   * @param  pCallback pointer to the Callback function
 303:Drivers/STM32G4xx_HAL_Driver/Src/stm32g4xx_hal_pcd.c ****   * @retval HAL status
 304:Drivers/STM32G4xx_HAL_Driver/Src/stm32g4xx_hal_pcd.c ****   */
 305:Drivers/STM32G4xx_HAL_Driver/Src/stm32g4xx_hal_pcd.c **** HAL_StatusTypeDef HAL_PCD_RegisterCallback(PCD_HandleTypeDef *hpcd,
 306:Drivers/STM32G4xx_HAL_Driver/Src/stm32g4xx_hal_pcd.c ****                                            HAL_PCD_CallbackIDTypeDef CallbackID,
 307:Drivers/STM32G4xx_HAL_Driver/Src/stm32g4xx_hal_pcd.c ****                                            pPCD_CallbackTypeDef pCallback)
 308:Drivers/STM32G4xx_HAL_Driver/Src/stm32g4xx_hal_pcd.c **** {
 309:Drivers/STM32G4xx_HAL_Driver/Src/stm32g4xx_hal_pcd.c ****   HAL_StatusTypeDef status = HAL_OK;
 310:Drivers/STM32G4xx_HAL_Driver/Src/stm32g4xx_hal_pcd.c **** 
 311:Drivers/STM32G4xx_HAL_Driver/Src/stm32g4xx_hal_pcd.c ****   if (pCallback == NULL)
 312:Drivers/STM32G4xx_HAL_Driver/Src/stm32g4xx_hal_pcd.c ****   {
 313:Drivers/STM32G4xx_HAL_Driver/Src/stm32g4xx_hal_pcd.c ****     /* Update the error code */
 314:Drivers/STM32G4xx_HAL_Driver/Src/stm32g4xx_hal_pcd.c ****     hpcd->ErrorCode |= HAL_PCD_ERROR_INVALID_CALLBACK;
 315:Drivers/STM32G4xx_HAL_Driver/Src/stm32g4xx_hal_pcd.c ****     return HAL_ERROR;
ARM GAS  /tmp/cc2qdi8m.s 			page 7


 316:Drivers/STM32G4xx_HAL_Driver/Src/stm32g4xx_hal_pcd.c ****   }
 317:Drivers/STM32G4xx_HAL_Driver/Src/stm32g4xx_hal_pcd.c **** 
 318:Drivers/STM32G4xx_HAL_Driver/Src/stm32g4xx_hal_pcd.c ****   if (hpcd->State == HAL_PCD_STATE_READY)
 319:Drivers/STM32G4xx_HAL_Driver/Src/stm32g4xx_hal_pcd.c ****   {
 320:Drivers/STM32G4xx_HAL_Driver/Src/stm32g4xx_hal_pcd.c ****     switch (CallbackID)
 321:Drivers/STM32G4xx_HAL_Driver/Src/stm32g4xx_hal_pcd.c ****     {
 322:Drivers/STM32G4xx_HAL_Driver/Src/stm32g4xx_hal_pcd.c ****       case HAL_PCD_SOF_CB_ID :
 323:Drivers/STM32G4xx_HAL_Driver/Src/stm32g4xx_hal_pcd.c ****         hpcd->SOFCallback = pCallback;
 324:Drivers/STM32G4xx_HAL_Driver/Src/stm32g4xx_hal_pcd.c ****         break;
 325:Drivers/STM32G4xx_HAL_Driver/Src/stm32g4xx_hal_pcd.c **** 
 326:Drivers/STM32G4xx_HAL_Driver/Src/stm32g4xx_hal_pcd.c ****       case HAL_PCD_SETUPSTAGE_CB_ID :
 327:Drivers/STM32G4xx_HAL_Driver/Src/stm32g4xx_hal_pcd.c ****         hpcd->SetupStageCallback = pCallback;
 328:Drivers/STM32G4xx_HAL_Driver/Src/stm32g4xx_hal_pcd.c ****         break;
 329:Drivers/STM32G4xx_HAL_Driver/Src/stm32g4xx_hal_pcd.c **** 
 330:Drivers/STM32G4xx_HAL_Driver/Src/stm32g4xx_hal_pcd.c ****       case HAL_PCD_RESET_CB_ID :
 331:Drivers/STM32G4xx_HAL_Driver/Src/stm32g4xx_hal_pcd.c ****         hpcd->ResetCallback = pCallback;
 332:Drivers/STM32G4xx_HAL_Driver/Src/stm32g4xx_hal_pcd.c ****         break;
 333:Drivers/STM32G4xx_HAL_Driver/Src/stm32g4xx_hal_pcd.c **** 
 334:Drivers/STM32G4xx_HAL_Driver/Src/stm32g4xx_hal_pcd.c ****       case HAL_PCD_SUSPEND_CB_ID :
 335:Drivers/STM32G4xx_HAL_Driver/Src/stm32g4xx_hal_pcd.c ****         hpcd->SuspendCallback = pCallback;
 336:Drivers/STM32G4xx_HAL_Driver/Src/stm32g4xx_hal_pcd.c ****         break;
 337:Drivers/STM32G4xx_HAL_Driver/Src/stm32g4xx_hal_pcd.c **** 
 338:Drivers/STM32G4xx_HAL_Driver/Src/stm32g4xx_hal_pcd.c ****       case HAL_PCD_RESUME_CB_ID :
 339:Drivers/STM32G4xx_HAL_Driver/Src/stm32g4xx_hal_pcd.c ****         hpcd->ResumeCallback = pCallback;
 340:Drivers/STM32G4xx_HAL_Driver/Src/stm32g4xx_hal_pcd.c ****         break;
 341:Drivers/STM32G4xx_HAL_Driver/Src/stm32g4xx_hal_pcd.c **** 
 342:Drivers/STM32G4xx_HAL_Driver/Src/stm32g4xx_hal_pcd.c ****       case HAL_PCD_CONNECT_CB_ID :
 343:Drivers/STM32G4xx_HAL_Driver/Src/stm32g4xx_hal_pcd.c ****         hpcd->ConnectCallback = pCallback;
 344:Drivers/STM32G4xx_HAL_Driver/Src/stm32g4xx_hal_pcd.c ****         break;
 345:Drivers/STM32G4xx_HAL_Driver/Src/stm32g4xx_hal_pcd.c **** 
 346:Drivers/STM32G4xx_HAL_Driver/Src/stm32g4xx_hal_pcd.c ****       case HAL_PCD_DISCONNECT_CB_ID :
 347:Drivers/STM32G4xx_HAL_Driver/Src/stm32g4xx_hal_pcd.c ****         hpcd->DisconnectCallback = pCallback;
 348:Drivers/STM32G4xx_HAL_Driver/Src/stm32g4xx_hal_pcd.c ****         break;
 349:Drivers/STM32G4xx_HAL_Driver/Src/stm32g4xx_hal_pcd.c **** 
 350:Drivers/STM32G4xx_HAL_Driver/Src/stm32g4xx_hal_pcd.c ****       case HAL_PCD_MSPINIT_CB_ID :
 351:Drivers/STM32G4xx_HAL_Driver/Src/stm32g4xx_hal_pcd.c ****         hpcd->MspInitCallback = pCallback;
 352:Drivers/STM32G4xx_HAL_Driver/Src/stm32g4xx_hal_pcd.c ****         break;
 353:Drivers/STM32G4xx_HAL_Driver/Src/stm32g4xx_hal_pcd.c **** 
 354:Drivers/STM32G4xx_HAL_Driver/Src/stm32g4xx_hal_pcd.c ****       case HAL_PCD_MSPDEINIT_CB_ID :
 355:Drivers/STM32G4xx_HAL_Driver/Src/stm32g4xx_hal_pcd.c ****         hpcd->MspDeInitCallback = pCallback;
 356:Drivers/STM32G4xx_HAL_Driver/Src/stm32g4xx_hal_pcd.c ****         break;
 357:Drivers/STM32G4xx_HAL_Driver/Src/stm32g4xx_hal_pcd.c **** 
 358:Drivers/STM32G4xx_HAL_Driver/Src/stm32g4xx_hal_pcd.c ****       default :
 359:Drivers/STM32G4xx_HAL_Driver/Src/stm32g4xx_hal_pcd.c ****         /* Update the error code */
 360:Drivers/STM32G4xx_HAL_Driver/Src/stm32g4xx_hal_pcd.c ****         hpcd->ErrorCode |= HAL_PCD_ERROR_INVALID_CALLBACK;
 361:Drivers/STM32G4xx_HAL_Driver/Src/stm32g4xx_hal_pcd.c ****         /* Return error status */
 362:Drivers/STM32G4xx_HAL_Driver/Src/stm32g4xx_hal_pcd.c ****         status =  HAL_ERROR;
 363:Drivers/STM32G4xx_HAL_Driver/Src/stm32g4xx_hal_pcd.c ****         break;
 364:Drivers/STM32G4xx_HAL_Driver/Src/stm32g4xx_hal_pcd.c ****     }
 365:Drivers/STM32G4xx_HAL_Driver/Src/stm32g4xx_hal_pcd.c ****   }
 366:Drivers/STM32G4xx_HAL_Driver/Src/stm32g4xx_hal_pcd.c ****   else if (hpcd->State == HAL_PCD_STATE_RESET)
 367:Drivers/STM32G4xx_HAL_Driver/Src/stm32g4xx_hal_pcd.c ****   {
 368:Drivers/STM32G4xx_HAL_Driver/Src/stm32g4xx_hal_pcd.c ****     switch (CallbackID)
 369:Drivers/STM32G4xx_HAL_Driver/Src/stm32g4xx_hal_pcd.c ****     {
 370:Drivers/STM32G4xx_HAL_Driver/Src/stm32g4xx_hal_pcd.c ****       case HAL_PCD_MSPINIT_CB_ID :
 371:Drivers/STM32G4xx_HAL_Driver/Src/stm32g4xx_hal_pcd.c ****         hpcd->MspInitCallback = pCallback;
 372:Drivers/STM32G4xx_HAL_Driver/Src/stm32g4xx_hal_pcd.c ****         break;
ARM GAS  /tmp/cc2qdi8m.s 			page 8


 373:Drivers/STM32G4xx_HAL_Driver/Src/stm32g4xx_hal_pcd.c **** 
 374:Drivers/STM32G4xx_HAL_Driver/Src/stm32g4xx_hal_pcd.c ****       case HAL_PCD_MSPDEINIT_CB_ID :
 375:Drivers/STM32G4xx_HAL_Driver/Src/stm32g4xx_hal_pcd.c ****         hpcd->MspDeInitCallback = pCallback;
 376:Drivers/STM32G4xx_HAL_Driver/Src/stm32g4xx_hal_pcd.c ****         break;
 377:Drivers/STM32G4xx_HAL_Driver/Src/stm32g4xx_hal_pcd.c **** 
 378:Drivers/STM32G4xx_HAL_Driver/Src/stm32g4xx_hal_pcd.c ****       default :
 379:Drivers/STM32G4xx_HAL_Driver/Src/stm32g4xx_hal_pcd.c ****         /* Update the error code */
 380:Drivers/STM32G4xx_HAL_Driver/Src/stm32g4xx_hal_pcd.c ****         hpcd->ErrorCode |= HAL_PCD_ERROR_INVALID_CALLBACK;
 381:Drivers/STM32G4xx_HAL_Driver/Src/stm32g4xx_hal_pcd.c ****         /* Return error status */
 382:Drivers/STM32G4xx_HAL_Driver/Src/stm32g4xx_hal_pcd.c ****         status =  HAL_ERROR;
 383:Drivers/STM32G4xx_HAL_Driver/Src/stm32g4xx_hal_pcd.c ****         break;
 384:Drivers/STM32G4xx_HAL_Driver/Src/stm32g4xx_hal_pcd.c ****     }
 385:Drivers/STM32G4xx_HAL_Driver/Src/stm32g4xx_hal_pcd.c ****   }
 386:Drivers/STM32G4xx_HAL_Driver/Src/stm32g4xx_hal_pcd.c ****   else
 387:Drivers/STM32G4xx_HAL_Driver/Src/stm32g4xx_hal_pcd.c ****   {
 388:Drivers/STM32G4xx_HAL_Driver/Src/stm32g4xx_hal_pcd.c ****     /* Update the error code */
 389:Drivers/STM32G4xx_HAL_Driver/Src/stm32g4xx_hal_pcd.c ****     hpcd->ErrorCode |= HAL_PCD_ERROR_INVALID_CALLBACK;
 390:Drivers/STM32G4xx_HAL_Driver/Src/stm32g4xx_hal_pcd.c ****     /* Return error status */
 391:Drivers/STM32G4xx_HAL_Driver/Src/stm32g4xx_hal_pcd.c ****     status =  HAL_ERROR;
 392:Drivers/STM32G4xx_HAL_Driver/Src/stm32g4xx_hal_pcd.c ****   }
 393:Drivers/STM32G4xx_HAL_Driver/Src/stm32g4xx_hal_pcd.c **** 
 394:Drivers/STM32G4xx_HAL_Driver/Src/stm32g4xx_hal_pcd.c ****   return status;
 395:Drivers/STM32G4xx_HAL_Driver/Src/stm32g4xx_hal_pcd.c **** }
 396:Drivers/STM32G4xx_HAL_Driver/Src/stm32g4xx_hal_pcd.c **** 
 397:Drivers/STM32G4xx_HAL_Driver/Src/stm32g4xx_hal_pcd.c **** /**
 398:Drivers/STM32G4xx_HAL_Driver/Src/stm32g4xx_hal_pcd.c ****   * @brief  Unregister an USB PCD Callback
 399:Drivers/STM32G4xx_HAL_Driver/Src/stm32g4xx_hal_pcd.c ****   *         USB PCD callback is redirected to the weak predefined callback
 400:Drivers/STM32G4xx_HAL_Driver/Src/stm32g4xx_hal_pcd.c ****   * @param  hpcd USB PCD handle
 401:Drivers/STM32G4xx_HAL_Driver/Src/stm32g4xx_hal_pcd.c ****   * @param  CallbackID ID of the callback to be unregistered
 402:Drivers/STM32G4xx_HAL_Driver/Src/stm32g4xx_hal_pcd.c ****   *         This parameter can be one of the following values:
 403:Drivers/STM32G4xx_HAL_Driver/Src/stm32g4xx_hal_pcd.c ****   *          @arg @ref HAL_PCD_SOF_CB_ID USB PCD SOF callback ID
 404:Drivers/STM32G4xx_HAL_Driver/Src/stm32g4xx_hal_pcd.c ****   *          @arg @ref HAL_PCD_SETUPSTAGE_CB_ID USB PCD Setup callback ID
 405:Drivers/STM32G4xx_HAL_Driver/Src/stm32g4xx_hal_pcd.c ****   *          @arg @ref HAL_PCD_RESET_CB_ID USB PCD Reset callback ID
 406:Drivers/STM32G4xx_HAL_Driver/Src/stm32g4xx_hal_pcd.c ****   *          @arg @ref HAL_PCD_SUSPEND_CB_ID USB PCD Suspend callback ID
 407:Drivers/STM32G4xx_HAL_Driver/Src/stm32g4xx_hal_pcd.c ****   *          @arg @ref HAL_PCD_RESUME_CB_ID USB PCD Resume callback ID
 408:Drivers/STM32G4xx_HAL_Driver/Src/stm32g4xx_hal_pcd.c ****   *          @arg @ref HAL_PCD_CONNECT_CB_ID USB PCD Connect callback ID
 409:Drivers/STM32G4xx_HAL_Driver/Src/stm32g4xx_hal_pcd.c ****   *          @arg @ref HAL_PCD_DISCONNECT_CB_ID USB PCD Disconnect callback ID
 410:Drivers/STM32G4xx_HAL_Driver/Src/stm32g4xx_hal_pcd.c ****   *          @arg @ref HAL_PCD_MSPINIT_CB_ID MspDeInit callback ID
 411:Drivers/STM32G4xx_HAL_Driver/Src/stm32g4xx_hal_pcd.c ****   *          @arg @ref HAL_PCD_MSPDEINIT_CB_ID MspDeInit callback ID
 412:Drivers/STM32G4xx_HAL_Driver/Src/stm32g4xx_hal_pcd.c ****   * @retval HAL status
 413:Drivers/STM32G4xx_HAL_Driver/Src/stm32g4xx_hal_pcd.c ****   */
 414:Drivers/STM32G4xx_HAL_Driver/Src/stm32g4xx_hal_pcd.c **** HAL_StatusTypeDef HAL_PCD_UnRegisterCallback(PCD_HandleTypeDef *hpcd, HAL_PCD_CallbackIDTypeDef Cal
 415:Drivers/STM32G4xx_HAL_Driver/Src/stm32g4xx_hal_pcd.c **** {
 416:Drivers/STM32G4xx_HAL_Driver/Src/stm32g4xx_hal_pcd.c ****   HAL_StatusTypeDef status = HAL_OK;
 417:Drivers/STM32G4xx_HAL_Driver/Src/stm32g4xx_hal_pcd.c **** 
 418:Drivers/STM32G4xx_HAL_Driver/Src/stm32g4xx_hal_pcd.c ****   /* Setup Legacy weak Callbacks  */
 419:Drivers/STM32G4xx_HAL_Driver/Src/stm32g4xx_hal_pcd.c ****   if (hpcd->State == HAL_PCD_STATE_READY)
 420:Drivers/STM32G4xx_HAL_Driver/Src/stm32g4xx_hal_pcd.c ****   {
 421:Drivers/STM32G4xx_HAL_Driver/Src/stm32g4xx_hal_pcd.c ****     switch (CallbackID)
 422:Drivers/STM32G4xx_HAL_Driver/Src/stm32g4xx_hal_pcd.c ****     {
 423:Drivers/STM32G4xx_HAL_Driver/Src/stm32g4xx_hal_pcd.c ****       case HAL_PCD_SOF_CB_ID :
 424:Drivers/STM32G4xx_HAL_Driver/Src/stm32g4xx_hal_pcd.c ****         hpcd->SOFCallback = HAL_PCD_SOFCallback;
 425:Drivers/STM32G4xx_HAL_Driver/Src/stm32g4xx_hal_pcd.c ****         break;
 426:Drivers/STM32G4xx_HAL_Driver/Src/stm32g4xx_hal_pcd.c **** 
 427:Drivers/STM32G4xx_HAL_Driver/Src/stm32g4xx_hal_pcd.c ****       case HAL_PCD_SETUPSTAGE_CB_ID :
 428:Drivers/STM32G4xx_HAL_Driver/Src/stm32g4xx_hal_pcd.c ****         hpcd->SetupStageCallback = HAL_PCD_SetupStageCallback;
 429:Drivers/STM32G4xx_HAL_Driver/Src/stm32g4xx_hal_pcd.c ****         break;
ARM GAS  /tmp/cc2qdi8m.s 			page 9


 430:Drivers/STM32G4xx_HAL_Driver/Src/stm32g4xx_hal_pcd.c **** 
 431:Drivers/STM32G4xx_HAL_Driver/Src/stm32g4xx_hal_pcd.c ****       case HAL_PCD_RESET_CB_ID :
 432:Drivers/STM32G4xx_HAL_Driver/Src/stm32g4xx_hal_pcd.c ****         hpcd->ResetCallback = HAL_PCD_ResetCallback;
 433:Drivers/STM32G4xx_HAL_Driver/Src/stm32g4xx_hal_pcd.c ****         break;
 434:Drivers/STM32G4xx_HAL_Driver/Src/stm32g4xx_hal_pcd.c **** 
 435:Drivers/STM32G4xx_HAL_Driver/Src/stm32g4xx_hal_pcd.c ****       case HAL_PCD_SUSPEND_CB_ID :
 436:Drivers/STM32G4xx_HAL_Driver/Src/stm32g4xx_hal_pcd.c ****         hpcd->SuspendCallback = HAL_PCD_SuspendCallback;
 437:Drivers/STM32G4xx_HAL_Driver/Src/stm32g4xx_hal_pcd.c ****         break;
 438:Drivers/STM32G4xx_HAL_Driver/Src/stm32g4xx_hal_pcd.c **** 
 439:Drivers/STM32G4xx_HAL_Driver/Src/stm32g4xx_hal_pcd.c ****       case HAL_PCD_RESUME_CB_ID :
 440:Drivers/STM32G4xx_HAL_Driver/Src/stm32g4xx_hal_pcd.c ****         hpcd->ResumeCallback = HAL_PCD_ResumeCallback;
 441:Drivers/STM32G4xx_HAL_Driver/Src/stm32g4xx_hal_pcd.c ****         break;
 442:Drivers/STM32G4xx_HAL_Driver/Src/stm32g4xx_hal_pcd.c **** 
 443:Drivers/STM32G4xx_HAL_Driver/Src/stm32g4xx_hal_pcd.c ****       case HAL_PCD_CONNECT_CB_ID :
 444:Drivers/STM32G4xx_HAL_Driver/Src/stm32g4xx_hal_pcd.c ****         hpcd->ConnectCallback = HAL_PCD_ConnectCallback;
 445:Drivers/STM32G4xx_HAL_Driver/Src/stm32g4xx_hal_pcd.c ****         break;
 446:Drivers/STM32G4xx_HAL_Driver/Src/stm32g4xx_hal_pcd.c **** 
 447:Drivers/STM32G4xx_HAL_Driver/Src/stm32g4xx_hal_pcd.c ****       case HAL_PCD_DISCONNECT_CB_ID :
 448:Drivers/STM32G4xx_HAL_Driver/Src/stm32g4xx_hal_pcd.c ****         hpcd->DisconnectCallback = HAL_PCD_DisconnectCallback;
 449:Drivers/STM32G4xx_HAL_Driver/Src/stm32g4xx_hal_pcd.c ****         break;
 450:Drivers/STM32G4xx_HAL_Driver/Src/stm32g4xx_hal_pcd.c **** 
 451:Drivers/STM32G4xx_HAL_Driver/Src/stm32g4xx_hal_pcd.c ****       case HAL_PCD_MSPINIT_CB_ID :
 452:Drivers/STM32G4xx_HAL_Driver/Src/stm32g4xx_hal_pcd.c ****         hpcd->MspInitCallback = HAL_PCD_MspInit;
 453:Drivers/STM32G4xx_HAL_Driver/Src/stm32g4xx_hal_pcd.c ****         break;
 454:Drivers/STM32G4xx_HAL_Driver/Src/stm32g4xx_hal_pcd.c **** 
 455:Drivers/STM32G4xx_HAL_Driver/Src/stm32g4xx_hal_pcd.c ****       case HAL_PCD_MSPDEINIT_CB_ID :
 456:Drivers/STM32G4xx_HAL_Driver/Src/stm32g4xx_hal_pcd.c ****         hpcd->MspDeInitCallback = HAL_PCD_MspDeInit;
 457:Drivers/STM32G4xx_HAL_Driver/Src/stm32g4xx_hal_pcd.c ****         break;
 458:Drivers/STM32G4xx_HAL_Driver/Src/stm32g4xx_hal_pcd.c **** 
 459:Drivers/STM32G4xx_HAL_Driver/Src/stm32g4xx_hal_pcd.c ****       default :
 460:Drivers/STM32G4xx_HAL_Driver/Src/stm32g4xx_hal_pcd.c ****         /* Update the error code */
 461:Drivers/STM32G4xx_HAL_Driver/Src/stm32g4xx_hal_pcd.c ****         hpcd->ErrorCode |= HAL_PCD_ERROR_INVALID_CALLBACK;
 462:Drivers/STM32G4xx_HAL_Driver/Src/stm32g4xx_hal_pcd.c **** 
 463:Drivers/STM32G4xx_HAL_Driver/Src/stm32g4xx_hal_pcd.c ****         /* Return error status */
 464:Drivers/STM32G4xx_HAL_Driver/Src/stm32g4xx_hal_pcd.c ****         status =  HAL_ERROR;
 465:Drivers/STM32G4xx_HAL_Driver/Src/stm32g4xx_hal_pcd.c ****         break;
 466:Drivers/STM32G4xx_HAL_Driver/Src/stm32g4xx_hal_pcd.c ****     }
 467:Drivers/STM32G4xx_HAL_Driver/Src/stm32g4xx_hal_pcd.c ****   }
 468:Drivers/STM32G4xx_HAL_Driver/Src/stm32g4xx_hal_pcd.c ****   else if (hpcd->State == HAL_PCD_STATE_RESET)
 469:Drivers/STM32G4xx_HAL_Driver/Src/stm32g4xx_hal_pcd.c ****   {
 470:Drivers/STM32G4xx_HAL_Driver/Src/stm32g4xx_hal_pcd.c ****     switch (CallbackID)
 471:Drivers/STM32G4xx_HAL_Driver/Src/stm32g4xx_hal_pcd.c ****     {
 472:Drivers/STM32G4xx_HAL_Driver/Src/stm32g4xx_hal_pcd.c ****       case HAL_PCD_MSPINIT_CB_ID :
 473:Drivers/STM32G4xx_HAL_Driver/Src/stm32g4xx_hal_pcd.c ****         hpcd->MspInitCallback = HAL_PCD_MspInit;
 474:Drivers/STM32G4xx_HAL_Driver/Src/stm32g4xx_hal_pcd.c ****         break;
 475:Drivers/STM32G4xx_HAL_Driver/Src/stm32g4xx_hal_pcd.c **** 
 476:Drivers/STM32G4xx_HAL_Driver/Src/stm32g4xx_hal_pcd.c ****       case HAL_PCD_MSPDEINIT_CB_ID :
 477:Drivers/STM32G4xx_HAL_Driver/Src/stm32g4xx_hal_pcd.c ****         hpcd->MspDeInitCallback = HAL_PCD_MspDeInit;
 478:Drivers/STM32G4xx_HAL_Driver/Src/stm32g4xx_hal_pcd.c ****         break;
 479:Drivers/STM32G4xx_HAL_Driver/Src/stm32g4xx_hal_pcd.c **** 
 480:Drivers/STM32G4xx_HAL_Driver/Src/stm32g4xx_hal_pcd.c ****       default :
 481:Drivers/STM32G4xx_HAL_Driver/Src/stm32g4xx_hal_pcd.c ****         /* Update the error code */
 482:Drivers/STM32G4xx_HAL_Driver/Src/stm32g4xx_hal_pcd.c ****         hpcd->ErrorCode |= HAL_PCD_ERROR_INVALID_CALLBACK;
 483:Drivers/STM32G4xx_HAL_Driver/Src/stm32g4xx_hal_pcd.c **** 
 484:Drivers/STM32G4xx_HAL_Driver/Src/stm32g4xx_hal_pcd.c ****         /* Return error status */
 485:Drivers/STM32G4xx_HAL_Driver/Src/stm32g4xx_hal_pcd.c ****         status =  HAL_ERROR;
 486:Drivers/STM32G4xx_HAL_Driver/Src/stm32g4xx_hal_pcd.c ****         break;
ARM GAS  /tmp/cc2qdi8m.s 			page 10


 487:Drivers/STM32G4xx_HAL_Driver/Src/stm32g4xx_hal_pcd.c ****     }
 488:Drivers/STM32G4xx_HAL_Driver/Src/stm32g4xx_hal_pcd.c ****   }
 489:Drivers/STM32G4xx_HAL_Driver/Src/stm32g4xx_hal_pcd.c ****   else
 490:Drivers/STM32G4xx_HAL_Driver/Src/stm32g4xx_hal_pcd.c ****   {
 491:Drivers/STM32G4xx_HAL_Driver/Src/stm32g4xx_hal_pcd.c ****     /* Update the error code */
 492:Drivers/STM32G4xx_HAL_Driver/Src/stm32g4xx_hal_pcd.c ****     hpcd->ErrorCode |= HAL_PCD_ERROR_INVALID_CALLBACK;
 493:Drivers/STM32G4xx_HAL_Driver/Src/stm32g4xx_hal_pcd.c **** 
 494:Drivers/STM32G4xx_HAL_Driver/Src/stm32g4xx_hal_pcd.c ****     /* Return error status */
 495:Drivers/STM32G4xx_HAL_Driver/Src/stm32g4xx_hal_pcd.c ****     status =  HAL_ERROR;
 496:Drivers/STM32G4xx_HAL_Driver/Src/stm32g4xx_hal_pcd.c ****   }
 497:Drivers/STM32G4xx_HAL_Driver/Src/stm32g4xx_hal_pcd.c **** 
 498:Drivers/STM32G4xx_HAL_Driver/Src/stm32g4xx_hal_pcd.c ****   return status;
 499:Drivers/STM32G4xx_HAL_Driver/Src/stm32g4xx_hal_pcd.c **** }
 500:Drivers/STM32G4xx_HAL_Driver/Src/stm32g4xx_hal_pcd.c **** 
 501:Drivers/STM32G4xx_HAL_Driver/Src/stm32g4xx_hal_pcd.c **** /**
 502:Drivers/STM32G4xx_HAL_Driver/Src/stm32g4xx_hal_pcd.c ****   * @brief  Register USB PCD Data OUT Stage Callback
 503:Drivers/STM32G4xx_HAL_Driver/Src/stm32g4xx_hal_pcd.c ****   *         To be used instead of the weak HAL_PCD_DataOutStageCallback() predefined callback
 504:Drivers/STM32G4xx_HAL_Driver/Src/stm32g4xx_hal_pcd.c ****   * @param  hpcd PCD handle
 505:Drivers/STM32G4xx_HAL_Driver/Src/stm32g4xx_hal_pcd.c ****   * @param  pCallback pointer to the USB PCD Data OUT Stage Callback function
 506:Drivers/STM32G4xx_HAL_Driver/Src/stm32g4xx_hal_pcd.c ****   * @retval HAL status
 507:Drivers/STM32G4xx_HAL_Driver/Src/stm32g4xx_hal_pcd.c ****   */
 508:Drivers/STM32G4xx_HAL_Driver/Src/stm32g4xx_hal_pcd.c **** HAL_StatusTypeDef HAL_PCD_RegisterDataOutStageCallback(PCD_HandleTypeDef *hpcd,
 509:Drivers/STM32G4xx_HAL_Driver/Src/stm32g4xx_hal_pcd.c ****                                                        pPCD_DataOutStageCallbackTypeDef pCallback)
 510:Drivers/STM32G4xx_HAL_Driver/Src/stm32g4xx_hal_pcd.c **** {
 511:Drivers/STM32G4xx_HAL_Driver/Src/stm32g4xx_hal_pcd.c ****   HAL_StatusTypeDef status = HAL_OK;
 512:Drivers/STM32G4xx_HAL_Driver/Src/stm32g4xx_hal_pcd.c **** 
 513:Drivers/STM32G4xx_HAL_Driver/Src/stm32g4xx_hal_pcd.c ****   if (pCallback == NULL)
 514:Drivers/STM32G4xx_HAL_Driver/Src/stm32g4xx_hal_pcd.c ****   {
 515:Drivers/STM32G4xx_HAL_Driver/Src/stm32g4xx_hal_pcd.c ****     /* Update the error code */
 516:Drivers/STM32G4xx_HAL_Driver/Src/stm32g4xx_hal_pcd.c ****     hpcd->ErrorCode |= HAL_PCD_ERROR_INVALID_CALLBACK;
 517:Drivers/STM32G4xx_HAL_Driver/Src/stm32g4xx_hal_pcd.c **** 
 518:Drivers/STM32G4xx_HAL_Driver/Src/stm32g4xx_hal_pcd.c ****     return HAL_ERROR;
 519:Drivers/STM32G4xx_HAL_Driver/Src/stm32g4xx_hal_pcd.c ****   }
 520:Drivers/STM32G4xx_HAL_Driver/Src/stm32g4xx_hal_pcd.c **** 
 521:Drivers/STM32G4xx_HAL_Driver/Src/stm32g4xx_hal_pcd.c ****   if (hpcd->State == HAL_PCD_STATE_READY)
 522:Drivers/STM32G4xx_HAL_Driver/Src/stm32g4xx_hal_pcd.c ****   {
 523:Drivers/STM32G4xx_HAL_Driver/Src/stm32g4xx_hal_pcd.c ****     hpcd->DataOutStageCallback = pCallback;
 524:Drivers/STM32G4xx_HAL_Driver/Src/stm32g4xx_hal_pcd.c ****   }
 525:Drivers/STM32G4xx_HAL_Driver/Src/stm32g4xx_hal_pcd.c ****   else
 526:Drivers/STM32G4xx_HAL_Driver/Src/stm32g4xx_hal_pcd.c ****   {
 527:Drivers/STM32G4xx_HAL_Driver/Src/stm32g4xx_hal_pcd.c ****     /* Update the error code */
 528:Drivers/STM32G4xx_HAL_Driver/Src/stm32g4xx_hal_pcd.c ****     hpcd->ErrorCode |= HAL_PCD_ERROR_INVALID_CALLBACK;
 529:Drivers/STM32G4xx_HAL_Driver/Src/stm32g4xx_hal_pcd.c **** 
 530:Drivers/STM32G4xx_HAL_Driver/Src/stm32g4xx_hal_pcd.c ****     /* Return error status */
 531:Drivers/STM32G4xx_HAL_Driver/Src/stm32g4xx_hal_pcd.c ****     status =  HAL_ERROR;
 532:Drivers/STM32G4xx_HAL_Driver/Src/stm32g4xx_hal_pcd.c ****   }
 533:Drivers/STM32G4xx_HAL_Driver/Src/stm32g4xx_hal_pcd.c **** 
 534:Drivers/STM32G4xx_HAL_Driver/Src/stm32g4xx_hal_pcd.c ****   return status;
 535:Drivers/STM32G4xx_HAL_Driver/Src/stm32g4xx_hal_pcd.c **** }
 536:Drivers/STM32G4xx_HAL_Driver/Src/stm32g4xx_hal_pcd.c **** 
 537:Drivers/STM32G4xx_HAL_Driver/Src/stm32g4xx_hal_pcd.c **** /**
 538:Drivers/STM32G4xx_HAL_Driver/Src/stm32g4xx_hal_pcd.c ****   * @brief  Unregister the USB PCD Data OUT Stage Callback
 539:Drivers/STM32G4xx_HAL_Driver/Src/stm32g4xx_hal_pcd.c ****   *         USB PCD Data OUT Stage Callback is redirected to the weak HAL_PCD_DataOutStageCallback(
 540:Drivers/STM32G4xx_HAL_Driver/Src/stm32g4xx_hal_pcd.c ****   * @param  hpcd PCD handle
 541:Drivers/STM32G4xx_HAL_Driver/Src/stm32g4xx_hal_pcd.c ****   * @retval HAL status
 542:Drivers/STM32G4xx_HAL_Driver/Src/stm32g4xx_hal_pcd.c ****   */
 543:Drivers/STM32G4xx_HAL_Driver/Src/stm32g4xx_hal_pcd.c **** HAL_StatusTypeDef HAL_PCD_UnRegisterDataOutStageCallback(PCD_HandleTypeDef *hpcd)
ARM GAS  /tmp/cc2qdi8m.s 			page 11


 544:Drivers/STM32G4xx_HAL_Driver/Src/stm32g4xx_hal_pcd.c **** {
 545:Drivers/STM32G4xx_HAL_Driver/Src/stm32g4xx_hal_pcd.c ****   HAL_StatusTypeDef status = HAL_OK;
 546:Drivers/STM32G4xx_HAL_Driver/Src/stm32g4xx_hal_pcd.c **** 
 547:Drivers/STM32G4xx_HAL_Driver/Src/stm32g4xx_hal_pcd.c ****   if (hpcd->State == HAL_PCD_STATE_READY)
 548:Drivers/STM32G4xx_HAL_Driver/Src/stm32g4xx_hal_pcd.c ****   {
 549:Drivers/STM32G4xx_HAL_Driver/Src/stm32g4xx_hal_pcd.c ****     hpcd->DataOutStageCallback = HAL_PCD_DataOutStageCallback; /* Legacy weak DataOutStageCallback 
 550:Drivers/STM32G4xx_HAL_Driver/Src/stm32g4xx_hal_pcd.c ****   }
 551:Drivers/STM32G4xx_HAL_Driver/Src/stm32g4xx_hal_pcd.c ****   else
 552:Drivers/STM32G4xx_HAL_Driver/Src/stm32g4xx_hal_pcd.c ****   {
 553:Drivers/STM32G4xx_HAL_Driver/Src/stm32g4xx_hal_pcd.c ****     /* Update the error code */
 554:Drivers/STM32G4xx_HAL_Driver/Src/stm32g4xx_hal_pcd.c ****     hpcd->ErrorCode |= HAL_PCD_ERROR_INVALID_CALLBACK;
 555:Drivers/STM32G4xx_HAL_Driver/Src/stm32g4xx_hal_pcd.c **** 
 556:Drivers/STM32G4xx_HAL_Driver/Src/stm32g4xx_hal_pcd.c ****     /* Return error status */
 557:Drivers/STM32G4xx_HAL_Driver/Src/stm32g4xx_hal_pcd.c ****     status =  HAL_ERROR;
 558:Drivers/STM32G4xx_HAL_Driver/Src/stm32g4xx_hal_pcd.c ****   }
 559:Drivers/STM32G4xx_HAL_Driver/Src/stm32g4xx_hal_pcd.c **** 
 560:Drivers/STM32G4xx_HAL_Driver/Src/stm32g4xx_hal_pcd.c ****   return status;
 561:Drivers/STM32G4xx_HAL_Driver/Src/stm32g4xx_hal_pcd.c **** }
 562:Drivers/STM32G4xx_HAL_Driver/Src/stm32g4xx_hal_pcd.c **** 
 563:Drivers/STM32G4xx_HAL_Driver/Src/stm32g4xx_hal_pcd.c **** /**
 564:Drivers/STM32G4xx_HAL_Driver/Src/stm32g4xx_hal_pcd.c ****   * @brief  Register USB PCD Data IN Stage Callback
 565:Drivers/STM32G4xx_HAL_Driver/Src/stm32g4xx_hal_pcd.c ****   *         To be used instead of the weak HAL_PCD_DataInStageCallback() predefined callback
 566:Drivers/STM32G4xx_HAL_Driver/Src/stm32g4xx_hal_pcd.c ****   * @param  hpcd PCD handle
 567:Drivers/STM32G4xx_HAL_Driver/Src/stm32g4xx_hal_pcd.c ****   * @param  pCallback pointer to the USB PCD Data IN Stage Callback function
 568:Drivers/STM32G4xx_HAL_Driver/Src/stm32g4xx_hal_pcd.c ****   * @retval HAL status
 569:Drivers/STM32G4xx_HAL_Driver/Src/stm32g4xx_hal_pcd.c ****   */
 570:Drivers/STM32G4xx_HAL_Driver/Src/stm32g4xx_hal_pcd.c **** HAL_StatusTypeDef HAL_PCD_RegisterDataInStageCallback(PCD_HandleTypeDef *hpcd,
 571:Drivers/STM32G4xx_HAL_Driver/Src/stm32g4xx_hal_pcd.c ****                                                       pPCD_DataInStageCallbackTypeDef pCallback)
 572:Drivers/STM32G4xx_HAL_Driver/Src/stm32g4xx_hal_pcd.c **** {
 573:Drivers/STM32G4xx_HAL_Driver/Src/stm32g4xx_hal_pcd.c ****   HAL_StatusTypeDef status = HAL_OK;
 574:Drivers/STM32G4xx_HAL_Driver/Src/stm32g4xx_hal_pcd.c **** 
 575:Drivers/STM32G4xx_HAL_Driver/Src/stm32g4xx_hal_pcd.c ****   if (pCallback == NULL)
 576:Drivers/STM32G4xx_HAL_Driver/Src/stm32g4xx_hal_pcd.c ****   {
 577:Drivers/STM32G4xx_HAL_Driver/Src/stm32g4xx_hal_pcd.c ****     /* Update the error code */
 578:Drivers/STM32G4xx_HAL_Driver/Src/stm32g4xx_hal_pcd.c ****     hpcd->ErrorCode |= HAL_PCD_ERROR_INVALID_CALLBACK;
 579:Drivers/STM32G4xx_HAL_Driver/Src/stm32g4xx_hal_pcd.c **** 
 580:Drivers/STM32G4xx_HAL_Driver/Src/stm32g4xx_hal_pcd.c ****     return HAL_ERROR;
 581:Drivers/STM32G4xx_HAL_Driver/Src/stm32g4xx_hal_pcd.c ****   }
 582:Drivers/STM32G4xx_HAL_Driver/Src/stm32g4xx_hal_pcd.c **** 
 583:Drivers/STM32G4xx_HAL_Driver/Src/stm32g4xx_hal_pcd.c ****   if (hpcd->State == HAL_PCD_STATE_READY)
 584:Drivers/STM32G4xx_HAL_Driver/Src/stm32g4xx_hal_pcd.c ****   {
 585:Drivers/STM32G4xx_HAL_Driver/Src/stm32g4xx_hal_pcd.c ****     hpcd->DataInStageCallback = pCallback;
 586:Drivers/STM32G4xx_HAL_Driver/Src/stm32g4xx_hal_pcd.c ****   }
 587:Drivers/STM32G4xx_HAL_Driver/Src/stm32g4xx_hal_pcd.c ****   else
 588:Drivers/STM32G4xx_HAL_Driver/Src/stm32g4xx_hal_pcd.c ****   {
 589:Drivers/STM32G4xx_HAL_Driver/Src/stm32g4xx_hal_pcd.c ****     /* Update the error code */
 590:Drivers/STM32G4xx_HAL_Driver/Src/stm32g4xx_hal_pcd.c ****     hpcd->ErrorCode |= HAL_PCD_ERROR_INVALID_CALLBACK;
 591:Drivers/STM32G4xx_HAL_Driver/Src/stm32g4xx_hal_pcd.c **** 
 592:Drivers/STM32G4xx_HAL_Driver/Src/stm32g4xx_hal_pcd.c ****     /* Return error status */
 593:Drivers/STM32G4xx_HAL_Driver/Src/stm32g4xx_hal_pcd.c ****     status =  HAL_ERROR;
 594:Drivers/STM32G4xx_HAL_Driver/Src/stm32g4xx_hal_pcd.c ****   }
 595:Drivers/STM32G4xx_HAL_Driver/Src/stm32g4xx_hal_pcd.c **** 
 596:Drivers/STM32G4xx_HAL_Driver/Src/stm32g4xx_hal_pcd.c ****   return status;
 597:Drivers/STM32G4xx_HAL_Driver/Src/stm32g4xx_hal_pcd.c **** }
 598:Drivers/STM32G4xx_HAL_Driver/Src/stm32g4xx_hal_pcd.c **** 
 599:Drivers/STM32G4xx_HAL_Driver/Src/stm32g4xx_hal_pcd.c **** /**
 600:Drivers/STM32G4xx_HAL_Driver/Src/stm32g4xx_hal_pcd.c ****   * @brief  Unregister the USB PCD Data IN Stage Callback
ARM GAS  /tmp/cc2qdi8m.s 			page 12


 601:Drivers/STM32G4xx_HAL_Driver/Src/stm32g4xx_hal_pcd.c ****   *         USB PCD Data OUT Stage Callback is redirected to the weak HAL_PCD_DataInStageCallback()
 602:Drivers/STM32G4xx_HAL_Driver/Src/stm32g4xx_hal_pcd.c ****   * @param  hpcd PCD handle
 603:Drivers/STM32G4xx_HAL_Driver/Src/stm32g4xx_hal_pcd.c ****   * @retval HAL status
 604:Drivers/STM32G4xx_HAL_Driver/Src/stm32g4xx_hal_pcd.c ****   */
 605:Drivers/STM32G4xx_HAL_Driver/Src/stm32g4xx_hal_pcd.c **** HAL_StatusTypeDef HAL_PCD_UnRegisterDataInStageCallback(PCD_HandleTypeDef *hpcd)
 606:Drivers/STM32G4xx_HAL_Driver/Src/stm32g4xx_hal_pcd.c **** {
 607:Drivers/STM32G4xx_HAL_Driver/Src/stm32g4xx_hal_pcd.c ****   HAL_StatusTypeDef status = HAL_OK;
 608:Drivers/STM32G4xx_HAL_Driver/Src/stm32g4xx_hal_pcd.c **** 
 609:Drivers/STM32G4xx_HAL_Driver/Src/stm32g4xx_hal_pcd.c ****   if (hpcd->State == HAL_PCD_STATE_READY)
 610:Drivers/STM32G4xx_HAL_Driver/Src/stm32g4xx_hal_pcd.c ****   {
 611:Drivers/STM32G4xx_HAL_Driver/Src/stm32g4xx_hal_pcd.c ****     hpcd->DataInStageCallback = HAL_PCD_DataInStageCallback; /* Legacy weak DataInStageCallback  */
 612:Drivers/STM32G4xx_HAL_Driver/Src/stm32g4xx_hal_pcd.c ****   }
 613:Drivers/STM32G4xx_HAL_Driver/Src/stm32g4xx_hal_pcd.c ****   else
 614:Drivers/STM32G4xx_HAL_Driver/Src/stm32g4xx_hal_pcd.c ****   {
 615:Drivers/STM32G4xx_HAL_Driver/Src/stm32g4xx_hal_pcd.c ****     /* Update the error code */
 616:Drivers/STM32G4xx_HAL_Driver/Src/stm32g4xx_hal_pcd.c ****     hpcd->ErrorCode |= HAL_PCD_ERROR_INVALID_CALLBACK;
 617:Drivers/STM32G4xx_HAL_Driver/Src/stm32g4xx_hal_pcd.c **** 
 618:Drivers/STM32G4xx_HAL_Driver/Src/stm32g4xx_hal_pcd.c ****     /* Return error status */
 619:Drivers/STM32G4xx_HAL_Driver/Src/stm32g4xx_hal_pcd.c ****     status =  HAL_ERROR;
 620:Drivers/STM32G4xx_HAL_Driver/Src/stm32g4xx_hal_pcd.c ****   }
 621:Drivers/STM32G4xx_HAL_Driver/Src/stm32g4xx_hal_pcd.c **** 
 622:Drivers/STM32G4xx_HAL_Driver/Src/stm32g4xx_hal_pcd.c ****   return status;
 623:Drivers/STM32G4xx_HAL_Driver/Src/stm32g4xx_hal_pcd.c **** }
 624:Drivers/STM32G4xx_HAL_Driver/Src/stm32g4xx_hal_pcd.c **** 
 625:Drivers/STM32G4xx_HAL_Driver/Src/stm32g4xx_hal_pcd.c **** /**
 626:Drivers/STM32G4xx_HAL_Driver/Src/stm32g4xx_hal_pcd.c ****   * @brief  Register USB PCD Iso OUT incomplete Callback
 627:Drivers/STM32G4xx_HAL_Driver/Src/stm32g4xx_hal_pcd.c ****   *         To be used instead of the weak HAL_PCD_ISOOUTIncompleteCallback() predefined callback
 628:Drivers/STM32G4xx_HAL_Driver/Src/stm32g4xx_hal_pcd.c ****   * @param  hpcd PCD handle
 629:Drivers/STM32G4xx_HAL_Driver/Src/stm32g4xx_hal_pcd.c ****   * @param  pCallback pointer to the USB PCD Iso OUT incomplete Callback function
 630:Drivers/STM32G4xx_HAL_Driver/Src/stm32g4xx_hal_pcd.c ****   * @retval HAL status
 631:Drivers/STM32G4xx_HAL_Driver/Src/stm32g4xx_hal_pcd.c ****   */
 632:Drivers/STM32G4xx_HAL_Driver/Src/stm32g4xx_hal_pcd.c **** HAL_StatusTypeDef HAL_PCD_RegisterIsoOutIncpltCallback(PCD_HandleTypeDef *hpcd,
 633:Drivers/STM32G4xx_HAL_Driver/Src/stm32g4xx_hal_pcd.c ****                                                        pPCD_IsoOutIncpltCallbackTypeDef pCallback)
 634:Drivers/STM32G4xx_HAL_Driver/Src/stm32g4xx_hal_pcd.c **** {
 635:Drivers/STM32G4xx_HAL_Driver/Src/stm32g4xx_hal_pcd.c ****   HAL_StatusTypeDef status = HAL_OK;
 636:Drivers/STM32G4xx_HAL_Driver/Src/stm32g4xx_hal_pcd.c **** 
 637:Drivers/STM32G4xx_HAL_Driver/Src/stm32g4xx_hal_pcd.c ****   if (pCallback == NULL)
 638:Drivers/STM32G4xx_HAL_Driver/Src/stm32g4xx_hal_pcd.c ****   {
 639:Drivers/STM32G4xx_HAL_Driver/Src/stm32g4xx_hal_pcd.c ****     /* Update the error code */
 640:Drivers/STM32G4xx_HAL_Driver/Src/stm32g4xx_hal_pcd.c ****     hpcd->ErrorCode |= HAL_PCD_ERROR_INVALID_CALLBACK;
 641:Drivers/STM32G4xx_HAL_Driver/Src/stm32g4xx_hal_pcd.c **** 
 642:Drivers/STM32G4xx_HAL_Driver/Src/stm32g4xx_hal_pcd.c ****     return HAL_ERROR;
 643:Drivers/STM32G4xx_HAL_Driver/Src/stm32g4xx_hal_pcd.c ****   }
 644:Drivers/STM32G4xx_HAL_Driver/Src/stm32g4xx_hal_pcd.c **** 
 645:Drivers/STM32G4xx_HAL_Driver/Src/stm32g4xx_hal_pcd.c ****   if (hpcd->State == HAL_PCD_STATE_READY)
 646:Drivers/STM32G4xx_HAL_Driver/Src/stm32g4xx_hal_pcd.c ****   {
 647:Drivers/STM32G4xx_HAL_Driver/Src/stm32g4xx_hal_pcd.c ****     hpcd->ISOOUTIncompleteCallback = pCallback;
 648:Drivers/STM32G4xx_HAL_Driver/Src/stm32g4xx_hal_pcd.c ****   }
 649:Drivers/STM32G4xx_HAL_Driver/Src/stm32g4xx_hal_pcd.c ****   else
 650:Drivers/STM32G4xx_HAL_Driver/Src/stm32g4xx_hal_pcd.c ****   {
 651:Drivers/STM32G4xx_HAL_Driver/Src/stm32g4xx_hal_pcd.c ****     /* Update the error code */
 652:Drivers/STM32G4xx_HAL_Driver/Src/stm32g4xx_hal_pcd.c ****     hpcd->ErrorCode |= HAL_PCD_ERROR_INVALID_CALLBACK;
 653:Drivers/STM32G4xx_HAL_Driver/Src/stm32g4xx_hal_pcd.c **** 
 654:Drivers/STM32G4xx_HAL_Driver/Src/stm32g4xx_hal_pcd.c ****     /* Return error status */
 655:Drivers/STM32G4xx_HAL_Driver/Src/stm32g4xx_hal_pcd.c ****     status =  HAL_ERROR;
 656:Drivers/STM32G4xx_HAL_Driver/Src/stm32g4xx_hal_pcd.c ****   }
 657:Drivers/STM32G4xx_HAL_Driver/Src/stm32g4xx_hal_pcd.c **** 
ARM GAS  /tmp/cc2qdi8m.s 			page 13


 658:Drivers/STM32G4xx_HAL_Driver/Src/stm32g4xx_hal_pcd.c ****   return status;
 659:Drivers/STM32G4xx_HAL_Driver/Src/stm32g4xx_hal_pcd.c **** }
 660:Drivers/STM32G4xx_HAL_Driver/Src/stm32g4xx_hal_pcd.c **** 
 661:Drivers/STM32G4xx_HAL_Driver/Src/stm32g4xx_hal_pcd.c **** /**
 662:Drivers/STM32G4xx_HAL_Driver/Src/stm32g4xx_hal_pcd.c ****   * @brief  Unregister the USB PCD Iso OUT incomplete Callback
 663:Drivers/STM32G4xx_HAL_Driver/Src/stm32g4xx_hal_pcd.c ****   *         USB PCD Iso OUT incomplete Callback is redirected
 664:Drivers/STM32G4xx_HAL_Driver/Src/stm32g4xx_hal_pcd.c ****   *         to the weak HAL_PCD_ISOOUTIncompleteCallback() predefined callback
 665:Drivers/STM32G4xx_HAL_Driver/Src/stm32g4xx_hal_pcd.c ****   * @param  hpcd PCD handle
 666:Drivers/STM32G4xx_HAL_Driver/Src/stm32g4xx_hal_pcd.c ****   * @retval HAL status
 667:Drivers/STM32G4xx_HAL_Driver/Src/stm32g4xx_hal_pcd.c ****   */
 668:Drivers/STM32G4xx_HAL_Driver/Src/stm32g4xx_hal_pcd.c **** HAL_StatusTypeDef HAL_PCD_UnRegisterIsoOutIncpltCallback(PCD_HandleTypeDef *hpcd)
 669:Drivers/STM32G4xx_HAL_Driver/Src/stm32g4xx_hal_pcd.c **** {
 670:Drivers/STM32G4xx_HAL_Driver/Src/stm32g4xx_hal_pcd.c ****   HAL_StatusTypeDef status = HAL_OK;
 671:Drivers/STM32G4xx_HAL_Driver/Src/stm32g4xx_hal_pcd.c **** 
 672:Drivers/STM32G4xx_HAL_Driver/Src/stm32g4xx_hal_pcd.c ****   if (hpcd->State == HAL_PCD_STATE_READY)
 673:Drivers/STM32G4xx_HAL_Driver/Src/stm32g4xx_hal_pcd.c ****   {
 674:Drivers/STM32G4xx_HAL_Driver/Src/stm32g4xx_hal_pcd.c ****     hpcd->ISOOUTIncompleteCallback = HAL_PCD_ISOOUTIncompleteCallback; /* Legacy weak ISOOUTIncompl
 675:Drivers/STM32G4xx_HAL_Driver/Src/stm32g4xx_hal_pcd.c ****   }
 676:Drivers/STM32G4xx_HAL_Driver/Src/stm32g4xx_hal_pcd.c ****   else
 677:Drivers/STM32G4xx_HAL_Driver/Src/stm32g4xx_hal_pcd.c ****   {
 678:Drivers/STM32G4xx_HAL_Driver/Src/stm32g4xx_hal_pcd.c ****     /* Update the error code */
 679:Drivers/STM32G4xx_HAL_Driver/Src/stm32g4xx_hal_pcd.c ****     hpcd->ErrorCode |= HAL_PCD_ERROR_INVALID_CALLBACK;
 680:Drivers/STM32G4xx_HAL_Driver/Src/stm32g4xx_hal_pcd.c **** 
 681:Drivers/STM32G4xx_HAL_Driver/Src/stm32g4xx_hal_pcd.c ****     /* Return error status */
 682:Drivers/STM32G4xx_HAL_Driver/Src/stm32g4xx_hal_pcd.c ****     status =  HAL_ERROR;
 683:Drivers/STM32G4xx_HAL_Driver/Src/stm32g4xx_hal_pcd.c ****   }
 684:Drivers/STM32G4xx_HAL_Driver/Src/stm32g4xx_hal_pcd.c **** 
 685:Drivers/STM32G4xx_HAL_Driver/Src/stm32g4xx_hal_pcd.c ****   return status;
 686:Drivers/STM32G4xx_HAL_Driver/Src/stm32g4xx_hal_pcd.c **** }
 687:Drivers/STM32G4xx_HAL_Driver/Src/stm32g4xx_hal_pcd.c **** 
 688:Drivers/STM32G4xx_HAL_Driver/Src/stm32g4xx_hal_pcd.c **** /**
 689:Drivers/STM32G4xx_HAL_Driver/Src/stm32g4xx_hal_pcd.c ****   * @brief  Register USB PCD Iso IN incomplete Callback
 690:Drivers/STM32G4xx_HAL_Driver/Src/stm32g4xx_hal_pcd.c ****   *         To be used instead of the weak HAL_PCD_ISOINIncompleteCallback() predefined callback
 691:Drivers/STM32G4xx_HAL_Driver/Src/stm32g4xx_hal_pcd.c ****   * @param  hpcd PCD handle
 692:Drivers/STM32G4xx_HAL_Driver/Src/stm32g4xx_hal_pcd.c ****   * @param  pCallback pointer to the USB PCD Iso IN incomplete Callback function
 693:Drivers/STM32G4xx_HAL_Driver/Src/stm32g4xx_hal_pcd.c ****   * @retval HAL status
 694:Drivers/STM32G4xx_HAL_Driver/Src/stm32g4xx_hal_pcd.c ****   */
 695:Drivers/STM32G4xx_HAL_Driver/Src/stm32g4xx_hal_pcd.c **** HAL_StatusTypeDef HAL_PCD_RegisterIsoInIncpltCallback(PCD_HandleTypeDef *hpcd,
 696:Drivers/STM32G4xx_HAL_Driver/Src/stm32g4xx_hal_pcd.c ****                                                       pPCD_IsoInIncpltCallbackTypeDef pCallback)
 697:Drivers/STM32G4xx_HAL_Driver/Src/stm32g4xx_hal_pcd.c **** {
 698:Drivers/STM32G4xx_HAL_Driver/Src/stm32g4xx_hal_pcd.c ****   HAL_StatusTypeDef status = HAL_OK;
 699:Drivers/STM32G4xx_HAL_Driver/Src/stm32g4xx_hal_pcd.c **** 
 700:Drivers/STM32G4xx_HAL_Driver/Src/stm32g4xx_hal_pcd.c ****   if (pCallback == NULL)
 701:Drivers/STM32G4xx_HAL_Driver/Src/stm32g4xx_hal_pcd.c ****   {
 702:Drivers/STM32G4xx_HAL_Driver/Src/stm32g4xx_hal_pcd.c ****     /* Update the error code */
 703:Drivers/STM32G4xx_HAL_Driver/Src/stm32g4xx_hal_pcd.c ****     hpcd->ErrorCode |= HAL_PCD_ERROR_INVALID_CALLBACK;
 704:Drivers/STM32G4xx_HAL_Driver/Src/stm32g4xx_hal_pcd.c **** 
 705:Drivers/STM32G4xx_HAL_Driver/Src/stm32g4xx_hal_pcd.c ****     return HAL_ERROR;
 706:Drivers/STM32G4xx_HAL_Driver/Src/stm32g4xx_hal_pcd.c ****   }
 707:Drivers/STM32G4xx_HAL_Driver/Src/stm32g4xx_hal_pcd.c **** 
 708:Drivers/STM32G4xx_HAL_Driver/Src/stm32g4xx_hal_pcd.c ****   if (hpcd->State == HAL_PCD_STATE_READY)
 709:Drivers/STM32G4xx_HAL_Driver/Src/stm32g4xx_hal_pcd.c ****   {
 710:Drivers/STM32G4xx_HAL_Driver/Src/stm32g4xx_hal_pcd.c ****     hpcd->ISOINIncompleteCallback = pCallback;
 711:Drivers/STM32G4xx_HAL_Driver/Src/stm32g4xx_hal_pcd.c ****   }
 712:Drivers/STM32G4xx_HAL_Driver/Src/stm32g4xx_hal_pcd.c ****   else
 713:Drivers/STM32G4xx_HAL_Driver/Src/stm32g4xx_hal_pcd.c ****   {
 714:Drivers/STM32G4xx_HAL_Driver/Src/stm32g4xx_hal_pcd.c ****     /* Update the error code */
ARM GAS  /tmp/cc2qdi8m.s 			page 14


 715:Drivers/STM32G4xx_HAL_Driver/Src/stm32g4xx_hal_pcd.c ****     hpcd->ErrorCode |= HAL_PCD_ERROR_INVALID_CALLBACK;
 716:Drivers/STM32G4xx_HAL_Driver/Src/stm32g4xx_hal_pcd.c **** 
 717:Drivers/STM32G4xx_HAL_Driver/Src/stm32g4xx_hal_pcd.c ****     /* Return error status */
 718:Drivers/STM32G4xx_HAL_Driver/Src/stm32g4xx_hal_pcd.c ****     status =  HAL_ERROR;
 719:Drivers/STM32G4xx_HAL_Driver/Src/stm32g4xx_hal_pcd.c ****   }
 720:Drivers/STM32G4xx_HAL_Driver/Src/stm32g4xx_hal_pcd.c **** 
 721:Drivers/STM32G4xx_HAL_Driver/Src/stm32g4xx_hal_pcd.c ****   return status;
 722:Drivers/STM32G4xx_HAL_Driver/Src/stm32g4xx_hal_pcd.c **** }
 723:Drivers/STM32G4xx_HAL_Driver/Src/stm32g4xx_hal_pcd.c **** 
 724:Drivers/STM32G4xx_HAL_Driver/Src/stm32g4xx_hal_pcd.c **** /**
 725:Drivers/STM32G4xx_HAL_Driver/Src/stm32g4xx_hal_pcd.c ****   * @brief  Unregister the USB PCD Iso IN incomplete Callback
 726:Drivers/STM32G4xx_HAL_Driver/Src/stm32g4xx_hal_pcd.c ****   *         USB PCD Iso IN incomplete Callback is redirected
 727:Drivers/STM32G4xx_HAL_Driver/Src/stm32g4xx_hal_pcd.c ****   *         to the weak HAL_PCD_ISOINIncompleteCallback() predefined callback
 728:Drivers/STM32G4xx_HAL_Driver/Src/stm32g4xx_hal_pcd.c ****   * @param  hpcd PCD handle
 729:Drivers/STM32G4xx_HAL_Driver/Src/stm32g4xx_hal_pcd.c ****   * @retval HAL status
 730:Drivers/STM32G4xx_HAL_Driver/Src/stm32g4xx_hal_pcd.c ****   */
 731:Drivers/STM32G4xx_HAL_Driver/Src/stm32g4xx_hal_pcd.c **** HAL_StatusTypeDef HAL_PCD_UnRegisterIsoInIncpltCallback(PCD_HandleTypeDef *hpcd)
 732:Drivers/STM32G4xx_HAL_Driver/Src/stm32g4xx_hal_pcd.c **** {
 733:Drivers/STM32G4xx_HAL_Driver/Src/stm32g4xx_hal_pcd.c ****   HAL_StatusTypeDef status = HAL_OK;
 734:Drivers/STM32G4xx_HAL_Driver/Src/stm32g4xx_hal_pcd.c **** 
 735:Drivers/STM32G4xx_HAL_Driver/Src/stm32g4xx_hal_pcd.c ****   if (hpcd->State == HAL_PCD_STATE_READY)
 736:Drivers/STM32G4xx_HAL_Driver/Src/stm32g4xx_hal_pcd.c ****   {
 737:Drivers/STM32G4xx_HAL_Driver/Src/stm32g4xx_hal_pcd.c ****     hpcd->ISOINIncompleteCallback = HAL_PCD_ISOINIncompleteCallback; /* Legacy weak ISOINIncomplete
 738:Drivers/STM32G4xx_HAL_Driver/Src/stm32g4xx_hal_pcd.c ****   }
 739:Drivers/STM32G4xx_HAL_Driver/Src/stm32g4xx_hal_pcd.c ****   else
 740:Drivers/STM32G4xx_HAL_Driver/Src/stm32g4xx_hal_pcd.c ****   {
 741:Drivers/STM32G4xx_HAL_Driver/Src/stm32g4xx_hal_pcd.c ****     /* Update the error code */
 742:Drivers/STM32G4xx_HAL_Driver/Src/stm32g4xx_hal_pcd.c ****     hpcd->ErrorCode |= HAL_PCD_ERROR_INVALID_CALLBACK;
 743:Drivers/STM32G4xx_HAL_Driver/Src/stm32g4xx_hal_pcd.c **** 
 744:Drivers/STM32G4xx_HAL_Driver/Src/stm32g4xx_hal_pcd.c ****     /* Return error status */
 745:Drivers/STM32G4xx_HAL_Driver/Src/stm32g4xx_hal_pcd.c ****     status =  HAL_ERROR;
 746:Drivers/STM32G4xx_HAL_Driver/Src/stm32g4xx_hal_pcd.c ****   }
 747:Drivers/STM32G4xx_HAL_Driver/Src/stm32g4xx_hal_pcd.c **** 
 748:Drivers/STM32G4xx_HAL_Driver/Src/stm32g4xx_hal_pcd.c ****    return status;
 749:Drivers/STM32G4xx_HAL_Driver/Src/stm32g4xx_hal_pcd.c **** }
 750:Drivers/STM32G4xx_HAL_Driver/Src/stm32g4xx_hal_pcd.c **** 
 751:Drivers/STM32G4xx_HAL_Driver/Src/stm32g4xx_hal_pcd.c **** /**
 752:Drivers/STM32G4xx_HAL_Driver/Src/stm32g4xx_hal_pcd.c ****   * @brief  Register USB PCD BCD Callback
 753:Drivers/STM32G4xx_HAL_Driver/Src/stm32g4xx_hal_pcd.c ****   *         To be used instead of the weak HAL_PCDEx_BCD_Callback() predefined callback
 754:Drivers/STM32G4xx_HAL_Driver/Src/stm32g4xx_hal_pcd.c ****   * @param  hpcd PCD handle
 755:Drivers/STM32G4xx_HAL_Driver/Src/stm32g4xx_hal_pcd.c ****   * @param  pCallback pointer to the USB PCD BCD Callback function
 756:Drivers/STM32G4xx_HAL_Driver/Src/stm32g4xx_hal_pcd.c ****   * @retval HAL status
 757:Drivers/STM32G4xx_HAL_Driver/Src/stm32g4xx_hal_pcd.c ****   */
 758:Drivers/STM32G4xx_HAL_Driver/Src/stm32g4xx_hal_pcd.c **** HAL_StatusTypeDef HAL_PCD_RegisterBcdCallback(PCD_HandleTypeDef *hpcd, pPCD_BcdCallbackTypeDef pCal
 759:Drivers/STM32G4xx_HAL_Driver/Src/stm32g4xx_hal_pcd.c **** {
 760:Drivers/STM32G4xx_HAL_Driver/Src/stm32g4xx_hal_pcd.c ****   HAL_StatusTypeDef status = HAL_OK;
 761:Drivers/STM32G4xx_HAL_Driver/Src/stm32g4xx_hal_pcd.c **** 
 762:Drivers/STM32G4xx_HAL_Driver/Src/stm32g4xx_hal_pcd.c ****   if (pCallback == NULL)
 763:Drivers/STM32G4xx_HAL_Driver/Src/stm32g4xx_hal_pcd.c ****   {
 764:Drivers/STM32G4xx_HAL_Driver/Src/stm32g4xx_hal_pcd.c ****     /* Update the error code */
 765:Drivers/STM32G4xx_HAL_Driver/Src/stm32g4xx_hal_pcd.c ****     hpcd->ErrorCode |= HAL_PCD_ERROR_INVALID_CALLBACK;
 766:Drivers/STM32G4xx_HAL_Driver/Src/stm32g4xx_hal_pcd.c **** 
 767:Drivers/STM32G4xx_HAL_Driver/Src/stm32g4xx_hal_pcd.c ****     return HAL_ERROR;
 768:Drivers/STM32G4xx_HAL_Driver/Src/stm32g4xx_hal_pcd.c ****   }
 769:Drivers/STM32G4xx_HAL_Driver/Src/stm32g4xx_hal_pcd.c **** 
 770:Drivers/STM32G4xx_HAL_Driver/Src/stm32g4xx_hal_pcd.c ****   if (hpcd->State == HAL_PCD_STATE_READY)
 771:Drivers/STM32G4xx_HAL_Driver/Src/stm32g4xx_hal_pcd.c ****   {
ARM GAS  /tmp/cc2qdi8m.s 			page 15


 772:Drivers/STM32G4xx_HAL_Driver/Src/stm32g4xx_hal_pcd.c ****     hpcd->BCDCallback = pCallback;
 773:Drivers/STM32G4xx_HAL_Driver/Src/stm32g4xx_hal_pcd.c ****   }
 774:Drivers/STM32G4xx_HAL_Driver/Src/stm32g4xx_hal_pcd.c ****   else
 775:Drivers/STM32G4xx_HAL_Driver/Src/stm32g4xx_hal_pcd.c ****   {
 776:Drivers/STM32G4xx_HAL_Driver/Src/stm32g4xx_hal_pcd.c ****     /* Update the error code */
 777:Drivers/STM32G4xx_HAL_Driver/Src/stm32g4xx_hal_pcd.c ****     hpcd->ErrorCode |= HAL_PCD_ERROR_INVALID_CALLBACK;
 778:Drivers/STM32G4xx_HAL_Driver/Src/stm32g4xx_hal_pcd.c **** 
 779:Drivers/STM32G4xx_HAL_Driver/Src/stm32g4xx_hal_pcd.c ****     /* Return error status */
 780:Drivers/STM32G4xx_HAL_Driver/Src/stm32g4xx_hal_pcd.c ****     status =  HAL_ERROR;
 781:Drivers/STM32G4xx_HAL_Driver/Src/stm32g4xx_hal_pcd.c ****   }
 782:Drivers/STM32G4xx_HAL_Driver/Src/stm32g4xx_hal_pcd.c **** 
 783:Drivers/STM32G4xx_HAL_Driver/Src/stm32g4xx_hal_pcd.c ****   return status;
 784:Drivers/STM32G4xx_HAL_Driver/Src/stm32g4xx_hal_pcd.c **** }
 785:Drivers/STM32G4xx_HAL_Driver/Src/stm32g4xx_hal_pcd.c **** 
 786:Drivers/STM32G4xx_HAL_Driver/Src/stm32g4xx_hal_pcd.c **** /**
 787:Drivers/STM32G4xx_HAL_Driver/Src/stm32g4xx_hal_pcd.c ****   * @brief  Unregister the USB PCD BCD Callback
 788:Drivers/STM32G4xx_HAL_Driver/Src/stm32g4xx_hal_pcd.c ****   *         USB BCD Callback is redirected to the weak HAL_PCDEx_BCD_Callback() predefined callback
 789:Drivers/STM32G4xx_HAL_Driver/Src/stm32g4xx_hal_pcd.c ****   * @param  hpcd PCD handle
 790:Drivers/STM32G4xx_HAL_Driver/Src/stm32g4xx_hal_pcd.c ****   * @retval HAL status
 791:Drivers/STM32G4xx_HAL_Driver/Src/stm32g4xx_hal_pcd.c ****   */
 792:Drivers/STM32G4xx_HAL_Driver/Src/stm32g4xx_hal_pcd.c **** HAL_StatusTypeDef HAL_PCD_UnRegisterBcdCallback(PCD_HandleTypeDef *hpcd)
 793:Drivers/STM32G4xx_HAL_Driver/Src/stm32g4xx_hal_pcd.c **** {
 794:Drivers/STM32G4xx_HAL_Driver/Src/stm32g4xx_hal_pcd.c ****   HAL_StatusTypeDef status = HAL_OK;
 795:Drivers/STM32G4xx_HAL_Driver/Src/stm32g4xx_hal_pcd.c **** 
 796:Drivers/STM32G4xx_HAL_Driver/Src/stm32g4xx_hal_pcd.c ****   if (hpcd->State == HAL_PCD_STATE_READY)
 797:Drivers/STM32G4xx_HAL_Driver/Src/stm32g4xx_hal_pcd.c ****   {
 798:Drivers/STM32G4xx_HAL_Driver/Src/stm32g4xx_hal_pcd.c ****     hpcd->BCDCallback = HAL_PCDEx_BCD_Callback; /* Legacy weak HAL_PCDEx_BCD_Callback  */
 799:Drivers/STM32G4xx_HAL_Driver/Src/stm32g4xx_hal_pcd.c ****   }
 800:Drivers/STM32G4xx_HAL_Driver/Src/stm32g4xx_hal_pcd.c ****   else
 801:Drivers/STM32G4xx_HAL_Driver/Src/stm32g4xx_hal_pcd.c ****   {
 802:Drivers/STM32G4xx_HAL_Driver/Src/stm32g4xx_hal_pcd.c ****     /* Update the error code */
 803:Drivers/STM32G4xx_HAL_Driver/Src/stm32g4xx_hal_pcd.c ****     hpcd->ErrorCode |= HAL_PCD_ERROR_INVALID_CALLBACK;
 804:Drivers/STM32G4xx_HAL_Driver/Src/stm32g4xx_hal_pcd.c **** 
 805:Drivers/STM32G4xx_HAL_Driver/Src/stm32g4xx_hal_pcd.c ****     /* Return error status */
 806:Drivers/STM32G4xx_HAL_Driver/Src/stm32g4xx_hal_pcd.c ****     status =  HAL_ERROR;
 807:Drivers/STM32G4xx_HAL_Driver/Src/stm32g4xx_hal_pcd.c ****   }
 808:Drivers/STM32G4xx_HAL_Driver/Src/stm32g4xx_hal_pcd.c **** 
 809:Drivers/STM32G4xx_HAL_Driver/Src/stm32g4xx_hal_pcd.c ****   return status;
 810:Drivers/STM32G4xx_HAL_Driver/Src/stm32g4xx_hal_pcd.c **** }
 811:Drivers/STM32G4xx_HAL_Driver/Src/stm32g4xx_hal_pcd.c **** 
 812:Drivers/STM32G4xx_HAL_Driver/Src/stm32g4xx_hal_pcd.c **** /**
 813:Drivers/STM32G4xx_HAL_Driver/Src/stm32g4xx_hal_pcd.c ****   * @brief  Register USB PCD LPM Callback
 814:Drivers/STM32G4xx_HAL_Driver/Src/stm32g4xx_hal_pcd.c ****   *         To be used instead of the weak HAL_PCDEx_LPM_Callback() predefined callback
 815:Drivers/STM32G4xx_HAL_Driver/Src/stm32g4xx_hal_pcd.c ****   * @param  hpcd PCD handle
 816:Drivers/STM32G4xx_HAL_Driver/Src/stm32g4xx_hal_pcd.c ****   * @param  pCallback pointer to the USB PCD LPM Callback function
 817:Drivers/STM32G4xx_HAL_Driver/Src/stm32g4xx_hal_pcd.c ****   * @retval HAL status
 818:Drivers/STM32G4xx_HAL_Driver/Src/stm32g4xx_hal_pcd.c ****   */
 819:Drivers/STM32G4xx_HAL_Driver/Src/stm32g4xx_hal_pcd.c **** HAL_StatusTypeDef HAL_PCD_RegisterLpmCallback(PCD_HandleTypeDef *hpcd, pPCD_LpmCallbackTypeDef pCal
 820:Drivers/STM32G4xx_HAL_Driver/Src/stm32g4xx_hal_pcd.c **** {
 821:Drivers/STM32G4xx_HAL_Driver/Src/stm32g4xx_hal_pcd.c ****   HAL_StatusTypeDef status = HAL_OK;
 822:Drivers/STM32G4xx_HAL_Driver/Src/stm32g4xx_hal_pcd.c **** 
 823:Drivers/STM32G4xx_HAL_Driver/Src/stm32g4xx_hal_pcd.c ****   if (pCallback == NULL)
 824:Drivers/STM32G4xx_HAL_Driver/Src/stm32g4xx_hal_pcd.c ****   {
 825:Drivers/STM32G4xx_HAL_Driver/Src/stm32g4xx_hal_pcd.c ****     /* Update the error code */
 826:Drivers/STM32G4xx_HAL_Driver/Src/stm32g4xx_hal_pcd.c ****     hpcd->ErrorCode |= HAL_PCD_ERROR_INVALID_CALLBACK;
 827:Drivers/STM32G4xx_HAL_Driver/Src/stm32g4xx_hal_pcd.c **** 
 828:Drivers/STM32G4xx_HAL_Driver/Src/stm32g4xx_hal_pcd.c ****     return HAL_ERROR;
ARM GAS  /tmp/cc2qdi8m.s 			page 16


 829:Drivers/STM32G4xx_HAL_Driver/Src/stm32g4xx_hal_pcd.c ****   }
 830:Drivers/STM32G4xx_HAL_Driver/Src/stm32g4xx_hal_pcd.c **** 
 831:Drivers/STM32G4xx_HAL_Driver/Src/stm32g4xx_hal_pcd.c ****   if (hpcd->State == HAL_PCD_STATE_READY)
 832:Drivers/STM32G4xx_HAL_Driver/Src/stm32g4xx_hal_pcd.c ****   {
 833:Drivers/STM32G4xx_HAL_Driver/Src/stm32g4xx_hal_pcd.c ****     hpcd->LPMCallback = pCallback;
 834:Drivers/STM32G4xx_HAL_Driver/Src/stm32g4xx_hal_pcd.c ****   }
 835:Drivers/STM32G4xx_HAL_Driver/Src/stm32g4xx_hal_pcd.c ****   else
 836:Drivers/STM32G4xx_HAL_Driver/Src/stm32g4xx_hal_pcd.c ****   {
 837:Drivers/STM32G4xx_HAL_Driver/Src/stm32g4xx_hal_pcd.c ****     /* Update the error code */
 838:Drivers/STM32G4xx_HAL_Driver/Src/stm32g4xx_hal_pcd.c ****     hpcd->ErrorCode |= HAL_PCD_ERROR_INVALID_CALLBACK;
 839:Drivers/STM32G4xx_HAL_Driver/Src/stm32g4xx_hal_pcd.c **** 
 840:Drivers/STM32G4xx_HAL_Driver/Src/stm32g4xx_hal_pcd.c ****     /* Return error status */
 841:Drivers/STM32G4xx_HAL_Driver/Src/stm32g4xx_hal_pcd.c ****     status =  HAL_ERROR;
 842:Drivers/STM32G4xx_HAL_Driver/Src/stm32g4xx_hal_pcd.c ****   }
 843:Drivers/STM32G4xx_HAL_Driver/Src/stm32g4xx_hal_pcd.c **** 
 844:Drivers/STM32G4xx_HAL_Driver/Src/stm32g4xx_hal_pcd.c ****   return status;
 845:Drivers/STM32G4xx_HAL_Driver/Src/stm32g4xx_hal_pcd.c **** }
 846:Drivers/STM32G4xx_HAL_Driver/Src/stm32g4xx_hal_pcd.c **** 
 847:Drivers/STM32G4xx_HAL_Driver/Src/stm32g4xx_hal_pcd.c **** /**
 848:Drivers/STM32G4xx_HAL_Driver/Src/stm32g4xx_hal_pcd.c ****   * @brief  Unregister the USB PCD LPM Callback
 849:Drivers/STM32G4xx_HAL_Driver/Src/stm32g4xx_hal_pcd.c ****   *         USB LPM Callback is redirected to the weak HAL_PCDEx_LPM_Callback() predefined callback
 850:Drivers/STM32G4xx_HAL_Driver/Src/stm32g4xx_hal_pcd.c ****   * @param  hpcd PCD handle
 851:Drivers/STM32G4xx_HAL_Driver/Src/stm32g4xx_hal_pcd.c ****   * @retval HAL status
 852:Drivers/STM32G4xx_HAL_Driver/Src/stm32g4xx_hal_pcd.c ****   */
 853:Drivers/STM32G4xx_HAL_Driver/Src/stm32g4xx_hal_pcd.c **** HAL_StatusTypeDef HAL_PCD_UnRegisterLpmCallback(PCD_HandleTypeDef *hpcd)
 854:Drivers/STM32G4xx_HAL_Driver/Src/stm32g4xx_hal_pcd.c **** {
 855:Drivers/STM32G4xx_HAL_Driver/Src/stm32g4xx_hal_pcd.c ****   HAL_StatusTypeDef status = HAL_OK;
 856:Drivers/STM32G4xx_HAL_Driver/Src/stm32g4xx_hal_pcd.c **** 
 857:Drivers/STM32G4xx_HAL_Driver/Src/stm32g4xx_hal_pcd.c ****   if (hpcd->State == HAL_PCD_STATE_READY)
 858:Drivers/STM32G4xx_HAL_Driver/Src/stm32g4xx_hal_pcd.c ****   {
 859:Drivers/STM32G4xx_HAL_Driver/Src/stm32g4xx_hal_pcd.c ****     hpcd->LPMCallback = HAL_PCDEx_LPM_Callback; /* Legacy weak HAL_PCDEx_LPM_Callback  */
 860:Drivers/STM32G4xx_HAL_Driver/Src/stm32g4xx_hal_pcd.c ****   }
 861:Drivers/STM32G4xx_HAL_Driver/Src/stm32g4xx_hal_pcd.c ****   else
 862:Drivers/STM32G4xx_HAL_Driver/Src/stm32g4xx_hal_pcd.c ****   {
 863:Drivers/STM32G4xx_HAL_Driver/Src/stm32g4xx_hal_pcd.c ****     /* Update the error code */
 864:Drivers/STM32G4xx_HAL_Driver/Src/stm32g4xx_hal_pcd.c ****     hpcd->ErrorCode |= HAL_PCD_ERROR_INVALID_CALLBACK;
 865:Drivers/STM32G4xx_HAL_Driver/Src/stm32g4xx_hal_pcd.c **** 
 866:Drivers/STM32G4xx_HAL_Driver/Src/stm32g4xx_hal_pcd.c ****     /* Return error status */
 867:Drivers/STM32G4xx_HAL_Driver/Src/stm32g4xx_hal_pcd.c ****     status =  HAL_ERROR;
 868:Drivers/STM32G4xx_HAL_Driver/Src/stm32g4xx_hal_pcd.c ****   }
 869:Drivers/STM32G4xx_HAL_Driver/Src/stm32g4xx_hal_pcd.c **** 
 870:Drivers/STM32G4xx_HAL_Driver/Src/stm32g4xx_hal_pcd.c ****   return status;
 871:Drivers/STM32G4xx_HAL_Driver/Src/stm32g4xx_hal_pcd.c **** }
 872:Drivers/STM32G4xx_HAL_Driver/Src/stm32g4xx_hal_pcd.c **** #endif /* USE_HAL_PCD_REGISTER_CALLBACKS */
 873:Drivers/STM32G4xx_HAL_Driver/Src/stm32g4xx_hal_pcd.c **** 
 874:Drivers/STM32G4xx_HAL_Driver/Src/stm32g4xx_hal_pcd.c **** /**
 875:Drivers/STM32G4xx_HAL_Driver/Src/stm32g4xx_hal_pcd.c ****   * @}
 876:Drivers/STM32G4xx_HAL_Driver/Src/stm32g4xx_hal_pcd.c ****   */
 877:Drivers/STM32G4xx_HAL_Driver/Src/stm32g4xx_hal_pcd.c **** 
 878:Drivers/STM32G4xx_HAL_Driver/Src/stm32g4xx_hal_pcd.c **** /** @defgroup PCD_Exported_Functions_Group2 Input and Output operation functions
 879:Drivers/STM32G4xx_HAL_Driver/Src/stm32g4xx_hal_pcd.c ****   *  @brief   Data transfers functions
 880:Drivers/STM32G4xx_HAL_Driver/Src/stm32g4xx_hal_pcd.c ****   *
 881:Drivers/STM32G4xx_HAL_Driver/Src/stm32g4xx_hal_pcd.c **** @verbatim
 882:Drivers/STM32G4xx_HAL_Driver/Src/stm32g4xx_hal_pcd.c ****  ===============================================================================
 883:Drivers/STM32G4xx_HAL_Driver/Src/stm32g4xx_hal_pcd.c ****                       ##### IO operation functions #####
 884:Drivers/STM32G4xx_HAL_Driver/Src/stm32g4xx_hal_pcd.c ****  ===============================================================================
 885:Drivers/STM32G4xx_HAL_Driver/Src/stm32g4xx_hal_pcd.c ****     [..]
ARM GAS  /tmp/cc2qdi8m.s 			page 17


 886:Drivers/STM32G4xx_HAL_Driver/Src/stm32g4xx_hal_pcd.c ****     This subsection provides a set of functions allowing to manage the PCD data
 887:Drivers/STM32G4xx_HAL_Driver/Src/stm32g4xx_hal_pcd.c ****     transfers.
 888:Drivers/STM32G4xx_HAL_Driver/Src/stm32g4xx_hal_pcd.c **** 
 889:Drivers/STM32G4xx_HAL_Driver/Src/stm32g4xx_hal_pcd.c **** @endverbatim
 890:Drivers/STM32G4xx_HAL_Driver/Src/stm32g4xx_hal_pcd.c ****   * @{
 891:Drivers/STM32G4xx_HAL_Driver/Src/stm32g4xx_hal_pcd.c ****   */
 892:Drivers/STM32G4xx_HAL_Driver/Src/stm32g4xx_hal_pcd.c **** 
 893:Drivers/STM32G4xx_HAL_Driver/Src/stm32g4xx_hal_pcd.c **** /**
 894:Drivers/STM32G4xx_HAL_Driver/Src/stm32g4xx_hal_pcd.c ****   * @brief  Start the USB device
 895:Drivers/STM32G4xx_HAL_Driver/Src/stm32g4xx_hal_pcd.c ****   * @param  hpcd PCD handle
 896:Drivers/STM32G4xx_HAL_Driver/Src/stm32g4xx_hal_pcd.c ****   * @retval HAL status
 897:Drivers/STM32G4xx_HAL_Driver/Src/stm32g4xx_hal_pcd.c ****   */
 898:Drivers/STM32G4xx_HAL_Driver/Src/stm32g4xx_hal_pcd.c **** HAL_StatusTypeDef HAL_PCD_Start(PCD_HandleTypeDef *hpcd)
 899:Drivers/STM32G4xx_HAL_Driver/Src/stm32g4xx_hal_pcd.c **** {
 900:Drivers/STM32G4xx_HAL_Driver/Src/stm32g4xx_hal_pcd.c ****   __HAL_LOCK(hpcd);
 901:Drivers/STM32G4xx_HAL_Driver/Src/stm32g4xx_hal_pcd.c ****   __HAL_PCD_ENABLE(hpcd);
 902:Drivers/STM32G4xx_HAL_Driver/Src/stm32g4xx_hal_pcd.c ****   (void)USB_DevConnect(hpcd->Instance);
 903:Drivers/STM32G4xx_HAL_Driver/Src/stm32g4xx_hal_pcd.c ****   __HAL_UNLOCK(hpcd);
 904:Drivers/STM32G4xx_HAL_Driver/Src/stm32g4xx_hal_pcd.c **** 
 905:Drivers/STM32G4xx_HAL_Driver/Src/stm32g4xx_hal_pcd.c ****   return HAL_OK;
 906:Drivers/STM32G4xx_HAL_Driver/Src/stm32g4xx_hal_pcd.c **** }
 907:Drivers/STM32G4xx_HAL_Driver/Src/stm32g4xx_hal_pcd.c **** 
 908:Drivers/STM32G4xx_HAL_Driver/Src/stm32g4xx_hal_pcd.c **** /**
 909:Drivers/STM32G4xx_HAL_Driver/Src/stm32g4xx_hal_pcd.c ****   * @brief  Stop the USB device.
 910:Drivers/STM32G4xx_HAL_Driver/Src/stm32g4xx_hal_pcd.c ****   * @param  hpcd PCD handle
 911:Drivers/STM32G4xx_HAL_Driver/Src/stm32g4xx_hal_pcd.c ****   * @retval HAL status
 912:Drivers/STM32G4xx_HAL_Driver/Src/stm32g4xx_hal_pcd.c ****   */
 913:Drivers/STM32G4xx_HAL_Driver/Src/stm32g4xx_hal_pcd.c **** HAL_StatusTypeDef HAL_PCD_Stop(PCD_HandleTypeDef *hpcd)
 914:Drivers/STM32G4xx_HAL_Driver/Src/stm32g4xx_hal_pcd.c **** {
 915:Drivers/STM32G4xx_HAL_Driver/Src/stm32g4xx_hal_pcd.c ****   __HAL_LOCK(hpcd);
 916:Drivers/STM32G4xx_HAL_Driver/Src/stm32g4xx_hal_pcd.c ****   __HAL_PCD_DISABLE(hpcd);
 917:Drivers/STM32G4xx_HAL_Driver/Src/stm32g4xx_hal_pcd.c ****   (void)USB_DevDisconnect(hpcd->Instance);
 918:Drivers/STM32G4xx_HAL_Driver/Src/stm32g4xx_hal_pcd.c ****   __HAL_UNLOCK(hpcd);
 919:Drivers/STM32G4xx_HAL_Driver/Src/stm32g4xx_hal_pcd.c **** 
 920:Drivers/STM32G4xx_HAL_Driver/Src/stm32g4xx_hal_pcd.c ****   return HAL_OK;
 921:Drivers/STM32G4xx_HAL_Driver/Src/stm32g4xx_hal_pcd.c **** }
 922:Drivers/STM32G4xx_HAL_Driver/Src/stm32g4xx_hal_pcd.c **** 
 923:Drivers/STM32G4xx_HAL_Driver/Src/stm32g4xx_hal_pcd.c **** 
 924:Drivers/STM32G4xx_HAL_Driver/Src/stm32g4xx_hal_pcd.c **** /**
 925:Drivers/STM32G4xx_HAL_Driver/Src/stm32g4xx_hal_pcd.c ****   * @brief  This function handles PCD interrupt request.
 926:Drivers/STM32G4xx_HAL_Driver/Src/stm32g4xx_hal_pcd.c ****   * @param  hpcd PCD handle
 927:Drivers/STM32G4xx_HAL_Driver/Src/stm32g4xx_hal_pcd.c ****   * @retval HAL status
 928:Drivers/STM32G4xx_HAL_Driver/Src/stm32g4xx_hal_pcd.c ****   */
 929:Drivers/STM32G4xx_HAL_Driver/Src/stm32g4xx_hal_pcd.c **** void HAL_PCD_IRQHandler(PCD_HandleTypeDef *hpcd)
 930:Drivers/STM32G4xx_HAL_Driver/Src/stm32g4xx_hal_pcd.c **** {
 931:Drivers/STM32G4xx_HAL_Driver/Src/stm32g4xx_hal_pcd.c ****   uint32_t wIstr = USB_ReadInterrupts(hpcd->Instance);
 932:Drivers/STM32G4xx_HAL_Driver/Src/stm32g4xx_hal_pcd.c **** 
 933:Drivers/STM32G4xx_HAL_Driver/Src/stm32g4xx_hal_pcd.c ****   if ((wIstr & USB_ISTR_CTR) == USB_ISTR_CTR)
 934:Drivers/STM32G4xx_HAL_Driver/Src/stm32g4xx_hal_pcd.c ****   {
 935:Drivers/STM32G4xx_HAL_Driver/Src/stm32g4xx_hal_pcd.c ****     /* servicing of the endpoint correct transfer interrupt */
 936:Drivers/STM32G4xx_HAL_Driver/Src/stm32g4xx_hal_pcd.c ****     /* clear of the CTR flag into the sub */
 937:Drivers/STM32G4xx_HAL_Driver/Src/stm32g4xx_hal_pcd.c ****     (void)PCD_EP_ISR_Handler(hpcd);
 938:Drivers/STM32G4xx_HAL_Driver/Src/stm32g4xx_hal_pcd.c **** 
 939:Drivers/STM32G4xx_HAL_Driver/Src/stm32g4xx_hal_pcd.c ****     return;
 940:Drivers/STM32G4xx_HAL_Driver/Src/stm32g4xx_hal_pcd.c ****   }
 941:Drivers/STM32G4xx_HAL_Driver/Src/stm32g4xx_hal_pcd.c **** 
 942:Drivers/STM32G4xx_HAL_Driver/Src/stm32g4xx_hal_pcd.c ****   if ((wIstr & USB_ISTR_RESET) == USB_ISTR_RESET)
ARM GAS  /tmp/cc2qdi8m.s 			page 18


 943:Drivers/STM32G4xx_HAL_Driver/Src/stm32g4xx_hal_pcd.c ****   {
 944:Drivers/STM32G4xx_HAL_Driver/Src/stm32g4xx_hal_pcd.c ****     __HAL_PCD_CLEAR_FLAG(hpcd, USB_ISTR_RESET);
 945:Drivers/STM32G4xx_HAL_Driver/Src/stm32g4xx_hal_pcd.c **** 
 946:Drivers/STM32G4xx_HAL_Driver/Src/stm32g4xx_hal_pcd.c **** #if (USE_HAL_PCD_REGISTER_CALLBACKS == 1U)
 947:Drivers/STM32G4xx_HAL_Driver/Src/stm32g4xx_hal_pcd.c ****     hpcd->ResetCallback(hpcd);
 948:Drivers/STM32G4xx_HAL_Driver/Src/stm32g4xx_hal_pcd.c **** #else
 949:Drivers/STM32G4xx_HAL_Driver/Src/stm32g4xx_hal_pcd.c ****     HAL_PCD_ResetCallback(hpcd);
 950:Drivers/STM32G4xx_HAL_Driver/Src/stm32g4xx_hal_pcd.c **** #endif /* USE_HAL_PCD_REGISTER_CALLBACKS */
 951:Drivers/STM32G4xx_HAL_Driver/Src/stm32g4xx_hal_pcd.c **** 
 952:Drivers/STM32G4xx_HAL_Driver/Src/stm32g4xx_hal_pcd.c ****     (void)HAL_PCD_SetAddress(hpcd, 0U);
 953:Drivers/STM32G4xx_HAL_Driver/Src/stm32g4xx_hal_pcd.c **** 
 954:Drivers/STM32G4xx_HAL_Driver/Src/stm32g4xx_hal_pcd.c ****     return;
 955:Drivers/STM32G4xx_HAL_Driver/Src/stm32g4xx_hal_pcd.c ****   }
 956:Drivers/STM32G4xx_HAL_Driver/Src/stm32g4xx_hal_pcd.c **** 
 957:Drivers/STM32G4xx_HAL_Driver/Src/stm32g4xx_hal_pcd.c ****   if ((wIstr & USB_ISTR_PMAOVR) == USB_ISTR_PMAOVR)
 958:Drivers/STM32G4xx_HAL_Driver/Src/stm32g4xx_hal_pcd.c ****   {
 959:Drivers/STM32G4xx_HAL_Driver/Src/stm32g4xx_hal_pcd.c ****     __HAL_PCD_CLEAR_FLAG(hpcd, USB_ISTR_PMAOVR);
 960:Drivers/STM32G4xx_HAL_Driver/Src/stm32g4xx_hal_pcd.c **** 
 961:Drivers/STM32G4xx_HAL_Driver/Src/stm32g4xx_hal_pcd.c ****     return;
 962:Drivers/STM32G4xx_HAL_Driver/Src/stm32g4xx_hal_pcd.c ****   }
 963:Drivers/STM32G4xx_HAL_Driver/Src/stm32g4xx_hal_pcd.c **** 
 964:Drivers/STM32G4xx_HAL_Driver/Src/stm32g4xx_hal_pcd.c ****   if ((wIstr & USB_ISTR_ERR) == USB_ISTR_ERR)
 965:Drivers/STM32G4xx_HAL_Driver/Src/stm32g4xx_hal_pcd.c ****   {
 966:Drivers/STM32G4xx_HAL_Driver/Src/stm32g4xx_hal_pcd.c ****     __HAL_PCD_CLEAR_FLAG(hpcd, USB_ISTR_ERR);
 967:Drivers/STM32G4xx_HAL_Driver/Src/stm32g4xx_hal_pcd.c **** 
 968:Drivers/STM32G4xx_HAL_Driver/Src/stm32g4xx_hal_pcd.c ****     return;
 969:Drivers/STM32G4xx_HAL_Driver/Src/stm32g4xx_hal_pcd.c ****   }
 970:Drivers/STM32G4xx_HAL_Driver/Src/stm32g4xx_hal_pcd.c **** 
 971:Drivers/STM32G4xx_HAL_Driver/Src/stm32g4xx_hal_pcd.c ****   if ((wIstr & USB_ISTR_WKUP) == USB_ISTR_WKUP)
 972:Drivers/STM32G4xx_HAL_Driver/Src/stm32g4xx_hal_pcd.c ****   {
 973:Drivers/STM32G4xx_HAL_Driver/Src/stm32g4xx_hal_pcd.c ****     hpcd->Instance->CNTR &= (uint16_t) ~(USB_CNTR_LPMODE);
 974:Drivers/STM32G4xx_HAL_Driver/Src/stm32g4xx_hal_pcd.c ****     hpcd->Instance->CNTR &= (uint16_t) ~(USB_CNTR_FSUSP);
 975:Drivers/STM32G4xx_HAL_Driver/Src/stm32g4xx_hal_pcd.c **** 
 976:Drivers/STM32G4xx_HAL_Driver/Src/stm32g4xx_hal_pcd.c ****     if (hpcd->LPM_State == LPM_L1)
 977:Drivers/STM32G4xx_HAL_Driver/Src/stm32g4xx_hal_pcd.c ****     {
 978:Drivers/STM32G4xx_HAL_Driver/Src/stm32g4xx_hal_pcd.c ****       hpcd->LPM_State = LPM_L0;
 979:Drivers/STM32G4xx_HAL_Driver/Src/stm32g4xx_hal_pcd.c **** #if (USE_HAL_PCD_REGISTER_CALLBACKS == 1U)
 980:Drivers/STM32G4xx_HAL_Driver/Src/stm32g4xx_hal_pcd.c ****       hpcd->LPMCallback(hpcd, PCD_LPM_L0_ACTIVE);
 981:Drivers/STM32G4xx_HAL_Driver/Src/stm32g4xx_hal_pcd.c **** #else
 982:Drivers/STM32G4xx_HAL_Driver/Src/stm32g4xx_hal_pcd.c ****       HAL_PCDEx_LPM_Callback(hpcd, PCD_LPM_L0_ACTIVE);
 983:Drivers/STM32G4xx_HAL_Driver/Src/stm32g4xx_hal_pcd.c **** #endif /* USE_HAL_PCD_REGISTER_CALLBACKS */
 984:Drivers/STM32G4xx_HAL_Driver/Src/stm32g4xx_hal_pcd.c ****     }
 985:Drivers/STM32G4xx_HAL_Driver/Src/stm32g4xx_hal_pcd.c **** 
 986:Drivers/STM32G4xx_HAL_Driver/Src/stm32g4xx_hal_pcd.c **** #if (USE_HAL_PCD_REGISTER_CALLBACKS == 1U)
 987:Drivers/STM32G4xx_HAL_Driver/Src/stm32g4xx_hal_pcd.c ****     hpcd->ResumeCallback(hpcd);
 988:Drivers/STM32G4xx_HAL_Driver/Src/stm32g4xx_hal_pcd.c **** #else
 989:Drivers/STM32G4xx_HAL_Driver/Src/stm32g4xx_hal_pcd.c ****     HAL_PCD_ResumeCallback(hpcd);
 990:Drivers/STM32G4xx_HAL_Driver/Src/stm32g4xx_hal_pcd.c **** #endif /* USE_HAL_PCD_REGISTER_CALLBACKS */
 991:Drivers/STM32G4xx_HAL_Driver/Src/stm32g4xx_hal_pcd.c **** 
 992:Drivers/STM32G4xx_HAL_Driver/Src/stm32g4xx_hal_pcd.c ****     __HAL_PCD_CLEAR_FLAG(hpcd, USB_ISTR_WKUP);
 993:Drivers/STM32G4xx_HAL_Driver/Src/stm32g4xx_hal_pcd.c **** 
 994:Drivers/STM32G4xx_HAL_Driver/Src/stm32g4xx_hal_pcd.c ****     return;
 995:Drivers/STM32G4xx_HAL_Driver/Src/stm32g4xx_hal_pcd.c ****   }
 996:Drivers/STM32G4xx_HAL_Driver/Src/stm32g4xx_hal_pcd.c **** 
 997:Drivers/STM32G4xx_HAL_Driver/Src/stm32g4xx_hal_pcd.c ****   if ((wIstr & USB_ISTR_SUSP) == USB_ISTR_SUSP)
 998:Drivers/STM32G4xx_HAL_Driver/Src/stm32g4xx_hal_pcd.c ****   {
 999:Drivers/STM32G4xx_HAL_Driver/Src/stm32g4xx_hal_pcd.c ****     /* Force low-power mode in the macrocell */
ARM GAS  /tmp/cc2qdi8m.s 			page 19


1000:Drivers/STM32G4xx_HAL_Driver/Src/stm32g4xx_hal_pcd.c ****     hpcd->Instance->CNTR |= (uint16_t)USB_CNTR_FSUSP;
1001:Drivers/STM32G4xx_HAL_Driver/Src/stm32g4xx_hal_pcd.c **** 
1002:Drivers/STM32G4xx_HAL_Driver/Src/stm32g4xx_hal_pcd.c ****     /* clear of the ISTR bit must be done after setting of CNTR_FSUSP */
1003:Drivers/STM32G4xx_HAL_Driver/Src/stm32g4xx_hal_pcd.c ****     __HAL_PCD_CLEAR_FLAG(hpcd, USB_ISTR_SUSP);
1004:Drivers/STM32G4xx_HAL_Driver/Src/stm32g4xx_hal_pcd.c **** 
1005:Drivers/STM32G4xx_HAL_Driver/Src/stm32g4xx_hal_pcd.c ****     hpcd->Instance->CNTR |= (uint16_t)USB_CNTR_LPMODE;
1006:Drivers/STM32G4xx_HAL_Driver/Src/stm32g4xx_hal_pcd.c **** 
1007:Drivers/STM32G4xx_HAL_Driver/Src/stm32g4xx_hal_pcd.c **** #if (USE_HAL_PCD_REGISTER_CALLBACKS == 1U)
1008:Drivers/STM32G4xx_HAL_Driver/Src/stm32g4xx_hal_pcd.c ****     hpcd->SuspendCallback(hpcd);
1009:Drivers/STM32G4xx_HAL_Driver/Src/stm32g4xx_hal_pcd.c **** #else
1010:Drivers/STM32G4xx_HAL_Driver/Src/stm32g4xx_hal_pcd.c ****     HAL_PCD_SuspendCallback(hpcd);
1011:Drivers/STM32G4xx_HAL_Driver/Src/stm32g4xx_hal_pcd.c **** #endif /* USE_HAL_PCD_REGISTER_CALLBACKS */
1012:Drivers/STM32G4xx_HAL_Driver/Src/stm32g4xx_hal_pcd.c **** 
1013:Drivers/STM32G4xx_HAL_Driver/Src/stm32g4xx_hal_pcd.c ****     return;
1014:Drivers/STM32G4xx_HAL_Driver/Src/stm32g4xx_hal_pcd.c ****   }
1015:Drivers/STM32G4xx_HAL_Driver/Src/stm32g4xx_hal_pcd.c **** 
1016:Drivers/STM32G4xx_HAL_Driver/Src/stm32g4xx_hal_pcd.c ****   /* Handle LPM Interrupt */
1017:Drivers/STM32G4xx_HAL_Driver/Src/stm32g4xx_hal_pcd.c ****   if ((wIstr & USB_ISTR_L1REQ) == USB_ISTR_L1REQ)
1018:Drivers/STM32G4xx_HAL_Driver/Src/stm32g4xx_hal_pcd.c ****   {
1019:Drivers/STM32G4xx_HAL_Driver/Src/stm32g4xx_hal_pcd.c ****     __HAL_PCD_CLEAR_FLAG(hpcd, USB_ISTR_L1REQ);
1020:Drivers/STM32G4xx_HAL_Driver/Src/stm32g4xx_hal_pcd.c ****     if (hpcd->LPM_State == LPM_L0)
1021:Drivers/STM32G4xx_HAL_Driver/Src/stm32g4xx_hal_pcd.c ****     {
1022:Drivers/STM32G4xx_HAL_Driver/Src/stm32g4xx_hal_pcd.c ****       /* Force suspend and low-power mode before going to L1 state*/
1023:Drivers/STM32G4xx_HAL_Driver/Src/stm32g4xx_hal_pcd.c ****       hpcd->Instance->CNTR |= (uint16_t)USB_CNTR_LPMODE;
1024:Drivers/STM32G4xx_HAL_Driver/Src/stm32g4xx_hal_pcd.c ****       hpcd->Instance->CNTR |= (uint16_t)USB_CNTR_FSUSP;
1025:Drivers/STM32G4xx_HAL_Driver/Src/stm32g4xx_hal_pcd.c **** 
1026:Drivers/STM32G4xx_HAL_Driver/Src/stm32g4xx_hal_pcd.c ****       hpcd->LPM_State = LPM_L1;
1027:Drivers/STM32G4xx_HAL_Driver/Src/stm32g4xx_hal_pcd.c ****       hpcd->BESL = ((uint32_t)hpcd->Instance->LPMCSR & USB_LPMCSR_BESL) >> 2;
1028:Drivers/STM32G4xx_HAL_Driver/Src/stm32g4xx_hal_pcd.c **** #if (USE_HAL_PCD_REGISTER_CALLBACKS == 1U)
1029:Drivers/STM32G4xx_HAL_Driver/Src/stm32g4xx_hal_pcd.c ****       hpcd->LPMCallback(hpcd, PCD_LPM_L1_ACTIVE);
1030:Drivers/STM32G4xx_HAL_Driver/Src/stm32g4xx_hal_pcd.c **** #else
1031:Drivers/STM32G4xx_HAL_Driver/Src/stm32g4xx_hal_pcd.c ****       HAL_PCDEx_LPM_Callback(hpcd, PCD_LPM_L1_ACTIVE);
1032:Drivers/STM32G4xx_HAL_Driver/Src/stm32g4xx_hal_pcd.c **** #endif /* USE_HAL_PCD_REGISTER_CALLBACKS */
1033:Drivers/STM32G4xx_HAL_Driver/Src/stm32g4xx_hal_pcd.c ****     }
1034:Drivers/STM32G4xx_HAL_Driver/Src/stm32g4xx_hal_pcd.c ****     else
1035:Drivers/STM32G4xx_HAL_Driver/Src/stm32g4xx_hal_pcd.c ****     {
1036:Drivers/STM32G4xx_HAL_Driver/Src/stm32g4xx_hal_pcd.c **** #if (USE_HAL_PCD_REGISTER_CALLBACKS == 1U)
1037:Drivers/STM32G4xx_HAL_Driver/Src/stm32g4xx_hal_pcd.c ****       hpcd->SuspendCallback(hpcd);
1038:Drivers/STM32G4xx_HAL_Driver/Src/stm32g4xx_hal_pcd.c **** #else
1039:Drivers/STM32G4xx_HAL_Driver/Src/stm32g4xx_hal_pcd.c ****       HAL_PCD_SuspendCallback(hpcd);
1040:Drivers/STM32G4xx_HAL_Driver/Src/stm32g4xx_hal_pcd.c **** #endif /* USE_HAL_PCD_REGISTER_CALLBACKS */
1041:Drivers/STM32G4xx_HAL_Driver/Src/stm32g4xx_hal_pcd.c ****     }
1042:Drivers/STM32G4xx_HAL_Driver/Src/stm32g4xx_hal_pcd.c **** 
1043:Drivers/STM32G4xx_HAL_Driver/Src/stm32g4xx_hal_pcd.c ****     return;
1044:Drivers/STM32G4xx_HAL_Driver/Src/stm32g4xx_hal_pcd.c ****   }
1045:Drivers/STM32G4xx_HAL_Driver/Src/stm32g4xx_hal_pcd.c **** 
1046:Drivers/STM32G4xx_HAL_Driver/Src/stm32g4xx_hal_pcd.c ****   if ((wIstr & USB_ISTR_SOF) == USB_ISTR_SOF)
1047:Drivers/STM32G4xx_HAL_Driver/Src/stm32g4xx_hal_pcd.c ****   {
1048:Drivers/STM32G4xx_HAL_Driver/Src/stm32g4xx_hal_pcd.c ****     __HAL_PCD_CLEAR_FLAG(hpcd, USB_ISTR_SOF);
1049:Drivers/STM32G4xx_HAL_Driver/Src/stm32g4xx_hal_pcd.c **** 
1050:Drivers/STM32G4xx_HAL_Driver/Src/stm32g4xx_hal_pcd.c **** #if (USE_HAL_PCD_REGISTER_CALLBACKS == 1U)
1051:Drivers/STM32G4xx_HAL_Driver/Src/stm32g4xx_hal_pcd.c ****     hpcd->SOFCallback(hpcd);
1052:Drivers/STM32G4xx_HAL_Driver/Src/stm32g4xx_hal_pcd.c **** #else
1053:Drivers/STM32G4xx_HAL_Driver/Src/stm32g4xx_hal_pcd.c ****     HAL_PCD_SOFCallback(hpcd);
1054:Drivers/STM32G4xx_HAL_Driver/Src/stm32g4xx_hal_pcd.c **** #endif /* USE_HAL_PCD_REGISTER_CALLBACKS */
1055:Drivers/STM32G4xx_HAL_Driver/Src/stm32g4xx_hal_pcd.c **** 
1056:Drivers/STM32G4xx_HAL_Driver/Src/stm32g4xx_hal_pcd.c ****     return;
ARM GAS  /tmp/cc2qdi8m.s 			page 20


1057:Drivers/STM32G4xx_HAL_Driver/Src/stm32g4xx_hal_pcd.c ****   }
1058:Drivers/STM32G4xx_HAL_Driver/Src/stm32g4xx_hal_pcd.c **** 
1059:Drivers/STM32G4xx_HAL_Driver/Src/stm32g4xx_hal_pcd.c ****   if ((wIstr & USB_ISTR_ESOF) == USB_ISTR_ESOF)
1060:Drivers/STM32G4xx_HAL_Driver/Src/stm32g4xx_hal_pcd.c ****   {
1061:Drivers/STM32G4xx_HAL_Driver/Src/stm32g4xx_hal_pcd.c ****     /* clear ESOF flag in ISTR */
1062:Drivers/STM32G4xx_HAL_Driver/Src/stm32g4xx_hal_pcd.c ****     __HAL_PCD_CLEAR_FLAG(hpcd, USB_ISTR_ESOF);
1063:Drivers/STM32G4xx_HAL_Driver/Src/stm32g4xx_hal_pcd.c **** 
1064:Drivers/STM32G4xx_HAL_Driver/Src/stm32g4xx_hal_pcd.c ****     return;
1065:Drivers/STM32G4xx_HAL_Driver/Src/stm32g4xx_hal_pcd.c ****   }
1066:Drivers/STM32G4xx_HAL_Driver/Src/stm32g4xx_hal_pcd.c **** }
1067:Drivers/STM32G4xx_HAL_Driver/Src/stm32g4xx_hal_pcd.c **** 
1068:Drivers/STM32G4xx_HAL_Driver/Src/stm32g4xx_hal_pcd.c **** 
1069:Drivers/STM32G4xx_HAL_Driver/Src/stm32g4xx_hal_pcd.c **** /**
1070:Drivers/STM32G4xx_HAL_Driver/Src/stm32g4xx_hal_pcd.c ****   * @brief  Data OUT stage callback.
1071:Drivers/STM32G4xx_HAL_Driver/Src/stm32g4xx_hal_pcd.c ****   * @param  hpcd PCD handle
1072:Drivers/STM32G4xx_HAL_Driver/Src/stm32g4xx_hal_pcd.c ****   * @param  epnum endpoint number
1073:Drivers/STM32G4xx_HAL_Driver/Src/stm32g4xx_hal_pcd.c ****   * @retval None
1074:Drivers/STM32G4xx_HAL_Driver/Src/stm32g4xx_hal_pcd.c ****   */
1075:Drivers/STM32G4xx_HAL_Driver/Src/stm32g4xx_hal_pcd.c **** __weak void HAL_PCD_DataOutStageCallback(PCD_HandleTypeDef *hpcd, uint8_t epnum)
1076:Drivers/STM32G4xx_HAL_Driver/Src/stm32g4xx_hal_pcd.c **** {
1077:Drivers/STM32G4xx_HAL_Driver/Src/stm32g4xx_hal_pcd.c ****   /* Prevent unused argument(s) compilation warning */
1078:Drivers/STM32G4xx_HAL_Driver/Src/stm32g4xx_hal_pcd.c ****   UNUSED(hpcd);
1079:Drivers/STM32G4xx_HAL_Driver/Src/stm32g4xx_hal_pcd.c ****   UNUSED(epnum);
1080:Drivers/STM32G4xx_HAL_Driver/Src/stm32g4xx_hal_pcd.c **** 
1081:Drivers/STM32G4xx_HAL_Driver/Src/stm32g4xx_hal_pcd.c ****   /* NOTE : This function should not be modified, when the callback is needed,
1082:Drivers/STM32G4xx_HAL_Driver/Src/stm32g4xx_hal_pcd.c ****             the HAL_PCD_DataOutStageCallback could be implemented in the user file
1083:Drivers/STM32G4xx_HAL_Driver/Src/stm32g4xx_hal_pcd.c ****    */
1084:Drivers/STM32G4xx_HAL_Driver/Src/stm32g4xx_hal_pcd.c **** }
1085:Drivers/STM32G4xx_HAL_Driver/Src/stm32g4xx_hal_pcd.c **** 
1086:Drivers/STM32G4xx_HAL_Driver/Src/stm32g4xx_hal_pcd.c **** /**
1087:Drivers/STM32G4xx_HAL_Driver/Src/stm32g4xx_hal_pcd.c ****   * @brief  Data IN stage callback
1088:Drivers/STM32G4xx_HAL_Driver/Src/stm32g4xx_hal_pcd.c ****   * @param  hpcd PCD handle
1089:Drivers/STM32G4xx_HAL_Driver/Src/stm32g4xx_hal_pcd.c ****   * @param  epnum endpoint number
1090:Drivers/STM32G4xx_HAL_Driver/Src/stm32g4xx_hal_pcd.c ****   * @retval None
1091:Drivers/STM32G4xx_HAL_Driver/Src/stm32g4xx_hal_pcd.c ****   */
1092:Drivers/STM32G4xx_HAL_Driver/Src/stm32g4xx_hal_pcd.c **** __weak void HAL_PCD_DataInStageCallback(PCD_HandleTypeDef *hpcd, uint8_t epnum)
1093:Drivers/STM32G4xx_HAL_Driver/Src/stm32g4xx_hal_pcd.c **** {
1094:Drivers/STM32G4xx_HAL_Driver/Src/stm32g4xx_hal_pcd.c ****   /* Prevent unused argument(s) compilation warning */
1095:Drivers/STM32G4xx_HAL_Driver/Src/stm32g4xx_hal_pcd.c ****   UNUSED(hpcd);
1096:Drivers/STM32G4xx_HAL_Driver/Src/stm32g4xx_hal_pcd.c ****   UNUSED(epnum);
1097:Drivers/STM32G4xx_HAL_Driver/Src/stm32g4xx_hal_pcd.c **** 
1098:Drivers/STM32G4xx_HAL_Driver/Src/stm32g4xx_hal_pcd.c ****   /* NOTE : This function should not be modified, when the callback is needed,
1099:Drivers/STM32G4xx_HAL_Driver/Src/stm32g4xx_hal_pcd.c ****             the HAL_PCD_DataInStageCallback could be implemented in the user file
1100:Drivers/STM32G4xx_HAL_Driver/Src/stm32g4xx_hal_pcd.c ****    */
1101:Drivers/STM32G4xx_HAL_Driver/Src/stm32g4xx_hal_pcd.c **** }
1102:Drivers/STM32G4xx_HAL_Driver/Src/stm32g4xx_hal_pcd.c **** /**
1103:Drivers/STM32G4xx_HAL_Driver/Src/stm32g4xx_hal_pcd.c ****   * @brief  Setup stage callback
1104:Drivers/STM32G4xx_HAL_Driver/Src/stm32g4xx_hal_pcd.c ****   * @param  hpcd PCD handle
1105:Drivers/STM32G4xx_HAL_Driver/Src/stm32g4xx_hal_pcd.c ****   * @retval None
1106:Drivers/STM32G4xx_HAL_Driver/Src/stm32g4xx_hal_pcd.c ****   */
1107:Drivers/STM32G4xx_HAL_Driver/Src/stm32g4xx_hal_pcd.c **** __weak void HAL_PCD_SetupStageCallback(PCD_HandleTypeDef *hpcd)
1108:Drivers/STM32G4xx_HAL_Driver/Src/stm32g4xx_hal_pcd.c **** {
1109:Drivers/STM32G4xx_HAL_Driver/Src/stm32g4xx_hal_pcd.c ****   /* Prevent unused argument(s) compilation warning */
1110:Drivers/STM32G4xx_HAL_Driver/Src/stm32g4xx_hal_pcd.c ****   UNUSED(hpcd);
1111:Drivers/STM32G4xx_HAL_Driver/Src/stm32g4xx_hal_pcd.c **** 
1112:Drivers/STM32G4xx_HAL_Driver/Src/stm32g4xx_hal_pcd.c ****   /* NOTE : This function should not be modified, when the callback is needed,
1113:Drivers/STM32G4xx_HAL_Driver/Src/stm32g4xx_hal_pcd.c ****             the HAL_PCD_SetupStageCallback could be implemented in the user file
ARM GAS  /tmp/cc2qdi8m.s 			page 21


1114:Drivers/STM32G4xx_HAL_Driver/Src/stm32g4xx_hal_pcd.c ****    */
1115:Drivers/STM32G4xx_HAL_Driver/Src/stm32g4xx_hal_pcd.c **** }
1116:Drivers/STM32G4xx_HAL_Driver/Src/stm32g4xx_hal_pcd.c **** 
1117:Drivers/STM32G4xx_HAL_Driver/Src/stm32g4xx_hal_pcd.c **** /**
1118:Drivers/STM32G4xx_HAL_Driver/Src/stm32g4xx_hal_pcd.c ****   * @brief  USB Start Of Frame callback.
1119:Drivers/STM32G4xx_HAL_Driver/Src/stm32g4xx_hal_pcd.c ****   * @param  hpcd PCD handle
1120:Drivers/STM32G4xx_HAL_Driver/Src/stm32g4xx_hal_pcd.c ****   * @retval None
1121:Drivers/STM32G4xx_HAL_Driver/Src/stm32g4xx_hal_pcd.c ****   */
1122:Drivers/STM32G4xx_HAL_Driver/Src/stm32g4xx_hal_pcd.c **** __weak void HAL_PCD_SOFCallback(PCD_HandleTypeDef *hpcd)
1123:Drivers/STM32G4xx_HAL_Driver/Src/stm32g4xx_hal_pcd.c **** {
1124:Drivers/STM32G4xx_HAL_Driver/Src/stm32g4xx_hal_pcd.c ****   /* Prevent unused argument(s) compilation warning */
1125:Drivers/STM32G4xx_HAL_Driver/Src/stm32g4xx_hal_pcd.c ****   UNUSED(hpcd);
1126:Drivers/STM32G4xx_HAL_Driver/Src/stm32g4xx_hal_pcd.c **** 
1127:Drivers/STM32G4xx_HAL_Driver/Src/stm32g4xx_hal_pcd.c ****   /* NOTE : This function should not be modified, when the callback is needed,
1128:Drivers/STM32G4xx_HAL_Driver/Src/stm32g4xx_hal_pcd.c ****             the HAL_PCD_SOFCallback could be implemented in the user file
1129:Drivers/STM32G4xx_HAL_Driver/Src/stm32g4xx_hal_pcd.c ****    */
1130:Drivers/STM32G4xx_HAL_Driver/Src/stm32g4xx_hal_pcd.c **** }
1131:Drivers/STM32G4xx_HAL_Driver/Src/stm32g4xx_hal_pcd.c **** 
1132:Drivers/STM32G4xx_HAL_Driver/Src/stm32g4xx_hal_pcd.c **** /**
1133:Drivers/STM32G4xx_HAL_Driver/Src/stm32g4xx_hal_pcd.c ****   * @brief  USB Reset callback.
1134:Drivers/STM32G4xx_HAL_Driver/Src/stm32g4xx_hal_pcd.c ****   * @param  hpcd PCD handle
1135:Drivers/STM32G4xx_HAL_Driver/Src/stm32g4xx_hal_pcd.c ****   * @retval None
1136:Drivers/STM32G4xx_HAL_Driver/Src/stm32g4xx_hal_pcd.c ****   */
1137:Drivers/STM32G4xx_HAL_Driver/Src/stm32g4xx_hal_pcd.c **** __weak void HAL_PCD_ResetCallback(PCD_HandleTypeDef *hpcd)
1138:Drivers/STM32G4xx_HAL_Driver/Src/stm32g4xx_hal_pcd.c **** {
1139:Drivers/STM32G4xx_HAL_Driver/Src/stm32g4xx_hal_pcd.c ****   /* Prevent unused argument(s) compilation warning */
1140:Drivers/STM32G4xx_HAL_Driver/Src/stm32g4xx_hal_pcd.c ****   UNUSED(hpcd);
1141:Drivers/STM32G4xx_HAL_Driver/Src/stm32g4xx_hal_pcd.c **** 
1142:Drivers/STM32G4xx_HAL_Driver/Src/stm32g4xx_hal_pcd.c ****   /* NOTE : This function should not be modified, when the callback is needed,
1143:Drivers/STM32G4xx_HAL_Driver/Src/stm32g4xx_hal_pcd.c ****             the HAL_PCD_ResetCallback could be implemented in the user file
1144:Drivers/STM32G4xx_HAL_Driver/Src/stm32g4xx_hal_pcd.c ****    */
1145:Drivers/STM32G4xx_HAL_Driver/Src/stm32g4xx_hal_pcd.c **** }
1146:Drivers/STM32G4xx_HAL_Driver/Src/stm32g4xx_hal_pcd.c **** 
1147:Drivers/STM32G4xx_HAL_Driver/Src/stm32g4xx_hal_pcd.c **** /**
1148:Drivers/STM32G4xx_HAL_Driver/Src/stm32g4xx_hal_pcd.c ****   * @brief  Suspend event callback.
1149:Drivers/STM32G4xx_HAL_Driver/Src/stm32g4xx_hal_pcd.c ****   * @param  hpcd PCD handle
1150:Drivers/STM32G4xx_HAL_Driver/Src/stm32g4xx_hal_pcd.c ****   * @retval None
1151:Drivers/STM32G4xx_HAL_Driver/Src/stm32g4xx_hal_pcd.c ****   */
1152:Drivers/STM32G4xx_HAL_Driver/Src/stm32g4xx_hal_pcd.c **** __weak void HAL_PCD_SuspendCallback(PCD_HandleTypeDef *hpcd)
1153:Drivers/STM32G4xx_HAL_Driver/Src/stm32g4xx_hal_pcd.c **** {
1154:Drivers/STM32G4xx_HAL_Driver/Src/stm32g4xx_hal_pcd.c ****   /* Prevent unused argument(s) compilation warning */
1155:Drivers/STM32G4xx_HAL_Driver/Src/stm32g4xx_hal_pcd.c ****   UNUSED(hpcd);
1156:Drivers/STM32G4xx_HAL_Driver/Src/stm32g4xx_hal_pcd.c **** 
1157:Drivers/STM32G4xx_HAL_Driver/Src/stm32g4xx_hal_pcd.c ****   /* NOTE : This function should not be modified, when the callback is needed,
1158:Drivers/STM32G4xx_HAL_Driver/Src/stm32g4xx_hal_pcd.c ****             the HAL_PCD_SuspendCallback could be implemented in the user file
1159:Drivers/STM32G4xx_HAL_Driver/Src/stm32g4xx_hal_pcd.c ****    */
1160:Drivers/STM32G4xx_HAL_Driver/Src/stm32g4xx_hal_pcd.c **** }
1161:Drivers/STM32G4xx_HAL_Driver/Src/stm32g4xx_hal_pcd.c **** 
1162:Drivers/STM32G4xx_HAL_Driver/Src/stm32g4xx_hal_pcd.c **** /**
1163:Drivers/STM32G4xx_HAL_Driver/Src/stm32g4xx_hal_pcd.c ****   * @brief  Resume event callback.
1164:Drivers/STM32G4xx_HAL_Driver/Src/stm32g4xx_hal_pcd.c ****   * @param  hpcd PCD handle
1165:Drivers/STM32G4xx_HAL_Driver/Src/stm32g4xx_hal_pcd.c ****   * @retval None
1166:Drivers/STM32G4xx_HAL_Driver/Src/stm32g4xx_hal_pcd.c ****   */
1167:Drivers/STM32G4xx_HAL_Driver/Src/stm32g4xx_hal_pcd.c **** __weak void HAL_PCD_ResumeCallback(PCD_HandleTypeDef *hpcd)
1168:Drivers/STM32G4xx_HAL_Driver/Src/stm32g4xx_hal_pcd.c **** {
1169:Drivers/STM32G4xx_HAL_Driver/Src/stm32g4xx_hal_pcd.c ****   /* Prevent unused argument(s) compilation warning */
1170:Drivers/STM32G4xx_HAL_Driver/Src/stm32g4xx_hal_pcd.c ****   UNUSED(hpcd);
ARM GAS  /tmp/cc2qdi8m.s 			page 22


1171:Drivers/STM32G4xx_HAL_Driver/Src/stm32g4xx_hal_pcd.c **** 
1172:Drivers/STM32G4xx_HAL_Driver/Src/stm32g4xx_hal_pcd.c ****   /* NOTE : This function should not be modified, when the callback is needed,
1173:Drivers/STM32G4xx_HAL_Driver/Src/stm32g4xx_hal_pcd.c ****             the HAL_PCD_ResumeCallback could be implemented in the user file
1174:Drivers/STM32G4xx_HAL_Driver/Src/stm32g4xx_hal_pcd.c ****    */
1175:Drivers/STM32G4xx_HAL_Driver/Src/stm32g4xx_hal_pcd.c **** }
1176:Drivers/STM32G4xx_HAL_Driver/Src/stm32g4xx_hal_pcd.c **** 
1177:Drivers/STM32G4xx_HAL_Driver/Src/stm32g4xx_hal_pcd.c **** /**
1178:Drivers/STM32G4xx_HAL_Driver/Src/stm32g4xx_hal_pcd.c ****   * @brief  Incomplete ISO OUT callback.
1179:Drivers/STM32G4xx_HAL_Driver/Src/stm32g4xx_hal_pcd.c ****   * @param  hpcd PCD handle
1180:Drivers/STM32G4xx_HAL_Driver/Src/stm32g4xx_hal_pcd.c ****   * @param  epnum endpoint number
1181:Drivers/STM32G4xx_HAL_Driver/Src/stm32g4xx_hal_pcd.c ****   * @retval None
1182:Drivers/STM32G4xx_HAL_Driver/Src/stm32g4xx_hal_pcd.c ****   */
1183:Drivers/STM32G4xx_HAL_Driver/Src/stm32g4xx_hal_pcd.c **** __weak void HAL_PCD_ISOOUTIncompleteCallback(PCD_HandleTypeDef *hpcd, uint8_t epnum)
1184:Drivers/STM32G4xx_HAL_Driver/Src/stm32g4xx_hal_pcd.c **** {
1185:Drivers/STM32G4xx_HAL_Driver/Src/stm32g4xx_hal_pcd.c ****   /* Prevent unused argument(s) compilation warning */
1186:Drivers/STM32G4xx_HAL_Driver/Src/stm32g4xx_hal_pcd.c ****   UNUSED(hpcd);
1187:Drivers/STM32G4xx_HAL_Driver/Src/stm32g4xx_hal_pcd.c ****   UNUSED(epnum);
1188:Drivers/STM32G4xx_HAL_Driver/Src/stm32g4xx_hal_pcd.c **** 
1189:Drivers/STM32G4xx_HAL_Driver/Src/stm32g4xx_hal_pcd.c ****   /* NOTE : This function should not be modified, when the callback is needed,
1190:Drivers/STM32G4xx_HAL_Driver/Src/stm32g4xx_hal_pcd.c ****             the HAL_PCD_ISOOUTIncompleteCallback could be implemented in the user file
1191:Drivers/STM32G4xx_HAL_Driver/Src/stm32g4xx_hal_pcd.c ****    */
1192:Drivers/STM32G4xx_HAL_Driver/Src/stm32g4xx_hal_pcd.c **** }
1193:Drivers/STM32G4xx_HAL_Driver/Src/stm32g4xx_hal_pcd.c **** 
1194:Drivers/STM32G4xx_HAL_Driver/Src/stm32g4xx_hal_pcd.c **** /**
1195:Drivers/STM32G4xx_HAL_Driver/Src/stm32g4xx_hal_pcd.c ****   * @brief  Incomplete ISO IN callback.
1196:Drivers/STM32G4xx_HAL_Driver/Src/stm32g4xx_hal_pcd.c ****   * @param  hpcd PCD handle
1197:Drivers/STM32G4xx_HAL_Driver/Src/stm32g4xx_hal_pcd.c ****   * @param  epnum endpoint number
1198:Drivers/STM32G4xx_HAL_Driver/Src/stm32g4xx_hal_pcd.c ****   * @retval None
1199:Drivers/STM32G4xx_HAL_Driver/Src/stm32g4xx_hal_pcd.c ****   */
1200:Drivers/STM32G4xx_HAL_Driver/Src/stm32g4xx_hal_pcd.c **** __weak void HAL_PCD_ISOINIncompleteCallback(PCD_HandleTypeDef *hpcd, uint8_t epnum)
1201:Drivers/STM32G4xx_HAL_Driver/Src/stm32g4xx_hal_pcd.c **** {
1202:Drivers/STM32G4xx_HAL_Driver/Src/stm32g4xx_hal_pcd.c ****   /* Prevent unused argument(s) compilation warning */
1203:Drivers/STM32G4xx_HAL_Driver/Src/stm32g4xx_hal_pcd.c ****   UNUSED(hpcd);
1204:Drivers/STM32G4xx_HAL_Driver/Src/stm32g4xx_hal_pcd.c ****   UNUSED(epnum);
1205:Drivers/STM32G4xx_HAL_Driver/Src/stm32g4xx_hal_pcd.c **** 
1206:Drivers/STM32G4xx_HAL_Driver/Src/stm32g4xx_hal_pcd.c ****   /* NOTE : This function should not be modified, when the callback is needed,
1207:Drivers/STM32G4xx_HAL_Driver/Src/stm32g4xx_hal_pcd.c ****             the HAL_PCD_ISOINIncompleteCallback could be implemented in the user file
1208:Drivers/STM32G4xx_HAL_Driver/Src/stm32g4xx_hal_pcd.c ****    */
1209:Drivers/STM32G4xx_HAL_Driver/Src/stm32g4xx_hal_pcd.c **** }
1210:Drivers/STM32G4xx_HAL_Driver/Src/stm32g4xx_hal_pcd.c **** 
1211:Drivers/STM32G4xx_HAL_Driver/Src/stm32g4xx_hal_pcd.c **** /**
1212:Drivers/STM32G4xx_HAL_Driver/Src/stm32g4xx_hal_pcd.c ****   * @brief  Connection event callback.
1213:Drivers/STM32G4xx_HAL_Driver/Src/stm32g4xx_hal_pcd.c ****   * @param  hpcd PCD handle
1214:Drivers/STM32G4xx_HAL_Driver/Src/stm32g4xx_hal_pcd.c ****   * @retval None
1215:Drivers/STM32G4xx_HAL_Driver/Src/stm32g4xx_hal_pcd.c ****   */
1216:Drivers/STM32G4xx_HAL_Driver/Src/stm32g4xx_hal_pcd.c **** __weak void HAL_PCD_ConnectCallback(PCD_HandleTypeDef *hpcd)
1217:Drivers/STM32G4xx_HAL_Driver/Src/stm32g4xx_hal_pcd.c **** {
1218:Drivers/STM32G4xx_HAL_Driver/Src/stm32g4xx_hal_pcd.c ****   /* Prevent unused argument(s) compilation warning */
1219:Drivers/STM32G4xx_HAL_Driver/Src/stm32g4xx_hal_pcd.c ****   UNUSED(hpcd);
1220:Drivers/STM32G4xx_HAL_Driver/Src/stm32g4xx_hal_pcd.c **** 
1221:Drivers/STM32G4xx_HAL_Driver/Src/stm32g4xx_hal_pcd.c ****   /* NOTE : This function should not be modified, when the callback is needed,
1222:Drivers/STM32G4xx_HAL_Driver/Src/stm32g4xx_hal_pcd.c ****             the HAL_PCD_ConnectCallback could be implemented in the user file
1223:Drivers/STM32G4xx_HAL_Driver/Src/stm32g4xx_hal_pcd.c ****    */
1224:Drivers/STM32G4xx_HAL_Driver/Src/stm32g4xx_hal_pcd.c **** }
1225:Drivers/STM32G4xx_HAL_Driver/Src/stm32g4xx_hal_pcd.c **** 
1226:Drivers/STM32G4xx_HAL_Driver/Src/stm32g4xx_hal_pcd.c **** /**
1227:Drivers/STM32G4xx_HAL_Driver/Src/stm32g4xx_hal_pcd.c ****   * @brief  Disconnection event callback.
ARM GAS  /tmp/cc2qdi8m.s 			page 23


1228:Drivers/STM32G4xx_HAL_Driver/Src/stm32g4xx_hal_pcd.c ****   * @param  hpcd PCD handle
1229:Drivers/STM32G4xx_HAL_Driver/Src/stm32g4xx_hal_pcd.c ****   * @retval None
1230:Drivers/STM32G4xx_HAL_Driver/Src/stm32g4xx_hal_pcd.c ****   */
1231:Drivers/STM32G4xx_HAL_Driver/Src/stm32g4xx_hal_pcd.c **** __weak void HAL_PCD_DisconnectCallback(PCD_HandleTypeDef *hpcd)
1232:Drivers/STM32G4xx_HAL_Driver/Src/stm32g4xx_hal_pcd.c **** {
1233:Drivers/STM32G4xx_HAL_Driver/Src/stm32g4xx_hal_pcd.c ****   /* Prevent unused argument(s) compilation warning */
1234:Drivers/STM32G4xx_HAL_Driver/Src/stm32g4xx_hal_pcd.c ****   UNUSED(hpcd);
1235:Drivers/STM32G4xx_HAL_Driver/Src/stm32g4xx_hal_pcd.c **** 
1236:Drivers/STM32G4xx_HAL_Driver/Src/stm32g4xx_hal_pcd.c ****   /* NOTE : This function should not be modified, when the callback is needed,
1237:Drivers/STM32G4xx_HAL_Driver/Src/stm32g4xx_hal_pcd.c ****             the HAL_PCD_DisconnectCallback could be implemented in the user file
1238:Drivers/STM32G4xx_HAL_Driver/Src/stm32g4xx_hal_pcd.c ****    */
1239:Drivers/STM32G4xx_HAL_Driver/Src/stm32g4xx_hal_pcd.c **** }
1240:Drivers/STM32G4xx_HAL_Driver/Src/stm32g4xx_hal_pcd.c **** 
1241:Drivers/STM32G4xx_HAL_Driver/Src/stm32g4xx_hal_pcd.c **** /**
1242:Drivers/STM32G4xx_HAL_Driver/Src/stm32g4xx_hal_pcd.c ****   * @}
1243:Drivers/STM32G4xx_HAL_Driver/Src/stm32g4xx_hal_pcd.c ****   */
1244:Drivers/STM32G4xx_HAL_Driver/Src/stm32g4xx_hal_pcd.c **** 
1245:Drivers/STM32G4xx_HAL_Driver/Src/stm32g4xx_hal_pcd.c **** /** @defgroup PCD_Exported_Functions_Group3 Peripheral Control functions
1246:Drivers/STM32G4xx_HAL_Driver/Src/stm32g4xx_hal_pcd.c ****   *  @brief   management functions
1247:Drivers/STM32G4xx_HAL_Driver/Src/stm32g4xx_hal_pcd.c ****   *
1248:Drivers/STM32G4xx_HAL_Driver/Src/stm32g4xx_hal_pcd.c **** @verbatim
1249:Drivers/STM32G4xx_HAL_Driver/Src/stm32g4xx_hal_pcd.c ****  ===============================================================================
1250:Drivers/STM32G4xx_HAL_Driver/Src/stm32g4xx_hal_pcd.c ****                       ##### Peripheral Control functions #####
1251:Drivers/STM32G4xx_HAL_Driver/Src/stm32g4xx_hal_pcd.c ****  ===============================================================================
1252:Drivers/STM32G4xx_HAL_Driver/Src/stm32g4xx_hal_pcd.c ****     [..]
1253:Drivers/STM32G4xx_HAL_Driver/Src/stm32g4xx_hal_pcd.c ****     This subsection provides a set of functions allowing to control the PCD data
1254:Drivers/STM32G4xx_HAL_Driver/Src/stm32g4xx_hal_pcd.c ****     transfers.
1255:Drivers/STM32G4xx_HAL_Driver/Src/stm32g4xx_hal_pcd.c **** 
1256:Drivers/STM32G4xx_HAL_Driver/Src/stm32g4xx_hal_pcd.c **** @endverbatim
1257:Drivers/STM32G4xx_HAL_Driver/Src/stm32g4xx_hal_pcd.c ****   * @{
1258:Drivers/STM32G4xx_HAL_Driver/Src/stm32g4xx_hal_pcd.c ****   */
1259:Drivers/STM32G4xx_HAL_Driver/Src/stm32g4xx_hal_pcd.c **** 
1260:Drivers/STM32G4xx_HAL_Driver/Src/stm32g4xx_hal_pcd.c **** /**
1261:Drivers/STM32G4xx_HAL_Driver/Src/stm32g4xx_hal_pcd.c ****   * @brief  Connect the USB device
1262:Drivers/STM32G4xx_HAL_Driver/Src/stm32g4xx_hal_pcd.c ****   * @param  hpcd PCD handle
1263:Drivers/STM32G4xx_HAL_Driver/Src/stm32g4xx_hal_pcd.c ****   * @retval HAL status
1264:Drivers/STM32G4xx_HAL_Driver/Src/stm32g4xx_hal_pcd.c ****   */
1265:Drivers/STM32G4xx_HAL_Driver/Src/stm32g4xx_hal_pcd.c **** HAL_StatusTypeDef HAL_PCD_DevConnect(PCD_HandleTypeDef *hpcd)
1266:Drivers/STM32G4xx_HAL_Driver/Src/stm32g4xx_hal_pcd.c **** {
1267:Drivers/STM32G4xx_HAL_Driver/Src/stm32g4xx_hal_pcd.c ****   __HAL_LOCK(hpcd);
1268:Drivers/STM32G4xx_HAL_Driver/Src/stm32g4xx_hal_pcd.c ****   (void)USB_DevConnect(hpcd->Instance);
1269:Drivers/STM32G4xx_HAL_Driver/Src/stm32g4xx_hal_pcd.c ****   __HAL_UNLOCK(hpcd);
1270:Drivers/STM32G4xx_HAL_Driver/Src/stm32g4xx_hal_pcd.c **** 
1271:Drivers/STM32G4xx_HAL_Driver/Src/stm32g4xx_hal_pcd.c ****   return HAL_OK;
1272:Drivers/STM32G4xx_HAL_Driver/Src/stm32g4xx_hal_pcd.c **** }
1273:Drivers/STM32G4xx_HAL_Driver/Src/stm32g4xx_hal_pcd.c **** 
1274:Drivers/STM32G4xx_HAL_Driver/Src/stm32g4xx_hal_pcd.c **** /**
1275:Drivers/STM32G4xx_HAL_Driver/Src/stm32g4xx_hal_pcd.c ****   * @brief  Disconnect the USB device.
1276:Drivers/STM32G4xx_HAL_Driver/Src/stm32g4xx_hal_pcd.c ****   * @param  hpcd PCD handle
1277:Drivers/STM32G4xx_HAL_Driver/Src/stm32g4xx_hal_pcd.c ****   * @retval HAL status
1278:Drivers/STM32G4xx_HAL_Driver/Src/stm32g4xx_hal_pcd.c ****   */
1279:Drivers/STM32G4xx_HAL_Driver/Src/stm32g4xx_hal_pcd.c **** HAL_StatusTypeDef HAL_PCD_DevDisconnect(PCD_HandleTypeDef *hpcd)
1280:Drivers/STM32G4xx_HAL_Driver/Src/stm32g4xx_hal_pcd.c **** {
1281:Drivers/STM32G4xx_HAL_Driver/Src/stm32g4xx_hal_pcd.c ****   __HAL_LOCK(hpcd);
1282:Drivers/STM32G4xx_HAL_Driver/Src/stm32g4xx_hal_pcd.c ****   (void)USB_DevDisconnect(hpcd->Instance);
1283:Drivers/STM32G4xx_HAL_Driver/Src/stm32g4xx_hal_pcd.c ****   __HAL_UNLOCK(hpcd);
1284:Drivers/STM32G4xx_HAL_Driver/Src/stm32g4xx_hal_pcd.c **** 
ARM GAS  /tmp/cc2qdi8m.s 			page 24


1285:Drivers/STM32G4xx_HAL_Driver/Src/stm32g4xx_hal_pcd.c ****   return HAL_OK;
1286:Drivers/STM32G4xx_HAL_Driver/Src/stm32g4xx_hal_pcd.c **** }
1287:Drivers/STM32G4xx_HAL_Driver/Src/stm32g4xx_hal_pcd.c **** 
1288:Drivers/STM32G4xx_HAL_Driver/Src/stm32g4xx_hal_pcd.c **** /**
1289:Drivers/STM32G4xx_HAL_Driver/Src/stm32g4xx_hal_pcd.c ****   * @brief  Set the USB Device address.
1290:Drivers/STM32G4xx_HAL_Driver/Src/stm32g4xx_hal_pcd.c ****   * @param  hpcd PCD handle
1291:Drivers/STM32G4xx_HAL_Driver/Src/stm32g4xx_hal_pcd.c ****   * @param  address new device address
1292:Drivers/STM32G4xx_HAL_Driver/Src/stm32g4xx_hal_pcd.c ****   * @retval HAL status
1293:Drivers/STM32G4xx_HAL_Driver/Src/stm32g4xx_hal_pcd.c ****   */
1294:Drivers/STM32G4xx_HAL_Driver/Src/stm32g4xx_hal_pcd.c **** HAL_StatusTypeDef HAL_PCD_SetAddress(PCD_HandleTypeDef *hpcd, uint8_t address)
1295:Drivers/STM32G4xx_HAL_Driver/Src/stm32g4xx_hal_pcd.c **** {
1296:Drivers/STM32G4xx_HAL_Driver/Src/stm32g4xx_hal_pcd.c ****   __HAL_LOCK(hpcd);
1297:Drivers/STM32G4xx_HAL_Driver/Src/stm32g4xx_hal_pcd.c ****   hpcd->USB_Address = address;
1298:Drivers/STM32G4xx_HAL_Driver/Src/stm32g4xx_hal_pcd.c ****   (void)USB_SetDevAddress(hpcd->Instance, address);
1299:Drivers/STM32G4xx_HAL_Driver/Src/stm32g4xx_hal_pcd.c ****   __HAL_UNLOCK(hpcd);
1300:Drivers/STM32G4xx_HAL_Driver/Src/stm32g4xx_hal_pcd.c **** 
1301:Drivers/STM32G4xx_HAL_Driver/Src/stm32g4xx_hal_pcd.c ****   return HAL_OK;
1302:Drivers/STM32G4xx_HAL_Driver/Src/stm32g4xx_hal_pcd.c **** }
1303:Drivers/STM32G4xx_HAL_Driver/Src/stm32g4xx_hal_pcd.c **** /**
1304:Drivers/STM32G4xx_HAL_Driver/Src/stm32g4xx_hal_pcd.c ****   * @brief  Open and configure an endpoint.
1305:Drivers/STM32G4xx_HAL_Driver/Src/stm32g4xx_hal_pcd.c ****   * @param  hpcd PCD handle
1306:Drivers/STM32G4xx_HAL_Driver/Src/stm32g4xx_hal_pcd.c ****   * @param  ep_addr endpoint address
1307:Drivers/STM32G4xx_HAL_Driver/Src/stm32g4xx_hal_pcd.c ****   * @param  ep_mps endpoint max packet size
1308:Drivers/STM32G4xx_HAL_Driver/Src/stm32g4xx_hal_pcd.c ****   * @param  ep_type endpoint type
1309:Drivers/STM32G4xx_HAL_Driver/Src/stm32g4xx_hal_pcd.c ****   * @retval HAL status
1310:Drivers/STM32G4xx_HAL_Driver/Src/stm32g4xx_hal_pcd.c ****   */
1311:Drivers/STM32G4xx_HAL_Driver/Src/stm32g4xx_hal_pcd.c **** HAL_StatusTypeDef HAL_PCD_EP_Open(PCD_HandleTypeDef *hpcd, uint8_t ep_addr,
1312:Drivers/STM32G4xx_HAL_Driver/Src/stm32g4xx_hal_pcd.c ****                                   uint16_t ep_mps, uint8_t ep_type)
1313:Drivers/STM32G4xx_HAL_Driver/Src/stm32g4xx_hal_pcd.c **** {
1314:Drivers/STM32G4xx_HAL_Driver/Src/stm32g4xx_hal_pcd.c ****   HAL_StatusTypeDef ret = HAL_OK;
1315:Drivers/STM32G4xx_HAL_Driver/Src/stm32g4xx_hal_pcd.c ****   PCD_EPTypeDef *ep;
1316:Drivers/STM32G4xx_HAL_Driver/Src/stm32g4xx_hal_pcd.c **** 
1317:Drivers/STM32G4xx_HAL_Driver/Src/stm32g4xx_hal_pcd.c ****   if ((ep_addr & 0x80U) == 0x80U)
1318:Drivers/STM32G4xx_HAL_Driver/Src/stm32g4xx_hal_pcd.c ****   {
1319:Drivers/STM32G4xx_HAL_Driver/Src/stm32g4xx_hal_pcd.c ****     ep = &hpcd->IN_ep[ep_addr & EP_ADDR_MSK];
1320:Drivers/STM32G4xx_HAL_Driver/Src/stm32g4xx_hal_pcd.c ****     ep->is_in = 1U;
1321:Drivers/STM32G4xx_HAL_Driver/Src/stm32g4xx_hal_pcd.c ****   }
1322:Drivers/STM32G4xx_HAL_Driver/Src/stm32g4xx_hal_pcd.c ****   else
1323:Drivers/STM32G4xx_HAL_Driver/Src/stm32g4xx_hal_pcd.c ****   {
1324:Drivers/STM32G4xx_HAL_Driver/Src/stm32g4xx_hal_pcd.c ****     ep = &hpcd->OUT_ep[ep_addr & EP_ADDR_MSK];
1325:Drivers/STM32G4xx_HAL_Driver/Src/stm32g4xx_hal_pcd.c ****     ep->is_in = 0U;
1326:Drivers/STM32G4xx_HAL_Driver/Src/stm32g4xx_hal_pcd.c ****   }
1327:Drivers/STM32G4xx_HAL_Driver/Src/stm32g4xx_hal_pcd.c **** 
1328:Drivers/STM32G4xx_HAL_Driver/Src/stm32g4xx_hal_pcd.c ****   ep->num = ep_addr & EP_ADDR_MSK;
1329:Drivers/STM32G4xx_HAL_Driver/Src/stm32g4xx_hal_pcd.c ****   ep->maxpacket = (uint32_t)ep_mps & 0x7FFU;
1330:Drivers/STM32G4xx_HAL_Driver/Src/stm32g4xx_hal_pcd.c ****   ep->type = ep_type;
1331:Drivers/STM32G4xx_HAL_Driver/Src/stm32g4xx_hal_pcd.c **** 
1332:Drivers/STM32G4xx_HAL_Driver/Src/stm32g4xx_hal_pcd.c ****   /* Set initial data PID. */
1333:Drivers/STM32G4xx_HAL_Driver/Src/stm32g4xx_hal_pcd.c ****   if (ep_type == EP_TYPE_BULK)
1334:Drivers/STM32G4xx_HAL_Driver/Src/stm32g4xx_hal_pcd.c ****   {
1335:Drivers/STM32G4xx_HAL_Driver/Src/stm32g4xx_hal_pcd.c ****     ep->data_pid_start = 0U;
1336:Drivers/STM32G4xx_HAL_Driver/Src/stm32g4xx_hal_pcd.c ****   }
1337:Drivers/STM32G4xx_HAL_Driver/Src/stm32g4xx_hal_pcd.c **** 
1338:Drivers/STM32G4xx_HAL_Driver/Src/stm32g4xx_hal_pcd.c ****   __HAL_LOCK(hpcd);
1339:Drivers/STM32G4xx_HAL_Driver/Src/stm32g4xx_hal_pcd.c ****   (void)USB_ActivateEndpoint(hpcd->Instance, ep);
1340:Drivers/STM32G4xx_HAL_Driver/Src/stm32g4xx_hal_pcd.c ****   __HAL_UNLOCK(hpcd);
1341:Drivers/STM32G4xx_HAL_Driver/Src/stm32g4xx_hal_pcd.c **** 
ARM GAS  /tmp/cc2qdi8m.s 			page 25


1342:Drivers/STM32G4xx_HAL_Driver/Src/stm32g4xx_hal_pcd.c ****   return ret;
1343:Drivers/STM32G4xx_HAL_Driver/Src/stm32g4xx_hal_pcd.c **** }
1344:Drivers/STM32G4xx_HAL_Driver/Src/stm32g4xx_hal_pcd.c **** 
1345:Drivers/STM32G4xx_HAL_Driver/Src/stm32g4xx_hal_pcd.c **** /**
1346:Drivers/STM32G4xx_HAL_Driver/Src/stm32g4xx_hal_pcd.c ****   * @brief  Deactivate an endpoint.
1347:Drivers/STM32G4xx_HAL_Driver/Src/stm32g4xx_hal_pcd.c ****   * @param  hpcd PCD handle
1348:Drivers/STM32G4xx_HAL_Driver/Src/stm32g4xx_hal_pcd.c ****   * @param  ep_addr endpoint address
1349:Drivers/STM32G4xx_HAL_Driver/Src/stm32g4xx_hal_pcd.c ****   * @retval HAL status
1350:Drivers/STM32G4xx_HAL_Driver/Src/stm32g4xx_hal_pcd.c ****   */
1351:Drivers/STM32G4xx_HAL_Driver/Src/stm32g4xx_hal_pcd.c **** HAL_StatusTypeDef HAL_PCD_EP_Close(PCD_HandleTypeDef *hpcd, uint8_t ep_addr)
1352:Drivers/STM32G4xx_HAL_Driver/Src/stm32g4xx_hal_pcd.c **** {
1353:Drivers/STM32G4xx_HAL_Driver/Src/stm32g4xx_hal_pcd.c ****   PCD_EPTypeDef *ep;
1354:Drivers/STM32G4xx_HAL_Driver/Src/stm32g4xx_hal_pcd.c **** 
1355:Drivers/STM32G4xx_HAL_Driver/Src/stm32g4xx_hal_pcd.c ****   if ((ep_addr & 0x80U) == 0x80U)
1356:Drivers/STM32G4xx_HAL_Driver/Src/stm32g4xx_hal_pcd.c ****   {
1357:Drivers/STM32G4xx_HAL_Driver/Src/stm32g4xx_hal_pcd.c ****     ep = &hpcd->IN_ep[ep_addr & EP_ADDR_MSK];
1358:Drivers/STM32G4xx_HAL_Driver/Src/stm32g4xx_hal_pcd.c ****     ep->is_in = 1U;
1359:Drivers/STM32G4xx_HAL_Driver/Src/stm32g4xx_hal_pcd.c ****   }
1360:Drivers/STM32G4xx_HAL_Driver/Src/stm32g4xx_hal_pcd.c ****   else
1361:Drivers/STM32G4xx_HAL_Driver/Src/stm32g4xx_hal_pcd.c ****   {
1362:Drivers/STM32G4xx_HAL_Driver/Src/stm32g4xx_hal_pcd.c ****     ep = &hpcd->OUT_ep[ep_addr & EP_ADDR_MSK];
1363:Drivers/STM32G4xx_HAL_Driver/Src/stm32g4xx_hal_pcd.c ****     ep->is_in = 0U;
1364:Drivers/STM32G4xx_HAL_Driver/Src/stm32g4xx_hal_pcd.c ****   }
1365:Drivers/STM32G4xx_HAL_Driver/Src/stm32g4xx_hal_pcd.c ****   ep->num = ep_addr & EP_ADDR_MSK;
1366:Drivers/STM32G4xx_HAL_Driver/Src/stm32g4xx_hal_pcd.c **** 
1367:Drivers/STM32G4xx_HAL_Driver/Src/stm32g4xx_hal_pcd.c ****   __HAL_LOCK(hpcd);
1368:Drivers/STM32G4xx_HAL_Driver/Src/stm32g4xx_hal_pcd.c ****   (void)USB_DeactivateEndpoint(hpcd->Instance, ep);
1369:Drivers/STM32G4xx_HAL_Driver/Src/stm32g4xx_hal_pcd.c ****   __HAL_UNLOCK(hpcd);
1370:Drivers/STM32G4xx_HAL_Driver/Src/stm32g4xx_hal_pcd.c ****   return HAL_OK;
1371:Drivers/STM32G4xx_HAL_Driver/Src/stm32g4xx_hal_pcd.c **** }
1372:Drivers/STM32G4xx_HAL_Driver/Src/stm32g4xx_hal_pcd.c **** 
1373:Drivers/STM32G4xx_HAL_Driver/Src/stm32g4xx_hal_pcd.c **** 
1374:Drivers/STM32G4xx_HAL_Driver/Src/stm32g4xx_hal_pcd.c **** /**
1375:Drivers/STM32G4xx_HAL_Driver/Src/stm32g4xx_hal_pcd.c ****   * @brief  Receive an amount of data.
1376:Drivers/STM32G4xx_HAL_Driver/Src/stm32g4xx_hal_pcd.c ****   * @param  hpcd PCD handle
1377:Drivers/STM32G4xx_HAL_Driver/Src/stm32g4xx_hal_pcd.c ****   * @param  ep_addr endpoint address
1378:Drivers/STM32G4xx_HAL_Driver/Src/stm32g4xx_hal_pcd.c ****   * @param  pBuf pointer to the reception buffer
1379:Drivers/STM32G4xx_HAL_Driver/Src/stm32g4xx_hal_pcd.c ****   * @param  len amount of data to be received
1380:Drivers/STM32G4xx_HAL_Driver/Src/stm32g4xx_hal_pcd.c ****   * @retval HAL status
1381:Drivers/STM32G4xx_HAL_Driver/Src/stm32g4xx_hal_pcd.c ****   */
1382:Drivers/STM32G4xx_HAL_Driver/Src/stm32g4xx_hal_pcd.c **** HAL_StatusTypeDef HAL_PCD_EP_Receive(PCD_HandleTypeDef *hpcd, uint8_t ep_addr, uint8_t *pBuf, uint3
1383:Drivers/STM32G4xx_HAL_Driver/Src/stm32g4xx_hal_pcd.c **** {
1384:Drivers/STM32G4xx_HAL_Driver/Src/stm32g4xx_hal_pcd.c ****   PCD_EPTypeDef *ep;
1385:Drivers/STM32G4xx_HAL_Driver/Src/stm32g4xx_hal_pcd.c **** 
1386:Drivers/STM32G4xx_HAL_Driver/Src/stm32g4xx_hal_pcd.c ****   ep = &hpcd->OUT_ep[ep_addr & EP_ADDR_MSK];
1387:Drivers/STM32G4xx_HAL_Driver/Src/stm32g4xx_hal_pcd.c **** 
1388:Drivers/STM32G4xx_HAL_Driver/Src/stm32g4xx_hal_pcd.c ****   /*setup and start the Xfer */
1389:Drivers/STM32G4xx_HAL_Driver/Src/stm32g4xx_hal_pcd.c ****   ep->xfer_buff = pBuf;
1390:Drivers/STM32G4xx_HAL_Driver/Src/stm32g4xx_hal_pcd.c ****   ep->xfer_len = len;
1391:Drivers/STM32G4xx_HAL_Driver/Src/stm32g4xx_hal_pcd.c ****   ep->xfer_count = 0U;
1392:Drivers/STM32G4xx_HAL_Driver/Src/stm32g4xx_hal_pcd.c ****   ep->is_in = 0U;
1393:Drivers/STM32G4xx_HAL_Driver/Src/stm32g4xx_hal_pcd.c ****   ep->num = ep_addr & EP_ADDR_MSK;
1394:Drivers/STM32G4xx_HAL_Driver/Src/stm32g4xx_hal_pcd.c **** 
1395:Drivers/STM32G4xx_HAL_Driver/Src/stm32g4xx_hal_pcd.c ****   (void)USB_EPStartXfer(hpcd->Instance, ep);
1396:Drivers/STM32G4xx_HAL_Driver/Src/stm32g4xx_hal_pcd.c **** 
1397:Drivers/STM32G4xx_HAL_Driver/Src/stm32g4xx_hal_pcd.c ****   return HAL_OK;
1398:Drivers/STM32G4xx_HAL_Driver/Src/stm32g4xx_hal_pcd.c **** }
ARM GAS  /tmp/cc2qdi8m.s 			page 26


1399:Drivers/STM32G4xx_HAL_Driver/Src/stm32g4xx_hal_pcd.c **** 
1400:Drivers/STM32G4xx_HAL_Driver/Src/stm32g4xx_hal_pcd.c **** /**
1401:Drivers/STM32G4xx_HAL_Driver/Src/stm32g4xx_hal_pcd.c ****   * @brief  Get Received Data Size
1402:Drivers/STM32G4xx_HAL_Driver/Src/stm32g4xx_hal_pcd.c ****   * @param  hpcd PCD handle
1403:Drivers/STM32G4xx_HAL_Driver/Src/stm32g4xx_hal_pcd.c ****   * @param  ep_addr endpoint address
1404:Drivers/STM32G4xx_HAL_Driver/Src/stm32g4xx_hal_pcd.c ****   * @retval Data Size
1405:Drivers/STM32G4xx_HAL_Driver/Src/stm32g4xx_hal_pcd.c ****   */
1406:Drivers/STM32G4xx_HAL_Driver/Src/stm32g4xx_hal_pcd.c **** uint32_t HAL_PCD_EP_GetRxCount(PCD_HandleTypeDef const *hpcd, uint8_t ep_addr)
1407:Drivers/STM32G4xx_HAL_Driver/Src/stm32g4xx_hal_pcd.c **** {
1408:Drivers/STM32G4xx_HAL_Driver/Src/stm32g4xx_hal_pcd.c ****   return hpcd->OUT_ep[ep_addr & EP_ADDR_MSK].xfer_count;
1409:Drivers/STM32G4xx_HAL_Driver/Src/stm32g4xx_hal_pcd.c **** }
1410:Drivers/STM32G4xx_HAL_Driver/Src/stm32g4xx_hal_pcd.c **** /**
1411:Drivers/STM32G4xx_HAL_Driver/Src/stm32g4xx_hal_pcd.c ****   * @brief  Send an amount of data
1412:Drivers/STM32G4xx_HAL_Driver/Src/stm32g4xx_hal_pcd.c ****   * @param  hpcd PCD handle
1413:Drivers/STM32G4xx_HAL_Driver/Src/stm32g4xx_hal_pcd.c ****   * @param  ep_addr endpoint address
1414:Drivers/STM32G4xx_HAL_Driver/Src/stm32g4xx_hal_pcd.c ****   * @param  pBuf pointer to the transmission buffer
1415:Drivers/STM32G4xx_HAL_Driver/Src/stm32g4xx_hal_pcd.c ****   * @param  len amount of data to be sent
1416:Drivers/STM32G4xx_HAL_Driver/Src/stm32g4xx_hal_pcd.c ****   * @retval HAL status
1417:Drivers/STM32G4xx_HAL_Driver/Src/stm32g4xx_hal_pcd.c ****   */
1418:Drivers/STM32G4xx_HAL_Driver/Src/stm32g4xx_hal_pcd.c **** HAL_StatusTypeDef HAL_PCD_EP_Transmit(PCD_HandleTypeDef *hpcd, uint8_t ep_addr, uint8_t *pBuf, uint
1419:Drivers/STM32G4xx_HAL_Driver/Src/stm32g4xx_hal_pcd.c **** {
1420:Drivers/STM32G4xx_HAL_Driver/Src/stm32g4xx_hal_pcd.c ****   PCD_EPTypeDef *ep;
1421:Drivers/STM32G4xx_HAL_Driver/Src/stm32g4xx_hal_pcd.c **** 
1422:Drivers/STM32G4xx_HAL_Driver/Src/stm32g4xx_hal_pcd.c ****   ep = &hpcd->IN_ep[ep_addr & EP_ADDR_MSK];
1423:Drivers/STM32G4xx_HAL_Driver/Src/stm32g4xx_hal_pcd.c **** 
1424:Drivers/STM32G4xx_HAL_Driver/Src/stm32g4xx_hal_pcd.c ****   /*setup and start the Xfer */
1425:Drivers/STM32G4xx_HAL_Driver/Src/stm32g4xx_hal_pcd.c ****   ep->xfer_buff = pBuf;
1426:Drivers/STM32G4xx_HAL_Driver/Src/stm32g4xx_hal_pcd.c ****   ep->xfer_len = len;
1427:Drivers/STM32G4xx_HAL_Driver/Src/stm32g4xx_hal_pcd.c ****   ep->xfer_fill_db = 1U;
1428:Drivers/STM32G4xx_HAL_Driver/Src/stm32g4xx_hal_pcd.c ****   ep->xfer_len_db = len;
1429:Drivers/STM32G4xx_HAL_Driver/Src/stm32g4xx_hal_pcd.c ****   ep->xfer_count = 0U;
1430:Drivers/STM32G4xx_HAL_Driver/Src/stm32g4xx_hal_pcd.c ****   ep->is_in = 1U;
1431:Drivers/STM32G4xx_HAL_Driver/Src/stm32g4xx_hal_pcd.c ****   ep->num = ep_addr & EP_ADDR_MSK;
1432:Drivers/STM32G4xx_HAL_Driver/Src/stm32g4xx_hal_pcd.c **** 
1433:Drivers/STM32G4xx_HAL_Driver/Src/stm32g4xx_hal_pcd.c ****   (void)USB_EPStartXfer(hpcd->Instance, ep);
1434:Drivers/STM32G4xx_HAL_Driver/Src/stm32g4xx_hal_pcd.c **** 
1435:Drivers/STM32G4xx_HAL_Driver/Src/stm32g4xx_hal_pcd.c ****   return HAL_OK;
1436:Drivers/STM32G4xx_HAL_Driver/Src/stm32g4xx_hal_pcd.c **** }
1437:Drivers/STM32G4xx_HAL_Driver/Src/stm32g4xx_hal_pcd.c **** 
1438:Drivers/STM32G4xx_HAL_Driver/Src/stm32g4xx_hal_pcd.c **** /**
1439:Drivers/STM32G4xx_HAL_Driver/Src/stm32g4xx_hal_pcd.c ****   * @brief  Set a STALL condition over an endpoint
1440:Drivers/STM32G4xx_HAL_Driver/Src/stm32g4xx_hal_pcd.c ****   * @param  hpcd PCD handle
1441:Drivers/STM32G4xx_HAL_Driver/Src/stm32g4xx_hal_pcd.c ****   * @param  ep_addr endpoint address
1442:Drivers/STM32G4xx_HAL_Driver/Src/stm32g4xx_hal_pcd.c ****   * @retval HAL status
1443:Drivers/STM32G4xx_HAL_Driver/Src/stm32g4xx_hal_pcd.c ****   */
1444:Drivers/STM32G4xx_HAL_Driver/Src/stm32g4xx_hal_pcd.c **** HAL_StatusTypeDef HAL_PCD_EP_SetStall(PCD_HandleTypeDef *hpcd, uint8_t ep_addr)
1445:Drivers/STM32G4xx_HAL_Driver/Src/stm32g4xx_hal_pcd.c **** {
1446:Drivers/STM32G4xx_HAL_Driver/Src/stm32g4xx_hal_pcd.c ****   PCD_EPTypeDef *ep;
1447:Drivers/STM32G4xx_HAL_Driver/Src/stm32g4xx_hal_pcd.c **** 
1448:Drivers/STM32G4xx_HAL_Driver/Src/stm32g4xx_hal_pcd.c ****   if (((uint32_t)ep_addr & EP_ADDR_MSK) > hpcd->Init.dev_endpoints)
1449:Drivers/STM32G4xx_HAL_Driver/Src/stm32g4xx_hal_pcd.c ****   {
1450:Drivers/STM32G4xx_HAL_Driver/Src/stm32g4xx_hal_pcd.c ****     return HAL_ERROR;
1451:Drivers/STM32G4xx_HAL_Driver/Src/stm32g4xx_hal_pcd.c ****   }
1452:Drivers/STM32G4xx_HAL_Driver/Src/stm32g4xx_hal_pcd.c **** 
1453:Drivers/STM32G4xx_HAL_Driver/Src/stm32g4xx_hal_pcd.c ****   if ((0x80U & ep_addr) == 0x80U)
1454:Drivers/STM32G4xx_HAL_Driver/Src/stm32g4xx_hal_pcd.c ****   {
1455:Drivers/STM32G4xx_HAL_Driver/Src/stm32g4xx_hal_pcd.c ****     ep = &hpcd->IN_ep[ep_addr & EP_ADDR_MSK];
ARM GAS  /tmp/cc2qdi8m.s 			page 27


1456:Drivers/STM32G4xx_HAL_Driver/Src/stm32g4xx_hal_pcd.c ****     ep->is_in = 1U;
1457:Drivers/STM32G4xx_HAL_Driver/Src/stm32g4xx_hal_pcd.c ****   }
1458:Drivers/STM32G4xx_HAL_Driver/Src/stm32g4xx_hal_pcd.c ****   else
1459:Drivers/STM32G4xx_HAL_Driver/Src/stm32g4xx_hal_pcd.c ****   {
1460:Drivers/STM32G4xx_HAL_Driver/Src/stm32g4xx_hal_pcd.c ****     ep = &hpcd->OUT_ep[ep_addr];
1461:Drivers/STM32G4xx_HAL_Driver/Src/stm32g4xx_hal_pcd.c ****     ep->is_in = 0U;
1462:Drivers/STM32G4xx_HAL_Driver/Src/stm32g4xx_hal_pcd.c ****   }
1463:Drivers/STM32G4xx_HAL_Driver/Src/stm32g4xx_hal_pcd.c **** 
1464:Drivers/STM32G4xx_HAL_Driver/Src/stm32g4xx_hal_pcd.c ****   ep->is_stall = 1U;
1465:Drivers/STM32G4xx_HAL_Driver/Src/stm32g4xx_hal_pcd.c ****   ep->num = ep_addr & EP_ADDR_MSK;
1466:Drivers/STM32G4xx_HAL_Driver/Src/stm32g4xx_hal_pcd.c **** 
1467:Drivers/STM32G4xx_HAL_Driver/Src/stm32g4xx_hal_pcd.c ****   __HAL_LOCK(hpcd);
1468:Drivers/STM32G4xx_HAL_Driver/Src/stm32g4xx_hal_pcd.c **** 
1469:Drivers/STM32G4xx_HAL_Driver/Src/stm32g4xx_hal_pcd.c ****   (void)USB_EPSetStall(hpcd->Instance, ep);
1470:Drivers/STM32G4xx_HAL_Driver/Src/stm32g4xx_hal_pcd.c **** 
1471:Drivers/STM32G4xx_HAL_Driver/Src/stm32g4xx_hal_pcd.c ****   __HAL_UNLOCK(hpcd);
1472:Drivers/STM32G4xx_HAL_Driver/Src/stm32g4xx_hal_pcd.c **** 
1473:Drivers/STM32G4xx_HAL_Driver/Src/stm32g4xx_hal_pcd.c ****   return HAL_OK;
1474:Drivers/STM32G4xx_HAL_Driver/Src/stm32g4xx_hal_pcd.c **** }
1475:Drivers/STM32G4xx_HAL_Driver/Src/stm32g4xx_hal_pcd.c **** 
1476:Drivers/STM32G4xx_HAL_Driver/Src/stm32g4xx_hal_pcd.c **** /**
1477:Drivers/STM32G4xx_HAL_Driver/Src/stm32g4xx_hal_pcd.c ****   * @brief  Clear a STALL condition over in an endpoint
1478:Drivers/STM32G4xx_HAL_Driver/Src/stm32g4xx_hal_pcd.c ****   * @param  hpcd PCD handle
1479:Drivers/STM32G4xx_HAL_Driver/Src/stm32g4xx_hal_pcd.c ****   * @param  ep_addr endpoint address
1480:Drivers/STM32G4xx_HAL_Driver/Src/stm32g4xx_hal_pcd.c ****   * @retval HAL status
1481:Drivers/STM32G4xx_HAL_Driver/Src/stm32g4xx_hal_pcd.c ****   */
1482:Drivers/STM32G4xx_HAL_Driver/Src/stm32g4xx_hal_pcd.c **** HAL_StatusTypeDef HAL_PCD_EP_ClrStall(PCD_HandleTypeDef *hpcd, uint8_t ep_addr)
1483:Drivers/STM32G4xx_HAL_Driver/Src/stm32g4xx_hal_pcd.c **** {
1484:Drivers/STM32G4xx_HAL_Driver/Src/stm32g4xx_hal_pcd.c ****   PCD_EPTypeDef *ep;
1485:Drivers/STM32G4xx_HAL_Driver/Src/stm32g4xx_hal_pcd.c **** 
1486:Drivers/STM32G4xx_HAL_Driver/Src/stm32g4xx_hal_pcd.c ****   if (((uint32_t)ep_addr & 0x0FU) > hpcd->Init.dev_endpoints)
1487:Drivers/STM32G4xx_HAL_Driver/Src/stm32g4xx_hal_pcd.c ****   {
1488:Drivers/STM32G4xx_HAL_Driver/Src/stm32g4xx_hal_pcd.c ****     return HAL_ERROR;
1489:Drivers/STM32G4xx_HAL_Driver/Src/stm32g4xx_hal_pcd.c ****   }
1490:Drivers/STM32G4xx_HAL_Driver/Src/stm32g4xx_hal_pcd.c **** 
1491:Drivers/STM32G4xx_HAL_Driver/Src/stm32g4xx_hal_pcd.c ****   if ((0x80U & ep_addr) == 0x80U)
1492:Drivers/STM32G4xx_HAL_Driver/Src/stm32g4xx_hal_pcd.c ****   {
1493:Drivers/STM32G4xx_HAL_Driver/Src/stm32g4xx_hal_pcd.c ****     ep = &hpcd->IN_ep[ep_addr & EP_ADDR_MSK];
1494:Drivers/STM32G4xx_HAL_Driver/Src/stm32g4xx_hal_pcd.c ****     ep->is_in = 1U;
1495:Drivers/STM32G4xx_HAL_Driver/Src/stm32g4xx_hal_pcd.c ****   }
1496:Drivers/STM32G4xx_HAL_Driver/Src/stm32g4xx_hal_pcd.c ****   else
1497:Drivers/STM32G4xx_HAL_Driver/Src/stm32g4xx_hal_pcd.c ****   {
1498:Drivers/STM32G4xx_HAL_Driver/Src/stm32g4xx_hal_pcd.c ****     ep = &hpcd->OUT_ep[ep_addr & EP_ADDR_MSK];
1499:Drivers/STM32G4xx_HAL_Driver/Src/stm32g4xx_hal_pcd.c ****     ep->is_in = 0U;
1500:Drivers/STM32G4xx_HAL_Driver/Src/stm32g4xx_hal_pcd.c ****   }
1501:Drivers/STM32G4xx_HAL_Driver/Src/stm32g4xx_hal_pcd.c **** 
1502:Drivers/STM32G4xx_HAL_Driver/Src/stm32g4xx_hal_pcd.c ****   ep->is_stall = 0U;
1503:Drivers/STM32G4xx_HAL_Driver/Src/stm32g4xx_hal_pcd.c ****   ep->num = ep_addr & EP_ADDR_MSK;
1504:Drivers/STM32G4xx_HAL_Driver/Src/stm32g4xx_hal_pcd.c **** 
1505:Drivers/STM32G4xx_HAL_Driver/Src/stm32g4xx_hal_pcd.c ****   __HAL_LOCK(hpcd);
1506:Drivers/STM32G4xx_HAL_Driver/Src/stm32g4xx_hal_pcd.c ****   (void)USB_EPClearStall(hpcd->Instance, ep);
1507:Drivers/STM32G4xx_HAL_Driver/Src/stm32g4xx_hal_pcd.c ****   __HAL_UNLOCK(hpcd);
1508:Drivers/STM32G4xx_HAL_Driver/Src/stm32g4xx_hal_pcd.c **** 
1509:Drivers/STM32G4xx_HAL_Driver/Src/stm32g4xx_hal_pcd.c ****   return HAL_OK;
1510:Drivers/STM32G4xx_HAL_Driver/Src/stm32g4xx_hal_pcd.c **** }
1511:Drivers/STM32G4xx_HAL_Driver/Src/stm32g4xx_hal_pcd.c **** 
1512:Drivers/STM32G4xx_HAL_Driver/Src/stm32g4xx_hal_pcd.c **** /**
ARM GAS  /tmp/cc2qdi8m.s 			page 28


1513:Drivers/STM32G4xx_HAL_Driver/Src/stm32g4xx_hal_pcd.c ****    * @brief  Abort an USB EP transaction.
1514:Drivers/STM32G4xx_HAL_Driver/Src/stm32g4xx_hal_pcd.c ****    * @param  hpcd PCD handle
1515:Drivers/STM32G4xx_HAL_Driver/Src/stm32g4xx_hal_pcd.c ****    * @param  ep_addr endpoint address
1516:Drivers/STM32G4xx_HAL_Driver/Src/stm32g4xx_hal_pcd.c ****    * @retval HAL status
1517:Drivers/STM32G4xx_HAL_Driver/Src/stm32g4xx_hal_pcd.c ****    */
1518:Drivers/STM32G4xx_HAL_Driver/Src/stm32g4xx_hal_pcd.c **** HAL_StatusTypeDef HAL_PCD_EP_Abort(PCD_HandleTypeDef *hpcd, uint8_t ep_addr)
1519:Drivers/STM32G4xx_HAL_Driver/Src/stm32g4xx_hal_pcd.c **** {
1520:Drivers/STM32G4xx_HAL_Driver/Src/stm32g4xx_hal_pcd.c ****   HAL_StatusTypeDef ret;
1521:Drivers/STM32G4xx_HAL_Driver/Src/stm32g4xx_hal_pcd.c ****   PCD_EPTypeDef *ep;
1522:Drivers/STM32G4xx_HAL_Driver/Src/stm32g4xx_hal_pcd.c **** 
1523:Drivers/STM32G4xx_HAL_Driver/Src/stm32g4xx_hal_pcd.c ****   if ((0x80U & ep_addr) == 0x80U)
1524:Drivers/STM32G4xx_HAL_Driver/Src/stm32g4xx_hal_pcd.c ****   {
1525:Drivers/STM32G4xx_HAL_Driver/Src/stm32g4xx_hal_pcd.c ****     ep = &hpcd->IN_ep[ep_addr & EP_ADDR_MSK];
1526:Drivers/STM32G4xx_HAL_Driver/Src/stm32g4xx_hal_pcd.c ****   }
1527:Drivers/STM32G4xx_HAL_Driver/Src/stm32g4xx_hal_pcd.c ****   else
1528:Drivers/STM32G4xx_HAL_Driver/Src/stm32g4xx_hal_pcd.c ****   {
1529:Drivers/STM32G4xx_HAL_Driver/Src/stm32g4xx_hal_pcd.c ****     ep = &hpcd->OUT_ep[ep_addr & EP_ADDR_MSK];
1530:Drivers/STM32G4xx_HAL_Driver/Src/stm32g4xx_hal_pcd.c ****   }
1531:Drivers/STM32G4xx_HAL_Driver/Src/stm32g4xx_hal_pcd.c **** 
1532:Drivers/STM32G4xx_HAL_Driver/Src/stm32g4xx_hal_pcd.c ****   /* Stop Xfer */
1533:Drivers/STM32G4xx_HAL_Driver/Src/stm32g4xx_hal_pcd.c ****   ret = USB_EPStopXfer(hpcd->Instance, ep);
1534:Drivers/STM32G4xx_HAL_Driver/Src/stm32g4xx_hal_pcd.c **** 
1535:Drivers/STM32G4xx_HAL_Driver/Src/stm32g4xx_hal_pcd.c ****   return ret;
1536:Drivers/STM32G4xx_HAL_Driver/Src/stm32g4xx_hal_pcd.c **** }
1537:Drivers/STM32G4xx_HAL_Driver/Src/stm32g4xx_hal_pcd.c **** 
1538:Drivers/STM32G4xx_HAL_Driver/Src/stm32g4xx_hal_pcd.c **** /**
1539:Drivers/STM32G4xx_HAL_Driver/Src/stm32g4xx_hal_pcd.c ****   * @brief  Flush an endpoint
1540:Drivers/STM32G4xx_HAL_Driver/Src/stm32g4xx_hal_pcd.c ****   * @param  hpcd PCD handle
1541:Drivers/STM32G4xx_HAL_Driver/Src/stm32g4xx_hal_pcd.c ****   * @param  ep_addr endpoint address
1542:Drivers/STM32G4xx_HAL_Driver/Src/stm32g4xx_hal_pcd.c ****   * @retval HAL status
1543:Drivers/STM32G4xx_HAL_Driver/Src/stm32g4xx_hal_pcd.c ****   */
1544:Drivers/STM32G4xx_HAL_Driver/Src/stm32g4xx_hal_pcd.c **** HAL_StatusTypeDef HAL_PCD_EP_Flush(PCD_HandleTypeDef *hpcd, uint8_t ep_addr)
1545:Drivers/STM32G4xx_HAL_Driver/Src/stm32g4xx_hal_pcd.c **** {
1546:Drivers/STM32G4xx_HAL_Driver/Src/stm32g4xx_hal_pcd.c ****   __HAL_LOCK(hpcd);
1547:Drivers/STM32G4xx_HAL_Driver/Src/stm32g4xx_hal_pcd.c **** 
1548:Drivers/STM32G4xx_HAL_Driver/Src/stm32g4xx_hal_pcd.c ****   if ((ep_addr & 0x80U) == 0x80U)
1549:Drivers/STM32G4xx_HAL_Driver/Src/stm32g4xx_hal_pcd.c ****   {
1550:Drivers/STM32G4xx_HAL_Driver/Src/stm32g4xx_hal_pcd.c ****     (void)USB_FlushTxFifo(hpcd->Instance, (uint32_t)ep_addr & EP_ADDR_MSK);
1551:Drivers/STM32G4xx_HAL_Driver/Src/stm32g4xx_hal_pcd.c ****   }
1552:Drivers/STM32G4xx_HAL_Driver/Src/stm32g4xx_hal_pcd.c ****   else
1553:Drivers/STM32G4xx_HAL_Driver/Src/stm32g4xx_hal_pcd.c ****   {
1554:Drivers/STM32G4xx_HAL_Driver/Src/stm32g4xx_hal_pcd.c ****     (void)USB_FlushRxFifo(hpcd->Instance);
1555:Drivers/STM32G4xx_HAL_Driver/Src/stm32g4xx_hal_pcd.c ****   }
1556:Drivers/STM32G4xx_HAL_Driver/Src/stm32g4xx_hal_pcd.c **** 
1557:Drivers/STM32G4xx_HAL_Driver/Src/stm32g4xx_hal_pcd.c ****   __HAL_UNLOCK(hpcd);
1558:Drivers/STM32G4xx_HAL_Driver/Src/stm32g4xx_hal_pcd.c **** 
1559:Drivers/STM32G4xx_HAL_Driver/Src/stm32g4xx_hal_pcd.c ****   return HAL_OK;
1560:Drivers/STM32G4xx_HAL_Driver/Src/stm32g4xx_hal_pcd.c **** }
1561:Drivers/STM32G4xx_HAL_Driver/Src/stm32g4xx_hal_pcd.c **** 
1562:Drivers/STM32G4xx_HAL_Driver/Src/stm32g4xx_hal_pcd.c **** /**
1563:Drivers/STM32G4xx_HAL_Driver/Src/stm32g4xx_hal_pcd.c ****   * @brief  Activate remote wakeup signalling
1564:Drivers/STM32G4xx_HAL_Driver/Src/stm32g4xx_hal_pcd.c ****   * @param  hpcd PCD handle
1565:Drivers/STM32G4xx_HAL_Driver/Src/stm32g4xx_hal_pcd.c ****   * @retval HAL status
1566:Drivers/STM32G4xx_HAL_Driver/Src/stm32g4xx_hal_pcd.c ****   */
1567:Drivers/STM32G4xx_HAL_Driver/Src/stm32g4xx_hal_pcd.c **** HAL_StatusTypeDef HAL_PCD_ActivateRemoteWakeup(PCD_HandleTypeDef *hpcd)
1568:Drivers/STM32G4xx_HAL_Driver/Src/stm32g4xx_hal_pcd.c **** {
1569:Drivers/STM32G4xx_HAL_Driver/Src/stm32g4xx_hal_pcd.c ****   return (USB_ActivateRemoteWakeup(hpcd->Instance));
ARM GAS  /tmp/cc2qdi8m.s 			page 29


1570:Drivers/STM32G4xx_HAL_Driver/Src/stm32g4xx_hal_pcd.c **** }
1571:Drivers/STM32G4xx_HAL_Driver/Src/stm32g4xx_hal_pcd.c **** 
1572:Drivers/STM32G4xx_HAL_Driver/Src/stm32g4xx_hal_pcd.c **** /**
1573:Drivers/STM32G4xx_HAL_Driver/Src/stm32g4xx_hal_pcd.c ****   * @brief  De-activate remote wakeup signalling.
1574:Drivers/STM32G4xx_HAL_Driver/Src/stm32g4xx_hal_pcd.c ****   * @param  hpcd PCD handle
1575:Drivers/STM32G4xx_HAL_Driver/Src/stm32g4xx_hal_pcd.c ****   * @retval HAL status
1576:Drivers/STM32G4xx_HAL_Driver/Src/stm32g4xx_hal_pcd.c ****   */
1577:Drivers/STM32G4xx_HAL_Driver/Src/stm32g4xx_hal_pcd.c **** HAL_StatusTypeDef HAL_PCD_DeActivateRemoteWakeup(PCD_HandleTypeDef *hpcd)
1578:Drivers/STM32G4xx_HAL_Driver/Src/stm32g4xx_hal_pcd.c **** {
1579:Drivers/STM32G4xx_HAL_Driver/Src/stm32g4xx_hal_pcd.c ****   return (USB_DeActivateRemoteWakeup(hpcd->Instance));
1580:Drivers/STM32G4xx_HAL_Driver/Src/stm32g4xx_hal_pcd.c **** }
1581:Drivers/STM32G4xx_HAL_Driver/Src/stm32g4xx_hal_pcd.c **** 
1582:Drivers/STM32G4xx_HAL_Driver/Src/stm32g4xx_hal_pcd.c **** /**
1583:Drivers/STM32G4xx_HAL_Driver/Src/stm32g4xx_hal_pcd.c ****   * @}
1584:Drivers/STM32G4xx_HAL_Driver/Src/stm32g4xx_hal_pcd.c ****   */
1585:Drivers/STM32G4xx_HAL_Driver/Src/stm32g4xx_hal_pcd.c **** 
1586:Drivers/STM32G4xx_HAL_Driver/Src/stm32g4xx_hal_pcd.c **** /** @defgroup PCD_Exported_Functions_Group4 Peripheral State functions
1587:Drivers/STM32G4xx_HAL_Driver/Src/stm32g4xx_hal_pcd.c ****   *  @brief   Peripheral State functions
1588:Drivers/STM32G4xx_HAL_Driver/Src/stm32g4xx_hal_pcd.c ****   *
1589:Drivers/STM32G4xx_HAL_Driver/Src/stm32g4xx_hal_pcd.c **** @verbatim
1590:Drivers/STM32G4xx_HAL_Driver/Src/stm32g4xx_hal_pcd.c ****  ===============================================================================
1591:Drivers/STM32G4xx_HAL_Driver/Src/stm32g4xx_hal_pcd.c ****                       ##### Peripheral State functions #####
1592:Drivers/STM32G4xx_HAL_Driver/Src/stm32g4xx_hal_pcd.c ****  ===============================================================================
1593:Drivers/STM32G4xx_HAL_Driver/Src/stm32g4xx_hal_pcd.c ****     [..]
1594:Drivers/STM32G4xx_HAL_Driver/Src/stm32g4xx_hal_pcd.c ****     This subsection permits to get in run-time the status of the peripheral
1595:Drivers/STM32G4xx_HAL_Driver/Src/stm32g4xx_hal_pcd.c ****     and the data flow.
1596:Drivers/STM32G4xx_HAL_Driver/Src/stm32g4xx_hal_pcd.c **** 
1597:Drivers/STM32G4xx_HAL_Driver/Src/stm32g4xx_hal_pcd.c **** @endverbatim
1598:Drivers/STM32G4xx_HAL_Driver/Src/stm32g4xx_hal_pcd.c ****   * @{
1599:Drivers/STM32G4xx_HAL_Driver/Src/stm32g4xx_hal_pcd.c ****   */
1600:Drivers/STM32G4xx_HAL_Driver/Src/stm32g4xx_hal_pcd.c **** 
1601:Drivers/STM32G4xx_HAL_Driver/Src/stm32g4xx_hal_pcd.c **** /**
1602:Drivers/STM32G4xx_HAL_Driver/Src/stm32g4xx_hal_pcd.c ****   * @brief  Return the PCD handle state.
1603:Drivers/STM32G4xx_HAL_Driver/Src/stm32g4xx_hal_pcd.c ****   * @param  hpcd PCD handle
1604:Drivers/STM32G4xx_HAL_Driver/Src/stm32g4xx_hal_pcd.c ****   * @retval HAL state
1605:Drivers/STM32G4xx_HAL_Driver/Src/stm32g4xx_hal_pcd.c ****   */
1606:Drivers/STM32G4xx_HAL_Driver/Src/stm32g4xx_hal_pcd.c **** PCD_StateTypeDef HAL_PCD_GetState(PCD_HandleTypeDef const *hpcd)
1607:Drivers/STM32G4xx_HAL_Driver/Src/stm32g4xx_hal_pcd.c **** {
1608:Drivers/STM32G4xx_HAL_Driver/Src/stm32g4xx_hal_pcd.c ****   return hpcd->State;
1609:Drivers/STM32G4xx_HAL_Driver/Src/stm32g4xx_hal_pcd.c **** }
1610:Drivers/STM32G4xx_HAL_Driver/Src/stm32g4xx_hal_pcd.c **** 
1611:Drivers/STM32G4xx_HAL_Driver/Src/stm32g4xx_hal_pcd.c **** /**
1612:Drivers/STM32G4xx_HAL_Driver/Src/stm32g4xx_hal_pcd.c ****   * @}
1613:Drivers/STM32G4xx_HAL_Driver/Src/stm32g4xx_hal_pcd.c ****   */
1614:Drivers/STM32G4xx_HAL_Driver/Src/stm32g4xx_hal_pcd.c **** 
1615:Drivers/STM32G4xx_HAL_Driver/Src/stm32g4xx_hal_pcd.c **** /**
1616:Drivers/STM32G4xx_HAL_Driver/Src/stm32g4xx_hal_pcd.c ****   * @}
1617:Drivers/STM32G4xx_HAL_Driver/Src/stm32g4xx_hal_pcd.c ****   */
1618:Drivers/STM32G4xx_HAL_Driver/Src/stm32g4xx_hal_pcd.c **** 
1619:Drivers/STM32G4xx_HAL_Driver/Src/stm32g4xx_hal_pcd.c **** /* Private functions ---------------------------------------------------------*/
1620:Drivers/STM32G4xx_HAL_Driver/Src/stm32g4xx_hal_pcd.c **** /** @addtogroup PCD_Private_Functions
1621:Drivers/STM32G4xx_HAL_Driver/Src/stm32g4xx_hal_pcd.c ****   * @{
1622:Drivers/STM32G4xx_HAL_Driver/Src/stm32g4xx_hal_pcd.c ****   */
1623:Drivers/STM32G4xx_HAL_Driver/Src/stm32g4xx_hal_pcd.c **** 
1624:Drivers/STM32G4xx_HAL_Driver/Src/stm32g4xx_hal_pcd.c **** 
1625:Drivers/STM32G4xx_HAL_Driver/Src/stm32g4xx_hal_pcd.c **** /**
1626:Drivers/STM32G4xx_HAL_Driver/Src/stm32g4xx_hal_pcd.c ****   * @brief  This function handles PCD Endpoint interrupt request.
ARM GAS  /tmp/cc2qdi8m.s 			page 30


1627:Drivers/STM32G4xx_HAL_Driver/Src/stm32g4xx_hal_pcd.c ****   * @param  hpcd PCD handle
1628:Drivers/STM32G4xx_HAL_Driver/Src/stm32g4xx_hal_pcd.c ****   * @retval HAL status
1629:Drivers/STM32G4xx_HAL_Driver/Src/stm32g4xx_hal_pcd.c ****   */
1630:Drivers/STM32G4xx_HAL_Driver/Src/stm32g4xx_hal_pcd.c **** static HAL_StatusTypeDef PCD_EP_ISR_Handler(PCD_HandleTypeDef *hpcd)
1631:Drivers/STM32G4xx_HAL_Driver/Src/stm32g4xx_hal_pcd.c **** {
1632:Drivers/STM32G4xx_HAL_Driver/Src/stm32g4xx_hal_pcd.c ****   PCD_EPTypeDef *ep;
1633:Drivers/STM32G4xx_HAL_Driver/Src/stm32g4xx_hal_pcd.c ****   uint16_t count;
1634:Drivers/STM32G4xx_HAL_Driver/Src/stm32g4xx_hal_pcd.c ****   uint16_t wIstr;
1635:Drivers/STM32G4xx_HAL_Driver/Src/stm32g4xx_hal_pcd.c ****   uint16_t wEPVal;
1636:Drivers/STM32G4xx_HAL_Driver/Src/stm32g4xx_hal_pcd.c ****   uint16_t TxPctSize;
1637:Drivers/STM32G4xx_HAL_Driver/Src/stm32g4xx_hal_pcd.c ****   uint8_t epindex;
1638:Drivers/STM32G4xx_HAL_Driver/Src/stm32g4xx_hal_pcd.c **** 
1639:Drivers/STM32G4xx_HAL_Driver/Src/stm32g4xx_hal_pcd.c **** #if (USE_USB_DOUBLE_BUFFER != 1U)
1640:Drivers/STM32G4xx_HAL_Driver/Src/stm32g4xx_hal_pcd.c ****   count = 0U;
1641:Drivers/STM32G4xx_HAL_Driver/Src/stm32g4xx_hal_pcd.c **** #endif /* USE_USB_DOUBLE_BUFFER */
1642:Drivers/STM32G4xx_HAL_Driver/Src/stm32g4xx_hal_pcd.c **** 
1643:Drivers/STM32G4xx_HAL_Driver/Src/stm32g4xx_hal_pcd.c ****   /* stay in loop while pending interrupts */
1644:Drivers/STM32G4xx_HAL_Driver/Src/stm32g4xx_hal_pcd.c ****   while ((hpcd->Instance->ISTR & USB_ISTR_CTR) != 0U)
1645:Drivers/STM32G4xx_HAL_Driver/Src/stm32g4xx_hal_pcd.c ****   {
1646:Drivers/STM32G4xx_HAL_Driver/Src/stm32g4xx_hal_pcd.c ****     wIstr = hpcd->Instance->ISTR;
1647:Drivers/STM32G4xx_HAL_Driver/Src/stm32g4xx_hal_pcd.c **** 
1648:Drivers/STM32G4xx_HAL_Driver/Src/stm32g4xx_hal_pcd.c ****     /* extract highest priority endpoint number */
1649:Drivers/STM32G4xx_HAL_Driver/Src/stm32g4xx_hal_pcd.c ****     epindex = (uint8_t)(wIstr & USB_ISTR_EP_ID);
1650:Drivers/STM32G4xx_HAL_Driver/Src/stm32g4xx_hal_pcd.c **** 
1651:Drivers/STM32G4xx_HAL_Driver/Src/stm32g4xx_hal_pcd.c ****     if (epindex >= 8U)
1652:Drivers/STM32G4xx_HAL_Driver/Src/stm32g4xx_hal_pcd.c ****     {
1653:Drivers/STM32G4xx_HAL_Driver/Src/stm32g4xx_hal_pcd.c ****       return HAL_ERROR;
1654:Drivers/STM32G4xx_HAL_Driver/Src/stm32g4xx_hal_pcd.c ****     }
1655:Drivers/STM32G4xx_HAL_Driver/Src/stm32g4xx_hal_pcd.c **** 
1656:Drivers/STM32G4xx_HAL_Driver/Src/stm32g4xx_hal_pcd.c ****     if (epindex == 0U)
1657:Drivers/STM32G4xx_HAL_Driver/Src/stm32g4xx_hal_pcd.c ****     {
1658:Drivers/STM32G4xx_HAL_Driver/Src/stm32g4xx_hal_pcd.c ****       /* Decode and service control endpoint interrupt */
1659:Drivers/STM32G4xx_HAL_Driver/Src/stm32g4xx_hal_pcd.c **** 
1660:Drivers/STM32G4xx_HAL_Driver/Src/stm32g4xx_hal_pcd.c ****       /* DIR bit = origin of the interrupt */
1661:Drivers/STM32G4xx_HAL_Driver/Src/stm32g4xx_hal_pcd.c ****       if ((wIstr & USB_ISTR_DIR) == 0U)
1662:Drivers/STM32G4xx_HAL_Driver/Src/stm32g4xx_hal_pcd.c ****       {
1663:Drivers/STM32G4xx_HAL_Driver/Src/stm32g4xx_hal_pcd.c ****         /* DIR = 0 */
1664:Drivers/STM32G4xx_HAL_Driver/Src/stm32g4xx_hal_pcd.c **** 
1665:Drivers/STM32G4xx_HAL_Driver/Src/stm32g4xx_hal_pcd.c ****         /* DIR = 0 => IN  int */
1666:Drivers/STM32G4xx_HAL_Driver/Src/stm32g4xx_hal_pcd.c ****         /* DIR = 0 implies that (EP_CTR_TX = 1) always */
1667:Drivers/STM32G4xx_HAL_Driver/Src/stm32g4xx_hal_pcd.c ****         PCD_CLEAR_TX_EP_CTR(hpcd->Instance, PCD_ENDP0);
1668:Drivers/STM32G4xx_HAL_Driver/Src/stm32g4xx_hal_pcd.c ****         ep = &hpcd->IN_ep[0];
1669:Drivers/STM32G4xx_HAL_Driver/Src/stm32g4xx_hal_pcd.c **** 
1670:Drivers/STM32G4xx_HAL_Driver/Src/stm32g4xx_hal_pcd.c ****         ep->xfer_count = PCD_GET_EP_TX_CNT(hpcd->Instance, ep->num);
1671:Drivers/STM32G4xx_HAL_Driver/Src/stm32g4xx_hal_pcd.c ****         ep->xfer_buff += ep->xfer_count;
1672:Drivers/STM32G4xx_HAL_Driver/Src/stm32g4xx_hal_pcd.c **** 
1673:Drivers/STM32G4xx_HAL_Driver/Src/stm32g4xx_hal_pcd.c ****         /* TX COMPLETE */
1674:Drivers/STM32G4xx_HAL_Driver/Src/stm32g4xx_hal_pcd.c **** #if (USE_HAL_PCD_REGISTER_CALLBACKS == 1U)
1675:Drivers/STM32G4xx_HAL_Driver/Src/stm32g4xx_hal_pcd.c ****         hpcd->DataInStageCallback(hpcd, 0U);
1676:Drivers/STM32G4xx_HAL_Driver/Src/stm32g4xx_hal_pcd.c **** #else
1677:Drivers/STM32G4xx_HAL_Driver/Src/stm32g4xx_hal_pcd.c ****         HAL_PCD_DataInStageCallback(hpcd, 0U);
1678:Drivers/STM32G4xx_HAL_Driver/Src/stm32g4xx_hal_pcd.c **** #endif /* USE_HAL_PCD_REGISTER_CALLBACKS */
1679:Drivers/STM32G4xx_HAL_Driver/Src/stm32g4xx_hal_pcd.c **** 
1680:Drivers/STM32G4xx_HAL_Driver/Src/stm32g4xx_hal_pcd.c ****         if ((hpcd->USB_Address > 0U) && (ep->xfer_len == 0U))
1681:Drivers/STM32G4xx_HAL_Driver/Src/stm32g4xx_hal_pcd.c ****         {
1682:Drivers/STM32G4xx_HAL_Driver/Src/stm32g4xx_hal_pcd.c ****           hpcd->Instance->DADDR = ((uint16_t)hpcd->USB_Address | USB_DADDR_EF);
1683:Drivers/STM32G4xx_HAL_Driver/Src/stm32g4xx_hal_pcd.c ****           hpcd->USB_Address = 0U;
ARM GAS  /tmp/cc2qdi8m.s 			page 31


1684:Drivers/STM32G4xx_HAL_Driver/Src/stm32g4xx_hal_pcd.c ****         }
1685:Drivers/STM32G4xx_HAL_Driver/Src/stm32g4xx_hal_pcd.c ****       }
1686:Drivers/STM32G4xx_HAL_Driver/Src/stm32g4xx_hal_pcd.c ****       else
1687:Drivers/STM32G4xx_HAL_Driver/Src/stm32g4xx_hal_pcd.c ****       {
1688:Drivers/STM32G4xx_HAL_Driver/Src/stm32g4xx_hal_pcd.c ****         /* DIR = 1 */
1689:Drivers/STM32G4xx_HAL_Driver/Src/stm32g4xx_hal_pcd.c **** 
1690:Drivers/STM32G4xx_HAL_Driver/Src/stm32g4xx_hal_pcd.c ****         /* DIR = 1 & CTR_RX => SETUP or OUT int */
1691:Drivers/STM32G4xx_HAL_Driver/Src/stm32g4xx_hal_pcd.c ****         /* DIR = 1 & (CTR_TX | CTR_RX) => 2 int pending */
1692:Drivers/STM32G4xx_HAL_Driver/Src/stm32g4xx_hal_pcd.c ****         ep = &hpcd->OUT_ep[0];
1693:Drivers/STM32G4xx_HAL_Driver/Src/stm32g4xx_hal_pcd.c ****         wEPVal = PCD_GET_ENDPOINT(hpcd->Instance, PCD_ENDP0);
1694:Drivers/STM32G4xx_HAL_Driver/Src/stm32g4xx_hal_pcd.c **** 
1695:Drivers/STM32G4xx_HAL_Driver/Src/stm32g4xx_hal_pcd.c ****         if ((wEPVal & USB_EP_SETUP) != 0U)
1696:Drivers/STM32G4xx_HAL_Driver/Src/stm32g4xx_hal_pcd.c ****         {
1697:Drivers/STM32G4xx_HAL_Driver/Src/stm32g4xx_hal_pcd.c ****           /* Get SETUP Packet */
1698:Drivers/STM32G4xx_HAL_Driver/Src/stm32g4xx_hal_pcd.c ****           ep->xfer_count = PCD_GET_EP_RX_CNT(hpcd->Instance, ep->num);
1699:Drivers/STM32G4xx_HAL_Driver/Src/stm32g4xx_hal_pcd.c **** 
1700:Drivers/STM32G4xx_HAL_Driver/Src/stm32g4xx_hal_pcd.c ****           if (ep->xfer_count != 8U)
1701:Drivers/STM32G4xx_HAL_Driver/Src/stm32g4xx_hal_pcd.c ****           {
1702:Drivers/STM32G4xx_HAL_Driver/Src/stm32g4xx_hal_pcd.c ****             /* Set Stall condition for EP0 IN/OUT */
1703:Drivers/STM32G4xx_HAL_Driver/Src/stm32g4xx_hal_pcd.c ****             PCD_SET_EP_RX_STATUS(hpcd->Instance, PCD_ENDP0, USB_EP_RX_STALL);
1704:Drivers/STM32G4xx_HAL_Driver/Src/stm32g4xx_hal_pcd.c ****             PCD_SET_EP_TX_STATUS(hpcd->Instance, PCD_ENDP0, USB_EP_TX_STALL);
1705:Drivers/STM32G4xx_HAL_Driver/Src/stm32g4xx_hal_pcd.c **** 
1706:Drivers/STM32G4xx_HAL_Driver/Src/stm32g4xx_hal_pcd.c ****             /* SETUP bit kept frozen while CTR_RX = 1 */
1707:Drivers/STM32G4xx_HAL_Driver/Src/stm32g4xx_hal_pcd.c ****             PCD_CLEAR_RX_EP_CTR(hpcd->Instance, PCD_ENDP0);
1708:Drivers/STM32G4xx_HAL_Driver/Src/stm32g4xx_hal_pcd.c **** 
1709:Drivers/STM32G4xx_HAL_Driver/Src/stm32g4xx_hal_pcd.c ****             return HAL_OK;
1710:Drivers/STM32G4xx_HAL_Driver/Src/stm32g4xx_hal_pcd.c ****           }
1711:Drivers/STM32G4xx_HAL_Driver/Src/stm32g4xx_hal_pcd.c **** 
1712:Drivers/STM32G4xx_HAL_Driver/Src/stm32g4xx_hal_pcd.c ****           USB_ReadPMA(hpcd->Instance, (uint8_t *)hpcd->Setup,
1713:Drivers/STM32G4xx_HAL_Driver/Src/stm32g4xx_hal_pcd.c ****                       ep->pmaadress, (uint16_t)ep->xfer_count);
1714:Drivers/STM32G4xx_HAL_Driver/Src/stm32g4xx_hal_pcd.c **** 
1715:Drivers/STM32G4xx_HAL_Driver/Src/stm32g4xx_hal_pcd.c ****           /* SETUP bit kept frozen while CTR_RX = 1 */
1716:Drivers/STM32G4xx_HAL_Driver/Src/stm32g4xx_hal_pcd.c ****           PCD_CLEAR_RX_EP_CTR(hpcd->Instance, PCD_ENDP0);
1717:Drivers/STM32G4xx_HAL_Driver/Src/stm32g4xx_hal_pcd.c **** 
1718:Drivers/STM32G4xx_HAL_Driver/Src/stm32g4xx_hal_pcd.c ****           /* Process SETUP Packet*/
1719:Drivers/STM32G4xx_HAL_Driver/Src/stm32g4xx_hal_pcd.c **** #if (USE_HAL_PCD_REGISTER_CALLBACKS == 1U)
1720:Drivers/STM32G4xx_HAL_Driver/Src/stm32g4xx_hal_pcd.c ****           hpcd->SetupStageCallback(hpcd);
1721:Drivers/STM32G4xx_HAL_Driver/Src/stm32g4xx_hal_pcd.c **** #else
1722:Drivers/STM32G4xx_HAL_Driver/Src/stm32g4xx_hal_pcd.c ****           HAL_PCD_SetupStageCallback(hpcd);
1723:Drivers/STM32G4xx_HAL_Driver/Src/stm32g4xx_hal_pcd.c **** #endif /* USE_HAL_PCD_REGISTER_CALLBACKS */
1724:Drivers/STM32G4xx_HAL_Driver/Src/stm32g4xx_hal_pcd.c ****         }
1725:Drivers/STM32G4xx_HAL_Driver/Src/stm32g4xx_hal_pcd.c ****         else if ((wEPVal & USB_EP_CTR_RX) != 0U)
1726:Drivers/STM32G4xx_HAL_Driver/Src/stm32g4xx_hal_pcd.c ****         {
1727:Drivers/STM32G4xx_HAL_Driver/Src/stm32g4xx_hal_pcd.c ****           PCD_CLEAR_RX_EP_CTR(hpcd->Instance, PCD_ENDP0);
1728:Drivers/STM32G4xx_HAL_Driver/Src/stm32g4xx_hal_pcd.c **** 
1729:Drivers/STM32G4xx_HAL_Driver/Src/stm32g4xx_hal_pcd.c ****           /* Get Control Data OUT Packet */
1730:Drivers/STM32G4xx_HAL_Driver/Src/stm32g4xx_hal_pcd.c ****           ep->xfer_count = PCD_GET_EP_RX_CNT(hpcd->Instance, ep->num);
1731:Drivers/STM32G4xx_HAL_Driver/Src/stm32g4xx_hal_pcd.c **** 
1732:Drivers/STM32G4xx_HAL_Driver/Src/stm32g4xx_hal_pcd.c ****           if (ep->xfer_count == 0U)
1733:Drivers/STM32G4xx_HAL_Driver/Src/stm32g4xx_hal_pcd.c ****           {
1734:Drivers/STM32G4xx_HAL_Driver/Src/stm32g4xx_hal_pcd.c ****             /* Status phase re-arm for next setup */
1735:Drivers/STM32G4xx_HAL_Driver/Src/stm32g4xx_hal_pcd.c ****             PCD_SET_EP_RX_STATUS(hpcd->Instance, PCD_ENDP0, USB_EP_RX_VALID);
1736:Drivers/STM32G4xx_HAL_Driver/Src/stm32g4xx_hal_pcd.c ****           }
1737:Drivers/STM32G4xx_HAL_Driver/Src/stm32g4xx_hal_pcd.c ****           else
1738:Drivers/STM32G4xx_HAL_Driver/Src/stm32g4xx_hal_pcd.c ****           {
1739:Drivers/STM32G4xx_HAL_Driver/Src/stm32g4xx_hal_pcd.c ****             if (ep->xfer_buff != 0U)
1740:Drivers/STM32G4xx_HAL_Driver/Src/stm32g4xx_hal_pcd.c ****             {
ARM GAS  /tmp/cc2qdi8m.s 			page 32


1741:Drivers/STM32G4xx_HAL_Driver/Src/stm32g4xx_hal_pcd.c ****               USB_ReadPMA(hpcd->Instance, ep->xfer_buff,
1742:Drivers/STM32G4xx_HAL_Driver/Src/stm32g4xx_hal_pcd.c ****                           ep->pmaadress, (uint16_t)ep->xfer_count);  /* max 64bytes */
1743:Drivers/STM32G4xx_HAL_Driver/Src/stm32g4xx_hal_pcd.c **** 
1744:Drivers/STM32G4xx_HAL_Driver/Src/stm32g4xx_hal_pcd.c ****               ep->xfer_buff += ep->xfer_count;
1745:Drivers/STM32G4xx_HAL_Driver/Src/stm32g4xx_hal_pcd.c **** 
1746:Drivers/STM32G4xx_HAL_Driver/Src/stm32g4xx_hal_pcd.c ****               /* Process Control Data OUT Packet */
1747:Drivers/STM32G4xx_HAL_Driver/Src/stm32g4xx_hal_pcd.c **** #if (USE_HAL_PCD_REGISTER_CALLBACKS == 1U)
1748:Drivers/STM32G4xx_HAL_Driver/Src/stm32g4xx_hal_pcd.c ****               hpcd->DataOutStageCallback(hpcd, 0U);
1749:Drivers/STM32G4xx_HAL_Driver/Src/stm32g4xx_hal_pcd.c **** #else
1750:Drivers/STM32G4xx_HAL_Driver/Src/stm32g4xx_hal_pcd.c ****               HAL_PCD_DataOutStageCallback(hpcd, 0U);
1751:Drivers/STM32G4xx_HAL_Driver/Src/stm32g4xx_hal_pcd.c **** #endif /* USE_HAL_PCD_REGISTER_CALLBACKS */
1752:Drivers/STM32G4xx_HAL_Driver/Src/stm32g4xx_hal_pcd.c ****             }
1753:Drivers/STM32G4xx_HAL_Driver/Src/stm32g4xx_hal_pcd.c ****           }
1754:Drivers/STM32G4xx_HAL_Driver/Src/stm32g4xx_hal_pcd.c ****         }
1755:Drivers/STM32G4xx_HAL_Driver/Src/stm32g4xx_hal_pcd.c ****       }
1756:Drivers/STM32G4xx_HAL_Driver/Src/stm32g4xx_hal_pcd.c ****     }
1757:Drivers/STM32G4xx_HAL_Driver/Src/stm32g4xx_hal_pcd.c ****     else
1758:Drivers/STM32G4xx_HAL_Driver/Src/stm32g4xx_hal_pcd.c ****     {
1759:Drivers/STM32G4xx_HAL_Driver/Src/stm32g4xx_hal_pcd.c ****       /* Decode and service non control endpoints interrupt */
1760:Drivers/STM32G4xx_HAL_Driver/Src/stm32g4xx_hal_pcd.c ****       /* process related endpoint register */
1761:Drivers/STM32G4xx_HAL_Driver/Src/stm32g4xx_hal_pcd.c ****       wEPVal = PCD_GET_ENDPOINT(hpcd->Instance, epindex);
1762:Drivers/STM32G4xx_HAL_Driver/Src/stm32g4xx_hal_pcd.c **** 
1763:Drivers/STM32G4xx_HAL_Driver/Src/stm32g4xx_hal_pcd.c ****       if ((wEPVal & USB_EP_CTR_RX) != 0U)
1764:Drivers/STM32G4xx_HAL_Driver/Src/stm32g4xx_hal_pcd.c ****       {
1765:Drivers/STM32G4xx_HAL_Driver/Src/stm32g4xx_hal_pcd.c ****         /* clear int flag */
1766:Drivers/STM32G4xx_HAL_Driver/Src/stm32g4xx_hal_pcd.c ****         PCD_CLEAR_RX_EP_CTR(hpcd->Instance, epindex);
1767:Drivers/STM32G4xx_HAL_Driver/Src/stm32g4xx_hal_pcd.c ****         ep = &hpcd->OUT_ep[epindex];
1768:Drivers/STM32G4xx_HAL_Driver/Src/stm32g4xx_hal_pcd.c **** 
1769:Drivers/STM32G4xx_HAL_Driver/Src/stm32g4xx_hal_pcd.c ****         /* OUT Single Buffering */
1770:Drivers/STM32G4xx_HAL_Driver/Src/stm32g4xx_hal_pcd.c ****         if (ep->doublebuffer == 0U)
1771:Drivers/STM32G4xx_HAL_Driver/Src/stm32g4xx_hal_pcd.c ****         {
1772:Drivers/STM32G4xx_HAL_Driver/Src/stm32g4xx_hal_pcd.c ****           count = (uint16_t)PCD_GET_EP_RX_CNT(hpcd->Instance, ep->num);
1773:Drivers/STM32G4xx_HAL_Driver/Src/stm32g4xx_hal_pcd.c **** 
1774:Drivers/STM32G4xx_HAL_Driver/Src/stm32g4xx_hal_pcd.c ****           if (count != 0U)
1775:Drivers/STM32G4xx_HAL_Driver/Src/stm32g4xx_hal_pcd.c ****           {
1776:Drivers/STM32G4xx_HAL_Driver/Src/stm32g4xx_hal_pcd.c ****             USB_ReadPMA(hpcd->Instance, ep->xfer_buff, ep->pmaadress, count);
1777:Drivers/STM32G4xx_HAL_Driver/Src/stm32g4xx_hal_pcd.c ****           }
1778:Drivers/STM32G4xx_HAL_Driver/Src/stm32g4xx_hal_pcd.c ****         }
1779:Drivers/STM32G4xx_HAL_Driver/Src/stm32g4xx_hal_pcd.c **** #if (USE_USB_DOUBLE_BUFFER == 1U)
1780:Drivers/STM32G4xx_HAL_Driver/Src/stm32g4xx_hal_pcd.c ****         else
1781:Drivers/STM32G4xx_HAL_Driver/Src/stm32g4xx_hal_pcd.c ****         {
1782:Drivers/STM32G4xx_HAL_Driver/Src/stm32g4xx_hal_pcd.c ****           /* manage double buffer bulk out */
1783:Drivers/STM32G4xx_HAL_Driver/Src/stm32g4xx_hal_pcd.c ****           if (ep->type == EP_TYPE_BULK)
1784:Drivers/STM32G4xx_HAL_Driver/Src/stm32g4xx_hal_pcd.c ****           {
1785:Drivers/STM32G4xx_HAL_Driver/Src/stm32g4xx_hal_pcd.c ****             count = HAL_PCD_EP_DB_Receive(hpcd, ep, wEPVal);
1786:Drivers/STM32G4xx_HAL_Driver/Src/stm32g4xx_hal_pcd.c ****           }
1787:Drivers/STM32G4xx_HAL_Driver/Src/stm32g4xx_hal_pcd.c ****           else /* manage double buffer iso out */
1788:Drivers/STM32G4xx_HAL_Driver/Src/stm32g4xx_hal_pcd.c ****           {
1789:Drivers/STM32G4xx_HAL_Driver/Src/stm32g4xx_hal_pcd.c ****             /* free EP OUT Buffer */
1790:Drivers/STM32G4xx_HAL_Driver/Src/stm32g4xx_hal_pcd.c ****             PCD_FREE_USER_BUFFER(hpcd->Instance, ep->num, 0U);
1791:Drivers/STM32G4xx_HAL_Driver/Src/stm32g4xx_hal_pcd.c **** 
1792:Drivers/STM32G4xx_HAL_Driver/Src/stm32g4xx_hal_pcd.c ****             if ((PCD_GET_ENDPOINT(hpcd->Instance, ep->num) & USB_EP_DTOG_RX) != 0U)
1793:Drivers/STM32G4xx_HAL_Driver/Src/stm32g4xx_hal_pcd.c ****             {
1794:Drivers/STM32G4xx_HAL_Driver/Src/stm32g4xx_hal_pcd.c ****               /* read from endpoint BUF0Addr buffer */
1795:Drivers/STM32G4xx_HAL_Driver/Src/stm32g4xx_hal_pcd.c ****               count = (uint16_t)PCD_GET_EP_DBUF0_CNT(hpcd->Instance, ep->num);
1796:Drivers/STM32G4xx_HAL_Driver/Src/stm32g4xx_hal_pcd.c **** 
1797:Drivers/STM32G4xx_HAL_Driver/Src/stm32g4xx_hal_pcd.c ****               if (count != 0U)
ARM GAS  /tmp/cc2qdi8m.s 			page 33


1798:Drivers/STM32G4xx_HAL_Driver/Src/stm32g4xx_hal_pcd.c ****               {
1799:Drivers/STM32G4xx_HAL_Driver/Src/stm32g4xx_hal_pcd.c ****                 USB_ReadPMA(hpcd->Instance, ep->xfer_buff, ep->pmaaddr0, count);
1800:Drivers/STM32G4xx_HAL_Driver/Src/stm32g4xx_hal_pcd.c ****               }
1801:Drivers/STM32G4xx_HAL_Driver/Src/stm32g4xx_hal_pcd.c ****             }
1802:Drivers/STM32G4xx_HAL_Driver/Src/stm32g4xx_hal_pcd.c ****             else
1803:Drivers/STM32G4xx_HAL_Driver/Src/stm32g4xx_hal_pcd.c ****             {
1804:Drivers/STM32G4xx_HAL_Driver/Src/stm32g4xx_hal_pcd.c ****               /* read from endpoint BUF1Addr buffer */
1805:Drivers/STM32G4xx_HAL_Driver/Src/stm32g4xx_hal_pcd.c ****               count = (uint16_t)PCD_GET_EP_DBUF1_CNT(hpcd->Instance, ep->num);
1806:Drivers/STM32G4xx_HAL_Driver/Src/stm32g4xx_hal_pcd.c **** 
1807:Drivers/STM32G4xx_HAL_Driver/Src/stm32g4xx_hal_pcd.c ****               if (count != 0U)
1808:Drivers/STM32G4xx_HAL_Driver/Src/stm32g4xx_hal_pcd.c ****               {
1809:Drivers/STM32G4xx_HAL_Driver/Src/stm32g4xx_hal_pcd.c ****                 USB_ReadPMA(hpcd->Instance, ep->xfer_buff, ep->pmaaddr1, count);
1810:Drivers/STM32G4xx_HAL_Driver/Src/stm32g4xx_hal_pcd.c ****               }
1811:Drivers/STM32G4xx_HAL_Driver/Src/stm32g4xx_hal_pcd.c ****             }
1812:Drivers/STM32G4xx_HAL_Driver/Src/stm32g4xx_hal_pcd.c ****           }
1813:Drivers/STM32G4xx_HAL_Driver/Src/stm32g4xx_hal_pcd.c ****         }
1814:Drivers/STM32G4xx_HAL_Driver/Src/stm32g4xx_hal_pcd.c **** #endif /* (USE_USB_DOUBLE_BUFFER == 1U) */
1815:Drivers/STM32G4xx_HAL_Driver/Src/stm32g4xx_hal_pcd.c **** 
1816:Drivers/STM32G4xx_HAL_Driver/Src/stm32g4xx_hal_pcd.c ****         /* multi-packet on the NON control OUT endpoint */
1817:Drivers/STM32G4xx_HAL_Driver/Src/stm32g4xx_hal_pcd.c ****         ep->xfer_count += count;
1818:Drivers/STM32G4xx_HAL_Driver/Src/stm32g4xx_hal_pcd.c **** 
1819:Drivers/STM32G4xx_HAL_Driver/Src/stm32g4xx_hal_pcd.c ****         if ((ep->xfer_len == 0U) || (count < ep->maxpacket))
1820:Drivers/STM32G4xx_HAL_Driver/Src/stm32g4xx_hal_pcd.c ****         {
1821:Drivers/STM32G4xx_HAL_Driver/Src/stm32g4xx_hal_pcd.c ****           /* RX COMPLETE */
1822:Drivers/STM32G4xx_HAL_Driver/Src/stm32g4xx_hal_pcd.c **** #if (USE_HAL_PCD_REGISTER_CALLBACKS == 1U)
1823:Drivers/STM32G4xx_HAL_Driver/Src/stm32g4xx_hal_pcd.c ****           hpcd->DataOutStageCallback(hpcd, ep->num);
1824:Drivers/STM32G4xx_HAL_Driver/Src/stm32g4xx_hal_pcd.c **** #else
1825:Drivers/STM32G4xx_HAL_Driver/Src/stm32g4xx_hal_pcd.c ****           HAL_PCD_DataOutStageCallback(hpcd, ep->num);
1826:Drivers/STM32G4xx_HAL_Driver/Src/stm32g4xx_hal_pcd.c **** #endif /* USE_HAL_PCD_REGISTER_CALLBACKS */
1827:Drivers/STM32G4xx_HAL_Driver/Src/stm32g4xx_hal_pcd.c ****         }
1828:Drivers/STM32G4xx_HAL_Driver/Src/stm32g4xx_hal_pcd.c ****         else
1829:Drivers/STM32G4xx_HAL_Driver/Src/stm32g4xx_hal_pcd.c ****         {
1830:Drivers/STM32G4xx_HAL_Driver/Src/stm32g4xx_hal_pcd.c ****           ep->xfer_buff += count;
1831:Drivers/STM32G4xx_HAL_Driver/Src/stm32g4xx_hal_pcd.c ****           (void)USB_EPStartXfer(hpcd->Instance, ep);
1832:Drivers/STM32G4xx_HAL_Driver/Src/stm32g4xx_hal_pcd.c ****         }
1833:Drivers/STM32G4xx_HAL_Driver/Src/stm32g4xx_hal_pcd.c ****       }
1834:Drivers/STM32G4xx_HAL_Driver/Src/stm32g4xx_hal_pcd.c **** 
1835:Drivers/STM32G4xx_HAL_Driver/Src/stm32g4xx_hal_pcd.c ****       if ((wEPVal & USB_EP_CTR_TX) != 0U)
1836:Drivers/STM32G4xx_HAL_Driver/Src/stm32g4xx_hal_pcd.c ****       {
1837:Drivers/STM32G4xx_HAL_Driver/Src/stm32g4xx_hal_pcd.c ****         ep = &hpcd->IN_ep[epindex];
1838:Drivers/STM32G4xx_HAL_Driver/Src/stm32g4xx_hal_pcd.c **** 
1839:Drivers/STM32G4xx_HAL_Driver/Src/stm32g4xx_hal_pcd.c ****         /* clear int flag */
1840:Drivers/STM32G4xx_HAL_Driver/Src/stm32g4xx_hal_pcd.c ****         PCD_CLEAR_TX_EP_CTR(hpcd->Instance, epindex);
1841:Drivers/STM32G4xx_HAL_Driver/Src/stm32g4xx_hal_pcd.c **** 
1842:Drivers/STM32G4xx_HAL_Driver/Src/stm32g4xx_hal_pcd.c ****         if (ep->type == EP_TYPE_ISOC)
1843:Drivers/STM32G4xx_HAL_Driver/Src/stm32g4xx_hal_pcd.c ****         {
1844:Drivers/STM32G4xx_HAL_Driver/Src/stm32g4xx_hal_pcd.c ****           ep->xfer_len = 0U;
1845:Drivers/STM32G4xx_HAL_Driver/Src/stm32g4xx_hal_pcd.c **** 
1846:Drivers/STM32G4xx_HAL_Driver/Src/stm32g4xx_hal_pcd.c **** #if (USE_USB_DOUBLE_BUFFER == 1U)
1847:Drivers/STM32G4xx_HAL_Driver/Src/stm32g4xx_hal_pcd.c ****           if (ep->doublebuffer != 0U)
1848:Drivers/STM32G4xx_HAL_Driver/Src/stm32g4xx_hal_pcd.c ****           {
1849:Drivers/STM32G4xx_HAL_Driver/Src/stm32g4xx_hal_pcd.c ****             if ((wEPVal & USB_EP_DTOG_TX) != 0U)
1850:Drivers/STM32G4xx_HAL_Driver/Src/stm32g4xx_hal_pcd.c ****             {
1851:Drivers/STM32G4xx_HAL_Driver/Src/stm32g4xx_hal_pcd.c ****               PCD_SET_EP_DBUF0_CNT(hpcd->Instance, ep->num, ep->is_in, 0U);
1852:Drivers/STM32G4xx_HAL_Driver/Src/stm32g4xx_hal_pcd.c ****             }
1853:Drivers/STM32G4xx_HAL_Driver/Src/stm32g4xx_hal_pcd.c ****             else
1854:Drivers/STM32G4xx_HAL_Driver/Src/stm32g4xx_hal_pcd.c ****             {
ARM GAS  /tmp/cc2qdi8m.s 			page 34


1855:Drivers/STM32G4xx_HAL_Driver/Src/stm32g4xx_hal_pcd.c ****               PCD_SET_EP_DBUF1_CNT(hpcd->Instance, ep->num, ep->is_in, 0U);
1856:Drivers/STM32G4xx_HAL_Driver/Src/stm32g4xx_hal_pcd.c ****             }
1857:Drivers/STM32G4xx_HAL_Driver/Src/stm32g4xx_hal_pcd.c ****           }
1858:Drivers/STM32G4xx_HAL_Driver/Src/stm32g4xx_hal_pcd.c **** #endif /* (USE_USB_DOUBLE_BUFFER == 1U) */
1859:Drivers/STM32G4xx_HAL_Driver/Src/stm32g4xx_hal_pcd.c **** 
1860:Drivers/STM32G4xx_HAL_Driver/Src/stm32g4xx_hal_pcd.c ****           /* TX COMPLETE */
1861:Drivers/STM32G4xx_HAL_Driver/Src/stm32g4xx_hal_pcd.c **** #if (USE_HAL_PCD_REGISTER_CALLBACKS == 1U)
1862:Drivers/STM32G4xx_HAL_Driver/Src/stm32g4xx_hal_pcd.c ****           hpcd->DataInStageCallback(hpcd, ep->num);
1863:Drivers/STM32G4xx_HAL_Driver/Src/stm32g4xx_hal_pcd.c **** #else
1864:Drivers/STM32G4xx_HAL_Driver/Src/stm32g4xx_hal_pcd.c ****           HAL_PCD_DataInStageCallback(hpcd, ep->num);
1865:Drivers/STM32G4xx_HAL_Driver/Src/stm32g4xx_hal_pcd.c **** #endif /* USE_HAL_PCD_REGISTER_CALLBACKS */
1866:Drivers/STM32G4xx_HAL_Driver/Src/stm32g4xx_hal_pcd.c ****         }
1867:Drivers/STM32G4xx_HAL_Driver/Src/stm32g4xx_hal_pcd.c ****         else
1868:Drivers/STM32G4xx_HAL_Driver/Src/stm32g4xx_hal_pcd.c ****         {
1869:Drivers/STM32G4xx_HAL_Driver/Src/stm32g4xx_hal_pcd.c ****           /* Manage Single Buffer Transaction */
1870:Drivers/STM32G4xx_HAL_Driver/Src/stm32g4xx_hal_pcd.c ****           if ((wEPVal & USB_EP_KIND) == 0U)
1871:Drivers/STM32G4xx_HAL_Driver/Src/stm32g4xx_hal_pcd.c ****           {
1872:Drivers/STM32G4xx_HAL_Driver/Src/stm32g4xx_hal_pcd.c ****             /* Multi-packet on the NON control IN endpoint */
1873:Drivers/STM32G4xx_HAL_Driver/Src/stm32g4xx_hal_pcd.c ****             TxPctSize = (uint16_t)PCD_GET_EP_TX_CNT(hpcd->Instance, ep->num);
1874:Drivers/STM32G4xx_HAL_Driver/Src/stm32g4xx_hal_pcd.c **** 
1875:Drivers/STM32G4xx_HAL_Driver/Src/stm32g4xx_hal_pcd.c ****             if (ep->xfer_len > TxPctSize)
1876:Drivers/STM32G4xx_HAL_Driver/Src/stm32g4xx_hal_pcd.c ****             {
1877:Drivers/STM32G4xx_HAL_Driver/Src/stm32g4xx_hal_pcd.c ****               ep->xfer_len -= TxPctSize;
1878:Drivers/STM32G4xx_HAL_Driver/Src/stm32g4xx_hal_pcd.c ****             }
1879:Drivers/STM32G4xx_HAL_Driver/Src/stm32g4xx_hal_pcd.c ****             else
1880:Drivers/STM32G4xx_HAL_Driver/Src/stm32g4xx_hal_pcd.c ****             {
1881:Drivers/STM32G4xx_HAL_Driver/Src/stm32g4xx_hal_pcd.c ****               ep->xfer_len = 0U;
1882:Drivers/STM32G4xx_HAL_Driver/Src/stm32g4xx_hal_pcd.c ****             }
1883:Drivers/STM32G4xx_HAL_Driver/Src/stm32g4xx_hal_pcd.c **** 
1884:Drivers/STM32G4xx_HAL_Driver/Src/stm32g4xx_hal_pcd.c ****             /* Zero Length Packet? */
1885:Drivers/STM32G4xx_HAL_Driver/Src/stm32g4xx_hal_pcd.c ****             if (ep->xfer_len == 0U)
1886:Drivers/STM32G4xx_HAL_Driver/Src/stm32g4xx_hal_pcd.c ****             {
1887:Drivers/STM32G4xx_HAL_Driver/Src/stm32g4xx_hal_pcd.c ****               /* TX COMPLETE */
1888:Drivers/STM32G4xx_HAL_Driver/Src/stm32g4xx_hal_pcd.c **** #if (USE_HAL_PCD_REGISTER_CALLBACKS == 1U)
1889:Drivers/STM32G4xx_HAL_Driver/Src/stm32g4xx_hal_pcd.c ****               hpcd->DataInStageCallback(hpcd, ep->num);
1890:Drivers/STM32G4xx_HAL_Driver/Src/stm32g4xx_hal_pcd.c **** #else
1891:Drivers/STM32G4xx_HAL_Driver/Src/stm32g4xx_hal_pcd.c ****               HAL_PCD_DataInStageCallback(hpcd, ep->num);
1892:Drivers/STM32G4xx_HAL_Driver/Src/stm32g4xx_hal_pcd.c **** #endif /* USE_HAL_PCD_REGISTER_CALLBACKS */
1893:Drivers/STM32G4xx_HAL_Driver/Src/stm32g4xx_hal_pcd.c ****             }
1894:Drivers/STM32G4xx_HAL_Driver/Src/stm32g4xx_hal_pcd.c ****             else
1895:Drivers/STM32G4xx_HAL_Driver/Src/stm32g4xx_hal_pcd.c ****             {
1896:Drivers/STM32G4xx_HAL_Driver/Src/stm32g4xx_hal_pcd.c ****               /* Transfer is not yet Done */
1897:Drivers/STM32G4xx_HAL_Driver/Src/stm32g4xx_hal_pcd.c ****               ep->xfer_buff += TxPctSize;
1898:Drivers/STM32G4xx_HAL_Driver/Src/stm32g4xx_hal_pcd.c ****               ep->xfer_count += TxPctSize;
1899:Drivers/STM32G4xx_HAL_Driver/Src/stm32g4xx_hal_pcd.c ****               (void)USB_EPStartXfer(hpcd->Instance, ep);
1900:Drivers/STM32G4xx_HAL_Driver/Src/stm32g4xx_hal_pcd.c ****             }
1901:Drivers/STM32G4xx_HAL_Driver/Src/stm32g4xx_hal_pcd.c ****           }
1902:Drivers/STM32G4xx_HAL_Driver/Src/stm32g4xx_hal_pcd.c **** #if (USE_USB_DOUBLE_BUFFER == 1U)
1903:Drivers/STM32G4xx_HAL_Driver/Src/stm32g4xx_hal_pcd.c ****           /* Double Buffer bulk IN (bulk transfer Len > Ep_Mps) */
1904:Drivers/STM32G4xx_HAL_Driver/Src/stm32g4xx_hal_pcd.c ****           else
1905:Drivers/STM32G4xx_HAL_Driver/Src/stm32g4xx_hal_pcd.c ****           {
1906:Drivers/STM32G4xx_HAL_Driver/Src/stm32g4xx_hal_pcd.c ****             (void)HAL_PCD_EP_DB_Transmit(hpcd, ep, wEPVal);
1907:Drivers/STM32G4xx_HAL_Driver/Src/stm32g4xx_hal_pcd.c ****           }
1908:Drivers/STM32G4xx_HAL_Driver/Src/stm32g4xx_hal_pcd.c **** #endif /* (USE_USB_DOUBLE_BUFFER == 1U) */
1909:Drivers/STM32G4xx_HAL_Driver/Src/stm32g4xx_hal_pcd.c ****         }
1910:Drivers/STM32G4xx_HAL_Driver/Src/stm32g4xx_hal_pcd.c ****       }
1911:Drivers/STM32G4xx_HAL_Driver/Src/stm32g4xx_hal_pcd.c ****     }
ARM GAS  /tmp/cc2qdi8m.s 			page 35


1912:Drivers/STM32G4xx_HAL_Driver/Src/stm32g4xx_hal_pcd.c ****   }
1913:Drivers/STM32G4xx_HAL_Driver/Src/stm32g4xx_hal_pcd.c **** 
1914:Drivers/STM32G4xx_HAL_Driver/Src/stm32g4xx_hal_pcd.c ****   return HAL_OK;
1915:Drivers/STM32G4xx_HAL_Driver/Src/stm32g4xx_hal_pcd.c **** }
1916:Drivers/STM32G4xx_HAL_Driver/Src/stm32g4xx_hal_pcd.c **** 
1917:Drivers/STM32G4xx_HAL_Driver/Src/stm32g4xx_hal_pcd.c **** 
1918:Drivers/STM32G4xx_HAL_Driver/Src/stm32g4xx_hal_pcd.c **** #if (USE_USB_DOUBLE_BUFFER == 1U)
1919:Drivers/STM32G4xx_HAL_Driver/Src/stm32g4xx_hal_pcd.c **** /**
1920:Drivers/STM32G4xx_HAL_Driver/Src/stm32g4xx_hal_pcd.c ****   * @brief  Manage double buffer bulk out transaction from ISR
1921:Drivers/STM32G4xx_HAL_Driver/Src/stm32g4xx_hal_pcd.c ****   * @param  hpcd PCD handle
1922:Drivers/STM32G4xx_HAL_Driver/Src/stm32g4xx_hal_pcd.c ****   * @param  ep current endpoint handle
1923:Drivers/STM32G4xx_HAL_Driver/Src/stm32g4xx_hal_pcd.c ****   * @param  wEPVal Last snapshot of EPRx register value taken in ISR
1924:Drivers/STM32G4xx_HAL_Driver/Src/stm32g4xx_hal_pcd.c ****   * @retval HAL status
1925:Drivers/STM32G4xx_HAL_Driver/Src/stm32g4xx_hal_pcd.c ****   */
1926:Drivers/STM32G4xx_HAL_Driver/Src/stm32g4xx_hal_pcd.c **** static uint16_t HAL_PCD_EP_DB_Receive(PCD_HandleTypeDef *hpcd,
1927:Drivers/STM32G4xx_HAL_Driver/Src/stm32g4xx_hal_pcd.c ****                                       PCD_EPTypeDef *ep, uint16_t wEPVal)
1928:Drivers/STM32G4xx_HAL_Driver/Src/stm32g4xx_hal_pcd.c **** {
  29              		.loc 1 1928 1 view -0
  30              		.cfi_startproc
  31              		@ args = 0, pretend = 0, frame = 0
  32              		@ frame_needed = 0, uses_anonymous_args = 0
  33              		.loc 1 1928 1 is_stmt 0 view .LVU1
  34 0000 10B5     		push	{r4, lr}
  35              	.LCFI0:
  36              		.cfi_def_cfa_offset 8
  37              		.cfi_offset 4, -8
  38              		.cfi_offset 14, -4
1929:Drivers/STM32G4xx_HAL_Driver/Src/stm32g4xx_hal_pcd.c ****   uint16_t count;
  39              		.loc 1 1929 3 is_stmt 1 view .LVU2
1930:Drivers/STM32G4xx_HAL_Driver/Src/stm32g4xx_hal_pcd.c **** 
1931:Drivers/STM32G4xx_HAL_Driver/Src/stm32g4xx_hal_pcd.c ****   /* Manage Buffer0 OUT */
1932:Drivers/STM32G4xx_HAL_Driver/Src/stm32g4xx_hal_pcd.c ****   if ((wEPVal & USB_EP_DTOG_RX) != 0U)
  40              		.loc 1 1932 3 view .LVU3
  41              		.loc 1 1932 6 is_stmt 0 view .LVU4
  42 0002 12F4804F 		tst	r2, #16384
  43 0006 41D0     		beq	.L2
1933:Drivers/STM32G4xx_HAL_Driver/Src/stm32g4xx_hal_pcd.c ****   {
1934:Drivers/STM32G4xx_HAL_Driver/Src/stm32g4xx_hal_pcd.c ****     /* Get count of received Data on buffer0 */
1935:Drivers/STM32G4xx_HAL_Driver/Src/stm32g4xx_hal_pcd.c ****     count = (uint16_t)PCD_GET_EP_DBUF0_CNT(hpcd->Instance, ep->num);
  44              		.loc 1 1935 5 is_stmt 1 view .LVU5
  45              		.loc 1 1935 23 is_stmt 0 view .LVU6
  46 0008 0468     		ldr	r4, [r0]
  47 000a B4F85030 		ldrh	r3, [r4, #80]
  48 000e 91F800C0 		ldrb	ip, [r1]	@ zero_extendqisi2
  49 0012 03EBCC03 		add	r3, r3, ip, lsl #3
  50 0016 2344     		add	r3, r3, r4
  51 0018 B3F80244 		ldrh	r4, [r3, #1026]
  52              		.loc 1 1935 11 view .LVU7
  53 001c C4F30904 		ubfx	r4, r4, #0, #10
  54              	.LVL1:
1936:Drivers/STM32G4xx_HAL_Driver/Src/stm32g4xx_hal_pcd.c **** 
1937:Drivers/STM32G4xx_HAL_Driver/Src/stm32g4xx_hal_pcd.c ****     if (ep->xfer_len >= count)
  55              		.loc 1 1937 5 is_stmt 1 view .LVU8
  56              		.loc 1 1937 11 is_stmt 0 view .LVU9
  57 0020 8B69     		ldr	r3, [r1, #24]
  58              		.loc 1 1937 8 view .LVU10
  59 0022 A342     		cmp	r3, r4
ARM GAS  /tmp/cc2qdi8m.s 			page 36


  60 0024 28D3     		bcc	.L3
1938:Drivers/STM32G4xx_HAL_Driver/Src/stm32g4xx_hal_pcd.c ****     {
1939:Drivers/STM32G4xx_HAL_Driver/Src/stm32g4xx_hal_pcd.c ****       ep->xfer_len -= count;
  61              		.loc 1 1939 7 is_stmt 1 view .LVU11
  62              		.loc 1 1939 20 is_stmt 0 view .LVU12
  63 0026 1B1B     		subs	r3, r3, r4
  64 0028 8B61     		str	r3, [r1, #24]
  65              	.L4:
1940:Drivers/STM32G4xx_HAL_Driver/Src/stm32g4xx_hal_pcd.c ****     }
1941:Drivers/STM32G4xx_HAL_Driver/Src/stm32g4xx_hal_pcd.c ****     else
1942:Drivers/STM32G4xx_HAL_Driver/Src/stm32g4xx_hal_pcd.c ****     {
1943:Drivers/STM32G4xx_HAL_Driver/Src/stm32g4xx_hal_pcd.c ****       ep->xfer_len = 0U;
1944:Drivers/STM32G4xx_HAL_Driver/Src/stm32g4xx_hal_pcd.c ****     }
1945:Drivers/STM32G4xx_HAL_Driver/Src/stm32g4xx_hal_pcd.c **** 
1946:Drivers/STM32G4xx_HAL_Driver/Src/stm32g4xx_hal_pcd.c ****     if (ep->xfer_len == 0U)
  66              		.loc 1 1946 5 is_stmt 1 view .LVU13
  67              		.loc 1 1946 11 is_stmt 0 view .LVU14
  68 002a 8B69     		ldr	r3, [r1, #24]
  69              		.loc 1 1946 8 view .LVU15
  70 002c 7BB9     		cbnz	r3, .L5
1947:Drivers/STM32G4xx_HAL_Driver/Src/stm32g4xx_hal_pcd.c ****     {
1948:Drivers/STM32G4xx_HAL_Driver/Src/stm32g4xx_hal_pcd.c ****       /* Set NAK to OUT endpoint since double buffer is enabled */
1949:Drivers/STM32G4xx_HAL_Driver/Src/stm32g4xx_hal_pcd.c ****       PCD_SET_EP_RX_STATUS(hpcd->Instance, ep->num, USB_EP_RX_NAK);
  71              		.loc 1 1949 7 is_stmt 1 view .LVU16
  72              	.LBB2:
  73              		.loc 1 1949 7 view .LVU17
  74              		.loc 1 1949 7 view .LVU18
  75 002e D0F800E0 		ldr	lr, [r0]
  76 0032 3EF82C30 		ldrh	r3, [lr, ip, lsl #2]
  77 0036 23F48043 		bic	r3, r3, #16384
  78 003a 23F07003 		bic	r3, r3, #112
  79              	.LVL2:
  80              		.loc 1 1949 7 view .LVU19
  81              		.loc 1 1949 7 discriminator 2 view .LVU20
  82              		.loc 1 1949 7 discriminator 3 view .LVU21
  83 003e 83F40053 		eor	r3, r3, #8192
  84              	.LVL3:
  85              		.loc 1 1949 7 discriminator 4 view .LVU22
  86 0042 43F40043 		orr	r3, r3, #32768
  87              	.LVL4:
  88              		.loc 1 1949 7 is_stmt 0 discriminator 4 view .LVU23
  89 0046 43F08003 		orr	r3, r3, #128
  90 004a 2EF82C30 		strh	r3, [lr, ip, lsl #2]	@ movhi
  91              	.LVL5:
  92              	.L5:
  93              		.loc 1 1949 7 discriminator 4 view .LVU24
  94              	.LBE2:
  95              		.loc 1 1949 7 is_stmt 1 discriminator 5 view .LVU25
1950:Drivers/STM32G4xx_HAL_Driver/Src/stm32g4xx_hal_pcd.c ****     }
1951:Drivers/STM32G4xx_HAL_Driver/Src/stm32g4xx_hal_pcd.c **** 
1952:Drivers/STM32G4xx_HAL_Driver/Src/stm32g4xx_hal_pcd.c ****     /* Check if Buffer1 is in blocked state which requires to toggle */
1953:Drivers/STM32G4xx_HAL_Driver/Src/stm32g4xx_hal_pcd.c ****     if ((wEPVal & USB_EP_DTOG_TX) != 0U)
  96              		.loc 1 1953 5 view .LVU26
  97              		.loc 1 1953 8 is_stmt 0 view .LVU27
  98 004e 12F0400F 		tst	r2, #64
  99 0052 0ED0     		beq	.L6
1954:Drivers/STM32G4xx_HAL_Driver/Src/stm32g4xx_hal_pcd.c ****     {
ARM GAS  /tmp/cc2qdi8m.s 			page 37


1955:Drivers/STM32G4xx_HAL_Driver/Src/stm32g4xx_hal_pcd.c ****       PCD_FREE_USER_BUFFER(hpcd->Instance, ep->num, 0U);
 100              		.loc 1 1955 7 is_stmt 1 view .LVU28
 101              		.loc 1 1955 7 view .LVU29
 102              		.loc 1 1955 7 discriminator 1 view .LVU30
 103              	.LBB3:
 104              		.loc 1 1955 7 discriminator 1 view .LVU31
 105              		.loc 1 1955 7 discriminator 1 view .LVU32
 106 0054 0268     		ldr	r2, [r0]
 107              	.LVL6:
 108              		.loc 1 1955 7 is_stmt 0 discriminator 1 view .LVU33
 109 0056 91F800C0 		ldrb	ip, [r1]	@ zero_extendqisi2
 110 005a 32F82C30 		ldrh	r3, [r2, ip, lsl #2]
 111 005e 23F4E043 		bic	r3, r3, #28672
 112 0062 23F07003 		bic	r3, r3, #112
 113              	.LVL7:
 114              		.loc 1 1955 7 is_stmt 1 discriminator 1 view .LVU34
 115 0066 43F40043 		orr	r3, r3, #32768
 116              	.LVL8:
 117              		.loc 1 1955 7 is_stmt 0 discriminator 1 view .LVU35
 118 006a 43F0C003 		orr	r3, r3, #192
 119 006e 22F82C30 		strh	r3, [r2, ip, lsl #2]	@ movhi
 120              	.LBE3:
 121              		.loc 1 1955 7 is_stmt 1 discriminator 1 view .LVU36
 122              	.LVL9:
 123              	.L6:
 124              		.loc 1 1955 7 discriminator 4 view .LVU37
 125              		.loc 1 1955 7 discriminator 4 view .LVU38
1956:Drivers/STM32G4xx_HAL_Driver/Src/stm32g4xx_hal_pcd.c ****     }
1957:Drivers/STM32G4xx_HAL_Driver/Src/stm32g4xx_hal_pcd.c **** 
1958:Drivers/STM32G4xx_HAL_Driver/Src/stm32g4xx_hal_pcd.c ****     if (count != 0U)
 126              		.loc 1 1958 5 view .LVU39
 127              		.loc 1 1958 8 is_stmt 0 view .LVU40
 128 0072 24B9     		cbnz	r4, .L16
 129              	.LVL10:
 130              	.L8:
1959:Drivers/STM32G4xx_HAL_Driver/Src/stm32g4xx_hal_pcd.c ****     {
1960:Drivers/STM32G4xx_HAL_Driver/Src/stm32g4xx_hal_pcd.c ****       USB_ReadPMA(hpcd->Instance, ep->xfer_buff, ep->pmaaddr0, count);
1961:Drivers/STM32G4xx_HAL_Driver/Src/stm32g4xx_hal_pcd.c ****     }
1962:Drivers/STM32G4xx_HAL_Driver/Src/stm32g4xx_hal_pcd.c ****   }
1963:Drivers/STM32G4xx_HAL_Driver/Src/stm32g4xx_hal_pcd.c ****   /* Manage Buffer 1 DTOG_RX=0 */
1964:Drivers/STM32G4xx_HAL_Driver/Src/stm32g4xx_hal_pcd.c ****   else
1965:Drivers/STM32G4xx_HAL_Driver/Src/stm32g4xx_hal_pcd.c ****   {
1966:Drivers/STM32G4xx_HAL_Driver/Src/stm32g4xx_hal_pcd.c ****     /* Get count of received data */
1967:Drivers/STM32G4xx_HAL_Driver/Src/stm32g4xx_hal_pcd.c ****     count = (uint16_t)PCD_GET_EP_DBUF1_CNT(hpcd->Instance, ep->num);
1968:Drivers/STM32G4xx_HAL_Driver/Src/stm32g4xx_hal_pcd.c **** 
1969:Drivers/STM32G4xx_HAL_Driver/Src/stm32g4xx_hal_pcd.c ****     if (ep->xfer_len >= count)
1970:Drivers/STM32G4xx_HAL_Driver/Src/stm32g4xx_hal_pcd.c ****     {
1971:Drivers/STM32G4xx_HAL_Driver/Src/stm32g4xx_hal_pcd.c ****       ep->xfer_len -= count;
1972:Drivers/STM32G4xx_HAL_Driver/Src/stm32g4xx_hal_pcd.c ****     }
1973:Drivers/STM32G4xx_HAL_Driver/Src/stm32g4xx_hal_pcd.c ****     else
1974:Drivers/STM32G4xx_HAL_Driver/Src/stm32g4xx_hal_pcd.c ****     {
1975:Drivers/STM32G4xx_HAL_Driver/Src/stm32g4xx_hal_pcd.c ****       ep->xfer_len = 0U;
1976:Drivers/STM32G4xx_HAL_Driver/Src/stm32g4xx_hal_pcd.c ****     }
1977:Drivers/STM32G4xx_HAL_Driver/Src/stm32g4xx_hal_pcd.c **** 
1978:Drivers/STM32G4xx_HAL_Driver/Src/stm32g4xx_hal_pcd.c ****     if (ep->xfer_len == 0U)
1979:Drivers/STM32G4xx_HAL_Driver/Src/stm32g4xx_hal_pcd.c ****     {
1980:Drivers/STM32G4xx_HAL_Driver/Src/stm32g4xx_hal_pcd.c ****       /* Set NAK on the current endpoint */
ARM GAS  /tmp/cc2qdi8m.s 			page 38


1981:Drivers/STM32G4xx_HAL_Driver/Src/stm32g4xx_hal_pcd.c ****       PCD_SET_EP_RX_STATUS(hpcd->Instance, ep->num, USB_EP_RX_NAK);
1982:Drivers/STM32G4xx_HAL_Driver/Src/stm32g4xx_hal_pcd.c ****     }
1983:Drivers/STM32G4xx_HAL_Driver/Src/stm32g4xx_hal_pcd.c **** 
1984:Drivers/STM32G4xx_HAL_Driver/Src/stm32g4xx_hal_pcd.c ****     /* Need to FreeUser Buffer */
1985:Drivers/STM32G4xx_HAL_Driver/Src/stm32g4xx_hal_pcd.c ****     if ((wEPVal & USB_EP_DTOG_TX) == 0U)
1986:Drivers/STM32G4xx_HAL_Driver/Src/stm32g4xx_hal_pcd.c ****     {
1987:Drivers/STM32G4xx_HAL_Driver/Src/stm32g4xx_hal_pcd.c ****       PCD_FREE_USER_BUFFER(hpcd->Instance, ep->num, 0U);
1988:Drivers/STM32G4xx_HAL_Driver/Src/stm32g4xx_hal_pcd.c ****     }
1989:Drivers/STM32G4xx_HAL_Driver/Src/stm32g4xx_hal_pcd.c **** 
1990:Drivers/STM32G4xx_HAL_Driver/Src/stm32g4xx_hal_pcd.c ****     if (count != 0U)
1991:Drivers/STM32G4xx_HAL_Driver/Src/stm32g4xx_hal_pcd.c ****     {
1992:Drivers/STM32G4xx_HAL_Driver/Src/stm32g4xx_hal_pcd.c ****       USB_ReadPMA(hpcd->Instance, ep->xfer_buff, ep->pmaaddr1, count);
1993:Drivers/STM32G4xx_HAL_Driver/Src/stm32g4xx_hal_pcd.c ****     }
1994:Drivers/STM32G4xx_HAL_Driver/Src/stm32g4xx_hal_pcd.c ****   }
1995:Drivers/STM32G4xx_HAL_Driver/Src/stm32g4xx_hal_pcd.c **** 
1996:Drivers/STM32G4xx_HAL_Driver/Src/stm32g4xx_hal_pcd.c ****   return count;
 131              		.loc 1 1996 3 is_stmt 1 view .LVU41
1997:Drivers/STM32G4xx_HAL_Driver/Src/stm32g4xx_hal_pcd.c **** }
 132              		.loc 1 1997 1 is_stmt 0 view .LVU42
 133 0074 2046     		mov	r0, r4
 134 0076 10BD     		pop	{r4, pc}
 135              	.LVL11:
 136              	.L3:
1943:Drivers/STM32G4xx_HAL_Driver/Src/stm32g4xx_hal_pcd.c ****     }
 137              		.loc 1 1943 7 is_stmt 1 view .LVU43
1943:Drivers/STM32G4xx_HAL_Driver/Src/stm32g4xx_hal_pcd.c ****     }
 138              		.loc 1 1943 20 is_stmt 0 view .LVU44
 139 0078 0023     		movs	r3, #0
 140 007a 8B61     		str	r3, [r1, #24]
 141 007c D5E7     		b	.L4
 142              	.LVL12:
 143              	.L16:
1960:Drivers/STM32G4xx_HAL_Driver/Src/stm32g4xx_hal_pcd.c ****     }
 144              		.loc 1 1960 7 is_stmt 1 view .LVU45
 145 007e 2346     		mov	r3, r4
 146 0080 0A89     		ldrh	r2, [r1, #8]
 147 0082 4969     		ldr	r1, [r1, #20]
 148              	.LVL13:
1960:Drivers/STM32G4xx_HAL_Driver/Src/stm32g4xx_hal_pcd.c ****     }
 149              		.loc 1 1960 7 is_stmt 0 view .LVU46
 150 0084 0068     		ldr	r0, [r0]
 151              	.LVL14:
1960:Drivers/STM32G4xx_HAL_Driver/Src/stm32g4xx_hal_pcd.c ****     }
 152              		.loc 1 1960 7 view .LVU47
 153 0086 FFF7FEFF 		bl	USB_ReadPMA
 154              	.LVL15:
 155 008a F3E7     		b	.L8
 156              	.LVL16:
 157              	.L2:
1967:Drivers/STM32G4xx_HAL_Driver/Src/stm32g4xx_hal_pcd.c **** 
 158              		.loc 1 1967 5 is_stmt 1 view .LVU48
1967:Drivers/STM32G4xx_HAL_Driver/Src/stm32g4xx_hal_pcd.c **** 
 159              		.loc 1 1967 23 is_stmt 0 view .LVU49
 160 008c 0468     		ldr	r4, [r0]
 161 008e B4F85030 		ldrh	r3, [r4, #80]
 162 0092 91F800C0 		ldrb	ip, [r1]	@ zero_extendqisi2
 163 0096 03EBCC03 		add	r3, r3, ip, lsl #3
ARM GAS  /tmp/cc2qdi8m.s 			page 39


 164 009a 2344     		add	r3, r3, r4
 165 009c B3F80644 		ldrh	r4, [r3, #1030]
1967:Drivers/STM32G4xx_HAL_Driver/Src/stm32g4xx_hal_pcd.c **** 
 166              		.loc 1 1967 11 view .LVU50
 167 00a0 C4F30904 		ubfx	r4, r4, #0, #10
 168              	.LVL17:
1969:Drivers/STM32G4xx_HAL_Driver/Src/stm32g4xx_hal_pcd.c ****     {
 169              		.loc 1 1969 5 is_stmt 1 view .LVU51
1969:Drivers/STM32G4xx_HAL_Driver/Src/stm32g4xx_hal_pcd.c ****     {
 170              		.loc 1 1969 11 is_stmt 0 view .LVU52
 171 00a4 8B69     		ldr	r3, [r1, #24]
1969:Drivers/STM32G4xx_HAL_Driver/Src/stm32g4xx_hal_pcd.c ****     {
 172              		.loc 1 1969 8 view .LVU53
 173 00a6 A342     		cmp	r3, r4
 174 00a8 2ED3     		bcc	.L9
1971:Drivers/STM32G4xx_HAL_Driver/Src/stm32g4xx_hal_pcd.c ****     }
 175              		.loc 1 1971 7 is_stmt 1 view .LVU54
1971:Drivers/STM32G4xx_HAL_Driver/Src/stm32g4xx_hal_pcd.c ****     }
 176              		.loc 1 1971 20 is_stmt 0 view .LVU55
 177 00aa 1B1B     		subs	r3, r3, r4
 178 00ac 8B61     		str	r3, [r1, #24]
 179              	.L10:
1978:Drivers/STM32G4xx_HAL_Driver/Src/stm32g4xx_hal_pcd.c ****     {
 180              		.loc 1 1978 5 is_stmt 1 view .LVU56
1978:Drivers/STM32G4xx_HAL_Driver/Src/stm32g4xx_hal_pcd.c ****     {
 181              		.loc 1 1978 11 is_stmt 0 view .LVU57
 182 00ae 8B69     		ldr	r3, [r1, #24]
1978:Drivers/STM32G4xx_HAL_Driver/Src/stm32g4xx_hal_pcd.c ****     {
 183              		.loc 1 1978 8 view .LVU58
 184 00b0 7BB9     		cbnz	r3, .L11
1981:Drivers/STM32G4xx_HAL_Driver/Src/stm32g4xx_hal_pcd.c ****     }
 185              		.loc 1 1981 7 is_stmt 1 view .LVU59
 186              	.LBB4:
1981:Drivers/STM32G4xx_HAL_Driver/Src/stm32g4xx_hal_pcd.c ****     }
 187              		.loc 1 1981 7 view .LVU60
1981:Drivers/STM32G4xx_HAL_Driver/Src/stm32g4xx_hal_pcd.c ****     }
 188              		.loc 1 1981 7 view .LVU61
 189 00b2 D0F800E0 		ldr	lr, [r0]
 190 00b6 3EF82C30 		ldrh	r3, [lr, ip, lsl #2]
 191 00ba 23F48043 		bic	r3, r3, #16384
 192 00be 23F07003 		bic	r3, r3, #112
 193              	.LVL18:
1981:Drivers/STM32G4xx_HAL_Driver/Src/stm32g4xx_hal_pcd.c ****     }
 194              		.loc 1 1981 7 view .LVU62
1981:Drivers/STM32G4xx_HAL_Driver/Src/stm32g4xx_hal_pcd.c ****     }
 195              		.loc 1 1981 7 discriminator 2 view .LVU63
1981:Drivers/STM32G4xx_HAL_Driver/Src/stm32g4xx_hal_pcd.c ****     }
 196              		.loc 1 1981 7 discriminator 3 view .LVU64
 197 00c2 83F40053 		eor	r3, r3, #8192
 198              	.LVL19:
1981:Drivers/STM32G4xx_HAL_Driver/Src/stm32g4xx_hal_pcd.c ****     }
 199              		.loc 1 1981 7 discriminator 4 view .LVU65
 200 00c6 43F40043 		orr	r3, r3, #32768
 201              	.LVL20:
1981:Drivers/STM32G4xx_HAL_Driver/Src/stm32g4xx_hal_pcd.c ****     }
 202              		.loc 1 1981 7 is_stmt 0 discriminator 4 view .LVU66
 203 00ca 43F08003 		orr	r3, r3, #128
ARM GAS  /tmp/cc2qdi8m.s 			page 40


 204 00ce 2EF82C30 		strh	r3, [lr, ip, lsl #2]	@ movhi
 205              	.LVL21:
 206              	.L11:
1981:Drivers/STM32G4xx_HAL_Driver/Src/stm32g4xx_hal_pcd.c ****     }
 207              		.loc 1 1981 7 discriminator 4 view .LVU67
 208              	.LBE4:
1981:Drivers/STM32G4xx_HAL_Driver/Src/stm32g4xx_hal_pcd.c ****     }
 209              		.loc 1 1981 7 is_stmt 1 discriminator 5 view .LVU68
1985:Drivers/STM32G4xx_HAL_Driver/Src/stm32g4xx_hal_pcd.c ****     {
 210              		.loc 1 1985 5 view .LVU69
1985:Drivers/STM32G4xx_HAL_Driver/Src/stm32g4xx_hal_pcd.c ****     {
 211              		.loc 1 1985 8 is_stmt 0 view .LVU70
 212 00d2 12F0400F 		tst	r2, #64
 213 00d6 0ED1     		bne	.L12
1987:Drivers/STM32G4xx_HAL_Driver/Src/stm32g4xx_hal_pcd.c ****     }
 214              		.loc 1 1987 7 is_stmt 1 view .LVU71
1987:Drivers/STM32G4xx_HAL_Driver/Src/stm32g4xx_hal_pcd.c ****     }
 215              		.loc 1 1987 7 view .LVU72
1987:Drivers/STM32G4xx_HAL_Driver/Src/stm32g4xx_hal_pcd.c ****     }
 216              		.loc 1 1987 7 discriminator 1 view .LVU73
 217              	.LBB5:
1987:Drivers/STM32G4xx_HAL_Driver/Src/stm32g4xx_hal_pcd.c ****     }
 218              		.loc 1 1987 7 discriminator 1 view .LVU74
1987:Drivers/STM32G4xx_HAL_Driver/Src/stm32g4xx_hal_pcd.c ****     }
 219              		.loc 1 1987 7 discriminator 1 view .LVU75
 220 00d8 0268     		ldr	r2, [r0]
 221              	.LVL22:
1987:Drivers/STM32G4xx_HAL_Driver/Src/stm32g4xx_hal_pcd.c ****     }
 222              		.loc 1 1987 7 is_stmt 0 discriminator 1 view .LVU76
 223 00da 91F800C0 		ldrb	ip, [r1]	@ zero_extendqisi2
 224 00de 32F82C30 		ldrh	r3, [r2, ip, lsl #2]
 225 00e2 23F4E043 		bic	r3, r3, #28672
 226 00e6 23F07003 		bic	r3, r3, #112
 227              	.LVL23:
1987:Drivers/STM32G4xx_HAL_Driver/Src/stm32g4xx_hal_pcd.c ****     }
 228              		.loc 1 1987 7 is_stmt 1 discriminator 1 view .LVU77
 229 00ea 43F40043 		orr	r3, r3, #32768
 230              	.LVL24:
1987:Drivers/STM32G4xx_HAL_Driver/Src/stm32g4xx_hal_pcd.c ****     }
 231              		.loc 1 1987 7 is_stmt 0 discriminator 1 view .LVU78
 232 00ee 43F0C003 		orr	r3, r3, #192
 233 00f2 22F82C30 		strh	r3, [r2, ip, lsl #2]	@ movhi
 234              	.LBE5:
1987:Drivers/STM32G4xx_HAL_Driver/Src/stm32g4xx_hal_pcd.c ****     }
 235              		.loc 1 1987 7 is_stmt 1 discriminator 1 view .LVU79
 236              	.LVL25:
 237              	.L12:
1987:Drivers/STM32G4xx_HAL_Driver/Src/stm32g4xx_hal_pcd.c ****     }
 238              		.loc 1 1987 7 discriminator 4 view .LVU80
1987:Drivers/STM32G4xx_HAL_Driver/Src/stm32g4xx_hal_pcd.c ****     }
 239              		.loc 1 1987 7 discriminator 4 view .LVU81
1990:Drivers/STM32G4xx_HAL_Driver/Src/stm32g4xx_hal_pcd.c ****     {
 240              		.loc 1 1990 5 view .LVU82
1990:Drivers/STM32G4xx_HAL_Driver/Src/stm32g4xx_hal_pcd.c ****     {
 241              		.loc 1 1990 8 is_stmt 0 view .LVU83
 242 00f6 002C     		cmp	r4, #0
 243 00f8 BCD0     		beq	.L8
ARM GAS  /tmp/cc2qdi8m.s 			page 41


1992:Drivers/STM32G4xx_HAL_Driver/Src/stm32g4xx_hal_pcd.c ****     }
 244              		.loc 1 1992 7 is_stmt 1 view .LVU84
 245 00fa 2346     		mov	r3, r4
 246 00fc 4A89     		ldrh	r2, [r1, #10]
 247 00fe 4969     		ldr	r1, [r1, #20]
 248              	.LVL26:
1992:Drivers/STM32G4xx_HAL_Driver/Src/stm32g4xx_hal_pcd.c ****     }
 249              		.loc 1 1992 7 is_stmt 0 view .LVU85
 250 0100 0068     		ldr	r0, [r0]
 251              	.LVL27:
1992:Drivers/STM32G4xx_HAL_Driver/Src/stm32g4xx_hal_pcd.c ****     }
 252              		.loc 1 1992 7 view .LVU86
 253 0102 FFF7FEFF 		bl	USB_ReadPMA
 254              	.LVL28:
 255 0106 B5E7     		b	.L8
 256              	.LVL29:
 257              	.L9:
1975:Drivers/STM32G4xx_HAL_Driver/Src/stm32g4xx_hal_pcd.c ****     }
 258              		.loc 1 1975 7 is_stmt 1 view .LVU87
1975:Drivers/STM32G4xx_HAL_Driver/Src/stm32g4xx_hal_pcd.c ****     }
 259              		.loc 1 1975 20 is_stmt 0 view .LVU88
 260 0108 0023     		movs	r3, #0
 261 010a 8B61     		str	r3, [r1, #24]
 262 010c CFE7     		b	.L10
 263              		.cfi_endproc
 264              	.LFE363:
 266              		.section	.text.HAL_PCD_MspInit,"ax",%progbits
 267              		.align	1
 268              		.weak	HAL_PCD_MspInit
 269              		.syntax unified
 270              		.thumb
 271              		.thumb_func
 273              	HAL_PCD_MspInit:
 274              	.LVL30:
 275              	.LFB331:
 262:Drivers/STM32G4xx_HAL_Driver/Src/stm32g4xx_hal_pcd.c ****   /* Prevent unused argument(s) compilation warning */
 276              		.loc 1 262 1 is_stmt 1 view -0
 277              		.cfi_startproc
 278              		@ args = 0, pretend = 0, frame = 0
 279              		@ frame_needed = 0, uses_anonymous_args = 0
 280              		@ link register save eliminated.
 264:Drivers/STM32G4xx_HAL_Driver/Src/stm32g4xx_hal_pcd.c **** 
 281              		.loc 1 264 3 view .LVU90
 269:Drivers/STM32G4xx_HAL_Driver/Src/stm32g4xx_hal_pcd.c **** 
 282              		.loc 1 269 1 is_stmt 0 view .LVU91
 283 0000 7047     		bx	lr
 284              		.cfi_endproc
 285              	.LFE331:
 287              		.section	.text.HAL_PCD_Init,"ax",%progbits
 288              		.align	1
 289              		.global	HAL_PCD_Init
 290              		.syntax unified
 291              		.thumb
 292              		.thumb_func
 294              	HAL_PCD_Init:
 295              	.LVL31:
 296              	.LFB329:
ARM GAS  /tmp/cc2qdi8m.s 			page 42


 128:Drivers/STM32G4xx_HAL_Driver/Src/stm32g4xx_hal_pcd.c ****   uint8_t i;
 297              		.loc 1 128 1 is_stmt 1 view -0
 298              		.cfi_startproc
 299              		@ args = 0, pretend = 0, frame = 0
 300              		@ frame_needed = 0, uses_anonymous_args = 0
 129:Drivers/STM32G4xx_HAL_Driver/Src/stm32g4xx_hal_pcd.c **** 
 301              		.loc 1 129 3 view .LVU93
 132:Drivers/STM32G4xx_HAL_Driver/Src/stm32g4xx_hal_pcd.c ****   {
 302              		.loc 1 132 3 view .LVU94
 132:Drivers/STM32G4xx_HAL_Driver/Src/stm32g4xx_hal_pcd.c ****   {
 303              		.loc 1 132 6 is_stmt 0 view .LVU95
 304 0000 0028     		cmp	r0, #0
 305 0002 55D0     		beq	.L26
 128:Drivers/STM32G4xx_HAL_Driver/Src/stm32g4xx_hal_pcd.c ****   uint8_t i;
 306              		.loc 1 128 1 view .LVU96
 307 0004 10B5     		push	{r4, lr}
 308              	.LCFI1:
 309              		.cfi_def_cfa_offset 8
 310              		.cfi_offset 4, -8
 311              		.cfi_offset 14, -4
 312 0006 0446     		mov	r4, r0
 138:Drivers/STM32G4xx_HAL_Driver/Src/stm32g4xx_hal_pcd.c **** 
 313              		.loc 1 138 3 is_stmt 1 view .LVU97
 140:Drivers/STM32G4xx_HAL_Driver/Src/stm32g4xx_hal_pcd.c ****   {
 314              		.loc 1 140 3 view .LVU98
 140:Drivers/STM32G4xx_HAL_Driver/Src/stm32g4xx_hal_pcd.c ****   {
 315              		.loc 1 140 11 is_stmt 0 view .LVU99
 316 0008 90F89132 		ldrb	r3, [r0, #657]	@ zero_extendqisi2
 140:Drivers/STM32G4xx_HAL_Driver/Src/stm32g4xx_hal_pcd.c ****   {
 317              		.loc 1 140 6 view .LVU100
 318 000c 3BB1     		cbz	r3, .L31
 319              	.LVL32:
 320              	.L20:
 173:Drivers/STM32G4xx_HAL_Driver/Src/stm32g4xx_hal_pcd.c **** 
 321              		.loc 1 173 3 is_stmt 1 view .LVU101
 173:Drivers/STM32G4xx_HAL_Driver/Src/stm32g4xx_hal_pcd.c **** 
 322              		.loc 1 173 15 is_stmt 0 view .LVU102
 323 000e 0323     		movs	r3, #3
 324 0010 84F89132 		strb	r3, [r4, #657]
 176:Drivers/STM32G4xx_HAL_Driver/Src/stm32g4xx_hal_pcd.c **** 
 325              		.loc 1 176 3 is_stmt 1 view .LVU103
 326 0014 2068     		ldr	r0, [r4]
 327 0016 FFF7FEFF 		bl	USB_DisableGlobalInt
 328              	.LVL33:
 179:Drivers/STM32G4xx_HAL_Driver/Src/stm32g4xx_hal_pcd.c ****   {
 329              		.loc 1 179 3 view .LVU104
 179:Drivers/STM32G4xx_HAL_Driver/Src/stm32g4xx_hal_pcd.c ****   {
 330              		.loc 1 179 10 is_stmt 0 view .LVU105
 331 001a 0023     		movs	r3, #0
 179:Drivers/STM32G4xx_HAL_Driver/Src/stm32g4xx_hal_pcd.c ****   {
 332              		.loc 1 179 3 view .LVU106
 333 001c 15E0     		b	.L21
 334              	.LVL34:
 335              	.L31:
 143:Drivers/STM32G4xx_HAL_Driver/Src/stm32g4xx_hal_pcd.c **** 
 336              		.loc 1 143 5 is_stmt 1 view .LVU107
 143:Drivers/STM32G4xx_HAL_Driver/Src/stm32g4xx_hal_pcd.c **** 
ARM GAS  /tmp/cc2qdi8m.s 			page 43


 337              		.loc 1 143 16 is_stmt 0 view .LVU108
 338 001e 80F89032 		strb	r3, [r0, #656]
 169:Drivers/STM32G4xx_HAL_Driver/Src/stm32g4xx_hal_pcd.c **** #endif /* (USE_HAL_PCD_REGISTER_CALLBACKS) */
 339              		.loc 1 169 5 is_stmt 1 view .LVU109
 340 0022 FFF7FEFF 		bl	HAL_PCD_MspInit
 341              	.LVL35:
 169:Drivers/STM32G4xx_HAL_Driver/Src/stm32g4xx_hal_pcd.c **** #endif /* (USE_HAL_PCD_REGISTER_CALLBACKS) */
 342              		.loc 1 169 5 is_stmt 0 view .LVU110
 343 0026 F2E7     		b	.L20
 344              	.LVL36:
 345              	.L22:
 182:Drivers/STM32G4xx_HAL_Driver/Src/stm32g4xx_hal_pcd.c ****     hpcd->IN_ep[i].num = i;
 346              		.loc 1 182 5 is_stmt 1 view .LVU111
 182:Drivers/STM32G4xx_HAL_Driver/Src/stm32g4xx_hal_pcd.c ****     hpcd->IN_ep[i].num = i;
 347              		.loc 1 182 26 is_stmt 0 view .LVU112
 348 0028 03EB8302 		add	r2, r3, r3, lsl #2
 349 002c 04EBC202 		add	r2, r4, r2, lsl #3
 350 0030 0121     		movs	r1, #1
 351 0032 5174     		strb	r1, [r2, #17]
 183:Drivers/STM32G4xx_HAL_Driver/Src/stm32g4xx_hal_pcd.c ****     /* Control until ep is activated */
 352              		.loc 1 183 5 is_stmt 1 view .LVU113
 183:Drivers/STM32G4xx_HAL_Driver/Src/stm32g4xx_hal_pcd.c ****     /* Control until ep is activated */
 353              		.loc 1 183 24 is_stmt 0 view .LVU114
 354 0034 1374     		strb	r3, [r2, #16]
 185:Drivers/STM32G4xx_HAL_Driver/Src/stm32g4xx_hal_pcd.c ****     hpcd->IN_ep[i].maxpacket = 0U;
 355              		.loc 1 185 5 is_stmt 1 view .LVU115
 185:Drivers/STM32G4xx_HAL_Driver/Src/stm32g4xx_hal_pcd.c ****     hpcd->IN_ep[i].maxpacket = 0U;
 356              		.loc 1 185 25 is_stmt 0 view .LVU116
 357 0036 0021     		movs	r1, #0
 358 0038 D174     		strb	r1, [r2, #19]
 186:Drivers/STM32G4xx_HAL_Driver/Src/stm32g4xx_hal_pcd.c ****     hpcd->IN_ep[i].xfer_buff = 0U;
 359              		.loc 1 186 5 is_stmt 1 view .LVU117
 186:Drivers/STM32G4xx_HAL_Driver/Src/stm32g4xx_hal_pcd.c ****     hpcd->IN_ep[i].xfer_buff = 0U;
 360              		.loc 1 186 30 is_stmt 0 view .LVU118
 361 003a 1162     		str	r1, [r2, #32]
 187:Drivers/STM32G4xx_HAL_Driver/Src/stm32g4xx_hal_pcd.c ****     hpcd->IN_ep[i].xfer_len = 0U;
 362              		.loc 1 187 5 is_stmt 1 view .LVU119
 187:Drivers/STM32G4xx_HAL_Driver/Src/stm32g4xx_hal_pcd.c ****     hpcd->IN_ep[i].xfer_len = 0U;
 363              		.loc 1 187 30 is_stmt 0 view .LVU120
 364 003c 5162     		str	r1, [r2, #36]
 188:Drivers/STM32G4xx_HAL_Driver/Src/stm32g4xx_hal_pcd.c ****   }
 365              		.loc 1 188 5 is_stmt 1 view .LVU121
 188:Drivers/STM32G4xx_HAL_Driver/Src/stm32g4xx_hal_pcd.c ****   }
 366              		.loc 1 188 29 is_stmt 0 view .LVU122
 367 003e 0133     		adds	r3, r3, #1
 368              	.LVL37:
 188:Drivers/STM32G4xx_HAL_Driver/Src/stm32g4xx_hal_pcd.c ****   }
 369              		.loc 1 188 29 view .LVU123
 370 0040 03EB8302 		add	r2, r3, r3, lsl #2
 371              	.LVL38:
 188:Drivers/STM32G4xx_HAL_Driver/Src/stm32g4xx_hal_pcd.c ****   }
 372              		.loc 1 188 29 view .LVU124
 373 0044 D200     		lsls	r2, r2, #3
 374 0046 A150     		str	r1, [r4, r2]
 375              	.LVL39:
 179:Drivers/STM32G4xx_HAL_Driver/Src/stm32g4xx_hal_pcd.c ****   {
 376              		.loc 1 179 47 is_stmt 1 discriminator 1 view .LVU125
ARM GAS  /tmp/cc2qdi8m.s 			page 44


 377 0048 DBB2     		uxtb	r3, r3
 378              	.LVL40:
 379              	.L21:
 179:Drivers/STM32G4xx_HAL_Driver/Src/stm32g4xx_hal_pcd.c ****   {
 380              		.loc 1 179 18 discriminator 2 view .LVU126
 179:Drivers/STM32G4xx_HAL_Driver/Src/stm32g4xx_hal_pcd.c ****   {
 381              		.loc 1 179 30 is_stmt 0 discriminator 2 view .LVU127
 382 004a 2079     		ldrb	r0, [r4, #4]	@ zero_extendqisi2
 179:Drivers/STM32G4xx_HAL_Driver/Src/stm32g4xx_hal_pcd.c ****   {
 383              		.loc 1 179 18 discriminator 2 view .LVU128
 384 004c 9842     		cmp	r0, r3
 385 004e EBD8     		bhi	.L22
 191:Drivers/STM32G4xx_HAL_Driver/Src/stm32g4xx_hal_pcd.c ****   {
 386              		.loc 1 191 10 view .LVU129
 387 0050 0023     		movs	r3, #0
 388              	.LVL41:
 191:Drivers/STM32G4xx_HAL_Driver/Src/stm32g4xx_hal_pcd.c ****   {
 389              		.loc 1 191 10 view .LVU130
 390 0052 16E0     		b	.L23
 391              	.LVL42:
 392              	.L24:
 193:Drivers/STM32G4xx_HAL_Driver/Src/stm32g4xx_hal_pcd.c ****     hpcd->OUT_ep[i].num = i;
 393              		.loc 1 193 5 is_stmt 1 view .LVU131
 193:Drivers/STM32G4xx_HAL_Driver/Src/stm32g4xx_hal_pcd.c ****     hpcd->OUT_ep[i].num = i;
 394              		.loc 1 193 27 is_stmt 0 view .LVU132
 395 0054 03EB8302 		add	r2, r3, r3, lsl #2
 396 0058 04EBC202 		add	r2, r4, r2, lsl #3
 397 005c 0021     		movs	r1, #0
 398 005e 82F85111 		strb	r1, [r2, #337]
 194:Drivers/STM32G4xx_HAL_Driver/Src/stm32g4xx_hal_pcd.c ****     /* Control until ep is activated */
 399              		.loc 1 194 5 is_stmt 1 view .LVU133
 194:Drivers/STM32G4xx_HAL_Driver/Src/stm32g4xx_hal_pcd.c ****     /* Control until ep is activated */
 400              		.loc 1 194 25 is_stmt 0 view .LVU134
 401 0062 82F85031 		strb	r3, [r2, #336]
 196:Drivers/STM32G4xx_HAL_Driver/Src/stm32g4xx_hal_pcd.c ****     hpcd->OUT_ep[i].maxpacket = 0U;
 402              		.loc 1 196 5 is_stmt 1 view .LVU135
 196:Drivers/STM32G4xx_HAL_Driver/Src/stm32g4xx_hal_pcd.c ****     hpcd->OUT_ep[i].maxpacket = 0U;
 403              		.loc 1 196 26 is_stmt 0 view .LVU136
 404 0066 82F85311 		strb	r1, [r2, #339]
 197:Drivers/STM32G4xx_HAL_Driver/Src/stm32g4xx_hal_pcd.c ****     hpcd->OUT_ep[i].xfer_buff = 0U;
 405              		.loc 1 197 5 is_stmt 1 view .LVU137
 197:Drivers/STM32G4xx_HAL_Driver/Src/stm32g4xx_hal_pcd.c ****     hpcd->OUT_ep[i].xfer_buff = 0U;
 406              		.loc 1 197 31 is_stmt 0 view .LVU138
 407 006a C2F86011 		str	r1, [r2, #352]
 198:Drivers/STM32G4xx_HAL_Driver/Src/stm32g4xx_hal_pcd.c ****     hpcd->OUT_ep[i].xfer_len = 0U;
 408              		.loc 1 198 5 is_stmt 1 view .LVU139
 198:Drivers/STM32G4xx_HAL_Driver/Src/stm32g4xx_hal_pcd.c ****     hpcd->OUT_ep[i].xfer_len = 0U;
 409              		.loc 1 198 31 is_stmt 0 view .LVU140
 410 006e C2F86411 		str	r1, [r2, #356]
 199:Drivers/STM32G4xx_HAL_Driver/Src/stm32g4xx_hal_pcd.c ****   }
 411              		.loc 1 199 5 is_stmt 1 view .LVU141
 199:Drivers/STM32G4xx_HAL_Driver/Src/stm32g4xx_hal_pcd.c ****   }
 412              		.loc 1 199 30 is_stmt 0 view .LVU142
 413 0072 03EB8302 		add	r2, r3, r3, lsl #2
 414 0076 04EBC202 		add	r2, r4, r2, lsl #3
 415 007a C2F86811 		str	r1, [r2, #360]
 191:Drivers/STM32G4xx_HAL_Driver/Src/stm32g4xx_hal_pcd.c ****   {
ARM GAS  /tmp/cc2qdi8m.s 			page 45


 416              		.loc 1 191 47 is_stmt 1 discriminator 1 view .LVU143
 417 007e 0133     		adds	r3, r3, #1
 418              	.LVL43:
 191:Drivers/STM32G4xx_HAL_Driver/Src/stm32g4xx_hal_pcd.c ****   {
 419              		.loc 1 191 47 is_stmt 0 discriminator 1 view .LVU144
 420 0080 DBB2     		uxtb	r3, r3
 421              	.LVL44:
 422              	.L23:
 191:Drivers/STM32G4xx_HAL_Driver/Src/stm32g4xx_hal_pcd.c ****   {
 423              		.loc 1 191 18 is_stmt 1 discriminator 2 view .LVU145
 424 0082 9842     		cmp	r0, r3
 425 0084 E6D8     		bhi	.L24
 203:Drivers/STM32G4xx_HAL_Driver/Src/stm32g4xx_hal_pcd.c **** 
 426              		.loc 1 203 3 view .LVU146
 203:Drivers/STM32G4xx_HAL_Driver/Src/stm32g4xx_hal_pcd.c **** 
 427              		.loc 1 203 25 is_stmt 0 view .LVU147
 428 0086 2346     		mov	r3, r4
 429              	.LVL45:
 203:Drivers/STM32G4xx_HAL_Driver/Src/stm32g4xx_hal_pcd.c **** 
 430              		.loc 1 203 25 view .LVU148
 431 0088 53F8040B 		ldr	r0, [r3], #4
 203:Drivers/STM32G4xx_HAL_Driver/Src/stm32g4xx_hal_pcd.c **** 
 432              		.loc 1 203 9 view .LVU149
 433 008c 93E80600 		ldm	r3, {r1, r2}
 434 0090 FFF7FEFF 		bl	USB_DevInit
 435              	.LVL46:
 205:Drivers/STM32G4xx_HAL_Driver/Src/stm32g4xx_hal_pcd.c ****   hpcd->State = HAL_PCD_STATE_READY;
 436              		.loc 1 205 3 is_stmt 1 view .LVU150
 205:Drivers/STM32G4xx_HAL_Driver/Src/stm32g4xx_hal_pcd.c ****   hpcd->State = HAL_PCD_STATE_READY;
 437              		.loc 1 205 21 is_stmt 0 view .LVU151
 438 0094 0023     		movs	r3, #0
 439 0096 2373     		strb	r3, [r4, #12]
 206:Drivers/STM32G4xx_HAL_Driver/Src/stm32g4xx_hal_pcd.c **** 
 440              		.loc 1 206 3 is_stmt 1 view .LVU152
 206:Drivers/STM32G4xx_HAL_Driver/Src/stm32g4xx_hal_pcd.c **** 
 441              		.loc 1 206 15 is_stmt 0 view .LVU153
 442 0098 0123     		movs	r3, #1
 443 009a 84F89132 		strb	r3, [r4, #657]
 209:Drivers/STM32G4xx_HAL_Driver/Src/stm32g4xx_hal_pcd.c ****   {
 444              		.loc 1 209 3 is_stmt 1 view .LVU154
 209:Drivers/STM32G4xx_HAL_Driver/Src/stm32g4xx_hal_pcd.c ****   {
 445              		.loc 1 209 17 is_stmt 0 view .LVU155
 446 009e A37A     		ldrb	r3, [r4, #10]	@ zero_extendqisi2
 209:Drivers/STM32G4xx_HAL_Driver/Src/stm32g4xx_hal_pcd.c ****   {
 447              		.loc 1 209 6 view .LVU156
 448 00a0 012B     		cmp	r3, #1
 449 00a2 01D0     		beq	.L32
 450              	.L25:
 214:Drivers/STM32G4xx_HAL_Driver/Src/stm32g4xx_hal_pcd.c **** }
 451              		.loc 1 214 10 view .LVU157
 452 00a4 0020     		movs	r0, #0
 215:Drivers/STM32G4xx_HAL_Driver/Src/stm32g4xx_hal_pcd.c **** 
 453              		.loc 1 215 1 view .LVU158
 454 00a6 10BD     		pop	{r4, pc}
 455              	.LVL47:
 456              	.L32:
 211:Drivers/STM32G4xx_HAL_Driver/Src/stm32g4xx_hal_pcd.c ****   }
ARM GAS  /tmp/cc2qdi8m.s 			page 46


 457              		.loc 1 211 5 is_stmt 1 view .LVU159
 211:Drivers/STM32G4xx_HAL_Driver/Src/stm32g4xx_hal_pcd.c ****   }
 458              		.loc 1 211 11 is_stmt 0 view .LVU160
 459 00a8 2046     		mov	r0, r4
 460 00aa FFF7FEFF 		bl	HAL_PCDEx_ActivateLPM
 461              	.LVL48:
 462 00ae F9E7     		b	.L25
 463              	.LVL49:
 464              	.L26:
 465              	.LCFI2:
 466              		.cfi_def_cfa_offset 0
 467              		.cfi_restore 4
 468              		.cfi_restore 14
 134:Drivers/STM32G4xx_HAL_Driver/Src/stm32g4xx_hal_pcd.c ****   }
 469              		.loc 1 134 12 view .LVU161
 470 00b0 0120     		movs	r0, #1
 471              	.LVL50:
 215:Drivers/STM32G4xx_HAL_Driver/Src/stm32g4xx_hal_pcd.c **** 
 472              		.loc 1 215 1 view .LVU162
 473 00b2 7047     		bx	lr
 474              		.cfi_endproc
 475              	.LFE329:
 477              		.section	.text.HAL_PCD_MspDeInit,"ax",%progbits
 478              		.align	1
 479              		.weak	HAL_PCD_MspDeInit
 480              		.syntax unified
 481              		.thumb
 482              		.thumb_func
 484              	HAL_PCD_MspDeInit:
 485              	.LVL51:
 486              	.LFB332:
 277:Drivers/STM32G4xx_HAL_Driver/Src/stm32g4xx_hal_pcd.c ****   /* Prevent unused argument(s) compilation warning */
 487              		.loc 1 277 1 is_stmt 1 view -0
 488              		.cfi_startproc
 489              		@ args = 0, pretend = 0, frame = 0
 490              		@ frame_needed = 0, uses_anonymous_args = 0
 491              		@ link register save eliminated.
 279:Drivers/STM32G4xx_HAL_Driver/Src/stm32g4xx_hal_pcd.c **** 
 492              		.loc 1 279 3 view .LVU164
 284:Drivers/STM32G4xx_HAL_Driver/Src/stm32g4xx_hal_pcd.c **** 
 493              		.loc 1 284 1 is_stmt 0 view .LVU165
 494 0000 7047     		bx	lr
 495              		.cfi_endproc
 496              	.LFE332:
 498              		.section	.text.HAL_PCD_DeInit,"ax",%progbits
 499              		.align	1
 500              		.global	HAL_PCD_DeInit
 501              		.syntax unified
 502              		.thumb
 503              		.thumb_func
 505              	HAL_PCD_DeInit:
 506              	.LVL52:
 507              	.LFB330:
 223:Drivers/STM32G4xx_HAL_Driver/Src/stm32g4xx_hal_pcd.c ****   /* Check the PCD handle allocation */
 508              		.loc 1 223 1 is_stmt 1 view -0
 509              		.cfi_startproc
 510              		@ args = 0, pretend = 0, frame = 0
ARM GAS  /tmp/cc2qdi8m.s 			page 47


 511              		@ frame_needed = 0, uses_anonymous_args = 0
 223:Drivers/STM32G4xx_HAL_Driver/Src/stm32g4xx_hal_pcd.c ****   /* Check the PCD handle allocation */
 512              		.loc 1 223 1 is_stmt 0 view .LVU167
 513 0000 38B5     		push	{r3, r4, r5, lr}
 514              	.LCFI3:
 515              		.cfi_def_cfa_offset 16
 516              		.cfi_offset 3, -16
 517              		.cfi_offset 4, -12
 518              		.cfi_offset 5, -8
 519              		.cfi_offset 14, -4
 225:Drivers/STM32G4xx_HAL_Driver/Src/stm32g4xx_hal_pcd.c ****   {
 520              		.loc 1 225 3 is_stmt 1 view .LVU168
 225:Drivers/STM32G4xx_HAL_Driver/Src/stm32g4xx_hal_pcd.c ****   {
 521              		.loc 1 225 6 is_stmt 0 view .LVU169
 522 0002 40B1     		cbz	r0, .L37
 523 0004 0446     		mov	r4, r0
 230:Drivers/STM32G4xx_HAL_Driver/Src/stm32g4xx_hal_pcd.c **** 
 524              		.loc 1 230 3 is_stmt 1 view .LVU170
 230:Drivers/STM32G4xx_HAL_Driver/Src/stm32g4xx_hal_pcd.c **** 
 525              		.loc 1 230 15 is_stmt 0 view .LVU171
 526 0006 0323     		movs	r3, #3
 527 0008 80F89132 		strb	r3, [r0, #657]
 233:Drivers/STM32G4xx_HAL_Driver/Src/stm32g4xx_hal_pcd.c ****   {
 528              		.loc 1 233 3 is_stmt 1 view .LVU172
 233:Drivers/STM32G4xx_HAL_Driver/Src/stm32g4xx_hal_pcd.c ****   {
 529              		.loc 1 233 7 is_stmt 0 view .LVU173
 530 000c 0068     		ldr	r0, [r0]
 531              	.LVL53:
 233:Drivers/STM32G4xx_HAL_Driver/Src/stm32g4xx_hal_pcd.c ****   {
 532              		.loc 1 233 7 view .LVU174
 533 000e FFF7FEFF 		bl	USB_StopDevice
 534              	.LVL54:
 233:Drivers/STM32G4xx_HAL_Driver/Src/stm32g4xx_hal_pcd.c ****   {
 535              		.loc 1 233 6 discriminator 1 view .LVU175
 536 0012 0546     		mov	r5, r0
 537 0014 18B1     		cbz	r0, .L39
 538              	.LVL55:
 539              	.L37:
 227:Drivers/STM32G4xx_HAL_Driver/Src/stm32g4xx_hal_pcd.c ****   }
 540              		.loc 1 227 12 view .LVU176
 541 0016 0123     		movs	r3, #1
 542 0018 1D46     		mov	r5, r3
 543              	.L36:
 254:Drivers/STM32G4xx_HAL_Driver/Src/stm32g4xx_hal_pcd.c **** 
 544              		.loc 1 254 1 view .LVU177
 545 001a 2846     		mov	r0, r5
 546 001c 38BD     		pop	{r3, r4, r5, pc}
 547              	.LVL56:
 548              	.L39:
 248:Drivers/STM32G4xx_HAL_Driver/Src/stm32g4xx_hal_pcd.c **** #endif /* USE_HAL_PCD_REGISTER_CALLBACKS */
 549              		.loc 1 248 3 is_stmt 1 view .LVU178
 550 001e 2046     		mov	r0, r4
 551 0020 FFF7FEFF 		bl	HAL_PCD_MspDeInit
 552              	.LVL57:
 251:Drivers/STM32G4xx_HAL_Driver/Src/stm32g4xx_hal_pcd.c **** 
 553              		.loc 1 251 3 view .LVU179
 251:Drivers/STM32G4xx_HAL_Driver/Src/stm32g4xx_hal_pcd.c **** 
ARM GAS  /tmp/cc2qdi8m.s 			page 48


 554              		.loc 1 251 15 is_stmt 0 view .LVU180
 555 0024 0023     		movs	r3, #0
 556 0026 84F89132 		strb	r3, [r4, #657]
 253:Drivers/STM32G4xx_HAL_Driver/Src/stm32g4xx_hal_pcd.c **** }
 557              		.loc 1 253 3 is_stmt 1 view .LVU181
 253:Drivers/STM32G4xx_HAL_Driver/Src/stm32g4xx_hal_pcd.c **** }
 558              		.loc 1 253 10 is_stmt 0 view .LVU182
 559 002a F6E7     		b	.L36
 560              		.cfi_endproc
 561              	.LFE330:
 563              		.section	.text.HAL_PCD_Start,"ax",%progbits
 564              		.align	1
 565              		.global	HAL_PCD_Start
 566              		.syntax unified
 567              		.thumb
 568              		.thumb_func
 570              	HAL_PCD_Start:
 571              	.LVL58:
 572              	.LFB333:
 899:Drivers/STM32G4xx_HAL_Driver/Src/stm32g4xx_hal_pcd.c ****   __HAL_LOCK(hpcd);
 573              		.loc 1 899 1 is_stmt 1 view -0
 574              		.cfi_startproc
 575              		@ args = 0, pretend = 0, frame = 0
 576              		@ frame_needed = 0, uses_anonymous_args = 0
 900:Drivers/STM32G4xx_HAL_Driver/Src/stm32g4xx_hal_pcd.c ****   __HAL_PCD_ENABLE(hpcd);
 577              		.loc 1 900 3 view .LVU184
 900:Drivers/STM32G4xx_HAL_Driver/Src/stm32g4xx_hal_pcd.c ****   __HAL_PCD_ENABLE(hpcd);
 578              		.loc 1 900 3 view .LVU185
 579 0000 90F89032 		ldrb	r3, [r0, #656]	@ zero_extendqisi2
 580 0004 012B     		cmp	r3, #1
 581 0006 0ED0     		beq	.L42
 899:Drivers/STM32G4xx_HAL_Driver/Src/stm32g4xx_hal_pcd.c ****   __HAL_LOCK(hpcd);
 582              		.loc 1 899 1 is_stmt 0 view .LVU186
 583 0008 10B5     		push	{r4, lr}
 584              	.LCFI4:
 585              		.cfi_def_cfa_offset 8
 586              		.cfi_offset 4, -8
 587              		.cfi_offset 14, -4
 588 000a 0446     		mov	r4, r0
 900:Drivers/STM32G4xx_HAL_Driver/Src/stm32g4xx_hal_pcd.c ****   __HAL_PCD_ENABLE(hpcd);
 589              		.loc 1 900 3 is_stmt 1 discriminator 2 view .LVU187
 590 000c 0123     		movs	r3, #1
 591 000e 80F89032 		strb	r3, [r0, #656]
 900:Drivers/STM32G4xx_HAL_Driver/Src/stm32g4xx_hal_pcd.c ****   __HAL_PCD_ENABLE(hpcd);
 592              		.loc 1 900 3 discriminator 2 view .LVU188
 901:Drivers/STM32G4xx_HAL_Driver/Src/stm32g4xx_hal_pcd.c ****   (void)USB_DevConnect(hpcd->Instance);
 593              		.loc 1 901 3 view .LVU189
 594 0012 0068     		ldr	r0, [r0]
 595              	.LVL59:
 901:Drivers/STM32G4xx_HAL_Driver/Src/stm32g4xx_hal_pcd.c ****   (void)USB_DevConnect(hpcd->Instance);
 596              		.loc 1 901 3 is_stmt 0 view .LVU190
 597 0014 FFF7FEFF 		bl	USB_EnableGlobalInt
 598              	.LVL60:
 902:Drivers/STM32G4xx_HAL_Driver/Src/stm32g4xx_hal_pcd.c ****   __HAL_UNLOCK(hpcd);
 599              		.loc 1 902 3 is_stmt 1 view .LVU191
 902:Drivers/STM32G4xx_HAL_Driver/Src/stm32g4xx_hal_pcd.c ****   __HAL_UNLOCK(hpcd);
 600              		.loc 1 902 9 is_stmt 0 view .LVU192
ARM GAS  /tmp/cc2qdi8m.s 			page 49


 601 0018 2068     		ldr	r0, [r4]
 602 001a FFF7FEFF 		bl	USB_DevConnect
 603              	.LVL61:
 903:Drivers/STM32G4xx_HAL_Driver/Src/stm32g4xx_hal_pcd.c **** 
 604              		.loc 1 903 3 is_stmt 1 view .LVU193
 903:Drivers/STM32G4xx_HAL_Driver/Src/stm32g4xx_hal_pcd.c **** 
 605              		.loc 1 903 3 view .LVU194
 606 001e 0020     		movs	r0, #0
 607 0020 84F89002 		strb	r0, [r4, #656]
 903:Drivers/STM32G4xx_HAL_Driver/Src/stm32g4xx_hal_pcd.c **** 
 608              		.loc 1 903 3 view .LVU195
 905:Drivers/STM32G4xx_HAL_Driver/Src/stm32g4xx_hal_pcd.c **** }
 609              		.loc 1 905 3 view .LVU196
 906:Drivers/STM32G4xx_HAL_Driver/Src/stm32g4xx_hal_pcd.c **** 
 610              		.loc 1 906 1 is_stmt 0 view .LVU197
 611 0024 10BD     		pop	{r4, pc}
 612              	.LVL62:
 613              	.L42:
 614              	.LCFI5:
 615              		.cfi_def_cfa_offset 0
 616              		.cfi_restore 4
 617              		.cfi_restore 14
 900:Drivers/STM32G4xx_HAL_Driver/Src/stm32g4xx_hal_pcd.c ****   __HAL_PCD_ENABLE(hpcd);
 618              		.loc 1 900 3 discriminator 1 view .LVU198
 619 0026 0220     		movs	r0, #2
 620              	.LVL63:
 906:Drivers/STM32G4xx_HAL_Driver/Src/stm32g4xx_hal_pcd.c **** 
 621              		.loc 1 906 1 view .LVU199
 622 0028 7047     		bx	lr
 623              		.cfi_endproc
 624              	.LFE333:
 626              		.section	.text.HAL_PCD_Stop,"ax",%progbits
 627              		.align	1
 628              		.global	HAL_PCD_Stop
 629              		.syntax unified
 630              		.thumb
 631              		.thumb_func
 633              	HAL_PCD_Stop:
 634              	.LVL64:
 635              	.LFB334:
 914:Drivers/STM32G4xx_HAL_Driver/Src/stm32g4xx_hal_pcd.c ****   __HAL_LOCK(hpcd);
 636              		.loc 1 914 1 is_stmt 1 view -0
 637              		.cfi_startproc
 638              		@ args = 0, pretend = 0, frame = 0
 639              		@ frame_needed = 0, uses_anonymous_args = 0
 915:Drivers/STM32G4xx_HAL_Driver/Src/stm32g4xx_hal_pcd.c ****   __HAL_PCD_DISABLE(hpcd);
 640              		.loc 1 915 3 view .LVU201
 915:Drivers/STM32G4xx_HAL_Driver/Src/stm32g4xx_hal_pcd.c ****   __HAL_PCD_DISABLE(hpcd);
 641              		.loc 1 915 3 view .LVU202
 642 0000 90F89032 		ldrb	r3, [r0, #656]	@ zero_extendqisi2
 643 0004 012B     		cmp	r3, #1
 644 0006 0ED0     		beq	.L49
 914:Drivers/STM32G4xx_HAL_Driver/Src/stm32g4xx_hal_pcd.c ****   __HAL_LOCK(hpcd);
 645              		.loc 1 914 1 is_stmt 0 view .LVU203
 646 0008 10B5     		push	{r4, lr}
 647              	.LCFI6:
 648              		.cfi_def_cfa_offset 8
ARM GAS  /tmp/cc2qdi8m.s 			page 50


 649              		.cfi_offset 4, -8
 650              		.cfi_offset 14, -4
 651 000a 0446     		mov	r4, r0
 915:Drivers/STM32G4xx_HAL_Driver/Src/stm32g4xx_hal_pcd.c ****   __HAL_PCD_DISABLE(hpcd);
 652              		.loc 1 915 3 is_stmt 1 discriminator 2 view .LVU204
 653 000c 0123     		movs	r3, #1
 654 000e 80F89032 		strb	r3, [r0, #656]
 915:Drivers/STM32G4xx_HAL_Driver/Src/stm32g4xx_hal_pcd.c ****   __HAL_PCD_DISABLE(hpcd);
 655              		.loc 1 915 3 discriminator 2 view .LVU205
 916:Drivers/STM32G4xx_HAL_Driver/Src/stm32g4xx_hal_pcd.c ****   (void)USB_DevDisconnect(hpcd->Instance);
 656              		.loc 1 916 3 view .LVU206
 657 0012 0068     		ldr	r0, [r0]
 658              	.LVL65:
 916:Drivers/STM32G4xx_HAL_Driver/Src/stm32g4xx_hal_pcd.c ****   (void)USB_DevDisconnect(hpcd->Instance);
 659              		.loc 1 916 3 is_stmt 0 view .LVU207
 660 0014 FFF7FEFF 		bl	USB_DisableGlobalInt
 661              	.LVL66:
 917:Drivers/STM32G4xx_HAL_Driver/Src/stm32g4xx_hal_pcd.c ****   __HAL_UNLOCK(hpcd);
 662              		.loc 1 917 3 is_stmt 1 view .LVU208
 917:Drivers/STM32G4xx_HAL_Driver/Src/stm32g4xx_hal_pcd.c ****   __HAL_UNLOCK(hpcd);
 663              		.loc 1 917 9 is_stmt 0 view .LVU209
 664 0018 2068     		ldr	r0, [r4]
 665 001a FFF7FEFF 		bl	USB_DevDisconnect
 666              	.LVL67:
 918:Drivers/STM32G4xx_HAL_Driver/Src/stm32g4xx_hal_pcd.c **** 
 667              		.loc 1 918 3 is_stmt 1 view .LVU210
 918:Drivers/STM32G4xx_HAL_Driver/Src/stm32g4xx_hal_pcd.c **** 
 668              		.loc 1 918 3 view .LVU211
 669 001e 0020     		movs	r0, #0
 670 0020 84F89002 		strb	r0, [r4, #656]
 918:Drivers/STM32G4xx_HAL_Driver/Src/stm32g4xx_hal_pcd.c **** 
 671              		.loc 1 918 3 view .LVU212
 920:Drivers/STM32G4xx_HAL_Driver/Src/stm32g4xx_hal_pcd.c **** }
 672              		.loc 1 920 3 view .LVU213
 921:Drivers/STM32G4xx_HAL_Driver/Src/stm32g4xx_hal_pcd.c **** 
 673              		.loc 1 921 1 is_stmt 0 view .LVU214
 674 0024 10BD     		pop	{r4, pc}
 675              	.LVL68:
 676              	.L49:
 677              	.LCFI7:
 678              		.cfi_def_cfa_offset 0
 679              		.cfi_restore 4
 680              		.cfi_restore 14
 915:Drivers/STM32G4xx_HAL_Driver/Src/stm32g4xx_hal_pcd.c ****   __HAL_PCD_DISABLE(hpcd);
 681              		.loc 1 915 3 discriminator 1 view .LVU215
 682 0026 0220     		movs	r0, #2
 683              	.LVL69:
 921:Drivers/STM32G4xx_HAL_Driver/Src/stm32g4xx_hal_pcd.c **** 
 684              		.loc 1 921 1 view .LVU216
 685 0028 7047     		bx	lr
 686              		.cfi_endproc
 687              	.LFE334:
 689              		.section	.text.HAL_PCD_DataOutStageCallback,"ax",%progbits
 690              		.align	1
 691              		.weak	HAL_PCD_DataOutStageCallback
 692              		.syntax unified
 693              		.thumb
ARM GAS  /tmp/cc2qdi8m.s 			page 51


 694              		.thumb_func
 696              	HAL_PCD_DataOutStageCallback:
 697              	.LVL70:
 698              	.LFB336:
1076:Drivers/STM32G4xx_HAL_Driver/Src/stm32g4xx_hal_pcd.c ****   /* Prevent unused argument(s) compilation warning */
 699              		.loc 1 1076 1 is_stmt 1 view -0
 700              		.cfi_startproc
 701              		@ args = 0, pretend = 0, frame = 0
 702              		@ frame_needed = 0, uses_anonymous_args = 0
 703              		@ link register save eliminated.
1078:Drivers/STM32G4xx_HAL_Driver/Src/stm32g4xx_hal_pcd.c ****   UNUSED(epnum);
 704              		.loc 1 1078 3 view .LVU218
1079:Drivers/STM32G4xx_HAL_Driver/Src/stm32g4xx_hal_pcd.c **** 
 705              		.loc 1 1079 3 view .LVU219
1084:Drivers/STM32G4xx_HAL_Driver/Src/stm32g4xx_hal_pcd.c **** 
 706              		.loc 1 1084 1 is_stmt 0 view .LVU220
 707 0000 7047     		bx	lr
 708              		.cfi_endproc
 709              	.LFE336:
 711              		.section	.text.HAL_PCD_DataInStageCallback,"ax",%progbits
 712              		.align	1
 713              		.weak	HAL_PCD_DataInStageCallback
 714              		.syntax unified
 715              		.thumb
 716              		.thumb_func
 718              	HAL_PCD_DataInStageCallback:
 719              	.LVL71:
 720              	.LFB337:
1093:Drivers/STM32G4xx_HAL_Driver/Src/stm32g4xx_hal_pcd.c ****   /* Prevent unused argument(s) compilation warning */
 721              		.loc 1 1093 1 is_stmt 1 view -0
 722              		.cfi_startproc
 723              		@ args = 0, pretend = 0, frame = 0
 724              		@ frame_needed = 0, uses_anonymous_args = 0
 725              		@ link register save eliminated.
1095:Drivers/STM32G4xx_HAL_Driver/Src/stm32g4xx_hal_pcd.c ****   UNUSED(epnum);
 726              		.loc 1 1095 3 view .LVU222
1096:Drivers/STM32G4xx_HAL_Driver/Src/stm32g4xx_hal_pcd.c **** 
 727              		.loc 1 1096 3 view .LVU223
1101:Drivers/STM32G4xx_HAL_Driver/Src/stm32g4xx_hal_pcd.c **** /**
 728              		.loc 1 1101 1 is_stmt 0 view .LVU224
 729 0000 7047     		bx	lr
 730              		.cfi_endproc
 731              	.LFE337:
 733              		.section	.text.HAL_PCD_EP_DB_Transmit,"ax",%progbits
 734              		.align	1
 735              		.syntax unified
 736              		.thumb
 737              		.thumb_func
 739              	HAL_PCD_EP_DB_Transmit:
 740              	.LVL72:
 741              	.LFB364:
1998:Drivers/STM32G4xx_HAL_Driver/Src/stm32g4xx_hal_pcd.c **** 
1999:Drivers/STM32G4xx_HAL_Driver/Src/stm32g4xx_hal_pcd.c **** 
2000:Drivers/STM32G4xx_HAL_Driver/Src/stm32g4xx_hal_pcd.c **** /**
2001:Drivers/STM32G4xx_HAL_Driver/Src/stm32g4xx_hal_pcd.c ****   * @brief  Manage double buffer bulk IN transaction from ISR
2002:Drivers/STM32G4xx_HAL_Driver/Src/stm32g4xx_hal_pcd.c ****   * @param  hpcd PCD handle
2003:Drivers/STM32G4xx_HAL_Driver/Src/stm32g4xx_hal_pcd.c ****   * @param  ep current endpoint handle
ARM GAS  /tmp/cc2qdi8m.s 			page 52


2004:Drivers/STM32G4xx_HAL_Driver/Src/stm32g4xx_hal_pcd.c ****   * @param  wEPVal Last snapshot of EPRx register value taken in ISR
2005:Drivers/STM32G4xx_HAL_Driver/Src/stm32g4xx_hal_pcd.c ****   * @retval HAL status
2006:Drivers/STM32G4xx_HAL_Driver/Src/stm32g4xx_hal_pcd.c ****   */
2007:Drivers/STM32G4xx_HAL_Driver/Src/stm32g4xx_hal_pcd.c **** static HAL_StatusTypeDef HAL_PCD_EP_DB_Transmit(PCD_HandleTypeDef *hpcd,
2008:Drivers/STM32G4xx_HAL_Driver/Src/stm32g4xx_hal_pcd.c ****                                                 PCD_EPTypeDef *ep, uint16_t wEPVal)
2009:Drivers/STM32G4xx_HAL_Driver/Src/stm32g4xx_hal_pcd.c **** {
 742              		.loc 1 2009 1 is_stmt 1 view -0
 743              		.cfi_startproc
 744              		@ args = 0, pretend = 0, frame = 0
 745              		@ frame_needed = 0, uses_anonymous_args = 0
 746              		.loc 1 2009 1 is_stmt 0 view .LVU226
 747 0000 70B5     		push	{r4, r5, r6, lr}
 748              	.LCFI8:
 749              		.cfi_def_cfa_offset 16
 750              		.cfi_offset 4, -16
 751              		.cfi_offset 5, -12
 752              		.cfi_offset 6, -8
 753              		.cfi_offset 14, -4
 754 0002 0546     		mov	r5, r0
 755 0004 0C46     		mov	r4, r1
 756 0006 1646     		mov	r6, r2
2010:Drivers/STM32G4xx_HAL_Driver/Src/stm32g4xx_hal_pcd.c ****   uint32_t len;
 757              		.loc 1 2010 3 is_stmt 1 view .LVU227
2011:Drivers/STM32G4xx_HAL_Driver/Src/stm32g4xx_hal_pcd.c ****   uint16_t TxPctSize;
 758              		.loc 1 2011 3 view .LVU228
2012:Drivers/STM32G4xx_HAL_Driver/Src/stm32g4xx_hal_pcd.c **** 
2013:Drivers/STM32G4xx_HAL_Driver/Src/stm32g4xx_hal_pcd.c ****   /* Data Buffer0 ACK received */
2014:Drivers/STM32G4xx_HAL_Driver/Src/stm32g4xx_hal_pcd.c ****   if ((wEPVal & USB_EP_DTOG_TX) != 0U)
 759              		.loc 1 2014 3 view .LVU229
 760              		.loc 1 2014 6 is_stmt 0 view .LVU230
 761 0008 12F0400F 		tst	r2, #64
 762 000c 00F00681 		beq	.L57
2015:Drivers/STM32G4xx_HAL_Driver/Src/stm32g4xx_hal_pcd.c ****   {
2016:Drivers/STM32G4xx_HAL_Driver/Src/stm32g4xx_hal_pcd.c ****     /* multi-packet on the NON control IN endpoint */
2017:Drivers/STM32G4xx_HAL_Driver/Src/stm32g4xx_hal_pcd.c ****     TxPctSize = (uint16_t)PCD_GET_EP_DBUF0_CNT(hpcd->Instance, ep->num);
 763              		.loc 1 2017 5 is_stmt 1 view .LVU231
 764              		.loc 1 2017 27 is_stmt 0 view .LVU232
 765 0010 0268     		ldr	r2, [r0]
 766              	.LVL73:
 767              		.loc 1 2017 27 view .LVU233
 768 0012 B2F85030 		ldrh	r3, [r2, #80]
 769 0016 0978     		ldrb	r1, [r1]	@ zero_extendqisi2
 770              	.LVL74:
 771              		.loc 1 2017 27 view .LVU234
 772 0018 C800     		lsls	r0, r1, #3
 773              	.LVL75:
 774              		.loc 1 2017 27 view .LVU235
 775 001a 03EBC103 		add	r3, r3, r1, lsl #3
 776 001e 1344     		add	r3, r3, r2
 777 0020 B3F80224 		ldrh	r2, [r3, #1026]
 778              		.loc 1 2017 15 view .LVU236
 779 0024 C2F30902 		ubfx	r2, r2, #0, #10
 780              	.LVL76:
2018:Drivers/STM32G4xx_HAL_Driver/Src/stm32g4xx_hal_pcd.c **** 
2019:Drivers/STM32G4xx_HAL_Driver/Src/stm32g4xx_hal_pcd.c ****     if (ep->xfer_len > TxPctSize)
 781              		.loc 1 2019 5 is_stmt 1 view .LVU237
 782              		.loc 1 2019 11 is_stmt 0 view .LVU238
ARM GAS  /tmp/cc2qdi8m.s 			page 53


 783 0028 A369     		ldr	r3, [r4, #24]
 784              		.loc 1 2019 8 view .LVU239
 785 002a 9342     		cmp	r3, r2
 786 002c 29D9     		bls	.L58
2020:Drivers/STM32G4xx_HAL_Driver/Src/stm32g4xx_hal_pcd.c ****     {
2021:Drivers/STM32G4xx_HAL_Driver/Src/stm32g4xx_hal_pcd.c ****       ep->xfer_len -= TxPctSize;
 787              		.loc 1 2021 7 is_stmt 1 view .LVU240
 788              		.loc 1 2021 20 is_stmt 0 view .LVU241
 789 002e 9B1A     		subs	r3, r3, r2
 790 0030 A361     		str	r3, [r4, #24]
 791              	.L59:
2022:Drivers/STM32G4xx_HAL_Driver/Src/stm32g4xx_hal_pcd.c ****     }
2023:Drivers/STM32G4xx_HAL_Driver/Src/stm32g4xx_hal_pcd.c ****     else
2024:Drivers/STM32G4xx_HAL_Driver/Src/stm32g4xx_hal_pcd.c ****     {
2025:Drivers/STM32G4xx_HAL_Driver/Src/stm32g4xx_hal_pcd.c ****       ep->xfer_len = 0U;
2026:Drivers/STM32G4xx_HAL_Driver/Src/stm32g4xx_hal_pcd.c ****     }
2027:Drivers/STM32G4xx_HAL_Driver/Src/stm32g4xx_hal_pcd.c **** 
2028:Drivers/STM32G4xx_HAL_Driver/Src/stm32g4xx_hal_pcd.c ****     /* Transfer is completed */
2029:Drivers/STM32G4xx_HAL_Driver/Src/stm32g4xx_hal_pcd.c ****     if (ep->xfer_len == 0U)
 792              		.loc 1 2029 5 is_stmt 1 view .LVU242
 793              		.loc 1 2029 11 is_stmt 0 view .LVU243
 794 0032 A369     		ldr	r3, [r4, #24]
 795              		.loc 1 2029 8 view .LVU244
 796 0034 43B3     		cbz	r3, .L97
2030:Drivers/STM32G4xx_HAL_Driver/Src/stm32g4xx_hal_pcd.c ****     {
2031:Drivers/STM32G4xx_HAL_Driver/Src/stm32g4xx_hal_pcd.c ****       PCD_SET_EP_DBUF0_CNT(hpcd->Instance, ep->num, ep->is_in, 0U);
2032:Drivers/STM32G4xx_HAL_Driver/Src/stm32g4xx_hal_pcd.c ****       PCD_SET_EP_DBUF1_CNT(hpcd->Instance, ep->num, ep->is_in, 0U);
2033:Drivers/STM32G4xx_HAL_Driver/Src/stm32g4xx_hal_pcd.c **** 
2034:Drivers/STM32G4xx_HAL_Driver/Src/stm32g4xx_hal_pcd.c ****       if (ep->type == EP_TYPE_BULK)
2035:Drivers/STM32G4xx_HAL_Driver/Src/stm32g4xx_hal_pcd.c ****       {
2036:Drivers/STM32G4xx_HAL_Driver/Src/stm32g4xx_hal_pcd.c ****         /* Set Bulk endpoint in NAK state */
2037:Drivers/STM32G4xx_HAL_Driver/Src/stm32g4xx_hal_pcd.c ****         PCD_SET_EP_TX_STATUS(hpcd->Instance, ep->num, USB_EP_TX_NAK);
2038:Drivers/STM32G4xx_HAL_Driver/Src/stm32g4xx_hal_pcd.c ****       }
2039:Drivers/STM32G4xx_HAL_Driver/Src/stm32g4xx_hal_pcd.c **** 
2040:Drivers/STM32G4xx_HAL_Driver/Src/stm32g4xx_hal_pcd.c ****       /* TX COMPLETE */
2041:Drivers/STM32G4xx_HAL_Driver/Src/stm32g4xx_hal_pcd.c **** #if (USE_HAL_PCD_REGISTER_CALLBACKS == 1U)
2042:Drivers/STM32G4xx_HAL_Driver/Src/stm32g4xx_hal_pcd.c ****       hpcd->DataInStageCallback(hpcd, ep->num);
2043:Drivers/STM32G4xx_HAL_Driver/Src/stm32g4xx_hal_pcd.c **** #else
2044:Drivers/STM32G4xx_HAL_Driver/Src/stm32g4xx_hal_pcd.c ****       HAL_PCD_DataInStageCallback(hpcd, ep->num);
2045:Drivers/STM32G4xx_HAL_Driver/Src/stm32g4xx_hal_pcd.c **** #endif /* USE_HAL_PCD_REGISTER_CALLBACKS */
2046:Drivers/STM32G4xx_HAL_Driver/Src/stm32g4xx_hal_pcd.c **** 
2047:Drivers/STM32G4xx_HAL_Driver/Src/stm32g4xx_hal_pcd.c ****       if ((wEPVal & USB_EP_DTOG_RX) != 0U)
2048:Drivers/STM32G4xx_HAL_Driver/Src/stm32g4xx_hal_pcd.c ****       {
2049:Drivers/STM32G4xx_HAL_Driver/Src/stm32g4xx_hal_pcd.c ****         PCD_FREE_USER_BUFFER(hpcd->Instance, ep->num, 1U);
2050:Drivers/STM32G4xx_HAL_Driver/Src/stm32g4xx_hal_pcd.c ****       }
2051:Drivers/STM32G4xx_HAL_Driver/Src/stm32g4xx_hal_pcd.c **** 
2052:Drivers/STM32G4xx_HAL_Driver/Src/stm32g4xx_hal_pcd.c ****       return HAL_OK;
2053:Drivers/STM32G4xx_HAL_Driver/Src/stm32g4xx_hal_pcd.c ****     }
2054:Drivers/STM32G4xx_HAL_Driver/Src/stm32g4xx_hal_pcd.c ****     else /* Transfer is not yet Done */
2055:Drivers/STM32G4xx_HAL_Driver/Src/stm32g4xx_hal_pcd.c ****     {
2056:Drivers/STM32G4xx_HAL_Driver/Src/stm32g4xx_hal_pcd.c ****       /* Need to Free USB Buffer */
2057:Drivers/STM32G4xx_HAL_Driver/Src/stm32g4xx_hal_pcd.c ****       if ((wEPVal & USB_EP_DTOG_RX) != 0U)
 797              		.loc 1 2057 7 is_stmt 1 view .LVU245
 798              		.loc 1 2057 10 is_stmt 0 view .LVU246
 799 0036 16F4804F 		tst	r6, #16384
 800 003a 0CD0     		beq	.L67
2058:Drivers/STM32G4xx_HAL_Driver/Src/stm32g4xx_hal_pcd.c ****       {
ARM GAS  /tmp/cc2qdi8m.s 			page 54


2059:Drivers/STM32G4xx_HAL_Driver/Src/stm32g4xx_hal_pcd.c ****         PCD_FREE_USER_BUFFER(hpcd->Instance, ep->num, 1U);
 801              		.loc 1 2059 9 is_stmt 1 view .LVU247
 802              		.loc 1 2059 9 view .LVU248
 803              		.loc 1 2059 9 discriminator 2 view .LVU249
 804              		.loc 1 2059 9 discriminator 3 view .LVU250
 805              	.LBB6:
 806              		.loc 1 2059 9 discriminator 3 view .LVU251
 807              		.loc 1 2059 9 discriminator 3 view .LVU252
 808 003c 2868     		ldr	r0, [r5]
 809 003e 30F82130 		ldrh	r3, [r0, r1, lsl #2]
 810 0042 23F4E043 		bic	r3, r3, #28672
 811 0046 23F07003 		bic	r3, r3, #112
 812              	.LVL77:
 813              		.loc 1 2059 9 discriminator 3 view .LVU253
 814 004a 43F44043 		orr	r3, r3, #49152
 815              	.LVL78:
 816              		.loc 1 2059 9 is_stmt 0 discriminator 3 view .LVU254
 817 004e 43F08003 		orr	r3, r3, #128
 818 0052 20F82130 		strh	r3, [r0, r1, lsl #2]	@ movhi
 819              	.LVL79:
 820              	.L67:
 821              		.loc 1 2059 9 discriminator 3 view .LVU255
 822              	.LBE6:
 823              		.loc 1 2059 9 is_stmt 1 discriminator 4 view .LVU256
 824              		.loc 1 2059 9 discriminator 4 view .LVU257
2060:Drivers/STM32G4xx_HAL_Driver/Src/stm32g4xx_hal_pcd.c ****       }
2061:Drivers/STM32G4xx_HAL_Driver/Src/stm32g4xx_hal_pcd.c **** 
2062:Drivers/STM32G4xx_HAL_Driver/Src/stm32g4xx_hal_pcd.c ****       /* Still there is data to Fill in the next Buffer */
2063:Drivers/STM32G4xx_HAL_Driver/Src/stm32g4xx_hal_pcd.c ****       if (ep->xfer_fill_db == 1U)
 825              		.loc 1 2063 7 view .LVU258
 826              		.loc 1 2063 13 is_stmt 0 view .LVU259
 827 0056 94F82430 		ldrb	r3, [r4, #36]	@ zero_extendqisi2
 828              		.loc 1 2063 10 view .LVU260
 829 005a 012B     		cmp	r3, #1
 830 005c 7ED0     		beq	.L98
 831              	.LVL80:
 832              	.L68:
2064:Drivers/STM32G4xx_HAL_Driver/Src/stm32g4xx_hal_pcd.c ****       {
2065:Drivers/STM32G4xx_HAL_Driver/Src/stm32g4xx_hal_pcd.c ****         ep->xfer_buff += TxPctSize;
2066:Drivers/STM32G4xx_HAL_Driver/Src/stm32g4xx_hal_pcd.c ****         ep->xfer_count += TxPctSize;
2067:Drivers/STM32G4xx_HAL_Driver/Src/stm32g4xx_hal_pcd.c **** 
2068:Drivers/STM32G4xx_HAL_Driver/Src/stm32g4xx_hal_pcd.c ****         /* Calculate the len of the new buffer to fill */
2069:Drivers/STM32G4xx_HAL_Driver/Src/stm32g4xx_hal_pcd.c ****         if (ep->xfer_len_db >= ep->maxpacket)
2070:Drivers/STM32G4xx_HAL_Driver/Src/stm32g4xx_hal_pcd.c ****         {
2071:Drivers/STM32G4xx_HAL_Driver/Src/stm32g4xx_hal_pcd.c ****           len = ep->maxpacket;
2072:Drivers/STM32G4xx_HAL_Driver/Src/stm32g4xx_hal_pcd.c ****           ep->xfer_len_db -= len;
2073:Drivers/STM32G4xx_HAL_Driver/Src/stm32g4xx_hal_pcd.c ****         }
2074:Drivers/STM32G4xx_HAL_Driver/Src/stm32g4xx_hal_pcd.c ****         else if (ep->xfer_len_db == 0U)
2075:Drivers/STM32G4xx_HAL_Driver/Src/stm32g4xx_hal_pcd.c ****         {
2076:Drivers/STM32G4xx_HAL_Driver/Src/stm32g4xx_hal_pcd.c ****           len = TxPctSize;
2077:Drivers/STM32G4xx_HAL_Driver/Src/stm32g4xx_hal_pcd.c ****           ep->xfer_fill_db = 0U;
2078:Drivers/STM32G4xx_HAL_Driver/Src/stm32g4xx_hal_pcd.c ****         }
2079:Drivers/STM32G4xx_HAL_Driver/Src/stm32g4xx_hal_pcd.c ****         else
2080:Drivers/STM32G4xx_HAL_Driver/Src/stm32g4xx_hal_pcd.c ****         {
2081:Drivers/STM32G4xx_HAL_Driver/Src/stm32g4xx_hal_pcd.c ****           ep->xfer_fill_db = 0U;
2082:Drivers/STM32G4xx_HAL_Driver/Src/stm32g4xx_hal_pcd.c ****           len = ep->xfer_len_db;
2083:Drivers/STM32G4xx_HAL_Driver/Src/stm32g4xx_hal_pcd.c ****           ep->xfer_len_db = 0U;
ARM GAS  /tmp/cc2qdi8m.s 			page 55


2084:Drivers/STM32G4xx_HAL_Driver/Src/stm32g4xx_hal_pcd.c ****         }
2085:Drivers/STM32G4xx_HAL_Driver/Src/stm32g4xx_hal_pcd.c **** 
2086:Drivers/STM32G4xx_HAL_Driver/Src/stm32g4xx_hal_pcd.c ****         /* Write remaining Data to Buffer */
2087:Drivers/STM32G4xx_HAL_Driver/Src/stm32g4xx_hal_pcd.c ****         /* Set the Double buffer counter for pma buffer0 */
2088:Drivers/STM32G4xx_HAL_Driver/Src/stm32g4xx_hal_pcd.c ****         PCD_SET_EP_DBUF0_CNT(hpcd->Instance, ep->num, ep->is_in, len);
2089:Drivers/STM32G4xx_HAL_Driver/Src/stm32g4xx_hal_pcd.c **** 
2090:Drivers/STM32G4xx_HAL_Driver/Src/stm32g4xx_hal_pcd.c ****         /* Copy user buffer to USB PMA */
2091:Drivers/STM32G4xx_HAL_Driver/Src/stm32g4xx_hal_pcd.c ****         USB_WritePMA(hpcd->Instance, ep->xfer_buff,  ep->pmaaddr0, (uint16_t)len);
2092:Drivers/STM32G4xx_HAL_Driver/Src/stm32g4xx_hal_pcd.c ****       }
2093:Drivers/STM32G4xx_HAL_Driver/Src/stm32g4xx_hal_pcd.c ****     }
2094:Drivers/STM32G4xx_HAL_Driver/Src/stm32g4xx_hal_pcd.c ****   }
2095:Drivers/STM32G4xx_HAL_Driver/Src/stm32g4xx_hal_pcd.c ****   else /* Data Buffer1 ACK received */
2096:Drivers/STM32G4xx_HAL_Driver/Src/stm32g4xx_hal_pcd.c ****   {
2097:Drivers/STM32G4xx_HAL_Driver/Src/stm32g4xx_hal_pcd.c ****     /* multi-packet on the NON control IN endpoint */
2098:Drivers/STM32G4xx_HAL_Driver/Src/stm32g4xx_hal_pcd.c ****     TxPctSize = (uint16_t)PCD_GET_EP_DBUF1_CNT(hpcd->Instance, ep->num);
2099:Drivers/STM32G4xx_HAL_Driver/Src/stm32g4xx_hal_pcd.c **** 
2100:Drivers/STM32G4xx_HAL_Driver/Src/stm32g4xx_hal_pcd.c ****     if (ep->xfer_len >= TxPctSize)
2101:Drivers/STM32G4xx_HAL_Driver/Src/stm32g4xx_hal_pcd.c ****     {
2102:Drivers/STM32G4xx_HAL_Driver/Src/stm32g4xx_hal_pcd.c ****       ep->xfer_len -= TxPctSize;
2103:Drivers/STM32G4xx_HAL_Driver/Src/stm32g4xx_hal_pcd.c ****     }
2104:Drivers/STM32G4xx_HAL_Driver/Src/stm32g4xx_hal_pcd.c ****     else
2105:Drivers/STM32G4xx_HAL_Driver/Src/stm32g4xx_hal_pcd.c ****     {
2106:Drivers/STM32G4xx_HAL_Driver/Src/stm32g4xx_hal_pcd.c ****       ep->xfer_len = 0U;
2107:Drivers/STM32G4xx_HAL_Driver/Src/stm32g4xx_hal_pcd.c ****     }
2108:Drivers/STM32G4xx_HAL_Driver/Src/stm32g4xx_hal_pcd.c **** 
2109:Drivers/STM32G4xx_HAL_Driver/Src/stm32g4xx_hal_pcd.c ****     /* Transfer is completed */
2110:Drivers/STM32G4xx_HAL_Driver/Src/stm32g4xx_hal_pcd.c ****     if (ep->xfer_len == 0U)
2111:Drivers/STM32G4xx_HAL_Driver/Src/stm32g4xx_hal_pcd.c ****     {
2112:Drivers/STM32G4xx_HAL_Driver/Src/stm32g4xx_hal_pcd.c ****       PCD_SET_EP_DBUF0_CNT(hpcd->Instance, ep->num, ep->is_in, 0U);
2113:Drivers/STM32G4xx_HAL_Driver/Src/stm32g4xx_hal_pcd.c ****       PCD_SET_EP_DBUF1_CNT(hpcd->Instance, ep->num, ep->is_in, 0U);
2114:Drivers/STM32G4xx_HAL_Driver/Src/stm32g4xx_hal_pcd.c **** 
2115:Drivers/STM32G4xx_HAL_Driver/Src/stm32g4xx_hal_pcd.c ****       if (ep->type == EP_TYPE_BULK)
2116:Drivers/STM32G4xx_HAL_Driver/Src/stm32g4xx_hal_pcd.c ****       {
2117:Drivers/STM32G4xx_HAL_Driver/Src/stm32g4xx_hal_pcd.c ****         /* Set Bulk endpoint in NAK state */
2118:Drivers/STM32G4xx_HAL_Driver/Src/stm32g4xx_hal_pcd.c ****         PCD_SET_EP_TX_STATUS(hpcd->Instance, ep->num, USB_EP_TX_NAK);
2119:Drivers/STM32G4xx_HAL_Driver/Src/stm32g4xx_hal_pcd.c ****       }
2120:Drivers/STM32G4xx_HAL_Driver/Src/stm32g4xx_hal_pcd.c **** 
2121:Drivers/STM32G4xx_HAL_Driver/Src/stm32g4xx_hal_pcd.c ****       /* TX COMPLETE */
2122:Drivers/STM32G4xx_HAL_Driver/Src/stm32g4xx_hal_pcd.c **** #if (USE_HAL_PCD_REGISTER_CALLBACKS == 1U)
2123:Drivers/STM32G4xx_HAL_Driver/Src/stm32g4xx_hal_pcd.c ****       hpcd->DataInStageCallback(hpcd, ep->num);
2124:Drivers/STM32G4xx_HAL_Driver/Src/stm32g4xx_hal_pcd.c **** #else
2125:Drivers/STM32G4xx_HAL_Driver/Src/stm32g4xx_hal_pcd.c ****       HAL_PCD_DataInStageCallback(hpcd, ep->num);
2126:Drivers/STM32G4xx_HAL_Driver/Src/stm32g4xx_hal_pcd.c **** #endif /* USE_HAL_PCD_REGISTER_CALLBACKS */
2127:Drivers/STM32G4xx_HAL_Driver/Src/stm32g4xx_hal_pcd.c **** 
2128:Drivers/STM32G4xx_HAL_Driver/Src/stm32g4xx_hal_pcd.c ****       /* need to Free USB Buff */
2129:Drivers/STM32G4xx_HAL_Driver/Src/stm32g4xx_hal_pcd.c ****       if ((wEPVal & USB_EP_DTOG_RX) == 0U)
2130:Drivers/STM32G4xx_HAL_Driver/Src/stm32g4xx_hal_pcd.c ****       {
2131:Drivers/STM32G4xx_HAL_Driver/Src/stm32g4xx_hal_pcd.c ****         PCD_FREE_USER_BUFFER(hpcd->Instance, ep->num, 1U);
2132:Drivers/STM32G4xx_HAL_Driver/Src/stm32g4xx_hal_pcd.c ****       }
2133:Drivers/STM32G4xx_HAL_Driver/Src/stm32g4xx_hal_pcd.c **** 
2134:Drivers/STM32G4xx_HAL_Driver/Src/stm32g4xx_hal_pcd.c ****       return HAL_OK;
2135:Drivers/STM32G4xx_HAL_Driver/Src/stm32g4xx_hal_pcd.c ****     }
2136:Drivers/STM32G4xx_HAL_Driver/Src/stm32g4xx_hal_pcd.c ****     else /* Transfer is not yet Done */
2137:Drivers/STM32G4xx_HAL_Driver/Src/stm32g4xx_hal_pcd.c ****     {
2138:Drivers/STM32G4xx_HAL_Driver/Src/stm32g4xx_hal_pcd.c ****       /* Need to Free USB Buffer */
2139:Drivers/STM32G4xx_HAL_Driver/Src/stm32g4xx_hal_pcd.c ****       if ((wEPVal & USB_EP_DTOG_RX) == 0U)
2140:Drivers/STM32G4xx_HAL_Driver/Src/stm32g4xx_hal_pcd.c ****       {
ARM GAS  /tmp/cc2qdi8m.s 			page 56


2141:Drivers/STM32G4xx_HAL_Driver/Src/stm32g4xx_hal_pcd.c ****         PCD_FREE_USER_BUFFER(hpcd->Instance, ep->num, 1U);
2142:Drivers/STM32G4xx_HAL_Driver/Src/stm32g4xx_hal_pcd.c ****       }
2143:Drivers/STM32G4xx_HAL_Driver/Src/stm32g4xx_hal_pcd.c **** 
2144:Drivers/STM32G4xx_HAL_Driver/Src/stm32g4xx_hal_pcd.c ****       /* Still there is data to Fill in the next Buffer */
2145:Drivers/STM32G4xx_HAL_Driver/Src/stm32g4xx_hal_pcd.c ****       if (ep->xfer_fill_db == 1U)
2146:Drivers/STM32G4xx_HAL_Driver/Src/stm32g4xx_hal_pcd.c ****       {
2147:Drivers/STM32G4xx_HAL_Driver/Src/stm32g4xx_hal_pcd.c ****         ep->xfer_buff += TxPctSize;
2148:Drivers/STM32G4xx_HAL_Driver/Src/stm32g4xx_hal_pcd.c ****         ep->xfer_count += TxPctSize;
2149:Drivers/STM32G4xx_HAL_Driver/Src/stm32g4xx_hal_pcd.c **** 
2150:Drivers/STM32G4xx_HAL_Driver/Src/stm32g4xx_hal_pcd.c ****         /* Calculate the len of the new buffer to fill */
2151:Drivers/STM32G4xx_HAL_Driver/Src/stm32g4xx_hal_pcd.c ****         if (ep->xfer_len_db >= ep->maxpacket)
2152:Drivers/STM32G4xx_HAL_Driver/Src/stm32g4xx_hal_pcd.c ****         {
2153:Drivers/STM32G4xx_HAL_Driver/Src/stm32g4xx_hal_pcd.c ****           len = ep->maxpacket;
2154:Drivers/STM32G4xx_HAL_Driver/Src/stm32g4xx_hal_pcd.c ****           ep->xfer_len_db -= len;
2155:Drivers/STM32G4xx_HAL_Driver/Src/stm32g4xx_hal_pcd.c ****         }
2156:Drivers/STM32G4xx_HAL_Driver/Src/stm32g4xx_hal_pcd.c ****         else if (ep->xfer_len_db == 0U)
2157:Drivers/STM32G4xx_HAL_Driver/Src/stm32g4xx_hal_pcd.c ****         {
2158:Drivers/STM32G4xx_HAL_Driver/Src/stm32g4xx_hal_pcd.c ****           len = TxPctSize;
2159:Drivers/STM32G4xx_HAL_Driver/Src/stm32g4xx_hal_pcd.c ****           ep->xfer_fill_db = 0U;
2160:Drivers/STM32G4xx_HAL_Driver/Src/stm32g4xx_hal_pcd.c ****         }
2161:Drivers/STM32G4xx_HAL_Driver/Src/stm32g4xx_hal_pcd.c ****         else
2162:Drivers/STM32G4xx_HAL_Driver/Src/stm32g4xx_hal_pcd.c ****         {
2163:Drivers/STM32G4xx_HAL_Driver/Src/stm32g4xx_hal_pcd.c ****           len = ep->xfer_len_db;
2164:Drivers/STM32G4xx_HAL_Driver/Src/stm32g4xx_hal_pcd.c ****           ep->xfer_len_db = 0U;
2165:Drivers/STM32G4xx_HAL_Driver/Src/stm32g4xx_hal_pcd.c ****           ep->xfer_fill_db = 0;
2166:Drivers/STM32G4xx_HAL_Driver/Src/stm32g4xx_hal_pcd.c ****         }
2167:Drivers/STM32G4xx_HAL_Driver/Src/stm32g4xx_hal_pcd.c **** 
2168:Drivers/STM32G4xx_HAL_Driver/Src/stm32g4xx_hal_pcd.c ****         /* Set the Double buffer counter for pma buffer1 */
2169:Drivers/STM32G4xx_HAL_Driver/Src/stm32g4xx_hal_pcd.c ****         PCD_SET_EP_DBUF1_CNT(hpcd->Instance, ep->num, ep->is_in, len);
2170:Drivers/STM32G4xx_HAL_Driver/Src/stm32g4xx_hal_pcd.c **** 
2171:Drivers/STM32G4xx_HAL_Driver/Src/stm32g4xx_hal_pcd.c ****         /* Copy the user buffer to USB PMA */
2172:Drivers/STM32G4xx_HAL_Driver/Src/stm32g4xx_hal_pcd.c ****         USB_WritePMA(hpcd->Instance, ep->xfer_buff,  ep->pmaaddr1, (uint16_t)len);
2173:Drivers/STM32G4xx_HAL_Driver/Src/stm32g4xx_hal_pcd.c ****       }
2174:Drivers/STM32G4xx_HAL_Driver/Src/stm32g4xx_hal_pcd.c ****     }
2175:Drivers/STM32G4xx_HAL_Driver/Src/stm32g4xx_hal_pcd.c ****   }
2176:Drivers/STM32G4xx_HAL_Driver/Src/stm32g4xx_hal_pcd.c **** 
2177:Drivers/STM32G4xx_HAL_Driver/Src/stm32g4xx_hal_pcd.c ****   /* Enable endpoint IN */
2178:Drivers/STM32G4xx_HAL_Driver/Src/stm32g4xx_hal_pcd.c ****   PCD_SET_EP_TX_STATUS(hpcd->Instance, ep->num, USB_EP_TX_VALID);
 833              		.loc 1 2178 3 is_stmt 1 view .LVU261
 834              	.LBB7:
 835              		.loc 1 2178 3 view .LVU262
 836              		.loc 1 2178 3 view .LVU263
 837 005e 2A68     		ldr	r2, [r5]
 838 0060 2178     		ldrb	r1, [r4]	@ zero_extendqisi2
 839 0062 32F82130 		ldrh	r3, [r2, r1, lsl #2]
 840 0066 23F4E043 		bic	r3, r3, #28672
 841 006a 23F04003 		bic	r3, r3, #64
 842              		.loc 1 2178 3 view .LVU264
 843              		.loc 1 2178 3 discriminator 1 view .LVU265
 844              	.LVL81:
 845              		.loc 1 2178 3 discriminator 2 view .LVU266
 846              		.loc 1 2178 3 discriminator 3 view .LVU267
 847 006e 83F03003 		eor	r3, r3, #48
 848              	.LVL82:
 849              		.loc 1 2178 3 discriminator 4 view .LVU268
 850 0072 43F40043 		orr	r3, r3, #32768
 851              	.LVL83:
ARM GAS  /tmp/cc2qdi8m.s 			page 57


 852              		.loc 1 2178 3 is_stmt 0 discriminator 4 view .LVU269
 853 0076 43F08003 		orr	r3, r3, #128
 854 007a 22F82130 		strh	r3, [r2, r1, lsl #2]	@ movhi
 855              	.LBE7:
 856              		.loc 1 2178 3 is_stmt 1 discriminator 4 view .LVU270
2179:Drivers/STM32G4xx_HAL_Driver/Src/stm32g4xx_hal_pcd.c **** 
2180:Drivers/STM32G4xx_HAL_Driver/Src/stm32g4xx_hal_pcd.c ****   return HAL_OK;
 857              		.loc 1 2180 3 view .LVU271
 858              	.LVL84:
 859              	.L66:
2181:Drivers/STM32G4xx_HAL_Driver/Src/stm32g4xx_hal_pcd.c **** }
 860              		.loc 1 2181 1 is_stmt 0 view .LVU272
 861 007e 0020     		movs	r0, #0
 862 0080 70BD     		pop	{r4, r5, r6, pc}
 863              	.LVL85:
 864              	.L58:
2025:Drivers/STM32G4xx_HAL_Driver/Src/stm32g4xx_hal_pcd.c ****     }
 865              		.loc 1 2025 7 is_stmt 1 view .LVU273
2025:Drivers/STM32G4xx_HAL_Driver/Src/stm32g4xx_hal_pcd.c ****     }
 866              		.loc 1 2025 20 is_stmt 0 view .LVU274
 867 0082 0023     		movs	r3, #0
 868 0084 A361     		str	r3, [r4, #24]
 869 0086 D4E7     		b	.L59
 870              	.L97:
2031:Drivers/STM32G4xx_HAL_Driver/Src/stm32g4xx_hal_pcd.c ****       PCD_SET_EP_DBUF1_CNT(hpcd->Instance, ep->num, ep->is_in, 0U);
 871              		.loc 1 2031 7 is_stmt 1 view .LVU275
2031:Drivers/STM32G4xx_HAL_Driver/Src/stm32g4xx_hal_pcd.c ****       PCD_SET_EP_DBUF1_CNT(hpcd->Instance, ep->num, ep->is_in, 0U);
 872              		.loc 1 2031 7 view .LVU276
 873 0088 6378     		ldrb	r3, [r4, #1]	@ zero_extendqisi2
 874 008a 002B     		cmp	r3, #0
 875 008c 3ED1     		bne	.L61
2031:Drivers/STM32G4xx_HAL_Driver/Src/stm32g4xx_hal_pcd.c ****       PCD_SET_EP_DBUF1_CNT(hpcd->Instance, ep->num, ep->is_in, 0U);
 876              		.loc 1 2031 7 discriminator 1 view .LVU277
 877              	.LBB8:
2031:Drivers/STM32G4xx_HAL_Driver/Src/stm32g4xx_hal_pcd.c ****       PCD_SET_EP_DBUF1_CNT(hpcd->Instance, ep->num, ep->is_in, 0U);
 878              		.loc 1 2031 7 discriminator 1 view .LVU278
 879 008e 2B68     		ldr	r3, [r5]
 880              	.LVL86:
2031:Drivers/STM32G4xx_HAL_Driver/Src/stm32g4xx_hal_pcd.c ****       PCD_SET_EP_DBUF1_CNT(hpcd->Instance, ep->num, ep->is_in, 0U);
 881              		.loc 1 2031 7 discriminator 1 view .LVU279
2031:Drivers/STM32G4xx_HAL_Driver/Src/stm32g4xx_hal_pcd.c ****       PCD_SET_EP_DBUF1_CNT(hpcd->Instance, ep->num, ep->is_in, 0U);
 882              		.loc 1 2031 7 discriminator 1 view .LVU280
 883 0090 B3F85020 		ldrh	r2, [r3, #80]
 884              	.LVL87:
2031:Drivers/STM32G4xx_HAL_Driver/Src/stm32g4xx_hal_pcd.c ****       PCD_SET_EP_DBUF1_CNT(hpcd->Instance, ep->num, ep->is_in, 0U);
 885              		.loc 1 2031 7 is_stmt 0 discriminator 1 view .LVU281
 886 0094 1344     		add	r3, r3, r2
 887              	.LVL88:
2031:Drivers/STM32G4xx_HAL_Driver/Src/stm32g4xx_hal_pcd.c ****       PCD_SET_EP_DBUF1_CNT(hpcd->Instance, ep->num, ep->is_in, 0U);
 888              		.loc 1 2031 7 is_stmt 1 discriminator 1 view .LVU282
 889 0096 0344     		add	r3, r3, r0
 890              	.LVL89:
2031:Drivers/STM32G4xx_HAL_Driver/Src/stm32g4xx_hal_pcd.c ****       PCD_SET_EP_DBUF1_CNT(hpcd->Instance, ep->num, ep->is_in, 0U);
 891              		.loc 1 2031 7 discriminator 1 view .LVU283
 892              	.LBB9:
2031:Drivers/STM32G4xx_HAL_Driver/Src/stm32g4xx_hal_pcd.c ****       PCD_SET_EP_DBUF1_CNT(hpcd->Instance, ep->num, ep->is_in, 0U);
 893              		.loc 1 2031 7 discriminator 1 view .LVU284
ARM GAS  /tmp/cc2qdi8m.s 			page 58


2031:Drivers/STM32G4xx_HAL_Driver/Src/stm32g4xx_hal_pcd.c ****       PCD_SET_EP_DBUF1_CNT(hpcd->Instance, ep->num, ep->is_in, 0U);
 894              		.loc 1 2031 7 discriminator 1 view .LVU285
 895 0098 B3F80224 		ldrh	r2, [r3, #1026]
 896              	.LVL90:
2031:Drivers/STM32G4xx_HAL_Driver/Src/stm32g4xx_hal_pcd.c ****       PCD_SET_EP_DBUF1_CNT(hpcd->Instance, ep->num, ep->is_in, 0U);
 897              		.loc 1 2031 7 is_stmt 0 discriminator 1 view .LVU286
 898 009c C2F30902 		ubfx	r2, r2, #0, #10
 899 00a0 A3F80224 		strh	r2, [r3, #1026]	@ movhi
2031:Drivers/STM32G4xx_HAL_Driver/Src/stm32g4xx_hal_pcd.c ****       PCD_SET_EP_DBUF1_CNT(hpcd->Instance, ep->num, ep->is_in, 0U);
 900              		.loc 1 2031 7 is_stmt 1 discriminator 1 view .LVU287
2031:Drivers/STM32G4xx_HAL_Driver/Src/stm32g4xx_hal_pcd.c ****       PCD_SET_EP_DBUF1_CNT(hpcd->Instance, ep->num, ep->is_in, 0U);
 901              		.loc 1 2031 7 discriminator 2 view .LVU288
 902 00a4 B3F80224 		ldrh	r2, [r3, #1026]
 903 00a8 42F40042 		orr	r2, r2, #32768
 904 00ac A3F80224 		strh	r2, [r3, #1026]	@ movhi
2031:Drivers/STM32G4xx_HAL_Driver/Src/stm32g4xx_hal_pcd.c ****       PCD_SET_EP_DBUF1_CNT(hpcd->Instance, ep->num, ep->is_in, 0U);
 905              		.loc 1 2031 7 discriminator 10 view .LVU289
 906              	.LBE9:
2031:Drivers/STM32G4xx_HAL_Driver/Src/stm32g4xx_hal_pcd.c ****       PCD_SET_EP_DBUF1_CNT(hpcd->Instance, ep->num, ep->is_in, 0U);
 907              		.loc 1 2031 7 discriminator 10 view .LVU290
 908              	.LBE8:
2031:Drivers/STM32G4xx_HAL_Driver/Src/stm32g4xx_hal_pcd.c ****       PCD_SET_EP_DBUF1_CNT(hpcd->Instance, ep->num, ep->is_in, 0U);
 909              		.loc 1 2031 7 discriminator 10 view .LVU291
 910              	.LVL91:
 911              	.L62:
2031:Drivers/STM32G4xx_HAL_Driver/Src/stm32g4xx_hal_pcd.c ****       PCD_SET_EP_DBUF1_CNT(hpcd->Instance, ep->num, ep->is_in, 0U);
 912              		.loc 1 2031 7 discriminator 13 view .LVU292
2031:Drivers/STM32G4xx_HAL_Driver/Src/stm32g4xx_hal_pcd.c ****       PCD_SET_EP_DBUF1_CNT(hpcd->Instance, ep->num, ep->is_in, 0U);
 913              		.loc 1 2031 7 discriminator 13 view .LVU293
2032:Drivers/STM32G4xx_HAL_Driver/Src/stm32g4xx_hal_pcd.c **** 
 914              		.loc 1 2032 7 view .LVU294
 915              	.LBB10:
2032:Drivers/STM32G4xx_HAL_Driver/Src/stm32g4xx_hal_pcd.c **** 
 916              		.loc 1 2032 7 view .LVU295
 917 00b0 2B68     		ldr	r3, [r5]
 918              	.LVL92:
2032:Drivers/STM32G4xx_HAL_Driver/Src/stm32g4xx_hal_pcd.c **** 
 919              		.loc 1 2032 7 view .LVU296
2032:Drivers/STM32G4xx_HAL_Driver/Src/stm32g4xx_hal_pcd.c **** 
 920              		.loc 1 2032 7 view .LVU297
 921 00b2 6278     		ldrb	r2, [r4, #1]	@ zero_extendqisi2
 922 00b4 AABB     		cbnz	r2, .L63
2032:Drivers/STM32G4xx_HAL_Driver/Src/stm32g4xx_hal_pcd.c **** 
 923              		.loc 1 2032 7 discriminator 1 view .LVU298
 924              	.LBB11:
2032:Drivers/STM32G4xx_HAL_Driver/Src/stm32g4xx_hal_pcd.c **** 
 925              		.loc 1 2032 7 discriminator 1 view .LVU299
 926              	.LVL93:
2032:Drivers/STM32G4xx_HAL_Driver/Src/stm32g4xx_hal_pcd.c **** 
 927              		.loc 1 2032 7 discriminator 1 view .LVU300
2032:Drivers/STM32G4xx_HAL_Driver/Src/stm32g4xx_hal_pcd.c **** 
 928              		.loc 1 2032 7 discriminator 1 view .LVU301
 929 00b6 B3F85020 		ldrh	r2, [r3, #80]
 930 00ba 1344     		add	r3, r3, r2
 931              	.LVL94:
2032:Drivers/STM32G4xx_HAL_Driver/Src/stm32g4xx_hal_pcd.c **** 
 932              		.loc 1 2032 7 discriminator 1 view .LVU302
ARM GAS  /tmp/cc2qdi8m.s 			page 59


 933 00bc 2278     		ldrb	r2, [r4]	@ zero_extendqisi2
 934 00be 03EBC203 		add	r3, r3, r2, lsl #3
 935              	.LVL95:
2032:Drivers/STM32G4xx_HAL_Driver/Src/stm32g4xx_hal_pcd.c **** 
 936              		.loc 1 2032 7 discriminator 1 view .LVU303
 937              	.LBB12:
2032:Drivers/STM32G4xx_HAL_Driver/Src/stm32g4xx_hal_pcd.c **** 
 938              		.loc 1 2032 7 discriminator 1 view .LVU304
2032:Drivers/STM32G4xx_HAL_Driver/Src/stm32g4xx_hal_pcd.c **** 
 939              		.loc 1 2032 7 discriminator 1 view .LVU305
 940 00c2 B3F80624 		ldrh	r2, [r3, #1030]
 941 00c6 C2F30902 		ubfx	r2, r2, #0, #10
 942 00ca A3F80624 		strh	r2, [r3, #1030]	@ movhi
 943              	.LVL96:
2032:Drivers/STM32G4xx_HAL_Driver/Src/stm32g4xx_hal_pcd.c **** 
 944              		.loc 1 2032 7 discriminator 1 view .LVU306
2032:Drivers/STM32G4xx_HAL_Driver/Src/stm32g4xx_hal_pcd.c **** 
 945              		.loc 1 2032 7 discriminator 2 view .LVU307
 946 00ce B3F80624 		ldrh	r2, [r3, #1030]
 947 00d2 42F40042 		orr	r2, r2, #32768
 948 00d6 A3F80624 		strh	r2, [r3, #1030]	@ movhi
2032:Drivers/STM32G4xx_HAL_Driver/Src/stm32g4xx_hal_pcd.c **** 
 949              		.loc 1 2032 7 discriminator 10 view .LVU308
 950              	.LBE12:
2032:Drivers/STM32G4xx_HAL_Driver/Src/stm32g4xx_hal_pcd.c **** 
 951              		.loc 1 2032 7 discriminator 10 view .LVU309
 952              	.LBE11:
2032:Drivers/STM32G4xx_HAL_Driver/Src/stm32g4xx_hal_pcd.c **** 
 953              		.loc 1 2032 7 discriminator 10 view .LVU310
 954              	.LVL97:
 955              	.L64:
2032:Drivers/STM32G4xx_HAL_Driver/Src/stm32g4xx_hal_pcd.c **** 
 956              		.loc 1 2032 7 is_stmt 0 discriminator 10 view .LVU311
 957              	.LBE10:
2032:Drivers/STM32G4xx_HAL_Driver/Src/stm32g4xx_hal_pcd.c **** 
 958              		.loc 1 2032 7 is_stmt 1 discriminator 13 view .LVU312
2034:Drivers/STM32G4xx_HAL_Driver/Src/stm32g4xx_hal_pcd.c ****       {
 959              		.loc 1 2034 7 view .LVU313
2034:Drivers/STM32G4xx_HAL_Driver/Src/stm32g4xx_hal_pcd.c ****       {
 960              		.loc 1 2034 13 is_stmt 0 view .LVU314
 961 00da E378     		ldrb	r3, [r4, #3]	@ zero_extendqisi2
2034:Drivers/STM32G4xx_HAL_Driver/Src/stm32g4xx_hal_pcd.c ****       {
 962              		.loc 1 2034 10 view .LVU315
 963 00dc 022B     		cmp	r3, #2
 964 00de 2CD0     		beq	.L99
 965              	.L65:
2037:Drivers/STM32G4xx_HAL_Driver/Src/stm32g4xx_hal_pcd.c ****       }
 966              		.loc 1 2037 9 is_stmt 1 discriminator 5 view .LVU316
2044:Drivers/STM32G4xx_HAL_Driver/Src/stm32g4xx_hal_pcd.c **** #endif /* USE_HAL_PCD_REGISTER_CALLBACKS */
 967              		.loc 1 2044 7 view .LVU317
 968 00e0 2178     		ldrb	r1, [r4]	@ zero_extendqisi2
 969 00e2 2846     		mov	r0, r5
 970 00e4 FFF7FEFF 		bl	HAL_PCD_DataInStageCallback
 971              	.LVL98:
2047:Drivers/STM32G4xx_HAL_Driver/Src/stm32g4xx_hal_pcd.c ****       {
 972              		.loc 1 2047 7 view .LVU318
2047:Drivers/STM32G4xx_HAL_Driver/Src/stm32g4xx_hal_pcd.c ****       {
ARM GAS  /tmp/cc2qdi8m.s 			page 60


 973              		.loc 1 2047 10 is_stmt 0 view .LVU319
 974 00e8 16F4804F 		tst	r6, #16384
 975 00ec C7D0     		beq	.L66
2049:Drivers/STM32G4xx_HAL_Driver/Src/stm32g4xx_hal_pcd.c ****       }
 976              		.loc 1 2049 9 is_stmt 1 view .LVU320
2049:Drivers/STM32G4xx_HAL_Driver/Src/stm32g4xx_hal_pcd.c ****       }
 977              		.loc 1 2049 9 view .LVU321
2049:Drivers/STM32G4xx_HAL_Driver/Src/stm32g4xx_hal_pcd.c ****       }
 978              		.loc 1 2049 9 discriminator 2 view .LVU322
2049:Drivers/STM32G4xx_HAL_Driver/Src/stm32g4xx_hal_pcd.c ****       }
 979              		.loc 1 2049 9 discriminator 3 view .LVU323
 980              	.LBB13:
2049:Drivers/STM32G4xx_HAL_Driver/Src/stm32g4xx_hal_pcd.c ****       }
 981              		.loc 1 2049 9 discriminator 3 view .LVU324
2049:Drivers/STM32G4xx_HAL_Driver/Src/stm32g4xx_hal_pcd.c ****       }
 982              		.loc 1 2049 9 discriminator 3 view .LVU325
 983 00ee 2A68     		ldr	r2, [r5]
 984 00f0 2178     		ldrb	r1, [r4]	@ zero_extendqisi2
 985 00f2 32F82130 		ldrh	r3, [r2, r1, lsl #2]
 986 00f6 23F4E043 		bic	r3, r3, #28672
 987 00fa 23F07003 		bic	r3, r3, #112
 988              	.LVL99:
2049:Drivers/STM32G4xx_HAL_Driver/Src/stm32g4xx_hal_pcd.c ****       }
 989              		.loc 1 2049 9 discriminator 3 view .LVU326
 990 00fe 43F44043 		orr	r3, r3, #49152
 991              	.LVL100:
2049:Drivers/STM32G4xx_HAL_Driver/Src/stm32g4xx_hal_pcd.c ****       }
 992              		.loc 1 2049 9 is_stmt 0 discriminator 3 view .LVU327
 993 0102 43F08003 		orr	r3, r3, #128
 994 0106 22F82130 		strh	r3, [r2, r1, lsl #2]	@ movhi
 995 010a B8E7     		b	.L66
 996              	.LVL101:
 997              	.L61:
2049:Drivers/STM32G4xx_HAL_Driver/Src/stm32g4xx_hal_pcd.c ****       }
 998              		.loc 1 2049 9 discriminator 3 view .LVU328
 999              	.LBE13:
2031:Drivers/STM32G4xx_HAL_Driver/Src/stm32g4xx_hal_pcd.c ****       PCD_SET_EP_DBUF1_CNT(hpcd->Instance, ep->num, ep->is_in, 0U);
 1000              		.loc 1 2031 7 is_stmt 1 discriminator 11 view .LVU329
 1001 010c 012B     		cmp	r3, #1
 1002 010e CFD1     		bne	.L62
2031:Drivers/STM32G4xx_HAL_Driver/Src/stm32g4xx_hal_pcd.c ****       PCD_SET_EP_DBUF1_CNT(hpcd->Instance, ep->num, ep->is_in, 0U);
 1003              		.loc 1 2031 7 discriminator 12 view .LVU330
 1004              	.LBB14:
2031:Drivers/STM32G4xx_HAL_Driver/Src/stm32g4xx_hal_pcd.c ****       PCD_SET_EP_DBUF1_CNT(hpcd->Instance, ep->num, ep->is_in, 0U);
 1005              		.loc 1 2031 7 discriminator 12 view .LVU331
 1006 0110 2B68     		ldr	r3, [r5]
 1007              	.LVL102:
2031:Drivers/STM32G4xx_HAL_Driver/Src/stm32g4xx_hal_pcd.c ****       PCD_SET_EP_DBUF1_CNT(hpcd->Instance, ep->num, ep->is_in, 0U);
 1008              		.loc 1 2031 7 discriminator 12 view .LVU332
2031:Drivers/STM32G4xx_HAL_Driver/Src/stm32g4xx_hal_pcd.c ****       PCD_SET_EP_DBUF1_CNT(hpcd->Instance, ep->num, ep->is_in, 0U);
 1009              		.loc 1 2031 7 discriminator 12 view .LVU333
 1010 0112 B3F85020 		ldrh	r2, [r3, #80]
 1011              	.LVL103:
2031:Drivers/STM32G4xx_HAL_Driver/Src/stm32g4xx_hal_pcd.c ****       PCD_SET_EP_DBUF1_CNT(hpcd->Instance, ep->num, ep->is_in, 0U);
 1012              		.loc 1 2031 7 is_stmt 0 discriminator 12 view .LVU334
 1013 0116 1344     		add	r3, r3, r2
 1014              	.LVL104:
ARM GAS  /tmp/cc2qdi8m.s 			page 61


2031:Drivers/STM32G4xx_HAL_Driver/Src/stm32g4xx_hal_pcd.c ****       PCD_SET_EP_DBUF1_CNT(hpcd->Instance, ep->num, ep->is_in, 0U);
 1015              		.loc 1 2031 7 is_stmt 1 discriminator 12 view .LVU335
 1016 0118 1844     		add	r0, r0, r3
 1017              	.LVL105:
2031:Drivers/STM32G4xx_HAL_Driver/Src/stm32g4xx_hal_pcd.c ****       PCD_SET_EP_DBUF1_CNT(hpcd->Instance, ep->num, ep->is_in, 0U);
 1018              		.loc 1 2031 7 discriminator 12 view .LVU336
 1019 011a 0023     		movs	r3, #0
 1020              	.LVL106:
2031:Drivers/STM32G4xx_HAL_Driver/Src/stm32g4xx_hal_pcd.c ****       PCD_SET_EP_DBUF1_CNT(hpcd->Instance, ep->num, ep->is_in, 0U);
 1021              		.loc 1 2031 7 is_stmt 0 discriminator 12 view .LVU337
 1022 011c A0F80234 		strh	r3, [r0, #1026]	@ movhi
 1023              	.LVL107:
2031:Drivers/STM32G4xx_HAL_Driver/Src/stm32g4xx_hal_pcd.c ****       PCD_SET_EP_DBUF1_CNT(hpcd->Instance, ep->num, ep->is_in, 0U);
 1024              		.loc 1 2031 7 discriminator 12 view .LVU338
 1025 0120 C6E7     		b	.L62
 1026              	.LVL108:
 1027              	.L63:
2031:Drivers/STM32G4xx_HAL_Driver/Src/stm32g4xx_hal_pcd.c ****       PCD_SET_EP_DBUF1_CNT(hpcd->Instance, ep->num, ep->is_in, 0U);
 1028              		.loc 1 2031 7 discriminator 12 view .LVU339
 1029              	.LBE14:
 1030              	.LBB15:
2032:Drivers/STM32G4xx_HAL_Driver/Src/stm32g4xx_hal_pcd.c **** 
 1031              		.loc 1 2032 7 is_stmt 1 discriminator 11 view .LVU340
 1032 0122 012A     		cmp	r2, #1
 1033 0124 D9D1     		bne	.L64
2032:Drivers/STM32G4xx_HAL_Driver/Src/stm32g4xx_hal_pcd.c **** 
 1034              		.loc 1 2032 7 discriminator 12 view .LVU341
 1035 0126 B3F85020 		ldrh	r2, [r3, #80]
 1036 012a 1344     		add	r3, r3, r2
 1037              	.LVL109:
2032:Drivers/STM32G4xx_HAL_Driver/Src/stm32g4xx_hal_pcd.c **** 
 1038              		.loc 1 2032 7 discriminator 12 view .LVU342
 1039 012c 2278     		ldrb	r2, [r4]	@ zero_extendqisi2
 1040 012e 03EBC203 		add	r3, r3, r2, lsl #3
 1041              	.LVL110:
2032:Drivers/STM32G4xx_HAL_Driver/Src/stm32g4xx_hal_pcd.c **** 
 1042              		.loc 1 2032 7 discriminator 12 view .LVU343
 1043 0132 0022     		movs	r2, #0
 1044 0134 A3F80624 		strh	r2, [r3, #1030]	@ movhi
2032:Drivers/STM32G4xx_HAL_Driver/Src/stm32g4xx_hal_pcd.c **** 
 1045              		.loc 1 2032 7 is_stmt 0 discriminator 12 view .LVU344
 1046 0138 CFE7     		b	.L64
 1047              	.LVL111:
 1048              	.L99:
2032:Drivers/STM32G4xx_HAL_Driver/Src/stm32g4xx_hal_pcd.c **** 
 1049              		.loc 1 2032 7 discriminator 12 view .LVU345
 1050              	.LBE15:
2037:Drivers/STM32G4xx_HAL_Driver/Src/stm32g4xx_hal_pcd.c ****       }
 1051              		.loc 1 2037 9 is_stmt 1 view .LVU346
 1052              	.LBB16:
2037:Drivers/STM32G4xx_HAL_Driver/Src/stm32g4xx_hal_pcd.c ****       }
 1053              		.loc 1 2037 9 view .LVU347
2037:Drivers/STM32G4xx_HAL_Driver/Src/stm32g4xx_hal_pcd.c ****       }
 1054              		.loc 1 2037 9 view .LVU348
 1055 013a 2A68     		ldr	r2, [r5]
 1056 013c 2178     		ldrb	r1, [r4]	@ zero_extendqisi2
 1057 013e 32F82130 		ldrh	r3, [r2, r1, lsl #2]
ARM GAS  /tmp/cc2qdi8m.s 			page 62


 1058 0142 23F4E043 		bic	r3, r3, #28672
 1059 0146 23F04003 		bic	r3, r3, #64
 1060              	.LVL112:
2037:Drivers/STM32G4xx_HAL_Driver/Src/stm32g4xx_hal_pcd.c ****       }
 1061              		.loc 1 2037 9 view .LVU349
2037:Drivers/STM32G4xx_HAL_Driver/Src/stm32g4xx_hal_pcd.c ****       }
 1062              		.loc 1 2037 9 discriminator 2 view .LVU350
2037:Drivers/STM32G4xx_HAL_Driver/Src/stm32g4xx_hal_pcd.c ****       }
 1063              		.loc 1 2037 9 discriminator 3 view .LVU351
 1064 014a 83F02003 		eor	r3, r3, #32
 1065              	.LVL113:
2037:Drivers/STM32G4xx_HAL_Driver/Src/stm32g4xx_hal_pcd.c ****       }
 1066              		.loc 1 2037 9 discriminator 4 view .LVU352
 1067 014e 43F40043 		orr	r3, r3, #32768
 1068              	.LVL114:
2037:Drivers/STM32G4xx_HAL_Driver/Src/stm32g4xx_hal_pcd.c ****       }
 1069              		.loc 1 2037 9 is_stmt 0 discriminator 4 view .LVU353
 1070 0152 43F08003 		orr	r3, r3, #128
 1071 0156 22F82130 		strh	r3, [r2, r1, lsl #2]	@ movhi
 1072 015a C1E7     		b	.L65
 1073              	.LVL115:
 1074              	.L98:
2037:Drivers/STM32G4xx_HAL_Driver/Src/stm32g4xx_hal_pcd.c ****       }
 1075              		.loc 1 2037 9 discriminator 4 view .LVU354
 1076              	.LBE16:
2065:Drivers/STM32G4xx_HAL_Driver/Src/stm32g4xx_hal_pcd.c ****         ep->xfer_count += TxPctSize;
 1077              		.loc 1 2065 9 is_stmt 1 view .LVU355
2065:Drivers/STM32G4xx_HAL_Driver/Src/stm32g4xx_hal_pcd.c ****         ep->xfer_count += TxPctSize;
 1078              		.loc 1 2065 11 is_stmt 0 view .LVU356
 1079 015c 6369     		ldr	r3, [r4, #20]
2065:Drivers/STM32G4xx_HAL_Driver/Src/stm32g4xx_hal_pcd.c ****         ep->xfer_count += TxPctSize;
 1080              		.loc 1 2065 23 view .LVU357
 1081 015e 1344     		add	r3, r3, r2
 1082 0160 6361     		str	r3, [r4, #20]
2066:Drivers/STM32G4xx_HAL_Driver/Src/stm32g4xx_hal_pcd.c **** 
 1083              		.loc 1 2066 9 is_stmt 1 view .LVU358
2066:Drivers/STM32G4xx_HAL_Driver/Src/stm32g4xx_hal_pcd.c **** 
 1084              		.loc 1 2066 11 is_stmt 0 view .LVU359
 1085 0162 E369     		ldr	r3, [r4, #28]
2066:Drivers/STM32G4xx_HAL_Driver/Src/stm32g4xx_hal_pcd.c **** 
 1086              		.loc 1 2066 24 view .LVU360
 1087 0164 1344     		add	r3, r3, r2
 1088 0166 E361     		str	r3, [r4, #28]
2069:Drivers/STM32G4xx_HAL_Driver/Src/stm32g4xx_hal_pcd.c ****         {
 1089              		.loc 1 2069 9 is_stmt 1 view .LVU361
2069:Drivers/STM32G4xx_HAL_Driver/Src/stm32g4xx_hal_pcd.c ****         {
 1090              		.loc 1 2069 15 is_stmt 0 view .LVU362
 1091 0168 216A     		ldr	r1, [r4, #32]
2069:Drivers/STM32G4xx_HAL_Driver/Src/stm32g4xx_hal_pcd.c ****         {
 1092              		.loc 1 2069 34 view .LVU363
 1093 016a 2369     		ldr	r3, [r4, #16]
2069:Drivers/STM32G4xx_HAL_Driver/Src/stm32g4xx_hal_pcd.c ****         {
 1094              		.loc 1 2069 12 view .LVU364
 1095 016c 9942     		cmp	r1, r3
 1096 016e 19D3     		bcc	.L69
2071:Drivers/STM32G4xx_HAL_Driver/Src/stm32g4xx_hal_pcd.c ****           ep->xfer_len_db -= len;
 1097              		.loc 1 2071 11 is_stmt 1 view .LVU365
ARM GAS  /tmp/cc2qdi8m.s 			page 63


 1098              	.LVL116:
2072:Drivers/STM32G4xx_HAL_Driver/Src/stm32g4xx_hal_pcd.c ****         }
 1099              		.loc 1 2072 11 view .LVU366
2072:Drivers/STM32G4xx_HAL_Driver/Src/stm32g4xx_hal_pcd.c ****         }
 1100              		.loc 1 2072 27 is_stmt 0 view .LVU367
 1101 0170 C91A     		subs	r1, r1, r3
 1102 0172 2162     		str	r1, [r4, #32]
 1103              	.L70:
2088:Drivers/STM32G4xx_HAL_Driver/Src/stm32g4xx_hal_pcd.c **** 
 1104              		.loc 1 2088 9 is_stmt 1 view .LVU368
2088:Drivers/STM32G4xx_HAL_Driver/Src/stm32g4xx_hal_pcd.c **** 
 1105              		.loc 1 2088 9 view .LVU369
 1106 0174 6278     		ldrb	r2, [r4, #1]	@ zero_extendqisi2
 1107              	.LVL117:
2088:Drivers/STM32G4xx_HAL_Driver/Src/stm32g4xx_hal_pcd.c **** 
 1108              		.loc 1 2088 9 is_stmt 0 view .LVU370
 1109 0176 002A     		cmp	r2, #0
 1110 0178 3DD1     		bne	.L72
2088:Drivers/STM32G4xx_HAL_Driver/Src/stm32g4xx_hal_pcd.c **** 
 1111              		.loc 1 2088 9 is_stmt 1 discriminator 1 view .LVU371
 1112              	.LBB17:
2088:Drivers/STM32G4xx_HAL_Driver/Src/stm32g4xx_hal_pcd.c **** 
 1113              		.loc 1 2088 9 discriminator 1 view .LVU372
 1114 017a 2A68     		ldr	r2, [r5]
 1115              	.LVL118:
2088:Drivers/STM32G4xx_HAL_Driver/Src/stm32g4xx_hal_pcd.c **** 
 1116              		.loc 1 2088 9 discriminator 1 view .LVU373
2088:Drivers/STM32G4xx_HAL_Driver/Src/stm32g4xx_hal_pcd.c **** 
 1117              		.loc 1 2088 9 discriminator 1 view .LVU374
 1118 017c B2F85010 		ldrh	r1, [r2, #80]
 1119 0180 0A44     		add	r2, r2, r1
 1120              	.LVL119:
2088:Drivers/STM32G4xx_HAL_Driver/Src/stm32g4xx_hal_pcd.c **** 
 1121              		.loc 1 2088 9 discriminator 1 view .LVU375
 1122 0182 2178     		ldrb	r1, [r4]	@ zero_extendqisi2
 1123 0184 02EBC102 		add	r2, r2, r1, lsl #3
 1124              	.LVL120:
2088:Drivers/STM32G4xx_HAL_Driver/Src/stm32g4xx_hal_pcd.c **** 
 1125              		.loc 1 2088 9 discriminator 1 view .LVU376
 1126              	.LBB18:
2088:Drivers/STM32G4xx_HAL_Driver/Src/stm32g4xx_hal_pcd.c **** 
 1127              		.loc 1 2088 9 discriminator 1 view .LVU377
2088:Drivers/STM32G4xx_HAL_Driver/Src/stm32g4xx_hal_pcd.c **** 
 1128              		.loc 1 2088 9 discriminator 1 view .LVU378
 1129 0188 B2F80214 		ldrh	r1, [r2, #1026]
 1130 018c C1F30901 		ubfx	r1, r1, #0, #10
 1131 0190 A2F80214 		strh	r1, [r2, #1026]	@ movhi
2088:Drivers/STM32G4xx_HAL_Driver/Src/stm32g4xx_hal_pcd.c **** 
 1132              		.loc 1 2088 9 discriminator 1 view .LVU379
 1133 0194 8BB9     		cbnz	r3, .L73
2088:Drivers/STM32G4xx_HAL_Driver/Src/stm32g4xx_hal_pcd.c **** 
 1134              		.loc 1 2088 9 discriminator 2 view .LVU380
 1135 0196 B2F80214 		ldrh	r1, [r2, #1026]
 1136 019a 41F40041 		orr	r1, r1, #32768
 1137 019e A2F80214 		strh	r1, [r2, #1026]	@ movhi
 1138 01a2 2AE0     		b	.L74
 1139              	.LVL121:
ARM GAS  /tmp/cc2qdi8m.s 			page 64


 1140              	.L69:
2088:Drivers/STM32G4xx_HAL_Driver/Src/stm32g4xx_hal_pcd.c **** 
 1141              		.loc 1 2088 9 is_stmt 0 discriminator 2 view .LVU381
 1142              	.LBE18:
 1143              	.LBE17:
2074:Drivers/STM32G4xx_HAL_Driver/Src/stm32g4xx_hal_pcd.c ****         {
 1144              		.loc 1 2074 14 is_stmt 1 view .LVU382
2074:Drivers/STM32G4xx_HAL_Driver/Src/stm32g4xx_hal_pcd.c ****         {
 1145              		.loc 1 2074 17 is_stmt 0 view .LVU383
 1146 01a4 19B9     		cbnz	r1, .L71
2076:Drivers/STM32G4xx_HAL_Driver/Src/stm32g4xx_hal_pcd.c ****           ep->xfer_fill_db = 0U;
 1147              		.loc 1 2076 11 is_stmt 1 view .LVU384
 1148              	.LVL122:
2077:Drivers/STM32G4xx_HAL_Driver/Src/stm32g4xx_hal_pcd.c ****         }
 1149              		.loc 1 2077 11 view .LVU385
2077:Drivers/STM32G4xx_HAL_Driver/Src/stm32g4xx_hal_pcd.c ****         }
 1150              		.loc 1 2077 28 is_stmt 0 view .LVU386
 1151 01a6 84F82410 		strb	r1, [r4, #36]
2076:Drivers/STM32G4xx_HAL_Driver/Src/stm32g4xx_hal_pcd.c ****           ep->xfer_fill_db = 0U;
 1152              		.loc 1 2076 15 view .LVU387
 1153 01aa 1346     		mov	r3, r2
 1154 01ac E2E7     		b	.L70
 1155              	.LVL123:
 1156              	.L71:
2081:Drivers/STM32G4xx_HAL_Driver/Src/stm32g4xx_hal_pcd.c ****           len = ep->xfer_len_db;
 1157              		.loc 1 2081 11 is_stmt 1 view .LVU388
2081:Drivers/STM32G4xx_HAL_Driver/Src/stm32g4xx_hal_pcd.c ****           len = ep->xfer_len_db;
 1158              		.loc 1 2081 28 is_stmt 0 view .LVU389
 1159 01ae 0023     		movs	r3, #0
 1160 01b0 84F82430 		strb	r3, [r4, #36]
2082:Drivers/STM32G4xx_HAL_Driver/Src/stm32g4xx_hal_pcd.c ****           ep->xfer_len_db = 0U;
 1161              		.loc 1 2082 11 is_stmt 1 view .LVU390
 1162              	.LVL124:
2083:Drivers/STM32G4xx_HAL_Driver/Src/stm32g4xx_hal_pcd.c ****         }
 1163              		.loc 1 2083 11 view .LVU391
2083:Drivers/STM32G4xx_HAL_Driver/Src/stm32g4xx_hal_pcd.c ****         }
 1164              		.loc 1 2083 27 is_stmt 0 view .LVU392
 1165 01b4 2362     		str	r3, [r4, #32]
2082:Drivers/STM32G4xx_HAL_Driver/Src/stm32g4xx_hal_pcd.c ****           ep->xfer_len_db = 0U;
 1166              		.loc 1 2082 15 view .LVU393
 1167 01b6 0B46     		mov	r3, r1
 1168 01b8 DCE7     		b	.L70
 1169              	.LVL125:
 1170              	.L73:
 1171              	.LBB20:
 1172              	.LBB19:
2088:Drivers/STM32G4xx_HAL_Driver/Src/stm32g4xx_hal_pcd.c **** 
 1173              		.loc 1 2088 9 is_stmt 1 discriminator 3 view .LVU394
 1174 01ba 3E2B     		cmp	r3, #62
 1175 01bc 0CD8     		bhi	.L75
2088:Drivers/STM32G4xx_HAL_Driver/Src/stm32g4xx_hal_pcd.c **** 
 1176              		.loc 1 2088 9 discriminator 4 view .LVU395
2088:Drivers/STM32G4xx_HAL_Driver/Src/stm32g4xx_hal_pcd.c **** 
 1177              		.loc 1 2088 9 discriminator 4 view .LVU396
 1178 01be 5908     		lsrs	r1, r3, #1
 1179              	.LVL126:
2088:Drivers/STM32G4xx_HAL_Driver/Src/stm32g4xx_hal_pcd.c **** 
ARM GAS  /tmp/cc2qdi8m.s 			page 65


 1180              		.loc 1 2088 9 discriminator 4 view .LVU397
 1181 01c0 13F0010F 		tst	r3, #1
 1182 01c4 00D0     		beq	.L76
2088:Drivers/STM32G4xx_HAL_Driver/Src/stm32g4xx_hal_pcd.c **** 
 1183              		.loc 1 2088 9 discriminator 5 view .LVU398
 1184 01c6 0131     		adds	r1, r1, #1
 1185              	.LVL127:
 1186              	.L76:
2088:Drivers/STM32G4xx_HAL_Driver/Src/stm32g4xx_hal_pcd.c **** 
 1187              		.loc 1 2088 9 discriminator 6 view .LVU399
 1188 01c8 B2F80204 		ldrh	r0, [r2, #1026]
 1189 01cc 8902     		lsls	r1, r1, #10
 1190              	.LVL128:
2088:Drivers/STM32G4xx_HAL_Driver/Src/stm32g4xx_hal_pcd.c **** 
 1191              		.loc 1 2088 9 is_stmt 0 discriminator 6 view .LVU400
 1192 01ce 89B2     		uxth	r1, r1
 1193 01d0 0143     		orrs	r1, r1, r0
 1194 01d2 A2F80214 		strh	r1, [r2, #1026]	@ movhi
2088:Drivers/STM32G4xx_HAL_Driver/Src/stm32g4xx_hal_pcd.c **** 
 1195              		.loc 1 2088 9 is_stmt 1 discriminator 6 view .LVU401
 1196 01d6 10E0     		b	.L74
 1197              	.LVL129:
 1198              	.L75:
2088:Drivers/STM32G4xx_HAL_Driver/Src/stm32g4xx_hal_pcd.c **** 
 1199              		.loc 1 2088 9 discriminator 7 view .LVU402
2088:Drivers/STM32G4xx_HAL_Driver/Src/stm32g4xx_hal_pcd.c **** 
 1200              		.loc 1 2088 9 discriminator 7 view .LVU403
 1201 01d8 5909     		lsrs	r1, r3, #5
 1202              	.LVL130:
2088:Drivers/STM32G4xx_HAL_Driver/Src/stm32g4xx_hal_pcd.c **** 
 1203              		.loc 1 2088 9 discriminator 7 view .LVU404
 1204 01da 13F01F0F 		tst	r3, #31
 1205 01de 00D1     		bne	.L77
2088:Drivers/STM32G4xx_HAL_Driver/Src/stm32g4xx_hal_pcd.c **** 
 1206              		.loc 1 2088 9 discriminator 8 view .LVU405
 1207 01e0 0139     		subs	r1, r1, #1
 1208              	.LVL131:
 1209              	.L77:
2088:Drivers/STM32G4xx_HAL_Driver/Src/stm32g4xx_hal_pcd.c **** 
 1210              		.loc 1 2088 9 discriminator 9 view .LVU406
 1211 01e2 B2F80204 		ldrh	r0, [r2, #1026]
 1212 01e6 8902     		lsls	r1, r1, #10
 1213              	.LVL132:
2088:Drivers/STM32G4xx_HAL_Driver/Src/stm32g4xx_hal_pcd.c **** 
 1214              		.loc 1 2088 9 is_stmt 0 discriminator 9 view .LVU407
 1215 01e8 89B2     		uxth	r1, r1
 1216 01ea 0143     		orrs	r1, r1, r0
 1217 01ec 41F40041 		orr	r1, r1, #32768
 1218 01f0 A2F80214 		strh	r1, [r2, #1026]	@ movhi
 1219 01f4 01E0     		b	.L74
 1220              	.LVL133:
 1221              	.L72:
2088:Drivers/STM32G4xx_HAL_Driver/Src/stm32g4xx_hal_pcd.c **** 
 1222              		.loc 1 2088 9 discriminator 9 view .LVU408
 1223              	.LBE19:
 1224              	.LBE20:
2088:Drivers/STM32G4xx_HAL_Driver/Src/stm32g4xx_hal_pcd.c **** 
ARM GAS  /tmp/cc2qdi8m.s 			page 66


 1225              		.loc 1 2088 9 is_stmt 1 discriminator 11 view .LVU409
 1226 01f6 012A     		cmp	r2, #1
 1227 01f8 06D0     		beq	.L100
 1228              	.L74:
2088:Drivers/STM32G4xx_HAL_Driver/Src/stm32g4xx_hal_pcd.c **** 
 1229              		.loc 1 2088 9 discriminator 13 view .LVU410
2088:Drivers/STM32G4xx_HAL_Driver/Src/stm32g4xx_hal_pcd.c **** 
 1230              		.loc 1 2088 9 discriminator 13 view .LVU411
2091:Drivers/STM32G4xx_HAL_Driver/Src/stm32g4xx_hal_pcd.c ****       }
 1231              		.loc 1 2091 9 view .LVU412
 1232 01fa 9BB2     		uxth	r3, r3
 1233              	.LVL134:
2091:Drivers/STM32G4xx_HAL_Driver/Src/stm32g4xx_hal_pcd.c ****       }
 1234              		.loc 1 2091 9 is_stmt 0 view .LVU413
 1235 01fc 2289     		ldrh	r2, [r4, #8]
 1236 01fe 6169     		ldr	r1, [r4, #20]
 1237 0200 2868     		ldr	r0, [r5]
 1238 0202 FFF7FEFF 		bl	USB_WritePMA
 1239              	.LVL135:
 1240 0206 2AE7     		b	.L68
 1241              	.LVL136:
 1242              	.L100:
2088:Drivers/STM32G4xx_HAL_Driver/Src/stm32g4xx_hal_pcd.c **** 
 1243              		.loc 1 2088 9 is_stmt 1 discriminator 12 view .LVU414
 1244              	.LBB21:
2088:Drivers/STM32G4xx_HAL_Driver/Src/stm32g4xx_hal_pcd.c **** 
 1245              		.loc 1 2088 9 discriminator 12 view .LVU415
 1246 0208 2A68     		ldr	r2, [r5]
 1247              	.LVL137:
2088:Drivers/STM32G4xx_HAL_Driver/Src/stm32g4xx_hal_pcd.c **** 
 1248              		.loc 1 2088 9 discriminator 12 view .LVU416
2088:Drivers/STM32G4xx_HAL_Driver/Src/stm32g4xx_hal_pcd.c **** 
 1249              		.loc 1 2088 9 discriminator 12 view .LVU417
 1250 020a B2F85010 		ldrh	r1, [r2, #80]
 1251 020e 0A44     		add	r2, r2, r1
 1252              	.LVL138:
2088:Drivers/STM32G4xx_HAL_Driver/Src/stm32g4xx_hal_pcd.c **** 
 1253              		.loc 1 2088 9 discriminator 12 view .LVU418
 1254 0210 2178     		ldrb	r1, [r4]	@ zero_extendqisi2
 1255 0212 02EBC102 		add	r2, r2, r1, lsl #3
 1256              	.LVL139:
2088:Drivers/STM32G4xx_HAL_Driver/Src/stm32g4xx_hal_pcd.c **** 
 1257              		.loc 1 2088 9 discriminator 12 view .LVU419
 1258 0216 A2F80234 		strh	r3, [r2, #1026]	@ movhi
2088:Drivers/STM32G4xx_HAL_Driver/Src/stm32g4xx_hal_pcd.c **** 
 1259              		.loc 1 2088 9 is_stmt 0 discriminator 12 view .LVU420
 1260 021a EEE7     		b	.L74
 1261              	.LVL140:
 1262              	.L57:
2088:Drivers/STM32G4xx_HAL_Driver/Src/stm32g4xx_hal_pcd.c **** 
 1263              		.loc 1 2088 9 discriminator 12 view .LVU421
 1264              	.LBE21:
2098:Drivers/STM32G4xx_HAL_Driver/Src/stm32g4xx_hal_pcd.c **** 
 1265              		.loc 1 2098 5 is_stmt 1 view .LVU422
2098:Drivers/STM32G4xx_HAL_Driver/Src/stm32g4xx_hal_pcd.c **** 
 1266              		.loc 1 2098 27 is_stmt 0 view .LVU423
 1267 021c 0268     		ldr	r2, [r0]
ARM GAS  /tmp/cc2qdi8m.s 			page 67


 1268              	.LVL141:
2098:Drivers/STM32G4xx_HAL_Driver/Src/stm32g4xx_hal_pcd.c **** 
 1269              		.loc 1 2098 27 view .LVU424
 1270 021e B2F85030 		ldrh	r3, [r2, #80]
 1271 0222 0978     		ldrb	r1, [r1]	@ zero_extendqisi2
 1272              	.LVL142:
2098:Drivers/STM32G4xx_HAL_Driver/Src/stm32g4xx_hal_pcd.c **** 
 1273              		.loc 1 2098 27 view .LVU425
 1274 0224 C800     		lsls	r0, r1, #3
 1275              	.LVL143:
2098:Drivers/STM32G4xx_HAL_Driver/Src/stm32g4xx_hal_pcd.c **** 
 1276              		.loc 1 2098 27 view .LVU426
 1277 0226 03EBC103 		add	r3, r3, r1, lsl #3
 1278 022a 1344     		add	r3, r3, r2
 1279 022c B3F80624 		ldrh	r2, [r3, #1030]
2098:Drivers/STM32G4xx_HAL_Driver/Src/stm32g4xx_hal_pcd.c **** 
 1280              		.loc 1 2098 15 view .LVU427
 1281 0230 C2F30902 		ubfx	r2, r2, #0, #10
 1282              	.LVL144:
2100:Drivers/STM32G4xx_HAL_Driver/Src/stm32g4xx_hal_pcd.c ****     {
 1283              		.loc 1 2100 5 is_stmt 1 view .LVU428
2100:Drivers/STM32G4xx_HAL_Driver/Src/stm32g4xx_hal_pcd.c ****     {
 1284              		.loc 1 2100 11 is_stmt 0 view .LVU429
 1285 0234 A369     		ldr	r3, [r4, #24]
2100:Drivers/STM32G4xx_HAL_Driver/Src/stm32g4xx_hal_pcd.c ****     {
 1286              		.loc 1 2100 8 view .LVU430
 1287 0236 9342     		cmp	r3, r2
 1288 0238 40D3     		bcc	.L78
2102:Drivers/STM32G4xx_HAL_Driver/Src/stm32g4xx_hal_pcd.c ****     }
 1289              		.loc 1 2102 7 is_stmt 1 view .LVU431
2102:Drivers/STM32G4xx_HAL_Driver/Src/stm32g4xx_hal_pcd.c ****     }
 1290              		.loc 1 2102 20 is_stmt 0 view .LVU432
 1291 023a 9B1A     		subs	r3, r3, r2
 1292 023c A361     		str	r3, [r4, #24]
 1293              	.L79:
2110:Drivers/STM32G4xx_HAL_Driver/Src/stm32g4xx_hal_pcd.c ****     {
 1294              		.loc 1 2110 5 is_stmt 1 view .LVU433
2110:Drivers/STM32G4xx_HAL_Driver/Src/stm32g4xx_hal_pcd.c ****     {
 1295              		.loc 1 2110 11 is_stmt 0 view .LVU434
 1296 023e A369     		ldr	r3, [r4, #24]
2110:Drivers/STM32G4xx_HAL_Driver/Src/stm32g4xx_hal_pcd.c ****     {
 1297              		.loc 1 2110 8 view .LVU435
 1298 0240 002B     		cmp	r3, #0
 1299 0242 3ED0     		beq	.L101
2139:Drivers/STM32G4xx_HAL_Driver/Src/stm32g4xx_hal_pcd.c ****       {
 1300              		.loc 1 2139 7 is_stmt 1 view .LVU436
2139:Drivers/STM32G4xx_HAL_Driver/Src/stm32g4xx_hal_pcd.c ****       {
 1301              		.loc 1 2139 10 is_stmt 0 view .LVU437
 1302 0244 16F4804F 		tst	r6, #16384
 1303 0248 0CD1     		bne	.L86
2141:Drivers/STM32G4xx_HAL_Driver/Src/stm32g4xx_hal_pcd.c ****       }
 1304              		.loc 1 2141 9 is_stmt 1 view .LVU438
2141:Drivers/STM32G4xx_HAL_Driver/Src/stm32g4xx_hal_pcd.c ****       }
 1305              		.loc 1 2141 9 view .LVU439
2141:Drivers/STM32G4xx_HAL_Driver/Src/stm32g4xx_hal_pcd.c ****       }
 1306              		.loc 1 2141 9 discriminator 2 view .LVU440
2141:Drivers/STM32G4xx_HAL_Driver/Src/stm32g4xx_hal_pcd.c ****       }
ARM GAS  /tmp/cc2qdi8m.s 			page 68


 1307              		.loc 1 2141 9 discriminator 3 view .LVU441
 1308              	.LBB22:
2141:Drivers/STM32G4xx_HAL_Driver/Src/stm32g4xx_hal_pcd.c ****       }
 1309              		.loc 1 2141 9 discriminator 3 view .LVU442
2141:Drivers/STM32G4xx_HAL_Driver/Src/stm32g4xx_hal_pcd.c ****       }
 1310              		.loc 1 2141 9 discriminator 3 view .LVU443
 1311 024a 2868     		ldr	r0, [r5]
 1312 024c 30F82130 		ldrh	r3, [r0, r1, lsl #2]
 1313 0250 23F4E043 		bic	r3, r3, #28672
 1314 0254 23F07003 		bic	r3, r3, #112
 1315              	.LVL145:
2141:Drivers/STM32G4xx_HAL_Driver/Src/stm32g4xx_hal_pcd.c ****       }
 1316              		.loc 1 2141 9 discriminator 3 view .LVU444
 1317 0258 43F44043 		orr	r3, r3, #49152
 1318              	.LVL146:
2141:Drivers/STM32G4xx_HAL_Driver/Src/stm32g4xx_hal_pcd.c ****       }
 1319              		.loc 1 2141 9 is_stmt 0 discriminator 3 view .LVU445
 1320 025c 43F08003 		orr	r3, r3, #128
 1321 0260 20F82130 		strh	r3, [r0, r1, lsl #2]	@ movhi
 1322              	.LVL147:
 1323              	.L86:
2141:Drivers/STM32G4xx_HAL_Driver/Src/stm32g4xx_hal_pcd.c ****       }
 1324              		.loc 1 2141 9 discriminator 3 view .LVU446
 1325              	.LBE22:
2141:Drivers/STM32G4xx_HAL_Driver/Src/stm32g4xx_hal_pcd.c ****       }
 1326              		.loc 1 2141 9 is_stmt 1 discriminator 4 view .LVU447
2141:Drivers/STM32G4xx_HAL_Driver/Src/stm32g4xx_hal_pcd.c ****       }
 1327              		.loc 1 2141 9 discriminator 4 view .LVU448
2145:Drivers/STM32G4xx_HAL_Driver/Src/stm32g4xx_hal_pcd.c ****       {
 1328              		.loc 1 2145 7 view .LVU449
2145:Drivers/STM32G4xx_HAL_Driver/Src/stm32g4xx_hal_pcd.c ****       {
 1329              		.loc 1 2145 13 is_stmt 0 view .LVU450
 1330 0264 94F82430 		ldrb	r3, [r4, #36]	@ zero_extendqisi2
2145:Drivers/STM32G4xx_HAL_Driver/Src/stm32g4xx_hal_pcd.c ****       {
 1331              		.loc 1 2145 10 view .LVU451
 1332 0268 012B     		cmp	r3, #1
 1333 026a 7FF4F8AE 		bne	.L68
2147:Drivers/STM32G4xx_HAL_Driver/Src/stm32g4xx_hal_pcd.c ****         ep->xfer_count += TxPctSize;
 1334              		.loc 1 2147 9 is_stmt 1 view .LVU452
2147:Drivers/STM32G4xx_HAL_Driver/Src/stm32g4xx_hal_pcd.c ****         ep->xfer_count += TxPctSize;
 1335              		.loc 1 2147 11 is_stmt 0 view .LVU453
 1336 026e 6369     		ldr	r3, [r4, #20]
2147:Drivers/STM32G4xx_HAL_Driver/Src/stm32g4xx_hal_pcd.c ****         ep->xfer_count += TxPctSize;
 1337              		.loc 1 2147 23 view .LVU454
 1338 0270 1344     		add	r3, r3, r2
 1339 0272 6361     		str	r3, [r4, #20]
2148:Drivers/STM32G4xx_HAL_Driver/Src/stm32g4xx_hal_pcd.c **** 
 1340              		.loc 1 2148 9 is_stmt 1 view .LVU455
2148:Drivers/STM32G4xx_HAL_Driver/Src/stm32g4xx_hal_pcd.c **** 
 1341              		.loc 1 2148 11 is_stmt 0 view .LVU456
 1342 0274 E369     		ldr	r3, [r4, #28]
2148:Drivers/STM32G4xx_HAL_Driver/Src/stm32g4xx_hal_pcd.c **** 
 1343              		.loc 1 2148 24 view .LVU457
 1344 0276 1344     		add	r3, r3, r2
 1345 0278 E361     		str	r3, [r4, #28]
2151:Drivers/STM32G4xx_HAL_Driver/Src/stm32g4xx_hal_pcd.c ****         {
 1346              		.loc 1 2151 9 is_stmt 1 view .LVU458
ARM GAS  /tmp/cc2qdi8m.s 			page 69


2151:Drivers/STM32G4xx_HAL_Driver/Src/stm32g4xx_hal_pcd.c ****         {
 1347              		.loc 1 2151 15 is_stmt 0 view .LVU459
 1348 027a 216A     		ldr	r1, [r4, #32]
2151:Drivers/STM32G4xx_HAL_Driver/Src/stm32g4xx_hal_pcd.c ****         {
 1349              		.loc 1 2151 34 view .LVU460
 1350 027c 2369     		ldr	r3, [r4, #16]
2151:Drivers/STM32G4xx_HAL_Driver/Src/stm32g4xx_hal_pcd.c ****         {
 1351              		.loc 1 2151 12 view .LVU461
 1352 027e 9942     		cmp	r1, r3
 1353 0280 C0F08A80 		bcc	.L87
2153:Drivers/STM32G4xx_HAL_Driver/Src/stm32g4xx_hal_pcd.c ****           ep->xfer_len_db -= len;
 1354              		.loc 1 2153 11 is_stmt 1 view .LVU462
 1355              	.LVL148:
2154:Drivers/STM32G4xx_HAL_Driver/Src/stm32g4xx_hal_pcd.c ****         }
 1356              		.loc 1 2154 11 view .LVU463
2154:Drivers/STM32G4xx_HAL_Driver/Src/stm32g4xx_hal_pcd.c ****         }
 1357              		.loc 1 2154 27 is_stmt 0 view .LVU464
 1358 0284 C91A     		subs	r1, r1, r3
 1359 0286 2162     		str	r1, [r4, #32]
 1360              	.L88:
2169:Drivers/STM32G4xx_HAL_Driver/Src/stm32g4xx_hal_pcd.c **** 
 1361              		.loc 1 2169 9 is_stmt 1 view .LVU465
 1362              	.LBB23:
2169:Drivers/STM32G4xx_HAL_Driver/Src/stm32g4xx_hal_pcd.c **** 
 1363              		.loc 1 2169 9 view .LVU466
 1364 0288 2A68     		ldr	r2, [r5]
 1365              	.LVL149:
2169:Drivers/STM32G4xx_HAL_Driver/Src/stm32g4xx_hal_pcd.c **** 
 1366              		.loc 1 2169 9 view .LVU467
2169:Drivers/STM32G4xx_HAL_Driver/Src/stm32g4xx_hal_pcd.c **** 
 1367              		.loc 1 2169 9 view .LVU468
 1368 028a 6178     		ldrb	r1, [r4, #1]	@ zero_extendqisi2
 1369 028c 0029     		cmp	r1, #0
 1370 028e 40F0AC80 		bne	.L90
2169:Drivers/STM32G4xx_HAL_Driver/Src/stm32g4xx_hal_pcd.c **** 
 1371              		.loc 1 2169 9 discriminator 1 view .LVU469
 1372              	.LBB24:
2169:Drivers/STM32G4xx_HAL_Driver/Src/stm32g4xx_hal_pcd.c **** 
 1373              		.loc 1 2169 9 discriminator 1 view .LVU470
 1374              	.LVL150:
2169:Drivers/STM32G4xx_HAL_Driver/Src/stm32g4xx_hal_pcd.c **** 
 1375              		.loc 1 2169 9 discriminator 1 view .LVU471
2169:Drivers/STM32G4xx_HAL_Driver/Src/stm32g4xx_hal_pcd.c **** 
 1376              		.loc 1 2169 9 discriminator 1 view .LVU472
 1377 0292 B2F85010 		ldrh	r1, [r2, #80]
 1378 0296 0A44     		add	r2, r2, r1
 1379              	.LVL151:
2169:Drivers/STM32G4xx_HAL_Driver/Src/stm32g4xx_hal_pcd.c **** 
 1380              		.loc 1 2169 9 discriminator 1 view .LVU473
 1381 0298 2178     		ldrb	r1, [r4]	@ zero_extendqisi2
 1382 029a 02EBC102 		add	r2, r2, r1, lsl #3
 1383              	.LVL152:
2169:Drivers/STM32G4xx_HAL_Driver/Src/stm32g4xx_hal_pcd.c **** 
 1384              		.loc 1 2169 9 discriminator 1 view .LVU474
 1385              	.LBB25:
2169:Drivers/STM32G4xx_HAL_Driver/Src/stm32g4xx_hal_pcd.c **** 
 1386              		.loc 1 2169 9 discriminator 1 view .LVU475
ARM GAS  /tmp/cc2qdi8m.s 			page 70


2169:Drivers/STM32G4xx_HAL_Driver/Src/stm32g4xx_hal_pcd.c **** 
 1387              		.loc 1 2169 9 discriminator 1 view .LVU476
 1388 029e B2F80614 		ldrh	r1, [r2, #1030]
 1389 02a2 C1F30901 		ubfx	r1, r1, #0, #10
 1390 02a6 A2F80614 		strh	r1, [r2, #1030]	@ movhi
 1391              	.LVL153:
2169:Drivers/STM32G4xx_HAL_Driver/Src/stm32g4xx_hal_pcd.c **** 
 1392              		.loc 1 2169 9 discriminator 1 view .LVU477
 1393 02aa 002B     		cmp	r3, #0
 1394 02ac 7FD1     		bne	.L91
2169:Drivers/STM32G4xx_HAL_Driver/Src/stm32g4xx_hal_pcd.c **** 
 1395              		.loc 1 2169 9 discriminator 2 view .LVU478
 1396 02ae B2F80614 		ldrh	r1, [r2, #1030]
 1397 02b2 41F40041 		orr	r1, r1, #32768
 1398 02b6 A2F80614 		strh	r1, [r2, #1030]	@ movhi
 1399 02ba 98E0     		b	.L92
 1400              	.LVL154:
 1401              	.L78:
2169:Drivers/STM32G4xx_HAL_Driver/Src/stm32g4xx_hal_pcd.c **** 
 1402              		.loc 1 2169 9 is_stmt 0 discriminator 2 view .LVU479
 1403              	.LBE25:
 1404              	.LBE24:
 1405              	.LBE23:
2106:Drivers/STM32G4xx_HAL_Driver/Src/stm32g4xx_hal_pcd.c ****     }
 1406              		.loc 1 2106 7 is_stmt 1 view .LVU480
2106:Drivers/STM32G4xx_HAL_Driver/Src/stm32g4xx_hal_pcd.c ****     }
 1407              		.loc 1 2106 20 is_stmt 0 view .LVU481
 1408 02bc 0023     		movs	r3, #0
 1409 02be A361     		str	r3, [r4, #24]
 1410 02c0 BDE7     		b	.L79
 1411              	.L101:
2112:Drivers/STM32G4xx_HAL_Driver/Src/stm32g4xx_hal_pcd.c ****       PCD_SET_EP_DBUF1_CNT(hpcd->Instance, ep->num, ep->is_in, 0U);
 1412              		.loc 1 2112 7 is_stmt 1 view .LVU482
2112:Drivers/STM32G4xx_HAL_Driver/Src/stm32g4xx_hal_pcd.c ****       PCD_SET_EP_DBUF1_CNT(hpcd->Instance, ep->num, ep->is_in, 0U);
 1413              		.loc 1 2112 7 view .LVU483
 1414 02c2 6378     		ldrb	r3, [r4, #1]	@ zero_extendqisi2
 1415 02c4 002B     		cmp	r3, #0
 1416 02c6 3FD1     		bne	.L81
2112:Drivers/STM32G4xx_HAL_Driver/Src/stm32g4xx_hal_pcd.c ****       PCD_SET_EP_DBUF1_CNT(hpcd->Instance, ep->num, ep->is_in, 0U);
 1417              		.loc 1 2112 7 discriminator 1 view .LVU484
 1418              	.LBB28:
2112:Drivers/STM32G4xx_HAL_Driver/Src/stm32g4xx_hal_pcd.c ****       PCD_SET_EP_DBUF1_CNT(hpcd->Instance, ep->num, ep->is_in, 0U);
 1419              		.loc 1 2112 7 discriminator 1 view .LVU485
 1420 02c8 2B68     		ldr	r3, [r5]
 1421              	.LVL155:
2112:Drivers/STM32G4xx_HAL_Driver/Src/stm32g4xx_hal_pcd.c ****       PCD_SET_EP_DBUF1_CNT(hpcd->Instance, ep->num, ep->is_in, 0U);
 1422              		.loc 1 2112 7 discriminator 1 view .LVU486
2112:Drivers/STM32G4xx_HAL_Driver/Src/stm32g4xx_hal_pcd.c ****       PCD_SET_EP_DBUF1_CNT(hpcd->Instance, ep->num, ep->is_in, 0U);
 1423              		.loc 1 2112 7 discriminator 1 view .LVU487
 1424 02ca B3F85020 		ldrh	r2, [r3, #80]
 1425              	.LVL156:
2112:Drivers/STM32G4xx_HAL_Driver/Src/stm32g4xx_hal_pcd.c ****       PCD_SET_EP_DBUF1_CNT(hpcd->Instance, ep->num, ep->is_in, 0U);
 1426              		.loc 1 2112 7 is_stmt 0 discriminator 1 view .LVU488
 1427 02ce 1344     		add	r3, r3, r2
 1428              	.LVL157:
2112:Drivers/STM32G4xx_HAL_Driver/Src/stm32g4xx_hal_pcd.c ****       PCD_SET_EP_DBUF1_CNT(hpcd->Instance, ep->num, ep->is_in, 0U);
 1429              		.loc 1 2112 7 is_stmt 1 discriminator 1 view .LVU489
ARM GAS  /tmp/cc2qdi8m.s 			page 71


 1430 02d0 0344     		add	r3, r3, r0
 1431              	.LVL158:
2112:Drivers/STM32G4xx_HAL_Driver/Src/stm32g4xx_hal_pcd.c ****       PCD_SET_EP_DBUF1_CNT(hpcd->Instance, ep->num, ep->is_in, 0U);
 1432              		.loc 1 2112 7 discriminator 1 view .LVU490
 1433              	.LBB29:
2112:Drivers/STM32G4xx_HAL_Driver/Src/stm32g4xx_hal_pcd.c ****       PCD_SET_EP_DBUF1_CNT(hpcd->Instance, ep->num, ep->is_in, 0U);
 1434              		.loc 1 2112 7 discriminator 1 view .LVU491
2112:Drivers/STM32G4xx_HAL_Driver/Src/stm32g4xx_hal_pcd.c ****       PCD_SET_EP_DBUF1_CNT(hpcd->Instance, ep->num, ep->is_in, 0U);
 1435              		.loc 1 2112 7 discriminator 1 view .LVU492
 1436 02d2 B3F80224 		ldrh	r2, [r3, #1026]
 1437              	.LVL159:
2112:Drivers/STM32G4xx_HAL_Driver/Src/stm32g4xx_hal_pcd.c ****       PCD_SET_EP_DBUF1_CNT(hpcd->Instance, ep->num, ep->is_in, 0U);
 1438              		.loc 1 2112 7 is_stmt 0 discriminator 1 view .LVU493
 1439 02d6 C2F30902 		ubfx	r2, r2, #0, #10
 1440 02da A3F80224 		strh	r2, [r3, #1026]	@ movhi
2112:Drivers/STM32G4xx_HAL_Driver/Src/stm32g4xx_hal_pcd.c ****       PCD_SET_EP_DBUF1_CNT(hpcd->Instance, ep->num, ep->is_in, 0U);
 1441              		.loc 1 2112 7 is_stmt 1 discriminator 1 view .LVU494
2112:Drivers/STM32G4xx_HAL_Driver/Src/stm32g4xx_hal_pcd.c ****       PCD_SET_EP_DBUF1_CNT(hpcd->Instance, ep->num, ep->is_in, 0U);
 1442              		.loc 1 2112 7 discriminator 2 view .LVU495
 1443 02de B3F80224 		ldrh	r2, [r3, #1026]
 1444 02e2 42F40042 		orr	r2, r2, #32768
 1445 02e6 A3F80224 		strh	r2, [r3, #1026]	@ movhi
2112:Drivers/STM32G4xx_HAL_Driver/Src/stm32g4xx_hal_pcd.c ****       PCD_SET_EP_DBUF1_CNT(hpcd->Instance, ep->num, ep->is_in, 0U);
 1446              		.loc 1 2112 7 discriminator 10 view .LVU496
 1447              	.LBE29:
2112:Drivers/STM32G4xx_HAL_Driver/Src/stm32g4xx_hal_pcd.c ****       PCD_SET_EP_DBUF1_CNT(hpcd->Instance, ep->num, ep->is_in, 0U);
 1448              		.loc 1 2112 7 discriminator 10 view .LVU497
 1449              	.LBE28:
2112:Drivers/STM32G4xx_HAL_Driver/Src/stm32g4xx_hal_pcd.c ****       PCD_SET_EP_DBUF1_CNT(hpcd->Instance, ep->num, ep->is_in, 0U);
 1450              		.loc 1 2112 7 discriminator 10 view .LVU498
 1451              	.LVL160:
 1452              	.L82:
2112:Drivers/STM32G4xx_HAL_Driver/Src/stm32g4xx_hal_pcd.c ****       PCD_SET_EP_DBUF1_CNT(hpcd->Instance, ep->num, ep->is_in, 0U);
 1453              		.loc 1 2112 7 discriminator 13 view .LVU499
2112:Drivers/STM32G4xx_HAL_Driver/Src/stm32g4xx_hal_pcd.c ****       PCD_SET_EP_DBUF1_CNT(hpcd->Instance, ep->num, ep->is_in, 0U);
 1454              		.loc 1 2112 7 discriminator 13 view .LVU500
2113:Drivers/STM32G4xx_HAL_Driver/Src/stm32g4xx_hal_pcd.c **** 
 1455              		.loc 1 2113 7 view .LVU501
 1456              	.LBB30:
2113:Drivers/STM32G4xx_HAL_Driver/Src/stm32g4xx_hal_pcd.c **** 
 1457              		.loc 1 2113 7 view .LVU502
 1458 02ea 2B68     		ldr	r3, [r5]
 1459              	.LVL161:
2113:Drivers/STM32G4xx_HAL_Driver/Src/stm32g4xx_hal_pcd.c **** 
 1460              		.loc 1 2113 7 view .LVU503
2113:Drivers/STM32G4xx_HAL_Driver/Src/stm32g4xx_hal_pcd.c **** 
 1461              		.loc 1 2113 7 view .LVU504
 1462 02ec 6278     		ldrb	r2, [r4, #1]	@ zero_extendqisi2
 1463 02ee B2BB     		cbnz	r2, .L83
2113:Drivers/STM32G4xx_HAL_Driver/Src/stm32g4xx_hal_pcd.c **** 
 1464              		.loc 1 2113 7 discriminator 1 view .LVU505
 1465              	.LBB31:
2113:Drivers/STM32G4xx_HAL_Driver/Src/stm32g4xx_hal_pcd.c **** 
 1466              		.loc 1 2113 7 discriminator 1 view .LVU506
 1467              	.LVL162:
2113:Drivers/STM32G4xx_HAL_Driver/Src/stm32g4xx_hal_pcd.c **** 
 1468              		.loc 1 2113 7 discriminator 1 view .LVU507
ARM GAS  /tmp/cc2qdi8m.s 			page 72


2113:Drivers/STM32G4xx_HAL_Driver/Src/stm32g4xx_hal_pcd.c **** 
 1469              		.loc 1 2113 7 discriminator 1 view .LVU508
 1470 02f0 B3F85020 		ldrh	r2, [r3, #80]
 1471 02f4 1344     		add	r3, r3, r2
 1472              	.LVL163:
2113:Drivers/STM32G4xx_HAL_Driver/Src/stm32g4xx_hal_pcd.c **** 
 1473              		.loc 1 2113 7 discriminator 1 view .LVU509
 1474 02f6 2278     		ldrb	r2, [r4]	@ zero_extendqisi2
 1475 02f8 03EBC203 		add	r3, r3, r2, lsl #3
 1476              	.LVL164:
2113:Drivers/STM32G4xx_HAL_Driver/Src/stm32g4xx_hal_pcd.c **** 
 1477              		.loc 1 2113 7 discriminator 1 view .LVU510
 1478              	.LBB32:
2113:Drivers/STM32G4xx_HAL_Driver/Src/stm32g4xx_hal_pcd.c **** 
 1479              		.loc 1 2113 7 discriminator 1 view .LVU511
2113:Drivers/STM32G4xx_HAL_Driver/Src/stm32g4xx_hal_pcd.c **** 
 1480              		.loc 1 2113 7 discriminator 1 view .LVU512
 1481 02fc B3F80624 		ldrh	r2, [r3, #1030]
 1482 0300 C2F30902 		ubfx	r2, r2, #0, #10
 1483 0304 A3F80624 		strh	r2, [r3, #1030]	@ movhi
 1484              	.LVL165:
2113:Drivers/STM32G4xx_HAL_Driver/Src/stm32g4xx_hal_pcd.c **** 
 1485              		.loc 1 2113 7 discriminator 1 view .LVU513
2113:Drivers/STM32G4xx_HAL_Driver/Src/stm32g4xx_hal_pcd.c **** 
 1486              		.loc 1 2113 7 discriminator 2 view .LVU514
 1487 0308 B3F80624 		ldrh	r2, [r3, #1030]
 1488 030c 42F40042 		orr	r2, r2, #32768
 1489 0310 A3F80624 		strh	r2, [r3, #1030]	@ movhi
2113:Drivers/STM32G4xx_HAL_Driver/Src/stm32g4xx_hal_pcd.c **** 
 1490              		.loc 1 2113 7 discriminator 10 view .LVU515
 1491              	.LBE32:
2113:Drivers/STM32G4xx_HAL_Driver/Src/stm32g4xx_hal_pcd.c **** 
 1492              		.loc 1 2113 7 discriminator 10 view .LVU516
 1493              	.LBE31:
2113:Drivers/STM32G4xx_HAL_Driver/Src/stm32g4xx_hal_pcd.c **** 
 1494              		.loc 1 2113 7 discriminator 10 view .LVU517
 1495              	.LVL166:
 1496              	.L84:
2113:Drivers/STM32G4xx_HAL_Driver/Src/stm32g4xx_hal_pcd.c **** 
 1497              		.loc 1 2113 7 is_stmt 0 discriminator 10 view .LVU518
 1498              	.LBE30:
2113:Drivers/STM32G4xx_HAL_Driver/Src/stm32g4xx_hal_pcd.c **** 
 1499              		.loc 1 2113 7 is_stmt 1 discriminator 13 view .LVU519
2115:Drivers/STM32G4xx_HAL_Driver/Src/stm32g4xx_hal_pcd.c ****       {
 1500              		.loc 1 2115 7 view .LVU520
2115:Drivers/STM32G4xx_HAL_Driver/Src/stm32g4xx_hal_pcd.c ****       {
 1501              		.loc 1 2115 13 is_stmt 0 view .LVU521
 1502 0314 E378     		ldrb	r3, [r4, #3]	@ zero_extendqisi2
2115:Drivers/STM32G4xx_HAL_Driver/Src/stm32g4xx_hal_pcd.c ****       {
 1503              		.loc 1 2115 10 view .LVU522
 1504 0316 022B     		cmp	r3, #2
 1505 0318 2DD0     		beq	.L102
 1506              	.L85:
2118:Drivers/STM32G4xx_HAL_Driver/Src/stm32g4xx_hal_pcd.c ****       }
 1507              		.loc 1 2118 9 is_stmt 1 discriminator 5 view .LVU523
2125:Drivers/STM32G4xx_HAL_Driver/Src/stm32g4xx_hal_pcd.c **** #endif /* USE_HAL_PCD_REGISTER_CALLBACKS */
 1508              		.loc 1 2125 7 view .LVU524
ARM GAS  /tmp/cc2qdi8m.s 			page 73


 1509 031a 2178     		ldrb	r1, [r4]	@ zero_extendqisi2
 1510 031c 2846     		mov	r0, r5
 1511 031e FFF7FEFF 		bl	HAL_PCD_DataInStageCallback
 1512              	.LVL167:
2129:Drivers/STM32G4xx_HAL_Driver/Src/stm32g4xx_hal_pcd.c ****       {
 1513              		.loc 1 2129 7 view .LVU525
2129:Drivers/STM32G4xx_HAL_Driver/Src/stm32g4xx_hal_pcd.c ****       {
 1514              		.loc 1 2129 10 is_stmt 0 view .LVU526
 1515 0322 16F4804F 		tst	r6, #16384
 1516 0326 7FF4AAAE 		bne	.L66
2131:Drivers/STM32G4xx_HAL_Driver/Src/stm32g4xx_hal_pcd.c ****       }
 1517              		.loc 1 2131 9 is_stmt 1 view .LVU527
2131:Drivers/STM32G4xx_HAL_Driver/Src/stm32g4xx_hal_pcd.c ****       }
 1518              		.loc 1 2131 9 view .LVU528
2131:Drivers/STM32G4xx_HAL_Driver/Src/stm32g4xx_hal_pcd.c ****       }
 1519              		.loc 1 2131 9 discriminator 2 view .LVU529
2131:Drivers/STM32G4xx_HAL_Driver/Src/stm32g4xx_hal_pcd.c ****       }
 1520              		.loc 1 2131 9 discriminator 3 view .LVU530
 1521              	.LBB33:
2131:Drivers/STM32G4xx_HAL_Driver/Src/stm32g4xx_hal_pcd.c ****       }
 1522              		.loc 1 2131 9 discriminator 3 view .LVU531
2131:Drivers/STM32G4xx_HAL_Driver/Src/stm32g4xx_hal_pcd.c ****       }
 1523              		.loc 1 2131 9 discriminator 3 view .LVU532
 1524 032a 2A68     		ldr	r2, [r5]
 1525 032c 2178     		ldrb	r1, [r4]	@ zero_extendqisi2
 1526 032e 32F82130 		ldrh	r3, [r2, r1, lsl #2]
 1527 0332 23F4E043 		bic	r3, r3, #28672
 1528 0336 23F07003 		bic	r3, r3, #112
 1529              	.LVL168:
2131:Drivers/STM32G4xx_HAL_Driver/Src/stm32g4xx_hal_pcd.c ****       }
 1530              		.loc 1 2131 9 discriminator 3 view .LVU533
 1531 033a 43F44043 		orr	r3, r3, #49152
 1532              	.LVL169:
2131:Drivers/STM32G4xx_HAL_Driver/Src/stm32g4xx_hal_pcd.c ****       }
 1533              		.loc 1 2131 9 is_stmt 0 discriminator 3 view .LVU534
 1534 033e 43F08003 		orr	r3, r3, #128
 1535 0342 22F82130 		strh	r3, [r2, r1, lsl #2]	@ movhi
 1536 0346 9AE6     		b	.L66
 1537              	.LVL170:
 1538              	.L81:
2131:Drivers/STM32G4xx_HAL_Driver/Src/stm32g4xx_hal_pcd.c ****       }
 1539              		.loc 1 2131 9 discriminator 3 view .LVU535
 1540              	.LBE33:
2112:Drivers/STM32G4xx_HAL_Driver/Src/stm32g4xx_hal_pcd.c ****       PCD_SET_EP_DBUF1_CNT(hpcd->Instance, ep->num, ep->is_in, 0U);
 1541              		.loc 1 2112 7 is_stmt 1 discriminator 11 view .LVU536
 1542 0348 012B     		cmp	r3, #1
 1543 034a CED1     		bne	.L82
2112:Drivers/STM32G4xx_HAL_Driver/Src/stm32g4xx_hal_pcd.c ****       PCD_SET_EP_DBUF1_CNT(hpcd->Instance, ep->num, ep->is_in, 0U);
 1544              		.loc 1 2112 7 discriminator 12 view .LVU537
 1545              	.LBB34:
2112:Drivers/STM32G4xx_HAL_Driver/Src/stm32g4xx_hal_pcd.c ****       PCD_SET_EP_DBUF1_CNT(hpcd->Instance, ep->num, ep->is_in, 0U);
 1546              		.loc 1 2112 7 discriminator 12 view .LVU538
 1547 034c 2B68     		ldr	r3, [r5]
 1548              	.LVL171:
2112:Drivers/STM32G4xx_HAL_Driver/Src/stm32g4xx_hal_pcd.c ****       PCD_SET_EP_DBUF1_CNT(hpcd->Instance, ep->num, ep->is_in, 0U);
 1549              		.loc 1 2112 7 discriminator 12 view .LVU539
2112:Drivers/STM32G4xx_HAL_Driver/Src/stm32g4xx_hal_pcd.c ****       PCD_SET_EP_DBUF1_CNT(hpcd->Instance, ep->num, ep->is_in, 0U);
ARM GAS  /tmp/cc2qdi8m.s 			page 74


 1550              		.loc 1 2112 7 discriminator 12 view .LVU540
 1551 034e B3F85020 		ldrh	r2, [r3, #80]
 1552              	.LVL172:
2112:Drivers/STM32G4xx_HAL_Driver/Src/stm32g4xx_hal_pcd.c ****       PCD_SET_EP_DBUF1_CNT(hpcd->Instance, ep->num, ep->is_in, 0U);
 1553              		.loc 1 2112 7 is_stmt 0 discriminator 12 view .LVU541
 1554 0352 1344     		add	r3, r3, r2
 1555              	.LVL173:
2112:Drivers/STM32G4xx_HAL_Driver/Src/stm32g4xx_hal_pcd.c ****       PCD_SET_EP_DBUF1_CNT(hpcd->Instance, ep->num, ep->is_in, 0U);
 1556              		.loc 1 2112 7 is_stmt 1 discriminator 12 view .LVU542
 1557 0354 0344     		add	r3, r3, r0
 1558              	.LVL174:
2112:Drivers/STM32G4xx_HAL_Driver/Src/stm32g4xx_hal_pcd.c ****       PCD_SET_EP_DBUF1_CNT(hpcd->Instance, ep->num, ep->is_in, 0U);
 1559              		.loc 1 2112 7 discriminator 12 view .LVU543
 1560 0356 0022     		movs	r2, #0
 1561              	.LVL175:
2112:Drivers/STM32G4xx_HAL_Driver/Src/stm32g4xx_hal_pcd.c ****       PCD_SET_EP_DBUF1_CNT(hpcd->Instance, ep->num, ep->is_in, 0U);
 1562              		.loc 1 2112 7 is_stmt 0 discriminator 12 view .LVU544
 1563 0358 A3F80224 		strh	r2, [r3, #1026]	@ movhi
2112:Drivers/STM32G4xx_HAL_Driver/Src/stm32g4xx_hal_pcd.c ****       PCD_SET_EP_DBUF1_CNT(hpcd->Instance, ep->num, ep->is_in, 0U);
 1564              		.loc 1 2112 7 discriminator 12 view .LVU545
 1565 035c C5E7     		b	.L82
 1566              	.LVL176:
 1567              	.L83:
2112:Drivers/STM32G4xx_HAL_Driver/Src/stm32g4xx_hal_pcd.c ****       PCD_SET_EP_DBUF1_CNT(hpcd->Instance, ep->num, ep->is_in, 0U);
 1568              		.loc 1 2112 7 discriminator 12 view .LVU546
 1569              	.LBE34:
 1570              	.LBB35:
2113:Drivers/STM32G4xx_HAL_Driver/Src/stm32g4xx_hal_pcd.c **** 
 1571              		.loc 1 2113 7 is_stmt 1 discriminator 11 view .LVU547
 1572 035e 012A     		cmp	r2, #1
 1573 0360 D8D1     		bne	.L84
2113:Drivers/STM32G4xx_HAL_Driver/Src/stm32g4xx_hal_pcd.c **** 
 1574              		.loc 1 2113 7 discriminator 12 view .LVU548
 1575 0362 B3F85020 		ldrh	r2, [r3, #80]
 1576 0366 1344     		add	r3, r3, r2
 1577              	.LVL177:
2113:Drivers/STM32G4xx_HAL_Driver/Src/stm32g4xx_hal_pcd.c **** 
 1578              		.loc 1 2113 7 discriminator 12 view .LVU549
 1579 0368 2278     		ldrb	r2, [r4]	@ zero_extendqisi2
 1580 036a 03EBC203 		add	r3, r3, r2, lsl #3
 1581              	.LVL178:
2113:Drivers/STM32G4xx_HAL_Driver/Src/stm32g4xx_hal_pcd.c **** 
 1582              		.loc 1 2113 7 discriminator 12 view .LVU550
 1583 036e 0022     		movs	r2, #0
 1584 0370 A3F80624 		strh	r2, [r3, #1030]	@ movhi
2113:Drivers/STM32G4xx_HAL_Driver/Src/stm32g4xx_hal_pcd.c **** 
 1585              		.loc 1 2113 7 is_stmt 0 discriminator 12 view .LVU551
 1586 0374 CEE7     		b	.L84
 1587              	.LVL179:
 1588              	.L102:
2113:Drivers/STM32G4xx_HAL_Driver/Src/stm32g4xx_hal_pcd.c **** 
 1589              		.loc 1 2113 7 discriminator 12 view .LVU552
 1590              	.LBE35:
2118:Drivers/STM32G4xx_HAL_Driver/Src/stm32g4xx_hal_pcd.c ****       }
 1591              		.loc 1 2118 9 is_stmt 1 view .LVU553
 1592              	.LBB36:
2118:Drivers/STM32G4xx_HAL_Driver/Src/stm32g4xx_hal_pcd.c ****       }
ARM GAS  /tmp/cc2qdi8m.s 			page 75


 1593              		.loc 1 2118 9 view .LVU554
2118:Drivers/STM32G4xx_HAL_Driver/Src/stm32g4xx_hal_pcd.c ****       }
 1594              		.loc 1 2118 9 view .LVU555
 1595 0376 2A68     		ldr	r2, [r5]
 1596 0378 2178     		ldrb	r1, [r4]	@ zero_extendqisi2
 1597 037a 32F82130 		ldrh	r3, [r2, r1, lsl #2]
 1598 037e 23F4E043 		bic	r3, r3, #28672
 1599 0382 23F04003 		bic	r3, r3, #64
 1600              	.LVL180:
2118:Drivers/STM32G4xx_HAL_Driver/Src/stm32g4xx_hal_pcd.c ****       }
 1601              		.loc 1 2118 9 view .LVU556
2118:Drivers/STM32G4xx_HAL_Driver/Src/stm32g4xx_hal_pcd.c ****       }
 1602              		.loc 1 2118 9 discriminator 2 view .LVU557
2118:Drivers/STM32G4xx_HAL_Driver/Src/stm32g4xx_hal_pcd.c ****       }
 1603              		.loc 1 2118 9 discriminator 3 view .LVU558
 1604 0386 83F02003 		eor	r3, r3, #32
 1605              	.LVL181:
2118:Drivers/STM32G4xx_HAL_Driver/Src/stm32g4xx_hal_pcd.c ****       }
 1606              		.loc 1 2118 9 discriminator 4 view .LVU559
 1607 038a 43F40043 		orr	r3, r3, #32768
 1608              	.LVL182:
2118:Drivers/STM32G4xx_HAL_Driver/Src/stm32g4xx_hal_pcd.c ****       }
 1609              		.loc 1 2118 9 is_stmt 0 discriminator 4 view .LVU560
 1610 038e 43F08003 		orr	r3, r3, #128
 1611 0392 22F82130 		strh	r3, [r2, r1, lsl #2]	@ movhi
 1612 0396 C0E7     		b	.L85
 1613              	.LVL183:
 1614              	.L87:
2118:Drivers/STM32G4xx_HAL_Driver/Src/stm32g4xx_hal_pcd.c ****       }
 1615              		.loc 1 2118 9 discriminator 4 view .LVU561
 1616              	.LBE36:
2156:Drivers/STM32G4xx_HAL_Driver/Src/stm32g4xx_hal_pcd.c ****         {
 1617              		.loc 1 2156 14 is_stmt 1 view .LVU562
2156:Drivers/STM32G4xx_HAL_Driver/Src/stm32g4xx_hal_pcd.c ****         {
 1618              		.loc 1 2156 17 is_stmt 0 view .LVU563
 1619 0398 19B9     		cbnz	r1, .L89
2158:Drivers/STM32G4xx_HAL_Driver/Src/stm32g4xx_hal_pcd.c ****           ep->xfer_fill_db = 0U;
 1620              		.loc 1 2158 11 is_stmt 1 view .LVU564
 1621              	.LVL184:
2159:Drivers/STM32G4xx_HAL_Driver/Src/stm32g4xx_hal_pcd.c ****         }
 1622              		.loc 1 2159 11 view .LVU565
2159:Drivers/STM32G4xx_HAL_Driver/Src/stm32g4xx_hal_pcd.c ****         }
 1623              		.loc 1 2159 28 is_stmt 0 view .LVU566
 1624 039a 84F82410 		strb	r1, [r4, #36]
2158:Drivers/STM32G4xx_HAL_Driver/Src/stm32g4xx_hal_pcd.c ****           ep->xfer_fill_db = 0U;
 1625              		.loc 1 2158 15 view .LVU567
 1626 039e 1346     		mov	r3, r2
 1627 03a0 72E7     		b	.L88
 1628              	.LVL185:
 1629              	.L89:
2163:Drivers/STM32G4xx_HAL_Driver/Src/stm32g4xx_hal_pcd.c ****           ep->xfer_len_db = 0U;
 1630              		.loc 1 2163 11 is_stmt 1 view .LVU568
2164:Drivers/STM32G4xx_HAL_Driver/Src/stm32g4xx_hal_pcd.c ****           ep->xfer_fill_db = 0;
 1631              		.loc 1 2164 11 view .LVU569
2164:Drivers/STM32G4xx_HAL_Driver/Src/stm32g4xx_hal_pcd.c ****           ep->xfer_fill_db = 0;
 1632              		.loc 1 2164 27 is_stmt 0 view .LVU570
 1633 03a2 0023     		movs	r3, #0
ARM GAS  /tmp/cc2qdi8m.s 			page 76


 1634 03a4 2362     		str	r3, [r4, #32]
2165:Drivers/STM32G4xx_HAL_Driver/Src/stm32g4xx_hal_pcd.c ****         }
 1635              		.loc 1 2165 11 is_stmt 1 view .LVU571
2165:Drivers/STM32G4xx_HAL_Driver/Src/stm32g4xx_hal_pcd.c ****         }
 1636              		.loc 1 2165 28 is_stmt 0 view .LVU572
 1637 03a6 84F82430 		strb	r3, [r4, #36]
2163:Drivers/STM32G4xx_HAL_Driver/Src/stm32g4xx_hal_pcd.c ****           ep->xfer_len_db = 0U;
 1638              		.loc 1 2163 15 view .LVU573
 1639 03aa 0B46     		mov	r3, r1
 1640 03ac 6CE7     		b	.L88
 1641              	.LVL186:
 1642              	.L91:
 1643              	.LBB37:
 1644              	.LBB27:
 1645              	.LBB26:
2169:Drivers/STM32G4xx_HAL_Driver/Src/stm32g4xx_hal_pcd.c **** 
 1646              		.loc 1 2169 9 is_stmt 1 discriminator 3 view .LVU574
 1647 03ae 3E2B     		cmp	r3, #62
 1648 03b0 0CD8     		bhi	.L93
2169:Drivers/STM32G4xx_HAL_Driver/Src/stm32g4xx_hal_pcd.c **** 
 1649              		.loc 1 2169 9 discriminator 4 view .LVU575
2169:Drivers/STM32G4xx_HAL_Driver/Src/stm32g4xx_hal_pcd.c **** 
 1650              		.loc 1 2169 9 discriminator 4 view .LVU576
 1651 03b2 5908     		lsrs	r1, r3, #1
 1652              	.LVL187:
2169:Drivers/STM32G4xx_HAL_Driver/Src/stm32g4xx_hal_pcd.c **** 
 1653              		.loc 1 2169 9 discriminator 4 view .LVU577
 1654 03b4 13F0010F 		tst	r3, #1
 1655 03b8 00D0     		beq	.L94
2169:Drivers/STM32G4xx_HAL_Driver/Src/stm32g4xx_hal_pcd.c **** 
 1656              		.loc 1 2169 9 discriminator 5 view .LVU578
 1657 03ba 0131     		adds	r1, r1, #1
 1658              	.LVL188:
 1659              	.L94:
2169:Drivers/STM32G4xx_HAL_Driver/Src/stm32g4xx_hal_pcd.c **** 
 1660              		.loc 1 2169 9 discriminator 6 view .LVU579
 1661 03bc B2F80604 		ldrh	r0, [r2, #1030]
 1662 03c0 8902     		lsls	r1, r1, #10
 1663              	.LVL189:
2169:Drivers/STM32G4xx_HAL_Driver/Src/stm32g4xx_hal_pcd.c **** 
 1664              		.loc 1 2169 9 is_stmt 0 discriminator 6 view .LVU580
 1665 03c2 89B2     		uxth	r1, r1
 1666 03c4 0143     		orrs	r1, r1, r0
 1667 03c6 A2F80614 		strh	r1, [r2, #1030]	@ movhi
2169:Drivers/STM32G4xx_HAL_Driver/Src/stm32g4xx_hal_pcd.c **** 
 1668              		.loc 1 2169 9 is_stmt 1 discriminator 6 view .LVU581
 1669 03ca 10E0     		b	.L92
 1670              	.LVL190:
 1671              	.L93:
2169:Drivers/STM32G4xx_HAL_Driver/Src/stm32g4xx_hal_pcd.c **** 
 1672              		.loc 1 2169 9 discriminator 7 view .LVU582
2169:Drivers/STM32G4xx_HAL_Driver/Src/stm32g4xx_hal_pcd.c **** 
 1673              		.loc 1 2169 9 discriminator 7 view .LVU583
 1674 03cc 5909     		lsrs	r1, r3, #5
 1675              	.LVL191:
2169:Drivers/STM32G4xx_HAL_Driver/Src/stm32g4xx_hal_pcd.c **** 
 1676              		.loc 1 2169 9 discriminator 7 view .LVU584
ARM GAS  /tmp/cc2qdi8m.s 			page 77


 1677 03ce 13F01F0F 		tst	r3, #31
 1678 03d2 00D1     		bne	.L95
2169:Drivers/STM32G4xx_HAL_Driver/Src/stm32g4xx_hal_pcd.c **** 
 1679              		.loc 1 2169 9 discriminator 8 view .LVU585
 1680 03d4 0139     		subs	r1, r1, #1
 1681              	.LVL192:
 1682              	.L95:
2169:Drivers/STM32G4xx_HAL_Driver/Src/stm32g4xx_hal_pcd.c **** 
 1683              		.loc 1 2169 9 discriminator 9 view .LVU586
 1684 03d6 B2F80604 		ldrh	r0, [r2, #1030]
 1685 03da 8902     		lsls	r1, r1, #10
 1686              	.LVL193:
2169:Drivers/STM32G4xx_HAL_Driver/Src/stm32g4xx_hal_pcd.c **** 
 1687              		.loc 1 2169 9 is_stmt 0 discriminator 9 view .LVU587
 1688 03dc 89B2     		uxth	r1, r1
 1689 03de 0143     		orrs	r1, r1, r0
 1690 03e0 41F40041 		orr	r1, r1, #32768
 1691 03e4 A2F80614 		strh	r1, [r2, #1030]	@ movhi
 1692 03e8 01E0     		b	.L92
 1693              	.LVL194:
 1694              	.L90:
2169:Drivers/STM32G4xx_HAL_Driver/Src/stm32g4xx_hal_pcd.c **** 
 1695              		.loc 1 2169 9 discriminator 9 view .LVU588
 1696              	.LBE26:
 1697              	.LBE27:
2169:Drivers/STM32G4xx_HAL_Driver/Src/stm32g4xx_hal_pcd.c **** 
 1698              		.loc 1 2169 9 is_stmt 1 discriminator 11 view .LVU589
 1699 03ea 0129     		cmp	r1, #1
 1700 03ec 06D0     		beq	.L103
 1701              	.LVL195:
 1702              	.L92:
2169:Drivers/STM32G4xx_HAL_Driver/Src/stm32g4xx_hal_pcd.c **** 
 1703              		.loc 1 2169 9 is_stmt 0 discriminator 11 view .LVU590
 1704              	.LBE37:
2169:Drivers/STM32G4xx_HAL_Driver/Src/stm32g4xx_hal_pcd.c **** 
 1705              		.loc 1 2169 9 is_stmt 1 discriminator 13 view .LVU591
2172:Drivers/STM32G4xx_HAL_Driver/Src/stm32g4xx_hal_pcd.c ****       }
 1706              		.loc 1 2172 9 view .LVU592
 1707 03ee 9BB2     		uxth	r3, r3
 1708              	.LVL196:
2172:Drivers/STM32G4xx_HAL_Driver/Src/stm32g4xx_hal_pcd.c ****       }
 1709              		.loc 1 2172 9 is_stmt 0 view .LVU593
 1710 03f0 6289     		ldrh	r2, [r4, #10]
 1711 03f2 6169     		ldr	r1, [r4, #20]
 1712 03f4 2868     		ldr	r0, [r5]
 1713 03f6 FFF7FEFF 		bl	USB_WritePMA
 1714              	.LVL197:
 1715 03fa 30E6     		b	.L68
 1716              	.LVL198:
 1717              	.L103:
 1718              	.LBB38:
2169:Drivers/STM32G4xx_HAL_Driver/Src/stm32g4xx_hal_pcd.c **** 
 1719              		.loc 1 2169 9 is_stmt 1 discriminator 12 view .LVU594
 1720 03fc B2F85010 		ldrh	r1, [r2, #80]
 1721 0400 0A44     		add	r2, r2, r1
 1722              	.LVL199:
2169:Drivers/STM32G4xx_HAL_Driver/Src/stm32g4xx_hal_pcd.c **** 
ARM GAS  /tmp/cc2qdi8m.s 			page 78


 1723              		.loc 1 2169 9 discriminator 12 view .LVU595
 1724 0402 2178     		ldrb	r1, [r4]	@ zero_extendqisi2
 1725 0404 02EBC102 		add	r2, r2, r1, lsl #3
 1726              	.LVL200:
2169:Drivers/STM32G4xx_HAL_Driver/Src/stm32g4xx_hal_pcd.c **** 
 1727              		.loc 1 2169 9 discriminator 12 view .LVU596
 1728 0408 A2F80634 		strh	r3, [r2, #1030]	@ movhi
2169:Drivers/STM32G4xx_HAL_Driver/Src/stm32g4xx_hal_pcd.c **** 
 1729              		.loc 1 2169 9 is_stmt 0 discriminator 12 view .LVU597
 1730 040c EFE7     		b	.L92
 1731              	.LBE38:
 1732              		.cfi_endproc
 1733              	.LFE364:
 1735              		.section	.text.HAL_PCD_SetupStageCallback,"ax",%progbits
 1736              		.align	1
 1737              		.weak	HAL_PCD_SetupStageCallback
 1738              		.syntax unified
 1739              		.thumb
 1740              		.thumb_func
 1742              	HAL_PCD_SetupStageCallback:
 1743              	.LVL201:
 1744              	.LFB338:
1108:Drivers/STM32G4xx_HAL_Driver/Src/stm32g4xx_hal_pcd.c ****   /* Prevent unused argument(s) compilation warning */
 1745              		.loc 1 1108 1 is_stmt 1 view -0
 1746              		.cfi_startproc
 1747              		@ args = 0, pretend = 0, frame = 0
 1748              		@ frame_needed = 0, uses_anonymous_args = 0
 1749              		@ link register save eliminated.
1110:Drivers/STM32G4xx_HAL_Driver/Src/stm32g4xx_hal_pcd.c **** 
 1750              		.loc 1 1110 3 view .LVU599
1115:Drivers/STM32G4xx_HAL_Driver/Src/stm32g4xx_hal_pcd.c **** 
 1751              		.loc 1 1115 1 is_stmt 0 view .LVU600
 1752 0000 7047     		bx	lr
 1753              		.cfi_endproc
 1754              	.LFE338:
 1756              		.section	.text.PCD_EP_ISR_Handler,"ax",%progbits
 1757              		.align	1
 1758              		.syntax unified
 1759              		.thumb
 1760              		.thumb_func
 1762              	PCD_EP_ISR_Handler:
 1763              	.LVL202:
 1764              	.LFB362:
1631:Drivers/STM32G4xx_HAL_Driver/Src/stm32g4xx_hal_pcd.c ****   PCD_EPTypeDef *ep;
 1765              		.loc 1 1631 1 is_stmt 1 view -0
 1766              		.cfi_startproc
 1767              		@ args = 0, pretend = 0, frame = 0
 1768              		@ frame_needed = 0, uses_anonymous_args = 0
1631:Drivers/STM32G4xx_HAL_Driver/Src/stm32g4xx_hal_pcd.c ****   PCD_EPTypeDef *ep;
 1769              		.loc 1 1631 1 is_stmt 0 view .LVU602
 1770 0000 2DE9F047 		push	{r4, r5, r6, r7, r8, r9, r10, lr}
 1771              	.LCFI9:
 1772              		.cfi_def_cfa_offset 32
 1773              		.cfi_offset 4, -32
 1774              		.cfi_offset 5, -28
 1775              		.cfi_offset 6, -24
 1776              		.cfi_offset 7, -20
ARM GAS  /tmp/cc2qdi8m.s 			page 79


 1777              		.cfi_offset 8, -16
 1778              		.cfi_offset 9, -12
 1779              		.cfi_offset 10, -8
 1780              		.cfi_offset 14, -4
 1781 0004 0446     		mov	r4, r0
1632:Drivers/STM32G4xx_HAL_Driver/Src/stm32g4xx_hal_pcd.c ****   uint16_t count;
 1782              		.loc 1 1632 3 is_stmt 1 view .LVU603
1633:Drivers/STM32G4xx_HAL_Driver/Src/stm32g4xx_hal_pcd.c ****   uint16_t wIstr;
 1783              		.loc 1 1633 3 view .LVU604
1634:Drivers/STM32G4xx_HAL_Driver/Src/stm32g4xx_hal_pcd.c ****   uint16_t wEPVal;
 1784              		.loc 1 1634 3 view .LVU605
1635:Drivers/STM32G4xx_HAL_Driver/Src/stm32g4xx_hal_pcd.c ****   uint16_t TxPctSize;
 1785              		.loc 1 1635 3 view .LVU606
1636:Drivers/STM32G4xx_HAL_Driver/Src/stm32g4xx_hal_pcd.c ****   uint8_t epindex;
 1786              		.loc 1 1636 3 view .LVU607
1637:Drivers/STM32G4xx_HAL_Driver/Src/stm32g4xx_hal_pcd.c **** 
 1787              		.loc 1 1637 3 view .LVU608
1644:Drivers/STM32G4xx_HAL_Driver/Src/stm32g4xx_hal_pcd.c ****   {
 1788              		.loc 1 1644 3 view .LVU609
1644:Drivers/STM32G4xx_HAL_Driver/Src/stm32g4xx_hal_pcd.c ****   {
 1789              		.loc 1 1644 9 is_stmt 0 view .LVU610
 1790 0006 3AE0     		b	.L106
 1791              	.LVL203:
 1792              	.L138:
1667:Drivers/STM32G4xx_HAL_Driver/Src/stm32g4xx_hal_pcd.c ****         ep = &hpcd->IN_ep[0];
 1793              		.loc 1 1667 9 is_stmt 1 view .LVU611
 1794              	.LBB39:
1667:Drivers/STM32G4xx_HAL_Driver/Src/stm32g4xx_hal_pcd.c ****         ep = &hpcd->IN_ep[0];
 1795              		.loc 1 1667 9 view .LVU612
1667:Drivers/STM32G4xx_HAL_Driver/Src/stm32g4xx_hal_pcd.c ****         ep = &hpcd->IN_ep[0];
 1796              		.loc 1 1667 9 view .LVU613
 1797 0008 0388     		ldrh	r3, [r0]
 1798              	.LVL204:
1667:Drivers/STM32G4xx_HAL_Driver/Src/stm32g4xx_hal_pcd.c ****         ep = &hpcd->IN_ep[0];
 1799              		.loc 1 1667 9 is_stmt 0 view .LVU614
 1800 000a 23F4E143 		bic	r3, r3, #28800
 1801 000e 23F07003 		bic	r3, r3, #112
 1802              	.LVL205:
1667:Drivers/STM32G4xx_HAL_Driver/Src/stm32g4xx_hal_pcd.c ****         ep = &hpcd->IN_ep[0];
 1803              		.loc 1 1667 9 is_stmt 1 view .LVU615
 1804 0012 6FEA4343 		mvn	r3, r3, lsl #17
 1805              	.LVL206:
1667:Drivers/STM32G4xx_HAL_Driver/Src/stm32g4xx_hal_pcd.c ****         ep = &hpcd->IN_ep[0];
 1806              		.loc 1 1667 9 is_stmt 0 view .LVU616
 1807 0016 6FEA5343 		mvn	r3, r3, lsr #17
 1808 001a 0380     		strh	r3, [r0]	@ movhi
 1809              	.LBE39:
1667:Drivers/STM32G4xx_HAL_Driver/Src/stm32g4xx_hal_pcd.c ****         ep = &hpcd->IN_ep[0];
 1810              		.loc 1 1667 9 is_stmt 1 view .LVU617
1668:Drivers/STM32G4xx_HAL_Driver/Src/stm32g4xx_hal_pcd.c **** 
 1811              		.loc 1 1668 9 view .LVU618
 1812              	.LVL207:
1670:Drivers/STM32G4xx_HAL_Driver/Src/stm32g4xx_hal_pcd.c ****         ep->xfer_buff += ep->xfer_count;
 1813              		.loc 1 1670 9 view .LVU619
1670:Drivers/STM32G4xx_HAL_Driver/Src/stm32g4xx_hal_pcd.c ****         ep->xfer_buff += ep->xfer_count;
 1814              		.loc 1 1670 26 is_stmt 0 view .LVU620
 1815 001c 2268     		ldr	r2, [r4]
ARM GAS  /tmp/cc2qdi8m.s 			page 80


 1816 001e B2F85030 		ldrh	r3, [r2, #80]
 1817 0022 217C     		ldrb	r1, [r4, #16]	@ zero_extendqisi2
 1818 0024 03EBC103 		add	r3, r3, r1, lsl #3
 1819 0028 1344     		add	r3, r3, r2
 1820 002a B3F80234 		ldrh	r3, [r3, #1026]
 1821 002e C3F30903 		ubfx	r3, r3, #0, #10
1670:Drivers/STM32G4xx_HAL_Driver/Src/stm32g4xx_hal_pcd.c ****         ep->xfer_buff += ep->xfer_count;
 1822              		.loc 1 1670 24 view .LVU621
 1823 0032 E362     		str	r3, [r4, #44]
1671:Drivers/STM32G4xx_HAL_Driver/Src/stm32g4xx_hal_pcd.c **** 
 1824              		.loc 1 1671 9 is_stmt 1 view .LVU622
1671:Drivers/STM32G4xx_HAL_Driver/Src/stm32g4xx_hal_pcd.c **** 
 1825              		.loc 1 1671 11 is_stmt 0 view .LVU623
 1826 0034 626A     		ldr	r2, [r4, #36]
1671:Drivers/STM32G4xx_HAL_Driver/Src/stm32g4xx_hal_pcd.c **** 
 1827              		.loc 1 1671 23 view .LVU624
 1828 0036 1A44     		add	r2, r2, r3
 1829 0038 6262     		str	r2, [r4, #36]
1677:Drivers/STM32G4xx_HAL_Driver/Src/stm32g4xx_hal_pcd.c **** #endif /* USE_HAL_PCD_REGISTER_CALLBACKS */
 1830              		.loc 1 1677 9 is_stmt 1 view .LVU625
 1831 003a 2946     		mov	r1, r5
 1832 003c 2046     		mov	r0, r4
 1833 003e FFF7FEFF 		bl	HAL_PCD_DataInStageCallback
 1834              	.LVL208:
1680:Drivers/STM32G4xx_HAL_Driver/Src/stm32g4xx_hal_pcd.c ****         {
 1835              		.loc 1 1680 9 view .LVU626
1680:Drivers/STM32G4xx_HAL_Driver/Src/stm32g4xx_hal_pcd.c ****         {
 1836              		.loc 1 1680 18 is_stmt 0 view .LVU627
 1837 0042 237B     		ldrb	r3, [r4, #12]	@ zero_extendqisi2
1680:Drivers/STM32G4xx_HAL_Driver/Src/stm32g4xx_hal_pcd.c ****         {
 1838              		.loc 1 1680 12 view .LVU628
 1839 0044 DBB1     		cbz	r3, .L106
1680:Drivers/STM32G4xx_HAL_Driver/Src/stm32g4xx_hal_pcd.c ****         {
 1840              		.loc 1 1680 44 discriminator 1 view .LVU629
 1841 0046 A36A     		ldr	r3, [r4, #40]
1680:Drivers/STM32G4xx_HAL_Driver/Src/stm32g4xx_hal_pcd.c ****         {
 1842              		.loc 1 1680 38 discriminator 1 view .LVU630
 1843 0048 CBB9     		cbnz	r3, .L106
1682:Drivers/STM32G4xx_HAL_Driver/Src/stm32g4xx_hal_pcd.c ****           hpcd->USB_Address = 0U;
 1844              		.loc 1 1682 11 is_stmt 1 view .LVU631
1682:Drivers/STM32G4xx_HAL_Driver/Src/stm32g4xx_hal_pcd.c ****           hpcd->USB_Address = 0U;
 1845              		.loc 1 1682 50 is_stmt 0 view .LVU632
 1846 004a 237B     		ldrb	r3, [r4, #12]	@ zero_extendqisi2
1682:Drivers/STM32G4xx_HAL_Driver/Src/stm32g4xx_hal_pcd.c ****           hpcd->USB_Address = 0U;
 1847              		.loc 1 1682 15 view .LVU633
 1848 004c 2268     		ldr	r2, [r4]
1682:Drivers/STM32G4xx_HAL_Driver/Src/stm32g4xx_hal_pcd.c ****           hpcd->USB_Address = 0U;
 1849              		.loc 1 1682 33 view .LVU634
 1850 004e 43F08003 		orr	r3, r3, #128
 1851 0052 A2F84C30 		strh	r3, [r2, #76]	@ movhi
1683:Drivers/STM32G4xx_HAL_Driver/Src/stm32g4xx_hal_pcd.c ****         }
 1852              		.loc 1 1683 11 is_stmt 1 view .LVU635
1683:Drivers/STM32G4xx_HAL_Driver/Src/stm32g4xx_hal_pcd.c ****         }
 1853              		.loc 1 1683 29 is_stmt 0 view .LVU636
 1854 0056 2573     		strb	r5, [r4, #12]
 1855 0058 11E0     		b	.L106
 1856              	.LVL209:
ARM GAS  /tmp/cc2qdi8m.s 			page 81


 1857              	.L112:
1712:Drivers/STM32G4xx_HAL_Driver/Src/stm32g4xx_hal_pcd.c ****                       ep->pmaadress, (uint16_t)ep->xfer_count);
 1858              		.loc 1 1712 11 is_stmt 1 view .LVU637
 1859 005a B4F85621 		ldrh	r2, [r4, #342]
 1860 005e 04F52671 		add	r1, r4, #664
 1861 0062 FFF7FEFF 		bl	USB_ReadPMA
 1862              	.LVL210:
1716:Drivers/STM32G4xx_HAL_Driver/Src/stm32g4xx_hal_pcd.c **** 
 1863              		.loc 1 1716 11 view .LVU638
 1864              	.LBB40:
1716:Drivers/STM32G4xx_HAL_Driver/Src/stm32g4xx_hal_pcd.c **** 
 1865              		.loc 1 1716 11 view .LVU639
1716:Drivers/STM32G4xx_HAL_Driver/Src/stm32g4xx_hal_pcd.c **** 
 1866              		.loc 1 1716 11 view .LVU640
 1867 0066 2268     		ldr	r2, [r4]
 1868 0068 1388     		ldrh	r3, [r2]
 1869 006a 23F07003 		bic	r3, r3, #112
 1870 006e 1B05     		lsls	r3, r3, #20
 1871 0070 1B0D     		lsrs	r3, r3, #20
 1872              	.LVL211:
1716:Drivers/STM32G4xx_HAL_Driver/Src/stm32g4xx_hal_pcd.c **** 
 1873              		.loc 1 1716 11 view .LVU641
 1874 0072 43F08003 		orr	r3, r3, #128
 1875              	.LVL212:
1716:Drivers/STM32G4xx_HAL_Driver/Src/stm32g4xx_hal_pcd.c **** 
 1876              		.loc 1 1716 11 is_stmt 0 view .LVU642
 1877 0076 1380     		strh	r3, [r2]	@ movhi
 1878              	.LBE40:
1716:Drivers/STM32G4xx_HAL_Driver/Src/stm32g4xx_hal_pcd.c **** 
 1879              		.loc 1 1716 11 is_stmt 1 view .LVU643
1722:Drivers/STM32G4xx_HAL_Driver/Src/stm32g4xx_hal_pcd.c **** #endif /* USE_HAL_PCD_REGISTER_CALLBACKS */
 1880              		.loc 1 1722 11 view .LVU644
 1881 0078 2046     		mov	r0, r4
 1882 007a FFF7FEFF 		bl	HAL_PCD_SetupStageCallback
 1883              	.LVL213:
 1884              	.L106:
1644:Drivers/STM32G4xx_HAL_Driver/Src/stm32g4xx_hal_pcd.c ****   {
 1885              		.loc 1 1644 48 discriminator 1 view .LVU645
1644:Drivers/STM32G4xx_HAL_Driver/Src/stm32g4xx_hal_pcd.c ****   {
 1886              		.loc 1 1644 15 is_stmt 0 discriminator 1 view .LVU646
 1887 007e 2068     		ldr	r0, [r4]
1644:Drivers/STM32G4xx_HAL_Driver/Src/stm32g4xx_hal_pcd.c ****   {
 1888              		.loc 1 1644 48 discriminator 1 view .LVU647
 1889 0080 B0F94430 		ldrsh	r3, [r0, #68]
 1890 0084 002B     		cmp	r3, #0
 1891 0086 80F21B82 		bge	.L137
1646:Drivers/STM32G4xx_HAL_Driver/Src/stm32g4xx_hal_pcd.c **** 
 1892              		.loc 1 1646 5 is_stmt 1 view .LVU648
1646:Drivers/STM32G4xx_HAL_Driver/Src/stm32g4xx_hal_pcd.c **** 
 1893              		.loc 1 1646 11 is_stmt 0 view .LVU649
 1894 008a B0F84430 		ldrh	r3, [r0, #68]
 1895              	.LVL214:
1649:Drivers/STM32G4xx_HAL_Driver/Src/stm32g4xx_hal_pcd.c **** 
 1896              		.loc 1 1649 5 is_stmt 1 view .LVU650
1649:Drivers/STM32G4xx_HAL_Driver/Src/stm32g4xx_hal_pcd.c **** 
 1897              		.loc 1 1649 13 is_stmt 0 view .LVU651
 1898 008e 03F00F05 		and	r5, r3, #15
ARM GAS  /tmp/cc2qdi8m.s 			page 82


 1899              	.LVL215:
1651:Drivers/STM32G4xx_HAL_Driver/Src/stm32g4xx_hal_pcd.c ****     {
 1900              		.loc 1 1651 5 is_stmt 1 view .LVU652
1651:Drivers/STM32G4xx_HAL_Driver/Src/stm32g4xx_hal_pcd.c ****     {
 1901              		.loc 1 1651 8 is_stmt 0 view .LVU653
 1902 0092 13F0080F 		tst	r3, #8
 1903 0096 40F01782 		bne	.L135
1656:Drivers/STM32G4xx_HAL_Driver/Src/stm32g4xx_hal_pcd.c ****     {
 1904              		.loc 1 1656 5 is_stmt 1 view .LVU654
1656:Drivers/STM32G4xx_HAL_Driver/Src/stm32g4xx_hal_pcd.c ****     {
 1905              		.loc 1 1656 8 is_stmt 0 view .LVU655
 1906 009a 002D     		cmp	r5, #0
 1907 009c 6FD1     		bne	.L108
1661:Drivers/STM32G4xx_HAL_Driver/Src/stm32g4xx_hal_pcd.c ****       {
 1908              		.loc 1 1661 7 is_stmt 1 view .LVU656
1661:Drivers/STM32G4xx_HAL_Driver/Src/stm32g4xx_hal_pcd.c ****       {
 1909              		.loc 1 1661 10 is_stmt 0 view .LVU657
 1910 009e 13F0100F 		tst	r3, #16
 1911 00a2 B1D0     		beq	.L138
1692:Drivers/STM32G4xx_HAL_Driver/Src/stm32g4xx_hal_pcd.c ****         wEPVal = PCD_GET_ENDPOINT(hpcd->Instance, PCD_ENDP0);
 1912              		.loc 1 1692 9 is_stmt 1 view .LVU658
 1913              	.LVL216:
1693:Drivers/STM32G4xx_HAL_Driver/Src/stm32g4xx_hal_pcd.c **** 
 1914              		.loc 1 1693 9 view .LVU659
1693:Drivers/STM32G4xx_HAL_Driver/Src/stm32g4xx_hal_pcd.c **** 
 1915              		.loc 1 1693 16 is_stmt 0 view .LVU660
 1916 00a4 0388     		ldrh	r3, [r0]
 1917              	.LVL217:
1695:Drivers/STM32G4xx_HAL_Driver/Src/stm32g4xx_hal_pcd.c ****         {
 1918              		.loc 1 1695 9 is_stmt 1 view .LVU661
1695:Drivers/STM32G4xx_HAL_Driver/Src/stm32g4xx_hal_pcd.c ****         {
 1919              		.loc 1 1695 12 is_stmt 0 view .LVU662
 1920 00a6 13F4006F 		tst	r3, #2048
 1921 00aa 2DD0     		beq	.L111
1698:Drivers/STM32G4xx_HAL_Driver/Src/stm32g4xx_hal_pcd.c **** 
 1922              		.loc 1 1698 11 is_stmt 1 view .LVU663
1698:Drivers/STM32G4xx_HAL_Driver/Src/stm32g4xx_hal_pcd.c **** 
 1923              		.loc 1 1698 28 is_stmt 0 view .LVU664
 1924 00ac B0F85030 		ldrh	r3, [r0, #80]
 1925              	.LVL218:
1698:Drivers/STM32G4xx_HAL_Driver/Src/stm32g4xx_hal_pcd.c **** 
 1926              		.loc 1 1698 28 view .LVU665
 1927 00b0 94F85021 		ldrb	r2, [r4, #336]	@ zero_extendqisi2
 1928 00b4 03EBC203 		add	r3, r3, r2, lsl #3
 1929 00b8 0344     		add	r3, r3, r0
 1930 00ba B3F80634 		ldrh	r3, [r3, #1030]
 1931 00be C3F30903 		ubfx	r3, r3, #0, #10
1698:Drivers/STM32G4xx_HAL_Driver/Src/stm32g4xx_hal_pcd.c **** 
 1932              		.loc 1 1698 26 view .LVU666
 1933 00c2 C4F86C31 		str	r3, [r4, #364]
1700:Drivers/STM32G4xx_HAL_Driver/Src/stm32g4xx_hal_pcd.c ****           {
 1934              		.loc 1 1700 11 is_stmt 1 view .LVU667
1700:Drivers/STM32G4xx_HAL_Driver/Src/stm32g4xx_hal_pcd.c ****           {
 1935              		.loc 1 1700 14 is_stmt 0 view .LVU668
 1936 00c6 082B     		cmp	r3, #8
 1937 00c8 C7D0     		beq	.L112
1703:Drivers/STM32G4xx_HAL_Driver/Src/stm32g4xx_hal_pcd.c ****             PCD_SET_EP_TX_STATUS(hpcd->Instance, PCD_ENDP0, USB_EP_TX_STALL);
ARM GAS  /tmp/cc2qdi8m.s 			page 83


 1938              		.loc 1 1703 13 is_stmt 1 view .LVU669
 1939              	.LBB41:
1703:Drivers/STM32G4xx_HAL_Driver/Src/stm32g4xx_hal_pcd.c ****             PCD_SET_EP_TX_STATUS(hpcd->Instance, PCD_ENDP0, USB_EP_TX_STALL);
 1940              		.loc 1 1703 13 view .LVU670
1703:Drivers/STM32G4xx_HAL_Driver/Src/stm32g4xx_hal_pcd.c ****             PCD_SET_EP_TX_STATUS(hpcd->Instance, PCD_ENDP0, USB_EP_TX_STALL);
 1941              		.loc 1 1703 13 view .LVU671
 1942 00ca 0388     		ldrh	r3, [r0]
 1943 00cc 23F48043 		bic	r3, r3, #16384
 1944 00d0 23F07003 		bic	r3, r3, #112
 1945              	.LVL219:
1703:Drivers/STM32G4xx_HAL_Driver/Src/stm32g4xx_hal_pcd.c ****             PCD_SET_EP_TX_STATUS(hpcd->Instance, PCD_ENDP0, USB_EP_TX_STALL);
 1946              		.loc 1 1703 13 view .LVU672
1703:Drivers/STM32G4xx_HAL_Driver/Src/stm32g4xx_hal_pcd.c ****             PCD_SET_EP_TX_STATUS(hpcd->Instance, PCD_ENDP0, USB_EP_TX_STALL);
 1947              		.loc 1 1703 13 discriminator 1 view .LVU673
 1948 00d4 83F48053 		eor	r3, r3, #4096
 1949              	.LVL220:
1703:Drivers/STM32G4xx_HAL_Driver/Src/stm32g4xx_hal_pcd.c ****             PCD_SET_EP_TX_STATUS(hpcd->Instance, PCD_ENDP0, USB_EP_TX_STALL);
 1950              		.loc 1 1703 13 discriminator 2 view .LVU674
1703:Drivers/STM32G4xx_HAL_Driver/Src/stm32g4xx_hal_pcd.c ****             PCD_SET_EP_TX_STATUS(hpcd->Instance, PCD_ENDP0, USB_EP_TX_STALL);
 1951              		.loc 1 1703 13 discriminator 4 view .LVU675
 1952 00d8 48F28001 		movw	r1, #32896
 1953 00dc 0B43     		orrs	r3, r3, r1
 1954              	.LVL221:
1703:Drivers/STM32G4xx_HAL_Driver/Src/stm32g4xx_hal_pcd.c ****             PCD_SET_EP_TX_STATUS(hpcd->Instance, PCD_ENDP0, USB_EP_TX_STALL);
 1955              		.loc 1 1703 13 is_stmt 0 discriminator 4 view .LVU676
 1956 00de 0380     		strh	r3, [r0]	@ movhi
 1957              	.LBE41:
1703:Drivers/STM32G4xx_HAL_Driver/Src/stm32g4xx_hal_pcd.c ****             PCD_SET_EP_TX_STATUS(hpcd->Instance, PCD_ENDP0, USB_EP_TX_STALL);
 1958              		.loc 1 1703 13 is_stmt 1 discriminator 4 view .LVU677
1704:Drivers/STM32G4xx_HAL_Driver/Src/stm32g4xx_hal_pcd.c **** 
 1959              		.loc 1 1704 13 view .LVU678
 1960              	.LBB42:
1704:Drivers/STM32G4xx_HAL_Driver/Src/stm32g4xx_hal_pcd.c **** 
 1961              		.loc 1 1704 13 view .LVU679
1704:Drivers/STM32G4xx_HAL_Driver/Src/stm32g4xx_hal_pcd.c **** 
 1962              		.loc 1 1704 13 view .LVU680
 1963 00e0 2268     		ldr	r2, [r4]
 1964 00e2 1388     		ldrh	r3, [r2]
 1965 00e4 23F4E043 		bic	r3, r3, #28672
 1966 00e8 23F04003 		bic	r3, r3, #64
 1967              	.LVL222:
1704:Drivers/STM32G4xx_HAL_Driver/Src/stm32g4xx_hal_pcd.c **** 
 1968              		.loc 1 1704 13 view .LVU681
1704:Drivers/STM32G4xx_HAL_Driver/Src/stm32g4xx_hal_pcd.c **** 
 1969              		.loc 1 1704 13 discriminator 1 view .LVU682
 1970 00ec 83F01003 		eor	r3, r3, #16
 1971              	.LVL223:
1704:Drivers/STM32G4xx_HAL_Driver/Src/stm32g4xx_hal_pcd.c **** 
 1972              		.loc 1 1704 13 discriminator 2 view .LVU683
1704:Drivers/STM32G4xx_HAL_Driver/Src/stm32g4xx_hal_pcd.c **** 
 1973              		.loc 1 1704 13 discriminator 4 view .LVU684
 1974 00f0 0B43     		orrs	r3, r3, r1
 1975              	.LVL224:
1704:Drivers/STM32G4xx_HAL_Driver/Src/stm32g4xx_hal_pcd.c **** 
 1976              		.loc 1 1704 13 is_stmt 0 discriminator 4 view .LVU685
 1977 00f2 1380     		strh	r3, [r2]	@ movhi
 1978              	.LBE42:
ARM GAS  /tmp/cc2qdi8m.s 			page 84


1704:Drivers/STM32G4xx_HAL_Driver/Src/stm32g4xx_hal_pcd.c **** 
 1979              		.loc 1 1704 13 is_stmt 1 discriminator 4 view .LVU686
1707:Drivers/STM32G4xx_HAL_Driver/Src/stm32g4xx_hal_pcd.c **** 
 1980              		.loc 1 1707 13 view .LVU687
 1981              	.LBB43:
1707:Drivers/STM32G4xx_HAL_Driver/Src/stm32g4xx_hal_pcd.c **** 
 1982              		.loc 1 1707 13 view .LVU688
1707:Drivers/STM32G4xx_HAL_Driver/Src/stm32g4xx_hal_pcd.c **** 
 1983              		.loc 1 1707 13 view .LVU689
 1984 00f4 2268     		ldr	r2, [r4]
 1985 00f6 1388     		ldrh	r3, [r2]
 1986 00f8 23F07003 		bic	r3, r3, #112
 1987 00fc 1B05     		lsls	r3, r3, #20
 1988 00fe 1B0D     		lsrs	r3, r3, #20
 1989              	.LVL225:
1707:Drivers/STM32G4xx_HAL_Driver/Src/stm32g4xx_hal_pcd.c **** 
 1990              		.loc 1 1707 13 view .LVU690
 1991 0100 43F08003 		orr	r3, r3, #128
 1992              	.LVL226:
1707:Drivers/STM32G4xx_HAL_Driver/Src/stm32g4xx_hal_pcd.c **** 
 1993              		.loc 1 1707 13 is_stmt 0 view .LVU691
 1994 0104 1380     		strh	r3, [r2]	@ movhi
 1995              	.LBE43:
1707:Drivers/STM32G4xx_HAL_Driver/Src/stm32g4xx_hal_pcd.c **** 
 1996              		.loc 1 1707 13 is_stmt 1 view .LVU692
1709:Drivers/STM32G4xx_HAL_Driver/Src/stm32g4xx_hal_pcd.c ****           }
 1997              		.loc 1 1709 13 view .LVU693
1709:Drivers/STM32G4xx_HAL_Driver/Src/stm32g4xx_hal_pcd.c ****           }
 1998              		.loc 1 1709 20 is_stmt 0 view .LVU694
 1999 0106 DCE1     		b	.L107
 2000              	.LVL227:
 2001              	.L111:
1725:Drivers/STM32G4xx_HAL_Driver/Src/stm32g4xx_hal_pcd.c ****         {
 2002              		.loc 1 1725 14 is_stmt 1 view .LVU695
1725:Drivers/STM32G4xx_HAL_Driver/Src/stm32g4xx_hal_pcd.c ****         {
 2003              		.loc 1 1725 17 is_stmt 0 view .LVU696
 2004 0108 13F4004F 		tst	r3, #32768
 2005 010c B7D0     		beq	.L106
1727:Drivers/STM32G4xx_HAL_Driver/Src/stm32g4xx_hal_pcd.c **** 
 2006              		.loc 1 1727 11 is_stmt 1 view .LVU697
 2007              	.LBB44:
1727:Drivers/STM32G4xx_HAL_Driver/Src/stm32g4xx_hal_pcd.c **** 
 2008              		.loc 1 1727 11 view .LVU698
1727:Drivers/STM32G4xx_HAL_Driver/Src/stm32g4xx_hal_pcd.c **** 
 2009              		.loc 1 1727 11 view .LVU699
 2010 010e 0388     		ldrh	r3, [r0]
 2011              	.LVL228:
1727:Drivers/STM32G4xx_HAL_Driver/Src/stm32g4xx_hal_pcd.c **** 
 2012              		.loc 1 1727 11 is_stmt 0 view .LVU700
 2013 0110 23F07003 		bic	r3, r3, #112
 2014 0114 1B05     		lsls	r3, r3, #20
 2015 0116 1B0D     		lsrs	r3, r3, #20
 2016              	.LVL229:
1727:Drivers/STM32G4xx_HAL_Driver/Src/stm32g4xx_hal_pcd.c **** 
 2017              		.loc 1 1727 11 is_stmt 1 view .LVU701
 2018 0118 43F08003 		orr	r3, r3, #128
 2019              	.LVL230:
ARM GAS  /tmp/cc2qdi8m.s 			page 85


1727:Drivers/STM32G4xx_HAL_Driver/Src/stm32g4xx_hal_pcd.c **** 
 2020              		.loc 1 1727 11 is_stmt 0 view .LVU702
 2021 011c 0380     		strh	r3, [r0]	@ movhi
 2022              	.LBE44:
1727:Drivers/STM32G4xx_HAL_Driver/Src/stm32g4xx_hal_pcd.c **** 
 2023              		.loc 1 1727 11 is_stmt 1 view .LVU703
1730:Drivers/STM32G4xx_HAL_Driver/Src/stm32g4xx_hal_pcd.c **** 
 2024              		.loc 1 1730 11 view .LVU704
1730:Drivers/STM32G4xx_HAL_Driver/Src/stm32g4xx_hal_pcd.c **** 
 2025              		.loc 1 1730 28 is_stmt 0 view .LVU705
 2026 011e 2068     		ldr	r0, [r4]
 2027 0120 B0F85030 		ldrh	r3, [r0, #80]
 2028 0124 94F85021 		ldrb	r2, [r4, #336]	@ zero_extendqisi2
 2029 0128 03EBC203 		add	r3, r3, r2, lsl #3
 2030 012c 0344     		add	r3, r3, r0
 2031 012e B3F80634 		ldrh	r3, [r3, #1030]
 2032 0132 C3F30903 		ubfx	r3, r3, #0, #10
1730:Drivers/STM32G4xx_HAL_Driver/Src/stm32g4xx_hal_pcd.c **** 
 2033              		.loc 1 1730 26 view .LVU706
 2034 0136 C4F86C31 		str	r3, [r4, #364]
1732:Drivers/STM32G4xx_HAL_Driver/Src/stm32g4xx_hal_pcd.c ****           {
 2035              		.loc 1 1732 11 is_stmt 1 view .LVU707
1732:Drivers/STM32G4xx_HAL_Driver/Src/stm32g4xx_hal_pcd.c ****           {
 2036              		.loc 1 1732 14 is_stmt 0 view .LVU708
 2037 013a 63B9     		cbnz	r3, .L113
1735:Drivers/STM32G4xx_HAL_Driver/Src/stm32g4xx_hal_pcd.c ****           }
 2038              		.loc 1 1735 13 is_stmt 1 view .LVU709
 2039              	.LBB45:
1735:Drivers/STM32G4xx_HAL_Driver/Src/stm32g4xx_hal_pcd.c ****           }
 2040              		.loc 1 1735 13 view .LVU710
1735:Drivers/STM32G4xx_HAL_Driver/Src/stm32g4xx_hal_pcd.c ****           }
 2041              		.loc 1 1735 13 view .LVU711
 2042 013c 0388     		ldrh	r3, [r0]
 2043 013e 23F48043 		bic	r3, r3, #16384
 2044 0142 23F07003 		bic	r3, r3, #112
1735:Drivers/STM32G4xx_HAL_Driver/Src/stm32g4xx_hal_pcd.c ****           }
 2045              		.loc 1 1735 13 view .LVU712
1735:Drivers/STM32G4xx_HAL_Driver/Src/stm32g4xx_hal_pcd.c ****           }
 2046              		.loc 1 1735 13 discriminator 1 view .LVU713
 2047              	.LVL231:
1735:Drivers/STM32G4xx_HAL_Driver/Src/stm32g4xx_hal_pcd.c ****           }
 2048              		.loc 1 1735 13 discriminator 2 view .LVU714
1735:Drivers/STM32G4xx_HAL_Driver/Src/stm32g4xx_hal_pcd.c ****           }
 2049              		.loc 1 1735 13 discriminator 3 view .LVU715
 2050 0146 83F44053 		eor	r3, r3, #12288
 2051              	.LVL232:
1735:Drivers/STM32G4xx_HAL_Driver/Src/stm32g4xx_hal_pcd.c ****           }
 2052              		.loc 1 1735 13 discriminator 4 view .LVU716
 2053 014a 43F40043 		orr	r3, r3, #32768
 2054              	.LVL233:
1735:Drivers/STM32G4xx_HAL_Driver/Src/stm32g4xx_hal_pcd.c ****           }
 2055              		.loc 1 1735 13 is_stmt 0 discriminator 4 view .LVU717
 2056 014e 43F08003 		orr	r3, r3, #128
 2057 0152 0380     		strh	r3, [r0]	@ movhi
 2058              	.LBE45:
1735:Drivers/STM32G4xx_HAL_Driver/Src/stm32g4xx_hal_pcd.c ****           }
 2059              		.loc 1 1735 13 is_stmt 1 discriminator 4 view .LVU718
ARM GAS  /tmp/cc2qdi8m.s 			page 86


 2060 0154 93E7     		b	.L106
 2061              	.LVL234:
 2062              	.L113:
1739:Drivers/STM32G4xx_HAL_Driver/Src/stm32g4xx_hal_pcd.c ****             {
 2063              		.loc 1 1739 13 view .LVU719
1739:Drivers/STM32G4xx_HAL_Driver/Src/stm32g4xx_hal_pcd.c ****             {
 2064              		.loc 1 1739 19 is_stmt 0 view .LVU720
 2065 0156 D4F86411 		ldr	r1, [r4, #356]
1739:Drivers/STM32G4xx_HAL_Driver/Src/stm32g4xx_hal_pcd.c ****             {
 2066              		.loc 1 1739 16 view .LVU721
 2067 015a 0029     		cmp	r1, #0
 2068 015c 8FD0     		beq	.L106
1741:Drivers/STM32G4xx_HAL_Driver/Src/stm32g4xx_hal_pcd.c ****                           ep->pmaadress, (uint16_t)ep->xfer_count);  /* max 64bytes */
 2069              		.loc 1 1741 15 is_stmt 1 view .LVU722
 2070 015e B4F85621 		ldrh	r2, [r4, #342]
 2071 0162 FFF7FEFF 		bl	USB_ReadPMA
 2072              	.LVL235:
1744:Drivers/STM32G4xx_HAL_Driver/Src/stm32g4xx_hal_pcd.c **** 
 2073              		.loc 1 1744 15 view .LVU723
1744:Drivers/STM32G4xx_HAL_Driver/Src/stm32g4xx_hal_pcd.c **** 
 2074              		.loc 1 1744 17 is_stmt 0 view .LVU724
 2075 0166 D4F86431 		ldr	r3, [r4, #356]
1744:Drivers/STM32G4xx_HAL_Driver/Src/stm32g4xx_hal_pcd.c **** 
 2076              		.loc 1 1744 34 view .LVU725
 2077 016a D4F86C21 		ldr	r2, [r4, #364]
1744:Drivers/STM32G4xx_HAL_Driver/Src/stm32g4xx_hal_pcd.c **** 
 2078              		.loc 1 1744 29 view .LVU726
 2079 016e 1344     		add	r3, r3, r2
 2080 0170 C4F86431 		str	r3, [r4, #356]
1750:Drivers/STM32G4xx_HAL_Driver/Src/stm32g4xx_hal_pcd.c **** #endif /* USE_HAL_PCD_REGISTER_CALLBACKS */
 2081              		.loc 1 1750 15 is_stmt 1 view .LVU727
 2082 0174 0021     		movs	r1, #0
 2083 0176 2046     		mov	r0, r4
 2084 0178 FFF7FEFF 		bl	HAL_PCD_DataOutStageCallback
 2085              	.LVL236:
 2086 017c 7FE7     		b	.L106
 2087              	.LVL237:
 2088              	.L108:
1761:Drivers/STM32G4xx_HAL_Driver/Src/stm32g4xx_hal_pcd.c **** 
 2089              		.loc 1 1761 7 view .LVU728
1761:Drivers/STM32G4xx_HAL_Driver/Src/stm32g4xx_hal_pcd.c **** 
 2090              		.loc 1 1761 16 is_stmt 0 view .LVU729
 2091 017e AF00     		lsls	r7, r5, #2
1761:Drivers/STM32G4xx_HAL_Driver/Src/stm32g4xx_hal_pcd.c **** 
 2092              		.loc 1 1761 14 view .LVU730
 2093 0180 30F82560 		ldrh	r6, [r0, r5, lsl #2]
 2094              	.LVL238:
1763:Drivers/STM32G4xx_HAL_Driver/Src/stm32g4xx_hal_pcd.c ****       {
 2095              		.loc 1 1763 7 is_stmt 1 view .LVU731
1763:Drivers/STM32G4xx_HAL_Driver/Src/stm32g4xx_hal_pcd.c ****       {
 2096              		.loc 1 1763 10 is_stmt 0 view .LVU732
 2097 0184 16F4004F 		tst	r6, #32768
 2098 0188 4AD1     		bne	.L139
 2099              	.LVL239:
 2100              	.L114:
1835:Drivers/STM32G4xx_HAL_Driver/Src/stm32g4xx_hal_pcd.c ****       {
 2101              		.loc 1 1835 7 is_stmt 1 view .LVU733
ARM GAS  /tmp/cc2qdi8m.s 			page 87


1835:Drivers/STM32G4xx_HAL_Driver/Src/stm32g4xx_hal_pcd.c ****       {
 2102              		.loc 1 1835 10 is_stmt 0 view .LVU734
 2103 018a 16F0800F 		tst	r6, #128
 2104 018e 3FF476AF 		beq	.L106
1837:Drivers/STM32G4xx_HAL_Driver/Src/stm32g4xx_hal_pcd.c **** 
 2105              		.loc 1 1837 9 is_stmt 1 view .LVU735
1837:Drivers/STM32G4xx_HAL_Driver/Src/stm32g4xx_hal_pcd.c **** 
 2106              		.loc 1 1837 26 is_stmt 0 view .LVU736
 2107 0192 2A46     		mov	r2, r5
1837:Drivers/STM32G4xx_HAL_Driver/Src/stm32g4xx_hal_pcd.c **** 
 2108              		.loc 1 1837 12 view .LVU737
 2109 0194 05EB8501 		add	r1, r5, r5, lsl #2
 2110 0198 C900     		lsls	r1, r1, #3
 2111 019a 1031     		adds	r1, r1, #16
 2112 019c 2144     		add	r1, r1, r4
 2113              	.LVL240:
1840:Drivers/STM32G4xx_HAL_Driver/Src/stm32g4xx_hal_pcd.c **** 
 2114              		.loc 1 1840 9 is_stmt 1 view .LVU738
 2115              	.LBB46:
1840:Drivers/STM32G4xx_HAL_Driver/Src/stm32g4xx_hal_pcd.c **** 
 2116              		.loc 1 1840 9 view .LVU739
1840:Drivers/STM32G4xx_HAL_Driver/Src/stm32g4xx_hal_pcd.c **** 
 2117              		.loc 1 1840 9 view .LVU740
 2118 019e 2068     		ldr	r0, [r4]
 2119 01a0 C35B     		ldrh	r3, [r0, r7]
 2120 01a2 23F4E143 		bic	r3, r3, #28800
 2121 01a6 23F07003 		bic	r3, r3, #112
 2122              	.LVL241:
1840:Drivers/STM32G4xx_HAL_Driver/Src/stm32g4xx_hal_pcd.c **** 
 2123              		.loc 1 1840 9 view .LVU741
 2124 01aa 6FEA4343 		mvn	r3, r3, lsl #17
 2125              	.LVL242:
1840:Drivers/STM32G4xx_HAL_Driver/Src/stm32g4xx_hal_pcd.c **** 
 2126              		.loc 1 1840 9 is_stmt 0 view .LVU742
 2127 01ae 6FEA5343 		mvn	r3, r3, lsr #17
 2128 01b2 C353     		strh	r3, [r0, r7]	@ movhi
 2129              	.LBE46:
1840:Drivers/STM32G4xx_HAL_Driver/Src/stm32g4xx_hal_pcd.c **** 
 2130              		.loc 1 1840 9 is_stmt 1 view .LVU743
1842:Drivers/STM32G4xx_HAL_Driver/Src/stm32g4xx_hal_pcd.c ****         {
 2131              		.loc 1 1842 9 view .LVU744
1842:Drivers/STM32G4xx_HAL_Driver/Src/stm32g4xx_hal_pcd.c ****         {
 2132              		.loc 1 1842 15 is_stmt 0 view .LVU745
 2133 01b4 05EB8503 		add	r3, r5, r5, lsl #2
 2134 01b8 04EBC303 		add	r3, r4, r3, lsl #3
 2135 01bc DB7C     		ldrb	r3, [r3, #19]	@ zero_extendqisi2
1842:Drivers/STM32G4xx_HAL_Driver/Src/stm32g4xx_hal_pcd.c ****         {
 2136              		.loc 1 1842 12 view .LVU746
 2137 01be 012B     		cmp	r3, #1
 2138 01c0 00F0F080 		beq	.L140
1870:Drivers/STM32G4xx_HAL_Driver/Src/stm32g4xx_hal_pcd.c ****           {
 2139              		.loc 1 1870 11 is_stmt 1 view .LVU747
1870:Drivers/STM32G4xx_HAL_Driver/Src/stm32g4xx_hal_pcd.c ****           {
 2140              		.loc 1 1870 14 is_stmt 0 view .LVU748
 2141 01c4 16F4807F 		tst	r6, #256
 2142 01c8 40F07581 		bne	.L130
1873:Drivers/STM32G4xx_HAL_Driver/Src/stm32g4xx_hal_pcd.c **** 
ARM GAS  /tmp/cc2qdi8m.s 			page 88


 2143              		.loc 1 1873 13 is_stmt 1 view .LVU749
1873:Drivers/STM32G4xx_HAL_Driver/Src/stm32g4xx_hal_pcd.c **** 
 2144              		.loc 1 1873 35 is_stmt 0 view .LVU750
 2145 01cc 2068     		ldr	r0, [r4]
 2146 01ce B0F85030 		ldrh	r3, [r0, #80]
 2147 01d2 05EB8506 		add	r6, r5, r5, lsl #2
 2148              	.LVL243:
1873:Drivers/STM32G4xx_HAL_Driver/Src/stm32g4xx_hal_pcd.c **** 
 2149              		.loc 1 1873 35 view .LVU751
 2150 01d6 04EBC606 		add	r6, r4, r6, lsl #3
 2151 01da 377C     		ldrb	r7, [r6, #16]	@ zero_extendqisi2
 2152 01dc 03EBC703 		add	r3, r3, r7, lsl #3
 2153 01e0 0344     		add	r3, r3, r0
 2154 01e2 B3F80234 		ldrh	r3, [r3, #1026]
1873:Drivers/STM32G4xx_HAL_Driver/Src/stm32g4xx_hal_pcd.c **** 
 2155              		.loc 1 1873 23 view .LVU752
 2156 01e6 C3F30903 		ubfx	r3, r3, #0, #10
 2157              	.LVL244:
1875:Drivers/STM32G4xx_HAL_Driver/Src/stm32g4xx_hal_pcd.c ****             {
 2158              		.loc 1 1875 13 is_stmt 1 view .LVU753
1875:Drivers/STM32G4xx_HAL_Driver/Src/stm32g4xx_hal_pcd.c ****             {
 2159              		.loc 1 1875 19 is_stmt 0 view .LVU754
 2160 01ea 6E1C     		adds	r6, r5, #1
 2161 01ec 06EB8606 		add	r6, r6, r6, lsl #2
 2162 01f0 54F83660 		ldr	r6, [r4, r6, lsl #3]
1875:Drivers/STM32G4xx_HAL_Driver/Src/stm32g4xx_hal_pcd.c ****             {
 2163              		.loc 1 1875 16 view .LVU755
 2164 01f4 9E42     		cmp	r6, r3
 2165 01f6 40F24181 		bls	.L131
1877:Drivers/STM32G4xx_HAL_Driver/Src/stm32g4xx_hal_pcd.c ****             }
 2166              		.loc 1 1877 15 is_stmt 1 view .LVU756
1877:Drivers/STM32G4xx_HAL_Driver/Src/stm32g4xx_hal_pcd.c ****             }
 2167              		.loc 1 1877 28 is_stmt 0 view .LVU757
 2168 01fa 0135     		adds	r5, r5, #1
 2169              	.LVL245:
1877:Drivers/STM32G4xx_HAL_Driver/Src/stm32g4xx_hal_pcd.c ****             }
 2170              		.loc 1 1877 28 view .LVU758
 2171 01fc 05EB8505 		add	r5, r5, r5, lsl #2
 2172 0200 F61A     		subs	r6, r6, r3
 2173 0202 44F83560 		str	r6, [r4, r5, lsl #3]
 2174              	.L132:
1885:Drivers/STM32G4xx_HAL_Driver/Src/stm32g4xx_hal_pcd.c ****             {
 2175              		.loc 1 1885 13 is_stmt 1 view .LVU759
1885:Drivers/STM32G4xx_HAL_Driver/Src/stm32g4xx_hal_pcd.c ****             {
 2176              		.loc 1 1885 19 is_stmt 0 view .LVU760
 2177 0206 551C     		adds	r5, r2, #1
 2178 0208 05EB8505 		add	r5, r5, r5, lsl #2
 2179 020c 54F83550 		ldr	r5, [r4, r5, lsl #3]
1885:Drivers/STM32G4xx_HAL_Driver/Src/stm32g4xx_hal_pcd.c ****             {
 2180              		.loc 1 1885 16 view .LVU761
 2181 0210 002D     		cmp	r5, #0
 2182 0212 40F03A81 		bne	.L133
1891:Drivers/STM32G4xx_HAL_Driver/Src/stm32g4xx_hal_pcd.c **** #endif /* USE_HAL_PCD_REGISTER_CALLBACKS */
 2183              		.loc 1 1891 15 is_stmt 1 view .LVU762
 2184 0216 3946     		mov	r1, r7
 2185              	.LVL246:
1891:Drivers/STM32G4xx_HAL_Driver/Src/stm32g4xx_hal_pcd.c **** #endif /* USE_HAL_PCD_REGISTER_CALLBACKS */
ARM GAS  /tmp/cc2qdi8m.s 			page 89


 2186              		.loc 1 1891 15 is_stmt 0 view .LVU763
 2187 0218 2046     		mov	r0, r4
 2188 021a FFF7FEFF 		bl	HAL_PCD_DataInStageCallback
 2189              	.LVL247:
1891:Drivers/STM32G4xx_HAL_Driver/Src/stm32g4xx_hal_pcd.c **** #endif /* USE_HAL_PCD_REGISTER_CALLBACKS */
 2190              		.loc 1 1891 15 view .LVU764
 2191 021e 2EE7     		b	.L106
 2192              	.LVL248:
 2193              	.L139:
1766:Drivers/STM32G4xx_HAL_Driver/Src/stm32g4xx_hal_pcd.c ****         ep = &hpcd->OUT_ep[epindex];
 2194              		.loc 1 1766 9 is_stmt 1 view .LVU765
 2195              	.LBB47:
1766:Drivers/STM32G4xx_HAL_Driver/Src/stm32g4xx_hal_pcd.c ****         ep = &hpcd->OUT_ep[epindex];
 2196              		.loc 1 1766 9 view .LVU766
1766:Drivers/STM32G4xx_HAL_Driver/Src/stm32g4xx_hal_pcd.c ****         ep = &hpcd->OUT_ep[epindex];
 2197              		.loc 1 1766 9 view .LVU767
 2198 0220 30F82530 		ldrh	r3, [r0, r5, lsl #2]
 2199              	.LVL249:
1766:Drivers/STM32G4xx_HAL_Driver/Src/stm32g4xx_hal_pcd.c ****         ep = &hpcd->OUT_ep[epindex];
 2200              		.loc 1 1766 9 is_stmt 0 view .LVU768
 2201 0224 23F07003 		bic	r3, r3, #112
 2202 0228 1B05     		lsls	r3, r3, #20
 2203 022a 1B0D     		lsrs	r3, r3, #20
 2204              	.LVL250:
1766:Drivers/STM32G4xx_HAL_Driver/Src/stm32g4xx_hal_pcd.c ****         ep = &hpcd->OUT_ep[epindex];
 2205              		.loc 1 1766 9 is_stmt 1 view .LVU769
 2206 022c 43F08003 		orr	r3, r3, #128
 2207              	.LVL251:
1766:Drivers/STM32G4xx_HAL_Driver/Src/stm32g4xx_hal_pcd.c ****         ep = &hpcd->OUT_ep[epindex];
 2208              		.loc 1 1766 9 is_stmt 0 view .LVU770
 2209 0230 20F82530 		strh	r3, [r0, r5, lsl #2]	@ movhi
 2210              	.LBE47:
1766:Drivers/STM32G4xx_HAL_Driver/Src/stm32g4xx_hal_pcd.c ****         ep = &hpcd->OUT_ep[epindex];
 2211              		.loc 1 1766 9 is_stmt 1 view .LVU771
1767:Drivers/STM32G4xx_HAL_Driver/Src/stm32g4xx_hal_pcd.c **** 
 2212              		.loc 1 1767 9 view .LVU772
1767:Drivers/STM32G4xx_HAL_Driver/Src/stm32g4xx_hal_pcd.c **** 
 2213              		.loc 1 1767 27 is_stmt 0 view .LVU773
 2214 0234 A846     		mov	r8, r5
1767:Drivers/STM32G4xx_HAL_Driver/Src/stm32g4xx_hal_pcd.c **** 
 2215              		.loc 1 1767 12 view .LVU774
 2216 0236 05EB8509 		add	r9, r5, r5, lsl #2
 2217 023a 4FEAC909 		lsl	r9, r9, #3
 2218 023e 09F5A879 		add	r9, r9, #336
 2219 0242 A144     		add	r9, r9, r4
 2220              	.LVL252:
1770:Drivers/STM32G4xx_HAL_Driver/Src/stm32g4xx_hal_pcd.c ****         {
 2221              		.loc 1 1770 9 is_stmt 1 view .LVU775
1770:Drivers/STM32G4xx_HAL_Driver/Src/stm32g4xx_hal_pcd.c ****         {
 2222              		.loc 1 1770 15 is_stmt 0 view .LVU776
 2223 0244 05EB8503 		add	r3, r5, r5, lsl #2
 2224 0248 04EBC303 		add	r3, r4, r3, lsl #3
 2225 024c 93F85C31 		ldrb	r3, [r3, #348]	@ zero_extendqisi2
1770:Drivers/STM32G4xx_HAL_Driver/Src/stm32g4xx_hal_pcd.c ****         {
 2226              		.loc 1 1770 12 view .LVU777
 2227 0250 E3BB     		cbnz	r3, .L115
1772:Drivers/STM32G4xx_HAL_Driver/Src/stm32g4xx_hal_pcd.c **** 
ARM GAS  /tmp/cc2qdi8m.s 			page 90


 2228              		.loc 1 1772 11 is_stmt 1 view .LVU778
1772:Drivers/STM32G4xx_HAL_Driver/Src/stm32g4xx_hal_pcd.c **** 
 2229              		.loc 1 1772 29 is_stmt 0 view .LVU779
 2230 0252 2068     		ldr	r0, [r4]
 2231 0254 B0F85030 		ldrh	r3, [r0, #80]
 2232 0258 05EB8502 		add	r2, r5, r5, lsl #2
 2233 025c 04EBC202 		add	r2, r4, r2, lsl #3
 2234 0260 92F85021 		ldrb	r2, [r2, #336]	@ zero_extendqisi2
 2235 0264 03EBC203 		add	r3, r3, r2, lsl #3
 2236 0268 0344     		add	r3, r3, r0
 2237 026a B3F806A4 		ldrh	r10, [r3, #1030]
1772:Drivers/STM32G4xx_HAL_Driver/Src/stm32g4xx_hal_pcd.c **** 
 2238              		.loc 1 1772 17 view .LVU780
 2239 026e CAF3090A 		ubfx	r10, r10, #0, #10
 2240              	.LVL253:
1774:Drivers/STM32G4xx_HAL_Driver/Src/stm32g4xx_hal_pcd.c ****           {
 2241              		.loc 1 1774 11 is_stmt 1 view .LVU781
1774:Drivers/STM32G4xx_HAL_Driver/Src/stm32g4xx_hal_pcd.c ****           {
 2242              		.loc 1 1774 14 is_stmt 0 view .LVU782
 2243 0272 BAF1000F 		cmp	r10, #0
 2244 0276 1DD1     		bne	.L141
 2245              	.L117:
1817:Drivers/STM32G4xx_HAL_Driver/Src/stm32g4xx_hal_pcd.c **** 
 2246              		.loc 1 1817 9 is_stmt 1 view .LVU783
1817:Drivers/STM32G4xx_HAL_Driver/Src/stm32g4xx_hal_pcd.c **** 
 2247              		.loc 1 1817 11 is_stmt 0 view .LVU784
 2248 0278 08EB8803 		add	r3, r8, r8, lsl #2
 2249 027c 04EBC303 		add	r3, r4, r3, lsl #3
 2250 0280 D3F86C21 		ldr	r2, [r3, #364]
1817:Drivers/STM32G4xx_HAL_Driver/Src/stm32g4xx_hal_pcd.c **** 
 2251              		.loc 1 1817 24 view .LVU785
 2252 0284 5244     		add	r2, r2, r10
 2253 0286 C3F86C21 		str	r2, [r3, #364]
1819:Drivers/STM32G4xx_HAL_Driver/Src/stm32g4xx_hal_pcd.c ****         {
 2254              		.loc 1 1819 9 is_stmt 1 view .LVU786
1819:Drivers/STM32G4xx_HAL_Driver/Src/stm32g4xx_hal_pcd.c ****         {
 2255              		.loc 1 1819 16 is_stmt 0 view .LVU787
 2256 028a D3F86831 		ldr	r3, [r3, #360]
1819:Drivers/STM32G4xx_HAL_Driver/Src/stm32g4xx_hal_pcd.c ****         {
 2257              		.loc 1 1819 12 view .LVU788
 2258 028e 3BB1     		cbz	r3, .L123
1819:Drivers/STM32G4xx_HAL_Driver/Src/stm32g4xx_hal_pcd.c ****         {
 2259              		.loc 1 1819 48 discriminator 1 view .LVU789
 2260 0290 08EB8803 		add	r3, r8, r8, lsl #2
 2261 0294 04EBC303 		add	r3, r4, r3, lsl #3
 2262 0298 D3F86031 		ldr	r3, [r3, #352]
1819:Drivers/STM32G4xx_HAL_Driver/Src/stm32g4xx_hal_pcd.c ****         {
 2263              		.loc 1 1819 34 discriminator 1 view .LVU790
 2264 029c 9A45     		cmp	r10, r3
 2265 029e 6FD2     		bcs	.L124
 2266              	.L123:
1825:Drivers/STM32G4xx_HAL_Driver/Src/stm32g4xx_hal_pcd.c **** #endif /* USE_HAL_PCD_REGISTER_CALLBACKS */
 2267              		.loc 1 1825 11 is_stmt 1 view .LVU791
 2268 02a0 08EB8808 		add	r8, r8, r8, lsl #2
 2269 02a4 04EBC808 		add	r8, r4, r8, lsl #3
 2270 02a8 98F85011 		ldrb	r1, [r8, #336]	@ zero_extendqisi2
 2271 02ac 2046     		mov	r0, r4
ARM GAS  /tmp/cc2qdi8m.s 			page 91


 2272 02ae FFF7FEFF 		bl	HAL_PCD_DataOutStageCallback
 2273              	.LVL254:
1825:Drivers/STM32G4xx_HAL_Driver/Src/stm32g4xx_hal_pcd.c **** #endif /* USE_HAL_PCD_REGISTER_CALLBACKS */
 2274              		.loc 1 1825 11 is_stmt 0 discriminator 1 view .LVU792
 2275 02b2 6AE7     		b	.L114
 2276              	.L141:
1776:Drivers/STM32G4xx_HAL_Driver/Src/stm32g4xx_hal_pcd.c ****           }
 2277              		.loc 1 1776 13 is_stmt 1 view .LVU793
 2278 02b4 05EB8501 		add	r1, r5, r5, lsl #2
 2279 02b8 04EBC101 		add	r1, r4, r1, lsl #3
 2280 02bc 5346     		mov	r3, r10
 2281 02be B1F85621 		ldrh	r2, [r1, #342]
 2282 02c2 D1F86411 		ldr	r1, [r1, #356]
 2283 02c6 FFF7FEFF 		bl	USB_ReadPMA
 2284              	.LVL255:
 2285 02ca D5E7     		b	.L117
 2286              	.LVL256:
 2287              	.L115:
1783:Drivers/STM32G4xx_HAL_Driver/Src/stm32g4xx_hal_pcd.c ****           {
 2288              		.loc 1 1783 11 view .LVU794
1783:Drivers/STM32G4xx_HAL_Driver/Src/stm32g4xx_hal_pcd.c ****           {
 2289              		.loc 1 1783 17 is_stmt 0 view .LVU795
 2290 02cc 05EB8503 		add	r3, r5, r5, lsl #2
 2291 02d0 04EBC303 		add	r3, r4, r3, lsl #3
 2292 02d4 93F85331 		ldrb	r3, [r3, #339]	@ zero_extendqisi2
1783:Drivers/STM32G4xx_HAL_Driver/Src/stm32g4xx_hal_pcd.c ****           {
 2293              		.loc 1 1783 14 view .LVU796
 2294 02d8 022B     		cmp	r3, #2
 2295 02da 32D0     		beq	.L142
1790:Drivers/STM32G4xx_HAL_Driver/Src/stm32g4xx_hal_pcd.c **** 
 2296              		.loc 1 1790 13 is_stmt 1 view .LVU797
1790:Drivers/STM32G4xx_HAL_Driver/Src/stm32g4xx_hal_pcd.c **** 
 2297              		.loc 1 1790 13 view .LVU798
1790:Drivers/STM32G4xx_HAL_Driver/Src/stm32g4xx_hal_pcd.c **** 
 2298              		.loc 1 1790 13 discriminator 1 view .LVU799
 2299              	.LBB48:
1790:Drivers/STM32G4xx_HAL_Driver/Src/stm32g4xx_hal_pcd.c **** 
 2300              		.loc 1 1790 13 discriminator 1 view .LVU800
1790:Drivers/STM32G4xx_HAL_Driver/Src/stm32g4xx_hal_pcd.c **** 
 2301              		.loc 1 1790 13 discriminator 1 view .LVU801
 2302 02dc 2168     		ldr	r1, [r4]
 2303 02de 05EB8502 		add	r2, r5, r5, lsl #2
 2304 02e2 04EBC202 		add	r2, r4, r2, lsl #3
 2305 02e6 92F85001 		ldrb	r0, [r2, #336]	@ zero_extendqisi2
 2306 02ea 31F82030 		ldrh	r3, [r1, r0, lsl #2]
 2307 02ee 23F4E043 		bic	r3, r3, #28672
 2308 02f2 23F07003 		bic	r3, r3, #112
 2309              	.LVL257:
1790:Drivers/STM32G4xx_HAL_Driver/Src/stm32g4xx_hal_pcd.c **** 
 2310              		.loc 1 1790 13 discriminator 1 view .LVU802
 2311 02f6 43F40043 		orr	r3, r3, #32768
 2312              	.LVL258:
1790:Drivers/STM32G4xx_HAL_Driver/Src/stm32g4xx_hal_pcd.c **** 
 2313              		.loc 1 1790 13 is_stmt 0 discriminator 1 view .LVU803
 2314 02fa 43F0C003 		orr	r3, r3, #192
 2315 02fe 21F82030 		strh	r3, [r1, r0, lsl #2]	@ movhi
 2316              	.LBE48:
ARM GAS  /tmp/cc2qdi8m.s 			page 92


1790:Drivers/STM32G4xx_HAL_Driver/Src/stm32g4xx_hal_pcd.c **** 
 2317              		.loc 1 1790 13 is_stmt 1 discriminator 1 view .LVU804
1790:Drivers/STM32G4xx_HAL_Driver/Src/stm32g4xx_hal_pcd.c **** 
 2318              		.loc 1 1790 13 discriminator 4 view .LVU805
1790:Drivers/STM32G4xx_HAL_Driver/Src/stm32g4xx_hal_pcd.c **** 
 2319              		.loc 1 1790 13 discriminator 4 view .LVU806
1792:Drivers/STM32G4xx_HAL_Driver/Src/stm32g4xx_hal_pcd.c ****             {
 2320              		.loc 1 1792 13 view .LVU807
1792:Drivers/STM32G4xx_HAL_Driver/Src/stm32g4xx_hal_pcd.c ****             {
 2321              		.loc 1 1792 18 is_stmt 0 view .LVU808
 2322 0302 2068     		ldr	r0, [r4]
 2323 0304 92F85031 		ldrb	r3, [r2, #336]	@ zero_extendqisi2
 2324 0308 30F82320 		ldrh	r2, [r0, r3, lsl #2]
1792:Drivers/STM32G4xx_HAL_Driver/Src/stm32g4xx_hal_pcd.c ****             {
 2325              		.loc 1 1792 16 view .LVU809
 2326 030c 12F4804F 		tst	r2, #16384
 2327 0310 1ED0     		beq	.L119
1795:Drivers/STM32G4xx_HAL_Driver/Src/stm32g4xx_hal_pcd.c **** 
 2328              		.loc 1 1795 15 is_stmt 1 view .LVU810
1795:Drivers/STM32G4xx_HAL_Driver/Src/stm32g4xx_hal_pcd.c **** 
 2329              		.loc 1 1795 33 is_stmt 0 view .LVU811
 2330 0312 B0F85020 		ldrh	r2, [r0, #80]
 2331 0316 02EBC303 		add	r3, r2, r3, lsl #3
 2332 031a 0344     		add	r3, r3, r0
 2333 031c B3F802A4 		ldrh	r10, [r3, #1026]
1795:Drivers/STM32G4xx_HAL_Driver/Src/stm32g4xx_hal_pcd.c **** 
 2334              		.loc 1 1795 21 view .LVU812
 2335 0320 CAF3090A 		ubfx	r10, r10, #0, #10
 2336              	.LVL259:
1797:Drivers/STM32G4xx_HAL_Driver/Src/stm32g4xx_hal_pcd.c ****               {
 2337              		.loc 1 1797 15 is_stmt 1 view .LVU813
1797:Drivers/STM32G4xx_HAL_Driver/Src/stm32g4xx_hal_pcd.c ****               {
 2338              		.loc 1 1797 18 is_stmt 0 view .LVU814
 2339 0324 BAF1000F 		cmp	r10, #0
 2340 0328 A6D0     		beq	.L117
1799:Drivers/STM32G4xx_HAL_Driver/Src/stm32g4xx_hal_pcd.c ****               }
 2341              		.loc 1 1799 17 is_stmt 1 view .LVU815
 2342 032a 05EB8501 		add	r1, r5, r5, lsl #2
 2343 032e 04EBC101 		add	r1, r4, r1, lsl #3
 2344 0332 5346     		mov	r3, r10
 2345 0334 B1F85821 		ldrh	r2, [r1, #344]
 2346 0338 D1F86411 		ldr	r1, [r1, #356]
 2347 033c FFF7FEFF 		bl	USB_ReadPMA
 2348              	.LVL260:
 2349 0340 9AE7     		b	.L117
 2350              	.LVL261:
 2351              	.L142:
1785:Drivers/STM32G4xx_HAL_Driver/Src/stm32g4xx_hal_pcd.c ****           }
 2352              		.loc 1 1785 13 view .LVU816
1785:Drivers/STM32G4xx_HAL_Driver/Src/stm32g4xx_hal_pcd.c ****           }
 2353              		.loc 1 1785 21 is_stmt 0 view .LVU817
 2354 0342 3246     		mov	r2, r6
 2355 0344 4946     		mov	r1, r9
 2356 0346 2046     		mov	r0, r4
 2357 0348 FFF7FEFF 		bl	HAL_PCD_EP_DB_Receive
 2358              	.LVL262:
 2359 034c 8246     		mov	r10, r0
ARM GAS  /tmp/cc2qdi8m.s 			page 93


 2360              	.LVL263:
1785:Drivers/STM32G4xx_HAL_Driver/Src/stm32g4xx_hal_pcd.c ****           }
 2361              		.loc 1 1785 21 view .LVU818
 2362 034e 93E7     		b	.L117
 2363              	.LVL264:
 2364              	.L119:
1805:Drivers/STM32G4xx_HAL_Driver/Src/stm32g4xx_hal_pcd.c **** 
 2365              		.loc 1 1805 15 is_stmt 1 view .LVU819
1805:Drivers/STM32G4xx_HAL_Driver/Src/stm32g4xx_hal_pcd.c **** 
 2366              		.loc 1 1805 33 is_stmt 0 view .LVU820
 2367 0350 B0F85020 		ldrh	r2, [r0, #80]
 2368 0354 02EBC303 		add	r3, r2, r3, lsl #3
 2369 0358 0344     		add	r3, r3, r0
 2370 035a B3F806A4 		ldrh	r10, [r3, #1030]
1805:Drivers/STM32G4xx_HAL_Driver/Src/stm32g4xx_hal_pcd.c **** 
 2371              		.loc 1 1805 21 view .LVU821
 2372 035e CAF3090A 		ubfx	r10, r10, #0, #10
 2373              	.LVL265:
1807:Drivers/STM32G4xx_HAL_Driver/Src/stm32g4xx_hal_pcd.c ****               {
 2374              		.loc 1 1807 15 is_stmt 1 view .LVU822
1807:Drivers/STM32G4xx_HAL_Driver/Src/stm32g4xx_hal_pcd.c ****               {
 2375              		.loc 1 1807 18 is_stmt 0 view .LVU823
 2376 0362 BAF1000F 		cmp	r10, #0
 2377 0366 87D0     		beq	.L117
1809:Drivers/STM32G4xx_HAL_Driver/Src/stm32g4xx_hal_pcd.c ****               }
 2378              		.loc 1 1809 17 is_stmt 1 view .LVU824
 2379 0368 05EB8501 		add	r1, r5, r5, lsl #2
 2380 036c 04EBC101 		add	r1, r4, r1, lsl #3
 2381 0370 5346     		mov	r3, r10
 2382 0372 B1F85A21 		ldrh	r2, [r1, #346]
 2383 0376 D1F86411 		ldr	r1, [r1, #356]
 2384 037a FFF7FEFF 		bl	USB_ReadPMA
 2385              	.LVL266:
 2386 037e 7BE7     		b	.L117
 2387              	.LVL267:
 2388              	.L124:
1830:Drivers/STM32G4xx_HAL_Driver/Src/stm32g4xx_hal_pcd.c ****           (void)USB_EPStartXfer(hpcd->Instance, ep);
 2389              		.loc 1 1830 11 view .LVU825
1830:Drivers/STM32G4xx_HAL_Driver/Src/stm32g4xx_hal_pcd.c ****           (void)USB_EPStartXfer(hpcd->Instance, ep);
 2390              		.loc 1 1830 13 is_stmt 0 view .LVU826
 2391 0380 08EB8803 		add	r3, r8, r8, lsl #2
 2392 0384 04EBC303 		add	r3, r4, r3, lsl #3
 2393 0388 D3F86431 		ldr	r3, [r3, #356]
1830:Drivers/STM32G4xx_HAL_Driver/Src/stm32g4xx_hal_pcd.c ****           (void)USB_EPStartXfer(hpcd->Instance, ep);
 2394              		.loc 1 1830 25 view .LVU827
 2395 038c 08EB8808 		add	r8, r8, r8, lsl #2
 2396 0390 04EBC808 		add	r8, r4, r8, lsl #3
 2397 0394 5344     		add	r3, r3, r10
 2398 0396 C8F86431 		str	r3, [r8, #356]
1831:Drivers/STM32G4xx_HAL_Driver/Src/stm32g4xx_hal_pcd.c ****         }
 2399              		.loc 1 1831 11 is_stmt 1 view .LVU828
1831:Drivers/STM32G4xx_HAL_Driver/Src/stm32g4xx_hal_pcd.c ****         }
 2400              		.loc 1 1831 17 is_stmt 0 view .LVU829
 2401 039a 4946     		mov	r1, r9
 2402 039c 2068     		ldr	r0, [r4]
 2403 039e FFF7FEFF 		bl	USB_EPStartXfer
 2404              	.LVL268:
ARM GAS  /tmp/cc2qdi8m.s 			page 94


 2405 03a2 F2E6     		b	.L114
 2406              	.LVL269:
 2407              	.L140:
1844:Drivers/STM32G4xx_HAL_Driver/Src/stm32g4xx_hal_pcd.c **** 
 2408              		.loc 1 1844 11 is_stmt 1 view .LVU830
1844:Drivers/STM32G4xx_HAL_Driver/Src/stm32g4xx_hal_pcd.c **** 
 2409              		.loc 1 1844 24 is_stmt 0 view .LVU831
 2410 03a4 6B1C     		adds	r3, r5, #1
 2411 03a6 03EB8303 		add	r3, r3, r3, lsl #2
 2412 03aa DB00     		lsls	r3, r3, #3
 2413 03ac 0021     		movs	r1, #0
 2414              	.LVL270:
1844:Drivers/STM32G4xx_HAL_Driver/Src/stm32g4xx_hal_pcd.c **** 
 2415              		.loc 1 1844 24 view .LVU832
 2416 03ae E150     		str	r1, [r4, r3]
1847:Drivers/STM32G4xx_HAL_Driver/Src/stm32g4xx_hal_pcd.c ****           {
 2417              		.loc 1 1847 11 is_stmt 1 view .LVU833
1847:Drivers/STM32G4xx_HAL_Driver/Src/stm32g4xx_hal_pcd.c ****           {
 2418              		.loc 1 1847 17 is_stmt 0 view .LVU834
 2419 03b0 05EB8505 		add	r5, r5, r5, lsl #2
 2420              	.LVL271:
1847:Drivers/STM32G4xx_HAL_Driver/Src/stm32g4xx_hal_pcd.c ****           {
 2421              		.loc 1 1847 17 view .LVU835
 2422 03b4 04EBC505 		add	r5, r4, r5, lsl #3
 2423 03b8 2B7F     		ldrb	r3, [r5, #28]	@ zero_extendqisi2
1847:Drivers/STM32G4xx_HAL_Driver/Src/stm32g4xx_hal_pcd.c ****           {
 2424              		.loc 1 1847 14 view .LVU836
 2425 03ba BBB1     		cbz	r3, .L126
1849:Drivers/STM32G4xx_HAL_Driver/Src/stm32g4xx_hal_pcd.c ****             {
 2426              		.loc 1 1849 13 is_stmt 1 view .LVU837
1849:Drivers/STM32G4xx_HAL_Driver/Src/stm32g4xx_hal_pcd.c ****             {
 2427              		.loc 1 1849 16 is_stmt 0 view .LVU838
 2428 03bc 16F0400F 		tst	r6, #64
 2429 03c0 2ED0     		beq	.L127
1851:Drivers/STM32G4xx_HAL_Driver/Src/stm32g4xx_hal_pcd.c ****             }
 2430              		.loc 1 1851 15 is_stmt 1 view .LVU839
1851:Drivers/STM32G4xx_HAL_Driver/Src/stm32g4xx_hal_pcd.c ****             }
 2431              		.loc 1 1851 15 view .LVU840
 2432 03c2 6B7C     		ldrb	r3, [r5, #17]	@ zero_extendqisi2
 2433 03c4 DBB9     		cbnz	r3, .L128
1851:Drivers/STM32G4xx_HAL_Driver/Src/stm32g4xx_hal_pcd.c ****             }
 2434              		.loc 1 1851 15 discriminator 1 view .LVU841
 2435              	.LBB49:
1851:Drivers/STM32G4xx_HAL_Driver/Src/stm32g4xx_hal_pcd.c ****             }
 2436              		.loc 1 1851 15 discriminator 1 view .LVU842
 2437 03c6 2368     		ldr	r3, [r4]
 2438              	.LVL272:
1851:Drivers/STM32G4xx_HAL_Driver/Src/stm32g4xx_hal_pcd.c ****             }
 2439              		.loc 1 1851 15 discriminator 1 view .LVU843
1851:Drivers/STM32G4xx_HAL_Driver/Src/stm32g4xx_hal_pcd.c ****             }
 2440              		.loc 1 1851 15 discriminator 1 view .LVU844
 2441 03c8 B3F85010 		ldrh	r1, [r3, #80]
 2442 03cc 0B44     		add	r3, r3, r1
 2443              	.LVL273:
1851:Drivers/STM32G4xx_HAL_Driver/Src/stm32g4xx_hal_pcd.c ****             }
 2444              		.loc 1 1851 15 discriminator 1 view .LVU845
 2445 03ce 297C     		ldrb	r1, [r5, #16]	@ zero_extendqisi2
ARM GAS  /tmp/cc2qdi8m.s 			page 95


 2446 03d0 03EBC103 		add	r3, r3, r1, lsl #3
 2447              	.LVL274:
1851:Drivers/STM32G4xx_HAL_Driver/Src/stm32g4xx_hal_pcd.c ****             }
 2448              		.loc 1 1851 15 discriminator 1 view .LVU846
 2449              	.LBB50:
1851:Drivers/STM32G4xx_HAL_Driver/Src/stm32g4xx_hal_pcd.c ****             }
 2450              		.loc 1 1851 15 discriminator 1 view .LVU847
1851:Drivers/STM32G4xx_HAL_Driver/Src/stm32g4xx_hal_pcd.c ****             }
 2451              		.loc 1 1851 15 discriminator 1 view .LVU848
 2452 03d4 B3F80214 		ldrh	r1, [r3, #1026]
 2453 03d8 C1F30901 		ubfx	r1, r1, #0, #10
 2454 03dc A3F80214 		strh	r1, [r3, #1026]	@ movhi
1851:Drivers/STM32G4xx_HAL_Driver/Src/stm32g4xx_hal_pcd.c ****             }
 2455              		.loc 1 1851 15 discriminator 1 view .LVU849
1851:Drivers/STM32G4xx_HAL_Driver/Src/stm32g4xx_hal_pcd.c ****             }
 2456              		.loc 1 1851 15 discriminator 2 view .LVU850
 2457 03e0 B3F80214 		ldrh	r1, [r3, #1026]
 2458 03e4 41F40041 		orr	r1, r1, #32768
 2459 03e8 A3F80214 		strh	r1, [r3, #1026]	@ movhi
1851:Drivers/STM32G4xx_HAL_Driver/Src/stm32g4xx_hal_pcd.c ****             }
 2460              		.loc 1 1851 15 discriminator 10 view .LVU851
 2461              	.LBE50:
1851:Drivers/STM32G4xx_HAL_Driver/Src/stm32g4xx_hal_pcd.c ****             }
 2462              		.loc 1 1851 15 discriminator 10 view .LVU852
 2463              	.LBE49:
1851:Drivers/STM32G4xx_HAL_Driver/Src/stm32g4xx_hal_pcd.c ****             }
 2464              		.loc 1 1851 15 discriminator 10 view .LVU853
 2465              	.LVL275:
 2466              	.L126:
1855:Drivers/STM32G4xx_HAL_Driver/Src/stm32g4xx_hal_pcd.c ****             }
 2467              		.loc 1 1855 15 discriminator 13 view .LVU854
1864:Drivers/STM32G4xx_HAL_Driver/Src/stm32g4xx_hal_pcd.c **** #endif /* USE_HAL_PCD_REGISTER_CALLBACKS */
 2468              		.loc 1 1864 11 view .LVU855
 2469 03ec 02EB8202 		add	r2, r2, r2, lsl #2
 2470              	.LVL276:
1864:Drivers/STM32G4xx_HAL_Driver/Src/stm32g4xx_hal_pcd.c **** #endif /* USE_HAL_PCD_REGISTER_CALLBACKS */
 2471              		.loc 1 1864 11 is_stmt 0 view .LVU856
 2472 03f0 04EBC202 		add	r2, r4, r2, lsl #3
 2473 03f4 117C     		ldrb	r1, [r2, #16]	@ zero_extendqisi2
 2474 03f6 2046     		mov	r0, r4
 2475 03f8 FFF7FEFF 		bl	HAL_PCD_DataInStageCallback
 2476              	.LVL277:
 2477 03fc 3FE6     		b	.L106
 2478              	.LVL278:
 2479              	.L128:
1851:Drivers/STM32G4xx_HAL_Driver/Src/stm32g4xx_hal_pcd.c ****             }
 2480              		.loc 1 1851 15 is_stmt 1 discriminator 11 view .LVU857
 2481 03fe 012B     		cmp	r3, #1
 2482 0400 F4D1     		bne	.L126
1851:Drivers/STM32G4xx_HAL_Driver/Src/stm32g4xx_hal_pcd.c ****             }
 2483              		.loc 1 1851 15 discriminator 12 view .LVU858
 2484              	.LBB51:
1851:Drivers/STM32G4xx_HAL_Driver/Src/stm32g4xx_hal_pcd.c ****             }
 2485              		.loc 1 1851 15 discriminator 12 view .LVU859
 2486 0402 2368     		ldr	r3, [r4]
 2487              	.LVL279:
1851:Drivers/STM32G4xx_HAL_Driver/Src/stm32g4xx_hal_pcd.c ****             }
ARM GAS  /tmp/cc2qdi8m.s 			page 96


 2488              		.loc 1 1851 15 discriminator 12 view .LVU860
1851:Drivers/STM32G4xx_HAL_Driver/Src/stm32g4xx_hal_pcd.c ****             }
 2489              		.loc 1 1851 15 discriminator 12 view .LVU861
 2490 0404 B3F85010 		ldrh	r1, [r3, #80]
 2491 0408 0B44     		add	r3, r3, r1
 2492              	.LVL280:
1851:Drivers/STM32G4xx_HAL_Driver/Src/stm32g4xx_hal_pcd.c ****             }
 2493              		.loc 1 1851 15 discriminator 12 view .LVU862
 2494 040a 02EB8201 		add	r1, r2, r2, lsl #2
 2495 040e 04EBC101 		add	r1, r4, r1, lsl #3
 2496 0412 097C     		ldrb	r1, [r1, #16]	@ zero_extendqisi2
 2497 0414 03EBC103 		add	r3, r3, r1, lsl #3
 2498              	.LVL281:
1851:Drivers/STM32G4xx_HAL_Driver/Src/stm32g4xx_hal_pcd.c ****             }
 2499              		.loc 1 1851 15 discriminator 12 view .LVU863
 2500 0418 0021     		movs	r1, #0
 2501 041a A3F80214 		strh	r1, [r3, #1026]	@ movhi
1851:Drivers/STM32G4xx_HAL_Driver/Src/stm32g4xx_hal_pcd.c ****             }
 2502              		.loc 1 1851 15 is_stmt 0 discriminator 12 view .LVU864
 2503 041e E5E7     		b	.L126
 2504              	.LVL282:
 2505              	.L127:
1851:Drivers/STM32G4xx_HAL_Driver/Src/stm32g4xx_hal_pcd.c ****             }
 2506              		.loc 1 1851 15 discriminator 12 view .LVU865
 2507              	.LBE51:
1855:Drivers/STM32G4xx_HAL_Driver/Src/stm32g4xx_hal_pcd.c ****             }
 2508              		.loc 1 1855 15 is_stmt 1 view .LVU866
 2509              	.LBB52:
1855:Drivers/STM32G4xx_HAL_Driver/Src/stm32g4xx_hal_pcd.c ****             }
 2510              		.loc 1 1855 15 view .LVU867
 2511 0420 2368     		ldr	r3, [r4]
 2512              	.LVL283:
1855:Drivers/STM32G4xx_HAL_Driver/Src/stm32g4xx_hal_pcd.c ****             }
 2513              		.loc 1 1855 15 view .LVU868
1855:Drivers/STM32G4xx_HAL_Driver/Src/stm32g4xx_hal_pcd.c ****             }
 2514              		.loc 1 1855 15 view .LVU869
 2515 0422 02EB8201 		add	r1, r2, r2, lsl #2
 2516 0426 04EBC101 		add	r1, r4, r1, lsl #3
 2517 042a 497C     		ldrb	r1, [r1, #17]	@ zero_extendqisi2
 2518 042c B1B9     		cbnz	r1, .L129
1855:Drivers/STM32G4xx_HAL_Driver/Src/stm32g4xx_hal_pcd.c ****             }
 2519              		.loc 1 1855 15 discriminator 1 view .LVU870
 2520              	.LBB53:
1855:Drivers/STM32G4xx_HAL_Driver/Src/stm32g4xx_hal_pcd.c ****             }
 2521              		.loc 1 1855 15 discriminator 1 view .LVU871
 2522              	.LVL284:
1855:Drivers/STM32G4xx_HAL_Driver/Src/stm32g4xx_hal_pcd.c ****             }
 2523              		.loc 1 1855 15 discriminator 1 view .LVU872
1855:Drivers/STM32G4xx_HAL_Driver/Src/stm32g4xx_hal_pcd.c ****             }
 2524              		.loc 1 1855 15 discriminator 1 view .LVU873
 2525 042e B3F85010 		ldrh	r1, [r3, #80]
 2526 0432 0B44     		add	r3, r3, r1
 2527              	.LVL285:
1855:Drivers/STM32G4xx_HAL_Driver/Src/stm32g4xx_hal_pcd.c ****             }
 2528              		.loc 1 1855 15 discriminator 1 view .LVU874
 2529 0434 02EB8201 		add	r1, r2, r2, lsl #2
 2530 0438 04EBC101 		add	r1, r4, r1, lsl #3
ARM GAS  /tmp/cc2qdi8m.s 			page 97


 2531 043c 097C     		ldrb	r1, [r1, #16]	@ zero_extendqisi2
 2532 043e 03EBC103 		add	r3, r3, r1, lsl #3
 2533              	.LVL286:
1855:Drivers/STM32G4xx_HAL_Driver/Src/stm32g4xx_hal_pcd.c ****             }
 2534              		.loc 1 1855 15 discriminator 1 view .LVU875
 2535              	.LBB54:
1855:Drivers/STM32G4xx_HAL_Driver/Src/stm32g4xx_hal_pcd.c ****             }
 2536              		.loc 1 1855 15 discriminator 1 view .LVU876
1855:Drivers/STM32G4xx_HAL_Driver/Src/stm32g4xx_hal_pcd.c ****             }
 2537              		.loc 1 1855 15 discriminator 1 view .LVU877
 2538 0442 B3F80614 		ldrh	r1, [r3, #1030]
 2539 0446 C1F30901 		ubfx	r1, r1, #0, #10
 2540 044a A3F80614 		strh	r1, [r3, #1030]	@ movhi
 2541              	.LVL287:
1855:Drivers/STM32G4xx_HAL_Driver/Src/stm32g4xx_hal_pcd.c ****             }
 2542              		.loc 1 1855 15 discriminator 1 view .LVU878
1855:Drivers/STM32G4xx_HAL_Driver/Src/stm32g4xx_hal_pcd.c ****             }
 2543              		.loc 1 1855 15 discriminator 2 view .LVU879
 2544 044e B3F80614 		ldrh	r1, [r3, #1030]
 2545 0452 41F40041 		orr	r1, r1, #32768
 2546 0456 A3F80614 		strh	r1, [r3, #1030]	@ movhi
1855:Drivers/STM32G4xx_HAL_Driver/Src/stm32g4xx_hal_pcd.c ****             }
 2547              		.loc 1 1855 15 discriminator 10 view .LVU880
 2548              	.LBE54:
1855:Drivers/STM32G4xx_HAL_Driver/Src/stm32g4xx_hal_pcd.c ****             }
 2549              		.loc 1 1855 15 discriminator 10 view .LVU881
 2550              	.LBE53:
1855:Drivers/STM32G4xx_HAL_Driver/Src/stm32g4xx_hal_pcd.c ****             }
 2551              		.loc 1 1855 15 discriminator 10 view .LVU882
 2552 045a C7E7     		b	.L126
 2553              	.LVL288:
 2554              	.L129:
1855:Drivers/STM32G4xx_HAL_Driver/Src/stm32g4xx_hal_pcd.c ****             }
 2555              		.loc 1 1855 15 discriminator 11 view .LVU883
 2556 045c 0129     		cmp	r1, #1
 2557 045e C5D1     		bne	.L126
1855:Drivers/STM32G4xx_HAL_Driver/Src/stm32g4xx_hal_pcd.c ****             }
 2558              		.loc 1 1855 15 discriminator 12 view .LVU884
 2559 0460 B3F85010 		ldrh	r1, [r3, #80]
 2560 0464 0B44     		add	r3, r3, r1
 2561              	.LVL289:
1855:Drivers/STM32G4xx_HAL_Driver/Src/stm32g4xx_hal_pcd.c ****             }
 2562              		.loc 1 1855 15 discriminator 12 view .LVU885
 2563 0466 02EB8201 		add	r1, r2, r2, lsl #2
 2564 046a 04EBC101 		add	r1, r4, r1, lsl #3
 2565 046e 097C     		ldrb	r1, [r1, #16]	@ zero_extendqisi2
 2566 0470 03EBC103 		add	r3, r3, r1, lsl #3
 2567              	.LVL290:
1855:Drivers/STM32G4xx_HAL_Driver/Src/stm32g4xx_hal_pcd.c ****             }
 2568              		.loc 1 1855 15 discriminator 12 view .LVU886
 2569 0474 0021     		movs	r1, #0
 2570 0476 A3F80614 		strh	r1, [r3, #1030]	@ movhi
1855:Drivers/STM32G4xx_HAL_Driver/Src/stm32g4xx_hal_pcd.c ****             }
 2571              		.loc 1 1855 15 is_stmt 0 discriminator 12 view .LVU887
 2572 047a B7E7     		b	.L126
 2573              	.LVL291:
 2574              	.L131:
ARM GAS  /tmp/cc2qdi8m.s 			page 98


1855:Drivers/STM32G4xx_HAL_Driver/Src/stm32g4xx_hal_pcd.c ****             }
 2575              		.loc 1 1855 15 discriminator 12 view .LVU888
 2576              	.LBE52:
1881:Drivers/STM32G4xx_HAL_Driver/Src/stm32g4xx_hal_pcd.c ****             }
 2577              		.loc 1 1881 15 is_stmt 1 view .LVU889
1881:Drivers/STM32G4xx_HAL_Driver/Src/stm32g4xx_hal_pcd.c ****             }
 2578              		.loc 1 1881 28 is_stmt 0 view .LVU890
 2579 047c 0135     		adds	r5, r5, #1
 2580              	.LVL292:
1881:Drivers/STM32G4xx_HAL_Driver/Src/stm32g4xx_hal_pcd.c ****             }
 2581              		.loc 1 1881 28 view .LVU891
 2582 047e 05EB8505 		add	r5, r5, r5, lsl #2
 2583 0482 ED00     		lsls	r5, r5, #3
 2584 0484 0026     		movs	r6, #0
 2585 0486 6651     		str	r6, [r4, r5]
 2586 0488 BDE6     		b	.L132
 2587              	.L133:
1897:Drivers/STM32G4xx_HAL_Driver/Src/stm32g4xx_hal_pcd.c ****               ep->xfer_count += TxPctSize;
 2588              		.loc 1 1897 15 is_stmt 1 view .LVU892
1897:Drivers/STM32G4xx_HAL_Driver/Src/stm32g4xx_hal_pcd.c ****               ep->xfer_count += TxPctSize;
 2589              		.loc 1 1897 17 is_stmt 0 view .LVU893
 2590 048a 02EB8205 		add	r5, r2, r2, lsl #2
 2591 048e 04EBC505 		add	r5, r4, r5, lsl #3
 2592 0492 6E6A     		ldr	r6, [r5, #36]
1897:Drivers/STM32G4xx_HAL_Driver/Src/stm32g4xx_hal_pcd.c ****               ep->xfer_count += TxPctSize;
 2593              		.loc 1 1897 29 view .LVU894
 2594 0494 1E44     		add	r6, r6, r3
 2595 0496 6E62     		str	r6, [r5, #36]
1898:Drivers/STM32G4xx_HAL_Driver/Src/stm32g4xx_hal_pcd.c ****               (void)USB_EPStartXfer(hpcd->Instance, ep);
 2596              		.loc 1 1898 15 is_stmt 1 view .LVU895
1898:Drivers/STM32G4xx_HAL_Driver/Src/stm32g4xx_hal_pcd.c ****               (void)USB_EPStartXfer(hpcd->Instance, ep);
 2597              		.loc 1 1898 17 is_stmt 0 view .LVU896
 2598 0498 0132     		adds	r2, r2, #1
 2599              	.LVL293:
1898:Drivers/STM32G4xx_HAL_Driver/Src/stm32g4xx_hal_pcd.c ****               (void)USB_EPStartXfer(hpcd->Instance, ep);
 2600              		.loc 1 1898 17 view .LVU897
 2601 049a 02EB8205 		add	r5, r2, r2, lsl #2
 2602 049e 04EBC505 		add	r5, r4, r5, lsl #3
 2603 04a2 6D68     		ldr	r5, [r5, #4]
1898:Drivers/STM32G4xx_HAL_Driver/Src/stm32g4xx_hal_pcd.c ****               (void)USB_EPStartXfer(hpcd->Instance, ep);
 2604              		.loc 1 1898 30 view .LVU898
 2605 04a4 02EB8202 		add	r2, r2, r2, lsl #2
 2606              	.LVL294:
1898:Drivers/STM32G4xx_HAL_Driver/Src/stm32g4xx_hal_pcd.c ****               (void)USB_EPStartXfer(hpcd->Instance, ep);
 2607              		.loc 1 1898 30 view .LVU899
 2608 04a8 04EBC202 		add	r2, r4, r2, lsl #3
 2609 04ac 2B44     		add	r3, r3, r5
 2610              	.LVL295:
1898:Drivers/STM32G4xx_HAL_Driver/Src/stm32g4xx_hal_pcd.c ****               (void)USB_EPStartXfer(hpcd->Instance, ep);
 2611              		.loc 1 1898 30 view .LVU900
 2612 04ae 5360     		str	r3, [r2, #4]
1899:Drivers/STM32G4xx_HAL_Driver/Src/stm32g4xx_hal_pcd.c ****             }
 2613              		.loc 1 1899 15 is_stmt 1 view .LVU901
1899:Drivers/STM32G4xx_HAL_Driver/Src/stm32g4xx_hal_pcd.c ****             }
 2614              		.loc 1 1899 21 is_stmt 0 view .LVU902
 2615 04b0 FFF7FEFF 		bl	USB_EPStartXfer
 2616              	.LVL296:
ARM GAS  /tmp/cc2qdi8m.s 			page 99


1899:Drivers/STM32G4xx_HAL_Driver/Src/stm32g4xx_hal_pcd.c ****             }
 2617              		.loc 1 1899 21 view .LVU903
 2618 04b4 E3E5     		b	.L106
 2619              	.LVL297:
 2620              	.L130:
1906:Drivers/STM32G4xx_HAL_Driver/Src/stm32g4xx_hal_pcd.c ****           }
 2621              		.loc 1 1906 13 is_stmt 1 view .LVU904
1906:Drivers/STM32G4xx_HAL_Driver/Src/stm32g4xx_hal_pcd.c ****           }
 2622              		.loc 1 1906 19 is_stmt 0 view .LVU905
 2623 04b6 3246     		mov	r2, r6
 2624 04b8 2046     		mov	r0, r4
 2625 04ba FFF7FEFF 		bl	HAL_PCD_EP_DB_Transmit
 2626              	.LVL298:
1906:Drivers/STM32G4xx_HAL_Driver/Src/stm32g4xx_hal_pcd.c ****           }
 2627              		.loc 1 1906 19 view .LVU906
 2628 04be DEE5     		b	.L106
 2629              	.LVL299:
 2630              	.L137:
1914:Drivers/STM32G4xx_HAL_Driver/Src/stm32g4xx_hal_pcd.c **** }
 2631              		.loc 1 1914 10 view .LVU907
 2632 04c0 0025     		movs	r5, #0
 2633              	.L107:
1915:Drivers/STM32G4xx_HAL_Driver/Src/stm32g4xx_hal_pcd.c **** 
 2634              		.loc 1 1915 1 view .LVU908
 2635 04c2 2846     		mov	r0, r5
 2636 04c4 BDE8F087 		pop	{r4, r5, r6, r7, r8, r9, r10, pc}
 2637              	.LVL300:
 2638              	.L135:
1653:Drivers/STM32G4xx_HAL_Driver/Src/stm32g4xx_hal_pcd.c ****     }
 2639              		.loc 1 1653 14 view .LVU909
 2640 04c8 0125     		movs	r5, #1
 2641              	.LVL301:
1653:Drivers/STM32G4xx_HAL_Driver/Src/stm32g4xx_hal_pcd.c ****     }
 2642              		.loc 1 1653 14 view .LVU910
 2643 04ca FAE7     		b	.L107
 2644              		.cfi_endproc
 2645              	.LFE362:
 2647              		.section	.text.HAL_PCD_SOFCallback,"ax",%progbits
 2648              		.align	1
 2649              		.weak	HAL_PCD_SOFCallback
 2650              		.syntax unified
 2651              		.thumb
 2652              		.thumb_func
 2654              	HAL_PCD_SOFCallback:
 2655              	.LVL302:
 2656              	.LFB339:
1123:Drivers/STM32G4xx_HAL_Driver/Src/stm32g4xx_hal_pcd.c ****   /* Prevent unused argument(s) compilation warning */
 2657              		.loc 1 1123 1 is_stmt 1 view -0
 2658              		.cfi_startproc
 2659              		@ args = 0, pretend = 0, frame = 0
 2660              		@ frame_needed = 0, uses_anonymous_args = 0
 2661              		@ link register save eliminated.
1125:Drivers/STM32G4xx_HAL_Driver/Src/stm32g4xx_hal_pcd.c **** 
 2662              		.loc 1 1125 3 view .LVU912
1130:Drivers/STM32G4xx_HAL_Driver/Src/stm32g4xx_hal_pcd.c **** 
 2663              		.loc 1 1130 1 is_stmt 0 view .LVU913
 2664 0000 7047     		bx	lr
ARM GAS  /tmp/cc2qdi8m.s 			page 100


 2665              		.cfi_endproc
 2666              	.LFE339:
 2668              		.section	.text.HAL_PCD_ResetCallback,"ax",%progbits
 2669              		.align	1
 2670              		.weak	HAL_PCD_ResetCallback
 2671              		.syntax unified
 2672              		.thumb
 2673              		.thumb_func
 2675              	HAL_PCD_ResetCallback:
 2676              	.LVL303:
 2677              	.LFB340:
1138:Drivers/STM32G4xx_HAL_Driver/Src/stm32g4xx_hal_pcd.c ****   /* Prevent unused argument(s) compilation warning */
 2678              		.loc 1 1138 1 is_stmt 1 view -0
 2679              		.cfi_startproc
 2680              		@ args = 0, pretend = 0, frame = 0
 2681              		@ frame_needed = 0, uses_anonymous_args = 0
 2682              		@ link register save eliminated.
1140:Drivers/STM32G4xx_HAL_Driver/Src/stm32g4xx_hal_pcd.c **** 
 2683              		.loc 1 1140 3 view .LVU915
1145:Drivers/STM32G4xx_HAL_Driver/Src/stm32g4xx_hal_pcd.c **** 
 2684              		.loc 1 1145 1 is_stmt 0 view .LVU916
 2685 0000 7047     		bx	lr
 2686              		.cfi_endproc
 2687              	.LFE340:
 2689              		.section	.text.HAL_PCD_SuspendCallback,"ax",%progbits
 2690              		.align	1
 2691              		.weak	HAL_PCD_SuspendCallback
 2692              		.syntax unified
 2693              		.thumb
 2694              		.thumb_func
 2696              	HAL_PCD_SuspendCallback:
 2697              	.LVL304:
 2698              	.LFB341:
1153:Drivers/STM32G4xx_HAL_Driver/Src/stm32g4xx_hal_pcd.c ****   /* Prevent unused argument(s) compilation warning */
 2699              		.loc 1 1153 1 is_stmt 1 view -0
 2700              		.cfi_startproc
 2701              		@ args = 0, pretend = 0, frame = 0
 2702              		@ frame_needed = 0, uses_anonymous_args = 0
 2703              		@ link register save eliminated.
1155:Drivers/STM32G4xx_HAL_Driver/Src/stm32g4xx_hal_pcd.c **** 
 2704              		.loc 1 1155 3 view .LVU918
1160:Drivers/STM32G4xx_HAL_Driver/Src/stm32g4xx_hal_pcd.c **** 
 2705              		.loc 1 1160 1 is_stmt 0 view .LVU919
 2706 0000 7047     		bx	lr
 2707              		.cfi_endproc
 2708              	.LFE341:
 2710              		.section	.text.HAL_PCD_ResumeCallback,"ax",%progbits
 2711              		.align	1
 2712              		.weak	HAL_PCD_ResumeCallback
 2713              		.syntax unified
 2714              		.thumb
 2715              		.thumb_func
 2717              	HAL_PCD_ResumeCallback:
 2718              	.LVL305:
 2719              	.LFB342:
1168:Drivers/STM32G4xx_HAL_Driver/Src/stm32g4xx_hal_pcd.c ****   /* Prevent unused argument(s) compilation warning */
 2720              		.loc 1 1168 1 is_stmt 1 view -0
ARM GAS  /tmp/cc2qdi8m.s 			page 101


 2721              		.cfi_startproc
 2722              		@ args = 0, pretend = 0, frame = 0
 2723              		@ frame_needed = 0, uses_anonymous_args = 0
 2724              		@ link register save eliminated.
1170:Drivers/STM32G4xx_HAL_Driver/Src/stm32g4xx_hal_pcd.c **** 
 2725              		.loc 1 1170 3 view .LVU921
1175:Drivers/STM32G4xx_HAL_Driver/Src/stm32g4xx_hal_pcd.c **** 
 2726              		.loc 1 1175 1 is_stmt 0 view .LVU922
 2727 0000 7047     		bx	lr
 2728              		.cfi_endproc
 2729              	.LFE342:
 2731              		.section	.text.HAL_PCD_ISOOUTIncompleteCallback,"ax",%progbits
 2732              		.align	1
 2733              		.weak	HAL_PCD_ISOOUTIncompleteCallback
 2734              		.syntax unified
 2735              		.thumb
 2736              		.thumb_func
 2738              	HAL_PCD_ISOOUTIncompleteCallback:
 2739              	.LVL306:
 2740              	.LFB343:
1184:Drivers/STM32G4xx_HAL_Driver/Src/stm32g4xx_hal_pcd.c ****   /* Prevent unused argument(s) compilation warning */
 2741              		.loc 1 1184 1 is_stmt 1 view -0
 2742              		.cfi_startproc
 2743              		@ args = 0, pretend = 0, frame = 0
 2744              		@ frame_needed = 0, uses_anonymous_args = 0
 2745              		@ link register save eliminated.
1186:Drivers/STM32G4xx_HAL_Driver/Src/stm32g4xx_hal_pcd.c ****   UNUSED(epnum);
 2746              		.loc 1 1186 3 view .LVU924
1187:Drivers/STM32G4xx_HAL_Driver/Src/stm32g4xx_hal_pcd.c **** 
 2747              		.loc 1 1187 3 view .LVU925
1192:Drivers/STM32G4xx_HAL_Driver/Src/stm32g4xx_hal_pcd.c **** 
 2748              		.loc 1 1192 1 is_stmt 0 view .LVU926
 2749 0000 7047     		bx	lr
 2750              		.cfi_endproc
 2751              	.LFE343:
 2753              		.section	.text.HAL_PCD_ISOINIncompleteCallback,"ax",%progbits
 2754              		.align	1
 2755              		.weak	HAL_PCD_ISOINIncompleteCallback
 2756              		.syntax unified
 2757              		.thumb
 2758              		.thumb_func
 2760              	HAL_PCD_ISOINIncompleteCallback:
 2761              	.LVL307:
 2762              	.LFB344:
1201:Drivers/STM32G4xx_HAL_Driver/Src/stm32g4xx_hal_pcd.c ****   /* Prevent unused argument(s) compilation warning */
 2763              		.loc 1 1201 1 is_stmt 1 view -0
 2764              		.cfi_startproc
 2765              		@ args = 0, pretend = 0, frame = 0
 2766              		@ frame_needed = 0, uses_anonymous_args = 0
 2767              		@ link register save eliminated.
1203:Drivers/STM32G4xx_HAL_Driver/Src/stm32g4xx_hal_pcd.c ****   UNUSED(epnum);
 2768              		.loc 1 1203 3 view .LVU928
1204:Drivers/STM32G4xx_HAL_Driver/Src/stm32g4xx_hal_pcd.c **** 
 2769              		.loc 1 1204 3 view .LVU929
1209:Drivers/STM32G4xx_HAL_Driver/Src/stm32g4xx_hal_pcd.c **** 
 2770              		.loc 1 1209 1 is_stmt 0 view .LVU930
 2771 0000 7047     		bx	lr
ARM GAS  /tmp/cc2qdi8m.s 			page 102


 2772              		.cfi_endproc
 2773              	.LFE344:
 2775              		.section	.text.HAL_PCD_ConnectCallback,"ax",%progbits
 2776              		.align	1
 2777              		.weak	HAL_PCD_ConnectCallback
 2778              		.syntax unified
 2779              		.thumb
 2780              		.thumb_func
 2782              	HAL_PCD_ConnectCallback:
 2783              	.LVL308:
 2784              	.LFB345:
1217:Drivers/STM32G4xx_HAL_Driver/Src/stm32g4xx_hal_pcd.c ****   /* Prevent unused argument(s) compilation warning */
 2785              		.loc 1 1217 1 is_stmt 1 view -0
 2786              		.cfi_startproc
 2787              		@ args = 0, pretend = 0, frame = 0
 2788              		@ frame_needed = 0, uses_anonymous_args = 0
 2789              		@ link register save eliminated.
1219:Drivers/STM32G4xx_HAL_Driver/Src/stm32g4xx_hal_pcd.c **** 
 2790              		.loc 1 1219 3 view .LVU932
1224:Drivers/STM32G4xx_HAL_Driver/Src/stm32g4xx_hal_pcd.c **** 
 2791              		.loc 1 1224 1 is_stmt 0 view .LVU933
 2792 0000 7047     		bx	lr
 2793              		.cfi_endproc
 2794              	.LFE345:
 2796              		.section	.text.HAL_PCD_DisconnectCallback,"ax",%progbits
 2797              		.align	1
 2798              		.weak	HAL_PCD_DisconnectCallback
 2799              		.syntax unified
 2800              		.thumb
 2801              		.thumb_func
 2803              	HAL_PCD_DisconnectCallback:
 2804              	.LVL309:
 2805              	.LFB346:
1232:Drivers/STM32G4xx_HAL_Driver/Src/stm32g4xx_hal_pcd.c ****   /* Prevent unused argument(s) compilation warning */
 2806              		.loc 1 1232 1 is_stmt 1 view -0
 2807              		.cfi_startproc
 2808              		@ args = 0, pretend = 0, frame = 0
 2809              		@ frame_needed = 0, uses_anonymous_args = 0
 2810              		@ link register save eliminated.
1234:Drivers/STM32G4xx_HAL_Driver/Src/stm32g4xx_hal_pcd.c **** 
 2811              		.loc 1 1234 3 view .LVU935
1239:Drivers/STM32G4xx_HAL_Driver/Src/stm32g4xx_hal_pcd.c **** 
 2812              		.loc 1 1239 1 is_stmt 0 view .LVU936
 2813 0000 7047     		bx	lr
 2814              		.cfi_endproc
 2815              	.LFE346:
 2817              		.section	.text.HAL_PCD_DevConnect,"ax",%progbits
 2818              		.align	1
 2819              		.global	HAL_PCD_DevConnect
 2820              		.syntax unified
 2821              		.thumb
 2822              		.thumb_func
 2824              	HAL_PCD_DevConnect:
 2825              	.LVL310:
 2826              	.LFB347:
1266:Drivers/STM32G4xx_HAL_Driver/Src/stm32g4xx_hal_pcd.c ****   __HAL_LOCK(hpcd);
 2827              		.loc 1 1266 1 is_stmt 1 view -0
ARM GAS  /tmp/cc2qdi8m.s 			page 103


 2828              		.cfi_startproc
 2829              		@ args = 0, pretend = 0, frame = 0
 2830              		@ frame_needed = 0, uses_anonymous_args = 0
1267:Drivers/STM32G4xx_HAL_Driver/Src/stm32g4xx_hal_pcd.c ****   (void)USB_DevConnect(hpcd->Instance);
 2831              		.loc 1 1267 3 view .LVU938
1267:Drivers/STM32G4xx_HAL_Driver/Src/stm32g4xx_hal_pcd.c ****   (void)USB_DevConnect(hpcd->Instance);
 2832              		.loc 1 1267 3 view .LVU939
 2833 0000 90F89032 		ldrb	r3, [r0, #656]	@ zero_extendqisi2
 2834 0004 012B     		cmp	r3, #1
 2835 0006 0BD0     		beq	.L153
1266:Drivers/STM32G4xx_HAL_Driver/Src/stm32g4xx_hal_pcd.c ****   __HAL_LOCK(hpcd);
 2836              		.loc 1 1266 1 is_stmt 0 view .LVU940
 2837 0008 10B5     		push	{r4, lr}
 2838              	.LCFI10:
 2839              		.cfi_def_cfa_offset 8
 2840              		.cfi_offset 4, -8
 2841              		.cfi_offset 14, -4
 2842 000a 0446     		mov	r4, r0
1267:Drivers/STM32G4xx_HAL_Driver/Src/stm32g4xx_hal_pcd.c ****   (void)USB_DevConnect(hpcd->Instance);
 2843              		.loc 1 1267 3 is_stmt 1 discriminator 2 view .LVU941
 2844 000c 0123     		movs	r3, #1
 2845 000e 80F89032 		strb	r3, [r0, #656]
1267:Drivers/STM32G4xx_HAL_Driver/Src/stm32g4xx_hal_pcd.c ****   (void)USB_DevConnect(hpcd->Instance);
 2846              		.loc 1 1267 3 discriminator 2 view .LVU942
1268:Drivers/STM32G4xx_HAL_Driver/Src/stm32g4xx_hal_pcd.c ****   __HAL_UNLOCK(hpcd);
 2847              		.loc 1 1268 3 view .LVU943
1268:Drivers/STM32G4xx_HAL_Driver/Src/stm32g4xx_hal_pcd.c ****   __HAL_UNLOCK(hpcd);
 2848              		.loc 1 1268 9 is_stmt 0 view .LVU944
 2849 0012 0068     		ldr	r0, [r0]
 2850              	.LVL311:
1268:Drivers/STM32G4xx_HAL_Driver/Src/stm32g4xx_hal_pcd.c ****   __HAL_UNLOCK(hpcd);
 2851              		.loc 1 1268 9 view .LVU945
 2852 0014 FFF7FEFF 		bl	USB_DevConnect
 2853              	.LVL312:
1269:Drivers/STM32G4xx_HAL_Driver/Src/stm32g4xx_hal_pcd.c **** 
 2854              		.loc 1 1269 3 is_stmt 1 view .LVU946
1269:Drivers/STM32G4xx_HAL_Driver/Src/stm32g4xx_hal_pcd.c **** 
 2855              		.loc 1 1269 3 view .LVU947
 2856 0018 0020     		movs	r0, #0
 2857 001a 84F89002 		strb	r0, [r4, #656]
1269:Drivers/STM32G4xx_HAL_Driver/Src/stm32g4xx_hal_pcd.c **** 
 2858              		.loc 1 1269 3 view .LVU948
1271:Drivers/STM32G4xx_HAL_Driver/Src/stm32g4xx_hal_pcd.c **** }
 2859              		.loc 1 1271 3 view .LVU949
1272:Drivers/STM32G4xx_HAL_Driver/Src/stm32g4xx_hal_pcd.c **** 
 2860              		.loc 1 1272 1 is_stmt 0 view .LVU950
 2861 001e 10BD     		pop	{r4, pc}
 2862              	.LVL313:
 2863              	.L153:
 2864              	.LCFI11:
 2865              		.cfi_def_cfa_offset 0
 2866              		.cfi_restore 4
 2867              		.cfi_restore 14
1267:Drivers/STM32G4xx_HAL_Driver/Src/stm32g4xx_hal_pcd.c ****   (void)USB_DevConnect(hpcd->Instance);
 2868              		.loc 1 1267 3 discriminator 1 view .LVU951
 2869 0020 0220     		movs	r0, #2
 2870              	.LVL314:
ARM GAS  /tmp/cc2qdi8m.s 			page 104


1272:Drivers/STM32G4xx_HAL_Driver/Src/stm32g4xx_hal_pcd.c **** 
 2871              		.loc 1 1272 1 view .LVU952
 2872 0022 7047     		bx	lr
 2873              		.cfi_endproc
 2874              	.LFE347:
 2876              		.section	.text.HAL_PCD_DevDisconnect,"ax",%progbits
 2877              		.align	1
 2878              		.global	HAL_PCD_DevDisconnect
 2879              		.syntax unified
 2880              		.thumb
 2881              		.thumb_func
 2883              	HAL_PCD_DevDisconnect:
 2884              	.LVL315:
 2885              	.LFB348:
1280:Drivers/STM32G4xx_HAL_Driver/Src/stm32g4xx_hal_pcd.c ****   __HAL_LOCK(hpcd);
 2886              		.loc 1 1280 1 is_stmt 1 view -0
 2887              		.cfi_startproc
 2888              		@ args = 0, pretend = 0, frame = 0
 2889              		@ frame_needed = 0, uses_anonymous_args = 0
1281:Drivers/STM32G4xx_HAL_Driver/Src/stm32g4xx_hal_pcd.c ****   (void)USB_DevDisconnect(hpcd->Instance);
 2890              		.loc 1 1281 3 view .LVU954
1281:Drivers/STM32G4xx_HAL_Driver/Src/stm32g4xx_hal_pcd.c ****   (void)USB_DevDisconnect(hpcd->Instance);
 2891              		.loc 1 1281 3 view .LVU955
 2892 0000 90F89032 		ldrb	r3, [r0, #656]	@ zero_extendqisi2
 2893 0004 012B     		cmp	r3, #1
 2894 0006 0BD0     		beq	.L160
1280:Drivers/STM32G4xx_HAL_Driver/Src/stm32g4xx_hal_pcd.c ****   __HAL_LOCK(hpcd);
 2895              		.loc 1 1280 1 is_stmt 0 view .LVU956
 2896 0008 10B5     		push	{r4, lr}
 2897              	.LCFI12:
 2898              		.cfi_def_cfa_offset 8
 2899              		.cfi_offset 4, -8
 2900              		.cfi_offset 14, -4
 2901 000a 0446     		mov	r4, r0
1281:Drivers/STM32G4xx_HAL_Driver/Src/stm32g4xx_hal_pcd.c ****   (void)USB_DevDisconnect(hpcd->Instance);
 2902              		.loc 1 1281 3 is_stmt 1 discriminator 2 view .LVU957
 2903 000c 0123     		movs	r3, #1
 2904 000e 80F89032 		strb	r3, [r0, #656]
1281:Drivers/STM32G4xx_HAL_Driver/Src/stm32g4xx_hal_pcd.c ****   (void)USB_DevDisconnect(hpcd->Instance);
 2905              		.loc 1 1281 3 discriminator 2 view .LVU958
1282:Drivers/STM32G4xx_HAL_Driver/Src/stm32g4xx_hal_pcd.c ****   __HAL_UNLOCK(hpcd);
 2906              		.loc 1 1282 3 view .LVU959
1282:Drivers/STM32G4xx_HAL_Driver/Src/stm32g4xx_hal_pcd.c ****   __HAL_UNLOCK(hpcd);
 2907              		.loc 1 1282 9 is_stmt 0 view .LVU960
 2908 0012 0068     		ldr	r0, [r0]
 2909              	.LVL316:
1282:Drivers/STM32G4xx_HAL_Driver/Src/stm32g4xx_hal_pcd.c ****   __HAL_UNLOCK(hpcd);
 2910              		.loc 1 1282 9 view .LVU961
 2911 0014 FFF7FEFF 		bl	USB_DevDisconnect
 2912              	.LVL317:
1283:Drivers/STM32G4xx_HAL_Driver/Src/stm32g4xx_hal_pcd.c **** 
 2913              		.loc 1 1283 3 is_stmt 1 view .LVU962
1283:Drivers/STM32G4xx_HAL_Driver/Src/stm32g4xx_hal_pcd.c **** 
 2914              		.loc 1 1283 3 view .LVU963
 2915 0018 0020     		movs	r0, #0
 2916 001a 84F89002 		strb	r0, [r4, #656]
1283:Drivers/STM32G4xx_HAL_Driver/Src/stm32g4xx_hal_pcd.c **** 
ARM GAS  /tmp/cc2qdi8m.s 			page 105


 2917              		.loc 1 1283 3 view .LVU964
1285:Drivers/STM32G4xx_HAL_Driver/Src/stm32g4xx_hal_pcd.c **** }
 2918              		.loc 1 1285 3 view .LVU965
1286:Drivers/STM32G4xx_HAL_Driver/Src/stm32g4xx_hal_pcd.c **** 
 2919              		.loc 1 1286 1 is_stmt 0 view .LVU966
 2920 001e 10BD     		pop	{r4, pc}
 2921              	.LVL318:
 2922              	.L160:
 2923              	.LCFI13:
 2924              		.cfi_def_cfa_offset 0
 2925              		.cfi_restore 4
 2926              		.cfi_restore 14
1281:Drivers/STM32G4xx_HAL_Driver/Src/stm32g4xx_hal_pcd.c ****   (void)USB_DevDisconnect(hpcd->Instance);
 2927              		.loc 1 1281 3 discriminator 1 view .LVU967
 2928 0020 0220     		movs	r0, #2
 2929              	.LVL319:
1286:Drivers/STM32G4xx_HAL_Driver/Src/stm32g4xx_hal_pcd.c **** 
 2930              		.loc 1 1286 1 view .LVU968
 2931 0022 7047     		bx	lr
 2932              		.cfi_endproc
 2933              	.LFE348:
 2935              		.section	.text.HAL_PCD_SetAddress,"ax",%progbits
 2936              		.align	1
 2937              		.global	HAL_PCD_SetAddress
 2938              		.syntax unified
 2939              		.thumb
 2940              		.thumb_func
 2942              	HAL_PCD_SetAddress:
 2943              	.LVL320:
 2944              	.LFB349:
1295:Drivers/STM32G4xx_HAL_Driver/Src/stm32g4xx_hal_pcd.c ****   __HAL_LOCK(hpcd);
 2945              		.loc 1 1295 1 is_stmt 1 view -0
 2946              		.cfi_startproc
 2947              		@ args = 0, pretend = 0, frame = 0
 2948              		@ frame_needed = 0, uses_anonymous_args = 0
1296:Drivers/STM32G4xx_HAL_Driver/Src/stm32g4xx_hal_pcd.c ****   hpcd->USB_Address = address;
 2949              		.loc 1 1296 3 view .LVU970
1296:Drivers/STM32G4xx_HAL_Driver/Src/stm32g4xx_hal_pcd.c ****   hpcd->USB_Address = address;
 2950              		.loc 1 1296 3 view .LVU971
 2951 0000 90F89032 		ldrb	r3, [r0, #656]	@ zero_extendqisi2
 2952 0004 012B     		cmp	r3, #1
 2953 0006 0CD0     		beq	.L167
1295:Drivers/STM32G4xx_HAL_Driver/Src/stm32g4xx_hal_pcd.c ****   __HAL_LOCK(hpcd);
 2954              		.loc 1 1295 1 is_stmt 0 view .LVU972
 2955 0008 10B5     		push	{r4, lr}
 2956              	.LCFI14:
 2957              		.cfi_def_cfa_offset 8
 2958              		.cfi_offset 4, -8
 2959              		.cfi_offset 14, -4
 2960 000a 0446     		mov	r4, r0
1296:Drivers/STM32G4xx_HAL_Driver/Src/stm32g4xx_hal_pcd.c ****   hpcd->USB_Address = address;
 2961              		.loc 1 1296 3 is_stmt 1 discriminator 2 view .LVU973
 2962 000c 0123     		movs	r3, #1
 2963 000e 80F89032 		strb	r3, [r0, #656]
1296:Drivers/STM32G4xx_HAL_Driver/Src/stm32g4xx_hal_pcd.c ****   hpcd->USB_Address = address;
 2964              		.loc 1 1296 3 discriminator 2 view .LVU974
1297:Drivers/STM32G4xx_HAL_Driver/Src/stm32g4xx_hal_pcd.c ****   (void)USB_SetDevAddress(hpcd->Instance, address);
ARM GAS  /tmp/cc2qdi8m.s 			page 106


 2965              		.loc 1 1297 3 view .LVU975
1297:Drivers/STM32G4xx_HAL_Driver/Src/stm32g4xx_hal_pcd.c ****   (void)USB_SetDevAddress(hpcd->Instance, address);
 2966              		.loc 1 1297 21 is_stmt 0 view .LVU976
 2967 0012 0173     		strb	r1, [r0, #12]
1298:Drivers/STM32G4xx_HAL_Driver/Src/stm32g4xx_hal_pcd.c ****   __HAL_UNLOCK(hpcd);
 2968              		.loc 1 1298 3 is_stmt 1 view .LVU977
1298:Drivers/STM32G4xx_HAL_Driver/Src/stm32g4xx_hal_pcd.c ****   __HAL_UNLOCK(hpcd);
 2969              		.loc 1 1298 9 is_stmt 0 view .LVU978
 2970 0014 0068     		ldr	r0, [r0]
 2971              	.LVL321:
1298:Drivers/STM32G4xx_HAL_Driver/Src/stm32g4xx_hal_pcd.c ****   __HAL_UNLOCK(hpcd);
 2972              		.loc 1 1298 9 view .LVU979
 2973 0016 FFF7FEFF 		bl	USB_SetDevAddress
 2974              	.LVL322:
1299:Drivers/STM32G4xx_HAL_Driver/Src/stm32g4xx_hal_pcd.c **** 
 2975              		.loc 1 1299 3 is_stmt 1 view .LVU980
1299:Drivers/STM32G4xx_HAL_Driver/Src/stm32g4xx_hal_pcd.c **** 
 2976              		.loc 1 1299 3 view .LVU981
 2977 001a 0020     		movs	r0, #0
 2978 001c 84F89002 		strb	r0, [r4, #656]
1299:Drivers/STM32G4xx_HAL_Driver/Src/stm32g4xx_hal_pcd.c **** 
 2979              		.loc 1 1299 3 view .LVU982
1301:Drivers/STM32G4xx_HAL_Driver/Src/stm32g4xx_hal_pcd.c **** }
 2980              		.loc 1 1301 3 view .LVU983
1302:Drivers/STM32G4xx_HAL_Driver/Src/stm32g4xx_hal_pcd.c **** /**
 2981              		.loc 1 1302 1 is_stmt 0 view .LVU984
 2982 0020 10BD     		pop	{r4, pc}
 2983              	.LVL323:
 2984              	.L167:
 2985              	.LCFI15:
 2986              		.cfi_def_cfa_offset 0
 2987              		.cfi_restore 4
 2988              		.cfi_restore 14
1296:Drivers/STM32G4xx_HAL_Driver/Src/stm32g4xx_hal_pcd.c ****   hpcd->USB_Address = address;
 2989              		.loc 1 1296 3 discriminator 1 view .LVU985
 2990 0022 0220     		movs	r0, #2
 2991              	.LVL324:
1302:Drivers/STM32G4xx_HAL_Driver/Src/stm32g4xx_hal_pcd.c **** /**
 2992              		.loc 1 1302 1 view .LVU986
 2993 0024 7047     		bx	lr
 2994              		.cfi_endproc
 2995              	.LFE349:
 2997              		.section	.text.HAL_PCD_IRQHandler,"ax",%progbits
 2998              		.align	1
 2999              		.global	HAL_PCD_IRQHandler
 3000              		.syntax unified
 3001              		.thumb
 3002              		.thumb_func
 3004              	HAL_PCD_IRQHandler:
 3005              	.LVL325:
 3006              	.LFB335:
 930:Drivers/STM32G4xx_HAL_Driver/Src/stm32g4xx_hal_pcd.c ****   uint32_t wIstr = USB_ReadInterrupts(hpcd->Instance);
 3007              		.loc 1 930 1 is_stmt 1 view -0
 3008              		.cfi_startproc
 3009              		@ args = 0, pretend = 0, frame = 0
 3010              		@ frame_needed = 0, uses_anonymous_args = 0
 930:Drivers/STM32G4xx_HAL_Driver/Src/stm32g4xx_hal_pcd.c ****   uint32_t wIstr = USB_ReadInterrupts(hpcd->Instance);
ARM GAS  /tmp/cc2qdi8m.s 			page 107


 3011              		.loc 1 930 1 is_stmt 0 view .LVU988
 3012 0000 10B5     		push	{r4, lr}
 3013              	.LCFI16:
 3014              		.cfi_def_cfa_offset 8
 3015              		.cfi_offset 4, -8
 3016              		.cfi_offset 14, -4
 3017 0002 0446     		mov	r4, r0
 931:Drivers/STM32G4xx_HAL_Driver/Src/stm32g4xx_hal_pcd.c **** 
 3018              		.loc 1 931 3 is_stmt 1 view .LVU989
 931:Drivers/STM32G4xx_HAL_Driver/Src/stm32g4xx_hal_pcd.c **** 
 3019              		.loc 1 931 20 is_stmt 0 view .LVU990
 3020 0004 0068     		ldr	r0, [r0]
 3021              	.LVL326:
 931:Drivers/STM32G4xx_HAL_Driver/Src/stm32g4xx_hal_pcd.c **** 
 3022              		.loc 1 931 20 view .LVU991
 3023 0006 FFF7FEFF 		bl	USB_ReadInterrupts
 3024              	.LVL327:
 933:Drivers/STM32G4xx_HAL_Driver/Src/stm32g4xx_hal_pcd.c ****   {
 3025              		.loc 1 933 3 is_stmt 1 view .LVU992
 933:Drivers/STM32G4xx_HAL_Driver/Src/stm32g4xx_hal_pcd.c ****   {
 3026              		.loc 1 933 6 is_stmt 0 view .LVU993
 3027 000a 10F4004F 		tst	r0, #32768
 3028 000e 20D1     		bne	.L185
 942:Drivers/STM32G4xx_HAL_Driver/Src/stm32g4xx_hal_pcd.c ****   {
 3029              		.loc 1 942 3 is_stmt 1 view .LVU994
 942:Drivers/STM32G4xx_HAL_Driver/Src/stm32g4xx_hal_pcd.c ****   {
 3030              		.loc 1 942 6 is_stmt 0 view .LVU995
 3031 0010 10F4806F 		tst	r0, #1024
 3032 0014 21D1     		bne	.L186
 957:Drivers/STM32G4xx_HAL_Driver/Src/stm32g4xx_hal_pcd.c ****   {
 3033              		.loc 1 957 3 is_stmt 1 view .LVU996
 957:Drivers/STM32G4xx_HAL_Driver/Src/stm32g4xx_hal_pcd.c ****   {
 3034              		.loc 1 957 6 is_stmt 0 view .LVU997
 3035 0016 10F4804F 		tst	r0, #16384
 3036 001a 2DD1     		bne	.L187
 964:Drivers/STM32G4xx_HAL_Driver/Src/stm32g4xx_hal_pcd.c ****   {
 3037              		.loc 1 964 3 is_stmt 1 view .LVU998
 964:Drivers/STM32G4xx_HAL_Driver/Src/stm32g4xx_hal_pcd.c ****   {
 3038              		.loc 1 964 6 is_stmt 0 view .LVU999
 3039 001c 10F4005F 		tst	r0, #8192
 3040 0020 32D1     		bne	.L188
 971:Drivers/STM32G4xx_HAL_Driver/Src/stm32g4xx_hal_pcd.c ****   {
 3041              		.loc 1 971 3 is_stmt 1 view .LVU1000
 971:Drivers/STM32G4xx_HAL_Driver/Src/stm32g4xx_hal_pcd.c ****   {
 3042              		.loc 1 971 6 is_stmt 0 view .LVU1001
 3043 0022 10F4805F 		tst	r0, #4096
 3044 0026 37D1     		bne	.L189
 997:Drivers/STM32G4xx_HAL_Driver/Src/stm32g4xx_hal_pcd.c ****   {
 3045              		.loc 1 997 3 is_stmt 1 view .LVU1002
 997:Drivers/STM32G4xx_HAL_Driver/Src/stm32g4xx_hal_pcd.c ****   {
 3046              		.loc 1 997 6 is_stmt 0 view .LVU1003
 3047 0028 10F4006F 		tst	r0, #2048
 3048 002c 58D1     		bne	.L190
1017:Drivers/STM32G4xx_HAL_Driver/Src/stm32g4xx_hal_pcd.c ****   {
 3049              		.loc 1 1017 3 is_stmt 1 view .LVU1004
1017:Drivers/STM32G4xx_HAL_Driver/Src/stm32g4xx_hal_pcd.c ****   {
 3050              		.loc 1 1017 6 is_stmt 0 view .LVU1005
ARM GAS  /tmp/cc2qdi8m.s 			page 108


 3051 002e 10F0800F 		tst	r0, #128
 3052 0032 6ED1     		bne	.L191
1046:Drivers/STM32G4xx_HAL_Driver/Src/stm32g4xx_hal_pcd.c ****   {
 3053              		.loc 1 1046 3 is_stmt 1 view .LVU1006
1046:Drivers/STM32G4xx_HAL_Driver/Src/stm32g4xx_hal_pcd.c ****   {
 3054              		.loc 1 1046 6 is_stmt 0 view .LVU1007
 3055 0034 10F4007F 		tst	r0, #512
 3056 0038 40F09680 		bne	.L192
1059:Drivers/STM32G4xx_HAL_Driver/Src/stm32g4xx_hal_pcd.c ****   {
 3057              		.loc 1 1059 3 is_stmt 1 view .LVU1008
1059:Drivers/STM32G4xx_HAL_Driver/Src/stm32g4xx_hal_pcd.c ****   {
 3058              		.loc 1 1059 6 is_stmt 0 view .LVU1009
 3059 003c 10F4807F 		tst	r0, #256
 3060 0040 21D0     		beq	.L172
1062:Drivers/STM32G4xx_HAL_Driver/Src/stm32g4xx_hal_pcd.c **** 
 3061              		.loc 1 1062 5 is_stmt 1 view .LVU1010
 3062 0042 2268     		ldr	r2, [r4]
 3063 0044 B2F84430 		ldrh	r3, [r2, #68]
 3064 0048 23F48073 		bic	r3, r3, #256
 3065 004c A2F84430 		strh	r3, [r2, #68]	@ movhi
1064:Drivers/STM32G4xx_HAL_Driver/Src/stm32g4xx_hal_pcd.c ****   }
 3066              		.loc 1 1064 5 view .LVU1011
 3067 0050 19E0     		b	.L172
 3068              	.L185:
 937:Drivers/STM32G4xx_HAL_Driver/Src/stm32g4xx_hal_pcd.c **** 
 3069              		.loc 1 937 5 view .LVU1012
 937:Drivers/STM32G4xx_HAL_Driver/Src/stm32g4xx_hal_pcd.c **** 
 3070              		.loc 1 937 11 is_stmt 0 view .LVU1013
 3071 0052 2046     		mov	r0, r4
 3072              	.LVL328:
 937:Drivers/STM32G4xx_HAL_Driver/Src/stm32g4xx_hal_pcd.c **** 
 3073              		.loc 1 937 11 view .LVU1014
 3074 0054 FFF7FEFF 		bl	PCD_EP_ISR_Handler
 3075              	.LVL329:
 939:Drivers/STM32G4xx_HAL_Driver/Src/stm32g4xx_hal_pcd.c ****   }
 3076              		.loc 1 939 5 is_stmt 1 view .LVU1015
 3077 0058 15E0     		b	.L172
 3078              	.LVL330:
 3079              	.L186:
 944:Drivers/STM32G4xx_HAL_Driver/Src/stm32g4xx_hal_pcd.c **** 
 3080              		.loc 1 944 5 view .LVU1016
 3081 005a 2268     		ldr	r2, [r4]
 3082 005c B2F84430 		ldrh	r3, [r2, #68]
 3083 0060 23F48063 		bic	r3, r3, #1024
 3084 0064 A2F84430 		strh	r3, [r2, #68]	@ movhi
 949:Drivers/STM32G4xx_HAL_Driver/Src/stm32g4xx_hal_pcd.c **** #endif /* USE_HAL_PCD_REGISTER_CALLBACKS */
 3085              		.loc 1 949 5 view .LVU1017
 3086 0068 2046     		mov	r0, r4
 3087              	.LVL331:
 949:Drivers/STM32G4xx_HAL_Driver/Src/stm32g4xx_hal_pcd.c **** #endif /* USE_HAL_PCD_REGISTER_CALLBACKS */
 3088              		.loc 1 949 5 is_stmt 0 view .LVU1018
 3089 006a FFF7FEFF 		bl	HAL_PCD_ResetCallback
 3090              	.LVL332:
 952:Drivers/STM32G4xx_HAL_Driver/Src/stm32g4xx_hal_pcd.c **** 
 3091              		.loc 1 952 5 is_stmt 1 view .LVU1019
 952:Drivers/STM32G4xx_HAL_Driver/Src/stm32g4xx_hal_pcd.c **** 
 3092              		.loc 1 952 11 is_stmt 0 view .LVU1020
ARM GAS  /tmp/cc2qdi8m.s 			page 109


 3093 006e 0021     		movs	r1, #0
 3094 0070 2046     		mov	r0, r4
 3095 0072 FFF7FEFF 		bl	HAL_PCD_SetAddress
 3096              	.LVL333:
 954:Drivers/STM32G4xx_HAL_Driver/Src/stm32g4xx_hal_pcd.c ****   }
 3097              		.loc 1 954 5 is_stmt 1 view .LVU1021
 3098 0076 06E0     		b	.L172
 3099              	.LVL334:
 3100              	.L187:
 959:Drivers/STM32G4xx_HAL_Driver/Src/stm32g4xx_hal_pcd.c **** 
 3101              		.loc 1 959 5 view .LVU1022
 3102 0078 2268     		ldr	r2, [r4]
 3103 007a B2F84430 		ldrh	r3, [r2, #68]
 3104 007e 23F48043 		bic	r3, r3, #16384
 3105 0082 A2F84430 		strh	r3, [r2, #68]	@ movhi
 961:Drivers/STM32G4xx_HAL_Driver/Src/stm32g4xx_hal_pcd.c ****   }
 3106              		.loc 1 961 5 view .LVU1023
 3107              	.LVL335:
 3108              	.L172:
1066:Drivers/STM32G4xx_HAL_Driver/Src/stm32g4xx_hal_pcd.c **** 
 3109              		.loc 1 1066 1 is_stmt 0 view .LVU1024
 3110 0086 10BD     		pop	{r4, pc}
 3111              	.LVL336:
 3112              	.L188:
 966:Drivers/STM32G4xx_HAL_Driver/Src/stm32g4xx_hal_pcd.c **** 
 3113              		.loc 1 966 5 is_stmt 1 view .LVU1025
 3114 0088 2268     		ldr	r2, [r4]
 3115 008a B2F84430 		ldrh	r3, [r2, #68]
 3116 008e 23F40053 		bic	r3, r3, #8192
 3117 0092 A2F84430 		strh	r3, [r2, #68]	@ movhi
 968:Drivers/STM32G4xx_HAL_Driver/Src/stm32g4xx_hal_pcd.c ****   }
 3118              		.loc 1 968 5 view .LVU1026
 3119 0096 F6E7     		b	.L172
 3120              	.L189:
 973:Drivers/STM32G4xx_HAL_Driver/Src/stm32g4xx_hal_pcd.c ****     hpcd->Instance->CNTR &= (uint16_t) ~(USB_CNTR_FSUSP);
 3121              		.loc 1 973 5 view .LVU1027
 973:Drivers/STM32G4xx_HAL_Driver/Src/stm32g4xx_hal_pcd.c ****     hpcd->Instance->CNTR &= (uint16_t) ~(USB_CNTR_FSUSP);
 3122              		.loc 1 973 9 is_stmt 0 view .LVU1028
 3123 0098 2268     		ldr	r2, [r4]
 973:Drivers/STM32G4xx_HAL_Driver/Src/stm32g4xx_hal_pcd.c ****     hpcd->Instance->CNTR &= (uint16_t) ~(USB_CNTR_FSUSP);
 3124              		.loc 1 973 19 view .LVU1029
 3125 009a B2F84030 		ldrh	r3, [r2, #64]
 973:Drivers/STM32G4xx_HAL_Driver/Src/stm32g4xx_hal_pcd.c ****     hpcd->Instance->CNTR &= (uint16_t) ~(USB_CNTR_FSUSP);
 3126              		.loc 1 973 26 view .LVU1030
 3127 009e 23F00403 		bic	r3, r3, #4
 3128 00a2 A2F84030 		strh	r3, [r2, #64]	@ movhi
 974:Drivers/STM32G4xx_HAL_Driver/Src/stm32g4xx_hal_pcd.c **** 
 3129              		.loc 1 974 5 is_stmt 1 view .LVU1031
 974:Drivers/STM32G4xx_HAL_Driver/Src/stm32g4xx_hal_pcd.c **** 
 3130              		.loc 1 974 9 is_stmt 0 view .LVU1032
 3131 00a6 2268     		ldr	r2, [r4]
 974:Drivers/STM32G4xx_HAL_Driver/Src/stm32g4xx_hal_pcd.c **** 
 3132              		.loc 1 974 19 view .LVU1033
 3133 00a8 B2F84030 		ldrh	r3, [r2, #64]
 974:Drivers/STM32G4xx_HAL_Driver/Src/stm32g4xx_hal_pcd.c **** 
 3134              		.loc 1 974 26 view .LVU1034
 3135 00ac 23F00803 		bic	r3, r3, #8
ARM GAS  /tmp/cc2qdi8m.s 			page 110


 3136 00b0 A2F84030 		strh	r3, [r2, #64]	@ movhi
 976:Drivers/STM32G4xx_HAL_Driver/Src/stm32g4xx_hal_pcd.c ****     {
 3137              		.loc 1 976 5 is_stmt 1 view .LVU1035
 976:Drivers/STM32G4xx_HAL_Driver/Src/stm32g4xx_hal_pcd.c ****     {
 3138              		.loc 1 976 13 is_stmt 0 view .LVU1036
 3139 00b4 94F8C832 		ldrb	r3, [r4, #712]	@ zero_extendqisi2
 976:Drivers/STM32G4xx_HAL_Driver/Src/stm32g4xx_hal_pcd.c ****     {
 3140              		.loc 1 976 8 view .LVU1037
 3141 00b8 012B     		cmp	r3, #1
 3142 00ba 0AD0     		beq	.L193
 3143              	.LVL337:
 3144              	.L179:
 989:Drivers/STM32G4xx_HAL_Driver/Src/stm32g4xx_hal_pcd.c **** #endif /* USE_HAL_PCD_REGISTER_CALLBACKS */
 3145              		.loc 1 989 5 is_stmt 1 view .LVU1038
 3146 00bc 2046     		mov	r0, r4
 3147 00be FFF7FEFF 		bl	HAL_PCD_ResumeCallback
 3148              	.LVL338:
 992:Drivers/STM32G4xx_HAL_Driver/Src/stm32g4xx_hal_pcd.c **** 
 3149              		.loc 1 992 5 view .LVU1039
 3150 00c2 2268     		ldr	r2, [r4]
 3151 00c4 B2F84430 		ldrh	r3, [r2, #68]
 3152 00c8 23F48053 		bic	r3, r3, #4096
 3153 00cc A2F84430 		strh	r3, [r2, #68]	@ movhi
 994:Drivers/STM32G4xx_HAL_Driver/Src/stm32g4xx_hal_pcd.c ****   }
 3154              		.loc 1 994 5 view .LVU1040
 3155 00d0 D9E7     		b	.L172
 3156              	.LVL339:
 3157              	.L193:
 978:Drivers/STM32G4xx_HAL_Driver/Src/stm32g4xx_hal_pcd.c **** #if (USE_HAL_PCD_REGISTER_CALLBACKS == 1U)
 3158              		.loc 1 978 7 view .LVU1041
 978:Drivers/STM32G4xx_HAL_Driver/Src/stm32g4xx_hal_pcd.c **** #if (USE_HAL_PCD_REGISTER_CALLBACKS == 1U)
 3159              		.loc 1 978 23 is_stmt 0 view .LVU1042
 3160 00d2 0021     		movs	r1, #0
 3161 00d4 84F8C812 		strb	r1, [r4, #712]
 982:Drivers/STM32G4xx_HAL_Driver/Src/stm32g4xx_hal_pcd.c **** #endif /* USE_HAL_PCD_REGISTER_CALLBACKS */
 3162              		.loc 1 982 7 is_stmt 1 view .LVU1043
 3163 00d8 2046     		mov	r0, r4
 3164              	.LVL340:
 982:Drivers/STM32G4xx_HAL_Driver/Src/stm32g4xx_hal_pcd.c **** #endif /* USE_HAL_PCD_REGISTER_CALLBACKS */
 3165              		.loc 1 982 7 is_stmt 0 view .LVU1044
 3166 00da FFF7FEFF 		bl	HAL_PCDEx_LPM_Callback
 3167              	.LVL341:
 3168 00de EDE7     		b	.L179
 3169              	.LVL342:
 3170              	.L190:
1000:Drivers/STM32G4xx_HAL_Driver/Src/stm32g4xx_hal_pcd.c **** 
 3171              		.loc 1 1000 5 is_stmt 1 view .LVU1045
1000:Drivers/STM32G4xx_HAL_Driver/Src/stm32g4xx_hal_pcd.c **** 
 3172              		.loc 1 1000 9 is_stmt 0 view .LVU1046
 3173 00e0 2268     		ldr	r2, [r4]
1000:Drivers/STM32G4xx_HAL_Driver/Src/stm32g4xx_hal_pcd.c **** 
 3174              		.loc 1 1000 19 view .LVU1047
 3175 00e2 B2F84030 		ldrh	r3, [r2, #64]
1000:Drivers/STM32G4xx_HAL_Driver/Src/stm32g4xx_hal_pcd.c **** 
 3176              		.loc 1 1000 26 view .LVU1048
 3177 00e6 43F00803 		orr	r3, r3, #8
 3178 00ea A2F84030 		strh	r3, [r2, #64]	@ movhi
ARM GAS  /tmp/cc2qdi8m.s 			page 111


1003:Drivers/STM32G4xx_HAL_Driver/Src/stm32g4xx_hal_pcd.c **** 
 3179              		.loc 1 1003 5 is_stmt 1 view .LVU1049
 3180 00ee 2268     		ldr	r2, [r4]
 3181 00f0 B2F84430 		ldrh	r3, [r2, #68]
 3182 00f4 23F40063 		bic	r3, r3, #2048
 3183 00f8 A2F84430 		strh	r3, [r2, #68]	@ movhi
1005:Drivers/STM32G4xx_HAL_Driver/Src/stm32g4xx_hal_pcd.c **** 
 3184              		.loc 1 1005 5 view .LVU1050
1005:Drivers/STM32G4xx_HAL_Driver/Src/stm32g4xx_hal_pcd.c **** 
 3185              		.loc 1 1005 9 is_stmt 0 view .LVU1051
 3186 00fc 2268     		ldr	r2, [r4]
1005:Drivers/STM32G4xx_HAL_Driver/Src/stm32g4xx_hal_pcd.c **** 
 3187              		.loc 1 1005 19 view .LVU1052
 3188 00fe B2F84030 		ldrh	r3, [r2, #64]
1005:Drivers/STM32G4xx_HAL_Driver/Src/stm32g4xx_hal_pcd.c **** 
 3189              		.loc 1 1005 26 view .LVU1053
 3190 0102 43F00403 		orr	r3, r3, #4
 3191 0106 A2F84030 		strh	r3, [r2, #64]	@ movhi
1010:Drivers/STM32G4xx_HAL_Driver/Src/stm32g4xx_hal_pcd.c **** #endif /* USE_HAL_PCD_REGISTER_CALLBACKS */
 3192              		.loc 1 1010 5 is_stmt 1 view .LVU1054
 3193 010a 2046     		mov	r0, r4
 3194              	.LVL343:
1010:Drivers/STM32G4xx_HAL_Driver/Src/stm32g4xx_hal_pcd.c **** #endif /* USE_HAL_PCD_REGISTER_CALLBACKS */
 3195              		.loc 1 1010 5 is_stmt 0 view .LVU1055
 3196 010c FFF7FEFF 		bl	HAL_PCD_SuspendCallback
 3197              	.LVL344:
1013:Drivers/STM32G4xx_HAL_Driver/Src/stm32g4xx_hal_pcd.c ****   }
 3198              		.loc 1 1013 5 is_stmt 1 view .LVU1056
 3199 0110 B9E7     		b	.L172
 3200              	.LVL345:
 3201              	.L191:
1019:Drivers/STM32G4xx_HAL_Driver/Src/stm32g4xx_hal_pcd.c ****     if (hpcd->LPM_State == LPM_L0)
 3202              		.loc 1 1019 5 view .LVU1057
 3203 0112 2268     		ldr	r2, [r4]
 3204 0114 B2F84430 		ldrh	r3, [r2, #68]
 3205 0118 23F08003 		bic	r3, r3, #128
 3206 011c A2F84430 		strh	r3, [r2, #68]	@ movhi
1020:Drivers/STM32G4xx_HAL_Driver/Src/stm32g4xx_hal_pcd.c ****     {
 3207              		.loc 1 1020 5 view .LVU1058
1020:Drivers/STM32G4xx_HAL_Driver/Src/stm32g4xx_hal_pcd.c ****     {
 3208              		.loc 1 1020 13 is_stmt 0 view .LVU1059
 3209 0120 94F8C832 		ldrb	r3, [r4, #712]	@ zero_extendqisi2
1020:Drivers/STM32G4xx_HAL_Driver/Src/stm32g4xx_hal_pcd.c ****     {
 3210              		.loc 1 1020 8 view .LVU1060
 3211 0124 E3B9     		cbnz	r3, .L182
1023:Drivers/STM32G4xx_HAL_Driver/Src/stm32g4xx_hal_pcd.c ****       hpcd->Instance->CNTR |= (uint16_t)USB_CNTR_FSUSP;
 3212              		.loc 1 1023 7 is_stmt 1 view .LVU1061
1023:Drivers/STM32G4xx_HAL_Driver/Src/stm32g4xx_hal_pcd.c ****       hpcd->Instance->CNTR |= (uint16_t)USB_CNTR_FSUSP;
 3213              		.loc 1 1023 11 is_stmt 0 view .LVU1062
 3214 0126 2268     		ldr	r2, [r4]
1023:Drivers/STM32G4xx_HAL_Driver/Src/stm32g4xx_hal_pcd.c ****       hpcd->Instance->CNTR |= (uint16_t)USB_CNTR_FSUSP;
 3215              		.loc 1 1023 21 view .LVU1063
 3216 0128 B2F84030 		ldrh	r3, [r2, #64]
1023:Drivers/STM32G4xx_HAL_Driver/Src/stm32g4xx_hal_pcd.c ****       hpcd->Instance->CNTR |= (uint16_t)USB_CNTR_FSUSP;
 3217              		.loc 1 1023 28 view .LVU1064
 3218 012c 43F00403 		orr	r3, r3, #4
 3219 0130 A2F84030 		strh	r3, [r2, #64]	@ movhi
ARM GAS  /tmp/cc2qdi8m.s 			page 112


1024:Drivers/STM32G4xx_HAL_Driver/Src/stm32g4xx_hal_pcd.c **** 
 3220              		.loc 1 1024 7 is_stmt 1 view .LVU1065
1024:Drivers/STM32G4xx_HAL_Driver/Src/stm32g4xx_hal_pcd.c **** 
 3221              		.loc 1 1024 11 is_stmt 0 view .LVU1066
 3222 0134 2268     		ldr	r2, [r4]
1024:Drivers/STM32G4xx_HAL_Driver/Src/stm32g4xx_hal_pcd.c **** 
 3223              		.loc 1 1024 21 view .LVU1067
 3224 0136 B2F84030 		ldrh	r3, [r2, #64]
1024:Drivers/STM32G4xx_HAL_Driver/Src/stm32g4xx_hal_pcd.c **** 
 3225              		.loc 1 1024 28 view .LVU1068
 3226 013a 43F00803 		orr	r3, r3, #8
 3227 013e A2F84030 		strh	r3, [r2, #64]	@ movhi
1026:Drivers/STM32G4xx_HAL_Driver/Src/stm32g4xx_hal_pcd.c ****       hpcd->BESL = ((uint32_t)hpcd->Instance->LPMCSR & USB_LPMCSR_BESL) >> 2;
 3228              		.loc 1 1026 7 is_stmt 1 view .LVU1069
1026:Drivers/STM32G4xx_HAL_Driver/Src/stm32g4xx_hal_pcd.c ****       hpcd->BESL = ((uint32_t)hpcd->Instance->LPMCSR & USB_LPMCSR_BESL) >> 2;
 3229              		.loc 1 1026 23 is_stmt 0 view .LVU1070
 3230 0142 0121     		movs	r1, #1
 3231 0144 84F8C812 		strb	r1, [r4, #712]
1027:Drivers/STM32G4xx_HAL_Driver/Src/stm32g4xx_hal_pcd.c **** #if (USE_HAL_PCD_REGISTER_CALLBACKS == 1U)
 3232              		.loc 1 1027 7 is_stmt 1 view .LVU1071
1027:Drivers/STM32G4xx_HAL_Driver/Src/stm32g4xx_hal_pcd.c **** #if (USE_HAL_PCD_REGISTER_CALLBACKS == 1U)
 3233              		.loc 1 1027 35 is_stmt 0 view .LVU1072
 3234 0148 2368     		ldr	r3, [r4]
1027:Drivers/STM32G4xx_HAL_Driver/Src/stm32g4xx_hal_pcd.c **** #if (USE_HAL_PCD_REGISTER_CALLBACKS == 1U)
 3235              		.loc 1 1027 45 view .LVU1073
 3236 014a B3F85430 		ldrh	r3, [r3, #84]
1027:Drivers/STM32G4xx_HAL_Driver/Src/stm32g4xx_hal_pcd.c **** #if (USE_HAL_PCD_REGISTER_CALLBACKS == 1U)
 3237              		.loc 1 1027 73 view .LVU1074
 3238 014e 9B08     		lsrs	r3, r3, #2
 3239 0150 03F03C03 		and	r3, r3, #60
1027:Drivers/STM32G4xx_HAL_Driver/Src/stm32g4xx_hal_pcd.c **** #if (USE_HAL_PCD_REGISTER_CALLBACKS == 1U)
 3240              		.loc 1 1027 18 view .LVU1075
 3241 0154 C4F8CC32 		str	r3, [r4, #716]
1031:Drivers/STM32G4xx_HAL_Driver/Src/stm32g4xx_hal_pcd.c **** #endif /* USE_HAL_PCD_REGISTER_CALLBACKS */
 3242              		.loc 1 1031 7 is_stmt 1 view .LVU1076
 3243 0158 2046     		mov	r0, r4
 3244              	.LVL346:
1031:Drivers/STM32G4xx_HAL_Driver/Src/stm32g4xx_hal_pcd.c **** #endif /* USE_HAL_PCD_REGISTER_CALLBACKS */
 3245              		.loc 1 1031 7 is_stmt 0 view .LVU1077
 3246 015a FFF7FEFF 		bl	HAL_PCDEx_LPM_Callback
 3247              	.LVL347:
 3248 015e 92E7     		b	.L172
 3249              	.LVL348:
 3250              	.L182:
1039:Drivers/STM32G4xx_HAL_Driver/Src/stm32g4xx_hal_pcd.c **** #endif /* USE_HAL_PCD_REGISTER_CALLBACKS */
 3251              		.loc 1 1039 7 is_stmt 1 view .LVU1078
 3252 0160 2046     		mov	r0, r4
 3253              	.LVL349:
1039:Drivers/STM32G4xx_HAL_Driver/Src/stm32g4xx_hal_pcd.c **** #endif /* USE_HAL_PCD_REGISTER_CALLBACKS */
 3254              		.loc 1 1039 7 is_stmt 0 view .LVU1079
 3255 0162 FFF7FEFF 		bl	HAL_PCD_SuspendCallback
 3256              	.LVL350:
 3257 0166 8EE7     		b	.L172
 3258              	.LVL351:
 3259              	.L192:
1048:Drivers/STM32G4xx_HAL_Driver/Src/stm32g4xx_hal_pcd.c **** 
 3260              		.loc 1 1048 5 is_stmt 1 view .LVU1080
ARM GAS  /tmp/cc2qdi8m.s 			page 113


 3261 0168 2268     		ldr	r2, [r4]
 3262 016a B2F84430 		ldrh	r3, [r2, #68]
 3263 016e 23F40073 		bic	r3, r3, #512
 3264 0172 A2F84430 		strh	r3, [r2, #68]	@ movhi
1053:Drivers/STM32G4xx_HAL_Driver/Src/stm32g4xx_hal_pcd.c **** #endif /* USE_HAL_PCD_REGISTER_CALLBACKS */
 3265              		.loc 1 1053 5 view .LVU1081
 3266 0176 2046     		mov	r0, r4
 3267              	.LVL352:
1053:Drivers/STM32G4xx_HAL_Driver/Src/stm32g4xx_hal_pcd.c **** #endif /* USE_HAL_PCD_REGISTER_CALLBACKS */
 3268              		.loc 1 1053 5 is_stmt 0 view .LVU1082
 3269 0178 FFF7FEFF 		bl	HAL_PCD_SOFCallback
 3270              	.LVL353:
1056:Drivers/STM32G4xx_HAL_Driver/Src/stm32g4xx_hal_pcd.c ****   }
 3271              		.loc 1 1056 5 is_stmt 1 view .LVU1083
 3272 017c 83E7     		b	.L172
 3273              		.cfi_endproc
 3274              	.LFE335:
 3276              		.section	.text.HAL_PCD_EP_Open,"ax",%progbits
 3277              		.align	1
 3278              		.global	HAL_PCD_EP_Open
 3279              		.syntax unified
 3280              		.thumb
 3281              		.thumb_func
 3283              	HAL_PCD_EP_Open:
 3284              	.LVL354:
 3285              	.LFB350:
1313:Drivers/STM32G4xx_HAL_Driver/Src/stm32g4xx_hal_pcd.c ****   HAL_StatusTypeDef ret = HAL_OK;
 3286              		.loc 1 1313 1 view -0
 3287              		.cfi_startproc
 3288              		@ args = 0, pretend = 0, frame = 0
 3289              		@ frame_needed = 0, uses_anonymous_args = 0
1313:Drivers/STM32G4xx_HAL_Driver/Src/stm32g4xx_hal_pcd.c ****   HAL_StatusTypeDef ret = HAL_OK;
 3290              		.loc 1 1313 1 is_stmt 0 view .LVU1085
 3291 0000 10B5     		push	{r4, lr}
 3292              	.LCFI17:
 3293              		.cfi_def_cfa_offset 8
 3294              		.cfi_offset 4, -8
 3295              		.cfi_offset 14, -4
 3296 0002 0446     		mov	r4, r0
 3297 0004 0846     		mov	r0, r1
 3298              	.LVL355:
1314:Drivers/STM32G4xx_HAL_Driver/Src/stm32g4xx_hal_pcd.c ****   PCD_EPTypeDef *ep;
 3299              		.loc 1 1314 3 is_stmt 1 view .LVU1086
1315:Drivers/STM32G4xx_HAL_Driver/Src/stm32g4xx_hal_pcd.c **** 
 3300              		.loc 1 1315 3 view .LVU1087
1317:Drivers/STM32G4xx_HAL_Driver/Src/stm32g4xx_hal_pcd.c ****   {
 3301              		.loc 1 1317 3 view .LVU1088
1317:Drivers/STM32G4xx_HAL_Driver/Src/stm32g4xx_hal_pcd.c ****   {
 3302              		.loc 1 1317 6 is_stmt 0 view .LVU1089
 3303 0006 11F0800F 		tst	r1, #128
 3304 000a 27D1     		bne	.L201
1324:Drivers/STM32G4xx_HAL_Driver/Src/stm32g4xx_hal_pcd.c ****     ep->is_in = 0U;
 3305              		.loc 1 1324 5 is_stmt 1 view .LVU1090
1324:Drivers/STM32G4xx_HAL_Driver/Src/stm32g4xx_hal_pcd.c ****     ep->is_in = 0U;
 3306              		.loc 1 1324 32 is_stmt 0 view .LVU1091
 3307 000c 01F0070C 		and	ip, r1, #7
1324:Drivers/STM32G4xx_HAL_Driver/Src/stm32g4xx_hal_pcd.c ****     ep->is_in = 0U;
ARM GAS  /tmp/cc2qdi8m.s 			page 114


 3308              		.loc 1 1324 8 view .LVU1092
 3309 0010 0CEB8C01 		add	r1, ip, ip, lsl #2
 3310              	.LVL356:
1324:Drivers/STM32G4xx_HAL_Driver/Src/stm32g4xx_hal_pcd.c ****     ep->is_in = 0U;
 3311              		.loc 1 1324 8 view .LVU1093
 3312 0014 C900     		lsls	r1, r1, #3
 3313 0016 01F5A87E 		add	lr, r1, #336
 3314 001a 04EB0E01 		add	r1, r4, lr
 3315              	.LVL357:
1325:Drivers/STM32G4xx_HAL_Driver/Src/stm32g4xx_hal_pcd.c ****   }
 3316              		.loc 1 1325 5 is_stmt 1 view .LVU1094
1325:Drivers/STM32G4xx_HAL_Driver/Src/stm32g4xx_hal_pcd.c ****   }
 3317              		.loc 1 1325 15 is_stmt 0 view .LVU1095
 3318 001e 0CEB8C0C 		add	ip, ip, ip, lsl #2
 3319 0022 04EBCC0C 		add	ip, r4, ip, lsl #3
 3320 0026 4FF0000E 		mov	lr, #0
 3321 002a 8CF851E1 		strb	lr, [ip, #337]
 3322              	.L196:
1328:Drivers/STM32G4xx_HAL_Driver/Src/stm32g4xx_hal_pcd.c ****   ep->maxpacket = (uint32_t)ep_mps & 0x7FFU;
 3323              		.loc 1 1328 3 is_stmt 1 view .LVU1096
1328:Drivers/STM32G4xx_HAL_Driver/Src/stm32g4xx_hal_pcd.c ****   ep->maxpacket = (uint32_t)ep_mps & 0x7FFU;
 3324              		.loc 1 1328 21 is_stmt 0 view .LVU1097
 3325 002e 00F00700 		and	r0, r0, #7
 3326              	.LVL358:
1328:Drivers/STM32G4xx_HAL_Driver/Src/stm32g4xx_hal_pcd.c ****   ep->maxpacket = (uint32_t)ep_mps & 0x7FFU;
 3327              		.loc 1 1328 11 view .LVU1098
 3328 0032 0870     		strb	r0, [r1]
1329:Drivers/STM32G4xx_HAL_Driver/Src/stm32g4xx_hal_pcd.c ****   ep->type = ep_type;
 3329              		.loc 1 1329 3 is_stmt 1 view .LVU1099
1329:Drivers/STM32G4xx_HAL_Driver/Src/stm32g4xx_hal_pcd.c ****   ep->type = ep_type;
 3330              		.loc 1 1329 36 is_stmt 0 view .LVU1100
 3331 0034 C2F30A02 		ubfx	r2, r2, #0, #11
 3332              	.LVL359:
1329:Drivers/STM32G4xx_HAL_Driver/Src/stm32g4xx_hal_pcd.c ****   ep->type = ep_type;
 3333              		.loc 1 1329 17 view .LVU1101
 3334 0038 0A61     		str	r2, [r1, #16]
1330:Drivers/STM32G4xx_HAL_Driver/Src/stm32g4xx_hal_pcd.c **** 
 3335              		.loc 1 1330 3 is_stmt 1 view .LVU1102
1330:Drivers/STM32G4xx_HAL_Driver/Src/stm32g4xx_hal_pcd.c **** 
 3336              		.loc 1 1330 12 is_stmt 0 view .LVU1103
 3337 003a CB70     		strb	r3, [r1, #3]
1333:Drivers/STM32G4xx_HAL_Driver/Src/stm32g4xx_hal_pcd.c ****   {
 3338              		.loc 1 1333 3 is_stmt 1 view .LVU1104
1333:Drivers/STM32G4xx_HAL_Driver/Src/stm32g4xx_hal_pcd.c ****   {
 3339              		.loc 1 1333 6 is_stmt 0 view .LVU1105
 3340 003c 022B     		cmp	r3, #2
 3341 003e 1DD0     		beq	.L202
 3342              	.LVL360:
 3343              	.L197:
1338:Drivers/STM32G4xx_HAL_Driver/Src/stm32g4xx_hal_pcd.c ****   (void)USB_ActivateEndpoint(hpcd->Instance, ep);
 3344              		.loc 1 1338 3 is_stmt 1 view .LVU1106
1338:Drivers/STM32G4xx_HAL_Driver/Src/stm32g4xx_hal_pcd.c ****   (void)USB_ActivateEndpoint(hpcd->Instance, ep);
 3345              		.loc 1 1338 3 view .LVU1107
 3346 0040 94F89032 		ldrb	r3, [r4, #656]	@ zero_extendqisi2
 3347 0044 012B     		cmp	r3, #1
 3348 0046 1CD0     		beq	.L199
1338:Drivers/STM32G4xx_HAL_Driver/Src/stm32g4xx_hal_pcd.c ****   (void)USB_ActivateEndpoint(hpcd->Instance, ep);
ARM GAS  /tmp/cc2qdi8m.s 			page 115


 3349              		.loc 1 1338 3 discriminator 2 view .LVU1108
 3350 0048 0123     		movs	r3, #1
 3351 004a 84F89032 		strb	r3, [r4, #656]
 3352              	.LVL361:
1338:Drivers/STM32G4xx_HAL_Driver/Src/stm32g4xx_hal_pcd.c ****   (void)USB_ActivateEndpoint(hpcd->Instance, ep);
 3353              		.loc 1 1338 3 discriminator 2 view .LVU1109
1339:Drivers/STM32G4xx_HAL_Driver/Src/stm32g4xx_hal_pcd.c ****   __HAL_UNLOCK(hpcd);
 3354              		.loc 1 1339 3 view .LVU1110
1339:Drivers/STM32G4xx_HAL_Driver/Src/stm32g4xx_hal_pcd.c ****   __HAL_UNLOCK(hpcd);
 3355              		.loc 1 1339 9 is_stmt 0 view .LVU1111
 3356 004e 2068     		ldr	r0, [r4]
 3357 0050 FFF7FEFF 		bl	USB_ActivateEndpoint
 3358              	.LVL362:
1340:Drivers/STM32G4xx_HAL_Driver/Src/stm32g4xx_hal_pcd.c **** 
 3359              		.loc 1 1340 3 is_stmt 1 view .LVU1112
1340:Drivers/STM32G4xx_HAL_Driver/Src/stm32g4xx_hal_pcd.c **** 
 3360              		.loc 1 1340 3 view .LVU1113
 3361 0054 0020     		movs	r0, #0
 3362 0056 84F89002 		strb	r0, [r4, #656]
1340:Drivers/STM32G4xx_HAL_Driver/Src/stm32g4xx_hal_pcd.c **** 
 3363              		.loc 1 1340 3 view .LVU1114
1342:Drivers/STM32G4xx_HAL_Driver/Src/stm32g4xx_hal_pcd.c **** }
 3364              		.loc 1 1342 3 view .LVU1115
 3365              	.L198:
1343:Drivers/STM32G4xx_HAL_Driver/Src/stm32g4xx_hal_pcd.c **** 
 3366              		.loc 1 1343 1 is_stmt 0 view .LVU1116
 3367 005a 10BD     		pop	{r4, pc}
 3368              	.LVL363:
 3369              	.L201:
1319:Drivers/STM32G4xx_HAL_Driver/Src/stm32g4xx_hal_pcd.c ****     ep->is_in = 1U;
 3370              		.loc 1 1319 5 is_stmt 1 view .LVU1117
1319:Drivers/STM32G4xx_HAL_Driver/Src/stm32g4xx_hal_pcd.c ****     ep->is_in = 1U;
 3371              		.loc 1 1319 31 is_stmt 0 view .LVU1118
 3372 005c 01F0070C 		and	ip, r1, #7
1319:Drivers/STM32G4xx_HAL_Driver/Src/stm32g4xx_hal_pcd.c ****     ep->is_in = 1U;
 3373              		.loc 1 1319 8 view .LVU1119
 3374 0060 0CEB8C01 		add	r1, ip, ip, lsl #2
 3375              	.LVL364:
1319:Drivers/STM32G4xx_HAL_Driver/Src/stm32g4xx_hal_pcd.c ****     ep->is_in = 1U;
 3376              		.loc 1 1319 8 view .LVU1120
 3377 0064 C900     		lsls	r1, r1, #3
 3378 0066 1031     		adds	r1, r1, #16
 3379 0068 2144     		add	r1, r1, r4
 3380              	.LVL365:
1320:Drivers/STM32G4xx_HAL_Driver/Src/stm32g4xx_hal_pcd.c ****   }
 3381              		.loc 1 1320 5 is_stmt 1 view .LVU1121
1320:Drivers/STM32G4xx_HAL_Driver/Src/stm32g4xx_hal_pcd.c ****   }
 3382              		.loc 1 1320 15 is_stmt 0 view .LVU1122
 3383 006a 0CEB8C0C 		add	ip, ip, ip, lsl #2
 3384 006e 04EBCC0C 		add	ip, r4, ip, lsl #3
 3385 0072 4FF0010E 		mov	lr, #1
 3386 0076 8CF811E0 		strb	lr, [ip, #17]
 3387 007a D8E7     		b	.L196
 3388              	.LVL366:
 3389              	.L202:
1335:Drivers/STM32G4xx_HAL_Driver/Src/stm32g4xx_hal_pcd.c ****   }
 3390              		.loc 1 1335 5 is_stmt 1 view .LVU1123
ARM GAS  /tmp/cc2qdi8m.s 			page 116


1335:Drivers/STM32G4xx_HAL_Driver/Src/stm32g4xx_hal_pcd.c ****   }
 3391              		.loc 1 1335 24 is_stmt 0 view .LVU1124
 3392 007c 0023     		movs	r3, #0
 3393              	.LVL367:
1335:Drivers/STM32G4xx_HAL_Driver/Src/stm32g4xx_hal_pcd.c ****   }
 3394              		.loc 1 1335 24 view .LVU1125
 3395 007e 0B71     		strb	r3, [r1, #4]
 3396 0080 DEE7     		b	.L197
 3397              	.L199:
1338:Drivers/STM32G4xx_HAL_Driver/Src/stm32g4xx_hal_pcd.c ****   (void)USB_ActivateEndpoint(hpcd->Instance, ep);
 3398              		.loc 1 1338 3 discriminator 1 view .LVU1126
 3399 0082 0220     		movs	r0, #2
 3400 0084 E9E7     		b	.L198
 3401              		.cfi_endproc
 3402              	.LFE350:
 3404              		.section	.text.HAL_PCD_EP_Close,"ax",%progbits
 3405              		.align	1
 3406              		.global	HAL_PCD_EP_Close
 3407              		.syntax unified
 3408              		.thumb
 3409              		.thumb_func
 3411              	HAL_PCD_EP_Close:
 3412              	.LVL368:
 3413              	.LFB351:
1352:Drivers/STM32G4xx_HAL_Driver/Src/stm32g4xx_hal_pcd.c ****   PCD_EPTypeDef *ep;
 3414              		.loc 1 1352 1 is_stmt 1 view -0
 3415              		.cfi_startproc
 3416              		@ args = 0, pretend = 0, frame = 0
 3417              		@ frame_needed = 0, uses_anonymous_args = 0
1352:Drivers/STM32G4xx_HAL_Driver/Src/stm32g4xx_hal_pcd.c ****   PCD_EPTypeDef *ep;
 3418              		.loc 1 1352 1 is_stmt 0 view .LVU1128
 3419 0000 10B5     		push	{r4, lr}
 3420              	.LCFI18:
 3421              		.cfi_def_cfa_offset 8
 3422              		.cfi_offset 4, -8
 3423              		.cfi_offset 14, -4
 3424 0002 0446     		mov	r4, r0
 3425 0004 0A46     		mov	r2, r1
1353:Drivers/STM32G4xx_HAL_Driver/Src/stm32g4xx_hal_pcd.c **** 
 3426              		.loc 1 1353 3 is_stmt 1 view .LVU1129
1355:Drivers/STM32G4xx_HAL_Driver/Src/stm32g4xx_hal_pcd.c ****   {
 3427              		.loc 1 1355 3 view .LVU1130
1355:Drivers/STM32G4xx_HAL_Driver/Src/stm32g4xx_hal_pcd.c ****   {
 3428              		.loc 1 1355 6 is_stmt 0 view .LVU1131
 3429 0006 11F0800F 		tst	r1, #128
 3430 000a 1FD1     		bne	.L209
1362:Drivers/STM32G4xx_HAL_Driver/Src/stm32g4xx_hal_pcd.c ****     ep->is_in = 0U;
 3431              		.loc 1 1362 5 is_stmt 1 view .LVU1132
1362:Drivers/STM32G4xx_HAL_Driver/Src/stm32g4xx_hal_pcd.c ****     ep->is_in = 0U;
 3432              		.loc 1 1362 32 is_stmt 0 view .LVU1133
 3433 000c 01F00700 		and	r0, r1, #7
 3434              	.LVL369:
1362:Drivers/STM32G4xx_HAL_Driver/Src/stm32g4xx_hal_pcd.c ****     ep->is_in = 0U;
 3435              		.loc 1 1362 8 view .LVU1134
 3436 0010 00EB8003 		add	r3, r0, r0, lsl #2
 3437 0014 DB00     		lsls	r3, r3, #3
 3438 0016 03F5A873 		add	r3, r3, #336
ARM GAS  /tmp/cc2qdi8m.s 			page 117


 3439 001a E118     		adds	r1, r4, r3
 3440              	.LVL370:
1363:Drivers/STM32G4xx_HAL_Driver/Src/stm32g4xx_hal_pcd.c ****   }
 3441              		.loc 1 1363 5 is_stmt 1 view .LVU1135
1363:Drivers/STM32G4xx_HAL_Driver/Src/stm32g4xx_hal_pcd.c ****   }
 3442              		.loc 1 1363 15 is_stmt 0 view .LVU1136
 3443 001c 00EB8000 		add	r0, r0, r0, lsl #2
 3444 0020 04EBC000 		add	r0, r4, r0, lsl #3
 3445 0024 0023     		movs	r3, #0
 3446 0026 80F85131 		strb	r3, [r0, #337]
 3447              	.L205:
1365:Drivers/STM32G4xx_HAL_Driver/Src/stm32g4xx_hal_pcd.c **** 
 3448              		.loc 1 1365 3 is_stmt 1 view .LVU1137
1365:Drivers/STM32G4xx_HAL_Driver/Src/stm32g4xx_hal_pcd.c **** 
 3449              		.loc 1 1365 21 is_stmt 0 view .LVU1138
 3450 002a 02F00702 		and	r2, r2, #7
 3451              	.LVL371:
1365:Drivers/STM32G4xx_HAL_Driver/Src/stm32g4xx_hal_pcd.c **** 
 3452              		.loc 1 1365 11 view .LVU1139
 3453 002e 0A70     		strb	r2, [r1]
1367:Drivers/STM32G4xx_HAL_Driver/Src/stm32g4xx_hal_pcd.c ****   (void)USB_DeactivateEndpoint(hpcd->Instance, ep);
 3454              		.loc 1 1367 3 is_stmt 1 view .LVU1140
1367:Drivers/STM32G4xx_HAL_Driver/Src/stm32g4xx_hal_pcd.c ****   (void)USB_DeactivateEndpoint(hpcd->Instance, ep);
 3455              		.loc 1 1367 3 view .LVU1141
 3456 0030 94F89032 		ldrb	r3, [r4, #656]	@ zero_extendqisi2
 3457 0034 012B     		cmp	r3, #1
 3458 0036 17D0     		beq	.L207
1367:Drivers/STM32G4xx_HAL_Driver/Src/stm32g4xx_hal_pcd.c ****   (void)USB_DeactivateEndpoint(hpcd->Instance, ep);
 3459              		.loc 1 1367 3 discriminator 2 view .LVU1142
 3460 0038 0123     		movs	r3, #1
 3461 003a 84F89032 		strb	r3, [r4, #656]
1367:Drivers/STM32G4xx_HAL_Driver/Src/stm32g4xx_hal_pcd.c ****   (void)USB_DeactivateEndpoint(hpcd->Instance, ep);
 3462              		.loc 1 1367 3 discriminator 2 view .LVU1143
1368:Drivers/STM32G4xx_HAL_Driver/Src/stm32g4xx_hal_pcd.c ****   __HAL_UNLOCK(hpcd);
 3463              		.loc 1 1368 3 view .LVU1144
1368:Drivers/STM32G4xx_HAL_Driver/Src/stm32g4xx_hal_pcd.c ****   __HAL_UNLOCK(hpcd);
 3464              		.loc 1 1368 9 is_stmt 0 view .LVU1145
 3465 003e 2068     		ldr	r0, [r4]
 3466 0040 FFF7FEFF 		bl	USB_DeactivateEndpoint
 3467              	.LVL372:
1369:Drivers/STM32G4xx_HAL_Driver/Src/stm32g4xx_hal_pcd.c ****   return HAL_OK;
 3468              		.loc 1 1369 3 is_stmt 1 view .LVU1146
1369:Drivers/STM32G4xx_HAL_Driver/Src/stm32g4xx_hal_pcd.c ****   return HAL_OK;
 3469              		.loc 1 1369 3 view .LVU1147
 3470 0044 0020     		movs	r0, #0
 3471 0046 84F89002 		strb	r0, [r4, #656]
1369:Drivers/STM32G4xx_HAL_Driver/Src/stm32g4xx_hal_pcd.c ****   return HAL_OK;
 3472              		.loc 1 1369 3 view .LVU1148
1370:Drivers/STM32G4xx_HAL_Driver/Src/stm32g4xx_hal_pcd.c **** }
 3473              		.loc 1 1370 3 view .LVU1149
 3474              	.L206:
1371:Drivers/STM32G4xx_HAL_Driver/Src/stm32g4xx_hal_pcd.c **** 
 3475              		.loc 1 1371 1 is_stmt 0 view .LVU1150
 3476 004a 10BD     		pop	{r4, pc}
 3477              	.LVL373:
 3478              	.L209:
1357:Drivers/STM32G4xx_HAL_Driver/Src/stm32g4xx_hal_pcd.c ****     ep->is_in = 1U;
ARM GAS  /tmp/cc2qdi8m.s 			page 118


 3479              		.loc 1 1357 5 is_stmt 1 view .LVU1151
1357:Drivers/STM32G4xx_HAL_Driver/Src/stm32g4xx_hal_pcd.c ****     ep->is_in = 1U;
 3480              		.loc 1 1357 31 is_stmt 0 view .LVU1152
 3481 004c 01F00700 		and	r0, r1, #7
 3482              	.LVL374:
1357:Drivers/STM32G4xx_HAL_Driver/Src/stm32g4xx_hal_pcd.c ****     ep->is_in = 1U;
 3483              		.loc 1 1357 8 view .LVU1153
 3484 0050 00EB8003 		add	r3, r0, r0, lsl #2
 3485 0054 DB00     		lsls	r3, r3, #3
 3486 0056 1033     		adds	r3, r3, #16
 3487 0058 E118     		adds	r1, r4, r3
 3488              	.LVL375:
1358:Drivers/STM32G4xx_HAL_Driver/Src/stm32g4xx_hal_pcd.c ****   }
 3489              		.loc 1 1358 5 is_stmt 1 view .LVU1154
1358:Drivers/STM32G4xx_HAL_Driver/Src/stm32g4xx_hal_pcd.c ****   }
 3490              		.loc 1 1358 15 is_stmt 0 view .LVU1155
 3491 005a 00EB8000 		add	r0, r0, r0, lsl #2
 3492 005e 04EBC000 		add	r0, r4, r0, lsl #3
 3493 0062 0123     		movs	r3, #1
 3494 0064 4374     		strb	r3, [r0, #17]
 3495 0066 E0E7     		b	.L205
 3496              	.LVL376:
 3497              	.L207:
1367:Drivers/STM32G4xx_HAL_Driver/Src/stm32g4xx_hal_pcd.c ****   (void)USB_DeactivateEndpoint(hpcd->Instance, ep);
 3498              		.loc 1 1367 3 discriminator 1 view .LVU1156
 3499 0068 0220     		movs	r0, #2
 3500 006a EEE7     		b	.L206
 3501              		.cfi_endproc
 3502              	.LFE351:
 3504              		.section	.text.HAL_PCD_EP_Receive,"ax",%progbits
 3505              		.align	1
 3506              		.global	HAL_PCD_EP_Receive
 3507              		.syntax unified
 3508              		.thumb
 3509              		.thumb_func
 3511              	HAL_PCD_EP_Receive:
 3512              	.LVL377:
 3513              	.LFB352:
1383:Drivers/STM32G4xx_HAL_Driver/Src/stm32g4xx_hal_pcd.c ****   PCD_EPTypeDef *ep;
 3514              		.loc 1 1383 1 is_stmt 1 view -0
 3515              		.cfi_startproc
 3516              		@ args = 0, pretend = 0, frame = 0
 3517              		@ frame_needed = 0, uses_anonymous_args = 0
1383:Drivers/STM32G4xx_HAL_Driver/Src/stm32g4xx_hal_pcd.c ****   PCD_EPTypeDef *ep;
 3518              		.loc 1 1383 1 is_stmt 0 view .LVU1158
 3519 0000 10B5     		push	{r4, lr}
 3520              	.LCFI19:
 3521              		.cfi_def_cfa_offset 8
 3522              		.cfi_offset 4, -8
 3523              		.cfi_offset 14, -4
1384:Drivers/STM32G4xx_HAL_Driver/Src/stm32g4xx_hal_pcd.c **** 
 3524              		.loc 1 1384 3 is_stmt 1 view .LVU1159
1386:Drivers/STM32G4xx_HAL_Driver/Src/stm32g4xx_hal_pcd.c **** 
 3525              		.loc 1 1386 3 view .LVU1160
 3526 0002 01F0070C 		and	ip, r1, #7
1386:Drivers/STM32G4xx_HAL_Driver/Src/stm32g4xx_hal_pcd.c **** 
 3527              		.loc 1 1386 6 is_stmt 0 view .LVU1161
ARM GAS  /tmp/cc2qdi8m.s 			page 119


 3528 0006 0CEB8C01 		add	r1, ip, ip, lsl #2
 3529              	.LVL378:
1386:Drivers/STM32G4xx_HAL_Driver/Src/stm32g4xx_hal_pcd.c **** 
 3530              		.loc 1 1386 6 view .LVU1162
 3531 000a C900     		lsls	r1, r1, #3
 3532 000c 01F5A871 		add	r1, r1, #336
 3533              	.LVL379:
1389:Drivers/STM32G4xx_HAL_Driver/Src/stm32g4xx_hal_pcd.c ****   ep->xfer_len = len;
 3534              		.loc 1 1389 3 is_stmt 1 view .LVU1163
1389:Drivers/STM32G4xx_HAL_Driver/Src/stm32g4xx_hal_pcd.c ****   ep->xfer_len = len;
 3535              		.loc 1 1389 17 is_stmt 0 view .LVU1164
 3536 0010 0CEB8C0E 		add	lr, ip, ip, lsl #2
 3537 0014 00EBCE0E 		add	lr, r0, lr, lsl #3
 3538 0018 CEF86421 		str	r2, [lr, #356]
1390:Drivers/STM32G4xx_HAL_Driver/Src/stm32g4xx_hal_pcd.c ****   ep->xfer_count = 0U;
 3539              		.loc 1 1390 3 is_stmt 1 view .LVU1165
1390:Drivers/STM32G4xx_HAL_Driver/Src/stm32g4xx_hal_pcd.c ****   ep->xfer_count = 0U;
 3540              		.loc 1 1390 16 is_stmt 0 view .LVU1166
 3541 001c CEF86831 		str	r3, [lr, #360]
1391:Drivers/STM32G4xx_HAL_Driver/Src/stm32g4xx_hal_pcd.c ****   ep->is_in = 0U;
 3542              		.loc 1 1391 3 is_stmt 1 view .LVU1167
1391:Drivers/STM32G4xx_HAL_Driver/Src/stm32g4xx_hal_pcd.c ****   ep->is_in = 0U;
 3543              		.loc 1 1391 18 is_stmt 0 view .LVU1168
 3544 0020 0024     		movs	r4, #0
 3545 0022 CEF86C41 		str	r4, [lr, #364]
1392:Drivers/STM32G4xx_HAL_Driver/Src/stm32g4xx_hal_pcd.c ****   ep->num = ep_addr & EP_ADDR_MSK;
 3546              		.loc 1 1392 3 is_stmt 1 view .LVU1169
1392:Drivers/STM32G4xx_HAL_Driver/Src/stm32g4xx_hal_pcd.c ****   ep->num = ep_addr & EP_ADDR_MSK;
 3547              		.loc 1 1392 13 is_stmt 0 view .LVU1170
 3548 0026 8EF85141 		strb	r4, [lr, #337]
1393:Drivers/STM32G4xx_HAL_Driver/Src/stm32g4xx_hal_pcd.c **** 
 3549              		.loc 1 1393 3 is_stmt 1 view .LVU1171
1393:Drivers/STM32G4xx_HAL_Driver/Src/stm32g4xx_hal_pcd.c **** 
 3550              		.loc 1 1393 11 is_stmt 0 view .LVU1172
 3551 002a 8EF850C1 		strb	ip, [lr, #336]
1395:Drivers/STM32G4xx_HAL_Driver/Src/stm32g4xx_hal_pcd.c **** 
 3552              		.loc 1 1395 3 is_stmt 1 view .LVU1173
1395:Drivers/STM32G4xx_HAL_Driver/Src/stm32g4xx_hal_pcd.c **** 
 3553              		.loc 1 1395 9 is_stmt 0 view .LVU1174
 3554 002e 0144     		add	r1, r1, r0
 3555              	.LVL380:
1395:Drivers/STM32G4xx_HAL_Driver/Src/stm32g4xx_hal_pcd.c **** 
 3556              		.loc 1 1395 9 view .LVU1175
 3557 0030 0068     		ldr	r0, [r0]
 3558              	.LVL381:
1395:Drivers/STM32G4xx_HAL_Driver/Src/stm32g4xx_hal_pcd.c **** 
 3559              		.loc 1 1395 9 view .LVU1176
 3560 0032 FFF7FEFF 		bl	USB_EPStartXfer
 3561              	.LVL382:
1397:Drivers/STM32G4xx_HAL_Driver/Src/stm32g4xx_hal_pcd.c **** }
 3562              		.loc 1 1397 3 is_stmt 1 view .LVU1177
1398:Drivers/STM32G4xx_HAL_Driver/Src/stm32g4xx_hal_pcd.c **** 
 3563              		.loc 1 1398 1 is_stmt 0 view .LVU1178
 3564 0036 2046     		mov	r0, r4
 3565 0038 10BD     		pop	{r4, pc}
 3566              		.cfi_endproc
 3567              	.LFE352:
ARM GAS  /tmp/cc2qdi8m.s 			page 120


 3569              		.section	.text.HAL_PCD_EP_GetRxCount,"ax",%progbits
 3570              		.align	1
 3571              		.global	HAL_PCD_EP_GetRxCount
 3572              		.syntax unified
 3573              		.thumb
 3574              		.thumb_func
 3576              	HAL_PCD_EP_GetRxCount:
 3577              	.LVL383:
 3578              	.LFB353:
1407:Drivers/STM32G4xx_HAL_Driver/Src/stm32g4xx_hal_pcd.c ****   return hpcd->OUT_ep[ep_addr & EP_ADDR_MSK].xfer_count;
 3579              		.loc 1 1407 1 is_stmt 1 view -0
 3580              		.cfi_startproc
 3581              		@ args = 0, pretend = 0, frame = 0
 3582              		@ frame_needed = 0, uses_anonymous_args = 0
 3583              		@ link register save eliminated.
1408:Drivers/STM32G4xx_HAL_Driver/Src/stm32g4xx_hal_pcd.c **** }
 3584              		.loc 1 1408 3 view .LVU1180
1408:Drivers/STM32G4xx_HAL_Driver/Src/stm32g4xx_hal_pcd.c **** }
 3585              		.loc 1 1408 31 is_stmt 0 view .LVU1181
 3586 0000 01F00701 		and	r1, r1, #7
 3587              	.LVL384:
1408:Drivers/STM32G4xx_HAL_Driver/Src/stm32g4xx_hal_pcd.c **** }
 3588              		.loc 1 1408 45 view .LVU1182
 3589 0004 01EB8101 		add	r1, r1, r1, lsl #2
 3590 0008 00EBC100 		add	r0, r0, r1, lsl #3
 3591              	.LVL385:
1409:Drivers/STM32G4xx_HAL_Driver/Src/stm32g4xx_hal_pcd.c **** /**
 3592              		.loc 1 1409 1 view .LVU1183
 3593 000c D0F86C01 		ldr	r0, [r0, #364]
 3594 0010 7047     		bx	lr
 3595              		.cfi_endproc
 3596              	.LFE353:
 3598              		.section	.text.HAL_PCD_EP_Transmit,"ax",%progbits
 3599              		.align	1
 3600              		.global	HAL_PCD_EP_Transmit
 3601              		.syntax unified
 3602              		.thumb
 3603              		.thumb_func
 3605              	HAL_PCD_EP_Transmit:
 3606              	.LVL386:
 3607              	.LFB354:
1419:Drivers/STM32G4xx_HAL_Driver/Src/stm32g4xx_hal_pcd.c ****   PCD_EPTypeDef *ep;
 3608              		.loc 1 1419 1 is_stmt 1 view -0
 3609              		.cfi_startproc
 3610              		@ args = 0, pretend = 0, frame = 0
 3611              		@ frame_needed = 0, uses_anonymous_args = 0
1419:Drivers/STM32G4xx_HAL_Driver/Src/stm32g4xx_hal_pcd.c ****   PCD_EPTypeDef *ep;
 3612              		.loc 1 1419 1 is_stmt 0 view .LVU1185
 3613 0000 38B5     		push	{r3, r4, r5, lr}
 3614              	.LCFI20:
 3615              		.cfi_def_cfa_offset 16
 3616              		.cfi_offset 3, -16
 3617              		.cfi_offset 4, -12
 3618              		.cfi_offset 5, -8
 3619              		.cfi_offset 14, -4
1420:Drivers/STM32G4xx_HAL_Driver/Src/stm32g4xx_hal_pcd.c **** 
 3620              		.loc 1 1420 3 is_stmt 1 view .LVU1186
ARM GAS  /tmp/cc2qdi8m.s 			page 121


1422:Drivers/STM32G4xx_HAL_Driver/Src/stm32g4xx_hal_pcd.c **** 
 3621              		.loc 1 1422 3 view .LVU1187
 3622 0002 01F0070C 		and	ip, r1, #7
1422:Drivers/STM32G4xx_HAL_Driver/Src/stm32g4xx_hal_pcd.c **** 
 3623              		.loc 1 1422 6 is_stmt 0 view .LVU1188
 3624 0006 0CEB8C01 		add	r1, ip, ip, lsl #2
 3625              	.LVL387:
1422:Drivers/STM32G4xx_HAL_Driver/Src/stm32g4xx_hal_pcd.c **** 
 3626              		.loc 1 1422 6 view .LVU1189
 3627 000a C900     		lsls	r1, r1, #3
 3628 000c 1031     		adds	r1, r1, #16
 3629              	.LVL388:
1425:Drivers/STM32G4xx_HAL_Driver/Src/stm32g4xx_hal_pcd.c ****   ep->xfer_len = len;
 3630              		.loc 1 1425 3 is_stmt 1 view .LVU1190
1425:Drivers/STM32G4xx_HAL_Driver/Src/stm32g4xx_hal_pcd.c ****   ep->xfer_len = len;
 3631              		.loc 1 1425 17 is_stmt 0 view .LVU1191
 3632 000e 0CEB8C0E 		add	lr, ip, ip, lsl #2
 3633 0012 00EBCE0E 		add	lr, r0, lr, lsl #3
 3634 0016 CEF82420 		str	r2, [lr, #36]
1426:Drivers/STM32G4xx_HAL_Driver/Src/stm32g4xx_hal_pcd.c ****   ep->xfer_fill_db = 1U;
 3635              		.loc 1 1426 3 is_stmt 1 view .LVU1192
1426:Drivers/STM32G4xx_HAL_Driver/Src/stm32g4xx_hal_pcd.c ****   ep->xfer_fill_db = 1U;
 3636              		.loc 1 1426 16 is_stmt 0 view .LVU1193
 3637 001a 0CF10102 		add	r2, ip, #1
 3638              	.LVL389:
1426:Drivers/STM32G4xx_HAL_Driver/Src/stm32g4xx_hal_pcd.c ****   ep->xfer_fill_db = 1U;
 3639              		.loc 1 1426 16 view .LVU1194
 3640 001e 02EB8204 		add	r4, r2, r2, lsl #2
 3641 0022 40F83430 		str	r3, [r0, r4, lsl #3]
 3642              	.LVL390:
1427:Drivers/STM32G4xx_HAL_Driver/Src/stm32g4xx_hal_pcd.c ****   ep->xfer_len_db = len;
 3643              		.loc 1 1427 3 is_stmt 1 view .LVU1195
1427:Drivers/STM32G4xx_HAL_Driver/Src/stm32g4xx_hal_pcd.c ****   ep->xfer_len_db = len;
 3644              		.loc 1 1427 20 is_stmt 0 view .LVU1196
 3645 0026 0125     		movs	r5, #1
 3646 0028 8EF83450 		strb	r5, [lr, #52]
1428:Drivers/STM32G4xx_HAL_Driver/Src/stm32g4xx_hal_pcd.c ****   ep->xfer_count = 0U;
 3647              		.loc 1 1428 3 is_stmt 1 view .LVU1197
1428:Drivers/STM32G4xx_HAL_Driver/Src/stm32g4xx_hal_pcd.c ****   ep->xfer_count = 0U;
 3648              		.loc 1 1428 19 is_stmt 0 view .LVU1198
 3649 002c CEF83030 		str	r3, [lr, #48]
1429:Drivers/STM32G4xx_HAL_Driver/Src/stm32g4xx_hal_pcd.c ****   ep->is_in = 1U;
 3650              		.loc 1 1429 3 is_stmt 1 view .LVU1199
1429:Drivers/STM32G4xx_HAL_Driver/Src/stm32g4xx_hal_pcd.c ****   ep->is_in = 1U;
 3651              		.loc 1 1429 18 is_stmt 0 view .LVU1200
 3652 0030 00EBC402 		add	r2, r0, r4, lsl #3
 3653 0034 0024     		movs	r4, #0
 3654 0036 5460     		str	r4, [r2, #4]
1430:Drivers/STM32G4xx_HAL_Driver/Src/stm32g4xx_hal_pcd.c ****   ep->num = ep_addr & EP_ADDR_MSK;
 3655              		.loc 1 1430 3 is_stmt 1 view .LVU1201
1430:Drivers/STM32G4xx_HAL_Driver/Src/stm32g4xx_hal_pcd.c ****   ep->num = ep_addr & EP_ADDR_MSK;
 3656              		.loc 1 1430 13 is_stmt 0 view .LVU1202
 3657 0038 8EF81150 		strb	r5, [lr, #17]
1431:Drivers/STM32G4xx_HAL_Driver/Src/stm32g4xx_hal_pcd.c **** 
 3658              		.loc 1 1431 3 is_stmt 1 view .LVU1203
1431:Drivers/STM32G4xx_HAL_Driver/Src/stm32g4xx_hal_pcd.c **** 
 3659              		.loc 1 1431 11 is_stmt 0 view .LVU1204
ARM GAS  /tmp/cc2qdi8m.s 			page 122


 3660 003c 8EF810C0 		strb	ip, [lr, #16]
1433:Drivers/STM32G4xx_HAL_Driver/Src/stm32g4xx_hal_pcd.c **** 
 3661              		.loc 1 1433 3 is_stmt 1 view .LVU1205
1433:Drivers/STM32G4xx_HAL_Driver/Src/stm32g4xx_hal_pcd.c **** 
 3662              		.loc 1 1433 9 is_stmt 0 view .LVU1206
 3663 0040 0144     		add	r1, r1, r0
 3664              	.LVL391:
1433:Drivers/STM32G4xx_HAL_Driver/Src/stm32g4xx_hal_pcd.c **** 
 3665              		.loc 1 1433 9 view .LVU1207
 3666 0042 0068     		ldr	r0, [r0]
 3667              	.LVL392:
1433:Drivers/STM32G4xx_HAL_Driver/Src/stm32g4xx_hal_pcd.c **** 
 3668              		.loc 1 1433 9 view .LVU1208
 3669 0044 FFF7FEFF 		bl	USB_EPStartXfer
 3670              	.LVL393:
1435:Drivers/STM32G4xx_HAL_Driver/Src/stm32g4xx_hal_pcd.c **** }
 3671              		.loc 1 1435 3 is_stmt 1 view .LVU1209
1436:Drivers/STM32G4xx_HAL_Driver/Src/stm32g4xx_hal_pcd.c **** 
 3672              		.loc 1 1436 1 is_stmt 0 view .LVU1210
 3673 0048 2046     		mov	r0, r4
 3674 004a 38BD     		pop	{r3, r4, r5, pc}
 3675              		.cfi_endproc
 3676              	.LFE354:
 3678              		.section	.text.HAL_PCD_EP_SetStall,"ax",%progbits
 3679              		.align	1
 3680              		.global	HAL_PCD_EP_SetStall
 3681              		.syntax unified
 3682              		.thumb
 3683              		.thumb_func
 3685              	HAL_PCD_EP_SetStall:
 3686              	.LVL394:
 3687              	.LFB355:
1445:Drivers/STM32G4xx_HAL_Driver/Src/stm32g4xx_hal_pcd.c ****   PCD_EPTypeDef *ep;
 3688              		.loc 1 1445 1 is_stmt 1 view -0
 3689              		.cfi_startproc
 3690              		@ args = 0, pretend = 0, frame = 0
 3691              		@ frame_needed = 0, uses_anonymous_args = 0
1445:Drivers/STM32G4xx_HAL_Driver/Src/stm32g4xx_hal_pcd.c ****   PCD_EPTypeDef *ep;
 3692              		.loc 1 1445 1 is_stmt 0 view .LVU1212
 3693 0000 0B46     		mov	r3, r1
1446:Drivers/STM32G4xx_HAL_Driver/Src/stm32g4xx_hal_pcd.c **** 
 3694              		.loc 1 1446 3 is_stmt 1 view .LVU1213
1448:Drivers/STM32G4xx_HAL_Driver/Src/stm32g4xx_hal_pcd.c ****   {
 3695              		.loc 1 1448 3 view .LVU1214
 3696 0002 01F00702 		and	r2, r1, #7
1448:Drivers/STM32G4xx_HAL_Driver/Src/stm32g4xx_hal_pcd.c ****   {
 3697              		.loc 1 1448 53 is_stmt 0 view .LVU1215
 3698 0006 0179     		ldrb	r1, [r0, #4]	@ zero_extendqisi2
 3699              	.LVL395:
1448:Drivers/STM32G4xx_HAL_Driver/Src/stm32g4xx_hal_pcd.c ****   {
 3700              		.loc 1 1448 6 view .LVU1216
 3701 0008 9142     		cmp	r1, r2
 3702 000a 2ED3     		bcc	.L219
1445:Drivers/STM32G4xx_HAL_Driver/Src/stm32g4xx_hal_pcd.c ****   PCD_EPTypeDef *ep;
 3703              		.loc 1 1445 1 view .LVU1217
 3704 000c 10B5     		push	{r4, lr}
 3705              	.LCFI21:
ARM GAS  /tmp/cc2qdi8m.s 			page 123


 3706              		.cfi_def_cfa_offset 8
 3707              		.cfi_offset 4, -8
 3708              		.cfi_offset 14, -4
 3709 000e 0446     		mov	r4, r0
1453:Drivers/STM32G4xx_HAL_Driver/Src/stm32g4xx_hal_pcd.c ****   {
 3710              		.loc 1 1453 3 is_stmt 1 view .LVU1218
1453:Drivers/STM32G4xx_HAL_Driver/Src/stm32g4xx_hal_pcd.c ****   {
 3711              		.loc 1 1453 6 is_stmt 0 view .LVU1219
 3712 0010 13F0800F 		tst	r3, #128
 3713 0014 1DD1     		bne	.L225
1460:Drivers/STM32G4xx_HAL_Driver/Src/stm32g4xx_hal_pcd.c ****     ep->is_in = 0U;
 3714              		.loc 1 1460 5 is_stmt 1 view .LVU1220
1460:Drivers/STM32G4xx_HAL_Driver/Src/stm32g4xx_hal_pcd.c ****     ep->is_in = 0U;
 3715              		.loc 1 1460 8 is_stmt 0 view .LVU1221
 3716 0016 03EB8301 		add	r1, r3, r3, lsl #2
 3717 001a C900     		lsls	r1, r1, #3
 3718 001c 01F5A871 		add	r1, r1, #336
 3719 0020 0144     		add	r1, r1, r0
 3720              	.LVL396:
1461:Drivers/STM32G4xx_HAL_Driver/Src/stm32g4xx_hal_pcd.c ****   }
 3721              		.loc 1 1461 5 is_stmt 1 view .LVU1222
1461:Drivers/STM32G4xx_HAL_Driver/Src/stm32g4xx_hal_pcd.c ****   }
 3722              		.loc 1 1461 15 is_stmt 0 view .LVU1223
 3723 0022 03EB8303 		add	r3, r3, r3, lsl #2
 3724              	.LVL397:
1461:Drivers/STM32G4xx_HAL_Driver/Src/stm32g4xx_hal_pcd.c ****   }
 3725              		.loc 1 1461 15 view .LVU1224
 3726 0026 00EBC303 		add	r3, r0, r3, lsl #3
 3727 002a 0020     		movs	r0, #0
 3728              	.LVL398:
1461:Drivers/STM32G4xx_HAL_Driver/Src/stm32g4xx_hal_pcd.c ****   }
 3729              		.loc 1 1461 15 view .LVU1225
 3730 002c 83F85101 		strb	r0, [r3, #337]
 3731              	.L218:
1464:Drivers/STM32G4xx_HAL_Driver/Src/stm32g4xx_hal_pcd.c ****   ep->num = ep_addr & EP_ADDR_MSK;
 3732              		.loc 1 1464 3 is_stmt 1 view .LVU1226
1464:Drivers/STM32G4xx_HAL_Driver/Src/stm32g4xx_hal_pcd.c ****   ep->num = ep_addr & EP_ADDR_MSK;
 3733              		.loc 1 1464 16 is_stmt 0 view .LVU1227
 3734 0030 0123     		movs	r3, #1
 3735 0032 8B70     		strb	r3, [r1, #2]
1465:Drivers/STM32G4xx_HAL_Driver/Src/stm32g4xx_hal_pcd.c **** 
 3736              		.loc 1 1465 3 is_stmt 1 view .LVU1228
1465:Drivers/STM32G4xx_HAL_Driver/Src/stm32g4xx_hal_pcd.c **** 
 3737              		.loc 1 1465 11 is_stmt 0 view .LVU1229
 3738 0034 0A70     		strb	r2, [r1]
1467:Drivers/STM32G4xx_HAL_Driver/Src/stm32g4xx_hal_pcd.c **** 
 3739              		.loc 1 1467 3 is_stmt 1 view .LVU1230
1467:Drivers/STM32G4xx_HAL_Driver/Src/stm32g4xx_hal_pcd.c **** 
 3740              		.loc 1 1467 3 view .LVU1231
 3741 0036 94F89032 		ldrb	r3, [r4, #656]	@ zero_extendqisi2
 3742 003a 012B     		cmp	r3, #1
 3743 003c 17D0     		beq	.L220
1467:Drivers/STM32G4xx_HAL_Driver/Src/stm32g4xx_hal_pcd.c **** 
 3744              		.loc 1 1467 3 discriminator 2 view .LVU1232
 3745 003e 0123     		movs	r3, #1
 3746 0040 84F89032 		strb	r3, [r4, #656]
1467:Drivers/STM32G4xx_HAL_Driver/Src/stm32g4xx_hal_pcd.c **** 
ARM GAS  /tmp/cc2qdi8m.s 			page 124


 3747              		.loc 1 1467 3 discriminator 2 view .LVU1233
1469:Drivers/STM32G4xx_HAL_Driver/Src/stm32g4xx_hal_pcd.c **** 
 3748              		.loc 1 1469 3 view .LVU1234
1469:Drivers/STM32G4xx_HAL_Driver/Src/stm32g4xx_hal_pcd.c **** 
 3749              		.loc 1 1469 9 is_stmt 0 view .LVU1235
 3750 0044 2068     		ldr	r0, [r4]
 3751 0046 FFF7FEFF 		bl	USB_EPSetStall
 3752              	.LVL399:
1471:Drivers/STM32G4xx_HAL_Driver/Src/stm32g4xx_hal_pcd.c **** 
 3753              		.loc 1 1471 3 is_stmt 1 view .LVU1236
1471:Drivers/STM32G4xx_HAL_Driver/Src/stm32g4xx_hal_pcd.c **** 
 3754              		.loc 1 1471 3 view .LVU1237
 3755 004a 0020     		movs	r0, #0
 3756 004c 84F89002 		strb	r0, [r4, #656]
1471:Drivers/STM32G4xx_HAL_Driver/Src/stm32g4xx_hal_pcd.c **** 
 3757              		.loc 1 1471 3 view .LVU1238
1473:Drivers/STM32G4xx_HAL_Driver/Src/stm32g4xx_hal_pcd.c **** }
 3758              		.loc 1 1473 3 view .LVU1239
 3759              	.L216:
1474:Drivers/STM32G4xx_HAL_Driver/Src/stm32g4xx_hal_pcd.c **** 
 3760              		.loc 1 1474 1 is_stmt 0 view .LVU1240
 3761 0050 10BD     		pop	{r4, pc}
 3762              	.LVL400:
 3763              	.L225:
1455:Drivers/STM32G4xx_HAL_Driver/Src/stm32g4xx_hal_pcd.c ****     ep->is_in = 1U;
 3764              		.loc 1 1455 5 is_stmt 1 view .LVU1241
1455:Drivers/STM32G4xx_HAL_Driver/Src/stm32g4xx_hal_pcd.c ****     ep->is_in = 1U;
 3765              		.loc 1 1455 8 is_stmt 0 view .LVU1242
 3766 0052 02EB8201 		add	r1, r2, r2, lsl #2
 3767 0056 C900     		lsls	r1, r1, #3
 3768 0058 1031     		adds	r1, r1, #16
 3769 005a 0144     		add	r1, r1, r0
 3770              	.LVL401:
1456:Drivers/STM32G4xx_HAL_Driver/Src/stm32g4xx_hal_pcd.c ****   }
 3771              		.loc 1 1456 5 is_stmt 1 view .LVU1243
1456:Drivers/STM32G4xx_HAL_Driver/Src/stm32g4xx_hal_pcd.c ****   }
 3772              		.loc 1 1456 15 is_stmt 0 view .LVU1244
 3773 005c 02EB8203 		add	r3, r2, r2, lsl #2
 3774 0060 00EBC303 		add	r3, r0, r3, lsl #3
 3775 0064 0120     		movs	r0, #1
 3776              	.LVL402:
1456:Drivers/STM32G4xx_HAL_Driver/Src/stm32g4xx_hal_pcd.c ****   }
 3777              		.loc 1 1456 15 view .LVU1245
 3778 0066 5874     		strb	r0, [r3, #17]
 3779 0068 E2E7     		b	.L218
 3780              	.LVL403:
 3781              	.L219:
 3782              	.LCFI22:
 3783              		.cfi_def_cfa_offset 0
 3784              		.cfi_restore 4
 3785              		.cfi_restore 14
1450:Drivers/STM32G4xx_HAL_Driver/Src/stm32g4xx_hal_pcd.c ****   }
 3786              		.loc 1 1450 12 view .LVU1246
 3787 006a 0120     		movs	r0, #1
 3788              	.LVL404:
1474:Drivers/STM32G4xx_HAL_Driver/Src/stm32g4xx_hal_pcd.c **** 
 3789              		.loc 1 1474 1 view .LVU1247
ARM GAS  /tmp/cc2qdi8m.s 			page 125


 3790 006c 7047     		bx	lr
 3791              	.LVL405:
 3792              	.L220:
 3793              	.LCFI23:
 3794              		.cfi_def_cfa_offset 8
 3795              		.cfi_offset 4, -8
 3796              		.cfi_offset 14, -4
1467:Drivers/STM32G4xx_HAL_Driver/Src/stm32g4xx_hal_pcd.c **** 
 3797              		.loc 1 1467 3 discriminator 1 view .LVU1248
 3798 006e 0220     		movs	r0, #2
 3799 0070 EEE7     		b	.L216
 3800              		.cfi_endproc
 3801              	.LFE355:
 3803              		.section	.text.HAL_PCD_EP_ClrStall,"ax",%progbits
 3804              		.align	1
 3805              		.global	HAL_PCD_EP_ClrStall
 3806              		.syntax unified
 3807              		.thumb
 3808              		.thumb_func
 3810              	HAL_PCD_EP_ClrStall:
 3811              	.LVL406:
 3812              	.LFB356:
1483:Drivers/STM32G4xx_HAL_Driver/Src/stm32g4xx_hal_pcd.c ****   PCD_EPTypeDef *ep;
 3813              		.loc 1 1483 1 is_stmt 1 view -0
 3814              		.cfi_startproc
 3815              		@ args = 0, pretend = 0, frame = 0
 3816              		@ frame_needed = 0, uses_anonymous_args = 0
1483:Drivers/STM32G4xx_HAL_Driver/Src/stm32g4xx_hal_pcd.c ****   PCD_EPTypeDef *ep;
 3817              		.loc 1 1483 1 is_stmt 0 view .LVU1250
 3818 0000 0B46     		mov	r3, r1
1484:Drivers/STM32G4xx_HAL_Driver/Src/stm32g4xx_hal_pcd.c **** 
 3819              		.loc 1 1484 3 is_stmt 1 view .LVU1251
1486:Drivers/STM32G4xx_HAL_Driver/Src/stm32g4xx_hal_pcd.c ****   {
 3820              		.loc 1 1486 3 view .LVU1252
1486:Drivers/STM32G4xx_HAL_Driver/Src/stm32g4xx_hal_pcd.c ****   {
 3821              		.loc 1 1486 47 is_stmt 0 view .LVU1253
 3822 0002 0179     		ldrb	r1, [r0, #4]	@ zero_extendqisi2
 3823              	.LVL407:
1486:Drivers/STM32G4xx_HAL_Driver/Src/stm32g4xx_hal_pcd.c ****   {
 3824              		.loc 1 1486 6 view .LVU1254
 3825 0004 03F00F02 		and	r2, r3, #15
 3826 0008 9142     		cmp	r1, r2
 3827 000a 34D3     		bcc	.L230
1483:Drivers/STM32G4xx_HAL_Driver/Src/stm32g4xx_hal_pcd.c ****   PCD_EPTypeDef *ep;
 3828              		.loc 1 1483 1 view .LVU1255
 3829 000c 10B5     		push	{r4, lr}
 3830              	.LCFI24:
 3831              		.cfi_def_cfa_offset 8
 3832              		.cfi_offset 4, -8
 3833              		.cfi_offset 14, -4
 3834 000e 0446     		mov	r4, r0
1491:Drivers/STM32G4xx_HAL_Driver/Src/stm32g4xx_hal_pcd.c ****   {
 3835              		.loc 1 1491 3 is_stmt 1 view .LVU1256
1491:Drivers/STM32G4xx_HAL_Driver/Src/stm32g4xx_hal_pcd.c ****   {
 3836              		.loc 1 1491 6 is_stmt 0 view .LVU1257
 3837 0010 13F0800F 		tst	r3, #128
 3838 0014 21D1     		bne	.L236
ARM GAS  /tmp/cc2qdi8m.s 			page 126


1498:Drivers/STM32G4xx_HAL_Driver/Src/stm32g4xx_hal_pcd.c ****     ep->is_in = 0U;
 3839              		.loc 1 1498 5 is_stmt 1 view .LVU1258
1498:Drivers/STM32G4xx_HAL_Driver/Src/stm32g4xx_hal_pcd.c ****     ep->is_in = 0U;
 3840              		.loc 1 1498 32 is_stmt 0 view .LVU1259
 3841 0016 03F00702 		and	r2, r3, #7
1498:Drivers/STM32G4xx_HAL_Driver/Src/stm32g4xx_hal_pcd.c ****     ep->is_in = 0U;
 3842              		.loc 1 1498 8 view .LVU1260
 3843 001a 02EB8201 		add	r1, r2, r2, lsl #2
 3844 001e C900     		lsls	r1, r1, #3
 3845 0020 01F5A871 		add	r1, r1, #336
 3846 0024 0144     		add	r1, r1, r0
 3847              	.LVL408:
1499:Drivers/STM32G4xx_HAL_Driver/Src/stm32g4xx_hal_pcd.c ****   }
 3848              		.loc 1 1499 5 is_stmt 1 view .LVU1261
1499:Drivers/STM32G4xx_HAL_Driver/Src/stm32g4xx_hal_pcd.c ****   }
 3849              		.loc 1 1499 15 is_stmt 0 view .LVU1262
 3850 0026 02EB8202 		add	r2, r2, r2, lsl #2
 3851 002a 00EBC202 		add	r2, r0, r2, lsl #3
 3852 002e 0020     		movs	r0, #0
 3853              	.LVL409:
1499:Drivers/STM32G4xx_HAL_Driver/Src/stm32g4xx_hal_pcd.c ****   }
 3854              		.loc 1 1499 15 view .LVU1263
 3855 0030 82F85101 		strb	r0, [r2, #337]
 3856              	.L229:
1502:Drivers/STM32G4xx_HAL_Driver/Src/stm32g4xx_hal_pcd.c ****   ep->num = ep_addr & EP_ADDR_MSK;
 3857              		.loc 1 1502 3 is_stmt 1 view .LVU1264
1502:Drivers/STM32G4xx_HAL_Driver/Src/stm32g4xx_hal_pcd.c ****   ep->num = ep_addr & EP_ADDR_MSK;
 3858              		.loc 1 1502 16 is_stmt 0 view .LVU1265
 3859 0034 0022     		movs	r2, #0
 3860 0036 8A70     		strb	r2, [r1, #2]
1503:Drivers/STM32G4xx_HAL_Driver/Src/stm32g4xx_hal_pcd.c **** 
 3861              		.loc 1 1503 3 is_stmt 1 view .LVU1266
1503:Drivers/STM32G4xx_HAL_Driver/Src/stm32g4xx_hal_pcd.c **** 
 3862              		.loc 1 1503 21 is_stmt 0 view .LVU1267
 3863 0038 03F00703 		and	r3, r3, #7
 3864              	.LVL410:
1503:Drivers/STM32G4xx_HAL_Driver/Src/stm32g4xx_hal_pcd.c **** 
 3865              		.loc 1 1503 11 view .LVU1268
 3866 003c 0B70     		strb	r3, [r1]
1505:Drivers/STM32G4xx_HAL_Driver/Src/stm32g4xx_hal_pcd.c ****   (void)USB_EPClearStall(hpcd->Instance, ep);
 3867              		.loc 1 1505 3 is_stmt 1 view .LVU1269
1505:Drivers/STM32G4xx_HAL_Driver/Src/stm32g4xx_hal_pcd.c ****   (void)USB_EPClearStall(hpcd->Instance, ep);
 3868              		.loc 1 1505 3 view .LVU1270
 3869 003e 94F89032 		ldrb	r3, [r4, #656]	@ zero_extendqisi2
 3870 0042 012B     		cmp	r3, #1
 3871 0044 19D0     		beq	.L231
1505:Drivers/STM32G4xx_HAL_Driver/Src/stm32g4xx_hal_pcd.c ****   (void)USB_EPClearStall(hpcd->Instance, ep);
 3872              		.loc 1 1505 3 discriminator 2 view .LVU1271
 3873 0046 0123     		movs	r3, #1
 3874 0048 84F89032 		strb	r3, [r4, #656]
1505:Drivers/STM32G4xx_HAL_Driver/Src/stm32g4xx_hal_pcd.c ****   (void)USB_EPClearStall(hpcd->Instance, ep);
 3875              		.loc 1 1505 3 discriminator 2 view .LVU1272
1506:Drivers/STM32G4xx_HAL_Driver/Src/stm32g4xx_hal_pcd.c ****   __HAL_UNLOCK(hpcd);
 3876              		.loc 1 1506 3 view .LVU1273
1506:Drivers/STM32G4xx_HAL_Driver/Src/stm32g4xx_hal_pcd.c ****   __HAL_UNLOCK(hpcd);
 3877              		.loc 1 1506 9 is_stmt 0 view .LVU1274
 3878 004c 2068     		ldr	r0, [r4]
ARM GAS  /tmp/cc2qdi8m.s 			page 127


 3879 004e FFF7FEFF 		bl	USB_EPClearStall
 3880              	.LVL411:
1507:Drivers/STM32G4xx_HAL_Driver/Src/stm32g4xx_hal_pcd.c **** 
 3881              		.loc 1 1507 3 is_stmt 1 view .LVU1275
1507:Drivers/STM32G4xx_HAL_Driver/Src/stm32g4xx_hal_pcd.c **** 
 3882              		.loc 1 1507 3 view .LVU1276
 3883 0052 0020     		movs	r0, #0
 3884 0054 84F89002 		strb	r0, [r4, #656]
1507:Drivers/STM32G4xx_HAL_Driver/Src/stm32g4xx_hal_pcd.c **** 
 3885              		.loc 1 1507 3 view .LVU1277
1509:Drivers/STM32G4xx_HAL_Driver/Src/stm32g4xx_hal_pcd.c **** }
 3886              		.loc 1 1509 3 view .LVU1278
 3887              	.L227:
1510:Drivers/STM32G4xx_HAL_Driver/Src/stm32g4xx_hal_pcd.c **** 
 3888              		.loc 1 1510 1 is_stmt 0 view .LVU1279
 3889 0058 10BD     		pop	{r4, pc}
 3890              	.LVL412:
 3891              	.L236:
1493:Drivers/STM32G4xx_HAL_Driver/Src/stm32g4xx_hal_pcd.c ****     ep->is_in = 1U;
 3892              		.loc 1 1493 5 is_stmt 1 view .LVU1280
1493:Drivers/STM32G4xx_HAL_Driver/Src/stm32g4xx_hal_pcd.c ****     ep->is_in = 1U;
 3893              		.loc 1 1493 31 is_stmt 0 view .LVU1281
 3894 005a 03F00702 		and	r2, r3, #7
1493:Drivers/STM32G4xx_HAL_Driver/Src/stm32g4xx_hal_pcd.c ****     ep->is_in = 1U;
 3895              		.loc 1 1493 8 view .LVU1282
 3896 005e 02EB8201 		add	r1, r2, r2, lsl #2
 3897 0062 C900     		lsls	r1, r1, #3
 3898 0064 1031     		adds	r1, r1, #16
 3899 0066 0144     		add	r1, r1, r0
 3900              	.LVL413:
1494:Drivers/STM32G4xx_HAL_Driver/Src/stm32g4xx_hal_pcd.c ****   }
 3901              		.loc 1 1494 5 is_stmt 1 view .LVU1283
1494:Drivers/STM32G4xx_HAL_Driver/Src/stm32g4xx_hal_pcd.c ****   }
 3902              		.loc 1 1494 15 is_stmt 0 view .LVU1284
 3903 0068 02EB8202 		add	r2, r2, r2, lsl #2
 3904 006c 00EBC202 		add	r2, r0, r2, lsl #3
 3905 0070 0120     		movs	r0, #1
 3906              	.LVL414:
1494:Drivers/STM32G4xx_HAL_Driver/Src/stm32g4xx_hal_pcd.c ****   }
 3907              		.loc 1 1494 15 view .LVU1285
 3908 0072 5074     		strb	r0, [r2, #17]
 3909 0074 DEE7     		b	.L229
 3910              	.LVL415:
 3911              	.L230:
 3912              	.LCFI25:
 3913              		.cfi_def_cfa_offset 0
 3914              		.cfi_restore 4
 3915              		.cfi_restore 14
1488:Drivers/STM32G4xx_HAL_Driver/Src/stm32g4xx_hal_pcd.c ****   }
 3916              		.loc 1 1488 12 view .LVU1286
 3917 0076 0120     		movs	r0, #1
 3918              	.LVL416:
1510:Drivers/STM32G4xx_HAL_Driver/Src/stm32g4xx_hal_pcd.c **** 
 3919              		.loc 1 1510 1 view .LVU1287
 3920 0078 7047     		bx	lr
 3921              	.LVL417:
 3922              	.L231:
ARM GAS  /tmp/cc2qdi8m.s 			page 128


 3923              	.LCFI26:
 3924              		.cfi_def_cfa_offset 8
 3925              		.cfi_offset 4, -8
 3926              		.cfi_offset 14, -4
1505:Drivers/STM32G4xx_HAL_Driver/Src/stm32g4xx_hal_pcd.c ****   (void)USB_EPClearStall(hpcd->Instance, ep);
 3927              		.loc 1 1505 3 discriminator 1 view .LVU1288
 3928 007a 0220     		movs	r0, #2
 3929 007c ECE7     		b	.L227
 3930              		.cfi_endproc
 3931              	.LFE356:
 3933              		.section	.text.HAL_PCD_EP_Abort,"ax",%progbits
 3934              		.align	1
 3935              		.global	HAL_PCD_EP_Abort
 3936              		.syntax unified
 3937              		.thumb
 3938              		.thumb_func
 3940              	HAL_PCD_EP_Abort:
 3941              	.LVL418:
 3942              	.LFB357:
1519:Drivers/STM32G4xx_HAL_Driver/Src/stm32g4xx_hal_pcd.c ****   HAL_StatusTypeDef ret;
 3943              		.loc 1 1519 1 is_stmt 1 view -0
 3944              		.cfi_startproc
 3945              		@ args = 0, pretend = 0, frame = 0
 3946              		@ frame_needed = 0, uses_anonymous_args = 0
1519:Drivers/STM32G4xx_HAL_Driver/Src/stm32g4xx_hal_pcd.c ****   HAL_StatusTypeDef ret;
 3947              		.loc 1 1519 1 is_stmt 0 view .LVU1290
 3948 0000 08B5     		push	{r3, lr}
 3949              	.LCFI27:
 3950              		.cfi_def_cfa_offset 8
 3951              		.cfi_offset 3, -8
 3952              		.cfi_offset 14, -4
1520:Drivers/STM32G4xx_HAL_Driver/Src/stm32g4xx_hal_pcd.c ****   PCD_EPTypeDef *ep;
 3953              		.loc 1 1520 3 is_stmt 1 view .LVU1291
1521:Drivers/STM32G4xx_HAL_Driver/Src/stm32g4xx_hal_pcd.c **** 
 3954              		.loc 1 1521 3 view .LVU1292
1523:Drivers/STM32G4xx_HAL_Driver/Src/stm32g4xx_hal_pcd.c ****   {
 3955              		.loc 1 1523 3 view .LVU1293
1523:Drivers/STM32G4xx_HAL_Driver/Src/stm32g4xx_hal_pcd.c ****   {
 3956              		.loc 1 1523 6 is_stmt 0 view .LVU1294
 3957 0002 11F0800F 		tst	r1, #128
 3958 0006 0BD1     		bne	.L241
1529:Drivers/STM32G4xx_HAL_Driver/Src/stm32g4xx_hal_pcd.c ****   }
 3959              		.loc 1 1529 5 is_stmt 1 view .LVU1295
1529:Drivers/STM32G4xx_HAL_Driver/Src/stm32g4xx_hal_pcd.c ****   }
 3960              		.loc 1 1529 32 is_stmt 0 view .LVU1296
 3961 0008 01F00701 		and	r1, r1, #7
 3962              	.LVL419:
1529:Drivers/STM32G4xx_HAL_Driver/Src/stm32g4xx_hal_pcd.c ****   }
 3963              		.loc 1 1529 8 view .LVU1297
 3964 000c 01EB8101 		add	r1, r1, r1, lsl #2
 3965 0010 C900     		lsls	r1, r1, #3
 3966 0012 01F5A871 		add	r1, r1, #336
 3967 0016 0144     		add	r1, r1, r0
 3968              	.L239:
 3969              	.LVL420:
1533:Drivers/STM32G4xx_HAL_Driver/Src/stm32g4xx_hal_pcd.c **** 
 3970              		.loc 1 1533 3 is_stmt 1 view .LVU1298
ARM GAS  /tmp/cc2qdi8m.s 			page 129


1533:Drivers/STM32G4xx_HAL_Driver/Src/stm32g4xx_hal_pcd.c **** 
 3971              		.loc 1 1533 9 is_stmt 0 view .LVU1299
 3972 0018 0068     		ldr	r0, [r0]
 3973              	.LVL421:
1533:Drivers/STM32G4xx_HAL_Driver/Src/stm32g4xx_hal_pcd.c **** 
 3974              		.loc 1 1533 9 view .LVU1300
 3975 001a FFF7FEFF 		bl	USB_EPStopXfer
 3976              	.LVL422:
1535:Drivers/STM32G4xx_HAL_Driver/Src/stm32g4xx_hal_pcd.c **** }
 3977              		.loc 1 1535 3 is_stmt 1 view .LVU1301
1536:Drivers/STM32G4xx_HAL_Driver/Src/stm32g4xx_hal_pcd.c **** 
 3978              		.loc 1 1536 1 is_stmt 0 view .LVU1302
 3979 001e 08BD     		pop	{r3, pc}
 3980              	.LVL423:
 3981              	.L241:
1525:Drivers/STM32G4xx_HAL_Driver/Src/stm32g4xx_hal_pcd.c ****   }
 3982              		.loc 1 1525 5 is_stmt 1 view .LVU1303
1525:Drivers/STM32G4xx_HAL_Driver/Src/stm32g4xx_hal_pcd.c ****   }
 3983              		.loc 1 1525 31 is_stmt 0 view .LVU1304
 3984 0020 01F00701 		and	r1, r1, #7
 3985              	.LVL424:
1525:Drivers/STM32G4xx_HAL_Driver/Src/stm32g4xx_hal_pcd.c ****   }
 3986              		.loc 1 1525 8 view .LVU1305
 3987 0024 01EB8101 		add	r1, r1, r1, lsl #2
 3988 0028 C900     		lsls	r1, r1, #3
 3989 002a 1031     		adds	r1, r1, #16
 3990 002c 0144     		add	r1, r1, r0
 3991              	.LVL425:
1525:Drivers/STM32G4xx_HAL_Driver/Src/stm32g4xx_hal_pcd.c ****   }
 3992              		.loc 1 1525 8 view .LVU1306
 3993 002e F3E7     		b	.L239
 3994              		.cfi_endproc
 3995              	.LFE357:
 3997              		.section	.text.HAL_PCD_EP_Flush,"ax",%progbits
 3998              		.align	1
 3999              		.global	HAL_PCD_EP_Flush
 4000              		.syntax unified
 4001              		.thumb
 4002              		.thumb_func
 4004              	HAL_PCD_EP_Flush:
 4005              	.LVL426:
 4006              	.LFB358:
1545:Drivers/STM32G4xx_HAL_Driver/Src/stm32g4xx_hal_pcd.c ****   __HAL_LOCK(hpcd);
 4007              		.loc 1 1545 1 is_stmt 1 view -0
 4008              		.cfi_startproc
 4009              		@ args = 0, pretend = 0, frame = 0
 4010              		@ frame_needed = 0, uses_anonymous_args = 0
1546:Drivers/STM32G4xx_HAL_Driver/Src/stm32g4xx_hal_pcd.c **** 
 4011              		.loc 1 1546 3 view .LVU1308
1546:Drivers/STM32G4xx_HAL_Driver/Src/stm32g4xx_hal_pcd.c **** 
 4012              		.loc 1 1546 3 view .LVU1309
 4013 0000 90F89032 		ldrb	r3, [r0, #656]	@ zero_extendqisi2
 4014 0004 012B     		cmp	r3, #1
 4015 0006 14D0     		beq	.L246
1545:Drivers/STM32G4xx_HAL_Driver/Src/stm32g4xx_hal_pcd.c ****   __HAL_LOCK(hpcd);
 4016              		.loc 1 1545 1 is_stmt 0 view .LVU1310
 4017 0008 10B5     		push	{r4, lr}
ARM GAS  /tmp/cc2qdi8m.s 			page 130


 4018              	.LCFI28:
 4019              		.cfi_def_cfa_offset 8
 4020              		.cfi_offset 4, -8
 4021              		.cfi_offset 14, -4
 4022 000a 0446     		mov	r4, r0
1546:Drivers/STM32G4xx_HAL_Driver/Src/stm32g4xx_hal_pcd.c **** 
 4023              		.loc 1 1546 3 is_stmt 1 discriminator 2 view .LVU1311
 4024 000c 0123     		movs	r3, #1
 4025 000e 80F89032 		strb	r3, [r0, #656]
1546:Drivers/STM32G4xx_HAL_Driver/Src/stm32g4xx_hal_pcd.c **** 
 4026              		.loc 1 1546 3 discriminator 2 view .LVU1312
1548:Drivers/STM32G4xx_HAL_Driver/Src/stm32g4xx_hal_pcd.c ****   {
 4027              		.loc 1 1548 3 view .LVU1313
1548:Drivers/STM32G4xx_HAL_Driver/Src/stm32g4xx_hal_pcd.c ****   {
 4028              		.loc 1 1548 6 is_stmt 0 view .LVU1314
 4029 0012 11F0800F 		tst	r1, #128
 4030 0016 06D1     		bne	.L251
1554:Drivers/STM32G4xx_HAL_Driver/Src/stm32g4xx_hal_pcd.c ****   }
 4031              		.loc 1 1554 5 is_stmt 1 view .LVU1315
1554:Drivers/STM32G4xx_HAL_Driver/Src/stm32g4xx_hal_pcd.c ****   }
 4032              		.loc 1 1554 11 is_stmt 0 view .LVU1316
 4033 0018 0068     		ldr	r0, [r0]
 4034              	.LVL427:
1554:Drivers/STM32G4xx_HAL_Driver/Src/stm32g4xx_hal_pcd.c ****   }
 4035              		.loc 1 1554 11 view .LVU1317
 4036 001a FFF7FEFF 		bl	USB_FlushRxFifo
 4037              	.LVL428:
 4038              	.L245:
1557:Drivers/STM32G4xx_HAL_Driver/Src/stm32g4xx_hal_pcd.c **** 
 4039              		.loc 1 1557 3 is_stmt 1 view .LVU1318
1557:Drivers/STM32G4xx_HAL_Driver/Src/stm32g4xx_hal_pcd.c **** 
 4040              		.loc 1 1557 3 view .LVU1319
 4041 001e 0020     		movs	r0, #0
 4042 0020 84F89002 		strb	r0, [r4, #656]
1557:Drivers/STM32G4xx_HAL_Driver/Src/stm32g4xx_hal_pcd.c **** 
 4043              		.loc 1 1557 3 view .LVU1320
1559:Drivers/STM32G4xx_HAL_Driver/Src/stm32g4xx_hal_pcd.c **** }
 4044              		.loc 1 1559 3 view .LVU1321
1560:Drivers/STM32G4xx_HAL_Driver/Src/stm32g4xx_hal_pcd.c **** 
 4045              		.loc 1 1560 1 is_stmt 0 view .LVU1322
 4046 0024 10BD     		pop	{r4, pc}
 4047              	.LVL429:
 4048              	.L251:
1550:Drivers/STM32G4xx_HAL_Driver/Src/stm32g4xx_hal_pcd.c ****   }
 4049              		.loc 1 1550 5 is_stmt 1 view .LVU1323
1550:Drivers/STM32G4xx_HAL_Driver/Src/stm32g4xx_hal_pcd.c ****   }
 4050              		.loc 1 1550 11 is_stmt 0 view .LVU1324
 4051 0026 01F00701 		and	r1, r1, #7
 4052              	.LVL430:
1550:Drivers/STM32G4xx_HAL_Driver/Src/stm32g4xx_hal_pcd.c ****   }
 4053              		.loc 1 1550 11 view .LVU1325
 4054 002a 0068     		ldr	r0, [r0]
 4055              	.LVL431:
1550:Drivers/STM32G4xx_HAL_Driver/Src/stm32g4xx_hal_pcd.c ****   }
 4056              		.loc 1 1550 11 view .LVU1326
 4057 002c FFF7FEFF 		bl	USB_FlushTxFifo
 4058              	.LVL432:
ARM GAS  /tmp/cc2qdi8m.s 			page 131


 4059 0030 F5E7     		b	.L245
 4060              	.LVL433:
 4061              	.L246:
 4062              	.LCFI29:
 4063              		.cfi_def_cfa_offset 0
 4064              		.cfi_restore 4
 4065              		.cfi_restore 14
1546:Drivers/STM32G4xx_HAL_Driver/Src/stm32g4xx_hal_pcd.c **** 
 4066              		.loc 1 1546 3 discriminator 1 view .LVU1327
 4067 0032 0220     		movs	r0, #2
 4068              	.LVL434:
1560:Drivers/STM32G4xx_HAL_Driver/Src/stm32g4xx_hal_pcd.c **** 
 4069              		.loc 1 1560 1 view .LVU1328
 4070 0034 7047     		bx	lr
 4071              		.cfi_endproc
 4072              	.LFE358:
 4074              		.section	.text.HAL_PCD_ActivateRemoteWakeup,"ax",%progbits
 4075              		.align	1
 4076              		.global	HAL_PCD_ActivateRemoteWakeup
 4077              		.syntax unified
 4078              		.thumb
 4079              		.thumb_func
 4081              	HAL_PCD_ActivateRemoteWakeup:
 4082              	.LVL435:
 4083              	.LFB359:
1568:Drivers/STM32G4xx_HAL_Driver/Src/stm32g4xx_hal_pcd.c ****   return (USB_ActivateRemoteWakeup(hpcd->Instance));
 4084              		.loc 1 1568 1 is_stmt 1 view -0
 4085              		.cfi_startproc
 4086              		@ args = 0, pretend = 0, frame = 0
 4087              		@ frame_needed = 0, uses_anonymous_args = 0
1568:Drivers/STM32G4xx_HAL_Driver/Src/stm32g4xx_hal_pcd.c ****   return (USB_ActivateRemoteWakeup(hpcd->Instance));
 4088              		.loc 1 1568 1 is_stmt 0 view .LVU1330
 4089 0000 08B5     		push	{r3, lr}
 4090              	.LCFI30:
 4091              		.cfi_def_cfa_offset 8
 4092              		.cfi_offset 3, -8
 4093              		.cfi_offset 14, -4
1569:Drivers/STM32G4xx_HAL_Driver/Src/stm32g4xx_hal_pcd.c **** }
 4094              		.loc 1 1569 3 is_stmt 1 view .LVU1331
1569:Drivers/STM32G4xx_HAL_Driver/Src/stm32g4xx_hal_pcd.c **** }
 4095              		.loc 1 1569 11 is_stmt 0 view .LVU1332
 4096 0002 0068     		ldr	r0, [r0]
 4097              	.LVL436:
1569:Drivers/STM32G4xx_HAL_Driver/Src/stm32g4xx_hal_pcd.c **** }
 4098              		.loc 1 1569 11 view .LVU1333
 4099 0004 FFF7FEFF 		bl	USB_ActivateRemoteWakeup
 4100              	.LVL437:
1570:Drivers/STM32G4xx_HAL_Driver/Src/stm32g4xx_hal_pcd.c **** 
 4101              		.loc 1 1570 1 view .LVU1334
 4102 0008 08BD     		pop	{r3, pc}
 4103              		.cfi_endproc
 4104              	.LFE359:
 4106              		.section	.text.HAL_PCD_DeActivateRemoteWakeup,"ax",%progbits
 4107              		.align	1
 4108              		.global	HAL_PCD_DeActivateRemoteWakeup
 4109              		.syntax unified
 4110              		.thumb
ARM GAS  /tmp/cc2qdi8m.s 			page 132


 4111              		.thumb_func
 4113              	HAL_PCD_DeActivateRemoteWakeup:
 4114              	.LVL438:
 4115              	.LFB360:
1578:Drivers/STM32G4xx_HAL_Driver/Src/stm32g4xx_hal_pcd.c ****   return (USB_DeActivateRemoteWakeup(hpcd->Instance));
 4116              		.loc 1 1578 1 is_stmt 1 view -0
 4117              		.cfi_startproc
 4118              		@ args = 0, pretend = 0, frame = 0
 4119              		@ frame_needed = 0, uses_anonymous_args = 0
1578:Drivers/STM32G4xx_HAL_Driver/Src/stm32g4xx_hal_pcd.c ****   return (USB_DeActivateRemoteWakeup(hpcd->Instance));
 4120              		.loc 1 1578 1 is_stmt 0 view .LVU1336
 4121 0000 08B5     		push	{r3, lr}
 4122              	.LCFI31:
 4123              		.cfi_def_cfa_offset 8
 4124              		.cfi_offset 3, -8
 4125              		.cfi_offset 14, -4
1579:Drivers/STM32G4xx_HAL_Driver/Src/stm32g4xx_hal_pcd.c **** }
 4126              		.loc 1 1579 3 is_stmt 1 view .LVU1337
1579:Drivers/STM32G4xx_HAL_Driver/Src/stm32g4xx_hal_pcd.c **** }
 4127              		.loc 1 1579 11 is_stmt 0 view .LVU1338
 4128 0002 0068     		ldr	r0, [r0]
 4129              	.LVL439:
1579:Drivers/STM32G4xx_HAL_Driver/Src/stm32g4xx_hal_pcd.c **** }
 4130              		.loc 1 1579 11 view .LVU1339
 4131 0004 FFF7FEFF 		bl	USB_DeActivateRemoteWakeup
 4132              	.LVL440:
1580:Drivers/STM32G4xx_HAL_Driver/Src/stm32g4xx_hal_pcd.c **** 
 4133              		.loc 1 1580 1 view .LVU1340
 4134 0008 08BD     		pop	{r3, pc}
 4135              		.cfi_endproc
 4136              	.LFE360:
 4138              		.section	.text.HAL_PCD_GetState,"ax",%progbits
 4139              		.align	1
 4140              		.global	HAL_PCD_GetState
 4141              		.syntax unified
 4142              		.thumb
 4143              		.thumb_func
 4145              	HAL_PCD_GetState:
 4146              	.LVL441:
 4147              	.LFB361:
1607:Drivers/STM32G4xx_HAL_Driver/Src/stm32g4xx_hal_pcd.c ****   return hpcd->State;
 4148              		.loc 1 1607 1 is_stmt 1 view -0
 4149              		.cfi_startproc
 4150              		@ args = 0, pretend = 0, frame = 0
 4151              		@ frame_needed = 0, uses_anonymous_args = 0
 4152              		@ link register save eliminated.
1608:Drivers/STM32G4xx_HAL_Driver/Src/stm32g4xx_hal_pcd.c **** }
 4153              		.loc 1 1608 3 view .LVU1342
1609:Drivers/STM32G4xx_HAL_Driver/Src/stm32g4xx_hal_pcd.c **** 
 4154              		.loc 1 1609 1 is_stmt 0 view .LVU1343
 4155 0000 90F89102 		ldrb	r0, [r0, #657]	@ zero_extendqisi2
 4156              	.LVL442:
1609:Drivers/STM32G4xx_HAL_Driver/Src/stm32g4xx_hal_pcd.c **** 
 4157              		.loc 1 1609 1 view .LVU1344
 4158 0004 7047     		bx	lr
 4159              		.cfi_endproc
 4160              	.LFE361:
ARM GAS  /tmp/cc2qdi8m.s 			page 133


 4162              		.text
 4163              	.Letext0:
 4164              		.file 2 "/usr/arm-none-eabi/include/machine/_default_types.h"
 4165              		.file 3 "/usr/arm-none-eabi/include/sys/_stdint.h"
 4166              		.file 4 "Drivers/CMSIS/Device/ST/STM32G4xx/Include/stm32g431xx.h"
 4167              		.file 5 "Drivers/STM32G4xx_HAL_Driver/Inc/stm32g4xx_hal_def.h"
 4168              		.file 6 "Drivers/STM32G4xx_HAL_Driver/Inc/stm32g4xx_ll_usb.h"
 4169              		.file 7 "Drivers/STM32G4xx_HAL_Driver/Inc/stm32g4xx_hal_pcd.h"
 4170              		.file 8 "Drivers/STM32G4xx_HAL_Driver/Inc/stm32g4xx_hal_pcd_ex.h"
ARM GAS  /tmp/cc2qdi8m.s 			page 134


DEFINED SYMBOLS
                            *ABS*:00000000 stm32g4xx_hal_pcd.c
     /tmp/cc2qdi8m.s:21     .text.HAL_PCD_EP_DB_Receive:00000000 $t
     /tmp/cc2qdi8m.s:26     .text.HAL_PCD_EP_DB_Receive:00000000 HAL_PCD_EP_DB_Receive
     /tmp/cc2qdi8m.s:267    .text.HAL_PCD_MspInit:00000000 $t
     /tmp/cc2qdi8m.s:273    .text.HAL_PCD_MspInit:00000000 HAL_PCD_MspInit
     /tmp/cc2qdi8m.s:288    .text.HAL_PCD_Init:00000000 $t
     /tmp/cc2qdi8m.s:294    .text.HAL_PCD_Init:00000000 HAL_PCD_Init
     /tmp/cc2qdi8m.s:478    .text.HAL_PCD_MspDeInit:00000000 $t
     /tmp/cc2qdi8m.s:484    .text.HAL_PCD_MspDeInit:00000000 HAL_PCD_MspDeInit
     /tmp/cc2qdi8m.s:499    .text.HAL_PCD_DeInit:00000000 $t
     /tmp/cc2qdi8m.s:505    .text.HAL_PCD_DeInit:00000000 HAL_PCD_DeInit
     /tmp/cc2qdi8m.s:564    .text.HAL_PCD_Start:00000000 $t
     /tmp/cc2qdi8m.s:570    .text.HAL_PCD_Start:00000000 HAL_PCD_Start
     /tmp/cc2qdi8m.s:627    .text.HAL_PCD_Stop:00000000 $t
     /tmp/cc2qdi8m.s:633    .text.HAL_PCD_Stop:00000000 HAL_PCD_Stop
     /tmp/cc2qdi8m.s:690    .text.HAL_PCD_DataOutStageCallback:00000000 $t
     /tmp/cc2qdi8m.s:696    .text.HAL_PCD_DataOutStageCallback:00000000 HAL_PCD_DataOutStageCallback
     /tmp/cc2qdi8m.s:712    .text.HAL_PCD_DataInStageCallback:00000000 $t
     /tmp/cc2qdi8m.s:718    .text.HAL_PCD_DataInStageCallback:00000000 HAL_PCD_DataInStageCallback
     /tmp/cc2qdi8m.s:734    .text.HAL_PCD_EP_DB_Transmit:00000000 $t
     /tmp/cc2qdi8m.s:739    .text.HAL_PCD_EP_DB_Transmit:00000000 HAL_PCD_EP_DB_Transmit
     /tmp/cc2qdi8m.s:1736   .text.HAL_PCD_SetupStageCallback:00000000 $t
     /tmp/cc2qdi8m.s:1742   .text.HAL_PCD_SetupStageCallback:00000000 HAL_PCD_SetupStageCallback
     /tmp/cc2qdi8m.s:1757   .text.PCD_EP_ISR_Handler:00000000 $t
     /tmp/cc2qdi8m.s:1762   .text.PCD_EP_ISR_Handler:00000000 PCD_EP_ISR_Handler
     /tmp/cc2qdi8m.s:2648   .text.HAL_PCD_SOFCallback:00000000 $t
     /tmp/cc2qdi8m.s:2654   .text.HAL_PCD_SOFCallback:00000000 HAL_PCD_SOFCallback
     /tmp/cc2qdi8m.s:2669   .text.HAL_PCD_ResetCallback:00000000 $t
     /tmp/cc2qdi8m.s:2675   .text.HAL_PCD_ResetCallback:00000000 HAL_PCD_ResetCallback
     /tmp/cc2qdi8m.s:2690   .text.HAL_PCD_SuspendCallback:00000000 $t
     /tmp/cc2qdi8m.s:2696   .text.HAL_PCD_SuspendCallback:00000000 HAL_PCD_SuspendCallback
     /tmp/cc2qdi8m.s:2711   .text.HAL_PCD_ResumeCallback:00000000 $t
     /tmp/cc2qdi8m.s:2717   .text.HAL_PCD_ResumeCallback:00000000 HAL_PCD_ResumeCallback
     /tmp/cc2qdi8m.s:2732   .text.HAL_PCD_ISOOUTIncompleteCallback:00000000 $t
     /tmp/cc2qdi8m.s:2738   .text.HAL_PCD_ISOOUTIncompleteCallback:00000000 HAL_PCD_ISOOUTIncompleteCallback
     /tmp/cc2qdi8m.s:2754   .text.HAL_PCD_ISOINIncompleteCallback:00000000 $t
     /tmp/cc2qdi8m.s:2760   .text.HAL_PCD_ISOINIncompleteCallback:00000000 HAL_PCD_ISOINIncompleteCallback
     /tmp/cc2qdi8m.s:2776   .text.HAL_PCD_ConnectCallback:00000000 $t
     /tmp/cc2qdi8m.s:2782   .text.HAL_PCD_ConnectCallback:00000000 HAL_PCD_ConnectCallback
     /tmp/cc2qdi8m.s:2797   .text.HAL_PCD_DisconnectCallback:00000000 $t
     /tmp/cc2qdi8m.s:2803   .text.HAL_PCD_DisconnectCallback:00000000 HAL_PCD_DisconnectCallback
     /tmp/cc2qdi8m.s:2818   .text.HAL_PCD_DevConnect:00000000 $t
     /tmp/cc2qdi8m.s:2824   .text.HAL_PCD_DevConnect:00000000 HAL_PCD_DevConnect
     /tmp/cc2qdi8m.s:2877   .text.HAL_PCD_DevDisconnect:00000000 $t
     /tmp/cc2qdi8m.s:2883   .text.HAL_PCD_DevDisconnect:00000000 HAL_PCD_DevDisconnect
     /tmp/cc2qdi8m.s:2936   .text.HAL_PCD_SetAddress:00000000 $t
     /tmp/cc2qdi8m.s:2942   .text.HAL_PCD_SetAddress:00000000 HAL_PCD_SetAddress
     /tmp/cc2qdi8m.s:2998   .text.HAL_PCD_IRQHandler:00000000 $t
     /tmp/cc2qdi8m.s:3004   .text.HAL_PCD_IRQHandler:00000000 HAL_PCD_IRQHandler
     /tmp/cc2qdi8m.s:3277   .text.HAL_PCD_EP_Open:00000000 $t
     /tmp/cc2qdi8m.s:3283   .text.HAL_PCD_EP_Open:00000000 HAL_PCD_EP_Open
     /tmp/cc2qdi8m.s:3405   .text.HAL_PCD_EP_Close:00000000 $t
     /tmp/cc2qdi8m.s:3411   .text.HAL_PCD_EP_Close:00000000 HAL_PCD_EP_Close
     /tmp/cc2qdi8m.s:3505   .text.HAL_PCD_EP_Receive:00000000 $t
     /tmp/cc2qdi8m.s:3511   .text.HAL_PCD_EP_Receive:00000000 HAL_PCD_EP_Receive
     /tmp/cc2qdi8m.s:3570   .text.HAL_PCD_EP_GetRxCount:00000000 $t
ARM GAS  /tmp/cc2qdi8m.s 			page 135


     /tmp/cc2qdi8m.s:3576   .text.HAL_PCD_EP_GetRxCount:00000000 HAL_PCD_EP_GetRxCount
     /tmp/cc2qdi8m.s:3599   .text.HAL_PCD_EP_Transmit:00000000 $t
     /tmp/cc2qdi8m.s:3605   .text.HAL_PCD_EP_Transmit:00000000 HAL_PCD_EP_Transmit
     /tmp/cc2qdi8m.s:3679   .text.HAL_PCD_EP_SetStall:00000000 $t
     /tmp/cc2qdi8m.s:3685   .text.HAL_PCD_EP_SetStall:00000000 HAL_PCD_EP_SetStall
     /tmp/cc2qdi8m.s:3804   .text.HAL_PCD_EP_ClrStall:00000000 $t
     /tmp/cc2qdi8m.s:3810   .text.HAL_PCD_EP_ClrStall:00000000 HAL_PCD_EP_ClrStall
     /tmp/cc2qdi8m.s:3934   .text.HAL_PCD_EP_Abort:00000000 $t
     /tmp/cc2qdi8m.s:3940   .text.HAL_PCD_EP_Abort:00000000 HAL_PCD_EP_Abort
     /tmp/cc2qdi8m.s:3998   .text.HAL_PCD_EP_Flush:00000000 $t
     /tmp/cc2qdi8m.s:4004   .text.HAL_PCD_EP_Flush:00000000 HAL_PCD_EP_Flush
     /tmp/cc2qdi8m.s:4075   .text.HAL_PCD_ActivateRemoteWakeup:00000000 $t
     /tmp/cc2qdi8m.s:4081   .text.HAL_PCD_ActivateRemoteWakeup:00000000 HAL_PCD_ActivateRemoteWakeup
     /tmp/cc2qdi8m.s:4107   .text.HAL_PCD_DeActivateRemoteWakeup:00000000 $t
     /tmp/cc2qdi8m.s:4113   .text.HAL_PCD_DeActivateRemoteWakeup:00000000 HAL_PCD_DeActivateRemoteWakeup
     /tmp/cc2qdi8m.s:4139   .text.HAL_PCD_GetState:00000000 $t
     /tmp/cc2qdi8m.s:4145   .text.HAL_PCD_GetState:00000000 HAL_PCD_GetState

UNDEFINED SYMBOLS
USB_ReadPMA
USB_DisableGlobalInt
USB_DevInit
HAL_PCDEx_ActivateLPM
USB_StopDevice
USB_EnableGlobalInt
USB_DevConnect
USB_DevDisconnect
USB_WritePMA
USB_EPStartXfer
USB_SetDevAddress
USB_ReadInterrupts
HAL_PCDEx_LPM_Callback
USB_ActivateEndpoint
USB_DeactivateEndpoint
USB_EPSetStall
USB_EPClearStall
USB_EPStopXfer
USB_FlushRxFifo
USB_FlushTxFifo
USB_ActivateRemoteWakeup
USB_DeActivateRemoteWakeup
