ARM GAS  /tmp/ccl1Huei.s 			page 1


   1              		.cpu cortex-m4
   2              		.arch armv7e-m
   3              		.fpu fpv4-sp-d16
   4              		.eabi_attribute 27, 1
   5              		.eabi_attribute 28, 1
   6              		.eabi_attribute 20, 1
   7              		.eabi_attribute 21, 1
   8              		.eabi_attribute 23, 3
   9              		.eabi_attribute 24, 1
  10              		.eabi_attribute 25, 1
  11              		.eabi_attribute 26, 1
  12              		.eabi_attribute 30, 1
  13              		.eabi_attribute 34, 1
  14              		.eabi_attribute 18, 4
  15              		.file	"stm32g4xx_hal_rcc.c"
  16              		.text
  17              	.Ltext0:
  18              		.cfi_sections	.debug_frame
  19              		.file 1 "Drivers/STM32G4xx_HAL_Driver/Src/stm32g4xx_hal_rcc.c"
  20              		.section	.text.RCC_GetSysClockFreqFromPLLSource,"ax",%progbits
  21              		.align	1
  22              		.syntax unified
  23              		.thumb
  24              		.thumb_func
  26              	RCC_GetSysClockFreqFromPLLSource:
  27              	.LFB344:
   1:Drivers/STM32G4xx_HAL_Driver/Src/stm32g4xx_hal_rcc.c **** /**
   2:Drivers/STM32G4xx_HAL_Driver/Src/stm32g4xx_hal_rcc.c ****   ******************************************************************************
   3:Drivers/STM32G4xx_HAL_Driver/Src/stm32g4xx_hal_rcc.c ****   * @file    stm32g4xx_hal_rcc.c
   4:Drivers/STM32G4xx_HAL_Driver/Src/stm32g4xx_hal_rcc.c ****   * @author  MCD Application Team
   5:Drivers/STM32G4xx_HAL_Driver/Src/stm32g4xx_hal_rcc.c ****   * @brief   RCC HAL module driver.
   6:Drivers/STM32G4xx_HAL_Driver/Src/stm32g4xx_hal_rcc.c ****   *          This file provides firmware functions to manage the following
   7:Drivers/STM32G4xx_HAL_Driver/Src/stm32g4xx_hal_rcc.c ****   *          functionalities of the Reset and Clock Control (RCC) peripheral:
   8:Drivers/STM32G4xx_HAL_Driver/Src/stm32g4xx_hal_rcc.c ****   *           + Initialization and de-initialization functions
   9:Drivers/STM32G4xx_HAL_Driver/Src/stm32g4xx_hal_rcc.c ****   *           + Peripheral Control functions
  10:Drivers/STM32G4xx_HAL_Driver/Src/stm32g4xx_hal_rcc.c ****   *
  11:Drivers/STM32G4xx_HAL_Driver/Src/stm32g4xx_hal_rcc.c ****   @verbatim
  12:Drivers/STM32G4xx_HAL_Driver/Src/stm32g4xx_hal_rcc.c ****   ==============================================================================
  13:Drivers/STM32G4xx_HAL_Driver/Src/stm32g4xx_hal_rcc.c ****                       ##### RCC specific features #####
  14:Drivers/STM32G4xx_HAL_Driver/Src/stm32g4xx_hal_rcc.c ****   ==============================================================================
  15:Drivers/STM32G4xx_HAL_Driver/Src/stm32g4xx_hal_rcc.c ****     [..]
  16:Drivers/STM32G4xx_HAL_Driver/Src/stm32g4xx_hal_rcc.c ****       After reset the device is running from High Speed Internal oscillator
  17:Drivers/STM32G4xx_HAL_Driver/Src/stm32g4xx_hal_rcc.c ****       (16 MHz) with Flash 0 wait state. Flash prefetch buffer, D-Cache
  18:Drivers/STM32G4xx_HAL_Driver/Src/stm32g4xx_hal_rcc.c ****       and I-Cache are disabled, and all peripherals are off except internal
  19:Drivers/STM32G4xx_HAL_Driver/Src/stm32g4xx_hal_rcc.c ****       SRAM, Flash and JTAG.
  20:Drivers/STM32G4xx_HAL_Driver/Src/stm32g4xx_hal_rcc.c **** 
  21:Drivers/STM32G4xx_HAL_Driver/Src/stm32g4xx_hal_rcc.c ****       (+) There is no prescaler on High speed (AHBs) and Low speed (APBs) buses:
  22:Drivers/STM32G4xx_HAL_Driver/Src/stm32g4xx_hal_rcc.c ****           all peripherals mapped on these buses are running at HSI speed.
  23:Drivers/STM32G4xx_HAL_Driver/Src/stm32g4xx_hal_rcc.c ****       (+) The clock for all peripherals is switched off, except the SRAM and FLASH.
  24:Drivers/STM32G4xx_HAL_Driver/Src/stm32g4xx_hal_rcc.c ****       (+) All GPIOs are in analog mode, except the JTAG pins which
  25:Drivers/STM32G4xx_HAL_Driver/Src/stm32g4xx_hal_rcc.c ****           are assigned to be used for debug purpose.
  26:Drivers/STM32G4xx_HAL_Driver/Src/stm32g4xx_hal_rcc.c **** 
  27:Drivers/STM32G4xx_HAL_Driver/Src/stm32g4xx_hal_rcc.c ****     [..]
  28:Drivers/STM32G4xx_HAL_Driver/Src/stm32g4xx_hal_rcc.c ****       Once the device started from reset, the user application has to:
  29:Drivers/STM32G4xx_HAL_Driver/Src/stm32g4xx_hal_rcc.c ****       (+) Configure the clock source to be used to drive the System clock
  30:Drivers/STM32G4xx_HAL_Driver/Src/stm32g4xx_hal_rcc.c ****           (if the application needs higher frequency/performance)
  31:Drivers/STM32G4xx_HAL_Driver/Src/stm32g4xx_hal_rcc.c ****       (+) Configure the System clock frequency and Flash settings
ARM GAS  /tmp/ccl1Huei.s 			page 2


  32:Drivers/STM32G4xx_HAL_Driver/Src/stm32g4xx_hal_rcc.c ****       (+) Configure the AHB and APB buses prescalers
  33:Drivers/STM32G4xx_HAL_Driver/Src/stm32g4xx_hal_rcc.c ****       (+) Enable the clock for the peripheral(s) to be used
  34:Drivers/STM32G4xx_HAL_Driver/Src/stm32g4xx_hal_rcc.c ****       (+) Configure the clock source(s) for peripherals which clocks are not
  35:Drivers/STM32G4xx_HAL_Driver/Src/stm32g4xx_hal_rcc.c ****           derived from the System clock (USB, RNG, USART, LPUART, FDCAN, some TIMERs,
  36:Drivers/STM32G4xx_HAL_Driver/Src/stm32g4xx_hal_rcc.c ****           UCPD, I2S, I2C, LPTIM, ADC, QSPI)
  37:Drivers/STM32G4xx_HAL_Driver/Src/stm32g4xx_hal_rcc.c **** 
  38:Drivers/STM32G4xx_HAL_Driver/Src/stm32g4xx_hal_rcc.c ****   @endverbatim
  39:Drivers/STM32G4xx_HAL_Driver/Src/stm32g4xx_hal_rcc.c ****   ******************************************************************************
  40:Drivers/STM32G4xx_HAL_Driver/Src/stm32g4xx_hal_rcc.c ****   * @attention
  41:Drivers/STM32G4xx_HAL_Driver/Src/stm32g4xx_hal_rcc.c ****   *
  42:Drivers/STM32G4xx_HAL_Driver/Src/stm32g4xx_hal_rcc.c ****   * Copyright (c) 2019 STMicroelectronics.
  43:Drivers/STM32G4xx_HAL_Driver/Src/stm32g4xx_hal_rcc.c ****   * All rights reserved.
  44:Drivers/STM32G4xx_HAL_Driver/Src/stm32g4xx_hal_rcc.c ****   *
  45:Drivers/STM32G4xx_HAL_Driver/Src/stm32g4xx_hal_rcc.c ****   * This software is licensed under terms that can be found in the LICENSE file in
  46:Drivers/STM32G4xx_HAL_Driver/Src/stm32g4xx_hal_rcc.c ****   * the root directory of this software component.
  47:Drivers/STM32G4xx_HAL_Driver/Src/stm32g4xx_hal_rcc.c ****   * If no LICENSE file comes with this software, it is provided AS-IS.
  48:Drivers/STM32G4xx_HAL_Driver/Src/stm32g4xx_hal_rcc.c ****   ******************************************************************************
  49:Drivers/STM32G4xx_HAL_Driver/Src/stm32g4xx_hal_rcc.c ****   */
  50:Drivers/STM32G4xx_HAL_Driver/Src/stm32g4xx_hal_rcc.c **** 
  51:Drivers/STM32G4xx_HAL_Driver/Src/stm32g4xx_hal_rcc.c **** /* Includes ------------------------------------------------------------------*/
  52:Drivers/STM32G4xx_HAL_Driver/Src/stm32g4xx_hal_rcc.c **** #include "stm32g4xx_hal.h"
  53:Drivers/STM32G4xx_HAL_Driver/Src/stm32g4xx_hal_rcc.c **** 
  54:Drivers/STM32G4xx_HAL_Driver/Src/stm32g4xx_hal_rcc.c **** /** @addtogroup STM32G4xx_HAL_Driver
  55:Drivers/STM32G4xx_HAL_Driver/Src/stm32g4xx_hal_rcc.c ****   * @{
  56:Drivers/STM32G4xx_HAL_Driver/Src/stm32g4xx_hal_rcc.c ****   */
  57:Drivers/STM32G4xx_HAL_Driver/Src/stm32g4xx_hal_rcc.c **** 
  58:Drivers/STM32G4xx_HAL_Driver/Src/stm32g4xx_hal_rcc.c **** /** @defgroup RCC RCC
  59:Drivers/STM32G4xx_HAL_Driver/Src/stm32g4xx_hal_rcc.c ****   * @brief RCC HAL module driver
  60:Drivers/STM32G4xx_HAL_Driver/Src/stm32g4xx_hal_rcc.c ****   * @{
  61:Drivers/STM32G4xx_HAL_Driver/Src/stm32g4xx_hal_rcc.c ****   */
  62:Drivers/STM32G4xx_HAL_Driver/Src/stm32g4xx_hal_rcc.c **** 
  63:Drivers/STM32G4xx_HAL_Driver/Src/stm32g4xx_hal_rcc.c **** #ifdef HAL_RCC_MODULE_ENABLED
  64:Drivers/STM32G4xx_HAL_Driver/Src/stm32g4xx_hal_rcc.c **** 
  65:Drivers/STM32G4xx_HAL_Driver/Src/stm32g4xx_hal_rcc.c **** /* Private typedef -----------------------------------------------------------*/
  66:Drivers/STM32G4xx_HAL_Driver/Src/stm32g4xx_hal_rcc.c **** /* Private define ------------------------------------------------------------*/
  67:Drivers/STM32G4xx_HAL_Driver/Src/stm32g4xx_hal_rcc.c **** /** @defgroup RCC_Private_Constants RCC Private Constants
  68:Drivers/STM32G4xx_HAL_Driver/Src/stm32g4xx_hal_rcc.c ****  * @{
  69:Drivers/STM32G4xx_HAL_Driver/Src/stm32g4xx_hal_rcc.c ****  */
  70:Drivers/STM32G4xx_HAL_Driver/Src/stm32g4xx_hal_rcc.c **** #define HSE_TIMEOUT_VALUE          HSE_STARTUP_TIMEOUT
  71:Drivers/STM32G4xx_HAL_Driver/Src/stm32g4xx_hal_rcc.c **** #define HSI_TIMEOUT_VALUE          2U                /* 2 ms (minimum Tick + 1) */
  72:Drivers/STM32G4xx_HAL_Driver/Src/stm32g4xx_hal_rcc.c **** #define LSI_TIMEOUT_VALUE          2U                /* 2 ms (minimum Tick + 1) */
  73:Drivers/STM32G4xx_HAL_Driver/Src/stm32g4xx_hal_rcc.c **** #define HSI48_TIMEOUT_VALUE        2U                /* 2 ms (minimum Tick + 1) */
  74:Drivers/STM32G4xx_HAL_Driver/Src/stm32g4xx_hal_rcc.c **** #define PLL_TIMEOUT_VALUE          2U                /* 2 ms (minimum Tick + 1) */
  75:Drivers/STM32G4xx_HAL_Driver/Src/stm32g4xx_hal_rcc.c **** #define CLOCKSWITCH_TIMEOUT_VALUE  5000U             /* 5 s    */
  76:Drivers/STM32G4xx_HAL_Driver/Src/stm32g4xx_hal_rcc.c **** /**
  77:Drivers/STM32G4xx_HAL_Driver/Src/stm32g4xx_hal_rcc.c ****   * @}
  78:Drivers/STM32G4xx_HAL_Driver/Src/stm32g4xx_hal_rcc.c ****   */
  79:Drivers/STM32G4xx_HAL_Driver/Src/stm32g4xx_hal_rcc.c **** 
  80:Drivers/STM32G4xx_HAL_Driver/Src/stm32g4xx_hal_rcc.c **** /* Private macro -------------------------------------------------------------*/
  81:Drivers/STM32G4xx_HAL_Driver/Src/stm32g4xx_hal_rcc.c **** /** @defgroup RCC_Private_Macros RCC Private Macros
  82:Drivers/STM32G4xx_HAL_Driver/Src/stm32g4xx_hal_rcc.c ****   * @{
  83:Drivers/STM32G4xx_HAL_Driver/Src/stm32g4xx_hal_rcc.c ****   */
  84:Drivers/STM32G4xx_HAL_Driver/Src/stm32g4xx_hal_rcc.c **** #define RCC_GET_MCO_GPIO_PIN(__RCC_MCOx__)   ((__RCC_MCOx__) & GPIO_PIN_MASK)
  85:Drivers/STM32G4xx_HAL_Driver/Src/stm32g4xx_hal_rcc.c **** 
  86:Drivers/STM32G4xx_HAL_Driver/Src/stm32g4xx_hal_rcc.c **** #define RCC_GET_MCO_GPIO_AF(__RCC_MCOx__)    (((__RCC_MCOx__) & RCC_MCO_GPIOAF_MASK) >> RCC_MCO_GPI
  87:Drivers/STM32G4xx_HAL_Driver/Src/stm32g4xx_hal_rcc.c **** 
  88:Drivers/STM32G4xx_HAL_Driver/Src/stm32g4xx_hal_rcc.c **** #define RCC_GET_MCO_GPIO_INDEX(__RCC_MCOx__) (((__RCC_MCOx__) & RCC_MCO_GPIOPORT_MASK) >> RCC_MCO_G
ARM GAS  /tmp/ccl1Huei.s 			page 3


  89:Drivers/STM32G4xx_HAL_Driver/Src/stm32g4xx_hal_rcc.c **** 
  90:Drivers/STM32G4xx_HAL_Driver/Src/stm32g4xx_hal_rcc.c **** #define RCC_GET_MCO_GPIO_PORT(__RCC_MCOx__)  (AHB2PERIPH_BASE + ((0x00000400UL) * RCC_GET_MCO_GPIO_
  91:Drivers/STM32G4xx_HAL_Driver/Src/stm32g4xx_hal_rcc.c **** 
  92:Drivers/STM32G4xx_HAL_Driver/Src/stm32g4xx_hal_rcc.c **** #define RCC_PLL_OSCSOURCE_CONFIG(__HAL_RCC_PLLSOURCE__) \
  93:Drivers/STM32G4xx_HAL_Driver/Src/stm32g4xx_hal_rcc.c ****             (MODIFY_REG(RCC->PLLCFGR, RCC_PLLCFGR_PLLSRC, (__HAL_RCC_PLLSOURCE__)))
  94:Drivers/STM32G4xx_HAL_Driver/Src/stm32g4xx_hal_rcc.c **** /**
  95:Drivers/STM32G4xx_HAL_Driver/Src/stm32g4xx_hal_rcc.c ****   * @}
  96:Drivers/STM32G4xx_HAL_Driver/Src/stm32g4xx_hal_rcc.c ****   */
  97:Drivers/STM32G4xx_HAL_Driver/Src/stm32g4xx_hal_rcc.c **** 
  98:Drivers/STM32G4xx_HAL_Driver/Src/stm32g4xx_hal_rcc.c **** /* Private variables ---------------------------------------------------------*/
  99:Drivers/STM32G4xx_HAL_Driver/Src/stm32g4xx_hal_rcc.c **** 
 100:Drivers/STM32G4xx_HAL_Driver/Src/stm32g4xx_hal_rcc.c **** /* Private function prototypes -----------------------------------------------*/
 101:Drivers/STM32G4xx_HAL_Driver/Src/stm32g4xx_hal_rcc.c **** /** @defgroup RCC_Private_Functions RCC Private Functions
 102:Drivers/STM32G4xx_HAL_Driver/Src/stm32g4xx_hal_rcc.c ****   * @{
 103:Drivers/STM32G4xx_HAL_Driver/Src/stm32g4xx_hal_rcc.c ****   */
 104:Drivers/STM32G4xx_HAL_Driver/Src/stm32g4xx_hal_rcc.c **** static uint32_t          RCC_GetSysClockFreqFromPLLSource(void);
 105:Drivers/STM32G4xx_HAL_Driver/Src/stm32g4xx_hal_rcc.c **** /**
 106:Drivers/STM32G4xx_HAL_Driver/Src/stm32g4xx_hal_rcc.c ****   * @}
 107:Drivers/STM32G4xx_HAL_Driver/Src/stm32g4xx_hal_rcc.c ****   */
 108:Drivers/STM32G4xx_HAL_Driver/Src/stm32g4xx_hal_rcc.c **** 
 109:Drivers/STM32G4xx_HAL_Driver/Src/stm32g4xx_hal_rcc.c **** /* Exported functions --------------------------------------------------------*/
 110:Drivers/STM32G4xx_HAL_Driver/Src/stm32g4xx_hal_rcc.c **** 
 111:Drivers/STM32G4xx_HAL_Driver/Src/stm32g4xx_hal_rcc.c **** /** @defgroup RCC_Exported_Functions RCC Exported Functions
 112:Drivers/STM32G4xx_HAL_Driver/Src/stm32g4xx_hal_rcc.c ****   * @{
 113:Drivers/STM32G4xx_HAL_Driver/Src/stm32g4xx_hal_rcc.c ****   */
 114:Drivers/STM32G4xx_HAL_Driver/Src/stm32g4xx_hal_rcc.c **** 
 115:Drivers/STM32G4xx_HAL_Driver/Src/stm32g4xx_hal_rcc.c **** /** @defgroup RCC_Exported_Functions_Group1 Initialization and de-initialization functions
 116:Drivers/STM32G4xx_HAL_Driver/Src/stm32g4xx_hal_rcc.c ****   *  @brief    Initialization and Configuration functions
 117:Drivers/STM32G4xx_HAL_Driver/Src/stm32g4xx_hal_rcc.c ****   *
 118:Drivers/STM32G4xx_HAL_Driver/Src/stm32g4xx_hal_rcc.c ****   @verbatim
 119:Drivers/STM32G4xx_HAL_Driver/Src/stm32g4xx_hal_rcc.c ****  ===============================================================================
 120:Drivers/STM32G4xx_HAL_Driver/Src/stm32g4xx_hal_rcc.c ****            ##### Initialization and de-initialization functions #####
 121:Drivers/STM32G4xx_HAL_Driver/Src/stm32g4xx_hal_rcc.c ****  ===============================================================================
 122:Drivers/STM32G4xx_HAL_Driver/Src/stm32g4xx_hal_rcc.c ****     [..]
 123:Drivers/STM32G4xx_HAL_Driver/Src/stm32g4xx_hal_rcc.c ****       This section provides functions allowing to configure the internal and external oscillators
 124:Drivers/STM32G4xx_HAL_Driver/Src/stm32g4xx_hal_rcc.c ****       (HSE, HSI, LSE, LSI, PLL, CSS and MCO) and the System buses clocks (SYSCLK, AHB, APB1
 125:Drivers/STM32G4xx_HAL_Driver/Src/stm32g4xx_hal_rcc.c ****        and APB2).
 126:Drivers/STM32G4xx_HAL_Driver/Src/stm32g4xx_hal_rcc.c **** 
 127:Drivers/STM32G4xx_HAL_Driver/Src/stm32g4xx_hal_rcc.c ****     [..] Internal/external clock and PLL configuration
 128:Drivers/STM32G4xx_HAL_Driver/Src/stm32g4xx_hal_rcc.c ****          (+) HSI (high-speed internal): 16 MHz factory-trimmed RC used directly or through
 129:Drivers/STM32G4xx_HAL_Driver/Src/stm32g4xx_hal_rcc.c ****              the PLL as System clock source.
 130:Drivers/STM32G4xx_HAL_Driver/Src/stm32g4xx_hal_rcc.c **** 
 131:Drivers/STM32G4xx_HAL_Driver/Src/stm32g4xx_hal_rcc.c ****          (+) LSI (low-speed internal): 32 KHz low consumption RC used as IWDG and/or RTC
 132:Drivers/STM32G4xx_HAL_Driver/Src/stm32g4xx_hal_rcc.c ****              clock source.
 133:Drivers/STM32G4xx_HAL_Driver/Src/stm32g4xx_hal_rcc.c **** 
 134:Drivers/STM32G4xx_HAL_Driver/Src/stm32g4xx_hal_rcc.c ****          (+) HSE (high-speed external): 4 to 48 MHz crystal oscillator used directly or
 135:Drivers/STM32G4xx_HAL_Driver/Src/stm32g4xx_hal_rcc.c ****              through the PLL as System clock source. Can be used also optionally as RTC clock sourc
 136:Drivers/STM32G4xx_HAL_Driver/Src/stm32g4xx_hal_rcc.c **** 
 137:Drivers/STM32G4xx_HAL_Driver/Src/stm32g4xx_hal_rcc.c ****          (+) LSE (low-speed external): 32.768 KHz oscillator used optionally as RTC clock source.
 138:Drivers/STM32G4xx_HAL_Driver/Src/stm32g4xx_hal_rcc.c **** 
 139:Drivers/STM32G4xx_HAL_Driver/Src/stm32g4xx_hal_rcc.c ****          (+) PLL (clocked by HSI, HSE) providing up to three independent output clocks:
 140:Drivers/STM32G4xx_HAL_Driver/Src/stm32g4xx_hal_rcc.c ****            (++) The first output is used to generate the high speed system clock (up to 170 MHz).
 141:Drivers/STM32G4xx_HAL_Driver/Src/stm32g4xx_hal_rcc.c ****            (++) The second output is used to generate the clock for the USB (48 MHz),
 142:Drivers/STM32G4xx_HAL_Driver/Src/stm32g4xx_hal_rcc.c ****                 the QSPI (<= 48 MHz), the FDCAN, the SAI and the I2S.
 143:Drivers/STM32G4xx_HAL_Driver/Src/stm32g4xx_hal_rcc.c ****            (++) The third output is used to generate a clock for ADC
 144:Drivers/STM32G4xx_HAL_Driver/Src/stm32g4xx_hal_rcc.c **** 
 145:Drivers/STM32G4xx_HAL_Driver/Src/stm32g4xx_hal_rcc.c ****          (+) CSS (Clock security system): once enabled, if a HSE clock failure occurs
ARM GAS  /tmp/ccl1Huei.s 			page 4


 146:Drivers/STM32G4xx_HAL_Driver/Src/stm32g4xx_hal_rcc.c ****             (HSE used directly or through PLL as System clock source), the System clock
 147:Drivers/STM32G4xx_HAL_Driver/Src/stm32g4xx_hal_rcc.c ****              is automatically switched to HSI and an interrupt is generated if enabled.
 148:Drivers/STM32G4xx_HAL_Driver/Src/stm32g4xx_hal_rcc.c ****              The interrupt is linked to the Cortex-M4 NMI (Non-Maskable Interrupt)
 149:Drivers/STM32G4xx_HAL_Driver/Src/stm32g4xx_hal_rcc.c ****              exception vector.
 150:Drivers/STM32G4xx_HAL_Driver/Src/stm32g4xx_hal_rcc.c **** 
 151:Drivers/STM32G4xx_HAL_Driver/Src/stm32g4xx_hal_rcc.c ****          (+) MCO (microcontroller clock output): used to output LSI, HSI, LSE, HSE,
 152:Drivers/STM32G4xx_HAL_Driver/Src/stm32g4xx_hal_rcc.c ****              main PLL clock, system clock or RC48 clock (through a configurable prescaler) on PA8 p
 153:Drivers/STM32G4xx_HAL_Driver/Src/stm32g4xx_hal_rcc.c **** 
 154:Drivers/STM32G4xx_HAL_Driver/Src/stm32g4xx_hal_rcc.c ****     [..] System, AHB and APB buses clocks configuration
 155:Drivers/STM32G4xx_HAL_Driver/Src/stm32g4xx_hal_rcc.c ****          (+) Several clock sources can be used to drive the System clock (SYSCLK): HSI,
 156:Drivers/STM32G4xx_HAL_Driver/Src/stm32g4xx_hal_rcc.c ****              HSE and main PLL.
 157:Drivers/STM32G4xx_HAL_Driver/Src/stm32g4xx_hal_rcc.c ****              The AHB clock (HCLK) is derived from System clock through configurable
 158:Drivers/STM32G4xx_HAL_Driver/Src/stm32g4xx_hal_rcc.c ****              prescaler and used to clock the CPU, memory and peripherals mapped
 159:Drivers/STM32G4xx_HAL_Driver/Src/stm32g4xx_hal_rcc.c ****              on AHB bus (DMA, GPIO...). APB1 (PCLK1) and APB2 (PCLK2) clocks are derived
 160:Drivers/STM32G4xx_HAL_Driver/Src/stm32g4xx_hal_rcc.c ****              from AHB clock through configurable prescalers and used to clock
 161:Drivers/STM32G4xx_HAL_Driver/Src/stm32g4xx_hal_rcc.c ****              the peripherals mapped on these buses. You can use
 162:Drivers/STM32G4xx_HAL_Driver/Src/stm32g4xx_hal_rcc.c ****              "HAL_RCC_GetSysClockFreq()" function to retrieve the frequencies of these clocks.
 163:Drivers/STM32G4xx_HAL_Driver/Src/stm32g4xx_hal_rcc.c **** 
 164:Drivers/STM32G4xx_HAL_Driver/Src/stm32g4xx_hal_rcc.c ****          -@- All the peripheral clocks are derived from the System clock (SYSCLK) except:
 165:Drivers/STM32G4xx_HAL_Driver/Src/stm32g4xx_hal_rcc.c **** 
 166:Drivers/STM32G4xx_HAL_Driver/Src/stm32g4xx_hal_rcc.c ****            (+@) RTC: the RTC clock can be derived either from the LSI, LSE or HSE clock
 167:Drivers/STM32G4xx_HAL_Driver/Src/stm32g4xx_hal_rcc.c ****                 divided by 2 to 31.
 168:Drivers/STM32G4xx_HAL_Driver/Src/stm32g4xx_hal_rcc.c ****                 You have to use __HAL_RCC_RTC_ENABLE() and HAL_RCCEx_PeriphCLKConfig() function
 169:Drivers/STM32G4xx_HAL_Driver/Src/stm32g4xx_hal_rcc.c ****                 to configure this clock.
 170:Drivers/STM32G4xx_HAL_Driver/Src/stm32g4xx_hal_rcc.c ****            (+@) USB FS and RNG: USB FS requires a frequency equal to 48 MHz
 171:Drivers/STM32G4xx_HAL_Driver/Src/stm32g4xx_hal_rcc.c ****                 to work correctly, while the RNG peripheral requires a frequency
 172:Drivers/STM32G4xx_HAL_Driver/Src/stm32g4xx_hal_rcc.c ****                 equal or lower than to 48 MHz. This clock is derived of the main PLL
 173:Drivers/STM32G4xx_HAL_Driver/Src/stm32g4xx_hal_rcc.c ****                 through PLLQ divider. You have to enable the peripheral clock and use
 174:Drivers/STM32G4xx_HAL_Driver/Src/stm32g4xx_hal_rcc.c ****                 HAL_RCCEx_PeriphCLKConfig() function to configure this clock.
 175:Drivers/STM32G4xx_HAL_Driver/Src/stm32g4xx_hal_rcc.c ****            (+@) IWDG clock which is always the LSI clock.
 176:Drivers/STM32G4xx_HAL_Driver/Src/stm32g4xx_hal_rcc.c **** 
 177:Drivers/STM32G4xx_HAL_Driver/Src/stm32g4xx_hal_rcc.c **** 
 178:Drivers/STM32G4xx_HAL_Driver/Src/stm32g4xx_hal_rcc.c ****          (+) The maximum frequency of the SYSCLK, HCLK, PCLK1 and PCLK2 is 170 MHz.
 179:Drivers/STM32G4xx_HAL_Driver/Src/stm32g4xx_hal_rcc.c ****              The clock source frequency should be adapted depending on the device voltage range
 180:Drivers/STM32G4xx_HAL_Driver/Src/stm32g4xx_hal_rcc.c ****              as listed in the Reference Manual "Clock source frequency versus voltage scaling" chap
 181:Drivers/STM32G4xx_HAL_Driver/Src/stm32g4xx_hal_rcc.c **** 
 182:Drivers/STM32G4xx_HAL_Driver/Src/stm32g4xx_hal_rcc.c ****   @endverbatim
 183:Drivers/STM32G4xx_HAL_Driver/Src/stm32g4xx_hal_rcc.c **** 
 184:Drivers/STM32G4xx_HAL_Driver/Src/stm32g4xx_hal_rcc.c ****            Table 1. HCLK clock frequency for STM32G4xx devices
 185:Drivers/STM32G4xx_HAL_Driver/Src/stm32g4xx_hal_rcc.c ****            +----------------------------------------------------------------------------+
 186:Drivers/STM32G4xx_HAL_Driver/Src/stm32g4xx_hal_rcc.c ****            | Latency         |            HCLK clock frequency (MHz)                    |
 187:Drivers/STM32G4xx_HAL_Driver/Src/stm32g4xx_hal_rcc.c ****            |                 |----------------------------------------------------------|
 188:Drivers/STM32G4xx_HAL_Driver/Src/stm32g4xx_hal_rcc.c ****            |                 |  voltage range 1  |  voltage range 1  | voltage range 2  |
 189:Drivers/STM32G4xx_HAL_Driver/Src/stm32g4xx_hal_rcc.c ****            |                 | boost mode 1.28 V | normal mode 1.2 V |     1.0 V        |
 190:Drivers/STM32G4xx_HAL_Driver/Src/stm32g4xx_hal_rcc.c ****            |-----------------|-------------------|-------------------|------------------|
 191:Drivers/STM32G4xx_HAL_Driver/Src/stm32g4xx_hal_rcc.c ****            |0WS(1 CPU cycles)|    HCLK <= 34     |    HCLK <= 30     |    HCLK <= 13    |
 192:Drivers/STM32G4xx_HAL_Driver/Src/stm32g4xx_hal_rcc.c ****            |-----------------|-------------------|-------------------|------------------|
 193:Drivers/STM32G4xx_HAL_Driver/Src/stm32g4xx_hal_rcc.c ****            |1WS(2 CPU cycles)|    HCLK <= 68     |    HCLK <= 60     |    HCLK <= 26    |
 194:Drivers/STM32G4xx_HAL_Driver/Src/stm32g4xx_hal_rcc.c ****            |-----------------|-------------------|-------------------|------------------|
 195:Drivers/STM32G4xx_HAL_Driver/Src/stm32g4xx_hal_rcc.c ****            |2WS(3 CPU cycles)|    HCLK <= 102    |    HCLK <= 90     |        -         |
 196:Drivers/STM32G4xx_HAL_Driver/Src/stm32g4xx_hal_rcc.c ****            |-----------------|-------------------|-------------------|------------------|
 197:Drivers/STM32G4xx_HAL_Driver/Src/stm32g4xx_hal_rcc.c ****            |3WS(4 CPU cycles)|    HCLK <= 136    |    HCLK <= 120    |        -         |
 198:Drivers/STM32G4xx_HAL_Driver/Src/stm32g4xx_hal_rcc.c ****            |-----------------|-------------------|-------------------|------------------|
 199:Drivers/STM32G4xx_HAL_Driver/Src/stm32g4xx_hal_rcc.c ****            |4WS(5 CPU cycles)|    HCLK <= 170    |    HCLK <= 150    |        -         |
 200:Drivers/STM32G4xx_HAL_Driver/Src/stm32g4xx_hal_rcc.c ****            +----------------------------------------------------------------------------+
 201:Drivers/STM32G4xx_HAL_Driver/Src/stm32g4xx_hal_rcc.c **** 
 202:Drivers/STM32G4xx_HAL_Driver/Src/stm32g4xx_hal_rcc.c ****   * @{
ARM GAS  /tmp/ccl1Huei.s 			page 5


 203:Drivers/STM32G4xx_HAL_Driver/Src/stm32g4xx_hal_rcc.c ****   */
 204:Drivers/STM32G4xx_HAL_Driver/Src/stm32g4xx_hal_rcc.c **** 
 205:Drivers/STM32G4xx_HAL_Driver/Src/stm32g4xx_hal_rcc.c **** /**
 206:Drivers/STM32G4xx_HAL_Driver/Src/stm32g4xx_hal_rcc.c ****   * @brief  Reset the RCC clock configuration to the default reset state.
 207:Drivers/STM32G4xx_HAL_Driver/Src/stm32g4xx_hal_rcc.c ****   * @note   The default reset state of the clock configuration is given below:
 208:Drivers/STM32G4xx_HAL_Driver/Src/stm32g4xx_hal_rcc.c ****   *            - HSI ON and used as system clock source
 209:Drivers/STM32G4xx_HAL_Driver/Src/stm32g4xx_hal_rcc.c ****   *            - HSE, PLL OFF
 210:Drivers/STM32G4xx_HAL_Driver/Src/stm32g4xx_hal_rcc.c ****   *            - AHB, APB1 and APB2 prescaler set to 1.
 211:Drivers/STM32G4xx_HAL_Driver/Src/stm32g4xx_hal_rcc.c ****   *            - CSS, MCO1 OFF
 212:Drivers/STM32G4xx_HAL_Driver/Src/stm32g4xx_hal_rcc.c ****   *            - All interrupts disabled
 213:Drivers/STM32G4xx_HAL_Driver/Src/stm32g4xx_hal_rcc.c ****   *            - All interrupt and reset flags cleared
 214:Drivers/STM32G4xx_HAL_Driver/Src/stm32g4xx_hal_rcc.c ****   * @note   This function doesn't modify the configuration of the
 215:Drivers/STM32G4xx_HAL_Driver/Src/stm32g4xx_hal_rcc.c ****   *            - Peripheral clocks
 216:Drivers/STM32G4xx_HAL_Driver/Src/stm32g4xx_hal_rcc.c ****   *            - LSI, LSE and RTC clocks
 217:Drivers/STM32G4xx_HAL_Driver/Src/stm32g4xx_hal_rcc.c ****   * @retval HAL status
 218:Drivers/STM32G4xx_HAL_Driver/Src/stm32g4xx_hal_rcc.c ****   */
 219:Drivers/STM32G4xx_HAL_Driver/Src/stm32g4xx_hal_rcc.c **** HAL_StatusTypeDef HAL_RCC_DeInit(void)
 220:Drivers/STM32G4xx_HAL_Driver/Src/stm32g4xx_hal_rcc.c **** {
 221:Drivers/STM32G4xx_HAL_Driver/Src/stm32g4xx_hal_rcc.c ****   uint32_t tickstart;
 222:Drivers/STM32G4xx_HAL_Driver/Src/stm32g4xx_hal_rcc.c **** 
 223:Drivers/STM32G4xx_HAL_Driver/Src/stm32g4xx_hal_rcc.c ****   /* Get Start Tick*/
 224:Drivers/STM32G4xx_HAL_Driver/Src/stm32g4xx_hal_rcc.c ****   tickstart = HAL_GetTick();
 225:Drivers/STM32G4xx_HAL_Driver/Src/stm32g4xx_hal_rcc.c **** 
 226:Drivers/STM32G4xx_HAL_Driver/Src/stm32g4xx_hal_rcc.c ****   /* Set HSION bit to the reset value */
 227:Drivers/STM32G4xx_HAL_Driver/Src/stm32g4xx_hal_rcc.c ****   SET_BIT(RCC->CR, RCC_CR_HSION);
 228:Drivers/STM32G4xx_HAL_Driver/Src/stm32g4xx_hal_rcc.c **** 
 229:Drivers/STM32G4xx_HAL_Driver/Src/stm32g4xx_hal_rcc.c ****   /* Wait till HSI is ready */
 230:Drivers/STM32G4xx_HAL_Driver/Src/stm32g4xx_hal_rcc.c ****   while (READ_BIT(RCC->CR, RCC_CR_HSIRDY) == 0U)
 231:Drivers/STM32G4xx_HAL_Driver/Src/stm32g4xx_hal_rcc.c ****   {
 232:Drivers/STM32G4xx_HAL_Driver/Src/stm32g4xx_hal_rcc.c ****     if ((HAL_GetTick() - tickstart) > HSI_TIMEOUT_VALUE)
 233:Drivers/STM32G4xx_HAL_Driver/Src/stm32g4xx_hal_rcc.c ****     {
 234:Drivers/STM32G4xx_HAL_Driver/Src/stm32g4xx_hal_rcc.c ****       return HAL_TIMEOUT;
 235:Drivers/STM32G4xx_HAL_Driver/Src/stm32g4xx_hal_rcc.c ****     }
 236:Drivers/STM32G4xx_HAL_Driver/Src/stm32g4xx_hal_rcc.c ****   }
 237:Drivers/STM32G4xx_HAL_Driver/Src/stm32g4xx_hal_rcc.c **** 
 238:Drivers/STM32G4xx_HAL_Driver/Src/stm32g4xx_hal_rcc.c ****  /* Set HSITRIM[6:0] bits to the reset value */
 239:Drivers/STM32G4xx_HAL_Driver/Src/stm32g4xx_hal_rcc.c ****   SET_BIT(RCC->ICSCR, RCC_HSICALIBRATION_DEFAULT << RCC_ICSCR_HSITRIM_Pos);
 240:Drivers/STM32G4xx_HAL_Driver/Src/stm32g4xx_hal_rcc.c **** 
 241:Drivers/STM32G4xx_HAL_Driver/Src/stm32g4xx_hal_rcc.c ****   /* Get Start Tick*/
 242:Drivers/STM32G4xx_HAL_Driver/Src/stm32g4xx_hal_rcc.c ****   tickstart = HAL_GetTick();
 243:Drivers/STM32G4xx_HAL_Driver/Src/stm32g4xx_hal_rcc.c **** 
 244:Drivers/STM32G4xx_HAL_Driver/Src/stm32g4xx_hal_rcc.c ****   /* Reset CFGR register (HSI is selected as system clock source) */
 245:Drivers/STM32G4xx_HAL_Driver/Src/stm32g4xx_hal_rcc.c ****   RCC->CFGR = 0x00000001u;
 246:Drivers/STM32G4xx_HAL_Driver/Src/stm32g4xx_hal_rcc.c **** 
 247:Drivers/STM32G4xx_HAL_Driver/Src/stm32g4xx_hal_rcc.c ****   /* Wait till HSI is ready */
 248:Drivers/STM32G4xx_HAL_Driver/Src/stm32g4xx_hal_rcc.c ****   while (READ_BIT(RCC->CFGR, RCC_CFGR_SWS) != RCC_CFGR_SWS_HSI)
 249:Drivers/STM32G4xx_HAL_Driver/Src/stm32g4xx_hal_rcc.c ****   {
 250:Drivers/STM32G4xx_HAL_Driver/Src/stm32g4xx_hal_rcc.c ****     if ((HAL_GetTick() - tickstart) > CLOCKSWITCH_TIMEOUT_VALUE)
 251:Drivers/STM32G4xx_HAL_Driver/Src/stm32g4xx_hal_rcc.c ****     {
 252:Drivers/STM32G4xx_HAL_Driver/Src/stm32g4xx_hal_rcc.c ****       return HAL_TIMEOUT;
 253:Drivers/STM32G4xx_HAL_Driver/Src/stm32g4xx_hal_rcc.c ****     }
 254:Drivers/STM32G4xx_HAL_Driver/Src/stm32g4xx_hal_rcc.c ****   }
 255:Drivers/STM32G4xx_HAL_Driver/Src/stm32g4xx_hal_rcc.c **** 
 256:Drivers/STM32G4xx_HAL_Driver/Src/stm32g4xx_hal_rcc.c ****   /* Update the SystemCoreClock global variable */
 257:Drivers/STM32G4xx_HAL_Driver/Src/stm32g4xx_hal_rcc.c ****   SystemCoreClock = HSI_VALUE;
 258:Drivers/STM32G4xx_HAL_Driver/Src/stm32g4xx_hal_rcc.c **** 
 259:Drivers/STM32G4xx_HAL_Driver/Src/stm32g4xx_hal_rcc.c ****   /* Adapt Systick interrupt period */
ARM GAS  /tmp/ccl1Huei.s 			page 6


 260:Drivers/STM32G4xx_HAL_Driver/Src/stm32g4xx_hal_rcc.c ****   if (HAL_InitTick(uwTickPrio) != HAL_OK)
 261:Drivers/STM32G4xx_HAL_Driver/Src/stm32g4xx_hal_rcc.c ****   {
 262:Drivers/STM32G4xx_HAL_Driver/Src/stm32g4xx_hal_rcc.c ****     return HAL_ERROR;
 263:Drivers/STM32G4xx_HAL_Driver/Src/stm32g4xx_hal_rcc.c ****   }
 264:Drivers/STM32G4xx_HAL_Driver/Src/stm32g4xx_hal_rcc.c **** 
 265:Drivers/STM32G4xx_HAL_Driver/Src/stm32g4xx_hal_rcc.c ****   /* Clear CR register in 2 steps: first to clear HSEON in case bypass was enabled */
 266:Drivers/STM32G4xx_HAL_Driver/Src/stm32g4xx_hal_rcc.c ****   RCC->CR = RCC_CR_HSION;
 267:Drivers/STM32G4xx_HAL_Driver/Src/stm32g4xx_hal_rcc.c **** 
 268:Drivers/STM32G4xx_HAL_Driver/Src/stm32g4xx_hal_rcc.c ****   /* Then again to HSEBYP in case bypass was enabled */
 269:Drivers/STM32G4xx_HAL_Driver/Src/stm32g4xx_hal_rcc.c ****   RCC->CR = RCC_CR_HSION;
 270:Drivers/STM32G4xx_HAL_Driver/Src/stm32g4xx_hal_rcc.c **** 
 271:Drivers/STM32G4xx_HAL_Driver/Src/stm32g4xx_hal_rcc.c ****   /* Get Start Tick*/
 272:Drivers/STM32G4xx_HAL_Driver/Src/stm32g4xx_hal_rcc.c ****   tickstart = HAL_GetTick();
 273:Drivers/STM32G4xx_HAL_Driver/Src/stm32g4xx_hal_rcc.c **** 
 274:Drivers/STM32G4xx_HAL_Driver/Src/stm32g4xx_hal_rcc.c ****   /* Wait till PLL is OFF */
 275:Drivers/STM32G4xx_HAL_Driver/Src/stm32g4xx_hal_rcc.c ****   while (READ_BIT(RCC->CR, RCC_CR_PLLRDY) != 0U)
 276:Drivers/STM32G4xx_HAL_Driver/Src/stm32g4xx_hal_rcc.c ****   {
 277:Drivers/STM32G4xx_HAL_Driver/Src/stm32g4xx_hal_rcc.c ****     if ((HAL_GetTick() - tickstart) > PLL_TIMEOUT_VALUE)
 278:Drivers/STM32G4xx_HAL_Driver/Src/stm32g4xx_hal_rcc.c ****     {
 279:Drivers/STM32G4xx_HAL_Driver/Src/stm32g4xx_hal_rcc.c ****       return HAL_TIMEOUT;
 280:Drivers/STM32G4xx_HAL_Driver/Src/stm32g4xx_hal_rcc.c ****     }
 281:Drivers/STM32G4xx_HAL_Driver/Src/stm32g4xx_hal_rcc.c ****   }
 282:Drivers/STM32G4xx_HAL_Driver/Src/stm32g4xx_hal_rcc.c **** 
 283:Drivers/STM32G4xx_HAL_Driver/Src/stm32g4xx_hal_rcc.c ****   /* once PLL is OFF, reset PLLCFGR register to default value */
 284:Drivers/STM32G4xx_HAL_Driver/Src/stm32g4xx_hal_rcc.c ****   RCC->PLLCFGR = RCC_PLLCFGR_PLLN_4;
 285:Drivers/STM32G4xx_HAL_Driver/Src/stm32g4xx_hal_rcc.c **** 
 286:Drivers/STM32G4xx_HAL_Driver/Src/stm32g4xx_hal_rcc.c ****   /* Disable all interrupts */
 287:Drivers/STM32G4xx_HAL_Driver/Src/stm32g4xx_hal_rcc.c ****   CLEAR_REG(RCC->CIER);
 288:Drivers/STM32G4xx_HAL_Driver/Src/stm32g4xx_hal_rcc.c **** 
 289:Drivers/STM32G4xx_HAL_Driver/Src/stm32g4xx_hal_rcc.c ****   /* Clear all interrupt flags */
 290:Drivers/STM32G4xx_HAL_Driver/Src/stm32g4xx_hal_rcc.c ****   WRITE_REG(RCC->CICR, 0xFFFFFFFFU);
 291:Drivers/STM32G4xx_HAL_Driver/Src/stm32g4xx_hal_rcc.c **** 
 292:Drivers/STM32G4xx_HAL_Driver/Src/stm32g4xx_hal_rcc.c ****   /* Clear all reset flags */
 293:Drivers/STM32G4xx_HAL_Driver/Src/stm32g4xx_hal_rcc.c ****   SET_BIT(RCC->CSR, RCC_CSR_RMVF);
 294:Drivers/STM32G4xx_HAL_Driver/Src/stm32g4xx_hal_rcc.c **** 
 295:Drivers/STM32G4xx_HAL_Driver/Src/stm32g4xx_hal_rcc.c ****   return HAL_OK;
 296:Drivers/STM32G4xx_HAL_Driver/Src/stm32g4xx_hal_rcc.c **** }
 297:Drivers/STM32G4xx_HAL_Driver/Src/stm32g4xx_hal_rcc.c **** 
 298:Drivers/STM32G4xx_HAL_Driver/Src/stm32g4xx_hal_rcc.c **** /**
 299:Drivers/STM32G4xx_HAL_Driver/Src/stm32g4xx_hal_rcc.c ****   * @brief  Initialize the RCC Oscillators according to the specified parameters in the
 300:Drivers/STM32G4xx_HAL_Driver/Src/stm32g4xx_hal_rcc.c ****   *         RCC_OscInitTypeDef.
 301:Drivers/STM32G4xx_HAL_Driver/Src/stm32g4xx_hal_rcc.c ****   * @param  RCC_OscInitStruct  pointer to an RCC_OscInitTypeDef structure that
 302:Drivers/STM32G4xx_HAL_Driver/Src/stm32g4xx_hal_rcc.c ****   *         contains the configuration information for the RCC Oscillators.
 303:Drivers/STM32G4xx_HAL_Driver/Src/stm32g4xx_hal_rcc.c ****   * @note   The PLL is not disabled when used as system clock.
 304:Drivers/STM32G4xx_HAL_Driver/Src/stm32g4xx_hal_rcc.c ****   * @note   Transitions LSE Bypass to LSE On and LSE On to LSE Bypass are not
 305:Drivers/STM32G4xx_HAL_Driver/Src/stm32g4xx_hal_rcc.c ****   *         supported by this macro. User should request a transition to LSE Off
 306:Drivers/STM32G4xx_HAL_Driver/Src/stm32g4xx_hal_rcc.c ****   *         first and then LSE On or LSE Bypass.
 307:Drivers/STM32G4xx_HAL_Driver/Src/stm32g4xx_hal_rcc.c ****   * @note   Transition HSE Bypass to HSE On and HSE On to HSE Bypass are not
 308:Drivers/STM32G4xx_HAL_Driver/Src/stm32g4xx_hal_rcc.c ****   *         supported by this macro. User should request a transition to HSE Off
 309:Drivers/STM32G4xx_HAL_Driver/Src/stm32g4xx_hal_rcc.c ****   *         first and then HSE On or HSE Bypass.
 310:Drivers/STM32G4xx_HAL_Driver/Src/stm32g4xx_hal_rcc.c ****   * @retval HAL status
 311:Drivers/STM32G4xx_HAL_Driver/Src/stm32g4xx_hal_rcc.c ****   */
 312:Drivers/STM32G4xx_HAL_Driver/Src/stm32g4xx_hal_rcc.c **** HAL_StatusTypeDef HAL_RCC_OscConfig(const RCC_OscInitTypeDef  *RCC_OscInitStruct)
 313:Drivers/STM32G4xx_HAL_Driver/Src/stm32g4xx_hal_rcc.c **** {
 314:Drivers/STM32G4xx_HAL_Driver/Src/stm32g4xx_hal_rcc.c ****   uint32_t tickstart;
 315:Drivers/STM32G4xx_HAL_Driver/Src/stm32g4xx_hal_rcc.c ****   uint32_t temp_sysclksrc;
 316:Drivers/STM32G4xx_HAL_Driver/Src/stm32g4xx_hal_rcc.c ****   uint32_t temp_pllckcfg;
ARM GAS  /tmp/ccl1Huei.s 			page 7


 317:Drivers/STM32G4xx_HAL_Driver/Src/stm32g4xx_hal_rcc.c **** 
 318:Drivers/STM32G4xx_HAL_Driver/Src/stm32g4xx_hal_rcc.c ****   /* Check Null pointer */
 319:Drivers/STM32G4xx_HAL_Driver/Src/stm32g4xx_hal_rcc.c ****   if (RCC_OscInitStruct == NULL)
 320:Drivers/STM32G4xx_HAL_Driver/Src/stm32g4xx_hal_rcc.c ****   {
 321:Drivers/STM32G4xx_HAL_Driver/Src/stm32g4xx_hal_rcc.c ****     return HAL_ERROR;
 322:Drivers/STM32G4xx_HAL_Driver/Src/stm32g4xx_hal_rcc.c ****   }
 323:Drivers/STM32G4xx_HAL_Driver/Src/stm32g4xx_hal_rcc.c **** 
 324:Drivers/STM32G4xx_HAL_Driver/Src/stm32g4xx_hal_rcc.c ****   /* Check the parameters */
 325:Drivers/STM32G4xx_HAL_Driver/Src/stm32g4xx_hal_rcc.c ****   assert_param(IS_RCC_OSCILLATORTYPE(RCC_OscInitStruct->OscillatorType));
 326:Drivers/STM32G4xx_HAL_Driver/Src/stm32g4xx_hal_rcc.c **** 
 327:Drivers/STM32G4xx_HAL_Driver/Src/stm32g4xx_hal_rcc.c ****   /*------------------------------- HSE Configuration ------------------------*/
 328:Drivers/STM32G4xx_HAL_Driver/Src/stm32g4xx_hal_rcc.c ****   if (((RCC_OscInitStruct->OscillatorType) & RCC_OSCILLATORTYPE_HSE) == RCC_OSCILLATORTYPE_HSE)
 329:Drivers/STM32G4xx_HAL_Driver/Src/stm32g4xx_hal_rcc.c ****   {
 330:Drivers/STM32G4xx_HAL_Driver/Src/stm32g4xx_hal_rcc.c ****     /* Check the parameters */
 331:Drivers/STM32G4xx_HAL_Driver/Src/stm32g4xx_hal_rcc.c ****     assert_param(IS_RCC_HSE(RCC_OscInitStruct->HSEState));
 332:Drivers/STM32G4xx_HAL_Driver/Src/stm32g4xx_hal_rcc.c **** 
 333:Drivers/STM32G4xx_HAL_Driver/Src/stm32g4xx_hal_rcc.c ****     temp_sysclksrc = __HAL_RCC_GET_SYSCLK_SOURCE();
 334:Drivers/STM32G4xx_HAL_Driver/Src/stm32g4xx_hal_rcc.c ****     temp_pllckcfg = __HAL_RCC_GET_PLL_OSCSOURCE();
 335:Drivers/STM32G4xx_HAL_Driver/Src/stm32g4xx_hal_rcc.c **** 
 336:Drivers/STM32G4xx_HAL_Driver/Src/stm32g4xx_hal_rcc.c ****     /* When the HSE is used as system clock or clock source for PLL in these cases it is not allowe
 337:Drivers/STM32G4xx_HAL_Driver/Src/stm32g4xx_hal_rcc.c ****     if (((temp_sysclksrc == RCC_CFGR_SWS_PLL) && (temp_pllckcfg == RCC_PLLSOURCE_HSE)) || (temp_sys
 338:Drivers/STM32G4xx_HAL_Driver/Src/stm32g4xx_hal_rcc.c ****     {
 339:Drivers/STM32G4xx_HAL_Driver/Src/stm32g4xx_hal_rcc.c ****       if ((READ_BIT(RCC->CR, RCC_CR_HSERDY) != 0U) && (RCC_OscInitStruct->HSEState == RCC_HSE_OFF))
 340:Drivers/STM32G4xx_HAL_Driver/Src/stm32g4xx_hal_rcc.c ****       {
 341:Drivers/STM32G4xx_HAL_Driver/Src/stm32g4xx_hal_rcc.c ****         return HAL_ERROR;
 342:Drivers/STM32G4xx_HAL_Driver/Src/stm32g4xx_hal_rcc.c ****       }
 343:Drivers/STM32G4xx_HAL_Driver/Src/stm32g4xx_hal_rcc.c ****     }
 344:Drivers/STM32G4xx_HAL_Driver/Src/stm32g4xx_hal_rcc.c ****     else
 345:Drivers/STM32G4xx_HAL_Driver/Src/stm32g4xx_hal_rcc.c ****     {
 346:Drivers/STM32G4xx_HAL_Driver/Src/stm32g4xx_hal_rcc.c ****       /* Set the new HSE configuration ---------------------------------------*/
 347:Drivers/STM32G4xx_HAL_Driver/Src/stm32g4xx_hal_rcc.c ****       __HAL_RCC_HSE_CONFIG(RCC_OscInitStruct->HSEState);
 348:Drivers/STM32G4xx_HAL_Driver/Src/stm32g4xx_hal_rcc.c **** 
 349:Drivers/STM32G4xx_HAL_Driver/Src/stm32g4xx_hal_rcc.c ****       /* Check the HSE State */
 350:Drivers/STM32G4xx_HAL_Driver/Src/stm32g4xx_hal_rcc.c ****       if (RCC_OscInitStruct->HSEState != RCC_HSE_OFF)
 351:Drivers/STM32G4xx_HAL_Driver/Src/stm32g4xx_hal_rcc.c ****       {
 352:Drivers/STM32G4xx_HAL_Driver/Src/stm32g4xx_hal_rcc.c ****         /* Get Start Tick*/
 353:Drivers/STM32G4xx_HAL_Driver/Src/stm32g4xx_hal_rcc.c ****         tickstart = HAL_GetTick();
 354:Drivers/STM32G4xx_HAL_Driver/Src/stm32g4xx_hal_rcc.c **** 
 355:Drivers/STM32G4xx_HAL_Driver/Src/stm32g4xx_hal_rcc.c ****         /* Wait till HSE is ready */
 356:Drivers/STM32G4xx_HAL_Driver/Src/stm32g4xx_hal_rcc.c ****         while (READ_BIT(RCC->CR, RCC_CR_HSERDY) == 0U)
 357:Drivers/STM32G4xx_HAL_Driver/Src/stm32g4xx_hal_rcc.c ****         {
 358:Drivers/STM32G4xx_HAL_Driver/Src/stm32g4xx_hal_rcc.c ****           if ((HAL_GetTick() - tickstart) > HSE_TIMEOUT_VALUE)
 359:Drivers/STM32G4xx_HAL_Driver/Src/stm32g4xx_hal_rcc.c ****           {
 360:Drivers/STM32G4xx_HAL_Driver/Src/stm32g4xx_hal_rcc.c ****             return HAL_TIMEOUT;
 361:Drivers/STM32G4xx_HAL_Driver/Src/stm32g4xx_hal_rcc.c ****           }
 362:Drivers/STM32G4xx_HAL_Driver/Src/stm32g4xx_hal_rcc.c ****         }
 363:Drivers/STM32G4xx_HAL_Driver/Src/stm32g4xx_hal_rcc.c ****       }
 364:Drivers/STM32G4xx_HAL_Driver/Src/stm32g4xx_hal_rcc.c ****       else
 365:Drivers/STM32G4xx_HAL_Driver/Src/stm32g4xx_hal_rcc.c ****       {
 366:Drivers/STM32G4xx_HAL_Driver/Src/stm32g4xx_hal_rcc.c ****         /* Get Start Tick*/
 367:Drivers/STM32G4xx_HAL_Driver/Src/stm32g4xx_hal_rcc.c ****         tickstart = HAL_GetTick();
 368:Drivers/STM32G4xx_HAL_Driver/Src/stm32g4xx_hal_rcc.c **** 
 369:Drivers/STM32G4xx_HAL_Driver/Src/stm32g4xx_hal_rcc.c ****         /* Wait till HSE is disabled */
 370:Drivers/STM32G4xx_HAL_Driver/Src/stm32g4xx_hal_rcc.c ****         while (READ_BIT(RCC->CR, RCC_CR_HSERDY) != 0U)
 371:Drivers/STM32G4xx_HAL_Driver/Src/stm32g4xx_hal_rcc.c ****         {
 372:Drivers/STM32G4xx_HAL_Driver/Src/stm32g4xx_hal_rcc.c ****           if ((HAL_GetTick() - tickstart) > HSE_TIMEOUT_VALUE)
 373:Drivers/STM32G4xx_HAL_Driver/Src/stm32g4xx_hal_rcc.c ****           {
ARM GAS  /tmp/ccl1Huei.s 			page 8


 374:Drivers/STM32G4xx_HAL_Driver/Src/stm32g4xx_hal_rcc.c ****             return HAL_TIMEOUT;
 375:Drivers/STM32G4xx_HAL_Driver/Src/stm32g4xx_hal_rcc.c ****           }
 376:Drivers/STM32G4xx_HAL_Driver/Src/stm32g4xx_hal_rcc.c ****         }
 377:Drivers/STM32G4xx_HAL_Driver/Src/stm32g4xx_hal_rcc.c ****       }
 378:Drivers/STM32G4xx_HAL_Driver/Src/stm32g4xx_hal_rcc.c ****     }
 379:Drivers/STM32G4xx_HAL_Driver/Src/stm32g4xx_hal_rcc.c ****   }
 380:Drivers/STM32G4xx_HAL_Driver/Src/stm32g4xx_hal_rcc.c ****   /*----------------------------- HSI Configuration --------------------------*/
 381:Drivers/STM32G4xx_HAL_Driver/Src/stm32g4xx_hal_rcc.c ****   if (((RCC_OscInitStruct->OscillatorType) & RCC_OSCILLATORTYPE_HSI) == RCC_OSCILLATORTYPE_HSI)
 382:Drivers/STM32G4xx_HAL_Driver/Src/stm32g4xx_hal_rcc.c ****   {
 383:Drivers/STM32G4xx_HAL_Driver/Src/stm32g4xx_hal_rcc.c ****     /* Check the parameters */
 384:Drivers/STM32G4xx_HAL_Driver/Src/stm32g4xx_hal_rcc.c ****     assert_param(IS_RCC_HSI(RCC_OscInitStruct->HSIState));
 385:Drivers/STM32G4xx_HAL_Driver/Src/stm32g4xx_hal_rcc.c ****     assert_param(IS_RCC_HSI_CALIBRATION_VALUE(RCC_OscInitStruct->HSICalibrationValue));
 386:Drivers/STM32G4xx_HAL_Driver/Src/stm32g4xx_hal_rcc.c **** 
 387:Drivers/STM32G4xx_HAL_Driver/Src/stm32g4xx_hal_rcc.c ****     /* Check if HSI is used as system clock or as PLL source when PLL is selected as system clock *
 388:Drivers/STM32G4xx_HAL_Driver/Src/stm32g4xx_hal_rcc.c ****     temp_sysclksrc = __HAL_RCC_GET_SYSCLK_SOURCE();
 389:Drivers/STM32G4xx_HAL_Driver/Src/stm32g4xx_hal_rcc.c ****     temp_pllckcfg = __HAL_RCC_GET_PLL_OSCSOURCE();
 390:Drivers/STM32G4xx_HAL_Driver/Src/stm32g4xx_hal_rcc.c ****     if (((temp_sysclksrc == RCC_CFGR_SWS_PLL) && (temp_pllckcfg == RCC_PLLSOURCE_HSI)) || (temp_sys
 391:Drivers/STM32G4xx_HAL_Driver/Src/stm32g4xx_hal_rcc.c ****     {
 392:Drivers/STM32G4xx_HAL_Driver/Src/stm32g4xx_hal_rcc.c ****       /* When HSI is used as system clock it will not be disabled */
 393:Drivers/STM32G4xx_HAL_Driver/Src/stm32g4xx_hal_rcc.c ****       if ((READ_BIT(RCC->CR, RCC_CR_HSIRDY) != 0U) && (RCC_OscInitStruct->HSIState == RCC_HSI_OFF))
 394:Drivers/STM32G4xx_HAL_Driver/Src/stm32g4xx_hal_rcc.c ****       {
 395:Drivers/STM32G4xx_HAL_Driver/Src/stm32g4xx_hal_rcc.c ****         return HAL_ERROR;
 396:Drivers/STM32G4xx_HAL_Driver/Src/stm32g4xx_hal_rcc.c ****       }
 397:Drivers/STM32G4xx_HAL_Driver/Src/stm32g4xx_hal_rcc.c ****       /* Otherwise, just the calibration is allowed */
 398:Drivers/STM32G4xx_HAL_Driver/Src/stm32g4xx_hal_rcc.c ****       else
 399:Drivers/STM32G4xx_HAL_Driver/Src/stm32g4xx_hal_rcc.c ****       {
 400:Drivers/STM32G4xx_HAL_Driver/Src/stm32g4xx_hal_rcc.c ****         /* Adjusts the Internal High Speed oscillator (HSI) calibration value.*/
 401:Drivers/STM32G4xx_HAL_Driver/Src/stm32g4xx_hal_rcc.c ****         __HAL_RCC_HSI_CALIBRATIONVALUE_ADJUST(RCC_OscInitStruct->HSICalibrationValue);
 402:Drivers/STM32G4xx_HAL_Driver/Src/stm32g4xx_hal_rcc.c **** 
 403:Drivers/STM32G4xx_HAL_Driver/Src/stm32g4xx_hal_rcc.c ****         /* Adapt Systick interrupt period */
 404:Drivers/STM32G4xx_HAL_Driver/Src/stm32g4xx_hal_rcc.c ****         if (HAL_InitTick(uwTickPrio) != HAL_OK)
 405:Drivers/STM32G4xx_HAL_Driver/Src/stm32g4xx_hal_rcc.c ****         {
 406:Drivers/STM32G4xx_HAL_Driver/Src/stm32g4xx_hal_rcc.c ****           return HAL_ERROR;
 407:Drivers/STM32G4xx_HAL_Driver/Src/stm32g4xx_hal_rcc.c ****         }
 408:Drivers/STM32G4xx_HAL_Driver/Src/stm32g4xx_hal_rcc.c ****       }
 409:Drivers/STM32G4xx_HAL_Driver/Src/stm32g4xx_hal_rcc.c ****     }
 410:Drivers/STM32G4xx_HAL_Driver/Src/stm32g4xx_hal_rcc.c ****     else
 411:Drivers/STM32G4xx_HAL_Driver/Src/stm32g4xx_hal_rcc.c ****     {
 412:Drivers/STM32G4xx_HAL_Driver/Src/stm32g4xx_hal_rcc.c ****       /* Check the HSI State */
 413:Drivers/STM32G4xx_HAL_Driver/Src/stm32g4xx_hal_rcc.c ****       if (RCC_OscInitStruct->HSIState != RCC_HSI_OFF)
 414:Drivers/STM32G4xx_HAL_Driver/Src/stm32g4xx_hal_rcc.c ****       {
 415:Drivers/STM32G4xx_HAL_Driver/Src/stm32g4xx_hal_rcc.c ****         /* Enable the Internal High Speed oscillator (HSI). */
 416:Drivers/STM32G4xx_HAL_Driver/Src/stm32g4xx_hal_rcc.c ****         __HAL_RCC_HSI_ENABLE();
 417:Drivers/STM32G4xx_HAL_Driver/Src/stm32g4xx_hal_rcc.c **** 
 418:Drivers/STM32G4xx_HAL_Driver/Src/stm32g4xx_hal_rcc.c ****         /* Get Start Tick*/
 419:Drivers/STM32G4xx_HAL_Driver/Src/stm32g4xx_hal_rcc.c ****         tickstart = HAL_GetTick();
 420:Drivers/STM32G4xx_HAL_Driver/Src/stm32g4xx_hal_rcc.c **** 
 421:Drivers/STM32G4xx_HAL_Driver/Src/stm32g4xx_hal_rcc.c ****         /* Wait till HSI is ready */
 422:Drivers/STM32G4xx_HAL_Driver/Src/stm32g4xx_hal_rcc.c ****         while (READ_BIT(RCC->CR, RCC_CR_HSIRDY) == 0U)
 423:Drivers/STM32G4xx_HAL_Driver/Src/stm32g4xx_hal_rcc.c ****         {
 424:Drivers/STM32G4xx_HAL_Driver/Src/stm32g4xx_hal_rcc.c ****           if ((HAL_GetTick() - tickstart) > HSI_TIMEOUT_VALUE)
 425:Drivers/STM32G4xx_HAL_Driver/Src/stm32g4xx_hal_rcc.c ****           {
 426:Drivers/STM32G4xx_HAL_Driver/Src/stm32g4xx_hal_rcc.c ****             return HAL_TIMEOUT;
 427:Drivers/STM32G4xx_HAL_Driver/Src/stm32g4xx_hal_rcc.c ****           }
 428:Drivers/STM32G4xx_HAL_Driver/Src/stm32g4xx_hal_rcc.c ****         }
 429:Drivers/STM32G4xx_HAL_Driver/Src/stm32g4xx_hal_rcc.c **** 
 430:Drivers/STM32G4xx_HAL_Driver/Src/stm32g4xx_hal_rcc.c ****         /* Adjusts the Internal High Speed oscillator (HSI) calibration value.*/
ARM GAS  /tmp/ccl1Huei.s 			page 9


 431:Drivers/STM32G4xx_HAL_Driver/Src/stm32g4xx_hal_rcc.c ****         __HAL_RCC_HSI_CALIBRATIONVALUE_ADJUST(RCC_OscInitStruct->HSICalibrationValue);
 432:Drivers/STM32G4xx_HAL_Driver/Src/stm32g4xx_hal_rcc.c ****       }
 433:Drivers/STM32G4xx_HAL_Driver/Src/stm32g4xx_hal_rcc.c ****       else
 434:Drivers/STM32G4xx_HAL_Driver/Src/stm32g4xx_hal_rcc.c ****       {
 435:Drivers/STM32G4xx_HAL_Driver/Src/stm32g4xx_hal_rcc.c ****         /* Disable the Internal High Speed oscillator (HSI). */
 436:Drivers/STM32G4xx_HAL_Driver/Src/stm32g4xx_hal_rcc.c ****         __HAL_RCC_HSI_DISABLE();
 437:Drivers/STM32G4xx_HAL_Driver/Src/stm32g4xx_hal_rcc.c **** 
 438:Drivers/STM32G4xx_HAL_Driver/Src/stm32g4xx_hal_rcc.c ****         /* Get Start Tick*/
 439:Drivers/STM32G4xx_HAL_Driver/Src/stm32g4xx_hal_rcc.c ****         tickstart = HAL_GetTick();
 440:Drivers/STM32G4xx_HAL_Driver/Src/stm32g4xx_hal_rcc.c **** 
 441:Drivers/STM32G4xx_HAL_Driver/Src/stm32g4xx_hal_rcc.c ****         /* Wait till HSI is disabled */
 442:Drivers/STM32G4xx_HAL_Driver/Src/stm32g4xx_hal_rcc.c ****         while (READ_BIT(RCC->CR, RCC_CR_HSIRDY) != 0U)
 443:Drivers/STM32G4xx_HAL_Driver/Src/stm32g4xx_hal_rcc.c ****         {
 444:Drivers/STM32G4xx_HAL_Driver/Src/stm32g4xx_hal_rcc.c ****           if ((HAL_GetTick() - tickstart) > HSI_TIMEOUT_VALUE)
 445:Drivers/STM32G4xx_HAL_Driver/Src/stm32g4xx_hal_rcc.c ****           {
 446:Drivers/STM32G4xx_HAL_Driver/Src/stm32g4xx_hal_rcc.c ****             return HAL_TIMEOUT;
 447:Drivers/STM32G4xx_HAL_Driver/Src/stm32g4xx_hal_rcc.c ****           }
 448:Drivers/STM32G4xx_HAL_Driver/Src/stm32g4xx_hal_rcc.c ****         }
 449:Drivers/STM32G4xx_HAL_Driver/Src/stm32g4xx_hal_rcc.c ****       }
 450:Drivers/STM32G4xx_HAL_Driver/Src/stm32g4xx_hal_rcc.c ****     }
 451:Drivers/STM32G4xx_HAL_Driver/Src/stm32g4xx_hal_rcc.c ****   }
 452:Drivers/STM32G4xx_HAL_Driver/Src/stm32g4xx_hal_rcc.c ****   /*------------------------------ LSI Configuration -------------------------*/
 453:Drivers/STM32G4xx_HAL_Driver/Src/stm32g4xx_hal_rcc.c ****   if (((RCC_OscInitStruct->OscillatorType) & RCC_OSCILLATORTYPE_LSI) == RCC_OSCILLATORTYPE_LSI)
 454:Drivers/STM32G4xx_HAL_Driver/Src/stm32g4xx_hal_rcc.c ****   {
 455:Drivers/STM32G4xx_HAL_Driver/Src/stm32g4xx_hal_rcc.c ****     /* Check the parameters */
 456:Drivers/STM32G4xx_HAL_Driver/Src/stm32g4xx_hal_rcc.c ****     assert_param(IS_RCC_LSI(RCC_OscInitStruct->LSIState));
 457:Drivers/STM32G4xx_HAL_Driver/Src/stm32g4xx_hal_rcc.c **** 
 458:Drivers/STM32G4xx_HAL_Driver/Src/stm32g4xx_hal_rcc.c ****     /* Check the LSI State */
 459:Drivers/STM32G4xx_HAL_Driver/Src/stm32g4xx_hal_rcc.c ****     if(RCC_OscInitStruct->LSIState != RCC_LSI_OFF)
 460:Drivers/STM32G4xx_HAL_Driver/Src/stm32g4xx_hal_rcc.c ****     {
 461:Drivers/STM32G4xx_HAL_Driver/Src/stm32g4xx_hal_rcc.c ****       /* Enable the Internal Low Speed oscillator (LSI). */
 462:Drivers/STM32G4xx_HAL_Driver/Src/stm32g4xx_hal_rcc.c ****       __HAL_RCC_LSI_ENABLE();
 463:Drivers/STM32G4xx_HAL_Driver/Src/stm32g4xx_hal_rcc.c **** 
 464:Drivers/STM32G4xx_HAL_Driver/Src/stm32g4xx_hal_rcc.c ****       /* Get Start Tick*/
 465:Drivers/STM32G4xx_HAL_Driver/Src/stm32g4xx_hal_rcc.c ****       tickstart = HAL_GetTick();
 466:Drivers/STM32G4xx_HAL_Driver/Src/stm32g4xx_hal_rcc.c **** 
 467:Drivers/STM32G4xx_HAL_Driver/Src/stm32g4xx_hal_rcc.c ****       /* Wait till LSI is ready */
 468:Drivers/STM32G4xx_HAL_Driver/Src/stm32g4xx_hal_rcc.c ****       while (READ_BIT(RCC->CSR, RCC_CSR_LSIRDY) == 0U)
 469:Drivers/STM32G4xx_HAL_Driver/Src/stm32g4xx_hal_rcc.c ****       {
 470:Drivers/STM32G4xx_HAL_Driver/Src/stm32g4xx_hal_rcc.c ****         if ((HAL_GetTick() - tickstart) > LSI_TIMEOUT_VALUE)
 471:Drivers/STM32G4xx_HAL_Driver/Src/stm32g4xx_hal_rcc.c ****         {
 472:Drivers/STM32G4xx_HAL_Driver/Src/stm32g4xx_hal_rcc.c ****           return HAL_TIMEOUT;
 473:Drivers/STM32G4xx_HAL_Driver/Src/stm32g4xx_hal_rcc.c ****         }
 474:Drivers/STM32G4xx_HAL_Driver/Src/stm32g4xx_hal_rcc.c ****       }
 475:Drivers/STM32G4xx_HAL_Driver/Src/stm32g4xx_hal_rcc.c ****     }
 476:Drivers/STM32G4xx_HAL_Driver/Src/stm32g4xx_hal_rcc.c ****     else
 477:Drivers/STM32G4xx_HAL_Driver/Src/stm32g4xx_hal_rcc.c ****     {
 478:Drivers/STM32G4xx_HAL_Driver/Src/stm32g4xx_hal_rcc.c ****       /* Disable the Internal Low Speed oscillator (LSI). */
 479:Drivers/STM32G4xx_HAL_Driver/Src/stm32g4xx_hal_rcc.c ****       __HAL_RCC_LSI_DISABLE();
 480:Drivers/STM32G4xx_HAL_Driver/Src/stm32g4xx_hal_rcc.c **** 
 481:Drivers/STM32G4xx_HAL_Driver/Src/stm32g4xx_hal_rcc.c ****       /* Get Start Tick*/
 482:Drivers/STM32G4xx_HAL_Driver/Src/stm32g4xx_hal_rcc.c ****       tickstart = HAL_GetTick();
 483:Drivers/STM32G4xx_HAL_Driver/Src/stm32g4xx_hal_rcc.c **** 
 484:Drivers/STM32G4xx_HAL_Driver/Src/stm32g4xx_hal_rcc.c ****       /* Wait till LSI is disabled */
 485:Drivers/STM32G4xx_HAL_Driver/Src/stm32g4xx_hal_rcc.c ****       while(READ_BIT(RCC->CSR, RCC_CSR_LSIRDY) != 0U)
 486:Drivers/STM32G4xx_HAL_Driver/Src/stm32g4xx_hal_rcc.c ****       {
 487:Drivers/STM32G4xx_HAL_Driver/Src/stm32g4xx_hal_rcc.c ****         if((HAL_GetTick() - tickstart) > LSI_TIMEOUT_VALUE)
ARM GAS  /tmp/ccl1Huei.s 			page 10


 488:Drivers/STM32G4xx_HAL_Driver/Src/stm32g4xx_hal_rcc.c ****         {
 489:Drivers/STM32G4xx_HAL_Driver/Src/stm32g4xx_hal_rcc.c ****           return HAL_TIMEOUT;
 490:Drivers/STM32G4xx_HAL_Driver/Src/stm32g4xx_hal_rcc.c ****         }
 491:Drivers/STM32G4xx_HAL_Driver/Src/stm32g4xx_hal_rcc.c ****       }
 492:Drivers/STM32G4xx_HAL_Driver/Src/stm32g4xx_hal_rcc.c ****     }
 493:Drivers/STM32G4xx_HAL_Driver/Src/stm32g4xx_hal_rcc.c ****   }
 494:Drivers/STM32G4xx_HAL_Driver/Src/stm32g4xx_hal_rcc.c ****   /*------------------------------ LSE Configuration -------------------------*/
 495:Drivers/STM32G4xx_HAL_Driver/Src/stm32g4xx_hal_rcc.c ****   if (((RCC_OscInitStruct->OscillatorType) & RCC_OSCILLATORTYPE_LSE) == RCC_OSCILLATORTYPE_LSE)
 496:Drivers/STM32G4xx_HAL_Driver/Src/stm32g4xx_hal_rcc.c ****   {
 497:Drivers/STM32G4xx_HAL_Driver/Src/stm32g4xx_hal_rcc.c ****     FlagStatus       pwrclkchanged = RESET;
 498:Drivers/STM32G4xx_HAL_Driver/Src/stm32g4xx_hal_rcc.c **** 
 499:Drivers/STM32G4xx_HAL_Driver/Src/stm32g4xx_hal_rcc.c ****     /* Check the parameters */
 500:Drivers/STM32G4xx_HAL_Driver/Src/stm32g4xx_hal_rcc.c ****     assert_param(IS_RCC_LSE(RCC_OscInitStruct->LSEState));
 501:Drivers/STM32G4xx_HAL_Driver/Src/stm32g4xx_hal_rcc.c **** 
 502:Drivers/STM32G4xx_HAL_Driver/Src/stm32g4xx_hal_rcc.c ****     /* Update LSE configuration in Backup Domain control register    */
 503:Drivers/STM32G4xx_HAL_Driver/Src/stm32g4xx_hal_rcc.c ****     /* Requires to enable write access to Backup Domain if necessary */
 504:Drivers/STM32G4xx_HAL_Driver/Src/stm32g4xx_hal_rcc.c ****     if (__HAL_RCC_PWR_IS_CLK_DISABLED() != 0U)
 505:Drivers/STM32G4xx_HAL_Driver/Src/stm32g4xx_hal_rcc.c ****     {
 506:Drivers/STM32G4xx_HAL_Driver/Src/stm32g4xx_hal_rcc.c ****       __HAL_RCC_PWR_CLK_ENABLE();
 507:Drivers/STM32G4xx_HAL_Driver/Src/stm32g4xx_hal_rcc.c ****       pwrclkchanged = SET;
 508:Drivers/STM32G4xx_HAL_Driver/Src/stm32g4xx_hal_rcc.c ****     }
 509:Drivers/STM32G4xx_HAL_Driver/Src/stm32g4xx_hal_rcc.c **** 
 510:Drivers/STM32G4xx_HAL_Driver/Src/stm32g4xx_hal_rcc.c ****     if (HAL_IS_BIT_CLR(PWR->CR1, PWR_CR1_DBP))
 511:Drivers/STM32G4xx_HAL_Driver/Src/stm32g4xx_hal_rcc.c ****     {
 512:Drivers/STM32G4xx_HAL_Driver/Src/stm32g4xx_hal_rcc.c ****       /* Enable write access to Backup domain */
 513:Drivers/STM32G4xx_HAL_Driver/Src/stm32g4xx_hal_rcc.c ****       SET_BIT(PWR->CR1, PWR_CR1_DBP);
 514:Drivers/STM32G4xx_HAL_Driver/Src/stm32g4xx_hal_rcc.c **** 
 515:Drivers/STM32G4xx_HAL_Driver/Src/stm32g4xx_hal_rcc.c ****       /* Wait for Backup domain Write protection disable */
 516:Drivers/STM32G4xx_HAL_Driver/Src/stm32g4xx_hal_rcc.c ****       tickstart = HAL_GetTick();
 517:Drivers/STM32G4xx_HAL_Driver/Src/stm32g4xx_hal_rcc.c **** 
 518:Drivers/STM32G4xx_HAL_Driver/Src/stm32g4xx_hal_rcc.c ****       while (HAL_IS_BIT_CLR(PWR->CR1, PWR_CR1_DBP))
 519:Drivers/STM32G4xx_HAL_Driver/Src/stm32g4xx_hal_rcc.c ****       {
 520:Drivers/STM32G4xx_HAL_Driver/Src/stm32g4xx_hal_rcc.c ****         if ((HAL_GetTick() - tickstart) > RCC_DBP_TIMEOUT_VALUE)
 521:Drivers/STM32G4xx_HAL_Driver/Src/stm32g4xx_hal_rcc.c ****         {
 522:Drivers/STM32G4xx_HAL_Driver/Src/stm32g4xx_hal_rcc.c ****           return HAL_TIMEOUT;
 523:Drivers/STM32G4xx_HAL_Driver/Src/stm32g4xx_hal_rcc.c ****         }
 524:Drivers/STM32G4xx_HAL_Driver/Src/stm32g4xx_hal_rcc.c ****       }
 525:Drivers/STM32G4xx_HAL_Driver/Src/stm32g4xx_hal_rcc.c ****     }
 526:Drivers/STM32G4xx_HAL_Driver/Src/stm32g4xx_hal_rcc.c **** 
 527:Drivers/STM32G4xx_HAL_Driver/Src/stm32g4xx_hal_rcc.c ****     /* Set the new LSE configuration -----------------------------------------*/
 528:Drivers/STM32G4xx_HAL_Driver/Src/stm32g4xx_hal_rcc.c ****     __HAL_RCC_LSE_CONFIG(RCC_OscInitStruct->LSEState);
 529:Drivers/STM32G4xx_HAL_Driver/Src/stm32g4xx_hal_rcc.c **** 
 530:Drivers/STM32G4xx_HAL_Driver/Src/stm32g4xx_hal_rcc.c ****     /* Check the LSE State */
 531:Drivers/STM32G4xx_HAL_Driver/Src/stm32g4xx_hal_rcc.c ****     if (RCC_OscInitStruct->LSEState != RCC_LSE_OFF)
 532:Drivers/STM32G4xx_HAL_Driver/Src/stm32g4xx_hal_rcc.c ****     {
 533:Drivers/STM32G4xx_HAL_Driver/Src/stm32g4xx_hal_rcc.c ****       /* Get Start Tick*/
 534:Drivers/STM32G4xx_HAL_Driver/Src/stm32g4xx_hal_rcc.c ****       tickstart = HAL_GetTick();
 535:Drivers/STM32G4xx_HAL_Driver/Src/stm32g4xx_hal_rcc.c **** 
 536:Drivers/STM32G4xx_HAL_Driver/Src/stm32g4xx_hal_rcc.c ****       /* Wait till LSE is ready */
 537:Drivers/STM32G4xx_HAL_Driver/Src/stm32g4xx_hal_rcc.c ****       while (READ_BIT(RCC->BDCR, RCC_BDCR_LSERDY) == 0U)
 538:Drivers/STM32G4xx_HAL_Driver/Src/stm32g4xx_hal_rcc.c ****       {
 539:Drivers/STM32G4xx_HAL_Driver/Src/stm32g4xx_hal_rcc.c ****         if((HAL_GetTick() - tickstart) > RCC_LSE_TIMEOUT_VALUE)
 540:Drivers/STM32G4xx_HAL_Driver/Src/stm32g4xx_hal_rcc.c ****         {
 541:Drivers/STM32G4xx_HAL_Driver/Src/stm32g4xx_hal_rcc.c ****           return HAL_TIMEOUT;
 542:Drivers/STM32G4xx_HAL_Driver/Src/stm32g4xx_hal_rcc.c ****         }
 543:Drivers/STM32G4xx_HAL_Driver/Src/stm32g4xx_hal_rcc.c ****       }
 544:Drivers/STM32G4xx_HAL_Driver/Src/stm32g4xx_hal_rcc.c ****     }
ARM GAS  /tmp/ccl1Huei.s 			page 11


 545:Drivers/STM32G4xx_HAL_Driver/Src/stm32g4xx_hal_rcc.c ****     else
 546:Drivers/STM32G4xx_HAL_Driver/Src/stm32g4xx_hal_rcc.c ****     {
 547:Drivers/STM32G4xx_HAL_Driver/Src/stm32g4xx_hal_rcc.c ****       /* Get Start Tick*/
 548:Drivers/STM32G4xx_HAL_Driver/Src/stm32g4xx_hal_rcc.c ****       tickstart = HAL_GetTick();
 549:Drivers/STM32G4xx_HAL_Driver/Src/stm32g4xx_hal_rcc.c **** 
 550:Drivers/STM32G4xx_HAL_Driver/Src/stm32g4xx_hal_rcc.c ****       /* Wait till LSE is disabled */
 551:Drivers/STM32G4xx_HAL_Driver/Src/stm32g4xx_hal_rcc.c ****       while (READ_BIT(RCC->BDCR, RCC_BDCR_LSERDY) != 0U)
 552:Drivers/STM32G4xx_HAL_Driver/Src/stm32g4xx_hal_rcc.c ****       {
 553:Drivers/STM32G4xx_HAL_Driver/Src/stm32g4xx_hal_rcc.c ****         if((HAL_GetTick() - tickstart) > RCC_LSE_TIMEOUT_VALUE)
 554:Drivers/STM32G4xx_HAL_Driver/Src/stm32g4xx_hal_rcc.c ****         {
 555:Drivers/STM32G4xx_HAL_Driver/Src/stm32g4xx_hal_rcc.c ****           return HAL_TIMEOUT;
 556:Drivers/STM32G4xx_HAL_Driver/Src/stm32g4xx_hal_rcc.c ****         }
 557:Drivers/STM32G4xx_HAL_Driver/Src/stm32g4xx_hal_rcc.c ****       }
 558:Drivers/STM32G4xx_HAL_Driver/Src/stm32g4xx_hal_rcc.c ****     }
 559:Drivers/STM32G4xx_HAL_Driver/Src/stm32g4xx_hal_rcc.c **** 
 560:Drivers/STM32G4xx_HAL_Driver/Src/stm32g4xx_hal_rcc.c ****     /* Restore clock configuration if changed */
 561:Drivers/STM32G4xx_HAL_Driver/Src/stm32g4xx_hal_rcc.c ****     if (pwrclkchanged == SET)
 562:Drivers/STM32G4xx_HAL_Driver/Src/stm32g4xx_hal_rcc.c ****     {
 563:Drivers/STM32G4xx_HAL_Driver/Src/stm32g4xx_hal_rcc.c ****       __HAL_RCC_PWR_CLK_DISABLE();
 564:Drivers/STM32G4xx_HAL_Driver/Src/stm32g4xx_hal_rcc.c ****     }
 565:Drivers/STM32G4xx_HAL_Driver/Src/stm32g4xx_hal_rcc.c ****   }
 566:Drivers/STM32G4xx_HAL_Driver/Src/stm32g4xx_hal_rcc.c **** 
 567:Drivers/STM32G4xx_HAL_Driver/Src/stm32g4xx_hal_rcc.c ****   /*------------------------------ HSI48 Configuration -----------------------*/
 568:Drivers/STM32G4xx_HAL_Driver/Src/stm32g4xx_hal_rcc.c ****   if(((RCC_OscInitStruct->OscillatorType) & RCC_OSCILLATORTYPE_HSI48) == RCC_OSCILLATORTYPE_HSI48)
 569:Drivers/STM32G4xx_HAL_Driver/Src/stm32g4xx_hal_rcc.c ****   {
 570:Drivers/STM32G4xx_HAL_Driver/Src/stm32g4xx_hal_rcc.c ****     /* Check the parameters */
 571:Drivers/STM32G4xx_HAL_Driver/Src/stm32g4xx_hal_rcc.c ****     assert_param(IS_RCC_HSI48(RCC_OscInitStruct->HSI48State));
 572:Drivers/STM32G4xx_HAL_Driver/Src/stm32g4xx_hal_rcc.c **** 
 573:Drivers/STM32G4xx_HAL_Driver/Src/stm32g4xx_hal_rcc.c ****     /* Check the HSI48 State */
 574:Drivers/STM32G4xx_HAL_Driver/Src/stm32g4xx_hal_rcc.c ****     if(RCC_OscInitStruct->HSI48State != RCC_HSI48_OFF)
 575:Drivers/STM32G4xx_HAL_Driver/Src/stm32g4xx_hal_rcc.c ****     {
 576:Drivers/STM32G4xx_HAL_Driver/Src/stm32g4xx_hal_rcc.c ****       /* Enable the Internal Low Speed oscillator (HSI48). */
 577:Drivers/STM32G4xx_HAL_Driver/Src/stm32g4xx_hal_rcc.c ****       __HAL_RCC_HSI48_ENABLE();
 578:Drivers/STM32G4xx_HAL_Driver/Src/stm32g4xx_hal_rcc.c **** 
 579:Drivers/STM32G4xx_HAL_Driver/Src/stm32g4xx_hal_rcc.c ****       /* Get Start Tick*/
 580:Drivers/STM32G4xx_HAL_Driver/Src/stm32g4xx_hal_rcc.c ****       tickstart = HAL_GetTick();
 581:Drivers/STM32G4xx_HAL_Driver/Src/stm32g4xx_hal_rcc.c **** 
 582:Drivers/STM32G4xx_HAL_Driver/Src/stm32g4xx_hal_rcc.c ****       /* Wait till HSI48 is ready */
 583:Drivers/STM32G4xx_HAL_Driver/Src/stm32g4xx_hal_rcc.c ****       while(READ_BIT(RCC->CRRCR, RCC_CRRCR_HSI48RDY) == 0U)
 584:Drivers/STM32G4xx_HAL_Driver/Src/stm32g4xx_hal_rcc.c ****       {
 585:Drivers/STM32G4xx_HAL_Driver/Src/stm32g4xx_hal_rcc.c ****         if((HAL_GetTick() - tickstart) > HSI48_TIMEOUT_VALUE)
 586:Drivers/STM32G4xx_HAL_Driver/Src/stm32g4xx_hal_rcc.c ****         {
 587:Drivers/STM32G4xx_HAL_Driver/Src/stm32g4xx_hal_rcc.c ****           return HAL_TIMEOUT;
 588:Drivers/STM32G4xx_HAL_Driver/Src/stm32g4xx_hal_rcc.c ****         }
 589:Drivers/STM32G4xx_HAL_Driver/Src/stm32g4xx_hal_rcc.c ****       }
 590:Drivers/STM32G4xx_HAL_Driver/Src/stm32g4xx_hal_rcc.c ****     }
 591:Drivers/STM32G4xx_HAL_Driver/Src/stm32g4xx_hal_rcc.c ****     else
 592:Drivers/STM32G4xx_HAL_Driver/Src/stm32g4xx_hal_rcc.c ****     {
 593:Drivers/STM32G4xx_HAL_Driver/Src/stm32g4xx_hal_rcc.c ****       /* Disable the Internal Low Speed oscillator (HSI48). */
 594:Drivers/STM32G4xx_HAL_Driver/Src/stm32g4xx_hal_rcc.c ****       __HAL_RCC_HSI48_DISABLE();
 595:Drivers/STM32G4xx_HAL_Driver/Src/stm32g4xx_hal_rcc.c **** 
 596:Drivers/STM32G4xx_HAL_Driver/Src/stm32g4xx_hal_rcc.c ****       /* Get Start Tick*/
 597:Drivers/STM32G4xx_HAL_Driver/Src/stm32g4xx_hal_rcc.c ****       tickstart = HAL_GetTick();
 598:Drivers/STM32G4xx_HAL_Driver/Src/stm32g4xx_hal_rcc.c **** 
 599:Drivers/STM32G4xx_HAL_Driver/Src/stm32g4xx_hal_rcc.c ****       /* Wait till HSI48 is disabled */
 600:Drivers/STM32G4xx_HAL_Driver/Src/stm32g4xx_hal_rcc.c ****       while(READ_BIT(RCC->CRRCR, RCC_CRRCR_HSI48RDY) != 0U)
 601:Drivers/STM32G4xx_HAL_Driver/Src/stm32g4xx_hal_rcc.c ****       {
ARM GAS  /tmp/ccl1Huei.s 			page 12


 602:Drivers/STM32G4xx_HAL_Driver/Src/stm32g4xx_hal_rcc.c ****         if((HAL_GetTick() - tickstart) > HSI48_TIMEOUT_VALUE)
 603:Drivers/STM32G4xx_HAL_Driver/Src/stm32g4xx_hal_rcc.c ****         {
 604:Drivers/STM32G4xx_HAL_Driver/Src/stm32g4xx_hal_rcc.c ****           return HAL_TIMEOUT;
 605:Drivers/STM32G4xx_HAL_Driver/Src/stm32g4xx_hal_rcc.c ****         }
 606:Drivers/STM32G4xx_HAL_Driver/Src/stm32g4xx_hal_rcc.c ****       }
 607:Drivers/STM32G4xx_HAL_Driver/Src/stm32g4xx_hal_rcc.c ****     }
 608:Drivers/STM32G4xx_HAL_Driver/Src/stm32g4xx_hal_rcc.c ****   }
 609:Drivers/STM32G4xx_HAL_Driver/Src/stm32g4xx_hal_rcc.c **** 
 610:Drivers/STM32G4xx_HAL_Driver/Src/stm32g4xx_hal_rcc.c ****   /*-------------------------------- PLL Configuration -----------------------*/
 611:Drivers/STM32G4xx_HAL_Driver/Src/stm32g4xx_hal_rcc.c ****   /* Check the parameters */
 612:Drivers/STM32G4xx_HAL_Driver/Src/stm32g4xx_hal_rcc.c ****   assert_param(IS_RCC_PLL(RCC_OscInitStruct->PLL.PLLState));
 613:Drivers/STM32G4xx_HAL_Driver/Src/stm32g4xx_hal_rcc.c **** 
 614:Drivers/STM32G4xx_HAL_Driver/Src/stm32g4xx_hal_rcc.c ****   if (RCC_OscInitStruct->PLL.PLLState != RCC_PLL_NONE)
 615:Drivers/STM32G4xx_HAL_Driver/Src/stm32g4xx_hal_rcc.c ****   {
 616:Drivers/STM32G4xx_HAL_Driver/Src/stm32g4xx_hal_rcc.c ****     /* Check if the PLL is used as system clock or not */
 617:Drivers/STM32G4xx_HAL_Driver/Src/stm32g4xx_hal_rcc.c ****     if (__HAL_RCC_GET_SYSCLK_SOURCE() != RCC_CFGR_SWS_PLL)
 618:Drivers/STM32G4xx_HAL_Driver/Src/stm32g4xx_hal_rcc.c ****     {
 619:Drivers/STM32G4xx_HAL_Driver/Src/stm32g4xx_hal_rcc.c ****       if (RCC_OscInitStruct->PLL.PLLState == RCC_PLL_ON)
 620:Drivers/STM32G4xx_HAL_Driver/Src/stm32g4xx_hal_rcc.c ****       {
 621:Drivers/STM32G4xx_HAL_Driver/Src/stm32g4xx_hal_rcc.c ****         /* Check the parameters */
 622:Drivers/STM32G4xx_HAL_Driver/Src/stm32g4xx_hal_rcc.c ****         assert_param(IS_RCC_PLLSOURCE(RCC_OscInitStruct->PLL.PLLSource));
 623:Drivers/STM32G4xx_HAL_Driver/Src/stm32g4xx_hal_rcc.c ****         assert_param(IS_RCC_PLLM_VALUE(RCC_OscInitStruct->PLL.PLLM));
 624:Drivers/STM32G4xx_HAL_Driver/Src/stm32g4xx_hal_rcc.c ****         assert_param(IS_RCC_PLLN_VALUE(RCC_OscInitStruct->PLL.PLLN));
 625:Drivers/STM32G4xx_HAL_Driver/Src/stm32g4xx_hal_rcc.c ****         assert_param(IS_RCC_PLLP_VALUE(RCC_OscInitStruct->PLL.PLLP));
 626:Drivers/STM32G4xx_HAL_Driver/Src/stm32g4xx_hal_rcc.c ****         assert_param(IS_RCC_PLLQ_VALUE(RCC_OscInitStruct->PLL.PLLQ));
 627:Drivers/STM32G4xx_HAL_Driver/Src/stm32g4xx_hal_rcc.c ****         assert_param(IS_RCC_PLLR_VALUE(RCC_OscInitStruct->PLL.PLLR));
 628:Drivers/STM32G4xx_HAL_Driver/Src/stm32g4xx_hal_rcc.c **** 
 629:Drivers/STM32G4xx_HAL_Driver/Src/stm32g4xx_hal_rcc.c ****         /* Disable the main PLL. */
 630:Drivers/STM32G4xx_HAL_Driver/Src/stm32g4xx_hal_rcc.c ****         __HAL_RCC_PLL_DISABLE();
 631:Drivers/STM32G4xx_HAL_Driver/Src/stm32g4xx_hal_rcc.c **** 
 632:Drivers/STM32G4xx_HAL_Driver/Src/stm32g4xx_hal_rcc.c ****         /* Get Start Tick*/
 633:Drivers/STM32G4xx_HAL_Driver/Src/stm32g4xx_hal_rcc.c ****         tickstart = HAL_GetTick();
 634:Drivers/STM32G4xx_HAL_Driver/Src/stm32g4xx_hal_rcc.c **** 
 635:Drivers/STM32G4xx_HAL_Driver/Src/stm32g4xx_hal_rcc.c ****         /* Wait till PLL is disabled */
 636:Drivers/STM32G4xx_HAL_Driver/Src/stm32g4xx_hal_rcc.c ****         while (READ_BIT(RCC->CR, RCC_CR_PLLRDY) != 0U)
 637:Drivers/STM32G4xx_HAL_Driver/Src/stm32g4xx_hal_rcc.c ****         {
 638:Drivers/STM32G4xx_HAL_Driver/Src/stm32g4xx_hal_rcc.c ****           if ((HAL_GetTick() - tickstart) > PLL_TIMEOUT_VALUE)
 639:Drivers/STM32G4xx_HAL_Driver/Src/stm32g4xx_hal_rcc.c ****           {
 640:Drivers/STM32G4xx_HAL_Driver/Src/stm32g4xx_hal_rcc.c ****             return HAL_TIMEOUT;
 641:Drivers/STM32G4xx_HAL_Driver/Src/stm32g4xx_hal_rcc.c ****           }
 642:Drivers/STM32G4xx_HAL_Driver/Src/stm32g4xx_hal_rcc.c ****         }
 643:Drivers/STM32G4xx_HAL_Driver/Src/stm32g4xx_hal_rcc.c **** 
 644:Drivers/STM32G4xx_HAL_Driver/Src/stm32g4xx_hal_rcc.c ****         /* Configure the main PLL clock source, multiplication and division factors. */
 645:Drivers/STM32G4xx_HAL_Driver/Src/stm32g4xx_hal_rcc.c ****         __HAL_RCC_PLL_CONFIG(RCC_OscInitStruct->PLL.PLLSource,
 646:Drivers/STM32G4xx_HAL_Driver/Src/stm32g4xx_hal_rcc.c ****                              RCC_OscInitStruct->PLL.PLLM,
 647:Drivers/STM32G4xx_HAL_Driver/Src/stm32g4xx_hal_rcc.c ****                              RCC_OscInitStruct->PLL.PLLN,
 648:Drivers/STM32G4xx_HAL_Driver/Src/stm32g4xx_hal_rcc.c ****                              RCC_OscInitStruct->PLL.PLLP,
 649:Drivers/STM32G4xx_HAL_Driver/Src/stm32g4xx_hal_rcc.c ****                              RCC_OscInitStruct->PLL.PLLQ,
 650:Drivers/STM32G4xx_HAL_Driver/Src/stm32g4xx_hal_rcc.c ****                              RCC_OscInitStruct->PLL.PLLR);
 651:Drivers/STM32G4xx_HAL_Driver/Src/stm32g4xx_hal_rcc.c **** 
 652:Drivers/STM32G4xx_HAL_Driver/Src/stm32g4xx_hal_rcc.c ****         /* Enable the main PLL. */
 653:Drivers/STM32G4xx_HAL_Driver/Src/stm32g4xx_hal_rcc.c ****         __HAL_RCC_PLL_ENABLE();
 654:Drivers/STM32G4xx_HAL_Driver/Src/stm32g4xx_hal_rcc.c **** 
 655:Drivers/STM32G4xx_HAL_Driver/Src/stm32g4xx_hal_rcc.c ****         /* Enable PLL System Clock output. */
 656:Drivers/STM32G4xx_HAL_Driver/Src/stm32g4xx_hal_rcc.c ****          __HAL_RCC_PLLCLKOUT_ENABLE(RCC_PLL_SYSCLK);
 657:Drivers/STM32G4xx_HAL_Driver/Src/stm32g4xx_hal_rcc.c **** 
 658:Drivers/STM32G4xx_HAL_Driver/Src/stm32g4xx_hal_rcc.c ****         /* Get Start Tick*/
ARM GAS  /tmp/ccl1Huei.s 			page 13


 659:Drivers/STM32G4xx_HAL_Driver/Src/stm32g4xx_hal_rcc.c ****         tickstart = HAL_GetTick();
 660:Drivers/STM32G4xx_HAL_Driver/Src/stm32g4xx_hal_rcc.c **** 
 661:Drivers/STM32G4xx_HAL_Driver/Src/stm32g4xx_hal_rcc.c ****         /* Wait till PLL is ready */
 662:Drivers/STM32G4xx_HAL_Driver/Src/stm32g4xx_hal_rcc.c ****         while (READ_BIT(RCC->CR, RCC_CR_PLLRDY) == 0U)
 663:Drivers/STM32G4xx_HAL_Driver/Src/stm32g4xx_hal_rcc.c ****         {
 664:Drivers/STM32G4xx_HAL_Driver/Src/stm32g4xx_hal_rcc.c ****           if ((HAL_GetTick() - tickstart) > PLL_TIMEOUT_VALUE)
 665:Drivers/STM32G4xx_HAL_Driver/Src/stm32g4xx_hal_rcc.c ****           {
 666:Drivers/STM32G4xx_HAL_Driver/Src/stm32g4xx_hal_rcc.c ****             return HAL_TIMEOUT;
 667:Drivers/STM32G4xx_HAL_Driver/Src/stm32g4xx_hal_rcc.c ****           }
 668:Drivers/STM32G4xx_HAL_Driver/Src/stm32g4xx_hal_rcc.c ****         }
 669:Drivers/STM32G4xx_HAL_Driver/Src/stm32g4xx_hal_rcc.c ****       }
 670:Drivers/STM32G4xx_HAL_Driver/Src/stm32g4xx_hal_rcc.c ****       else
 671:Drivers/STM32G4xx_HAL_Driver/Src/stm32g4xx_hal_rcc.c ****       {
 672:Drivers/STM32G4xx_HAL_Driver/Src/stm32g4xx_hal_rcc.c ****         /* Disable the main PLL. */
 673:Drivers/STM32G4xx_HAL_Driver/Src/stm32g4xx_hal_rcc.c ****         __HAL_RCC_PLL_DISABLE();
 674:Drivers/STM32G4xx_HAL_Driver/Src/stm32g4xx_hal_rcc.c **** 
 675:Drivers/STM32G4xx_HAL_Driver/Src/stm32g4xx_hal_rcc.c ****         /* Get Start Tick*/
 676:Drivers/STM32G4xx_HAL_Driver/Src/stm32g4xx_hal_rcc.c ****         tickstart = HAL_GetTick();
 677:Drivers/STM32G4xx_HAL_Driver/Src/stm32g4xx_hal_rcc.c **** 
 678:Drivers/STM32G4xx_HAL_Driver/Src/stm32g4xx_hal_rcc.c ****         /* Wait till PLL is disabled */
 679:Drivers/STM32G4xx_HAL_Driver/Src/stm32g4xx_hal_rcc.c ****         while (READ_BIT(RCC->CR, RCC_CR_PLLRDY) != 0U)
 680:Drivers/STM32G4xx_HAL_Driver/Src/stm32g4xx_hal_rcc.c ****         {
 681:Drivers/STM32G4xx_HAL_Driver/Src/stm32g4xx_hal_rcc.c ****           if ((HAL_GetTick() - tickstart) > PLL_TIMEOUT_VALUE)
 682:Drivers/STM32G4xx_HAL_Driver/Src/stm32g4xx_hal_rcc.c ****           {
 683:Drivers/STM32G4xx_HAL_Driver/Src/stm32g4xx_hal_rcc.c ****             return HAL_TIMEOUT;
 684:Drivers/STM32G4xx_HAL_Driver/Src/stm32g4xx_hal_rcc.c ****           }
 685:Drivers/STM32G4xx_HAL_Driver/Src/stm32g4xx_hal_rcc.c ****         }
 686:Drivers/STM32G4xx_HAL_Driver/Src/stm32g4xx_hal_rcc.c **** 
 687:Drivers/STM32G4xx_HAL_Driver/Src/stm32g4xx_hal_rcc.c ****         /* Unselect PLL clock source and disable outputs to save power */
 688:Drivers/STM32G4xx_HAL_Driver/Src/stm32g4xx_hal_rcc.c ****         RCC->PLLCFGR &= ~(RCC_PLLCFGR_PLLSRC | RCC_PLL_SYSCLK | RCC_PLL_48M1CLK | RCC_PLL_ADCCLK);
 689:Drivers/STM32G4xx_HAL_Driver/Src/stm32g4xx_hal_rcc.c ****       }
 690:Drivers/STM32G4xx_HAL_Driver/Src/stm32g4xx_hal_rcc.c ****     }
 691:Drivers/STM32G4xx_HAL_Driver/Src/stm32g4xx_hal_rcc.c ****     else
 692:Drivers/STM32G4xx_HAL_Driver/Src/stm32g4xx_hal_rcc.c ****     {
 693:Drivers/STM32G4xx_HAL_Driver/Src/stm32g4xx_hal_rcc.c ****       /* Check if there is a request to disable the PLL used as System clock source */
 694:Drivers/STM32G4xx_HAL_Driver/Src/stm32g4xx_hal_rcc.c ****       if((RCC_OscInitStruct->PLL.PLLState) == RCC_PLL_OFF)
 695:Drivers/STM32G4xx_HAL_Driver/Src/stm32g4xx_hal_rcc.c ****       {
 696:Drivers/STM32G4xx_HAL_Driver/Src/stm32g4xx_hal_rcc.c ****         return HAL_ERROR;
 697:Drivers/STM32G4xx_HAL_Driver/Src/stm32g4xx_hal_rcc.c ****       }
 698:Drivers/STM32G4xx_HAL_Driver/Src/stm32g4xx_hal_rcc.c ****       else
 699:Drivers/STM32G4xx_HAL_Driver/Src/stm32g4xx_hal_rcc.c ****       {
 700:Drivers/STM32G4xx_HAL_Driver/Src/stm32g4xx_hal_rcc.c ****       /* Do not return HAL_ERROR if request repeats the current configuration */
 701:Drivers/STM32G4xx_HAL_Driver/Src/stm32g4xx_hal_rcc.c ****       temp_pllckcfg = RCC->PLLCFGR;
 702:Drivers/STM32G4xx_HAL_Driver/Src/stm32g4xx_hal_rcc.c ****       if((READ_BIT(temp_pllckcfg, RCC_PLLCFGR_PLLSRC) != RCC_OscInitStruct->PLL.PLLSource) ||
 703:Drivers/STM32G4xx_HAL_Driver/Src/stm32g4xx_hal_rcc.c ****          (READ_BIT(temp_pllckcfg, RCC_PLLCFGR_PLLM) != (((RCC_OscInitStruct->PLL.PLLM) - 1U) << RCC
 704:Drivers/STM32G4xx_HAL_Driver/Src/stm32g4xx_hal_rcc.c ****          (READ_BIT(temp_pllckcfg, RCC_PLLCFGR_PLLN) != ((RCC_OscInitStruct->PLL.PLLN) << RCC_PLLCFG
 705:Drivers/STM32G4xx_HAL_Driver/Src/stm32g4xx_hal_rcc.c ****          (READ_BIT(temp_pllckcfg, RCC_PLLCFGR_PLLPDIV) != ((RCC_OscInitStruct->PLL.PLLP) << RCC_PLL
 706:Drivers/STM32G4xx_HAL_Driver/Src/stm32g4xx_hal_rcc.c ****          (READ_BIT(temp_pllckcfg, RCC_PLLCFGR_PLLQ) != ((((RCC_OscInitStruct->PLL.PLLQ) >> 1U) - 1U
 707:Drivers/STM32G4xx_HAL_Driver/Src/stm32g4xx_hal_rcc.c ****          (READ_BIT(temp_pllckcfg, RCC_PLLCFGR_PLLR) != ((((RCC_OscInitStruct->PLL.PLLR) >> 1U) - 1U
 708:Drivers/STM32G4xx_HAL_Driver/Src/stm32g4xx_hal_rcc.c ****       {
 709:Drivers/STM32G4xx_HAL_Driver/Src/stm32g4xx_hal_rcc.c ****         return HAL_ERROR;
 710:Drivers/STM32G4xx_HAL_Driver/Src/stm32g4xx_hal_rcc.c ****       }
 711:Drivers/STM32G4xx_HAL_Driver/Src/stm32g4xx_hal_rcc.c ****     }
 712:Drivers/STM32G4xx_HAL_Driver/Src/stm32g4xx_hal_rcc.c ****   }
 713:Drivers/STM32G4xx_HAL_Driver/Src/stm32g4xx_hal_rcc.c ****   }
 714:Drivers/STM32G4xx_HAL_Driver/Src/stm32g4xx_hal_rcc.c **** 
 715:Drivers/STM32G4xx_HAL_Driver/Src/stm32g4xx_hal_rcc.c ****   return HAL_OK;
ARM GAS  /tmp/ccl1Huei.s 			page 14


 716:Drivers/STM32G4xx_HAL_Driver/Src/stm32g4xx_hal_rcc.c **** }
 717:Drivers/STM32G4xx_HAL_Driver/Src/stm32g4xx_hal_rcc.c **** 
 718:Drivers/STM32G4xx_HAL_Driver/Src/stm32g4xx_hal_rcc.c **** /**
 719:Drivers/STM32G4xx_HAL_Driver/Src/stm32g4xx_hal_rcc.c ****   * @brief  Initialize the CPU, AHB and APB buses clocks according to the specified
 720:Drivers/STM32G4xx_HAL_Driver/Src/stm32g4xx_hal_rcc.c ****   *         parameters in the RCC_ClkInitStruct.
 721:Drivers/STM32G4xx_HAL_Driver/Src/stm32g4xx_hal_rcc.c ****   * @param  RCC_ClkInitStruct  pointer to an RCC_OscInitTypeDef structure that
 722:Drivers/STM32G4xx_HAL_Driver/Src/stm32g4xx_hal_rcc.c ****   *         contains the configuration information for the RCC peripheral.
 723:Drivers/STM32G4xx_HAL_Driver/Src/stm32g4xx_hal_rcc.c ****   * @param  FLatency  FLASH Latency
 724:Drivers/STM32G4xx_HAL_Driver/Src/stm32g4xx_hal_rcc.c ****   *          This parameter can be one of the following values:
 725:Drivers/STM32G4xx_HAL_Driver/Src/stm32g4xx_hal_rcc.c ****   *            @arg FLASH_LATENCY_0   FLASH 0 Latency cycle
 726:Drivers/STM32G4xx_HAL_Driver/Src/stm32g4xx_hal_rcc.c ****   *            @arg FLASH_LATENCY_1   FLASH 1 Latency cycle
 727:Drivers/STM32G4xx_HAL_Driver/Src/stm32g4xx_hal_rcc.c ****   *            @arg FLASH_LATENCY_2   FLASH 2 Latency cycles
 728:Drivers/STM32G4xx_HAL_Driver/Src/stm32g4xx_hal_rcc.c ****   *            @arg FLASH_LATENCY_3   FLASH 3 Latency cycles
 729:Drivers/STM32G4xx_HAL_Driver/Src/stm32g4xx_hal_rcc.c ****   *            @arg FLASH_LATENCY_4   FLASH 4 Latency cycles
 730:Drivers/STM32G4xx_HAL_Driver/Src/stm32g4xx_hal_rcc.c ****   *            @arg FLASH_LATENCY_5   FLASH 5 Latency cycles
 731:Drivers/STM32G4xx_HAL_Driver/Src/stm32g4xx_hal_rcc.c ****   *            @arg FLASH_LATENCY_6   FLASH 6 Latency cycles
 732:Drivers/STM32G4xx_HAL_Driver/Src/stm32g4xx_hal_rcc.c ****   *            @arg FLASH_LATENCY_7   FLASH 7 Latency cycles
 733:Drivers/STM32G4xx_HAL_Driver/Src/stm32g4xx_hal_rcc.c ****   *            @arg FLASH_LATENCY_8   FLASH 8 Latency cycles
 734:Drivers/STM32G4xx_HAL_Driver/Src/stm32g4xx_hal_rcc.c ****   *            @arg FLASH_LATENCY_9   FLASH 9 Latency cycles
 735:Drivers/STM32G4xx_HAL_Driver/Src/stm32g4xx_hal_rcc.c ****   *            @arg FLASH_LATENCY_10  FLASH 10 Latency cycles
 736:Drivers/STM32G4xx_HAL_Driver/Src/stm32g4xx_hal_rcc.c ****   *            @arg FLASH_LATENCY_11  FLASH 11 Latency cycles
 737:Drivers/STM32G4xx_HAL_Driver/Src/stm32g4xx_hal_rcc.c ****   *            @arg FLASH_LATENCY_12  FLASH 12 Latency cycles
 738:Drivers/STM32G4xx_HAL_Driver/Src/stm32g4xx_hal_rcc.c ****   *            @arg FLASH_LATENCY_13  FLASH 13 Latency cycles
 739:Drivers/STM32G4xx_HAL_Driver/Src/stm32g4xx_hal_rcc.c ****   *            @arg FLASH_LATENCY_14  FLASH 14 Latency cycles
 740:Drivers/STM32G4xx_HAL_Driver/Src/stm32g4xx_hal_rcc.c ****   *            @arg FLASH_LATENCY_15  FLASH 15 Latency cycles
 741:Drivers/STM32G4xx_HAL_Driver/Src/stm32g4xx_hal_rcc.c ****   *
 742:Drivers/STM32G4xx_HAL_Driver/Src/stm32g4xx_hal_rcc.c ****   * @note   The SystemCoreClock CMSIS variable is used to store System Clock Frequency
 743:Drivers/STM32G4xx_HAL_Driver/Src/stm32g4xx_hal_rcc.c ****   *         and updated by HAL_RCC_GetHCLKFreq() function called within this function
 744:Drivers/STM32G4xx_HAL_Driver/Src/stm32g4xx_hal_rcc.c ****   *
 745:Drivers/STM32G4xx_HAL_Driver/Src/stm32g4xx_hal_rcc.c ****   * @note   The HSI is used by default as system clock source after
 746:Drivers/STM32G4xx_HAL_Driver/Src/stm32g4xx_hal_rcc.c ****   *         startup from Reset, wake-up from STANDBY mode. After restart from Reset,
 747:Drivers/STM32G4xx_HAL_Driver/Src/stm32g4xx_hal_rcc.c ****   *         the HSI frequency is set to its default value 16 MHz.
 748:Drivers/STM32G4xx_HAL_Driver/Src/stm32g4xx_hal_rcc.c ****   *
 749:Drivers/STM32G4xx_HAL_Driver/Src/stm32g4xx_hal_rcc.c ****   * @note   The HSI can be selected as system clock source after
 750:Drivers/STM32G4xx_HAL_Driver/Src/stm32g4xx_hal_rcc.c ****   *         from STOP modes or in case of failure of the HSE used directly or indirectly
 751:Drivers/STM32G4xx_HAL_Driver/Src/stm32g4xx_hal_rcc.c ****   *         as system clock (if the Clock Security System CSS is enabled).
 752:Drivers/STM32G4xx_HAL_Driver/Src/stm32g4xx_hal_rcc.c ****   *
 753:Drivers/STM32G4xx_HAL_Driver/Src/stm32g4xx_hal_rcc.c ****   * @note   A switch from one clock source to another occurs only if the target
 754:Drivers/STM32G4xx_HAL_Driver/Src/stm32g4xx_hal_rcc.c ****   *         clock source is ready (clock stable after startup delay or PLL locked).
 755:Drivers/STM32G4xx_HAL_Driver/Src/stm32g4xx_hal_rcc.c ****   *         If a clock source which is not yet ready is selected, the switch will
 756:Drivers/STM32G4xx_HAL_Driver/Src/stm32g4xx_hal_rcc.c ****   *         occur when the clock source is ready.
 757:Drivers/STM32G4xx_HAL_Driver/Src/stm32g4xx_hal_rcc.c ****   *
 758:Drivers/STM32G4xx_HAL_Driver/Src/stm32g4xx_hal_rcc.c ****   * @note   You can use HAL_RCC_GetClockConfig() function to know which clock is
 759:Drivers/STM32G4xx_HAL_Driver/Src/stm32g4xx_hal_rcc.c ****   *         currently used as system clock source.
 760:Drivers/STM32G4xx_HAL_Driver/Src/stm32g4xx_hal_rcc.c ****   *
 761:Drivers/STM32G4xx_HAL_Driver/Src/stm32g4xx_hal_rcc.c ****   * @note   Depending on the device voltage range, the software has to set correctly
 762:Drivers/STM32G4xx_HAL_Driver/Src/stm32g4xx_hal_rcc.c ****   *         HPRE[3:0] bits to ensure that HCLK not exceed the maximum allowed frequency
 763:Drivers/STM32G4xx_HAL_Driver/Src/stm32g4xx_hal_rcc.c ****   *         (for more details refer to section above "Initialization/de-initialization functions")
 764:Drivers/STM32G4xx_HAL_Driver/Src/stm32g4xx_hal_rcc.c ****   * @retval None
 765:Drivers/STM32G4xx_HAL_Driver/Src/stm32g4xx_hal_rcc.c ****   */
 766:Drivers/STM32G4xx_HAL_Driver/Src/stm32g4xx_hal_rcc.c **** HAL_StatusTypeDef HAL_RCC_ClockConfig(const RCC_ClkInitTypeDef  *RCC_ClkInitStruct, uint32_t FLaten
 767:Drivers/STM32G4xx_HAL_Driver/Src/stm32g4xx_hal_rcc.c **** {
 768:Drivers/STM32G4xx_HAL_Driver/Src/stm32g4xx_hal_rcc.c ****   uint32_t tickstart;
 769:Drivers/STM32G4xx_HAL_Driver/Src/stm32g4xx_hal_rcc.c ****   uint32_t pllfreq;
 770:Drivers/STM32G4xx_HAL_Driver/Src/stm32g4xx_hal_rcc.c ****   uint32_t hpre = RCC_SYSCLK_DIV1;
 771:Drivers/STM32G4xx_HAL_Driver/Src/stm32g4xx_hal_rcc.c **** 
 772:Drivers/STM32G4xx_HAL_Driver/Src/stm32g4xx_hal_rcc.c ****   /* Check Null pointer */
ARM GAS  /tmp/ccl1Huei.s 			page 15


 773:Drivers/STM32G4xx_HAL_Driver/Src/stm32g4xx_hal_rcc.c ****   if (RCC_ClkInitStruct == NULL)
 774:Drivers/STM32G4xx_HAL_Driver/Src/stm32g4xx_hal_rcc.c ****   {
 775:Drivers/STM32G4xx_HAL_Driver/Src/stm32g4xx_hal_rcc.c ****     return HAL_ERROR;
 776:Drivers/STM32G4xx_HAL_Driver/Src/stm32g4xx_hal_rcc.c ****   }
 777:Drivers/STM32G4xx_HAL_Driver/Src/stm32g4xx_hal_rcc.c **** 
 778:Drivers/STM32G4xx_HAL_Driver/Src/stm32g4xx_hal_rcc.c ****   /* Check the parameters */
 779:Drivers/STM32G4xx_HAL_Driver/Src/stm32g4xx_hal_rcc.c ****   assert_param(IS_RCC_CLOCKTYPE(RCC_ClkInitStruct->ClockType));
 780:Drivers/STM32G4xx_HAL_Driver/Src/stm32g4xx_hal_rcc.c ****   assert_param(IS_FLASH_LATENCY(FLatency));
 781:Drivers/STM32G4xx_HAL_Driver/Src/stm32g4xx_hal_rcc.c **** 
 782:Drivers/STM32G4xx_HAL_Driver/Src/stm32g4xx_hal_rcc.c ****   /* To correctly read data from FLASH memory, the number of wait states (LATENCY)
 783:Drivers/STM32G4xx_HAL_Driver/Src/stm32g4xx_hal_rcc.c ****     must be correctly programmed according to the frequency of the CPU clock
 784:Drivers/STM32G4xx_HAL_Driver/Src/stm32g4xx_hal_rcc.c ****     (HCLK) and the supply voltage of the device. */
 785:Drivers/STM32G4xx_HAL_Driver/Src/stm32g4xx_hal_rcc.c **** 
 786:Drivers/STM32G4xx_HAL_Driver/Src/stm32g4xx_hal_rcc.c ****   /* Increasing the number of wait states because of higher CPU frequency */
 787:Drivers/STM32G4xx_HAL_Driver/Src/stm32g4xx_hal_rcc.c ****   if (FLatency > __HAL_FLASH_GET_LATENCY())
 788:Drivers/STM32G4xx_HAL_Driver/Src/stm32g4xx_hal_rcc.c ****   {
 789:Drivers/STM32G4xx_HAL_Driver/Src/stm32g4xx_hal_rcc.c ****     /* Program the new number of wait states to the LATENCY bits in the FLASH_ACR register */
 790:Drivers/STM32G4xx_HAL_Driver/Src/stm32g4xx_hal_rcc.c ****     __HAL_FLASH_SET_LATENCY(FLatency);
 791:Drivers/STM32G4xx_HAL_Driver/Src/stm32g4xx_hal_rcc.c **** 
 792:Drivers/STM32G4xx_HAL_Driver/Src/stm32g4xx_hal_rcc.c ****     /* Check that the new number of wait states is taken into account to access the Flash
 793:Drivers/STM32G4xx_HAL_Driver/Src/stm32g4xx_hal_rcc.c ****     memory by reading the FLASH_ACR register */
 794:Drivers/STM32G4xx_HAL_Driver/Src/stm32g4xx_hal_rcc.c ****     if (__HAL_FLASH_GET_LATENCY() != FLatency)
 795:Drivers/STM32G4xx_HAL_Driver/Src/stm32g4xx_hal_rcc.c ****     {
 796:Drivers/STM32G4xx_HAL_Driver/Src/stm32g4xx_hal_rcc.c ****       return HAL_ERROR;
 797:Drivers/STM32G4xx_HAL_Driver/Src/stm32g4xx_hal_rcc.c ****     }
 798:Drivers/STM32G4xx_HAL_Driver/Src/stm32g4xx_hal_rcc.c ****   }
 799:Drivers/STM32G4xx_HAL_Driver/Src/stm32g4xx_hal_rcc.c **** 
 800:Drivers/STM32G4xx_HAL_Driver/Src/stm32g4xx_hal_rcc.c ****   /*------------------------- SYSCLK Configuration ---------------------------*/
 801:Drivers/STM32G4xx_HAL_Driver/Src/stm32g4xx_hal_rcc.c ****   if(((RCC_ClkInitStruct->ClockType) & RCC_CLOCKTYPE_SYSCLK) == RCC_CLOCKTYPE_SYSCLK)
 802:Drivers/STM32G4xx_HAL_Driver/Src/stm32g4xx_hal_rcc.c ****   {
 803:Drivers/STM32G4xx_HAL_Driver/Src/stm32g4xx_hal_rcc.c ****     assert_param(IS_RCC_SYSCLKSOURCE(RCC_ClkInitStruct->SYSCLKSource));
 804:Drivers/STM32G4xx_HAL_Driver/Src/stm32g4xx_hal_rcc.c **** 
 805:Drivers/STM32G4xx_HAL_Driver/Src/stm32g4xx_hal_rcc.c ****     /* PLL is selected as System Clock Source */
 806:Drivers/STM32G4xx_HAL_Driver/Src/stm32g4xx_hal_rcc.c ****     if (RCC_ClkInitStruct->SYSCLKSource == RCC_SYSCLKSOURCE_PLLCLK)
 807:Drivers/STM32G4xx_HAL_Driver/Src/stm32g4xx_hal_rcc.c ****     {
 808:Drivers/STM32G4xx_HAL_Driver/Src/stm32g4xx_hal_rcc.c ****       /* Check the PLL ready flag */
 809:Drivers/STM32G4xx_HAL_Driver/Src/stm32g4xx_hal_rcc.c ****       if (READ_BIT(RCC->CR, RCC_CR_PLLRDY) == 0U)
 810:Drivers/STM32G4xx_HAL_Driver/Src/stm32g4xx_hal_rcc.c ****       {
 811:Drivers/STM32G4xx_HAL_Driver/Src/stm32g4xx_hal_rcc.c ****         return HAL_ERROR;
 812:Drivers/STM32G4xx_HAL_Driver/Src/stm32g4xx_hal_rcc.c ****       }
 813:Drivers/STM32G4xx_HAL_Driver/Src/stm32g4xx_hal_rcc.c ****       /* Undershoot management when selection PLL as SYSCLK source and frequency above 80Mhz */
 814:Drivers/STM32G4xx_HAL_Driver/Src/stm32g4xx_hal_rcc.c ****       /* Compute target PLL output frequency */
 815:Drivers/STM32G4xx_HAL_Driver/Src/stm32g4xx_hal_rcc.c ****       pllfreq = RCC_GetSysClockFreqFromPLLSource();
 816:Drivers/STM32G4xx_HAL_Driver/Src/stm32g4xx_hal_rcc.c **** 
 817:Drivers/STM32G4xx_HAL_Driver/Src/stm32g4xx_hal_rcc.c ****       /* Intermediate step with HCLK prescaler 2 necessary before to go over 80Mhz */
 818:Drivers/STM32G4xx_HAL_Driver/Src/stm32g4xx_hal_rcc.c ****       if(pllfreq > 80000000U)
 819:Drivers/STM32G4xx_HAL_Driver/Src/stm32g4xx_hal_rcc.c ****       {
 820:Drivers/STM32G4xx_HAL_Driver/Src/stm32g4xx_hal_rcc.c ****         if (((READ_BIT(RCC->CFGR, RCC_CFGR_HPRE) == RCC_SYSCLK_DIV1)) ||
 821:Drivers/STM32G4xx_HAL_Driver/Src/stm32g4xx_hal_rcc.c ****             (((((RCC_ClkInitStruct->ClockType) & RCC_CLOCKTYPE_HCLK) == RCC_CLOCKTYPE_HCLK) &&
 822:Drivers/STM32G4xx_HAL_Driver/Src/stm32g4xx_hal_rcc.c ****               (RCC_ClkInitStruct->AHBCLKDivider == RCC_SYSCLK_DIV1))))
 823:Drivers/STM32G4xx_HAL_Driver/Src/stm32g4xx_hal_rcc.c ****         {
 824:Drivers/STM32G4xx_HAL_Driver/Src/stm32g4xx_hal_rcc.c ****           MODIFY_REG(RCC->CFGR, RCC_CFGR_HPRE, RCC_SYSCLK_DIV2);
 825:Drivers/STM32G4xx_HAL_Driver/Src/stm32g4xx_hal_rcc.c ****           hpre = RCC_SYSCLK_DIV2;
 826:Drivers/STM32G4xx_HAL_Driver/Src/stm32g4xx_hal_rcc.c ****         }
 827:Drivers/STM32G4xx_HAL_Driver/Src/stm32g4xx_hal_rcc.c ****       }
 828:Drivers/STM32G4xx_HAL_Driver/Src/stm32g4xx_hal_rcc.c ****     }
 829:Drivers/STM32G4xx_HAL_Driver/Src/stm32g4xx_hal_rcc.c ****     else
ARM GAS  /tmp/ccl1Huei.s 			page 16


 830:Drivers/STM32G4xx_HAL_Driver/Src/stm32g4xx_hal_rcc.c ****     {
 831:Drivers/STM32G4xx_HAL_Driver/Src/stm32g4xx_hal_rcc.c ****       /* HSE is selected as System Clock Source */
 832:Drivers/STM32G4xx_HAL_Driver/Src/stm32g4xx_hal_rcc.c ****       if (RCC_ClkInitStruct->SYSCLKSource == RCC_SYSCLKSOURCE_HSE)
 833:Drivers/STM32G4xx_HAL_Driver/Src/stm32g4xx_hal_rcc.c ****       {
 834:Drivers/STM32G4xx_HAL_Driver/Src/stm32g4xx_hal_rcc.c ****         /* Check the HSE ready flag */
 835:Drivers/STM32G4xx_HAL_Driver/Src/stm32g4xx_hal_rcc.c ****         if(READ_BIT(RCC->CR, RCC_CR_HSERDY) == 0U)
 836:Drivers/STM32G4xx_HAL_Driver/Src/stm32g4xx_hal_rcc.c ****         {
 837:Drivers/STM32G4xx_HAL_Driver/Src/stm32g4xx_hal_rcc.c ****           return HAL_ERROR;
 838:Drivers/STM32G4xx_HAL_Driver/Src/stm32g4xx_hal_rcc.c ****         }
 839:Drivers/STM32G4xx_HAL_Driver/Src/stm32g4xx_hal_rcc.c ****       }
 840:Drivers/STM32G4xx_HAL_Driver/Src/stm32g4xx_hal_rcc.c ****       /* HSI is selected as System Clock Source */
 841:Drivers/STM32G4xx_HAL_Driver/Src/stm32g4xx_hal_rcc.c ****       else
 842:Drivers/STM32G4xx_HAL_Driver/Src/stm32g4xx_hal_rcc.c ****       {
 843:Drivers/STM32G4xx_HAL_Driver/Src/stm32g4xx_hal_rcc.c ****         /* Check the HSI ready flag */
 844:Drivers/STM32G4xx_HAL_Driver/Src/stm32g4xx_hal_rcc.c ****         if(READ_BIT(RCC->CR, RCC_CR_HSIRDY) == 0U)
 845:Drivers/STM32G4xx_HAL_Driver/Src/stm32g4xx_hal_rcc.c ****         {
 846:Drivers/STM32G4xx_HAL_Driver/Src/stm32g4xx_hal_rcc.c ****           return HAL_ERROR;
 847:Drivers/STM32G4xx_HAL_Driver/Src/stm32g4xx_hal_rcc.c ****         }
 848:Drivers/STM32G4xx_HAL_Driver/Src/stm32g4xx_hal_rcc.c ****       }
 849:Drivers/STM32G4xx_HAL_Driver/Src/stm32g4xx_hal_rcc.c ****       /* Overshoot management when going down from PLL as SYSCLK source and frequency above 80Mhz *
 850:Drivers/STM32G4xx_HAL_Driver/Src/stm32g4xx_hal_rcc.c ****       pllfreq = HAL_RCC_GetSysClockFreq();
 851:Drivers/STM32G4xx_HAL_Driver/Src/stm32g4xx_hal_rcc.c **** 
 852:Drivers/STM32G4xx_HAL_Driver/Src/stm32g4xx_hal_rcc.c ****       /* Intermediate step with HCLK prescaler 2 necessary before to go under 80Mhz */
 853:Drivers/STM32G4xx_HAL_Driver/Src/stm32g4xx_hal_rcc.c ****       if(pllfreq > 80000000U)
 854:Drivers/STM32G4xx_HAL_Driver/Src/stm32g4xx_hal_rcc.c ****       {
 855:Drivers/STM32G4xx_HAL_Driver/Src/stm32g4xx_hal_rcc.c ****         MODIFY_REG(RCC->CFGR, RCC_CFGR_HPRE, RCC_SYSCLK_DIV2);
 856:Drivers/STM32G4xx_HAL_Driver/Src/stm32g4xx_hal_rcc.c ****         hpre = RCC_SYSCLK_DIV2;
 857:Drivers/STM32G4xx_HAL_Driver/Src/stm32g4xx_hal_rcc.c ****       }
 858:Drivers/STM32G4xx_HAL_Driver/Src/stm32g4xx_hal_rcc.c **** 
 859:Drivers/STM32G4xx_HAL_Driver/Src/stm32g4xx_hal_rcc.c ****     }
 860:Drivers/STM32G4xx_HAL_Driver/Src/stm32g4xx_hal_rcc.c **** 
 861:Drivers/STM32G4xx_HAL_Driver/Src/stm32g4xx_hal_rcc.c ****     MODIFY_REG(RCC->CFGR, RCC_CFGR_SW, RCC_ClkInitStruct->SYSCLKSource);
 862:Drivers/STM32G4xx_HAL_Driver/Src/stm32g4xx_hal_rcc.c **** 
 863:Drivers/STM32G4xx_HAL_Driver/Src/stm32g4xx_hal_rcc.c ****     /* Get Start Tick*/
 864:Drivers/STM32G4xx_HAL_Driver/Src/stm32g4xx_hal_rcc.c ****     tickstart = HAL_GetTick();
 865:Drivers/STM32G4xx_HAL_Driver/Src/stm32g4xx_hal_rcc.c **** 
 866:Drivers/STM32G4xx_HAL_Driver/Src/stm32g4xx_hal_rcc.c ****     while (__HAL_RCC_GET_SYSCLK_SOURCE() != (RCC_ClkInitStruct->SYSCLKSource << RCC_CFGR_SWS_Pos))
 867:Drivers/STM32G4xx_HAL_Driver/Src/stm32g4xx_hal_rcc.c ****     {
 868:Drivers/STM32G4xx_HAL_Driver/Src/stm32g4xx_hal_rcc.c ****       if ((HAL_GetTick() - tickstart) > CLOCKSWITCH_TIMEOUT_VALUE)
 869:Drivers/STM32G4xx_HAL_Driver/Src/stm32g4xx_hal_rcc.c ****       {
 870:Drivers/STM32G4xx_HAL_Driver/Src/stm32g4xx_hal_rcc.c ****         return HAL_TIMEOUT;
 871:Drivers/STM32G4xx_HAL_Driver/Src/stm32g4xx_hal_rcc.c ****       }
 872:Drivers/STM32G4xx_HAL_Driver/Src/stm32g4xx_hal_rcc.c ****     }
 873:Drivers/STM32G4xx_HAL_Driver/Src/stm32g4xx_hal_rcc.c ****   }
 874:Drivers/STM32G4xx_HAL_Driver/Src/stm32g4xx_hal_rcc.c **** 
 875:Drivers/STM32G4xx_HAL_Driver/Src/stm32g4xx_hal_rcc.c ****   /*-------------------------- HCLK Configuration --------------------------*/
 876:Drivers/STM32G4xx_HAL_Driver/Src/stm32g4xx_hal_rcc.c ****   if (((RCC_ClkInitStruct->ClockType) & RCC_CLOCKTYPE_HCLK) == RCC_CLOCKTYPE_HCLK)
 877:Drivers/STM32G4xx_HAL_Driver/Src/stm32g4xx_hal_rcc.c ****   {
 878:Drivers/STM32G4xx_HAL_Driver/Src/stm32g4xx_hal_rcc.c ****     /* Set the highest APB divider in order to ensure that we do not go through
 879:Drivers/STM32G4xx_HAL_Driver/Src/stm32g4xx_hal_rcc.c ****        a non-spec phase whatever we decrease or increase HCLK. */
 880:Drivers/STM32G4xx_HAL_Driver/Src/stm32g4xx_hal_rcc.c ****     if (((RCC_ClkInitStruct->ClockType) & RCC_CLOCKTYPE_PCLK1) == RCC_CLOCKTYPE_PCLK1)
 881:Drivers/STM32G4xx_HAL_Driver/Src/stm32g4xx_hal_rcc.c ****     {
 882:Drivers/STM32G4xx_HAL_Driver/Src/stm32g4xx_hal_rcc.c ****       MODIFY_REG(RCC->CFGR, RCC_CFGR_PPRE1, RCC_HCLK_DIV16);
 883:Drivers/STM32G4xx_HAL_Driver/Src/stm32g4xx_hal_rcc.c ****     }
 884:Drivers/STM32G4xx_HAL_Driver/Src/stm32g4xx_hal_rcc.c ****     if (((RCC_ClkInitStruct->ClockType) & RCC_CLOCKTYPE_PCLK2) == RCC_CLOCKTYPE_PCLK2)
 885:Drivers/STM32G4xx_HAL_Driver/Src/stm32g4xx_hal_rcc.c ****     {
 886:Drivers/STM32G4xx_HAL_Driver/Src/stm32g4xx_hal_rcc.c ****       MODIFY_REG(RCC->CFGR, RCC_CFGR_PPRE2, RCC_HCLK_DIV16);
ARM GAS  /tmp/ccl1Huei.s 			page 17


 887:Drivers/STM32G4xx_HAL_Driver/Src/stm32g4xx_hal_rcc.c ****     }
 888:Drivers/STM32G4xx_HAL_Driver/Src/stm32g4xx_hal_rcc.c **** 
 889:Drivers/STM32G4xx_HAL_Driver/Src/stm32g4xx_hal_rcc.c ****     /* Set the new HCLK clock divider */
 890:Drivers/STM32G4xx_HAL_Driver/Src/stm32g4xx_hal_rcc.c ****     assert_param(IS_RCC_HCLK(RCC_ClkInitStruct->AHBCLKDivider));
 891:Drivers/STM32G4xx_HAL_Driver/Src/stm32g4xx_hal_rcc.c ****     MODIFY_REG(RCC->CFGR, RCC_CFGR_HPRE, RCC_ClkInitStruct->AHBCLKDivider);
 892:Drivers/STM32G4xx_HAL_Driver/Src/stm32g4xx_hal_rcc.c ****   }
 893:Drivers/STM32G4xx_HAL_Driver/Src/stm32g4xx_hal_rcc.c ****   else
 894:Drivers/STM32G4xx_HAL_Driver/Src/stm32g4xx_hal_rcc.c ****   {
 895:Drivers/STM32G4xx_HAL_Driver/Src/stm32g4xx_hal_rcc.c ****     /* Is intermediate HCLK prescaler 2 applied internally, complete with HCLK prescaler 1 */
 896:Drivers/STM32G4xx_HAL_Driver/Src/stm32g4xx_hal_rcc.c ****     if(hpre == RCC_SYSCLK_DIV2)
 897:Drivers/STM32G4xx_HAL_Driver/Src/stm32g4xx_hal_rcc.c ****     {
 898:Drivers/STM32G4xx_HAL_Driver/Src/stm32g4xx_hal_rcc.c ****       MODIFY_REG(RCC->CFGR, RCC_CFGR_HPRE, RCC_SYSCLK_DIV1);
 899:Drivers/STM32G4xx_HAL_Driver/Src/stm32g4xx_hal_rcc.c ****     }
 900:Drivers/STM32G4xx_HAL_Driver/Src/stm32g4xx_hal_rcc.c ****   }
 901:Drivers/STM32G4xx_HAL_Driver/Src/stm32g4xx_hal_rcc.c **** 
 902:Drivers/STM32G4xx_HAL_Driver/Src/stm32g4xx_hal_rcc.c ****   /* Decreasing the number of wait states because of lower CPU frequency */
 903:Drivers/STM32G4xx_HAL_Driver/Src/stm32g4xx_hal_rcc.c ****   if (FLatency < __HAL_FLASH_GET_LATENCY())
 904:Drivers/STM32G4xx_HAL_Driver/Src/stm32g4xx_hal_rcc.c ****   {
 905:Drivers/STM32G4xx_HAL_Driver/Src/stm32g4xx_hal_rcc.c ****     /* Program the new number of wait states to the LATENCY bits in the FLASH_ACR register */
 906:Drivers/STM32G4xx_HAL_Driver/Src/stm32g4xx_hal_rcc.c ****     __HAL_FLASH_SET_LATENCY(FLatency);
 907:Drivers/STM32G4xx_HAL_Driver/Src/stm32g4xx_hal_rcc.c **** 
 908:Drivers/STM32G4xx_HAL_Driver/Src/stm32g4xx_hal_rcc.c ****     /* Check that the new number of wait states is taken into account to access the Flash
 909:Drivers/STM32G4xx_HAL_Driver/Src/stm32g4xx_hal_rcc.c ****     memory by polling the FLASH_ACR register */
 910:Drivers/STM32G4xx_HAL_Driver/Src/stm32g4xx_hal_rcc.c ****     tickstart = HAL_GetTick();
 911:Drivers/STM32G4xx_HAL_Driver/Src/stm32g4xx_hal_rcc.c **** 
 912:Drivers/STM32G4xx_HAL_Driver/Src/stm32g4xx_hal_rcc.c ****     while (__HAL_FLASH_GET_LATENCY() != FLatency)
 913:Drivers/STM32G4xx_HAL_Driver/Src/stm32g4xx_hal_rcc.c ****     {
 914:Drivers/STM32G4xx_HAL_Driver/Src/stm32g4xx_hal_rcc.c ****       if ((HAL_GetTick() - tickstart) > CLOCKSWITCH_TIMEOUT_VALUE)
 915:Drivers/STM32G4xx_HAL_Driver/Src/stm32g4xx_hal_rcc.c ****       {
 916:Drivers/STM32G4xx_HAL_Driver/Src/stm32g4xx_hal_rcc.c ****         return HAL_TIMEOUT;
 917:Drivers/STM32G4xx_HAL_Driver/Src/stm32g4xx_hal_rcc.c ****       }
 918:Drivers/STM32G4xx_HAL_Driver/Src/stm32g4xx_hal_rcc.c ****     }
 919:Drivers/STM32G4xx_HAL_Driver/Src/stm32g4xx_hal_rcc.c ****   }
 920:Drivers/STM32G4xx_HAL_Driver/Src/stm32g4xx_hal_rcc.c **** 
 921:Drivers/STM32G4xx_HAL_Driver/Src/stm32g4xx_hal_rcc.c ****   /*-------------------------- PCLK1 Configuration ---------------------------*/
 922:Drivers/STM32G4xx_HAL_Driver/Src/stm32g4xx_hal_rcc.c ****   if (((RCC_ClkInitStruct->ClockType) & RCC_CLOCKTYPE_PCLK1) == RCC_CLOCKTYPE_PCLK1)
 923:Drivers/STM32G4xx_HAL_Driver/Src/stm32g4xx_hal_rcc.c ****   {
 924:Drivers/STM32G4xx_HAL_Driver/Src/stm32g4xx_hal_rcc.c ****     assert_param(IS_RCC_PCLK(RCC_ClkInitStruct->APB1CLKDivider));
 925:Drivers/STM32G4xx_HAL_Driver/Src/stm32g4xx_hal_rcc.c ****     MODIFY_REG(RCC->CFGR, RCC_CFGR_PPRE1, RCC_ClkInitStruct->APB1CLKDivider);
 926:Drivers/STM32G4xx_HAL_Driver/Src/stm32g4xx_hal_rcc.c ****   }
 927:Drivers/STM32G4xx_HAL_Driver/Src/stm32g4xx_hal_rcc.c **** 
 928:Drivers/STM32G4xx_HAL_Driver/Src/stm32g4xx_hal_rcc.c ****   /*-------------------------- PCLK2 Configuration ---------------------------*/
 929:Drivers/STM32G4xx_HAL_Driver/Src/stm32g4xx_hal_rcc.c ****   if(((RCC_ClkInitStruct->ClockType) & RCC_CLOCKTYPE_PCLK2) == RCC_CLOCKTYPE_PCLK2)
 930:Drivers/STM32G4xx_HAL_Driver/Src/stm32g4xx_hal_rcc.c ****   {
 931:Drivers/STM32G4xx_HAL_Driver/Src/stm32g4xx_hal_rcc.c ****     assert_param(IS_RCC_PCLK(RCC_ClkInitStruct->APB2CLKDivider));
 932:Drivers/STM32G4xx_HAL_Driver/Src/stm32g4xx_hal_rcc.c ****     MODIFY_REG(RCC->CFGR, RCC_CFGR_PPRE2, ((RCC_ClkInitStruct->APB2CLKDivider) << 3U));
 933:Drivers/STM32G4xx_HAL_Driver/Src/stm32g4xx_hal_rcc.c ****   }
 934:Drivers/STM32G4xx_HAL_Driver/Src/stm32g4xx_hal_rcc.c **** 
 935:Drivers/STM32G4xx_HAL_Driver/Src/stm32g4xx_hal_rcc.c ****   /* Update the SystemCoreClock global variable */
 936:Drivers/STM32G4xx_HAL_Driver/Src/stm32g4xx_hal_rcc.c ****   SystemCoreClock = HAL_RCC_GetSysClockFreq() >> (AHBPrescTable[READ_BIT(RCC->CFGR, RCC_CFGR_HPRE) 
 937:Drivers/STM32G4xx_HAL_Driver/Src/stm32g4xx_hal_rcc.c **** 
 938:Drivers/STM32G4xx_HAL_Driver/Src/stm32g4xx_hal_rcc.c ****   /* Configure the source of time base considering new system clocks settings*/
 939:Drivers/STM32G4xx_HAL_Driver/Src/stm32g4xx_hal_rcc.c ****   return HAL_InitTick(uwTickPrio);
 940:Drivers/STM32G4xx_HAL_Driver/Src/stm32g4xx_hal_rcc.c **** }
 941:Drivers/STM32G4xx_HAL_Driver/Src/stm32g4xx_hal_rcc.c **** 
 942:Drivers/STM32G4xx_HAL_Driver/Src/stm32g4xx_hal_rcc.c **** /**
 943:Drivers/STM32G4xx_HAL_Driver/Src/stm32g4xx_hal_rcc.c ****   * @}
ARM GAS  /tmp/ccl1Huei.s 			page 18


 944:Drivers/STM32G4xx_HAL_Driver/Src/stm32g4xx_hal_rcc.c ****   */
 945:Drivers/STM32G4xx_HAL_Driver/Src/stm32g4xx_hal_rcc.c **** 
 946:Drivers/STM32G4xx_HAL_Driver/Src/stm32g4xx_hal_rcc.c **** /** @defgroup RCC_Exported_Functions_Group2 Peripheral Control functions
 947:Drivers/STM32G4xx_HAL_Driver/Src/stm32g4xx_hal_rcc.c ****  *  @brief   RCC clocks control functions
 948:Drivers/STM32G4xx_HAL_Driver/Src/stm32g4xx_hal_rcc.c ****  *
 949:Drivers/STM32G4xx_HAL_Driver/Src/stm32g4xx_hal_rcc.c **** @verbatim
 950:Drivers/STM32G4xx_HAL_Driver/Src/stm32g4xx_hal_rcc.c ****  ===============================================================================
 951:Drivers/STM32G4xx_HAL_Driver/Src/stm32g4xx_hal_rcc.c ****                       ##### Peripheral Control functions #####
 952:Drivers/STM32G4xx_HAL_Driver/Src/stm32g4xx_hal_rcc.c ****  ===============================================================================
 953:Drivers/STM32G4xx_HAL_Driver/Src/stm32g4xx_hal_rcc.c ****     [..]
 954:Drivers/STM32G4xx_HAL_Driver/Src/stm32g4xx_hal_rcc.c ****     This subsection provides a set of functions allowing to:
 955:Drivers/STM32G4xx_HAL_Driver/Src/stm32g4xx_hal_rcc.c **** 
 956:Drivers/STM32G4xx_HAL_Driver/Src/stm32g4xx_hal_rcc.c ****     (+) Output clock to MCO pin.
 957:Drivers/STM32G4xx_HAL_Driver/Src/stm32g4xx_hal_rcc.c ****     (+) Retrieve current clock frequencies.
 958:Drivers/STM32G4xx_HAL_Driver/Src/stm32g4xx_hal_rcc.c ****     (+) Enable the Clock Security System.
 959:Drivers/STM32G4xx_HAL_Driver/Src/stm32g4xx_hal_rcc.c **** 
 960:Drivers/STM32G4xx_HAL_Driver/Src/stm32g4xx_hal_rcc.c **** @endverbatim
 961:Drivers/STM32G4xx_HAL_Driver/Src/stm32g4xx_hal_rcc.c ****   * @{
 962:Drivers/STM32G4xx_HAL_Driver/Src/stm32g4xx_hal_rcc.c ****   */
 963:Drivers/STM32G4xx_HAL_Driver/Src/stm32g4xx_hal_rcc.c **** 
 964:Drivers/STM32G4xx_HAL_Driver/Src/stm32g4xx_hal_rcc.c **** /**
 965:Drivers/STM32G4xx_HAL_Driver/Src/stm32g4xx_hal_rcc.c ****   * @brief  Select the clock source to output on MCO pin(PA8/PG10).
 966:Drivers/STM32G4xx_HAL_Driver/Src/stm32g4xx_hal_rcc.c ****   * @note   PA8/PG10 should be configured in alternate function mode.
 967:Drivers/STM32G4xx_HAL_Driver/Src/stm32g4xx_hal_rcc.c ****   * @note   The default configuration of the GPIOG pin 10 (PG10) is set to reset mode (NRST pin)
 968:Drivers/STM32G4xx_HAL_Driver/Src/stm32g4xx_hal_rcc.c ****   *         and user shall set the NRST_MODE Bit in the FLASH OPTR register to be able to use it 
 969:Drivers/STM32G4xx_HAL_Driver/Src/stm32g4xx_hal_rcc.c ****   *         as an MCO pin.
 970:Drivers/STM32G4xx_HAL_Driver/Src/stm32g4xx_hal_rcc.c ****   *         The @ref HAL_FLASHEx_OBProgram() API can be used to configure the NRST_MODE Bit value.
 971:Drivers/STM32G4xx_HAL_Driver/Src/stm32g4xx_hal_rcc.c ****   * @param  RCC_MCOx  specifies the output direction for the clock source.
 972:Drivers/STM32G4xx_HAL_Driver/Src/stm32g4xx_hal_rcc.c ****   *          For STM32G4xx family this parameter can have only one value:
 973:Drivers/STM32G4xx_HAL_Driver/Src/stm32g4xx_hal_rcc.c ****   *            @arg @ref RCC_MCO_PA8  Clock source to output on MCO1 pin(PA8).
 974:Drivers/STM32G4xx_HAL_Driver/Src/stm32g4xx_hal_rcc.c ****   *            @arg @ref RCC_MCO_PG10  Clock source to output on MCO1 pin(PG10).
 975:Drivers/STM32G4xx_HAL_Driver/Src/stm32g4xx_hal_rcc.c ****   * @param  RCC_MCOSource  specifies the clock source to output.
 976:Drivers/STM32G4xx_HAL_Driver/Src/stm32g4xx_hal_rcc.c ****   *          This parameter can be one of the following values:
 977:Drivers/STM32G4xx_HAL_Driver/Src/stm32g4xx_hal_rcc.c ****   *            @arg @ref RCC_MCO1SOURCE_NOCLOCK  MCO output disabled, no clock on MCO
 978:Drivers/STM32G4xx_HAL_Driver/Src/stm32g4xx_hal_rcc.c ****   *            @arg @ref RCC_MCO1SOURCE_SYSCLK  system  clock selected as MCO source
 979:Drivers/STM32G4xx_HAL_Driver/Src/stm32g4xx_hal_rcc.c ****   *            @arg @ref RCC_MCO1SOURCE_HSI  HSI clock selected as MCO source
 980:Drivers/STM32G4xx_HAL_Driver/Src/stm32g4xx_hal_rcc.c ****   *            @arg @ref RCC_MCO1SOURCE_HSE  HSE clock selected as MCO source
 981:Drivers/STM32G4xx_HAL_Driver/Src/stm32g4xx_hal_rcc.c ****   *            @arg @ref RCC_MCO1SOURCE_PLLCLK  main PLL clock selected as MCO source
 982:Drivers/STM32G4xx_HAL_Driver/Src/stm32g4xx_hal_rcc.c ****   *            @arg @ref RCC_MCO1SOURCE_LSI  LSI clock selected as MCO source
 983:Drivers/STM32G4xx_HAL_Driver/Src/stm32g4xx_hal_rcc.c ****   *            @arg @ref RCC_MCO1SOURCE_LSE  LSE clock selected as MCO source
 984:Drivers/STM32G4xx_HAL_Driver/Src/stm32g4xx_hal_rcc.c ****   *            @arg @ref RCC_MCO1SOURCE_HSI48  HSI48 clock selected as MCO source for devices with 
 985:Drivers/STM32G4xx_HAL_Driver/Src/stm32g4xx_hal_rcc.c ****   * @param  RCC_MCODiv  specifies the MCO prescaler.
 986:Drivers/STM32G4xx_HAL_Driver/Src/stm32g4xx_hal_rcc.c ****   *          This parameter can be one of the following values:
 987:Drivers/STM32G4xx_HAL_Driver/Src/stm32g4xx_hal_rcc.c ****   *            @arg @ref RCC_MCODIV_1  no division applied to MCO clock
 988:Drivers/STM32G4xx_HAL_Driver/Src/stm32g4xx_hal_rcc.c ****   *            @arg @ref RCC_MCODIV_2  division by 2 applied to MCO clock
 989:Drivers/STM32G4xx_HAL_Driver/Src/stm32g4xx_hal_rcc.c ****   *            @arg @ref RCC_MCODIV_4  division by 4 applied to MCO clock
 990:Drivers/STM32G4xx_HAL_Driver/Src/stm32g4xx_hal_rcc.c ****   *            @arg @ref RCC_MCODIV_8  division by 8 applied to MCO clock
 991:Drivers/STM32G4xx_HAL_Driver/Src/stm32g4xx_hal_rcc.c ****   *            @arg @ref RCC_MCODIV_16  division by 16 applied to MCO clock
 992:Drivers/STM32G4xx_HAL_Driver/Src/stm32g4xx_hal_rcc.c ****   * @retval None
 993:Drivers/STM32G4xx_HAL_Driver/Src/stm32g4xx_hal_rcc.c ****   */
 994:Drivers/STM32G4xx_HAL_Driver/Src/stm32g4xx_hal_rcc.c **** void HAL_RCC_MCOConfig(uint32_t RCC_MCOx, uint32_t RCC_MCOSource, uint32_t RCC_MCODiv)
 995:Drivers/STM32G4xx_HAL_Driver/Src/stm32g4xx_hal_rcc.c **** {
 996:Drivers/STM32G4xx_HAL_Driver/Src/stm32g4xx_hal_rcc.c ****   GPIO_InitTypeDef gpio_initstruct;
 997:Drivers/STM32G4xx_HAL_Driver/Src/stm32g4xx_hal_rcc.c ****   uint32_t mcoindex;
 998:Drivers/STM32G4xx_HAL_Driver/Src/stm32g4xx_hal_rcc.c ****   uint32_t mco_gpio_index;
 999:Drivers/STM32G4xx_HAL_Driver/Src/stm32g4xx_hal_rcc.c ****   GPIO_TypeDef * mco_gpio_port;
1000:Drivers/STM32G4xx_HAL_Driver/Src/stm32g4xx_hal_rcc.c **** 
ARM GAS  /tmp/ccl1Huei.s 			page 19


1001:Drivers/STM32G4xx_HAL_Driver/Src/stm32g4xx_hal_rcc.c ****   /* Check the parameters */
1002:Drivers/STM32G4xx_HAL_Driver/Src/stm32g4xx_hal_rcc.c ****   assert_param(IS_RCC_MCO(RCC_MCOx));
1003:Drivers/STM32G4xx_HAL_Driver/Src/stm32g4xx_hal_rcc.c **** 
1004:Drivers/STM32G4xx_HAL_Driver/Src/stm32g4xx_hal_rcc.c ****   /* Common GPIO init parameters */
1005:Drivers/STM32G4xx_HAL_Driver/Src/stm32g4xx_hal_rcc.c ****   gpio_initstruct.Mode      = GPIO_MODE_AF_PP;
1006:Drivers/STM32G4xx_HAL_Driver/Src/stm32g4xx_hal_rcc.c ****   gpio_initstruct.Speed     = GPIO_SPEED_FREQ_VERY_HIGH;
1007:Drivers/STM32G4xx_HAL_Driver/Src/stm32g4xx_hal_rcc.c ****   gpio_initstruct.Pull      = GPIO_NOPULL;
1008:Drivers/STM32G4xx_HAL_Driver/Src/stm32g4xx_hal_rcc.c **** 
1009:Drivers/STM32G4xx_HAL_Driver/Src/stm32g4xx_hal_rcc.c ****   /* Get MCOx selection */
1010:Drivers/STM32G4xx_HAL_Driver/Src/stm32g4xx_hal_rcc.c ****   mcoindex = RCC_MCOx & RCC_MCO_INDEX_MASK;
1011:Drivers/STM32G4xx_HAL_Driver/Src/stm32g4xx_hal_rcc.c **** 
1012:Drivers/STM32G4xx_HAL_Driver/Src/stm32g4xx_hal_rcc.c ****   /* Get MCOx GPIO Port */
1013:Drivers/STM32G4xx_HAL_Driver/Src/stm32g4xx_hal_rcc.c ****   mco_gpio_port = (GPIO_TypeDef *) RCC_GET_MCO_GPIO_PORT(RCC_MCOx);
1014:Drivers/STM32G4xx_HAL_Driver/Src/stm32g4xx_hal_rcc.c **** 
1015:Drivers/STM32G4xx_HAL_Driver/Src/stm32g4xx_hal_rcc.c ****   /* MCOx Clock Enable */
1016:Drivers/STM32G4xx_HAL_Driver/Src/stm32g4xx_hal_rcc.c ****   mco_gpio_index = RCC_GET_MCO_GPIO_INDEX(RCC_MCOx);
1017:Drivers/STM32G4xx_HAL_Driver/Src/stm32g4xx_hal_rcc.c ****   SET_BIT(RCC->AHB2ENR, (1UL << mco_gpio_index ));
1018:Drivers/STM32G4xx_HAL_Driver/Src/stm32g4xx_hal_rcc.c **** 
1019:Drivers/STM32G4xx_HAL_Driver/Src/stm32g4xx_hal_rcc.c ****   /* Configure the MCOx pin in alternate function mode */
1020:Drivers/STM32G4xx_HAL_Driver/Src/stm32g4xx_hal_rcc.c ****   gpio_initstruct.Pin = RCC_GET_MCO_GPIO_PIN(RCC_MCOx);
1021:Drivers/STM32G4xx_HAL_Driver/Src/stm32g4xx_hal_rcc.c ****   gpio_initstruct.Alternate = RCC_GET_MCO_GPIO_AF(RCC_MCOx);
1022:Drivers/STM32G4xx_HAL_Driver/Src/stm32g4xx_hal_rcc.c ****   HAL_GPIO_Init(mco_gpio_port, &gpio_initstruct);
1023:Drivers/STM32G4xx_HAL_Driver/Src/stm32g4xx_hal_rcc.c **** 
1024:Drivers/STM32G4xx_HAL_Driver/Src/stm32g4xx_hal_rcc.c ****    if (mcoindex == RCC_MCO1_INDEX)
1025:Drivers/STM32G4xx_HAL_Driver/Src/stm32g4xx_hal_rcc.c ****   {
1026:Drivers/STM32G4xx_HAL_Driver/Src/stm32g4xx_hal_rcc.c ****     assert_param(IS_RCC_MCODIV(RCC_MCODiv));
1027:Drivers/STM32G4xx_HAL_Driver/Src/stm32g4xx_hal_rcc.c ****     assert_param(IS_RCC_MCO1SOURCE(RCC_MCOSource));
1028:Drivers/STM32G4xx_HAL_Driver/Src/stm32g4xx_hal_rcc.c ****     /* Mask MCOSEL[] and MCOPRE[] bits then set MCO clock source and prescaler */
1029:Drivers/STM32G4xx_HAL_Driver/Src/stm32g4xx_hal_rcc.c ****     MODIFY_REG(RCC->CFGR, (RCC_CFGR_MCOSEL | RCC_CFGR_MCOPRE), (RCC_MCOSource | RCC_MCODiv));
1030:Drivers/STM32G4xx_HAL_Driver/Src/stm32g4xx_hal_rcc.c ****   }
1031:Drivers/STM32G4xx_HAL_Driver/Src/stm32g4xx_hal_rcc.c **** }
1032:Drivers/STM32G4xx_HAL_Driver/Src/stm32g4xx_hal_rcc.c **** 
1033:Drivers/STM32G4xx_HAL_Driver/Src/stm32g4xx_hal_rcc.c **** /**
1034:Drivers/STM32G4xx_HAL_Driver/Src/stm32g4xx_hal_rcc.c ****   * @brief  Return the SYSCLK frequency.
1035:Drivers/STM32G4xx_HAL_Driver/Src/stm32g4xx_hal_rcc.c ****   *
1036:Drivers/STM32G4xx_HAL_Driver/Src/stm32g4xx_hal_rcc.c ****   * @note   The system frequency computed by this function is not the real
1037:Drivers/STM32G4xx_HAL_Driver/Src/stm32g4xx_hal_rcc.c ****   *         frequency in the chip. It is calculated based on the predefined
1038:Drivers/STM32G4xx_HAL_Driver/Src/stm32g4xx_hal_rcc.c ****   *         constant and the selected clock source:
1039:Drivers/STM32G4xx_HAL_Driver/Src/stm32g4xx_hal_rcc.c ****   * @note     If SYSCLK source is HSI, function returns values based on HSI_VALUE(*)
1040:Drivers/STM32G4xx_HAL_Driver/Src/stm32g4xx_hal_rcc.c ****   * @note     If SYSCLK source is HSE, function returns values based on HSE_VALUE(**)
1041:Drivers/STM32G4xx_HAL_Driver/Src/stm32g4xx_hal_rcc.c ****   * @note     If SYSCLK source is PLL, function returns values based on HSE_VALUE(**),
1042:Drivers/STM32G4xx_HAL_Driver/Src/stm32g4xx_hal_rcc.c ****   *           HSI_VALUE(*) Value multiplied/divided by the PLL factors.
1043:Drivers/STM32G4xx_HAL_Driver/Src/stm32g4xx_hal_rcc.c ****   * @note     (*) HSI_VALUE is a constant defined in stm32g4xx_hal_conf.h file (default value
1044:Drivers/STM32G4xx_HAL_Driver/Src/stm32g4xx_hal_rcc.c ****   *               16 MHz) but the real value may vary depending on the variations
1045:Drivers/STM32G4xx_HAL_Driver/Src/stm32g4xx_hal_rcc.c ****   *               in voltage and temperature.
1046:Drivers/STM32G4xx_HAL_Driver/Src/stm32g4xx_hal_rcc.c ****   * @note     (**) HSE_VALUE is a constant defined in stm32g4xx_hal_conf.h file (default value
1047:Drivers/STM32G4xx_HAL_Driver/Src/stm32g4xx_hal_rcc.c ****   *                8 MHz), user has to ensure that HSE_VALUE is same as the real
1048:Drivers/STM32G4xx_HAL_Driver/Src/stm32g4xx_hal_rcc.c ****   *                frequency of the crystal used. Otherwise, this function may
1049:Drivers/STM32G4xx_HAL_Driver/Src/stm32g4xx_hal_rcc.c ****   *                have wrong result.
1050:Drivers/STM32G4xx_HAL_Driver/Src/stm32g4xx_hal_rcc.c ****   *
1051:Drivers/STM32G4xx_HAL_Driver/Src/stm32g4xx_hal_rcc.c ****   * @note   The result of this function could be not correct when using fractional
1052:Drivers/STM32G4xx_HAL_Driver/Src/stm32g4xx_hal_rcc.c ****   *         value for HSE crystal.
1053:Drivers/STM32G4xx_HAL_Driver/Src/stm32g4xx_hal_rcc.c ****   *
1054:Drivers/STM32G4xx_HAL_Driver/Src/stm32g4xx_hal_rcc.c ****   * @note   This function can be used by the user application to compute the
1055:Drivers/STM32G4xx_HAL_Driver/Src/stm32g4xx_hal_rcc.c ****   *         baudrate for the communication peripherals or configure other parameters.
1056:Drivers/STM32G4xx_HAL_Driver/Src/stm32g4xx_hal_rcc.c ****   *
1057:Drivers/STM32G4xx_HAL_Driver/Src/stm32g4xx_hal_rcc.c ****   * @note   Each time SYSCLK changes, this function must be called to update the
ARM GAS  /tmp/ccl1Huei.s 			page 20


1058:Drivers/STM32G4xx_HAL_Driver/Src/stm32g4xx_hal_rcc.c ****   *         right SYSCLK value. Otherwise, any configuration based on this function will be incorre
1059:Drivers/STM32G4xx_HAL_Driver/Src/stm32g4xx_hal_rcc.c ****   *
1060:Drivers/STM32G4xx_HAL_Driver/Src/stm32g4xx_hal_rcc.c ****   *
1061:Drivers/STM32G4xx_HAL_Driver/Src/stm32g4xx_hal_rcc.c ****   * @retval SYSCLK frequency
1062:Drivers/STM32G4xx_HAL_Driver/Src/stm32g4xx_hal_rcc.c ****   */
1063:Drivers/STM32G4xx_HAL_Driver/Src/stm32g4xx_hal_rcc.c **** uint32_t HAL_RCC_GetSysClockFreq(void)
1064:Drivers/STM32G4xx_HAL_Driver/Src/stm32g4xx_hal_rcc.c **** {
1065:Drivers/STM32G4xx_HAL_Driver/Src/stm32g4xx_hal_rcc.c ****   uint32_t pllvco, pllsource, pllr, pllm;
1066:Drivers/STM32G4xx_HAL_Driver/Src/stm32g4xx_hal_rcc.c ****   uint32_t sysclockfreq;
1067:Drivers/STM32G4xx_HAL_Driver/Src/stm32g4xx_hal_rcc.c **** 
1068:Drivers/STM32G4xx_HAL_Driver/Src/stm32g4xx_hal_rcc.c ****   if (__HAL_RCC_GET_SYSCLK_SOURCE() == RCC_CFGR_SWS_HSI)
1069:Drivers/STM32G4xx_HAL_Driver/Src/stm32g4xx_hal_rcc.c ****   {
1070:Drivers/STM32G4xx_HAL_Driver/Src/stm32g4xx_hal_rcc.c ****     /* HSI used as system clock source */
1071:Drivers/STM32G4xx_HAL_Driver/Src/stm32g4xx_hal_rcc.c ****     sysclockfreq = HSI_VALUE;
1072:Drivers/STM32G4xx_HAL_Driver/Src/stm32g4xx_hal_rcc.c ****   }
1073:Drivers/STM32G4xx_HAL_Driver/Src/stm32g4xx_hal_rcc.c ****   else if (__HAL_RCC_GET_SYSCLK_SOURCE() == RCC_CFGR_SWS_HSE)
1074:Drivers/STM32G4xx_HAL_Driver/Src/stm32g4xx_hal_rcc.c ****   {
1075:Drivers/STM32G4xx_HAL_Driver/Src/stm32g4xx_hal_rcc.c ****     /* HSE used as system clock source */
1076:Drivers/STM32G4xx_HAL_Driver/Src/stm32g4xx_hal_rcc.c ****     sysclockfreq = HSE_VALUE;
1077:Drivers/STM32G4xx_HAL_Driver/Src/stm32g4xx_hal_rcc.c ****   }
1078:Drivers/STM32G4xx_HAL_Driver/Src/stm32g4xx_hal_rcc.c ****   else if (__HAL_RCC_GET_SYSCLK_SOURCE() == RCC_CFGR_SWS_PLL)
1079:Drivers/STM32G4xx_HAL_Driver/Src/stm32g4xx_hal_rcc.c ****   {
1080:Drivers/STM32G4xx_HAL_Driver/Src/stm32g4xx_hal_rcc.c ****     /* PLL used as system clock  source */
1081:Drivers/STM32G4xx_HAL_Driver/Src/stm32g4xx_hal_rcc.c **** 
1082:Drivers/STM32G4xx_HAL_Driver/Src/stm32g4xx_hal_rcc.c ****     /* PLL_VCO = ((HSE_VALUE or HSI_VALUE)/ PLLM) * PLLN
1083:Drivers/STM32G4xx_HAL_Driver/Src/stm32g4xx_hal_rcc.c ****     SYSCLK = PLL_VCO / PLLR
1084:Drivers/STM32G4xx_HAL_Driver/Src/stm32g4xx_hal_rcc.c ****     */
1085:Drivers/STM32G4xx_HAL_Driver/Src/stm32g4xx_hal_rcc.c ****     pllsource = READ_BIT(RCC->PLLCFGR, RCC_PLLCFGR_PLLSRC);
1086:Drivers/STM32G4xx_HAL_Driver/Src/stm32g4xx_hal_rcc.c ****     pllm = (READ_BIT(RCC->PLLCFGR, RCC_PLLCFGR_PLLM) >> RCC_PLLCFGR_PLLM_Pos) + 1U ;
1087:Drivers/STM32G4xx_HAL_Driver/Src/stm32g4xx_hal_rcc.c **** 
1088:Drivers/STM32G4xx_HAL_Driver/Src/stm32g4xx_hal_rcc.c ****     switch (pllsource)
1089:Drivers/STM32G4xx_HAL_Driver/Src/stm32g4xx_hal_rcc.c ****     {
1090:Drivers/STM32G4xx_HAL_Driver/Src/stm32g4xx_hal_rcc.c ****     case RCC_PLLSOURCE_HSE:  /* HSE used as PLL clock source */
1091:Drivers/STM32G4xx_HAL_Driver/Src/stm32g4xx_hal_rcc.c ****       pllvco = (HSE_VALUE / pllm) * (READ_BIT(RCC->PLLCFGR, RCC_PLLCFGR_PLLN) >> RCC_PLLCFGR_PLLN_P
1092:Drivers/STM32G4xx_HAL_Driver/Src/stm32g4xx_hal_rcc.c ****       break;
1093:Drivers/STM32G4xx_HAL_Driver/Src/stm32g4xx_hal_rcc.c **** 
1094:Drivers/STM32G4xx_HAL_Driver/Src/stm32g4xx_hal_rcc.c ****     case RCC_PLLSOURCE_HSI:  /* HSI used as PLL clock source */
1095:Drivers/STM32G4xx_HAL_Driver/Src/stm32g4xx_hal_rcc.c ****     default:
1096:Drivers/STM32G4xx_HAL_Driver/Src/stm32g4xx_hal_rcc.c ****       pllvco = (HSI_VALUE / pllm) * (READ_BIT(RCC->PLLCFGR, RCC_PLLCFGR_PLLN) >> RCC_PLLCFGR_PLLN_P
1097:Drivers/STM32G4xx_HAL_Driver/Src/stm32g4xx_hal_rcc.c ****       break;
1098:Drivers/STM32G4xx_HAL_Driver/Src/stm32g4xx_hal_rcc.c ****     }
1099:Drivers/STM32G4xx_HAL_Driver/Src/stm32g4xx_hal_rcc.c ****     pllr = ((READ_BIT(RCC->PLLCFGR, RCC_PLLCFGR_PLLR) >> RCC_PLLCFGR_PLLR_Pos) + 1U ) * 2U;
1100:Drivers/STM32G4xx_HAL_Driver/Src/stm32g4xx_hal_rcc.c ****     sysclockfreq = pllvco/pllr;
1101:Drivers/STM32G4xx_HAL_Driver/Src/stm32g4xx_hal_rcc.c ****   }
1102:Drivers/STM32G4xx_HAL_Driver/Src/stm32g4xx_hal_rcc.c ****   else
1103:Drivers/STM32G4xx_HAL_Driver/Src/stm32g4xx_hal_rcc.c ****   {
1104:Drivers/STM32G4xx_HAL_Driver/Src/stm32g4xx_hal_rcc.c ****     sysclockfreq = 0U;
1105:Drivers/STM32G4xx_HAL_Driver/Src/stm32g4xx_hal_rcc.c ****   }
1106:Drivers/STM32G4xx_HAL_Driver/Src/stm32g4xx_hal_rcc.c **** 
1107:Drivers/STM32G4xx_HAL_Driver/Src/stm32g4xx_hal_rcc.c ****   return sysclockfreq;
1108:Drivers/STM32G4xx_HAL_Driver/Src/stm32g4xx_hal_rcc.c **** }
1109:Drivers/STM32G4xx_HAL_Driver/Src/stm32g4xx_hal_rcc.c **** 
1110:Drivers/STM32G4xx_HAL_Driver/Src/stm32g4xx_hal_rcc.c **** /**
1111:Drivers/STM32G4xx_HAL_Driver/Src/stm32g4xx_hal_rcc.c ****   * @brief  Return the HCLK frequency.
1112:Drivers/STM32G4xx_HAL_Driver/Src/stm32g4xx_hal_rcc.c ****   * @note   Each time HCLK changes, this function must be called to update the
1113:Drivers/STM32G4xx_HAL_Driver/Src/stm32g4xx_hal_rcc.c ****   *         right HCLK value. Otherwise, any configuration based on this function will be incorrect
1114:Drivers/STM32G4xx_HAL_Driver/Src/stm32g4xx_hal_rcc.c ****   *
ARM GAS  /tmp/ccl1Huei.s 			page 21


1115:Drivers/STM32G4xx_HAL_Driver/Src/stm32g4xx_hal_rcc.c ****   * @note   The SystemCoreClock CMSIS variable is used to store System Clock Frequency.
1116:Drivers/STM32G4xx_HAL_Driver/Src/stm32g4xx_hal_rcc.c ****   * @retval HCLK frequency in Hz
1117:Drivers/STM32G4xx_HAL_Driver/Src/stm32g4xx_hal_rcc.c ****   */
1118:Drivers/STM32G4xx_HAL_Driver/Src/stm32g4xx_hal_rcc.c **** uint32_t HAL_RCC_GetHCLKFreq(void)
1119:Drivers/STM32G4xx_HAL_Driver/Src/stm32g4xx_hal_rcc.c **** {
1120:Drivers/STM32G4xx_HAL_Driver/Src/stm32g4xx_hal_rcc.c ****   return SystemCoreClock;
1121:Drivers/STM32G4xx_HAL_Driver/Src/stm32g4xx_hal_rcc.c **** }
1122:Drivers/STM32G4xx_HAL_Driver/Src/stm32g4xx_hal_rcc.c **** 
1123:Drivers/STM32G4xx_HAL_Driver/Src/stm32g4xx_hal_rcc.c **** /**
1124:Drivers/STM32G4xx_HAL_Driver/Src/stm32g4xx_hal_rcc.c ****   * @brief  Return the PCLK1 frequency.
1125:Drivers/STM32G4xx_HAL_Driver/Src/stm32g4xx_hal_rcc.c ****   * @note   Each time PCLK1 changes, this function must be called to update the
1126:Drivers/STM32G4xx_HAL_Driver/Src/stm32g4xx_hal_rcc.c ****   *         right PCLK1 value. Otherwise, any configuration based on this function will be incorrec
1127:Drivers/STM32G4xx_HAL_Driver/Src/stm32g4xx_hal_rcc.c ****   * @retval PCLK1 frequency in Hz
1128:Drivers/STM32G4xx_HAL_Driver/Src/stm32g4xx_hal_rcc.c ****   */
1129:Drivers/STM32G4xx_HAL_Driver/Src/stm32g4xx_hal_rcc.c **** uint32_t HAL_RCC_GetPCLK1Freq(void)
1130:Drivers/STM32G4xx_HAL_Driver/Src/stm32g4xx_hal_rcc.c **** {
1131:Drivers/STM32G4xx_HAL_Driver/Src/stm32g4xx_hal_rcc.c ****   /* Get HCLK source and Compute PCLK1 frequency ---------------------------*/
1132:Drivers/STM32G4xx_HAL_Driver/Src/stm32g4xx_hal_rcc.c ****   return (HAL_RCC_GetHCLKFreq() >> (APBPrescTable[READ_BIT(RCC->CFGR, RCC_CFGR_PPRE1) >> RCC_CFGR_P
1133:Drivers/STM32G4xx_HAL_Driver/Src/stm32g4xx_hal_rcc.c **** }
1134:Drivers/STM32G4xx_HAL_Driver/Src/stm32g4xx_hal_rcc.c **** 
1135:Drivers/STM32G4xx_HAL_Driver/Src/stm32g4xx_hal_rcc.c **** /**
1136:Drivers/STM32G4xx_HAL_Driver/Src/stm32g4xx_hal_rcc.c ****   * @brief  Return the PCLK2 frequency.
1137:Drivers/STM32G4xx_HAL_Driver/Src/stm32g4xx_hal_rcc.c ****   * @note   Each time PCLK2 changes, this function must be called to update the
1138:Drivers/STM32G4xx_HAL_Driver/Src/stm32g4xx_hal_rcc.c ****   *         right PCLK2 value. Otherwise, any configuration based on this function will be incorrec
1139:Drivers/STM32G4xx_HAL_Driver/Src/stm32g4xx_hal_rcc.c ****   * @retval PCLK2 frequency in Hz
1140:Drivers/STM32G4xx_HAL_Driver/Src/stm32g4xx_hal_rcc.c ****   */
1141:Drivers/STM32G4xx_HAL_Driver/Src/stm32g4xx_hal_rcc.c **** uint32_t HAL_RCC_GetPCLK2Freq(void)
1142:Drivers/STM32G4xx_HAL_Driver/Src/stm32g4xx_hal_rcc.c **** {
1143:Drivers/STM32G4xx_HAL_Driver/Src/stm32g4xx_hal_rcc.c ****   /* Get HCLK source and Compute PCLK2 frequency ---------------------------*/
1144:Drivers/STM32G4xx_HAL_Driver/Src/stm32g4xx_hal_rcc.c ****   return (HAL_RCC_GetHCLKFreq()>> (APBPrescTable[READ_BIT(RCC->CFGR, RCC_CFGR_PPRE2) >> RCC_CFGR_PP
1145:Drivers/STM32G4xx_HAL_Driver/Src/stm32g4xx_hal_rcc.c **** }
1146:Drivers/STM32G4xx_HAL_Driver/Src/stm32g4xx_hal_rcc.c **** 
1147:Drivers/STM32G4xx_HAL_Driver/Src/stm32g4xx_hal_rcc.c **** /**
1148:Drivers/STM32G4xx_HAL_Driver/Src/stm32g4xx_hal_rcc.c ****   * @brief  Configure the RCC_OscInitStruct according to the internal
1149:Drivers/STM32G4xx_HAL_Driver/Src/stm32g4xx_hal_rcc.c ****   *         RCC configuration registers.
1150:Drivers/STM32G4xx_HAL_Driver/Src/stm32g4xx_hal_rcc.c ****   * @param  RCC_OscInitStruct  pointer to an RCC_OscInitTypeDef structure that
1151:Drivers/STM32G4xx_HAL_Driver/Src/stm32g4xx_hal_rcc.c ****   *         will be configured.
1152:Drivers/STM32G4xx_HAL_Driver/Src/stm32g4xx_hal_rcc.c ****   * @retval None
1153:Drivers/STM32G4xx_HAL_Driver/Src/stm32g4xx_hal_rcc.c ****   */
1154:Drivers/STM32G4xx_HAL_Driver/Src/stm32g4xx_hal_rcc.c **** void HAL_RCC_GetOscConfig(RCC_OscInitTypeDef  *RCC_OscInitStruct)
1155:Drivers/STM32G4xx_HAL_Driver/Src/stm32g4xx_hal_rcc.c **** {
1156:Drivers/STM32G4xx_HAL_Driver/Src/stm32g4xx_hal_rcc.c ****   /* Check the parameters */
1157:Drivers/STM32G4xx_HAL_Driver/Src/stm32g4xx_hal_rcc.c ****   assert_param(RCC_OscInitStruct != (void *)NULL);
1158:Drivers/STM32G4xx_HAL_Driver/Src/stm32g4xx_hal_rcc.c **** 
1159:Drivers/STM32G4xx_HAL_Driver/Src/stm32g4xx_hal_rcc.c ****   /* Set all possible values for the Oscillator type parameter ---------------*/
1160:Drivers/STM32G4xx_HAL_Driver/Src/stm32g4xx_hal_rcc.c ****   RCC_OscInitStruct->OscillatorType = RCC_OSCILLATORTYPE_HSE | RCC_OSCILLATORTYPE_HSI | \
1161:Drivers/STM32G4xx_HAL_Driver/Src/stm32g4xx_hal_rcc.c ****                                       RCC_OSCILLATORTYPE_LSE | RCC_OSCILLATORTYPE_LSI | RCC_OSCILLA
1162:Drivers/STM32G4xx_HAL_Driver/Src/stm32g4xx_hal_rcc.c **** 
1163:Drivers/STM32G4xx_HAL_Driver/Src/stm32g4xx_hal_rcc.c ****   /* Get the HSE configuration -----------------------------------------------*/
1164:Drivers/STM32G4xx_HAL_Driver/Src/stm32g4xx_hal_rcc.c ****   if(READ_BIT(RCC->CR, RCC_CR_HSEBYP) == RCC_CR_HSEBYP)
1165:Drivers/STM32G4xx_HAL_Driver/Src/stm32g4xx_hal_rcc.c ****   {
1166:Drivers/STM32G4xx_HAL_Driver/Src/stm32g4xx_hal_rcc.c ****     RCC_OscInitStruct->HSEState = RCC_HSE_BYPASS;
1167:Drivers/STM32G4xx_HAL_Driver/Src/stm32g4xx_hal_rcc.c ****   }
1168:Drivers/STM32G4xx_HAL_Driver/Src/stm32g4xx_hal_rcc.c ****   else if(READ_BIT(RCC->CR, RCC_CR_HSEON) == RCC_CR_HSEON)
1169:Drivers/STM32G4xx_HAL_Driver/Src/stm32g4xx_hal_rcc.c ****   {
1170:Drivers/STM32G4xx_HAL_Driver/Src/stm32g4xx_hal_rcc.c ****     RCC_OscInitStruct->HSEState = RCC_HSE_ON;
1171:Drivers/STM32G4xx_HAL_Driver/Src/stm32g4xx_hal_rcc.c ****   }
ARM GAS  /tmp/ccl1Huei.s 			page 22


1172:Drivers/STM32G4xx_HAL_Driver/Src/stm32g4xx_hal_rcc.c ****   else
1173:Drivers/STM32G4xx_HAL_Driver/Src/stm32g4xx_hal_rcc.c ****   {
1174:Drivers/STM32G4xx_HAL_Driver/Src/stm32g4xx_hal_rcc.c ****     RCC_OscInitStruct->HSEState = RCC_HSE_OFF;
1175:Drivers/STM32G4xx_HAL_Driver/Src/stm32g4xx_hal_rcc.c ****   }
1176:Drivers/STM32G4xx_HAL_Driver/Src/stm32g4xx_hal_rcc.c **** 
1177:Drivers/STM32G4xx_HAL_Driver/Src/stm32g4xx_hal_rcc.c ****   /* Get the HSI configuration -----------------------------------------------*/
1178:Drivers/STM32G4xx_HAL_Driver/Src/stm32g4xx_hal_rcc.c ****   if(READ_BIT(RCC->CR, RCC_CR_HSION) == RCC_CR_HSION)
1179:Drivers/STM32G4xx_HAL_Driver/Src/stm32g4xx_hal_rcc.c ****   {
1180:Drivers/STM32G4xx_HAL_Driver/Src/stm32g4xx_hal_rcc.c ****     RCC_OscInitStruct->HSIState = RCC_HSI_ON;
1181:Drivers/STM32G4xx_HAL_Driver/Src/stm32g4xx_hal_rcc.c ****   }
1182:Drivers/STM32G4xx_HAL_Driver/Src/stm32g4xx_hal_rcc.c ****   else
1183:Drivers/STM32G4xx_HAL_Driver/Src/stm32g4xx_hal_rcc.c ****   {
1184:Drivers/STM32G4xx_HAL_Driver/Src/stm32g4xx_hal_rcc.c ****     RCC_OscInitStruct->HSIState = RCC_HSI_OFF;
1185:Drivers/STM32G4xx_HAL_Driver/Src/stm32g4xx_hal_rcc.c ****   }
1186:Drivers/STM32G4xx_HAL_Driver/Src/stm32g4xx_hal_rcc.c **** 
1187:Drivers/STM32G4xx_HAL_Driver/Src/stm32g4xx_hal_rcc.c ****   RCC_OscInitStruct->HSICalibrationValue = READ_BIT(RCC->ICSCR, RCC_ICSCR_HSITRIM) >> RCC_ICSCR_HSI
1188:Drivers/STM32G4xx_HAL_Driver/Src/stm32g4xx_hal_rcc.c **** 
1189:Drivers/STM32G4xx_HAL_Driver/Src/stm32g4xx_hal_rcc.c ****   /* Get the LSE configuration -----------------------------------------------*/
1190:Drivers/STM32G4xx_HAL_Driver/Src/stm32g4xx_hal_rcc.c ****   if(READ_BIT(RCC->BDCR, RCC_BDCR_LSEBYP) == RCC_BDCR_LSEBYP)
1191:Drivers/STM32G4xx_HAL_Driver/Src/stm32g4xx_hal_rcc.c ****   {
1192:Drivers/STM32G4xx_HAL_Driver/Src/stm32g4xx_hal_rcc.c ****     RCC_OscInitStruct->LSEState = RCC_LSE_BYPASS;
1193:Drivers/STM32G4xx_HAL_Driver/Src/stm32g4xx_hal_rcc.c ****   }
1194:Drivers/STM32G4xx_HAL_Driver/Src/stm32g4xx_hal_rcc.c ****   else if(READ_BIT(RCC->BDCR, RCC_BDCR_LSEON) == RCC_BDCR_LSEON)
1195:Drivers/STM32G4xx_HAL_Driver/Src/stm32g4xx_hal_rcc.c ****   {
1196:Drivers/STM32G4xx_HAL_Driver/Src/stm32g4xx_hal_rcc.c ****     RCC_OscInitStruct->LSEState = RCC_LSE_ON;
1197:Drivers/STM32G4xx_HAL_Driver/Src/stm32g4xx_hal_rcc.c ****   }
1198:Drivers/STM32G4xx_HAL_Driver/Src/stm32g4xx_hal_rcc.c ****   else
1199:Drivers/STM32G4xx_HAL_Driver/Src/stm32g4xx_hal_rcc.c ****   {
1200:Drivers/STM32G4xx_HAL_Driver/Src/stm32g4xx_hal_rcc.c ****     RCC_OscInitStruct->LSEState = RCC_LSE_OFF;
1201:Drivers/STM32G4xx_HAL_Driver/Src/stm32g4xx_hal_rcc.c ****   }
1202:Drivers/STM32G4xx_HAL_Driver/Src/stm32g4xx_hal_rcc.c **** 
1203:Drivers/STM32G4xx_HAL_Driver/Src/stm32g4xx_hal_rcc.c ****   /* Get the LSI configuration -----------------------------------------------*/
1204:Drivers/STM32G4xx_HAL_Driver/Src/stm32g4xx_hal_rcc.c ****   if(READ_BIT(RCC->CSR, RCC_CSR_LSION) == RCC_CSR_LSION)
1205:Drivers/STM32G4xx_HAL_Driver/Src/stm32g4xx_hal_rcc.c ****   {
1206:Drivers/STM32G4xx_HAL_Driver/Src/stm32g4xx_hal_rcc.c ****     RCC_OscInitStruct->LSIState = RCC_LSI_ON;
1207:Drivers/STM32G4xx_HAL_Driver/Src/stm32g4xx_hal_rcc.c ****   }
1208:Drivers/STM32G4xx_HAL_Driver/Src/stm32g4xx_hal_rcc.c ****   else
1209:Drivers/STM32G4xx_HAL_Driver/Src/stm32g4xx_hal_rcc.c ****   {
1210:Drivers/STM32G4xx_HAL_Driver/Src/stm32g4xx_hal_rcc.c ****     RCC_OscInitStruct->LSIState = RCC_LSI_OFF;
1211:Drivers/STM32G4xx_HAL_Driver/Src/stm32g4xx_hal_rcc.c ****   }
1212:Drivers/STM32G4xx_HAL_Driver/Src/stm32g4xx_hal_rcc.c **** 
1213:Drivers/STM32G4xx_HAL_Driver/Src/stm32g4xx_hal_rcc.c ****   /* Get the HSI48 configuration ---------------------------------------------*/
1214:Drivers/STM32G4xx_HAL_Driver/Src/stm32g4xx_hal_rcc.c ****   if(READ_BIT(RCC->CRRCR, RCC_CRRCR_HSI48ON) == RCC_CRRCR_HSI48ON)
1215:Drivers/STM32G4xx_HAL_Driver/Src/stm32g4xx_hal_rcc.c ****   {
1216:Drivers/STM32G4xx_HAL_Driver/Src/stm32g4xx_hal_rcc.c ****     RCC_OscInitStruct->HSI48State = RCC_HSI48_ON;
1217:Drivers/STM32G4xx_HAL_Driver/Src/stm32g4xx_hal_rcc.c ****   }
1218:Drivers/STM32G4xx_HAL_Driver/Src/stm32g4xx_hal_rcc.c ****   else
1219:Drivers/STM32G4xx_HAL_Driver/Src/stm32g4xx_hal_rcc.c ****   {
1220:Drivers/STM32G4xx_HAL_Driver/Src/stm32g4xx_hal_rcc.c ****     RCC_OscInitStruct->HSI48State = RCC_HSI48_OFF;
1221:Drivers/STM32G4xx_HAL_Driver/Src/stm32g4xx_hal_rcc.c ****   }
1222:Drivers/STM32G4xx_HAL_Driver/Src/stm32g4xx_hal_rcc.c **** 
1223:Drivers/STM32G4xx_HAL_Driver/Src/stm32g4xx_hal_rcc.c ****   /* Get the PLL configuration -----------------------------------------------*/
1224:Drivers/STM32G4xx_HAL_Driver/Src/stm32g4xx_hal_rcc.c ****   if(READ_BIT(RCC->CR, RCC_CR_PLLON) == RCC_CR_PLLON)
1225:Drivers/STM32G4xx_HAL_Driver/Src/stm32g4xx_hal_rcc.c ****   {
1226:Drivers/STM32G4xx_HAL_Driver/Src/stm32g4xx_hal_rcc.c ****     RCC_OscInitStruct->PLL.PLLState = RCC_PLL_ON;
1227:Drivers/STM32G4xx_HAL_Driver/Src/stm32g4xx_hal_rcc.c ****   }
1228:Drivers/STM32G4xx_HAL_Driver/Src/stm32g4xx_hal_rcc.c ****   else
ARM GAS  /tmp/ccl1Huei.s 			page 23


1229:Drivers/STM32G4xx_HAL_Driver/Src/stm32g4xx_hal_rcc.c ****   {
1230:Drivers/STM32G4xx_HAL_Driver/Src/stm32g4xx_hal_rcc.c ****     RCC_OscInitStruct->PLL.PLLState = RCC_PLL_OFF;
1231:Drivers/STM32G4xx_HAL_Driver/Src/stm32g4xx_hal_rcc.c ****   }
1232:Drivers/STM32G4xx_HAL_Driver/Src/stm32g4xx_hal_rcc.c ****   RCC_OscInitStruct->PLL.PLLSource = READ_BIT(RCC->PLLCFGR, RCC_PLLCFGR_PLLSRC);
1233:Drivers/STM32G4xx_HAL_Driver/Src/stm32g4xx_hal_rcc.c ****   RCC_OscInitStruct->PLL.PLLM = (READ_BIT(RCC->PLLCFGR, RCC_PLLCFGR_PLLM) >> RCC_PLLCFGR_PLLM_Pos) 
1234:Drivers/STM32G4xx_HAL_Driver/Src/stm32g4xx_hal_rcc.c ****   RCC_OscInitStruct->PLL.PLLN = READ_BIT(RCC->PLLCFGR, RCC_PLLCFGR_PLLN) >> RCC_PLLCFGR_PLLN_Pos;
1235:Drivers/STM32G4xx_HAL_Driver/Src/stm32g4xx_hal_rcc.c ****   RCC_OscInitStruct->PLL.PLLQ = (((READ_BIT(RCC->PLLCFGR, RCC_PLLCFGR_PLLQ) >> RCC_PLLCFGR_PLLQ_Pos
1236:Drivers/STM32G4xx_HAL_Driver/Src/stm32g4xx_hal_rcc.c ****   RCC_OscInitStruct->PLL.PLLR = (((READ_BIT(RCC->PLLCFGR, RCC_PLLCFGR_PLLR) >> RCC_PLLCFGR_PLLR_Pos
1237:Drivers/STM32G4xx_HAL_Driver/Src/stm32g4xx_hal_rcc.c ****   RCC_OscInitStruct->PLL.PLLP = READ_BIT(RCC->PLLCFGR, RCC_PLLCFGR_PLLPDIV) >> RCC_PLLCFGR_PLLPDIV_
1238:Drivers/STM32G4xx_HAL_Driver/Src/stm32g4xx_hal_rcc.c **** }
1239:Drivers/STM32G4xx_HAL_Driver/Src/stm32g4xx_hal_rcc.c **** 
1240:Drivers/STM32G4xx_HAL_Driver/Src/stm32g4xx_hal_rcc.c **** /**
1241:Drivers/STM32G4xx_HAL_Driver/Src/stm32g4xx_hal_rcc.c ****   * @brief  Configure the RCC_ClkInitStruct according to the internal
1242:Drivers/STM32G4xx_HAL_Driver/Src/stm32g4xx_hal_rcc.c ****   *         RCC configuration registers.
1243:Drivers/STM32G4xx_HAL_Driver/Src/stm32g4xx_hal_rcc.c ****   * @param  RCC_ClkInitStruct  pointer to an RCC_ClkInitTypeDef structure that
1244:Drivers/STM32G4xx_HAL_Driver/Src/stm32g4xx_hal_rcc.c ****   *         will be configured.
1245:Drivers/STM32G4xx_HAL_Driver/Src/stm32g4xx_hal_rcc.c ****   * @param  pFLatency  Pointer on the Flash Latency.
1246:Drivers/STM32G4xx_HAL_Driver/Src/stm32g4xx_hal_rcc.c ****   * @retval None
1247:Drivers/STM32G4xx_HAL_Driver/Src/stm32g4xx_hal_rcc.c ****   */
1248:Drivers/STM32G4xx_HAL_Driver/Src/stm32g4xx_hal_rcc.c **** void HAL_RCC_GetClockConfig(RCC_ClkInitTypeDef  *RCC_ClkInitStruct, uint32_t *pFLatency)
1249:Drivers/STM32G4xx_HAL_Driver/Src/stm32g4xx_hal_rcc.c **** {
1250:Drivers/STM32G4xx_HAL_Driver/Src/stm32g4xx_hal_rcc.c ****   /* Check the parameters */
1251:Drivers/STM32G4xx_HAL_Driver/Src/stm32g4xx_hal_rcc.c ****   assert_param(RCC_ClkInitStruct != (void  *)NULL);
1252:Drivers/STM32G4xx_HAL_Driver/Src/stm32g4xx_hal_rcc.c ****   assert_param(pFLatency != (void *)NULL);
1253:Drivers/STM32G4xx_HAL_Driver/Src/stm32g4xx_hal_rcc.c **** 
1254:Drivers/STM32G4xx_HAL_Driver/Src/stm32g4xx_hal_rcc.c ****   /* Set all possible values for the Clock type parameter --------------------*/
1255:Drivers/STM32G4xx_HAL_Driver/Src/stm32g4xx_hal_rcc.c ****   RCC_ClkInitStruct->ClockType = RCC_CLOCKTYPE_SYSCLK | RCC_CLOCKTYPE_HCLK | RCC_CLOCKTYPE_PCLK1 | 
1256:Drivers/STM32G4xx_HAL_Driver/Src/stm32g4xx_hal_rcc.c **** 
1257:Drivers/STM32G4xx_HAL_Driver/Src/stm32g4xx_hal_rcc.c ****   /* Get the SYSCLK configuration --------------------------------------------*/
1258:Drivers/STM32G4xx_HAL_Driver/Src/stm32g4xx_hal_rcc.c ****   RCC_ClkInitStruct->SYSCLKSource = READ_BIT(RCC->CFGR, RCC_CFGR_SW);
1259:Drivers/STM32G4xx_HAL_Driver/Src/stm32g4xx_hal_rcc.c **** 
1260:Drivers/STM32G4xx_HAL_Driver/Src/stm32g4xx_hal_rcc.c ****   /* Get the HCLK configuration ----------------------------------------------*/
1261:Drivers/STM32G4xx_HAL_Driver/Src/stm32g4xx_hal_rcc.c ****   RCC_ClkInitStruct->AHBCLKDivider = READ_BIT(RCC->CFGR, RCC_CFGR_HPRE);
1262:Drivers/STM32G4xx_HAL_Driver/Src/stm32g4xx_hal_rcc.c **** 
1263:Drivers/STM32G4xx_HAL_Driver/Src/stm32g4xx_hal_rcc.c ****   /* Get the APB1 configuration ----------------------------------------------*/
1264:Drivers/STM32G4xx_HAL_Driver/Src/stm32g4xx_hal_rcc.c ****   RCC_ClkInitStruct->APB1CLKDivider = READ_BIT(RCC->CFGR, RCC_CFGR_PPRE1);
1265:Drivers/STM32G4xx_HAL_Driver/Src/stm32g4xx_hal_rcc.c **** 
1266:Drivers/STM32G4xx_HAL_Driver/Src/stm32g4xx_hal_rcc.c ****   /* Get the APB2 configuration ----------------------------------------------*/
1267:Drivers/STM32G4xx_HAL_Driver/Src/stm32g4xx_hal_rcc.c ****   RCC_ClkInitStruct->APB2CLKDivider = (READ_BIT(RCC->CFGR, RCC_CFGR_PPRE2) >> 3U);
1268:Drivers/STM32G4xx_HAL_Driver/Src/stm32g4xx_hal_rcc.c **** 
1269:Drivers/STM32G4xx_HAL_Driver/Src/stm32g4xx_hal_rcc.c ****   /* Get the Flash Wait State (Latency) configuration ------------------------*/
1270:Drivers/STM32G4xx_HAL_Driver/Src/stm32g4xx_hal_rcc.c ****   *pFLatency = __HAL_FLASH_GET_LATENCY();
1271:Drivers/STM32G4xx_HAL_Driver/Src/stm32g4xx_hal_rcc.c **** }
1272:Drivers/STM32G4xx_HAL_Driver/Src/stm32g4xx_hal_rcc.c **** 
1273:Drivers/STM32G4xx_HAL_Driver/Src/stm32g4xx_hal_rcc.c **** /**
1274:Drivers/STM32G4xx_HAL_Driver/Src/stm32g4xx_hal_rcc.c ****   * @brief  Enable the Clock Security System.
1275:Drivers/STM32G4xx_HAL_Driver/Src/stm32g4xx_hal_rcc.c ****   * @note   If a failure is detected on the HSE oscillator clock, this oscillator
1276:Drivers/STM32G4xx_HAL_Driver/Src/stm32g4xx_hal_rcc.c ****   *         is automatically disabled and an interrupt is generated to inform the
1277:Drivers/STM32G4xx_HAL_Driver/Src/stm32g4xx_hal_rcc.c ****   *         software about the failure (Clock Security System Interrupt, CSSI),
1278:Drivers/STM32G4xx_HAL_Driver/Src/stm32g4xx_hal_rcc.c ****   *         allowing the MCU to perform rescue operations. The CSSI is linked to
1279:Drivers/STM32G4xx_HAL_Driver/Src/stm32g4xx_hal_rcc.c ****   *         the Cortex-M4 NMI (Non-Maskable Interrupt) exception vector.
1280:Drivers/STM32G4xx_HAL_Driver/Src/stm32g4xx_hal_rcc.c ****   * @note   The Clock Security System can only be cleared by reset.
1281:Drivers/STM32G4xx_HAL_Driver/Src/stm32g4xx_hal_rcc.c ****   * @retval None
1282:Drivers/STM32G4xx_HAL_Driver/Src/stm32g4xx_hal_rcc.c ****   */
1283:Drivers/STM32G4xx_HAL_Driver/Src/stm32g4xx_hal_rcc.c **** void HAL_RCC_EnableCSS(void)
1284:Drivers/STM32G4xx_HAL_Driver/Src/stm32g4xx_hal_rcc.c **** {
1285:Drivers/STM32G4xx_HAL_Driver/Src/stm32g4xx_hal_rcc.c ****   SET_BIT(RCC->CR, RCC_CR_CSSON) ;
ARM GAS  /tmp/ccl1Huei.s 			page 24


1286:Drivers/STM32G4xx_HAL_Driver/Src/stm32g4xx_hal_rcc.c **** }
1287:Drivers/STM32G4xx_HAL_Driver/Src/stm32g4xx_hal_rcc.c **** 
1288:Drivers/STM32G4xx_HAL_Driver/Src/stm32g4xx_hal_rcc.c **** /**
1289:Drivers/STM32G4xx_HAL_Driver/Src/stm32g4xx_hal_rcc.c ****   * @brief  Enable the LSE Clock Security System.
1290:Drivers/STM32G4xx_HAL_Driver/Src/stm32g4xx_hal_rcc.c ****   * @note   If a failure is detected on the external 32 kHz oscillator,
1291:Drivers/STM32G4xx_HAL_Driver/Src/stm32g4xx_hal_rcc.c ****   *         the LSE clock is no longer supplied to the RTC but no hardware action
1292:Drivers/STM32G4xx_HAL_Driver/Src/stm32g4xx_hal_rcc.c ****   *         is made to the registers. If enabled, an interrupt will be generated
1293:Drivers/STM32G4xx_HAL_Driver/Src/stm32g4xx_hal_rcc.c ****   *         and handle through @ref RCCEx_EXTI_LINE_LSECSS
1294:Drivers/STM32G4xx_HAL_Driver/Src/stm32g4xx_hal_rcc.c ****   * @note   The Clock Security System can only be cleared by reset or after a LSE failure detection
1295:Drivers/STM32G4xx_HAL_Driver/Src/stm32g4xx_hal_rcc.c ****   * @retval None
1296:Drivers/STM32G4xx_HAL_Driver/Src/stm32g4xx_hal_rcc.c ****   */
1297:Drivers/STM32G4xx_HAL_Driver/Src/stm32g4xx_hal_rcc.c **** void HAL_RCC_EnableLSECSS(void)
1298:Drivers/STM32G4xx_HAL_Driver/Src/stm32g4xx_hal_rcc.c **** {
1299:Drivers/STM32G4xx_HAL_Driver/Src/stm32g4xx_hal_rcc.c ****   SET_BIT(RCC->BDCR, RCC_BDCR_LSECSSON) ;
1300:Drivers/STM32G4xx_HAL_Driver/Src/stm32g4xx_hal_rcc.c **** }
1301:Drivers/STM32G4xx_HAL_Driver/Src/stm32g4xx_hal_rcc.c **** 
1302:Drivers/STM32G4xx_HAL_Driver/Src/stm32g4xx_hal_rcc.c **** /**
1303:Drivers/STM32G4xx_HAL_Driver/Src/stm32g4xx_hal_rcc.c ****   * @brief  Disable the LSE Clock Security System.
1304:Drivers/STM32G4xx_HAL_Driver/Src/stm32g4xx_hal_rcc.c ****   * @note   After LSE failure detection, the software must disable LSECSSON
1305:Drivers/STM32G4xx_HAL_Driver/Src/stm32g4xx_hal_rcc.c ****   * @note   The Clock Security System can only be cleared by reset otherwise.
1306:Drivers/STM32G4xx_HAL_Driver/Src/stm32g4xx_hal_rcc.c ****   * @retval None
1307:Drivers/STM32G4xx_HAL_Driver/Src/stm32g4xx_hal_rcc.c ****   */
1308:Drivers/STM32G4xx_HAL_Driver/Src/stm32g4xx_hal_rcc.c **** void HAL_RCC_DisableLSECSS(void)
1309:Drivers/STM32G4xx_HAL_Driver/Src/stm32g4xx_hal_rcc.c **** {
1310:Drivers/STM32G4xx_HAL_Driver/Src/stm32g4xx_hal_rcc.c ****   CLEAR_BIT(RCC->BDCR, RCC_BDCR_LSECSSON) ;
1311:Drivers/STM32G4xx_HAL_Driver/Src/stm32g4xx_hal_rcc.c **** }
1312:Drivers/STM32G4xx_HAL_Driver/Src/stm32g4xx_hal_rcc.c **** 
1313:Drivers/STM32G4xx_HAL_Driver/Src/stm32g4xx_hal_rcc.c **** /**
1314:Drivers/STM32G4xx_HAL_Driver/Src/stm32g4xx_hal_rcc.c ****   * @brief Handle the RCC Clock Security System interrupt request.
1315:Drivers/STM32G4xx_HAL_Driver/Src/stm32g4xx_hal_rcc.c ****   * @note This API should be called under the NMI_Handler().
1316:Drivers/STM32G4xx_HAL_Driver/Src/stm32g4xx_hal_rcc.c ****   * @retval None
1317:Drivers/STM32G4xx_HAL_Driver/Src/stm32g4xx_hal_rcc.c ****   */
1318:Drivers/STM32G4xx_HAL_Driver/Src/stm32g4xx_hal_rcc.c **** void HAL_RCC_NMI_IRQHandler(void)
1319:Drivers/STM32G4xx_HAL_Driver/Src/stm32g4xx_hal_rcc.c **** {
1320:Drivers/STM32G4xx_HAL_Driver/Src/stm32g4xx_hal_rcc.c ****   /* Check RCC CSSF interrupt flag  */
1321:Drivers/STM32G4xx_HAL_Driver/Src/stm32g4xx_hal_rcc.c ****   if(__HAL_RCC_GET_IT(RCC_IT_CSS))
1322:Drivers/STM32G4xx_HAL_Driver/Src/stm32g4xx_hal_rcc.c ****   {
1323:Drivers/STM32G4xx_HAL_Driver/Src/stm32g4xx_hal_rcc.c ****     /* RCC Clock Security System interrupt user callback */
1324:Drivers/STM32G4xx_HAL_Driver/Src/stm32g4xx_hal_rcc.c ****     HAL_RCC_CSSCallback();
1325:Drivers/STM32G4xx_HAL_Driver/Src/stm32g4xx_hal_rcc.c **** 
1326:Drivers/STM32G4xx_HAL_Driver/Src/stm32g4xx_hal_rcc.c ****     /* Clear RCC CSS pending bit */
1327:Drivers/STM32G4xx_HAL_Driver/Src/stm32g4xx_hal_rcc.c ****     __HAL_RCC_CLEAR_IT(RCC_IT_CSS);
1328:Drivers/STM32G4xx_HAL_Driver/Src/stm32g4xx_hal_rcc.c ****   }
1329:Drivers/STM32G4xx_HAL_Driver/Src/stm32g4xx_hal_rcc.c **** }
1330:Drivers/STM32G4xx_HAL_Driver/Src/stm32g4xx_hal_rcc.c **** 
1331:Drivers/STM32G4xx_HAL_Driver/Src/stm32g4xx_hal_rcc.c **** /**
1332:Drivers/STM32G4xx_HAL_Driver/Src/stm32g4xx_hal_rcc.c ****   * @brief  RCC Clock Security System interrupt callback.
1333:Drivers/STM32G4xx_HAL_Driver/Src/stm32g4xx_hal_rcc.c ****   * @retval none
1334:Drivers/STM32G4xx_HAL_Driver/Src/stm32g4xx_hal_rcc.c ****   */
1335:Drivers/STM32G4xx_HAL_Driver/Src/stm32g4xx_hal_rcc.c **** __weak void HAL_RCC_CSSCallback(void)
1336:Drivers/STM32G4xx_HAL_Driver/Src/stm32g4xx_hal_rcc.c **** {
1337:Drivers/STM32G4xx_HAL_Driver/Src/stm32g4xx_hal_rcc.c ****   /* NOTE : This function should not be modified, when the callback is needed,
1338:Drivers/STM32G4xx_HAL_Driver/Src/stm32g4xx_hal_rcc.c ****             the HAL_RCC_CSSCallback should be implemented in the user file
1339:Drivers/STM32G4xx_HAL_Driver/Src/stm32g4xx_hal_rcc.c ****    */
1340:Drivers/STM32G4xx_HAL_Driver/Src/stm32g4xx_hal_rcc.c **** }
1341:Drivers/STM32G4xx_HAL_Driver/Src/stm32g4xx_hal_rcc.c **** 
1342:Drivers/STM32G4xx_HAL_Driver/Src/stm32g4xx_hal_rcc.c **** /**
ARM GAS  /tmp/ccl1Huei.s 			page 25


1343:Drivers/STM32G4xx_HAL_Driver/Src/stm32g4xx_hal_rcc.c ****   * @}
1344:Drivers/STM32G4xx_HAL_Driver/Src/stm32g4xx_hal_rcc.c ****   */
1345:Drivers/STM32G4xx_HAL_Driver/Src/stm32g4xx_hal_rcc.c **** 
1346:Drivers/STM32G4xx_HAL_Driver/Src/stm32g4xx_hal_rcc.c **** /**
1347:Drivers/STM32G4xx_HAL_Driver/Src/stm32g4xx_hal_rcc.c ****   * @}
1348:Drivers/STM32G4xx_HAL_Driver/Src/stm32g4xx_hal_rcc.c ****   */
1349:Drivers/STM32G4xx_HAL_Driver/Src/stm32g4xx_hal_rcc.c **** 
1350:Drivers/STM32G4xx_HAL_Driver/Src/stm32g4xx_hal_rcc.c **** /* Private function prototypes -----------------------------------------------*/
1351:Drivers/STM32G4xx_HAL_Driver/Src/stm32g4xx_hal_rcc.c **** /** @addtogroup RCC_Private_Functions
1352:Drivers/STM32G4xx_HAL_Driver/Src/stm32g4xx_hal_rcc.c ****   * @{
1353:Drivers/STM32G4xx_HAL_Driver/Src/stm32g4xx_hal_rcc.c ****   */
1354:Drivers/STM32G4xx_HAL_Driver/Src/stm32g4xx_hal_rcc.c **** 
1355:Drivers/STM32G4xx_HAL_Driver/Src/stm32g4xx_hal_rcc.c **** /**
1356:Drivers/STM32G4xx_HAL_Driver/Src/stm32g4xx_hal_rcc.c ****   * @brief  Compute SYSCLK frequency based on PLL SYSCLK source.
1357:Drivers/STM32G4xx_HAL_Driver/Src/stm32g4xx_hal_rcc.c ****   * @retval SYSCLK frequency
1358:Drivers/STM32G4xx_HAL_Driver/Src/stm32g4xx_hal_rcc.c ****   */
1359:Drivers/STM32G4xx_HAL_Driver/Src/stm32g4xx_hal_rcc.c **** static uint32_t RCC_GetSysClockFreqFromPLLSource(void)
1360:Drivers/STM32G4xx_HAL_Driver/Src/stm32g4xx_hal_rcc.c **** {
  28              		.loc 1 1360 1 view -0
  29              		.cfi_startproc
  30              		@ args = 0, pretend = 0, frame = 0
  31              		@ frame_needed = 0, uses_anonymous_args = 0
  32              		@ link register save eliminated.
1361:Drivers/STM32G4xx_HAL_Driver/Src/stm32g4xx_hal_rcc.c ****   uint32_t pllvco, pllsource, pllr, pllm;
  33              		.loc 1 1361 3 view .LVU1
1362:Drivers/STM32G4xx_HAL_Driver/Src/stm32g4xx_hal_rcc.c ****   uint32_t sysclockfreq;
  34              		.loc 1 1362 3 view .LVU2
1363:Drivers/STM32G4xx_HAL_Driver/Src/stm32g4xx_hal_rcc.c **** 
1364:Drivers/STM32G4xx_HAL_Driver/Src/stm32g4xx_hal_rcc.c ****   /* PLL_VCO = (HSE_VALUE or HSI_VALUE/ PLLM) * PLLN
1365:Drivers/STM32G4xx_HAL_Driver/Src/stm32g4xx_hal_rcc.c ****      SYSCLK = PLL_VCO / PLLR
1366:Drivers/STM32G4xx_HAL_Driver/Src/stm32g4xx_hal_rcc.c ****    */
1367:Drivers/STM32G4xx_HAL_Driver/Src/stm32g4xx_hal_rcc.c ****   pllsource = READ_BIT(RCC->PLLCFGR, RCC_PLLCFGR_PLLSRC);
  35              		.loc 1 1367 3 view .LVU3
  36              		.loc 1 1367 15 is_stmt 0 view .LVU4
  37 0000 124B     		ldr	r3, .L5
  38 0002 DA68     		ldr	r2, [r3, #12]
  39              		.loc 1 1367 13 view .LVU5
  40 0004 02F00302 		and	r2, r2, #3
  41              	.LVL0:
1368:Drivers/STM32G4xx_HAL_Driver/Src/stm32g4xx_hal_rcc.c ****   pllm = (READ_BIT(RCC->PLLCFGR, RCC_PLLCFGR_PLLM) >> RCC_PLLCFGR_PLLM_Pos) + 1U ;
  42              		.loc 1 1368 3 is_stmt 1 view .LVU6
  43              		.loc 1 1368 11 is_stmt 0 view .LVU7
  44 0008 DB68     		ldr	r3, [r3, #12]
  45              		.loc 1 1368 52 view .LVU8
  46 000a C3F30313 		ubfx	r3, r3, #4, #4
  47              		.loc 1 1368 8 view .LVU9
  48 000e 0133     		adds	r3, r3, #1
  49              	.LVL1:
1369:Drivers/STM32G4xx_HAL_Driver/Src/stm32g4xx_hal_rcc.c **** 
1370:Drivers/STM32G4xx_HAL_Driver/Src/stm32g4xx_hal_rcc.c ****   switch (pllsource)
  50              		.loc 1 1370 3 is_stmt 1 view .LVU10
  51 0010 032A     		cmp	r2, #3
  52 0012 11D0     		beq	.L4
1371:Drivers/STM32G4xx_HAL_Driver/Src/stm32g4xx_hal_rcc.c ****   {
1372:Drivers/STM32G4xx_HAL_Driver/Src/stm32g4xx_hal_rcc.c ****   case RCC_PLLSOURCE_HSE:  /* HSE used as PLL clock source */
1373:Drivers/STM32G4xx_HAL_Driver/Src/stm32g4xx_hal_rcc.c ****     pllvco = (HSE_VALUE / pllm) * (READ_BIT(RCC->PLLCFGR, RCC_PLLCFGR_PLLN) >> RCC_PLLCFGR_PLLN_Pos
1374:Drivers/STM32G4xx_HAL_Driver/Src/stm32g4xx_hal_rcc.c ****     break;
ARM GAS  /tmp/ccl1Huei.s 			page 26


1375:Drivers/STM32G4xx_HAL_Driver/Src/stm32g4xx_hal_rcc.c **** 
1376:Drivers/STM32G4xx_HAL_Driver/Src/stm32g4xx_hal_rcc.c ****   case RCC_PLLSOURCE_HSI:  /* HSI used as PLL clock source */
1377:Drivers/STM32G4xx_HAL_Driver/Src/stm32g4xx_hal_rcc.c ****   default:
1378:Drivers/STM32G4xx_HAL_Driver/Src/stm32g4xx_hal_rcc.c ****     pllvco = (HSI_VALUE / pllm) * (READ_BIT(RCC->PLLCFGR, RCC_PLLCFGR_PLLN) >> RCC_PLLCFGR_PLLN_Pos
  53              		.loc 1 1378 5 view .LVU11
  54              		.loc 1 1378 25 is_stmt 0 view .LVU12
  55 0014 0E48     		ldr	r0, .L5+4
  56 0016 B0FBF3F0 		udiv	r0, r0, r3
  57              		.loc 1 1378 36 view .LVU13
  58 001a 0C4B     		ldr	r3, .L5
  59              	.LVL2:
  60              		.loc 1 1378 36 view .LVU14
  61 001c DB68     		ldr	r3, [r3, #12]
  62              		.loc 1 1378 77 view .LVU15
  63 001e C3F30623 		ubfx	r3, r3, #8, #7
  64              		.loc 1 1378 12 view .LVU16
  65 0022 03FB00F0 		mul	r0, r3, r0
  66              	.LVL3:
1379:Drivers/STM32G4xx_HAL_Driver/Src/stm32g4xx_hal_rcc.c ****     break;
  67              		.loc 1 1379 5 is_stmt 1 view .LVU17
  68              	.L3:
1380:Drivers/STM32G4xx_HAL_Driver/Src/stm32g4xx_hal_rcc.c ****   }
1381:Drivers/STM32G4xx_HAL_Driver/Src/stm32g4xx_hal_rcc.c **** 
1382:Drivers/STM32G4xx_HAL_Driver/Src/stm32g4xx_hal_rcc.c ****   pllr = ((READ_BIT(RCC->PLLCFGR, RCC_PLLCFGR_PLLR) >> RCC_PLLCFGR_PLLR_Pos) + 1U ) * 2U;
  69              		.loc 1 1382 3 view .LVU18
  70              		.loc 1 1382 12 is_stmt 0 view .LVU19
  71 0026 094B     		ldr	r3, .L5
  72 0028 DB68     		ldr	r3, [r3, #12]
  73              		.loc 1 1382 53 view .LVU20
  74 002a C3F34163 		ubfx	r3, r3, #25, #2
  75              		.loc 1 1382 78 view .LVU21
  76 002e 0133     		adds	r3, r3, #1
  77              		.loc 1 1382 8 view .LVU22
  78 0030 5B00     		lsls	r3, r3, #1
  79              	.LVL4:
1383:Drivers/STM32G4xx_HAL_Driver/Src/stm32g4xx_hal_rcc.c ****   sysclockfreq = pllvco/pllr;
  80              		.loc 1 1383 3 is_stmt 1 view .LVU23
1384:Drivers/STM32G4xx_HAL_Driver/Src/stm32g4xx_hal_rcc.c **** 
1385:Drivers/STM32G4xx_HAL_Driver/Src/stm32g4xx_hal_rcc.c ****   return sysclockfreq;
  81              		.loc 1 1385 3 view .LVU24
1386:Drivers/STM32G4xx_HAL_Driver/Src/stm32g4xx_hal_rcc.c **** }
  82              		.loc 1 1386 1 is_stmt 0 view .LVU25
  83 0032 B0FBF3F0 		udiv	r0, r0, r3
  84              	.LVL5:
  85              		.loc 1 1386 1 view .LVU26
  86 0036 7047     		bx	lr
  87              	.LVL6:
  88              	.L4:
1373:Drivers/STM32G4xx_HAL_Driver/Src/stm32g4xx_hal_rcc.c ****     break;
  89              		.loc 1 1373 5 is_stmt 1 view .LVU27
1373:Drivers/STM32G4xx_HAL_Driver/Src/stm32g4xx_hal_rcc.c ****     break;
  90              		.loc 1 1373 25 is_stmt 0 view .LVU28
  91 0038 0548     		ldr	r0, .L5+4
  92 003a B0FBF3F0 		udiv	r0, r0, r3
1373:Drivers/STM32G4xx_HAL_Driver/Src/stm32g4xx_hal_rcc.c ****     break;
  93              		.loc 1 1373 36 view .LVU29
  94 003e 034B     		ldr	r3, .L5
ARM GAS  /tmp/ccl1Huei.s 			page 27


  95              	.LVL7:
1373:Drivers/STM32G4xx_HAL_Driver/Src/stm32g4xx_hal_rcc.c ****     break;
  96              		.loc 1 1373 36 view .LVU30
  97 0040 DB68     		ldr	r3, [r3, #12]
1373:Drivers/STM32G4xx_HAL_Driver/Src/stm32g4xx_hal_rcc.c ****     break;
  98              		.loc 1 1373 77 view .LVU31
  99 0042 C3F30623 		ubfx	r3, r3, #8, #7
1373:Drivers/STM32G4xx_HAL_Driver/Src/stm32g4xx_hal_rcc.c ****     break;
 100              		.loc 1 1373 12 view .LVU32
 101 0046 03FB00F0 		mul	r0, r3, r0
 102              	.LVL8:
1374:Drivers/STM32G4xx_HAL_Driver/Src/stm32g4xx_hal_rcc.c **** 
 103              		.loc 1 1374 5 is_stmt 1 view .LVU33
 104 004a ECE7     		b	.L3
 105              	.L6:
 106              		.align	2
 107              	.L5:
 108 004c 00100240 		.word	1073876992
 109 0050 0024F400 		.word	16000000
 110              		.cfi_endproc
 111              	.LFE344:
 113              		.section	.text.HAL_RCC_DeInit,"ax",%progbits
 114              		.align	1
 115              		.global	HAL_RCC_DeInit
 116              		.syntax unified
 117              		.thumb
 118              		.thumb_func
 120              	HAL_RCC_DeInit:
 121              	.LFB329:
 220:Drivers/STM32G4xx_HAL_Driver/Src/stm32g4xx_hal_rcc.c ****   uint32_t tickstart;
 122              		.loc 1 220 1 view -0
 123              		.cfi_startproc
 124              		@ args = 0, pretend = 0, frame = 0
 125              		@ frame_needed = 0, uses_anonymous_args = 0
 126 0000 38B5     		push	{r3, r4, r5, lr}
 127              	.LCFI0:
 128              		.cfi_def_cfa_offset 16
 129              		.cfi_offset 3, -16
 130              		.cfi_offset 4, -12
 131              		.cfi_offset 5, -8
 132              		.cfi_offset 14, -4
 221:Drivers/STM32G4xx_HAL_Driver/Src/stm32g4xx_hal_rcc.c **** 
 133              		.loc 1 221 3 view .LVU35
 224:Drivers/STM32G4xx_HAL_Driver/Src/stm32g4xx_hal_rcc.c **** 
 134              		.loc 1 224 3 view .LVU36
 224:Drivers/STM32G4xx_HAL_Driver/Src/stm32g4xx_hal_rcc.c **** 
 135              		.loc 1 224 15 is_stmt 0 view .LVU37
 136 0002 FFF7FEFF 		bl	HAL_GetTick
 137              	.LVL9:
 138 0006 0446     		mov	r4, r0
 139              	.LVL10:
 227:Drivers/STM32G4xx_HAL_Driver/Src/stm32g4xx_hal_rcc.c **** 
 140              		.loc 1 227 3 is_stmt 1 view .LVU38
 141 0008 2B4A     		ldr	r2, .L22
 142 000a 1368     		ldr	r3, [r2]
 143 000c 43F48073 		orr	r3, r3, #256
 144 0010 1360     		str	r3, [r2]
ARM GAS  /tmp/ccl1Huei.s 			page 28


 230:Drivers/STM32G4xx_HAL_Driver/Src/stm32g4xx_hal_rcc.c ****   {
 145              		.loc 1 230 3 view .LVU39
 146              	.LVL11:
 147              	.L8:
 230:Drivers/STM32G4xx_HAL_Driver/Src/stm32g4xx_hal_rcc.c ****   {
 148              		.loc 1 230 43 discriminator 1 view .LVU40
 230:Drivers/STM32G4xx_HAL_Driver/Src/stm32g4xx_hal_rcc.c ****   {
 149              		.loc 1 230 10 is_stmt 0 discriminator 1 view .LVU41
 150 0012 294B     		ldr	r3, .L22
 151 0014 1B68     		ldr	r3, [r3]
 230:Drivers/STM32G4xx_HAL_Driver/Src/stm32g4xx_hal_rcc.c ****   {
 152              		.loc 1 230 43 discriminator 1 view .LVU42
 153 0016 13F4806F 		tst	r3, #1024
 154 001a 07D1     		bne	.L18
 232:Drivers/STM32G4xx_HAL_Driver/Src/stm32g4xx_hal_rcc.c ****     {
 155              		.loc 1 232 5 is_stmt 1 view .LVU43
 232:Drivers/STM32G4xx_HAL_Driver/Src/stm32g4xx_hal_rcc.c ****     {
 156              		.loc 1 232 10 is_stmt 0 view .LVU44
 157 001c FFF7FEFF 		bl	HAL_GetTick
 158              	.LVL12:
 232:Drivers/STM32G4xx_HAL_Driver/Src/stm32g4xx_hal_rcc.c ****     {
 159              		.loc 1 232 24 discriminator 1 view .LVU45
 160 0020 001B     		subs	r0, r0, r4
 232:Drivers/STM32G4xx_HAL_Driver/Src/stm32g4xx_hal_rcc.c ****     {
 161              		.loc 1 232 8 discriminator 1 view .LVU46
 162 0022 0228     		cmp	r0, #2
 163 0024 F5D9     		bls	.L8
 164              	.LVL13:
 165              	.L12:
 234:Drivers/STM32G4xx_HAL_Driver/Src/stm32g4xx_hal_rcc.c ****     }
 166              		.loc 1 234 14 view .LVU47
 167 0026 0324     		movs	r4, #3
 168              	.L9:
 296:Drivers/STM32G4xx_HAL_Driver/Src/stm32g4xx_hal_rcc.c **** 
 169              		.loc 1 296 1 view .LVU48
 170 0028 2046     		mov	r0, r4
 171 002a 38BD     		pop	{r3, r4, r5, pc}
 172              	.LVL14:
 173              	.L18:
 239:Drivers/STM32G4xx_HAL_Driver/Src/stm32g4xx_hal_rcc.c **** 
 174              		.loc 1 239 3 is_stmt 1 view .LVU49
 175 002c 224D     		ldr	r5, .L22
 176 002e 6B68     		ldr	r3, [r5, #4]
 177 0030 43F08043 		orr	r3, r3, #1073741824
 178 0034 6B60     		str	r3, [r5, #4]
 242:Drivers/STM32G4xx_HAL_Driver/Src/stm32g4xx_hal_rcc.c **** 
 179              		.loc 1 242 3 view .LVU50
 242:Drivers/STM32G4xx_HAL_Driver/Src/stm32g4xx_hal_rcc.c **** 
 180              		.loc 1 242 15 is_stmt 0 view .LVU51
 181 0036 FFF7FEFF 		bl	HAL_GetTick
 182              	.LVL15:
 183 003a 0446     		mov	r4, r0
 184              	.LVL16:
 245:Drivers/STM32G4xx_HAL_Driver/Src/stm32g4xx_hal_rcc.c **** 
 185              		.loc 1 245 3 is_stmt 1 view .LVU52
 245:Drivers/STM32G4xx_HAL_Driver/Src/stm32g4xx_hal_rcc.c **** 
 186              		.loc 1 245 13 is_stmt 0 view .LVU53
ARM GAS  /tmp/ccl1Huei.s 			page 29


 187 003c 0123     		movs	r3, #1
 188 003e AB60     		str	r3, [r5, #8]
 248:Drivers/STM32G4xx_HAL_Driver/Src/stm32g4xx_hal_rcc.c ****   {
 189              		.loc 1 248 3 is_stmt 1 view .LVU54
 190              	.LVL17:
 191              	.L11:
 248:Drivers/STM32G4xx_HAL_Driver/Src/stm32g4xx_hal_rcc.c ****   {
 192              		.loc 1 248 44 discriminator 1 view .LVU55
 248:Drivers/STM32G4xx_HAL_Driver/Src/stm32g4xx_hal_rcc.c ****   {
 193              		.loc 1 248 10 is_stmt 0 discriminator 1 view .LVU56
 194 0040 1D4B     		ldr	r3, .L22
 195 0042 9B68     		ldr	r3, [r3, #8]
 196 0044 03F00C03 		and	r3, r3, #12
 248:Drivers/STM32G4xx_HAL_Driver/Src/stm32g4xx_hal_rcc.c ****   {
 197              		.loc 1 248 44 discriminator 1 view .LVU57
 198 0048 042B     		cmp	r3, #4
 199 004a 07D0     		beq	.L19
 250:Drivers/STM32G4xx_HAL_Driver/Src/stm32g4xx_hal_rcc.c ****     {
 200              		.loc 1 250 5 is_stmt 1 view .LVU58
 250:Drivers/STM32G4xx_HAL_Driver/Src/stm32g4xx_hal_rcc.c ****     {
 201              		.loc 1 250 10 is_stmt 0 view .LVU59
 202 004c FFF7FEFF 		bl	HAL_GetTick
 203              	.LVL18:
 250:Drivers/STM32G4xx_HAL_Driver/Src/stm32g4xx_hal_rcc.c ****     {
 204              		.loc 1 250 24 discriminator 1 view .LVU60
 205 0050 001B     		subs	r0, r0, r4
 250:Drivers/STM32G4xx_HAL_Driver/Src/stm32g4xx_hal_rcc.c ****     {
 206              		.loc 1 250 8 discriminator 1 view .LVU61
 207 0052 41F28833 		movw	r3, #5000
 208 0056 9842     		cmp	r0, r3
 209 0058 F2D9     		bls	.L11
 210 005a E4E7     		b	.L12
 211              	.L19:
 257:Drivers/STM32G4xx_HAL_Driver/Src/stm32g4xx_hal_rcc.c **** 
 212              		.loc 1 257 3 is_stmt 1 view .LVU62
 257:Drivers/STM32G4xx_HAL_Driver/Src/stm32g4xx_hal_rcc.c **** 
 213              		.loc 1 257 19 is_stmt 0 view .LVU63
 214 005c 174B     		ldr	r3, .L22+4
 215 005e 184A     		ldr	r2, .L22+8
 216 0060 1A60     		str	r2, [r3]
 260:Drivers/STM32G4xx_HAL_Driver/Src/stm32g4xx_hal_rcc.c ****   {
 217              		.loc 1 260 3 is_stmt 1 view .LVU64
 260:Drivers/STM32G4xx_HAL_Driver/Src/stm32g4xx_hal_rcc.c ****   {
 218              		.loc 1 260 7 is_stmt 0 view .LVU65
 219 0062 184B     		ldr	r3, .L22+12
 220 0064 1868     		ldr	r0, [r3]
 221 0066 FFF7FEFF 		bl	HAL_InitTick
 222              	.LVL19:
 260:Drivers/STM32G4xx_HAL_Driver/Src/stm32g4xx_hal_rcc.c ****   {
 223              		.loc 1 260 6 discriminator 1 view .LVU66
 224 006a 0446     		mov	r4, r0
 225              	.LVL20:
 260:Drivers/STM32G4xx_HAL_Driver/Src/stm32g4xx_hal_rcc.c ****   {
 226              		.loc 1 260 6 discriminator 1 view .LVU67
 227 006c 08B1     		cbz	r0, .L20
 262:Drivers/STM32G4xx_HAL_Driver/Src/stm32g4xx_hal_rcc.c ****   }
 228              		.loc 1 262 12 view .LVU68
ARM GAS  /tmp/ccl1Huei.s 			page 30


 229 006e 0124     		movs	r4, #1
 230 0070 DAE7     		b	.L9
 231              	.L20:
 266:Drivers/STM32G4xx_HAL_Driver/Src/stm32g4xx_hal_rcc.c **** 
 232              		.loc 1 266 3 is_stmt 1 view .LVU69
 266:Drivers/STM32G4xx_HAL_Driver/Src/stm32g4xx_hal_rcc.c **** 
 233              		.loc 1 266 11 is_stmt 0 view .LVU70
 234 0072 114B     		ldr	r3, .L22
 235 0074 4FF48072 		mov	r2, #256
 236 0078 1A60     		str	r2, [r3]
 269:Drivers/STM32G4xx_HAL_Driver/Src/stm32g4xx_hal_rcc.c **** 
 237              		.loc 1 269 3 is_stmt 1 view .LVU71
 269:Drivers/STM32G4xx_HAL_Driver/Src/stm32g4xx_hal_rcc.c **** 
 238              		.loc 1 269 11 is_stmt 0 view .LVU72
 239 007a 1A60     		str	r2, [r3]
 272:Drivers/STM32G4xx_HAL_Driver/Src/stm32g4xx_hal_rcc.c **** 
 240              		.loc 1 272 3 is_stmt 1 view .LVU73
 272:Drivers/STM32G4xx_HAL_Driver/Src/stm32g4xx_hal_rcc.c **** 
 241              		.loc 1 272 15 is_stmt 0 view .LVU74
 242 007c FFF7FEFF 		bl	HAL_GetTick
 243              	.LVL21:
 244 0080 0546     		mov	r5, r0
 245              	.LVL22:
 275:Drivers/STM32G4xx_HAL_Driver/Src/stm32g4xx_hal_rcc.c ****   {
 246              		.loc 1 275 3 is_stmt 1 view .LVU75
 247              	.L14:
 275:Drivers/STM32G4xx_HAL_Driver/Src/stm32g4xx_hal_rcc.c ****   {
 248              		.loc 1 275 43 discriminator 1 view .LVU76
 275:Drivers/STM32G4xx_HAL_Driver/Src/stm32g4xx_hal_rcc.c ****   {
 249              		.loc 1 275 10 is_stmt 0 discriminator 1 view .LVU77
 250 0082 0D4B     		ldr	r3, .L22
 251 0084 1B68     		ldr	r3, [r3]
 275:Drivers/STM32G4xx_HAL_Driver/Src/stm32g4xx_hal_rcc.c ****   {
 252              		.loc 1 275 43 discriminator 1 view .LVU78
 253 0086 13F0007F 		tst	r3, #33554432
 254 008a 05D0     		beq	.L21
 277:Drivers/STM32G4xx_HAL_Driver/Src/stm32g4xx_hal_rcc.c ****     {
 255              		.loc 1 277 5 is_stmt 1 view .LVU79
 277:Drivers/STM32G4xx_HAL_Driver/Src/stm32g4xx_hal_rcc.c ****     {
 256              		.loc 1 277 10 is_stmt 0 view .LVU80
 257 008c FFF7FEFF 		bl	HAL_GetTick
 258              	.LVL23:
 277:Drivers/STM32G4xx_HAL_Driver/Src/stm32g4xx_hal_rcc.c ****     {
 259              		.loc 1 277 24 discriminator 1 view .LVU81
 260 0090 401B     		subs	r0, r0, r5
 277:Drivers/STM32G4xx_HAL_Driver/Src/stm32g4xx_hal_rcc.c ****     {
 261              		.loc 1 277 8 discriminator 1 view .LVU82
 262 0092 0228     		cmp	r0, #2
 263 0094 F5D9     		bls	.L14
 264 0096 C6E7     		b	.L12
 265              	.L21:
 284:Drivers/STM32G4xx_HAL_Driver/Src/stm32g4xx_hal_rcc.c **** 
 266              		.loc 1 284 3 is_stmt 1 view .LVU83
 284:Drivers/STM32G4xx_HAL_Driver/Src/stm32g4xx_hal_rcc.c **** 
 267              		.loc 1 284 16 is_stmt 0 view .LVU84
 268 0098 074B     		ldr	r3, .L22
 269 009a 4FF48052 		mov	r2, #4096
ARM GAS  /tmp/ccl1Huei.s 			page 31


 270 009e DA60     		str	r2, [r3, #12]
 287:Drivers/STM32G4xx_HAL_Driver/Src/stm32g4xx_hal_rcc.c **** 
 271              		.loc 1 287 3 is_stmt 1 view .LVU85
 272 00a0 0022     		movs	r2, #0
 273 00a2 9A61     		str	r2, [r3, #24]
 290:Drivers/STM32G4xx_HAL_Driver/Src/stm32g4xx_hal_rcc.c **** 
 274              		.loc 1 290 3 view .LVU86
 275 00a4 4FF0FF32 		mov	r2, #-1
 276 00a8 1A62     		str	r2, [r3, #32]
 293:Drivers/STM32G4xx_HAL_Driver/Src/stm32g4xx_hal_rcc.c **** 
 277              		.loc 1 293 3 view .LVU87
 278 00aa D3F89420 		ldr	r2, [r3, #148]
 279 00ae 42F40002 		orr	r2, r2, #8388608
 280 00b2 C3F89420 		str	r2, [r3, #148]
 295:Drivers/STM32G4xx_HAL_Driver/Src/stm32g4xx_hal_rcc.c **** }
 281              		.loc 1 295 3 view .LVU88
 295:Drivers/STM32G4xx_HAL_Driver/Src/stm32g4xx_hal_rcc.c **** }
 282              		.loc 1 295 10 is_stmt 0 view .LVU89
 283 00b6 B7E7     		b	.L9
 284              	.L23:
 285              		.align	2
 286              	.L22:
 287 00b8 00100240 		.word	1073876992
 288 00bc 00000000 		.word	SystemCoreClock
 289 00c0 0024F400 		.word	16000000
 290 00c4 00000000 		.word	uwTickPrio
 291              		.cfi_endproc
 292              	.LFE329:
 294              		.section	.text.HAL_RCC_OscConfig,"ax",%progbits
 295              		.align	1
 296              		.global	HAL_RCC_OscConfig
 297              		.syntax unified
 298              		.thumb
 299              		.thumb_func
 301              	HAL_RCC_OscConfig:
 302              	.LVL24:
 303              	.LFB330:
 313:Drivers/STM32G4xx_HAL_Driver/Src/stm32g4xx_hal_rcc.c ****   uint32_t tickstart;
 304              		.loc 1 313 1 is_stmt 1 view -0
 305              		.cfi_startproc
 306              		@ args = 0, pretend = 0, frame = 8
 307              		@ frame_needed = 0, uses_anonymous_args = 0
 314:Drivers/STM32G4xx_HAL_Driver/Src/stm32g4xx_hal_rcc.c ****   uint32_t temp_sysclksrc;
 308              		.loc 1 314 3 view .LVU91
 315:Drivers/STM32G4xx_HAL_Driver/Src/stm32g4xx_hal_rcc.c ****   uint32_t temp_pllckcfg;
 309              		.loc 1 315 3 view .LVU92
 316:Drivers/STM32G4xx_HAL_Driver/Src/stm32g4xx_hal_rcc.c **** 
 310              		.loc 1 316 3 view .LVU93
 319:Drivers/STM32G4xx_HAL_Driver/Src/stm32g4xx_hal_rcc.c ****   {
 311              		.loc 1 319 3 view .LVU94
 319:Drivers/STM32G4xx_HAL_Driver/Src/stm32g4xx_hal_rcc.c ****   {
 312              		.loc 1 319 6 is_stmt 0 view .LVU95
 313 0000 0028     		cmp	r0, #0
 314 0002 00F04882 		beq	.L91
 313:Drivers/STM32G4xx_HAL_Driver/Src/stm32g4xx_hal_rcc.c ****   uint32_t tickstart;
 315              		.loc 1 313 1 view .LVU96
 316 0006 70B5     		push	{r4, r5, r6, lr}
ARM GAS  /tmp/ccl1Huei.s 			page 32


 317              	.LCFI1:
 318              		.cfi_def_cfa_offset 16
 319              		.cfi_offset 4, -16
 320              		.cfi_offset 5, -12
 321              		.cfi_offset 6, -8
 322              		.cfi_offset 14, -4
 323 0008 82B0     		sub	sp, sp, #8
 324              	.LCFI2:
 325              		.cfi_def_cfa_offset 24
 326 000a 0446     		mov	r4, r0
 325:Drivers/STM32G4xx_HAL_Driver/Src/stm32g4xx_hal_rcc.c **** 
 327              		.loc 1 325 3 is_stmt 1 view .LVU97
 328:Drivers/STM32G4xx_HAL_Driver/Src/stm32g4xx_hal_rcc.c ****   {
 328              		.loc 1 328 3 view .LVU98
 328:Drivers/STM32G4xx_HAL_Driver/Src/stm32g4xx_hal_rcc.c ****   {
 329              		.loc 1 328 26 is_stmt 0 view .LVU99
 330 000c 0368     		ldr	r3, [r0]
 328:Drivers/STM32G4xx_HAL_Driver/Src/stm32g4xx_hal_rcc.c ****   {
 331              		.loc 1 328 6 view .LVU100
 332 000e 13F0010F 		tst	r3, #1
 333 0012 37D0     		beq	.L27
 331:Drivers/STM32G4xx_HAL_Driver/Src/stm32g4xx_hal_rcc.c **** 
 334              		.loc 1 331 5 is_stmt 1 view .LVU101
 333:Drivers/STM32G4xx_HAL_Driver/Src/stm32g4xx_hal_rcc.c ****     temp_pllckcfg = __HAL_RCC_GET_PLL_OSCSOURCE();
 335              		.loc 1 333 5 view .LVU102
 333:Drivers/STM32G4xx_HAL_Driver/Src/stm32g4xx_hal_rcc.c ****     temp_pllckcfg = __HAL_RCC_GET_PLL_OSCSOURCE();
 336              		.loc 1 333 22 is_stmt 0 view .LVU103
 337 0014 A14A     		ldr	r2, .L104
 338 0016 9368     		ldr	r3, [r2, #8]
 333:Drivers/STM32G4xx_HAL_Driver/Src/stm32g4xx_hal_rcc.c ****     temp_pllckcfg = __HAL_RCC_GET_PLL_OSCSOURCE();
 339              		.loc 1 333 20 view .LVU104
 340 0018 03F00C03 		and	r3, r3, #12
 341              	.LVL25:
 334:Drivers/STM32G4xx_HAL_Driver/Src/stm32g4xx_hal_rcc.c **** 
 342              		.loc 1 334 5 is_stmt 1 view .LVU105
 334:Drivers/STM32G4xx_HAL_Driver/Src/stm32g4xx_hal_rcc.c **** 
 343              		.loc 1 334 21 is_stmt 0 view .LVU106
 344 001c D268     		ldr	r2, [r2, #12]
 334:Drivers/STM32G4xx_HAL_Driver/Src/stm32g4xx_hal_rcc.c **** 
 345              		.loc 1 334 19 view .LVU107
 346 001e 02F00302 		and	r2, r2, #3
 347              	.LVL26:
 337:Drivers/STM32G4xx_HAL_Driver/Src/stm32g4xx_hal_rcc.c ****     {
 348              		.loc 1 337 5 is_stmt 1 view .LVU108
 337:Drivers/STM32G4xx_HAL_Driver/Src/stm32g4xx_hal_rcc.c ****     {
 349              		.loc 1 337 8 is_stmt 0 view .LVU109
 350 0022 0C2B     		cmp	r3, #12
 351 0024 24D0     		beq	.L92
 352              	.L28:
 337:Drivers/STM32G4xx_HAL_Driver/Src/stm32g4xx_hal_rcc.c ****     {
 353              		.loc 1 337 88 discriminator 2 view .LVU110
 354 0026 082B     		cmp	r3, #8
 355 0028 24D0     		beq	.L29
 347:Drivers/STM32G4xx_HAL_Driver/Src/stm32g4xx_hal_rcc.c **** 
 356              		.loc 1 347 7 is_stmt 1 view .LVU111
 347:Drivers/STM32G4xx_HAL_Driver/Src/stm32g4xx_hal_rcc.c **** 
 357              		.loc 1 347 7 view .LVU112
ARM GAS  /tmp/ccl1Huei.s 			page 33


 358 002a 6368     		ldr	r3, [r4, #4]
 359              	.LVL27:
 347:Drivers/STM32G4xx_HAL_Driver/Src/stm32g4xx_hal_rcc.c **** 
 360              		.loc 1 347 7 is_stmt 0 view .LVU113
 361 002c B3F5803F 		cmp	r3, #65536
 362 0030 4DD0     		beq	.L93
 347:Drivers/STM32G4xx_HAL_Driver/Src/stm32g4xx_hal_rcc.c **** 
 363              		.loc 1 347 7 is_stmt 1 discriminator 2 view .LVU114
 364 0032 B3F5A02F 		cmp	r3, #327680
 365 0036 50D0     		beq	.L94
 347:Drivers/STM32G4xx_HAL_Driver/Src/stm32g4xx_hal_rcc.c **** 
 366              		.loc 1 347 7 discriminator 4 view .LVU115
 367 0038 984B     		ldr	r3, .L104
 368 003a 1A68     		ldr	r2, [r3]
 369              	.LVL28:
 347:Drivers/STM32G4xx_HAL_Driver/Src/stm32g4xx_hal_rcc.c **** 
 370              		.loc 1 347 7 is_stmt 0 discriminator 4 view .LVU116
 371 003c 22F48032 		bic	r2, r2, #65536
 372 0040 1A60     		str	r2, [r3]
 347:Drivers/STM32G4xx_HAL_Driver/Src/stm32g4xx_hal_rcc.c **** 
 373              		.loc 1 347 7 is_stmt 1 discriminator 4 view .LVU117
 374 0042 1A68     		ldr	r2, [r3]
 375 0044 22F48022 		bic	r2, r2, #262144
 376 0048 1A60     		str	r2, [r3]
 377              	.L33:
 347:Drivers/STM32G4xx_HAL_Driver/Src/stm32g4xx_hal_rcc.c **** 
 378              		.loc 1 347 7 discriminator 5 view .LVU118
 350:Drivers/STM32G4xx_HAL_Driver/Src/stm32g4xx_hal_rcc.c ****       {
 379              		.loc 1 350 7 view .LVU119
 350:Drivers/STM32G4xx_HAL_Driver/Src/stm32g4xx_hal_rcc.c ****       {
 380              		.loc 1 350 28 is_stmt 0 view .LVU120
 381 004a 6368     		ldr	r3, [r4, #4]
 350:Drivers/STM32G4xx_HAL_Driver/Src/stm32g4xx_hal_rcc.c ****       {
 382              		.loc 1 350 10 view .LVU121
 383 004c 002B     		cmp	r3, #0
 384 004e 51D0     		beq	.L35
 353:Drivers/STM32G4xx_HAL_Driver/Src/stm32g4xx_hal_rcc.c **** 
 385              		.loc 1 353 9 is_stmt 1 view .LVU122
 353:Drivers/STM32G4xx_HAL_Driver/Src/stm32g4xx_hal_rcc.c **** 
 386              		.loc 1 353 21 is_stmt 0 view .LVU123
 387 0050 FFF7FEFF 		bl	HAL_GetTick
 388              	.LVL29:
 353:Drivers/STM32G4xx_HAL_Driver/Src/stm32g4xx_hal_rcc.c **** 
 389              		.loc 1 353 21 view .LVU124
 390 0054 0546     		mov	r5, r0
 391              	.LVL30:
 356:Drivers/STM32G4xx_HAL_Driver/Src/stm32g4xx_hal_rcc.c ****         {
 392              		.loc 1 356 9 is_stmt 1 view .LVU125
 393              	.L36:
 356:Drivers/STM32G4xx_HAL_Driver/Src/stm32g4xx_hal_rcc.c ****         {
 394              		.loc 1 356 49 discriminator 1 view .LVU126
 356:Drivers/STM32G4xx_HAL_Driver/Src/stm32g4xx_hal_rcc.c ****         {
 395              		.loc 1 356 16 is_stmt 0 discriminator 1 view .LVU127
 396 0056 914B     		ldr	r3, .L104
 397 0058 1B68     		ldr	r3, [r3]
 356:Drivers/STM32G4xx_HAL_Driver/Src/stm32g4xx_hal_rcc.c ****         {
 398              		.loc 1 356 49 discriminator 1 view .LVU128
ARM GAS  /tmp/ccl1Huei.s 			page 34


 399 005a 13F4003F 		tst	r3, #131072
 400 005e 11D1     		bne	.L27
 358:Drivers/STM32G4xx_HAL_Driver/Src/stm32g4xx_hal_rcc.c ****           {
 401              		.loc 1 358 11 is_stmt 1 view .LVU129
 358:Drivers/STM32G4xx_HAL_Driver/Src/stm32g4xx_hal_rcc.c ****           {
 402              		.loc 1 358 16 is_stmt 0 view .LVU130
 403 0060 FFF7FEFF 		bl	HAL_GetTick
 404              	.LVL31:
 358:Drivers/STM32G4xx_HAL_Driver/Src/stm32g4xx_hal_rcc.c ****           {
 405              		.loc 1 358 30 discriminator 1 view .LVU131
 406 0064 401B     		subs	r0, r0, r5
 358:Drivers/STM32G4xx_HAL_Driver/Src/stm32g4xx_hal_rcc.c ****           {
 407              		.loc 1 358 14 discriminator 1 view .LVU132
 408 0066 6428     		cmp	r0, #100
 409 0068 F5D9     		bls	.L36
 410 006a 84E0     		b	.L39
 411              	.LVL32:
 412              	.L31:
 321:Drivers/STM32G4xx_HAL_Driver/Src/stm32g4xx_hal_rcc.c ****   }
 413              		.loc 1 321 12 view .LVU133
 414 006c 0120     		movs	r0, #1
 415 006e 83E0     		b	.L26
 416              	.LVL33:
 417              	.L92:
 337:Drivers/STM32G4xx_HAL_Driver/Src/stm32g4xx_hal_rcc.c ****     {
 418              		.loc 1 337 47 discriminator 1 view .LVU134
 419 0070 032A     		cmp	r2, #3
 420 0072 D8D1     		bne	.L28
 421              	.L29:
 339:Drivers/STM32G4xx_HAL_Driver/Src/stm32g4xx_hal_rcc.c ****       {
 422              		.loc 1 339 7 is_stmt 1 view .LVU135
 339:Drivers/STM32G4xx_HAL_Driver/Src/stm32g4xx_hal_rcc.c ****       {
 423              		.loc 1 339 12 is_stmt 0 view .LVU136
 424 0074 894B     		ldr	r3, .L104
 425              	.LVL34:
 339:Drivers/STM32G4xx_HAL_Driver/Src/stm32g4xx_hal_rcc.c ****       {
 426              		.loc 1 339 12 view .LVU137
 427 0076 1B68     		ldr	r3, [r3]
 339:Drivers/STM32G4xx_HAL_Driver/Src/stm32g4xx_hal_rcc.c ****       {
 428              		.loc 1 339 10 view .LVU138
 429 0078 13F4003F 		tst	r3, #131072
 430 007c 02D0     		beq	.L27
 339:Drivers/STM32G4xx_HAL_Driver/Src/stm32g4xx_hal_rcc.c ****       {
 431              		.loc 1 339 73 discriminator 1 view .LVU139
 432 007e 6368     		ldr	r3, [r4, #4]
 339:Drivers/STM32G4xx_HAL_Driver/Src/stm32g4xx_hal_rcc.c ****       {
 433              		.loc 1 339 52 discriminator 1 view .LVU140
 434 0080 002B     		cmp	r3, #0
 435 0082 F3D0     		beq	.L31
 436              	.LVL35:
 437              	.L27:
 381:Drivers/STM32G4xx_HAL_Driver/Src/stm32g4xx_hal_rcc.c ****   {
 438              		.loc 1 381 3 is_stmt 1 view .LVU141
 381:Drivers/STM32G4xx_HAL_Driver/Src/stm32g4xx_hal_rcc.c ****   {
 439              		.loc 1 381 26 is_stmt 0 view .LVU142
 440 0084 2368     		ldr	r3, [r4]
 381:Drivers/STM32G4xx_HAL_Driver/Src/stm32g4xx_hal_rcc.c ****   {
ARM GAS  /tmp/ccl1Huei.s 			page 35


 441              		.loc 1 381 6 view .LVU143
 442 0086 13F0020F 		tst	r3, #2
 443 008a 59D0     		beq	.L41
 384:Drivers/STM32G4xx_HAL_Driver/Src/stm32g4xx_hal_rcc.c ****     assert_param(IS_RCC_HSI_CALIBRATION_VALUE(RCC_OscInitStruct->HSICalibrationValue));
 444              		.loc 1 384 5 is_stmt 1 view .LVU144
 385:Drivers/STM32G4xx_HAL_Driver/Src/stm32g4xx_hal_rcc.c **** 
 445              		.loc 1 385 5 view .LVU145
 388:Drivers/STM32G4xx_HAL_Driver/Src/stm32g4xx_hal_rcc.c ****     temp_pllckcfg = __HAL_RCC_GET_PLL_OSCSOURCE();
 446              		.loc 1 388 5 view .LVU146
 388:Drivers/STM32G4xx_HAL_Driver/Src/stm32g4xx_hal_rcc.c ****     temp_pllckcfg = __HAL_RCC_GET_PLL_OSCSOURCE();
 447              		.loc 1 388 22 is_stmt 0 view .LVU147
 448 008c 834A     		ldr	r2, .L104
 449 008e 9368     		ldr	r3, [r2, #8]
 388:Drivers/STM32G4xx_HAL_Driver/Src/stm32g4xx_hal_rcc.c ****     temp_pllckcfg = __HAL_RCC_GET_PLL_OSCSOURCE();
 450              		.loc 1 388 20 view .LVU148
 451 0090 03F00C03 		and	r3, r3, #12
 452              	.LVL36:
 389:Drivers/STM32G4xx_HAL_Driver/Src/stm32g4xx_hal_rcc.c ****     if (((temp_sysclksrc == RCC_CFGR_SWS_PLL) && (temp_pllckcfg == RCC_PLLSOURCE_HSI)) || (temp_sys
 453              		.loc 1 389 5 is_stmt 1 view .LVU149
 389:Drivers/STM32G4xx_HAL_Driver/Src/stm32g4xx_hal_rcc.c ****     if (((temp_sysclksrc == RCC_CFGR_SWS_PLL) && (temp_pllckcfg == RCC_PLLSOURCE_HSI)) || (temp_sys
 454              		.loc 1 389 21 is_stmt 0 view .LVU150
 455 0094 D268     		ldr	r2, [r2, #12]
 389:Drivers/STM32G4xx_HAL_Driver/Src/stm32g4xx_hal_rcc.c ****     if (((temp_sysclksrc == RCC_CFGR_SWS_PLL) && (temp_pllckcfg == RCC_PLLSOURCE_HSI)) || (temp_sys
 456              		.loc 1 389 19 view .LVU151
 457 0096 02F00302 		and	r2, r2, #3
 458              	.LVL37:
 390:Drivers/STM32G4xx_HAL_Driver/Src/stm32g4xx_hal_rcc.c ****     {
 459              		.loc 1 390 5 is_stmt 1 view .LVU152
 390:Drivers/STM32G4xx_HAL_Driver/Src/stm32g4xx_hal_rcc.c ****     {
 460              		.loc 1 390 8 is_stmt 0 view .LVU153
 461 009a 0C2B     		cmp	r3, #12
 462 009c 38D0     		beq	.L95
 463              	.L42:
 390:Drivers/STM32G4xx_HAL_Driver/Src/stm32g4xx_hal_rcc.c ****     {
 464              		.loc 1 390 88 discriminator 2 view .LVU154
 465 009e 042B     		cmp	r3, #4
 466 00a0 38D0     		beq	.L43
 413:Drivers/STM32G4xx_HAL_Driver/Src/stm32g4xx_hal_rcc.c ****       {
 467              		.loc 1 413 7 is_stmt 1 view .LVU155
 413:Drivers/STM32G4xx_HAL_Driver/Src/stm32g4xx_hal_rcc.c ****       {
 468              		.loc 1 413 28 is_stmt 0 view .LVU156
 469 00a2 E368     		ldr	r3, [r4, #12]
 470              	.LVL38:
 413:Drivers/STM32G4xx_HAL_Driver/Src/stm32g4xx_hal_rcc.c ****       {
 471              		.loc 1 413 10 view .LVU157
 472 00a4 002B     		cmp	r3, #0
 473 00a6 72D0     		beq	.L46
 416:Drivers/STM32G4xx_HAL_Driver/Src/stm32g4xx_hal_rcc.c **** 
 474              		.loc 1 416 9 is_stmt 1 view .LVU158
 475 00a8 7C4A     		ldr	r2, .L104
 476              	.LVL39:
 416:Drivers/STM32G4xx_HAL_Driver/Src/stm32g4xx_hal_rcc.c **** 
 477              		.loc 1 416 9 is_stmt 0 view .LVU159
 478 00aa 1368     		ldr	r3, [r2]
 479 00ac 43F48073 		orr	r3, r3, #256
 480 00b0 1360     		str	r3, [r2]
 419:Drivers/STM32G4xx_HAL_Driver/Src/stm32g4xx_hal_rcc.c **** 
ARM GAS  /tmp/ccl1Huei.s 			page 36


 481              		.loc 1 419 9 is_stmt 1 view .LVU160
 419:Drivers/STM32G4xx_HAL_Driver/Src/stm32g4xx_hal_rcc.c **** 
 482              		.loc 1 419 21 is_stmt 0 view .LVU161
 483 00b2 FFF7FEFF 		bl	HAL_GetTick
 484              	.LVL40:
 485 00b6 0546     		mov	r5, r0
 486              	.LVL41:
 422:Drivers/STM32G4xx_HAL_Driver/Src/stm32g4xx_hal_rcc.c ****         {
 487              		.loc 1 422 9 is_stmt 1 view .LVU162
 488              	.L47:
 422:Drivers/STM32G4xx_HAL_Driver/Src/stm32g4xx_hal_rcc.c ****         {
 489              		.loc 1 422 49 discriminator 1 view .LVU163
 422:Drivers/STM32G4xx_HAL_Driver/Src/stm32g4xx_hal_rcc.c ****         {
 490              		.loc 1 422 16 is_stmt 0 discriminator 1 view .LVU164
 491 00b8 784B     		ldr	r3, .L104
 492 00ba 1B68     		ldr	r3, [r3]
 422:Drivers/STM32G4xx_HAL_Driver/Src/stm32g4xx_hal_rcc.c ****         {
 493              		.loc 1 422 49 discriminator 1 view .LVU165
 494 00bc 13F4806F 		tst	r3, #1024
 495 00c0 5CD1     		bne	.L96
 424:Drivers/STM32G4xx_HAL_Driver/Src/stm32g4xx_hal_rcc.c ****           {
 496              		.loc 1 424 11 is_stmt 1 view .LVU166
 424:Drivers/STM32G4xx_HAL_Driver/Src/stm32g4xx_hal_rcc.c ****           {
 497              		.loc 1 424 16 is_stmt 0 view .LVU167
 498 00c2 FFF7FEFF 		bl	HAL_GetTick
 499              	.LVL42:
 424:Drivers/STM32G4xx_HAL_Driver/Src/stm32g4xx_hal_rcc.c ****           {
 500              		.loc 1 424 30 discriminator 1 view .LVU168
 501 00c6 401B     		subs	r0, r0, r5
 424:Drivers/STM32G4xx_HAL_Driver/Src/stm32g4xx_hal_rcc.c ****           {
 502              		.loc 1 424 14 discriminator 1 view .LVU169
 503 00c8 0228     		cmp	r0, #2
 504 00ca F5D9     		bls	.L47
 505 00cc 53E0     		b	.L39
 506              	.LVL43:
 507              	.L93:
 347:Drivers/STM32G4xx_HAL_Driver/Src/stm32g4xx_hal_rcc.c **** 
 508              		.loc 1 347 7 is_stmt 1 discriminator 1 view .LVU170
 509 00ce 734A     		ldr	r2, .L104
 510              	.LVL44:
 347:Drivers/STM32G4xx_HAL_Driver/Src/stm32g4xx_hal_rcc.c **** 
 511              		.loc 1 347 7 is_stmt 0 discriminator 1 view .LVU171
 512 00d0 1368     		ldr	r3, [r2]
 513 00d2 43F48033 		orr	r3, r3, #65536
 514 00d6 1360     		str	r3, [r2]
 515 00d8 B7E7     		b	.L33
 516              	.LVL45:
 517              	.L94:
 347:Drivers/STM32G4xx_HAL_Driver/Src/stm32g4xx_hal_rcc.c **** 
 518              		.loc 1 347 7 is_stmt 1 discriminator 3 view .LVU172
 519 00da 03F18043 		add	r3, r3, #1073741824
 520 00de A3F53C33 		sub	r3, r3, #192512
 521 00e2 1A68     		ldr	r2, [r3]
 522              	.LVL46:
 347:Drivers/STM32G4xx_HAL_Driver/Src/stm32g4xx_hal_rcc.c **** 
 523              		.loc 1 347 7 is_stmt 0 discriminator 3 view .LVU173
 524 00e4 42F48022 		orr	r2, r2, #262144
ARM GAS  /tmp/ccl1Huei.s 			page 37


 525 00e8 1A60     		str	r2, [r3]
 347:Drivers/STM32G4xx_HAL_Driver/Src/stm32g4xx_hal_rcc.c **** 
 526              		.loc 1 347 7 is_stmt 1 discriminator 3 view .LVU174
 527 00ea 1A68     		ldr	r2, [r3]
 528 00ec 42F48032 		orr	r2, r2, #65536
 529 00f0 1A60     		str	r2, [r3]
 530 00f2 AAE7     		b	.L33
 531              	.L35:
 367:Drivers/STM32G4xx_HAL_Driver/Src/stm32g4xx_hal_rcc.c **** 
 532              		.loc 1 367 9 view .LVU175
 367:Drivers/STM32G4xx_HAL_Driver/Src/stm32g4xx_hal_rcc.c **** 
 533              		.loc 1 367 21 is_stmt 0 view .LVU176
 534 00f4 FFF7FEFF 		bl	HAL_GetTick
 535              	.LVL47:
 367:Drivers/STM32G4xx_HAL_Driver/Src/stm32g4xx_hal_rcc.c **** 
 536              		.loc 1 367 21 view .LVU177
 537 00f8 0546     		mov	r5, r0
 538              	.LVL48:
 370:Drivers/STM32G4xx_HAL_Driver/Src/stm32g4xx_hal_rcc.c ****         {
 539              		.loc 1 370 9 is_stmt 1 view .LVU178
 540              	.L38:
 370:Drivers/STM32G4xx_HAL_Driver/Src/stm32g4xx_hal_rcc.c ****         {
 541              		.loc 1 370 49 discriminator 1 view .LVU179
 370:Drivers/STM32G4xx_HAL_Driver/Src/stm32g4xx_hal_rcc.c ****         {
 542              		.loc 1 370 16 is_stmt 0 discriminator 1 view .LVU180
 543 00fa 684B     		ldr	r3, .L104
 544 00fc 1B68     		ldr	r3, [r3]
 370:Drivers/STM32G4xx_HAL_Driver/Src/stm32g4xx_hal_rcc.c ****         {
 545              		.loc 1 370 49 discriminator 1 view .LVU181
 546 00fe 13F4003F 		tst	r3, #131072
 547 0102 BFD0     		beq	.L27
 372:Drivers/STM32G4xx_HAL_Driver/Src/stm32g4xx_hal_rcc.c ****           {
 548              		.loc 1 372 11 is_stmt 1 view .LVU182
 372:Drivers/STM32G4xx_HAL_Driver/Src/stm32g4xx_hal_rcc.c ****           {
 549              		.loc 1 372 16 is_stmt 0 view .LVU183
 550 0104 FFF7FEFF 		bl	HAL_GetTick
 551              	.LVL49:
 372:Drivers/STM32G4xx_HAL_Driver/Src/stm32g4xx_hal_rcc.c ****           {
 552              		.loc 1 372 30 discriminator 1 view .LVU184
 553 0108 401B     		subs	r0, r0, r5
 372:Drivers/STM32G4xx_HAL_Driver/Src/stm32g4xx_hal_rcc.c ****           {
 554              		.loc 1 372 14 discriminator 1 view .LVU185
 555 010a 6428     		cmp	r0, #100
 556 010c F5D9     		bls	.L38
 557 010e 32E0     		b	.L39
 558              	.LVL50:
 559              	.L95:
 390:Drivers/STM32G4xx_HAL_Driver/Src/stm32g4xx_hal_rcc.c ****     {
 560              		.loc 1 390 47 discriminator 1 view .LVU186
 561 0110 022A     		cmp	r2, #2
 562 0112 C4D1     		bne	.L42
 563              	.L43:
 393:Drivers/STM32G4xx_HAL_Driver/Src/stm32g4xx_hal_rcc.c ****       {
 564              		.loc 1 393 7 is_stmt 1 view .LVU187
 393:Drivers/STM32G4xx_HAL_Driver/Src/stm32g4xx_hal_rcc.c ****       {
 565              		.loc 1 393 12 is_stmt 0 view .LVU188
 566 0114 614B     		ldr	r3, .L104
ARM GAS  /tmp/ccl1Huei.s 			page 38


 567              	.LVL51:
 393:Drivers/STM32G4xx_HAL_Driver/Src/stm32g4xx_hal_rcc.c ****       {
 568              		.loc 1 393 12 view .LVU189
 569 0116 1B68     		ldr	r3, [r3]
 393:Drivers/STM32G4xx_HAL_Driver/Src/stm32g4xx_hal_rcc.c ****       {
 570              		.loc 1 393 10 view .LVU190
 571 0118 13F4806F 		tst	r3, #1024
 572 011c 02D0     		beq	.L45
 393:Drivers/STM32G4xx_HAL_Driver/Src/stm32g4xx_hal_rcc.c ****       {
 573              		.loc 1 393 73 discriminator 1 view .LVU191
 574 011e E368     		ldr	r3, [r4, #12]
 393:Drivers/STM32G4xx_HAL_Driver/Src/stm32g4xx_hal_rcc.c ****       {
 575              		.loc 1 393 52 discriminator 1 view .LVU192
 576 0120 002B     		cmp	r3, #0
 577 0122 A3D0     		beq	.L31
 578              	.L45:
 401:Drivers/STM32G4xx_HAL_Driver/Src/stm32g4xx_hal_rcc.c **** 
 579              		.loc 1 401 9 is_stmt 1 view .LVU193
 580 0124 5D4A     		ldr	r2, .L104
 581              	.LVL52:
 401:Drivers/STM32G4xx_HAL_Driver/Src/stm32g4xx_hal_rcc.c **** 
 582              		.loc 1 401 9 is_stmt 0 view .LVU194
 583 0126 5368     		ldr	r3, [r2, #4]
 584 0128 23F0FE43 		bic	r3, r3, #2130706432
 585 012c 2169     		ldr	r1, [r4, #16]
 586 012e 43EA0163 		orr	r3, r3, r1, lsl #24
 587 0132 5360     		str	r3, [r2, #4]
 404:Drivers/STM32G4xx_HAL_Driver/Src/stm32g4xx_hal_rcc.c ****         {
 588              		.loc 1 404 9 is_stmt 1 view .LVU195
 404:Drivers/STM32G4xx_HAL_Driver/Src/stm32g4xx_hal_rcc.c ****         {
 589              		.loc 1 404 13 is_stmt 0 view .LVU196
 590 0134 5A4B     		ldr	r3, .L104+4
 591 0136 1868     		ldr	r0, [r3]
 592 0138 FFF7FEFF 		bl	HAL_InitTick
 593              	.LVL53:
 404:Drivers/STM32G4xx_HAL_Driver/Src/stm32g4xx_hal_rcc.c ****         {
 594              		.loc 1 404 12 discriminator 1 view .LVU197
 595 013c 0028     		cmp	r0, #0
 596 013e 95D1     		bne	.L31
 597              	.LVL54:
 598              	.L41:
 453:Drivers/STM32G4xx_HAL_Driver/Src/stm32g4xx_hal_rcc.c ****   {
 599              		.loc 1 453 3 is_stmt 1 view .LVU198
 453:Drivers/STM32G4xx_HAL_Driver/Src/stm32g4xx_hal_rcc.c ****   {
 600              		.loc 1 453 26 is_stmt 0 view .LVU199
 601 0140 2368     		ldr	r3, [r4]
 453:Drivers/STM32G4xx_HAL_Driver/Src/stm32g4xx_hal_rcc.c ****   {
 602              		.loc 1 453 6 view .LVU200
 603 0142 13F0080F 		tst	r3, #8
 604 0146 4BD0     		beq	.L51
 456:Drivers/STM32G4xx_HAL_Driver/Src/stm32g4xx_hal_rcc.c **** 
 605              		.loc 1 456 5 is_stmt 1 view .LVU201
 459:Drivers/STM32G4xx_HAL_Driver/Src/stm32g4xx_hal_rcc.c ****     {
 606              		.loc 1 459 5 view .LVU202
 459:Drivers/STM32G4xx_HAL_Driver/Src/stm32g4xx_hal_rcc.c ****     {
 607              		.loc 1 459 25 is_stmt 0 view .LVU203
 608 0148 6369     		ldr	r3, [r4, #20]
ARM GAS  /tmp/ccl1Huei.s 			page 39


 459:Drivers/STM32G4xx_HAL_Driver/Src/stm32g4xx_hal_rcc.c ****     {
 609              		.loc 1 459 7 view .LVU204
 610 014a 9BB3     		cbz	r3, .L52
 462:Drivers/STM32G4xx_HAL_Driver/Src/stm32g4xx_hal_rcc.c **** 
 611              		.loc 1 462 7 is_stmt 1 view .LVU205
 612 014c 534A     		ldr	r2, .L104
 613 014e D2F89430 		ldr	r3, [r2, #148]
 614 0152 43F00103 		orr	r3, r3, #1
 615 0156 C2F89430 		str	r3, [r2, #148]
 465:Drivers/STM32G4xx_HAL_Driver/Src/stm32g4xx_hal_rcc.c **** 
 616              		.loc 1 465 7 view .LVU206
 465:Drivers/STM32G4xx_HAL_Driver/Src/stm32g4xx_hal_rcc.c **** 
 617              		.loc 1 465 19 is_stmt 0 view .LVU207
 618 015a FFF7FEFF 		bl	HAL_GetTick
 619              	.LVL55:
 620 015e 0546     		mov	r5, r0
 621              	.LVL56:
 468:Drivers/STM32G4xx_HAL_Driver/Src/stm32g4xx_hal_rcc.c ****       {
 622              		.loc 1 468 7 is_stmt 1 view .LVU208
 623              	.L53:
 468:Drivers/STM32G4xx_HAL_Driver/Src/stm32g4xx_hal_rcc.c ****       {
 624              		.loc 1 468 49 discriminator 1 view .LVU209
 468:Drivers/STM32G4xx_HAL_Driver/Src/stm32g4xx_hal_rcc.c ****       {
 625              		.loc 1 468 14 is_stmt 0 discriminator 1 view .LVU210
 626 0160 4E4B     		ldr	r3, .L104
 627 0162 D3F89430 		ldr	r3, [r3, #148]
 468:Drivers/STM32G4xx_HAL_Driver/Src/stm32g4xx_hal_rcc.c ****       {
 628              		.loc 1 468 49 discriminator 1 view .LVU211
 629 0166 13F0020F 		tst	r3, #2
 630 016a 39D1     		bne	.L51
 470:Drivers/STM32G4xx_HAL_Driver/Src/stm32g4xx_hal_rcc.c ****         {
 631              		.loc 1 470 9 is_stmt 1 view .LVU212
 470:Drivers/STM32G4xx_HAL_Driver/Src/stm32g4xx_hal_rcc.c ****         {
 632              		.loc 1 470 14 is_stmt 0 view .LVU213
 633 016c FFF7FEFF 		bl	HAL_GetTick
 634              	.LVL57:
 470:Drivers/STM32G4xx_HAL_Driver/Src/stm32g4xx_hal_rcc.c ****         {
 635              		.loc 1 470 28 discriminator 1 view .LVU214
 636 0170 401B     		subs	r0, r0, r5
 470:Drivers/STM32G4xx_HAL_Driver/Src/stm32g4xx_hal_rcc.c ****         {
 637              		.loc 1 470 12 discriminator 1 view .LVU215
 638 0172 0228     		cmp	r0, #2
 639 0174 F4D9     		bls	.L53
 640              	.LVL58:
 641              	.L39:
 360:Drivers/STM32G4xx_HAL_Driver/Src/stm32g4xx_hal_rcc.c ****           }
 642              		.loc 1 360 20 view .LVU216
 643 0176 0320     		movs	r0, #3
 644              	.L26:
 716:Drivers/STM32G4xx_HAL_Driver/Src/stm32g4xx_hal_rcc.c **** 
 645              		.loc 1 716 1 view .LVU217
 646 0178 02B0     		add	sp, sp, #8
 647              	.LCFI3:
 648              		.cfi_remember_state
 649              		.cfi_def_cfa_offset 16
 650              		@ sp needed
 651 017a 70BD     		pop	{r4, r5, r6, pc}
ARM GAS  /tmp/ccl1Huei.s 			page 40


 652              	.LVL59:
 653              	.L96:
 654              	.LCFI4:
 655              		.cfi_restore_state
 431:Drivers/STM32G4xx_HAL_Driver/Src/stm32g4xx_hal_rcc.c ****       }
 656              		.loc 1 431 9 is_stmt 1 view .LVU218
 657 017c 474A     		ldr	r2, .L104
 658 017e 5368     		ldr	r3, [r2, #4]
 659 0180 23F0FE43 		bic	r3, r3, #2130706432
 660 0184 2169     		ldr	r1, [r4, #16]
 661 0186 43EA0163 		orr	r3, r3, r1, lsl #24
 662 018a 5360     		str	r3, [r2, #4]
 663 018c D8E7     		b	.L41
 664              	.LVL60:
 665              	.L46:
 436:Drivers/STM32G4xx_HAL_Driver/Src/stm32g4xx_hal_rcc.c **** 
 666              		.loc 1 436 9 view .LVU219
 667 018e 434A     		ldr	r2, .L104
 668              	.LVL61:
 436:Drivers/STM32G4xx_HAL_Driver/Src/stm32g4xx_hal_rcc.c **** 
 669              		.loc 1 436 9 is_stmt 0 view .LVU220
 670 0190 1368     		ldr	r3, [r2]
 671 0192 23F48073 		bic	r3, r3, #256
 672 0196 1360     		str	r3, [r2]
 439:Drivers/STM32G4xx_HAL_Driver/Src/stm32g4xx_hal_rcc.c **** 
 673              		.loc 1 439 9 is_stmt 1 view .LVU221
 439:Drivers/STM32G4xx_HAL_Driver/Src/stm32g4xx_hal_rcc.c **** 
 674              		.loc 1 439 21 is_stmt 0 view .LVU222
 675 0198 FFF7FEFF 		bl	HAL_GetTick
 676              	.LVL62:
 677 019c 0546     		mov	r5, r0
 678              	.LVL63:
 442:Drivers/STM32G4xx_HAL_Driver/Src/stm32g4xx_hal_rcc.c ****         {
 679              		.loc 1 442 9 is_stmt 1 view .LVU223
 680              	.L49:
 442:Drivers/STM32G4xx_HAL_Driver/Src/stm32g4xx_hal_rcc.c ****         {
 681              		.loc 1 442 49 discriminator 1 view .LVU224
 442:Drivers/STM32G4xx_HAL_Driver/Src/stm32g4xx_hal_rcc.c ****         {
 682              		.loc 1 442 16 is_stmt 0 discriminator 1 view .LVU225
 683 019e 3F4B     		ldr	r3, .L104
 684 01a0 1B68     		ldr	r3, [r3]
 442:Drivers/STM32G4xx_HAL_Driver/Src/stm32g4xx_hal_rcc.c ****         {
 685              		.loc 1 442 49 discriminator 1 view .LVU226
 686 01a2 13F4806F 		tst	r3, #1024
 687 01a6 CBD0     		beq	.L41
 444:Drivers/STM32G4xx_HAL_Driver/Src/stm32g4xx_hal_rcc.c ****           {
 688              		.loc 1 444 11 is_stmt 1 view .LVU227
 444:Drivers/STM32G4xx_HAL_Driver/Src/stm32g4xx_hal_rcc.c ****           {
 689              		.loc 1 444 16 is_stmt 0 view .LVU228
 690 01a8 FFF7FEFF 		bl	HAL_GetTick
 691              	.LVL64:
 444:Drivers/STM32G4xx_HAL_Driver/Src/stm32g4xx_hal_rcc.c ****           {
 692              		.loc 1 444 30 discriminator 1 view .LVU229
 693 01ac 401B     		subs	r0, r0, r5
 444:Drivers/STM32G4xx_HAL_Driver/Src/stm32g4xx_hal_rcc.c ****           {
 694              		.loc 1 444 14 discriminator 1 view .LVU230
 695 01ae 0228     		cmp	r0, #2
ARM GAS  /tmp/ccl1Huei.s 			page 41


 696 01b0 F5D9     		bls	.L49
 697 01b2 E0E7     		b	.L39
 698              	.LVL65:
 699              	.L52:
 479:Drivers/STM32G4xx_HAL_Driver/Src/stm32g4xx_hal_rcc.c **** 
 700              		.loc 1 479 7 is_stmt 1 view .LVU231
 701 01b4 394A     		ldr	r2, .L104
 702 01b6 D2F89430 		ldr	r3, [r2, #148]
 703 01ba 23F00103 		bic	r3, r3, #1
 704 01be C2F89430 		str	r3, [r2, #148]
 482:Drivers/STM32G4xx_HAL_Driver/Src/stm32g4xx_hal_rcc.c **** 
 705              		.loc 1 482 7 view .LVU232
 482:Drivers/STM32G4xx_HAL_Driver/Src/stm32g4xx_hal_rcc.c **** 
 706              		.loc 1 482 19 is_stmt 0 view .LVU233
 707 01c2 FFF7FEFF 		bl	HAL_GetTick
 708              	.LVL66:
 709 01c6 0546     		mov	r5, r0
 710              	.LVL67:
 485:Drivers/STM32G4xx_HAL_Driver/Src/stm32g4xx_hal_rcc.c ****       {
 711              		.loc 1 485 7 is_stmt 1 view .LVU234
 712              	.L55:
 485:Drivers/STM32G4xx_HAL_Driver/Src/stm32g4xx_hal_rcc.c ****       {
 713              		.loc 1 485 48 discriminator 1 view .LVU235
 485:Drivers/STM32G4xx_HAL_Driver/Src/stm32g4xx_hal_rcc.c ****       {
 714              		.loc 1 485 13 is_stmt 0 discriminator 1 view .LVU236
 715 01c8 344B     		ldr	r3, .L104
 716 01ca D3F89430 		ldr	r3, [r3, #148]
 485:Drivers/STM32G4xx_HAL_Driver/Src/stm32g4xx_hal_rcc.c ****       {
 717              		.loc 1 485 48 discriminator 1 view .LVU237
 718 01ce 13F0020F 		tst	r3, #2
 719 01d2 05D0     		beq	.L51
 487:Drivers/STM32G4xx_HAL_Driver/Src/stm32g4xx_hal_rcc.c ****         {
 720              		.loc 1 487 9 is_stmt 1 view .LVU238
 487:Drivers/STM32G4xx_HAL_Driver/Src/stm32g4xx_hal_rcc.c ****         {
 721              		.loc 1 487 13 is_stmt 0 view .LVU239
 722 01d4 FFF7FEFF 		bl	HAL_GetTick
 723              	.LVL68:
 487:Drivers/STM32G4xx_HAL_Driver/Src/stm32g4xx_hal_rcc.c ****         {
 724              		.loc 1 487 27 discriminator 1 view .LVU240
 725 01d8 401B     		subs	r0, r0, r5
 487:Drivers/STM32G4xx_HAL_Driver/Src/stm32g4xx_hal_rcc.c ****         {
 726              		.loc 1 487 11 discriminator 1 view .LVU241
 727 01da 0228     		cmp	r0, #2
 728 01dc F4D9     		bls	.L55
 729 01de CAE7     		b	.L39
 730              	.LVL69:
 731              	.L51:
 495:Drivers/STM32G4xx_HAL_Driver/Src/stm32g4xx_hal_rcc.c ****   {
 732              		.loc 1 495 3 is_stmt 1 view .LVU242
 495:Drivers/STM32G4xx_HAL_Driver/Src/stm32g4xx_hal_rcc.c ****   {
 733              		.loc 1 495 26 is_stmt 0 view .LVU243
 734 01e0 2368     		ldr	r3, [r4]
 495:Drivers/STM32G4xx_HAL_Driver/Src/stm32g4xx_hal_rcc.c ****   {
 735              		.loc 1 495 6 view .LVU244
 736 01e2 13F0040F 		tst	r3, #4
 737 01e6 7FD0     		beq	.L57
 738              	.LBB2:
ARM GAS  /tmp/ccl1Huei.s 			page 42


 497:Drivers/STM32G4xx_HAL_Driver/Src/stm32g4xx_hal_rcc.c **** 
 739              		.loc 1 497 5 is_stmt 1 view .LVU245
 740              	.LVL70:
 500:Drivers/STM32G4xx_HAL_Driver/Src/stm32g4xx_hal_rcc.c **** 
 741              		.loc 1 500 5 view .LVU246
 504:Drivers/STM32G4xx_HAL_Driver/Src/stm32g4xx_hal_rcc.c ****     {
 742              		.loc 1 504 5 view .LVU247
 504:Drivers/STM32G4xx_HAL_Driver/Src/stm32g4xx_hal_rcc.c ****     {
 743              		.loc 1 504 9 is_stmt 0 view .LVU248
 744 01e8 2C4B     		ldr	r3, .L104
 745 01ea 9B6D     		ldr	r3, [r3, #88]
 504:Drivers/STM32G4xx_HAL_Driver/Src/stm32g4xx_hal_rcc.c ****     {
 746              		.loc 1 504 41 view .LVU249
 747 01ec 13F0805F 		tst	r3, #268435456
 748 01f0 36D1     		bne	.L86
 506:Drivers/STM32G4xx_HAL_Driver/Src/stm32g4xx_hal_rcc.c ****       pwrclkchanged = SET;
 749              		.loc 1 506 7 is_stmt 1 view .LVU250
 750              	.LBB3:
 506:Drivers/STM32G4xx_HAL_Driver/Src/stm32g4xx_hal_rcc.c ****       pwrclkchanged = SET;
 751              		.loc 1 506 7 view .LVU251
 506:Drivers/STM32G4xx_HAL_Driver/Src/stm32g4xx_hal_rcc.c ****       pwrclkchanged = SET;
 752              		.loc 1 506 7 view .LVU252
 753 01f2 2A4B     		ldr	r3, .L104
 754 01f4 9A6D     		ldr	r2, [r3, #88]
 755 01f6 42F08052 		orr	r2, r2, #268435456
 756 01fa 9A65     		str	r2, [r3, #88]
 506:Drivers/STM32G4xx_HAL_Driver/Src/stm32g4xx_hal_rcc.c ****       pwrclkchanged = SET;
 757              		.loc 1 506 7 view .LVU253
 758 01fc 9B6D     		ldr	r3, [r3, #88]
 759 01fe 03F08053 		and	r3, r3, #268435456
 760 0202 0193     		str	r3, [sp, #4]
 506:Drivers/STM32G4xx_HAL_Driver/Src/stm32g4xx_hal_rcc.c ****       pwrclkchanged = SET;
 761              		.loc 1 506 7 view .LVU254
 762 0204 019B     		ldr	r3, [sp, #4]
 763              	.LBE3:
 506:Drivers/STM32G4xx_HAL_Driver/Src/stm32g4xx_hal_rcc.c ****       pwrclkchanged = SET;
 764              		.loc 1 506 7 view .LVU255
 507:Drivers/STM32G4xx_HAL_Driver/Src/stm32g4xx_hal_rcc.c ****     }
 765              		.loc 1 507 7 view .LVU256
 766              	.LVL71:
 507:Drivers/STM32G4xx_HAL_Driver/Src/stm32g4xx_hal_rcc.c ****     }
 767              		.loc 1 507 21 is_stmt 0 view .LVU257
 768 0206 0123     		movs	r3, #1
 769 0208 1E46     		mov	r6, r3
 770              	.LVL72:
 771              	.L58:
 510:Drivers/STM32G4xx_HAL_Driver/Src/stm32g4xx_hal_rcc.c ****     {
 772              		.loc 1 510 5 is_stmt 1 view .LVU258
 510:Drivers/STM32G4xx_HAL_Driver/Src/stm32g4xx_hal_rcc.c ****     {
 773              		.loc 1 510 9 is_stmt 0 view .LVU259
 774 020a 264B     		ldr	r3, .L104+8
 775 020c 1B68     		ldr	r3, [r3]
 510:Drivers/STM32G4xx_HAL_Driver/Src/stm32g4xx_hal_rcc.c ****     {
 776              		.loc 1 510 8 view .LVU260
 777 020e 13F4807F 		tst	r3, #256
 778 0212 28D0     		beq	.L97
 779              	.L59:
ARM GAS  /tmp/ccl1Huei.s 			page 43


 528:Drivers/STM32G4xx_HAL_Driver/Src/stm32g4xx_hal_rcc.c **** 
 780              		.loc 1 528 5 is_stmt 1 view .LVU261
 528:Drivers/STM32G4xx_HAL_Driver/Src/stm32g4xx_hal_rcc.c **** 
 781              		.loc 1 528 5 view .LVU262
 782 0214 A368     		ldr	r3, [r4, #8]
 783 0216 012B     		cmp	r3, #1
 784 0218 38D0     		beq	.L98
 528:Drivers/STM32G4xx_HAL_Driver/Src/stm32g4xx_hal_rcc.c **** 
 785              		.loc 1 528 5 discriminator 2 view .LVU263
 786 021a 052B     		cmp	r3, #5
 787 021c 44D0     		beq	.L99
 528:Drivers/STM32G4xx_HAL_Driver/Src/stm32g4xx_hal_rcc.c **** 
 788              		.loc 1 528 5 discriminator 4 view .LVU264
 789 021e 1F4B     		ldr	r3, .L104
 790 0220 D3F89020 		ldr	r2, [r3, #144]
 791 0224 22F00102 		bic	r2, r2, #1
 792 0228 C3F89020 		str	r2, [r3, #144]
 528:Drivers/STM32G4xx_HAL_Driver/Src/stm32g4xx_hal_rcc.c **** 
 793              		.loc 1 528 5 discriminator 4 view .LVU265
 794 022c D3F89020 		ldr	r2, [r3, #144]
 795 0230 22F00402 		bic	r2, r2, #4
 796 0234 C3F89020 		str	r2, [r3, #144]
 797              	.L63:
 528:Drivers/STM32G4xx_HAL_Driver/Src/stm32g4xx_hal_rcc.c **** 
 798              		.loc 1 528 5 discriminator 5 view .LVU266
 531:Drivers/STM32G4xx_HAL_Driver/Src/stm32g4xx_hal_rcc.c ****     {
 799              		.loc 1 531 5 view .LVU267
 531:Drivers/STM32G4xx_HAL_Driver/Src/stm32g4xx_hal_rcc.c ****     {
 800              		.loc 1 531 26 is_stmt 0 view .LVU268
 801 0238 A368     		ldr	r3, [r4, #8]
 531:Drivers/STM32G4xx_HAL_Driver/Src/stm32g4xx_hal_rcc.c ****     {
 802              		.loc 1 531 8 view .LVU269
 803 023a 002B     		cmp	r3, #0
 804 023c 42D0     		beq	.L65
 534:Drivers/STM32G4xx_HAL_Driver/Src/stm32g4xx_hal_rcc.c **** 
 805              		.loc 1 534 7 is_stmt 1 view .LVU270
 534:Drivers/STM32G4xx_HAL_Driver/Src/stm32g4xx_hal_rcc.c **** 
 806              		.loc 1 534 19 is_stmt 0 view .LVU271
 807 023e FFF7FEFF 		bl	HAL_GetTick
 808              	.LVL73:
 809 0242 0546     		mov	r5, r0
 810              	.LVL74:
 537:Drivers/STM32G4xx_HAL_Driver/Src/stm32g4xx_hal_rcc.c ****       {
 811              		.loc 1 537 7 is_stmt 1 view .LVU272
 812              	.L66:
 537:Drivers/STM32G4xx_HAL_Driver/Src/stm32g4xx_hal_rcc.c ****       {
 813              		.loc 1 537 51 discriminator 1 view .LVU273
 537:Drivers/STM32G4xx_HAL_Driver/Src/stm32g4xx_hal_rcc.c ****       {
 814              		.loc 1 537 14 is_stmt 0 discriminator 1 view .LVU274
 815 0244 154B     		ldr	r3, .L104
 816 0246 D3F89030 		ldr	r3, [r3, #144]
 537:Drivers/STM32G4xx_HAL_Driver/Src/stm32g4xx_hal_rcc.c ****       {
 817              		.loc 1 537 51 discriminator 1 view .LVU275
 818 024a 13F0020F 		tst	r3, #2
 819 024e 4AD1     		bne	.L68
 539:Drivers/STM32G4xx_HAL_Driver/Src/stm32g4xx_hal_rcc.c ****         {
 820              		.loc 1 539 9 is_stmt 1 view .LVU276
ARM GAS  /tmp/ccl1Huei.s 			page 44


 539:Drivers/STM32G4xx_HAL_Driver/Src/stm32g4xx_hal_rcc.c ****         {
 821              		.loc 1 539 13 is_stmt 0 view .LVU277
 822 0250 FFF7FEFF 		bl	HAL_GetTick
 823              	.LVL75:
 539:Drivers/STM32G4xx_HAL_Driver/Src/stm32g4xx_hal_rcc.c ****         {
 824              		.loc 1 539 27 discriminator 1 view .LVU278
 825 0254 401B     		subs	r0, r0, r5
 539:Drivers/STM32G4xx_HAL_Driver/Src/stm32g4xx_hal_rcc.c ****         {
 826              		.loc 1 539 11 discriminator 1 view .LVU279
 827 0256 41F28833 		movw	r3, #5000
 828 025a 9842     		cmp	r0, r3
 829 025c F2D9     		bls	.L66
 830 025e 8AE7     		b	.L39
 831              	.LVL76:
 832              	.L86:
 497:Drivers/STM32G4xx_HAL_Driver/Src/stm32g4xx_hal_rcc.c **** 
 833              		.loc 1 497 22 view .LVU280
 834 0260 0023     		movs	r3, #0
 835 0262 1E46     		mov	r6, r3
 836 0264 D1E7     		b	.L58
 837              	.LVL77:
 838              	.L97:
 513:Drivers/STM32G4xx_HAL_Driver/Src/stm32g4xx_hal_rcc.c **** 
 839              		.loc 1 513 7 is_stmt 1 view .LVU281
 840 0266 0F4A     		ldr	r2, .L104+8
 841 0268 1368     		ldr	r3, [r2]
 842 026a 43F48073 		orr	r3, r3, #256
 843 026e 1360     		str	r3, [r2]
 516:Drivers/STM32G4xx_HAL_Driver/Src/stm32g4xx_hal_rcc.c **** 
 844              		.loc 1 516 7 view .LVU282
 516:Drivers/STM32G4xx_HAL_Driver/Src/stm32g4xx_hal_rcc.c **** 
 845              		.loc 1 516 19 is_stmt 0 view .LVU283
 846 0270 FFF7FEFF 		bl	HAL_GetTick
 847              	.LVL78:
 848 0274 0546     		mov	r5, r0
 849              	.LVL79:
 518:Drivers/STM32G4xx_HAL_Driver/Src/stm32g4xx_hal_rcc.c ****       {
 850              		.loc 1 518 7 is_stmt 1 view .LVU284
 851              	.L60:
 518:Drivers/STM32G4xx_HAL_Driver/Src/stm32g4xx_hal_rcc.c ****       {
 852              		.loc 1 518 14 discriminator 1 view .LVU285
 853 0276 0B4B     		ldr	r3, .L104+8
 854 0278 1B68     		ldr	r3, [r3]
 855 027a 13F4807F 		tst	r3, #256
 856 027e C9D1     		bne	.L59
 520:Drivers/STM32G4xx_HAL_Driver/Src/stm32g4xx_hal_rcc.c ****         {
 857              		.loc 1 520 9 view .LVU286
 520:Drivers/STM32G4xx_HAL_Driver/Src/stm32g4xx_hal_rcc.c ****         {
 858              		.loc 1 520 14 is_stmt 0 view .LVU287
 859 0280 FFF7FEFF 		bl	HAL_GetTick
 860              	.LVL80:
 520:Drivers/STM32G4xx_HAL_Driver/Src/stm32g4xx_hal_rcc.c ****         {
 861              		.loc 1 520 28 discriminator 1 view .LVU288
 862 0284 401B     		subs	r0, r0, r5
 520:Drivers/STM32G4xx_HAL_Driver/Src/stm32g4xx_hal_rcc.c ****         {
 863              		.loc 1 520 12 discriminator 1 view .LVU289
 864 0286 0228     		cmp	r0, #2
ARM GAS  /tmp/ccl1Huei.s 			page 45


 865 0288 F5D9     		bls	.L60
 866 028a 74E7     		b	.L39
 867              	.LVL81:
 868              	.L98:
 528:Drivers/STM32G4xx_HAL_Driver/Src/stm32g4xx_hal_rcc.c **** 
 869              		.loc 1 528 5 is_stmt 1 discriminator 1 view .LVU290
 870 028c 034A     		ldr	r2, .L104
 871 028e D2F89030 		ldr	r3, [r2, #144]
 872 0292 43F00103 		orr	r3, r3, #1
 873 0296 C2F89030 		str	r3, [r2, #144]
 874 029a CDE7     		b	.L63
 875              	.L105:
 876              		.align	2
 877              	.L104:
 878 029c 00100240 		.word	1073876992
 879 02a0 00000000 		.word	uwTickPrio
 880 02a4 00700040 		.word	1073770496
 881              	.L99:
 528:Drivers/STM32G4xx_HAL_Driver/Src/stm32g4xx_hal_rcc.c **** 
 882              		.loc 1 528 5 discriminator 3 view .LVU291
 883 02a8 7C4B     		ldr	r3, .L106
 884 02aa D3F89020 		ldr	r2, [r3, #144]
 885 02ae 42F00402 		orr	r2, r2, #4
 886 02b2 C3F89020 		str	r2, [r3, #144]
 528:Drivers/STM32G4xx_HAL_Driver/Src/stm32g4xx_hal_rcc.c **** 
 887              		.loc 1 528 5 discriminator 3 view .LVU292
 888 02b6 D3F89020 		ldr	r2, [r3, #144]
 889 02ba 42F00102 		orr	r2, r2, #1
 890 02be C3F89020 		str	r2, [r3, #144]
 891 02c2 B9E7     		b	.L63
 892              	.L65:
 548:Drivers/STM32G4xx_HAL_Driver/Src/stm32g4xx_hal_rcc.c **** 
 893              		.loc 1 548 7 view .LVU293
 548:Drivers/STM32G4xx_HAL_Driver/Src/stm32g4xx_hal_rcc.c **** 
 894              		.loc 1 548 19 is_stmt 0 view .LVU294
 895 02c4 FFF7FEFF 		bl	HAL_GetTick
 896              	.LVL82:
 897 02c8 0546     		mov	r5, r0
 898              	.LVL83:
 551:Drivers/STM32G4xx_HAL_Driver/Src/stm32g4xx_hal_rcc.c ****       {
 899              		.loc 1 551 7 is_stmt 1 view .LVU295
 900              	.L69:
 551:Drivers/STM32G4xx_HAL_Driver/Src/stm32g4xx_hal_rcc.c ****       {
 901              		.loc 1 551 51 discriminator 1 view .LVU296
 551:Drivers/STM32G4xx_HAL_Driver/Src/stm32g4xx_hal_rcc.c ****       {
 902              		.loc 1 551 14 is_stmt 0 discriminator 1 view .LVU297
 903 02ca 744B     		ldr	r3, .L106
 904 02cc D3F89030 		ldr	r3, [r3, #144]
 551:Drivers/STM32G4xx_HAL_Driver/Src/stm32g4xx_hal_rcc.c ****       {
 905              		.loc 1 551 51 discriminator 1 view .LVU298
 906 02d0 13F0020F 		tst	r3, #2
 907 02d4 07D0     		beq	.L68
 553:Drivers/STM32G4xx_HAL_Driver/Src/stm32g4xx_hal_rcc.c ****         {
 908              		.loc 1 553 9 is_stmt 1 view .LVU299
 553:Drivers/STM32G4xx_HAL_Driver/Src/stm32g4xx_hal_rcc.c ****         {
 909              		.loc 1 553 13 is_stmt 0 view .LVU300
 910 02d6 FFF7FEFF 		bl	HAL_GetTick
ARM GAS  /tmp/ccl1Huei.s 			page 46


 911              	.LVL84:
 553:Drivers/STM32G4xx_HAL_Driver/Src/stm32g4xx_hal_rcc.c ****         {
 912              		.loc 1 553 27 discriminator 1 view .LVU301
 913 02da 401B     		subs	r0, r0, r5
 553:Drivers/STM32G4xx_HAL_Driver/Src/stm32g4xx_hal_rcc.c ****         {
 914              		.loc 1 553 11 discriminator 1 view .LVU302
 915 02dc 41F28833 		movw	r3, #5000
 916 02e0 9842     		cmp	r0, r3
 917 02e2 F2D9     		bls	.L69
 918 02e4 47E7     		b	.L39
 919              	.L68:
 561:Drivers/STM32G4xx_HAL_Driver/Src/stm32g4xx_hal_rcc.c ****     {
 920              		.loc 1 561 5 is_stmt 1 view .LVU303
 561:Drivers/STM32G4xx_HAL_Driver/Src/stm32g4xx_hal_rcc.c ****     {
 921              		.loc 1 561 8 is_stmt 0 view .LVU304
 922 02e6 DEB9     		cbnz	r6, .L100
 923              	.LVL85:
 924              	.L57:
 561:Drivers/STM32G4xx_HAL_Driver/Src/stm32g4xx_hal_rcc.c ****     {
 925              		.loc 1 561 8 view .LVU305
 926              	.LBE2:
 568:Drivers/STM32G4xx_HAL_Driver/Src/stm32g4xx_hal_rcc.c ****   {
 927              		.loc 1 568 3 is_stmt 1 view .LVU306
 568:Drivers/STM32G4xx_HAL_Driver/Src/stm32g4xx_hal_rcc.c ****   {
 928              		.loc 1 568 25 is_stmt 0 view .LVU307
 929 02e8 2368     		ldr	r3, [r4]
 568:Drivers/STM32G4xx_HAL_Driver/Src/stm32g4xx_hal_rcc.c ****   {
 930              		.loc 1 568 5 view .LVU308
 931 02ea 13F0200F 		tst	r3, #32
 932 02ee 33D0     		beq	.L71
 571:Drivers/STM32G4xx_HAL_Driver/Src/stm32g4xx_hal_rcc.c **** 
 933              		.loc 1 571 5 is_stmt 1 view .LVU309
 574:Drivers/STM32G4xx_HAL_Driver/Src/stm32g4xx_hal_rcc.c ****     {
 934              		.loc 1 574 5 view .LVU310
 574:Drivers/STM32G4xx_HAL_Driver/Src/stm32g4xx_hal_rcc.c ****     {
 935              		.loc 1 574 25 is_stmt 0 view .LVU311
 936 02f0 A369     		ldr	r3, [r4, #24]
 574:Drivers/STM32G4xx_HAL_Driver/Src/stm32g4xx_hal_rcc.c ****     {
 937              		.loc 1 574 7 view .LVU312
 938 02f2 DBB1     		cbz	r3, .L72
 577:Drivers/STM32G4xx_HAL_Driver/Src/stm32g4xx_hal_rcc.c **** 
 939              		.loc 1 577 7 is_stmt 1 view .LVU313
 940 02f4 694A     		ldr	r2, .L106
 941 02f6 D2F89830 		ldr	r3, [r2, #152]
 942 02fa 43F00103 		orr	r3, r3, #1
 943 02fe C2F89830 		str	r3, [r2, #152]
 580:Drivers/STM32G4xx_HAL_Driver/Src/stm32g4xx_hal_rcc.c **** 
 944              		.loc 1 580 7 view .LVU314
 580:Drivers/STM32G4xx_HAL_Driver/Src/stm32g4xx_hal_rcc.c **** 
 945              		.loc 1 580 19 is_stmt 0 view .LVU315
 946 0302 FFF7FEFF 		bl	HAL_GetTick
 947              	.LVL86:
 948 0306 0546     		mov	r5, r0
 949              	.LVL87:
 583:Drivers/STM32G4xx_HAL_Driver/Src/stm32g4xx_hal_rcc.c ****       {
 950              		.loc 1 583 7 is_stmt 1 view .LVU316
 951              	.L73:
ARM GAS  /tmp/ccl1Huei.s 			page 47


 583:Drivers/STM32G4xx_HAL_Driver/Src/stm32g4xx_hal_rcc.c ****       {
 952              		.loc 1 583 54 discriminator 1 view .LVU317
 583:Drivers/STM32G4xx_HAL_Driver/Src/stm32g4xx_hal_rcc.c ****       {
 953              		.loc 1 583 13 is_stmt 0 discriminator 1 view .LVU318
 954 0308 644B     		ldr	r3, .L106
 955 030a D3F89830 		ldr	r3, [r3, #152]
 583:Drivers/STM32G4xx_HAL_Driver/Src/stm32g4xx_hal_rcc.c ****       {
 956              		.loc 1 583 54 discriminator 1 view .LVU319
 957 030e 13F0020F 		tst	r3, #2
 958 0312 21D1     		bne	.L71
 585:Drivers/STM32G4xx_HAL_Driver/Src/stm32g4xx_hal_rcc.c ****         {
 959              		.loc 1 585 9 is_stmt 1 view .LVU320
 585:Drivers/STM32G4xx_HAL_Driver/Src/stm32g4xx_hal_rcc.c ****         {
 960              		.loc 1 585 13 is_stmt 0 view .LVU321
 961 0314 FFF7FEFF 		bl	HAL_GetTick
 962              	.LVL88:
 585:Drivers/STM32G4xx_HAL_Driver/Src/stm32g4xx_hal_rcc.c ****         {
 963              		.loc 1 585 27 discriminator 1 view .LVU322
 964 0318 401B     		subs	r0, r0, r5
 585:Drivers/STM32G4xx_HAL_Driver/Src/stm32g4xx_hal_rcc.c ****         {
 965              		.loc 1 585 11 discriminator 1 view .LVU323
 966 031a 0228     		cmp	r0, #2
 967 031c F4D9     		bls	.L73
 968 031e 2AE7     		b	.L39
 969              	.LVL89:
 970              	.L100:
 971              	.LBB4:
 563:Drivers/STM32G4xx_HAL_Driver/Src/stm32g4xx_hal_rcc.c ****     }
 972              		.loc 1 563 7 is_stmt 1 view .LVU324
 973 0320 5E4A     		ldr	r2, .L106
 974 0322 936D     		ldr	r3, [r2, #88]
 975 0324 23F08053 		bic	r3, r3, #268435456
 976 0328 9365     		str	r3, [r2, #88]
 977 032a DDE7     		b	.L57
 978              	.LVL90:
 979              	.L72:
 563:Drivers/STM32G4xx_HAL_Driver/Src/stm32g4xx_hal_rcc.c ****     }
 980              		.loc 1 563 7 is_stmt 0 view .LVU325
 981              	.LBE4:
 594:Drivers/STM32G4xx_HAL_Driver/Src/stm32g4xx_hal_rcc.c **** 
 982              		.loc 1 594 7 is_stmt 1 view .LVU326
 983 032c 5B4A     		ldr	r2, .L106
 984 032e D2F89830 		ldr	r3, [r2, #152]
 985 0332 23F00103 		bic	r3, r3, #1
 986 0336 C2F89830 		str	r3, [r2, #152]
 597:Drivers/STM32G4xx_HAL_Driver/Src/stm32g4xx_hal_rcc.c **** 
 987              		.loc 1 597 7 view .LVU327
 597:Drivers/STM32G4xx_HAL_Driver/Src/stm32g4xx_hal_rcc.c **** 
 988              		.loc 1 597 19 is_stmt 0 view .LVU328
 989 033a FFF7FEFF 		bl	HAL_GetTick
 990              	.LVL91:
 991 033e 0546     		mov	r5, r0
 992              	.LVL92:
 600:Drivers/STM32G4xx_HAL_Driver/Src/stm32g4xx_hal_rcc.c ****       {
 993              		.loc 1 600 7 is_stmt 1 view .LVU329
 994              	.L75:
 600:Drivers/STM32G4xx_HAL_Driver/Src/stm32g4xx_hal_rcc.c ****       {
ARM GAS  /tmp/ccl1Huei.s 			page 48


 995              		.loc 1 600 54 discriminator 1 view .LVU330
 600:Drivers/STM32G4xx_HAL_Driver/Src/stm32g4xx_hal_rcc.c ****       {
 996              		.loc 1 600 13 is_stmt 0 discriminator 1 view .LVU331
 997 0340 564B     		ldr	r3, .L106
 998 0342 D3F89830 		ldr	r3, [r3, #152]
 600:Drivers/STM32G4xx_HAL_Driver/Src/stm32g4xx_hal_rcc.c ****       {
 999              		.loc 1 600 54 discriminator 1 view .LVU332
 1000 0346 13F0020F 		tst	r3, #2
 1001 034a 05D0     		beq	.L71
 602:Drivers/STM32G4xx_HAL_Driver/Src/stm32g4xx_hal_rcc.c ****         {
 1002              		.loc 1 602 9 is_stmt 1 view .LVU333
 602:Drivers/STM32G4xx_HAL_Driver/Src/stm32g4xx_hal_rcc.c ****         {
 1003              		.loc 1 602 13 is_stmt 0 view .LVU334
 1004 034c FFF7FEFF 		bl	HAL_GetTick
 1005              	.LVL93:
 602:Drivers/STM32G4xx_HAL_Driver/Src/stm32g4xx_hal_rcc.c ****         {
 1006              		.loc 1 602 27 discriminator 1 view .LVU335
 1007 0350 401B     		subs	r0, r0, r5
 602:Drivers/STM32G4xx_HAL_Driver/Src/stm32g4xx_hal_rcc.c ****         {
 1008              		.loc 1 602 11 discriminator 1 view .LVU336
 1009 0352 0228     		cmp	r0, #2
 1010 0354 F4D9     		bls	.L75
 1011 0356 0EE7     		b	.L39
 1012              	.LVL94:
 1013              	.L71:
 612:Drivers/STM32G4xx_HAL_Driver/Src/stm32g4xx_hal_rcc.c **** 
 1014              		.loc 1 612 3 is_stmt 1 view .LVU337
 614:Drivers/STM32G4xx_HAL_Driver/Src/stm32g4xx_hal_rcc.c ****   {
 1015              		.loc 1 614 3 view .LVU338
 614:Drivers/STM32G4xx_HAL_Driver/Src/stm32g4xx_hal_rcc.c ****   {
 1016              		.loc 1 614 29 is_stmt 0 view .LVU339
 1017 0358 E369     		ldr	r3, [r4, #28]
 614:Drivers/STM32G4xx_HAL_Driver/Src/stm32g4xx_hal_rcc.c ****   {
 1018              		.loc 1 614 6 view .LVU340
 1019 035a 002B     		cmp	r3, #0
 1020 035c 63D0     		beq	.L77
 617:Drivers/STM32G4xx_HAL_Driver/Src/stm32g4xx_hal_rcc.c ****     {
 1021              		.loc 1 617 5 is_stmt 1 view .LVU341
 617:Drivers/STM32G4xx_HAL_Driver/Src/stm32g4xx_hal_rcc.c ****     {
 1022              		.loc 1 617 9 is_stmt 0 view .LVU342
 1023 035e 4F4A     		ldr	r2, .L106
 1024 0360 9268     		ldr	r2, [r2, #8]
 1025 0362 02F00C02 		and	r2, r2, #12
 617:Drivers/STM32G4xx_HAL_Driver/Src/stm32g4xx_hal_rcc.c ****     {
 1026              		.loc 1 617 8 view .LVU343
 1027 0366 0C2A     		cmp	r2, #12
 1028 0368 5FD0     		beq	.L78
 619:Drivers/STM32G4xx_HAL_Driver/Src/stm32g4xx_hal_rcc.c ****       {
 1029              		.loc 1 619 7 is_stmt 1 view .LVU344
 619:Drivers/STM32G4xx_HAL_Driver/Src/stm32g4xx_hal_rcc.c ****       {
 1030              		.loc 1 619 10 is_stmt 0 view .LVU345
 1031 036a 022B     		cmp	r3, #2
 1032 036c 12D0     		beq	.L101
 673:Drivers/STM32G4xx_HAL_Driver/Src/stm32g4xx_hal_rcc.c **** 
 1033              		.loc 1 673 9 is_stmt 1 view .LVU346
 1034 036e 4B4A     		ldr	r2, .L106
 1035 0370 1368     		ldr	r3, [r2]
ARM GAS  /tmp/ccl1Huei.s 			page 49


 1036 0372 23F08073 		bic	r3, r3, #16777216
 1037 0376 1360     		str	r3, [r2]
 676:Drivers/STM32G4xx_HAL_Driver/Src/stm32g4xx_hal_rcc.c **** 
 1038              		.loc 1 676 9 view .LVU347
 676:Drivers/STM32G4xx_HAL_Driver/Src/stm32g4xx_hal_rcc.c **** 
 1039              		.loc 1 676 21 is_stmt 0 view .LVU348
 1040 0378 FFF7FEFF 		bl	HAL_GetTick
 1041              	.LVL95:
 1042 037c 0446     		mov	r4, r0
 1043              	.LVL96:
 679:Drivers/STM32G4xx_HAL_Driver/Src/stm32g4xx_hal_rcc.c ****         {
 1044              		.loc 1 679 9 is_stmt 1 view .LVU349
 1045              	.L84:
 679:Drivers/STM32G4xx_HAL_Driver/Src/stm32g4xx_hal_rcc.c ****         {
 1046              		.loc 1 679 49 discriminator 1 view .LVU350
 679:Drivers/STM32G4xx_HAL_Driver/Src/stm32g4xx_hal_rcc.c ****         {
 1047              		.loc 1 679 16 is_stmt 0 discriminator 1 view .LVU351
 1048 037e 474B     		ldr	r3, .L106
 1049 0380 1B68     		ldr	r3, [r3]
 679:Drivers/STM32G4xx_HAL_Driver/Src/stm32g4xx_hal_rcc.c ****         {
 1050              		.loc 1 679 49 discriminator 1 view .LVU352
 1051 0382 13F0007F 		tst	r3, #33554432
 1052 0386 49D0     		beq	.L102
 681:Drivers/STM32G4xx_HAL_Driver/Src/stm32g4xx_hal_rcc.c ****           {
 1053              		.loc 1 681 11 is_stmt 1 view .LVU353
 681:Drivers/STM32G4xx_HAL_Driver/Src/stm32g4xx_hal_rcc.c ****           {
 1054              		.loc 1 681 16 is_stmt 0 view .LVU354
 1055 0388 FFF7FEFF 		bl	HAL_GetTick
 1056              	.LVL97:
 681:Drivers/STM32G4xx_HAL_Driver/Src/stm32g4xx_hal_rcc.c ****           {
 1057              		.loc 1 681 30 discriminator 1 view .LVU355
 1058 038c 001B     		subs	r0, r0, r4
 681:Drivers/STM32G4xx_HAL_Driver/Src/stm32g4xx_hal_rcc.c ****           {
 1059              		.loc 1 681 14 discriminator 1 view .LVU356
 1060 038e 0228     		cmp	r0, #2
 1061 0390 F5D9     		bls	.L84
 1062 0392 F0E6     		b	.L39
 1063              	.LVL98:
 1064              	.L101:
 622:Drivers/STM32G4xx_HAL_Driver/Src/stm32g4xx_hal_rcc.c ****         assert_param(IS_RCC_PLLM_VALUE(RCC_OscInitStruct->PLL.PLLM));
 1065              		.loc 1 622 9 is_stmt 1 view .LVU357
 623:Drivers/STM32G4xx_HAL_Driver/Src/stm32g4xx_hal_rcc.c ****         assert_param(IS_RCC_PLLN_VALUE(RCC_OscInitStruct->PLL.PLLN));
 1066              		.loc 1 623 9 view .LVU358
 624:Drivers/STM32G4xx_HAL_Driver/Src/stm32g4xx_hal_rcc.c ****         assert_param(IS_RCC_PLLP_VALUE(RCC_OscInitStruct->PLL.PLLP));
 1067              		.loc 1 624 9 view .LVU359
 625:Drivers/STM32G4xx_HAL_Driver/Src/stm32g4xx_hal_rcc.c ****         assert_param(IS_RCC_PLLQ_VALUE(RCC_OscInitStruct->PLL.PLLQ));
 1068              		.loc 1 625 9 view .LVU360
 626:Drivers/STM32G4xx_HAL_Driver/Src/stm32g4xx_hal_rcc.c ****         assert_param(IS_RCC_PLLR_VALUE(RCC_OscInitStruct->PLL.PLLR));
 1069              		.loc 1 626 9 view .LVU361
 627:Drivers/STM32G4xx_HAL_Driver/Src/stm32g4xx_hal_rcc.c **** 
 1070              		.loc 1 627 9 view .LVU362
 630:Drivers/STM32G4xx_HAL_Driver/Src/stm32g4xx_hal_rcc.c **** 
 1071              		.loc 1 630 9 view .LVU363
 1072 0394 414A     		ldr	r2, .L106
 1073 0396 1368     		ldr	r3, [r2]
 1074 0398 23F08073 		bic	r3, r3, #16777216
 1075 039c 1360     		str	r3, [r2]
ARM GAS  /tmp/ccl1Huei.s 			page 50


 633:Drivers/STM32G4xx_HAL_Driver/Src/stm32g4xx_hal_rcc.c **** 
 1076              		.loc 1 633 9 view .LVU364
 633:Drivers/STM32G4xx_HAL_Driver/Src/stm32g4xx_hal_rcc.c **** 
 1077              		.loc 1 633 21 is_stmt 0 view .LVU365
 1078 039e FFF7FEFF 		bl	HAL_GetTick
 1079              	.LVL99:
 1080 03a2 0546     		mov	r5, r0
 1081              	.LVL100:
 636:Drivers/STM32G4xx_HAL_Driver/Src/stm32g4xx_hal_rcc.c ****         {
 1082              		.loc 1 636 9 is_stmt 1 view .LVU366
 1083              	.L80:
 636:Drivers/STM32G4xx_HAL_Driver/Src/stm32g4xx_hal_rcc.c ****         {
 1084              		.loc 1 636 49 discriminator 1 view .LVU367
 636:Drivers/STM32G4xx_HAL_Driver/Src/stm32g4xx_hal_rcc.c ****         {
 1085              		.loc 1 636 16 is_stmt 0 discriminator 1 view .LVU368
 1086 03a4 3D4B     		ldr	r3, .L106
 1087 03a6 1B68     		ldr	r3, [r3]
 636:Drivers/STM32G4xx_HAL_Driver/Src/stm32g4xx_hal_rcc.c ****         {
 1088              		.loc 1 636 49 discriminator 1 view .LVU369
 1089 03a8 13F0007F 		tst	r3, #33554432
 1090 03ac 05D0     		beq	.L103
 638:Drivers/STM32G4xx_HAL_Driver/Src/stm32g4xx_hal_rcc.c ****           {
 1091              		.loc 1 638 11 is_stmt 1 view .LVU370
 638:Drivers/STM32G4xx_HAL_Driver/Src/stm32g4xx_hal_rcc.c ****           {
 1092              		.loc 1 638 16 is_stmt 0 view .LVU371
 1093 03ae FFF7FEFF 		bl	HAL_GetTick
 1094              	.LVL101:
 638:Drivers/STM32G4xx_HAL_Driver/Src/stm32g4xx_hal_rcc.c ****           {
 1095              		.loc 1 638 30 discriminator 1 view .LVU372
 1096 03b2 401B     		subs	r0, r0, r5
 638:Drivers/STM32G4xx_HAL_Driver/Src/stm32g4xx_hal_rcc.c ****           {
 1097              		.loc 1 638 14 discriminator 1 view .LVU373
 1098 03b4 0228     		cmp	r0, #2
 1099 03b6 F5D9     		bls	.L80
 1100 03b8 DDE6     		b	.L39
 1101              	.L103:
 645:Drivers/STM32G4xx_HAL_Driver/Src/stm32g4xx_hal_rcc.c ****                              RCC_OscInitStruct->PLL.PLLM,
 1102              		.loc 1 645 9 is_stmt 1 view .LVU374
 1103 03ba 384A     		ldr	r2, .L106
 1104 03bc D368     		ldr	r3, [r2, #12]
 1105 03be 3849     		ldr	r1, .L106+4
 1106 03c0 1940     		ands	r1, r1, r3
 1107 03c2 236A     		ldr	r3, [r4, #32]
 1108 03c4 606A     		ldr	r0, [r4, #36]
 1109 03c6 0138     		subs	r0, r0, #1
 1110 03c8 43EA0013 		orr	r3, r3, r0, lsl #4
 1111 03cc A06A     		ldr	r0, [r4, #40]
 1112 03ce 43EA0023 		orr	r3, r3, r0, lsl #8
 1113 03d2 206B     		ldr	r0, [r4, #48]
 1114 03d4 4008     		lsrs	r0, r0, #1
 1115 03d6 0138     		subs	r0, r0, #1
 1116 03d8 43EA4053 		orr	r3, r3, r0, lsl #21
 1117 03dc 606B     		ldr	r0, [r4, #52]
 1118 03de 4008     		lsrs	r0, r0, #1
 1119 03e0 0138     		subs	r0, r0, #1
 1120 03e2 43EA4063 		orr	r3, r3, r0, lsl #25
 1121 03e6 E06A     		ldr	r0, [r4, #44]
ARM GAS  /tmp/ccl1Huei.s 			page 51


 1122 03e8 43EAC063 		orr	r3, r3, r0, lsl #27
 1123 03ec 1943     		orrs	r1, r1, r3
 1124 03ee D160     		str	r1, [r2, #12]
 653:Drivers/STM32G4xx_HAL_Driver/Src/stm32g4xx_hal_rcc.c **** 
 1125              		.loc 1 653 9 view .LVU375
 1126 03f0 1368     		ldr	r3, [r2]
 1127 03f2 43F08073 		orr	r3, r3, #16777216
 1128 03f6 1360     		str	r3, [r2]
 656:Drivers/STM32G4xx_HAL_Driver/Src/stm32g4xx_hal_rcc.c **** 
 1129              		.loc 1 656 10 view .LVU376
 1130 03f8 D368     		ldr	r3, [r2, #12]
 1131 03fa 43F08073 		orr	r3, r3, #16777216
 1132 03fe D360     		str	r3, [r2, #12]
 659:Drivers/STM32G4xx_HAL_Driver/Src/stm32g4xx_hal_rcc.c **** 
 1133              		.loc 1 659 9 view .LVU377
 659:Drivers/STM32G4xx_HAL_Driver/Src/stm32g4xx_hal_rcc.c **** 
 1134              		.loc 1 659 21 is_stmt 0 view .LVU378
 1135 0400 FFF7FEFF 		bl	HAL_GetTick
 1136              	.LVL102:
 1137 0404 0446     		mov	r4, r0
 1138              	.LVL103:
 662:Drivers/STM32G4xx_HAL_Driver/Src/stm32g4xx_hal_rcc.c ****         {
 1139              		.loc 1 662 9 is_stmt 1 view .LVU379
 1140              	.L82:
 662:Drivers/STM32G4xx_HAL_Driver/Src/stm32g4xx_hal_rcc.c ****         {
 1141              		.loc 1 662 49 discriminator 1 view .LVU380
 662:Drivers/STM32G4xx_HAL_Driver/Src/stm32g4xx_hal_rcc.c ****         {
 1142              		.loc 1 662 16 is_stmt 0 discriminator 1 view .LVU381
 1143 0406 254B     		ldr	r3, .L106
 1144 0408 1B68     		ldr	r3, [r3]
 662:Drivers/STM32G4xx_HAL_Driver/Src/stm32g4xx_hal_rcc.c ****         {
 1145              		.loc 1 662 49 discriminator 1 view .LVU382
 1146 040a 13F0007F 		tst	r3, #33554432
 1147 040e 0AD1     		bne	.L77
 664:Drivers/STM32G4xx_HAL_Driver/Src/stm32g4xx_hal_rcc.c ****           {
 1148              		.loc 1 664 11 is_stmt 1 view .LVU383
 664:Drivers/STM32G4xx_HAL_Driver/Src/stm32g4xx_hal_rcc.c ****           {
 1149              		.loc 1 664 16 is_stmt 0 view .LVU384
 1150 0410 FFF7FEFF 		bl	HAL_GetTick
 1151              	.LVL104:
 664:Drivers/STM32G4xx_HAL_Driver/Src/stm32g4xx_hal_rcc.c ****           {
 1152              		.loc 1 664 30 discriminator 1 view .LVU385
 1153 0414 001B     		subs	r0, r0, r4
 664:Drivers/STM32G4xx_HAL_Driver/Src/stm32g4xx_hal_rcc.c ****           {
 1154              		.loc 1 664 14 discriminator 1 view .LVU386
 1155 0416 0228     		cmp	r0, #2
 1156 0418 F5D9     		bls	.L82
 1157 041a ACE6     		b	.L39
 1158              	.L102:
 688:Drivers/STM32G4xx_HAL_Driver/Src/stm32g4xx_hal_rcc.c ****       }
 1159              		.loc 1 688 9 is_stmt 1 view .LVU387
 688:Drivers/STM32G4xx_HAL_Driver/Src/stm32g4xx_hal_rcc.c ****       }
 1160              		.loc 1 688 12 is_stmt 0 view .LVU388
 1161 041c 1F4A     		ldr	r2, .L106
 1162 041e D168     		ldr	r1, [r2, #12]
 688:Drivers/STM32G4xx_HAL_Driver/Src/stm32g4xx_hal_rcc.c ****       }
 1163              		.loc 1 688 22 view .LVU389
ARM GAS  /tmp/ccl1Huei.s 			page 52


 1164 0420 204B     		ldr	r3, .L106+8
 1165 0422 0B40     		ands	r3, r3, r1
 1166 0424 D360     		str	r3, [r2, #12]
 1167              	.LVL105:
 1168              	.L77:
 715:Drivers/STM32G4xx_HAL_Driver/Src/stm32g4xx_hal_rcc.c **** }
 1169              		.loc 1 715 10 view .LVU390
 1170 0426 0020     		movs	r0, #0
 1171 0428 A6E6     		b	.L26
 1172              	.LVL106:
 1173              	.L78:
 694:Drivers/STM32G4xx_HAL_Driver/Src/stm32g4xx_hal_rcc.c ****       {
 1174              		.loc 1 694 7 is_stmt 1 view .LVU391
 694:Drivers/STM32G4xx_HAL_Driver/Src/stm32g4xx_hal_rcc.c ****       {
 1175              		.loc 1 694 9 is_stmt 0 view .LVU392
 1176 042a 012B     		cmp	r3, #1
 1177 042c 3FF41EAE 		beq	.L31
 701:Drivers/STM32G4xx_HAL_Driver/Src/stm32g4xx_hal_rcc.c ****       if((READ_BIT(temp_pllckcfg, RCC_PLLCFGR_PLLSRC) != RCC_OscInitStruct->PLL.PLLSource) ||
 1178              		.loc 1 701 7 is_stmt 1 view .LVU393
 701:Drivers/STM32G4xx_HAL_Driver/Src/stm32g4xx_hal_rcc.c ****       if((READ_BIT(temp_pllckcfg, RCC_PLLCFGR_PLLSRC) != RCC_OscInitStruct->PLL.PLLSource) ||
 1179              		.loc 1 701 21 is_stmt 0 view .LVU394
 1180 0430 1A4B     		ldr	r3, .L106
 1181 0432 DB68     		ldr	r3, [r3, #12]
 1182              	.LVL107:
 702:Drivers/STM32G4xx_HAL_Driver/Src/stm32g4xx_hal_rcc.c ****          (READ_BIT(temp_pllckcfg, RCC_PLLCFGR_PLLM) != (((RCC_OscInitStruct->PLL.PLLM) - 1U) << RCC
 1183              		.loc 1 702 7 is_stmt 1 view .LVU395
 702:Drivers/STM32G4xx_HAL_Driver/Src/stm32g4xx_hal_rcc.c ****          (READ_BIT(temp_pllckcfg, RCC_PLLCFGR_PLLM) != (((RCC_OscInitStruct->PLL.PLLM) - 1U) << RCC
 1184              		.loc 1 702 11 is_stmt 0 view .LVU396
 1185 0434 03F00301 		and	r1, r3, #3
 702:Drivers/STM32G4xx_HAL_Driver/Src/stm32g4xx_hal_rcc.c ****          (READ_BIT(temp_pllckcfg, RCC_PLLCFGR_PLLM) != (((RCC_OscInitStruct->PLL.PLLM) - 1U) << RCC
 1186              		.loc 1 702 80 view .LVU397
 1187 0438 226A     		ldr	r2, [r4, #32]
 702:Drivers/STM32G4xx_HAL_Driver/Src/stm32g4xx_hal_rcc.c ****          (READ_BIT(temp_pllckcfg, RCC_PLLCFGR_PLLM) != (((RCC_OscInitStruct->PLL.PLLM) - 1U) << RCC
 1188              		.loc 1 702 9 view .LVU398
 1189 043a 9142     		cmp	r1, r2
 1190 043c 7FF416AE 		bne	.L31
 703:Drivers/STM32G4xx_HAL_Driver/Src/stm32g4xx_hal_rcc.c ****          (READ_BIT(temp_pllckcfg, RCC_PLLCFGR_PLLN) != ((RCC_OscInitStruct->PLL.PLLN) << RCC_PLLCFG
 1191              		.loc 1 703 11 view .LVU399
 1192 0440 03F0F002 		and	r2, r3, #240
 703:Drivers/STM32G4xx_HAL_Driver/Src/stm32g4xx_hal_rcc.c ****          (READ_BIT(temp_pllckcfg, RCC_PLLCFGR_PLLN) != ((RCC_OscInitStruct->PLL.PLLN) << RCC_PLLCFG
 1193              		.loc 1 703 81 view .LVU400
 1194 0444 616A     		ldr	r1, [r4, #36]
 703:Drivers/STM32G4xx_HAL_Driver/Src/stm32g4xx_hal_rcc.c ****          (READ_BIT(temp_pllckcfg, RCC_PLLCFGR_PLLN) != ((RCC_OscInitStruct->PLL.PLLN) << RCC_PLLCFG
 1195              		.loc 1 703 88 view .LVU401
 1196 0446 0139     		subs	r1, r1, #1
 702:Drivers/STM32G4xx_HAL_Driver/Src/stm32g4xx_hal_rcc.c ****          (READ_BIT(temp_pllckcfg, RCC_PLLCFGR_PLLM) != (((RCC_OscInitStruct->PLL.PLLM) - 1U) << RCC
 1197              		.loc 1 702 92 discriminator 1 view .LVU402
 1198 0448 B2EB011F 		cmp	r2, r1, lsl #4
 1199 044c 7FF40EAE 		bne	.L31
 704:Drivers/STM32G4xx_HAL_Driver/Src/stm32g4xx_hal_rcc.c ****          (READ_BIT(temp_pllckcfg, RCC_PLLCFGR_PLLPDIV) != ((RCC_OscInitStruct->PLL.PLLP) << RCC_PLL
 1200              		.loc 1 704 11 view .LVU403
 1201 0450 03F4FE42 		and	r2, r3, #32512
 704:Drivers/STM32G4xx_HAL_Driver/Src/stm32g4xx_hal_rcc.c ****          (READ_BIT(temp_pllckcfg, RCC_PLLCFGR_PLLPDIV) != ((RCC_OscInitStruct->PLL.PLLP) << RCC_PLL
 1202              		.loc 1 704 80 view .LVU404
 1203 0454 A16A     		ldr	r1, [r4, #40]
 703:Drivers/STM32G4xx_HAL_Driver/Src/stm32g4xx_hal_rcc.c ****          (READ_BIT(temp_pllckcfg, RCC_PLLCFGR_PLLN) != ((RCC_OscInitStruct->PLL.PLLN) << RCC_PLLCFG
 1204              		.loc 1 703 120 discriminator 1 view .LVU405
ARM GAS  /tmp/ccl1Huei.s 			page 53


 1205 0456 B2EB012F 		cmp	r2, r1, lsl #8
 1206 045a 7FF407AE 		bne	.L31
 705:Drivers/STM32G4xx_HAL_Driver/Src/stm32g4xx_hal_rcc.c ****          (READ_BIT(temp_pllckcfg, RCC_PLLCFGR_PLLQ) != ((((RCC_OscInitStruct->PLL.PLLQ) >> 1U) - 1U
 1207              		.loc 1 705 11 view .LVU406
 1208 045e 03F07842 		and	r2, r3, #-134217728
 705:Drivers/STM32G4xx_HAL_Driver/Src/stm32g4xx_hal_rcc.c ****          (READ_BIT(temp_pllckcfg, RCC_PLLCFGR_PLLQ) != ((((RCC_OscInitStruct->PLL.PLLQ) >> 1U) - 1U
 1209              		.loc 1 705 83 view .LVU407
 1210 0462 E16A     		ldr	r1, [r4, #44]
 704:Drivers/STM32G4xx_HAL_Driver/Src/stm32g4xx_hal_rcc.c ****          (READ_BIT(temp_pllckcfg, RCC_PLLCFGR_PLLPDIV) != ((RCC_OscInitStruct->PLL.PLLP) << RCC_PLL
 1211              		.loc 1 704 113 discriminator 1 view .LVU408
 1212 0464 B2EBC16F 		cmp	r2, r1, lsl #27
 1213 0468 7FF400AE 		bne	.L31
 706:Drivers/STM32G4xx_HAL_Driver/Src/stm32g4xx_hal_rcc.c ****          (READ_BIT(temp_pllckcfg, RCC_PLLCFGR_PLLR) != ((((RCC_OscInitStruct->PLL.PLLR) >> 1U) - 1U
 1214              		.loc 1 706 11 view .LVU409
 1215 046c 03F4C001 		and	r1, r3, #6291456
 706:Drivers/STM32G4xx_HAL_Driver/Src/stm32g4xx_hal_rcc.c ****          (READ_BIT(temp_pllckcfg, RCC_PLLCFGR_PLLR) != ((((RCC_OscInitStruct->PLL.PLLR) >> 1U) - 1U
 1216              		.loc 1 706 82 view .LVU410
 1217 0470 226B     		ldr	r2, [r4, #48]
 706:Drivers/STM32G4xx_HAL_Driver/Src/stm32g4xx_hal_rcc.c ****          (READ_BIT(temp_pllckcfg, RCC_PLLCFGR_PLLR) != ((((RCC_OscInitStruct->PLL.PLLR) >> 1U) - 1U
 1218              		.loc 1 706 89 view .LVU411
 1219 0472 5208     		lsrs	r2, r2, #1
 706:Drivers/STM32G4xx_HAL_Driver/Src/stm32g4xx_hal_rcc.c ****          (READ_BIT(temp_pllckcfg, RCC_PLLCFGR_PLLR) != ((((RCC_OscInitStruct->PLL.PLLR) >> 1U) - 1U
 1220              		.loc 1 706 96 view .LVU412
 1221 0474 013A     		subs	r2, r2, #1
 705:Drivers/STM32G4xx_HAL_Driver/Src/stm32g4xx_hal_rcc.c ****          (READ_BIT(temp_pllckcfg, RCC_PLLCFGR_PLLQ) != ((((RCC_OscInitStruct->PLL.PLLQ) >> 1U) - 1U
 1222              		.loc 1 705 119 discriminator 1 view .LVU413
 1223 0476 B1EB425F 		cmp	r1, r2, lsl #21
 1224 047a 7FF4F7AD 		bne	.L31
 707:Drivers/STM32G4xx_HAL_Driver/Src/stm32g4xx_hal_rcc.c ****       {
 1225              		.loc 1 707 11 view .LVU414
 1226 047e 03F0C063 		and	r3, r3, #100663296
 1227              	.LVL108:
 707:Drivers/STM32G4xx_HAL_Driver/Src/stm32g4xx_hal_rcc.c ****       {
 1228              		.loc 1 707 82 view .LVU415
 1229 0482 626B     		ldr	r2, [r4, #52]
 707:Drivers/STM32G4xx_HAL_Driver/Src/stm32g4xx_hal_rcc.c ****       {
 1230              		.loc 1 707 89 view .LVU416
 1231 0484 5208     		lsrs	r2, r2, #1
 707:Drivers/STM32G4xx_HAL_Driver/Src/stm32g4xx_hal_rcc.c ****       {
 1232              		.loc 1 707 96 view .LVU417
 1233 0486 013A     		subs	r2, r2, #1
 706:Drivers/STM32G4xx_HAL_Driver/Src/stm32g4xx_hal_rcc.c ****          (READ_BIT(temp_pllckcfg, RCC_PLLCFGR_PLLR) != ((((RCC_OscInitStruct->PLL.PLLR) >> 1U) - 1U
 1234              		.loc 1 706 128 discriminator 1 view .LVU418
 1235 0488 B3EB426F 		cmp	r3, r2, lsl #25
 1236 048c 01D1     		bne	.L87
 715:Drivers/STM32G4xx_HAL_Driver/Src/stm32g4xx_hal_rcc.c **** }
 1237              		.loc 1 715 10 view .LVU419
 1238 048e 0020     		movs	r0, #0
 1239 0490 72E6     		b	.L26
 1240              	.L87:
 709:Drivers/STM32G4xx_HAL_Driver/Src/stm32g4xx_hal_rcc.c ****       }
 1241              		.loc 1 709 16 view .LVU420
 1242 0492 0120     		movs	r0, #1
 1243 0494 70E6     		b	.L26
 1244              	.LVL109:
 1245              	.L91:
 1246              	.LCFI5:
ARM GAS  /tmp/ccl1Huei.s 			page 54


 1247              		.cfi_def_cfa_offset 0
 1248              		.cfi_restore 4
 1249              		.cfi_restore 5
 1250              		.cfi_restore 6
 1251              		.cfi_restore 14
 321:Drivers/STM32G4xx_HAL_Driver/Src/stm32g4xx_hal_rcc.c ****   }
 1252              		.loc 1 321 12 view .LVU421
 1253 0496 0120     		movs	r0, #1
 1254              	.LVL110:
 716:Drivers/STM32G4xx_HAL_Driver/Src/stm32g4xx_hal_rcc.c **** 
 1255              		.loc 1 716 1 view .LVU422
 1256 0498 7047     		bx	lr
 1257              	.L107:
 1258 049a 00BF     		.align	2
 1259              	.L106:
 1260 049c 00100240 		.word	1073876992
 1261 04a0 0C809F01 		.word	27230220
 1262 04a4 FCFFEEFE 		.word	-17891332
 1263              		.cfi_endproc
 1264              	.LFE330:
 1266              		.section	.text.HAL_RCC_MCOConfig,"ax",%progbits
 1267              		.align	1
 1268              		.global	HAL_RCC_MCOConfig
 1269              		.syntax unified
 1270              		.thumb
 1271              		.thumb_func
 1273              	HAL_RCC_MCOConfig:
 1274              	.LVL111:
 1275              	.LFB332:
 995:Drivers/STM32G4xx_HAL_Driver/Src/stm32g4xx_hal_rcc.c ****   GPIO_InitTypeDef gpio_initstruct;
 1276              		.loc 1 995 1 is_stmt 1 view -0
 1277              		.cfi_startproc
 1278              		@ args = 0, pretend = 0, frame = 24
 1279              		@ frame_needed = 0, uses_anonymous_args = 0
 995:Drivers/STM32G4xx_HAL_Driver/Src/stm32g4xx_hal_rcc.c ****   GPIO_InitTypeDef gpio_initstruct;
 1280              		.loc 1 995 1 is_stmt 0 view .LVU424
 1281 0000 70B5     		push	{r4, r5, r6, lr}
 1282              	.LCFI6:
 1283              		.cfi_def_cfa_offset 16
 1284              		.cfi_offset 4, -16
 1285              		.cfi_offset 5, -12
 1286              		.cfi_offset 6, -8
 1287              		.cfi_offset 14, -4
 1288 0002 86B0     		sub	sp, sp, #24
 1289              	.LCFI7:
 1290              		.cfi_def_cfa_offset 40
 1291 0004 0E46     		mov	r6, r1
 1292 0006 1546     		mov	r5, r2
 996:Drivers/STM32G4xx_HAL_Driver/Src/stm32g4xx_hal_rcc.c ****   uint32_t mcoindex;
 1293              		.loc 1 996 3 is_stmt 1 view .LVU425
 997:Drivers/STM32G4xx_HAL_Driver/Src/stm32g4xx_hal_rcc.c ****   uint32_t mco_gpio_index;
 1294              		.loc 1 997 3 view .LVU426
 998:Drivers/STM32G4xx_HAL_Driver/Src/stm32g4xx_hal_rcc.c ****   GPIO_TypeDef * mco_gpio_port;
 1295              		.loc 1 998 3 view .LVU427
 999:Drivers/STM32G4xx_HAL_Driver/Src/stm32g4xx_hal_rcc.c **** 
 1296              		.loc 1 999 3 view .LVU428
1002:Drivers/STM32G4xx_HAL_Driver/Src/stm32g4xx_hal_rcc.c **** 
ARM GAS  /tmp/ccl1Huei.s 			page 55


 1297              		.loc 1 1002 3 view .LVU429
1005:Drivers/STM32G4xx_HAL_Driver/Src/stm32g4xx_hal_rcc.c ****   gpio_initstruct.Speed     = GPIO_SPEED_FREQ_VERY_HIGH;
 1298              		.loc 1 1005 3 view .LVU430
1005:Drivers/STM32G4xx_HAL_Driver/Src/stm32g4xx_hal_rcc.c ****   gpio_initstruct.Speed     = GPIO_SPEED_FREQ_VERY_HIGH;
 1299              		.loc 1 1005 29 is_stmt 0 view .LVU431
 1300 0008 0223     		movs	r3, #2
 1301 000a 0293     		str	r3, [sp, #8]
1006:Drivers/STM32G4xx_HAL_Driver/Src/stm32g4xx_hal_rcc.c ****   gpio_initstruct.Pull      = GPIO_NOPULL;
 1302              		.loc 1 1006 3 is_stmt 1 view .LVU432
1006:Drivers/STM32G4xx_HAL_Driver/Src/stm32g4xx_hal_rcc.c ****   gpio_initstruct.Pull      = GPIO_NOPULL;
 1303              		.loc 1 1006 29 is_stmt 0 view .LVU433
 1304 000c 0323     		movs	r3, #3
 1305 000e 0493     		str	r3, [sp, #16]
1007:Drivers/STM32G4xx_HAL_Driver/Src/stm32g4xx_hal_rcc.c **** 
 1306              		.loc 1 1007 3 is_stmt 1 view .LVU434
1007:Drivers/STM32G4xx_HAL_Driver/Src/stm32g4xx_hal_rcc.c **** 
 1307              		.loc 1 1007 29 is_stmt 0 view .LVU435
 1308 0010 0023     		movs	r3, #0
 1309 0012 0393     		str	r3, [sp, #12]
1010:Drivers/STM32G4xx_HAL_Driver/Src/stm32g4xx_hal_rcc.c **** 
 1310              		.loc 1 1010 3 is_stmt 1 view .LVU436
1010:Drivers/STM32G4xx_HAL_Driver/Src/stm32g4xx_hal_rcc.c **** 
 1311              		.loc 1 1010 12 is_stmt 0 view .LVU437
 1312 0014 00F08054 		and	r4, r0, #268435456
 1313              	.LVL112:
1013:Drivers/STM32G4xx_HAL_Driver/Src/stm32g4xx_hal_rcc.c **** 
 1314              		.loc 1 1013 3 is_stmt 1 view .LVU438
1013:Drivers/STM32G4xx_HAL_Driver/Src/stm32g4xx_hal_rcc.c **** 
 1315              		.loc 1 1013 36 is_stmt 0 view .LVU439
 1316 0018 C0F3034C 		ubfx	ip, r0, #16, #4
 1317 001c 0CF5901E 		add	lr, ip, #1179648
 1318              	.LVL113:
1016:Drivers/STM32G4xx_HAL_Driver/Src/stm32g4xx_hal_rcc.c ****   SET_BIT(RCC->AHB2ENR, (1UL << mco_gpio_index ));
 1319              		.loc 1 1016 3 is_stmt 1 view .LVU440
1017:Drivers/STM32G4xx_HAL_Driver/Src/stm32g4xx_hal_rcc.c **** 
 1320              		.loc 1 1017 3 view .LVU441
 1321 0020 0D4A     		ldr	r2, .L111
 1322              	.LVL114:
1017:Drivers/STM32G4xx_HAL_Driver/Src/stm32g4xx_hal_rcc.c **** 
 1323              		.loc 1 1017 3 is_stmt 0 view .LVU442
 1324 0022 D36C     		ldr	r3, [r2, #76]
 1325 0024 0121     		movs	r1, #1
 1326              	.LVL115:
1017:Drivers/STM32G4xx_HAL_Driver/Src/stm32g4xx_hal_rcc.c **** 
 1327              		.loc 1 1017 3 view .LVU443
 1328 0026 01FA0CF1 		lsl	r1, r1, ip
 1329 002a 0B43     		orrs	r3, r3, r1
 1330 002c D364     		str	r3, [r2, #76]
1020:Drivers/STM32G4xx_HAL_Driver/Src/stm32g4xx_hal_rcc.c ****   gpio_initstruct.Alternate = RCC_GET_MCO_GPIO_AF(RCC_MCOx);
 1331              		.loc 1 1020 3 is_stmt 1 view .LVU444
1020:Drivers/STM32G4xx_HAL_Driver/Src/stm32g4xx_hal_rcc.c ****   gpio_initstruct.Alternate = RCC_GET_MCO_GPIO_AF(RCC_MCOx);
 1332              		.loc 1 1020 25 is_stmt 0 view .LVU445
 1333 002e 83B2     		uxth	r3, r0
1020:Drivers/STM32G4xx_HAL_Driver/Src/stm32g4xx_hal_rcc.c ****   gpio_initstruct.Alternate = RCC_GET_MCO_GPIO_AF(RCC_MCOx);
 1334              		.loc 1 1020 23 view .LVU446
 1335 0030 0193     		str	r3, [sp, #4]
1021:Drivers/STM32G4xx_HAL_Driver/Src/stm32g4xx_hal_rcc.c ****   HAL_GPIO_Init(mco_gpio_port, &gpio_initstruct);
ARM GAS  /tmp/ccl1Huei.s 			page 56


 1336              		.loc 1 1021 3 is_stmt 1 view .LVU447
1021:Drivers/STM32G4xx_HAL_Driver/Src/stm32g4xx_hal_rcc.c ****   HAL_GPIO_Init(mco_gpio_port, &gpio_initstruct);
 1337              		.loc 1 1021 31 is_stmt 0 view .LVU448
 1338 0032 C0F30750 		ubfx	r0, r0, #20, #8
 1339              	.LVL116:
1021:Drivers/STM32G4xx_HAL_Driver/Src/stm32g4xx_hal_rcc.c ****   HAL_GPIO_Init(mco_gpio_port, &gpio_initstruct);
 1340              		.loc 1 1021 29 view .LVU449
 1341 0036 0590     		str	r0, [sp, #20]
1022:Drivers/STM32G4xx_HAL_Driver/Src/stm32g4xx_hal_rcc.c **** 
 1342              		.loc 1 1022 3 is_stmt 1 view .LVU450
 1343 0038 01A9     		add	r1, sp, #4
 1344 003a 4FEA8E20 		lsl	r0, lr, #10
 1345              	.LVL117:
1022:Drivers/STM32G4xx_HAL_Driver/Src/stm32g4xx_hal_rcc.c **** 
 1346              		.loc 1 1022 3 is_stmt 0 view .LVU451
 1347 003e FFF7FEFF 		bl	HAL_GPIO_Init
 1348              	.LVL118:
1024:Drivers/STM32G4xx_HAL_Driver/Src/stm32g4xx_hal_rcc.c ****   {
 1349              		.loc 1 1024 4 is_stmt 1 view .LVU452
1024:Drivers/STM32G4xx_HAL_Driver/Src/stm32g4xx_hal_rcc.c ****   {
 1350              		.loc 1 1024 7 is_stmt 0 view .LVU453
 1351 0042 3CB9     		cbnz	r4, .L108
1026:Drivers/STM32G4xx_HAL_Driver/Src/stm32g4xx_hal_rcc.c ****     assert_param(IS_RCC_MCO1SOURCE(RCC_MCOSource));
 1352              		.loc 1 1026 5 is_stmt 1 view .LVU454
1027:Drivers/STM32G4xx_HAL_Driver/Src/stm32g4xx_hal_rcc.c ****     /* Mask MCOSEL[] and MCOPRE[] bits then set MCO clock source and prescaler */
 1353              		.loc 1 1027 5 view .LVU455
1029:Drivers/STM32G4xx_HAL_Driver/Src/stm32g4xx_hal_rcc.c ****   }
 1354              		.loc 1 1029 5 view .LVU456
 1355 0044 0449     		ldr	r1, .L111
 1356 0046 8B68     		ldr	r3, [r1, #8]
 1357 0048 23F0FE43 		bic	r3, r3, #2130706432
 1358 004c 3046     		mov	r0, r6
 1359 004e 2843     		orrs	r0, r0, r5
 1360 0050 0343     		orrs	r3, r3, r0
 1361 0052 8B60     		str	r3, [r1, #8]
 1362              	.L108:
1031:Drivers/STM32G4xx_HAL_Driver/Src/stm32g4xx_hal_rcc.c **** 
 1363              		.loc 1 1031 1 is_stmt 0 view .LVU457
 1364 0054 06B0     		add	sp, sp, #24
 1365              	.LCFI8:
 1366              		.cfi_def_cfa_offset 16
 1367              		@ sp needed
 1368 0056 70BD     		pop	{r4, r5, r6, pc}
 1369              	.LVL119:
 1370              	.L112:
1031:Drivers/STM32G4xx_HAL_Driver/Src/stm32g4xx_hal_rcc.c **** 
 1371              		.loc 1 1031 1 view .LVU458
 1372              		.align	2
 1373              	.L111:
 1374 0058 00100240 		.word	1073876992
 1375              		.cfi_endproc
 1376              	.LFE332:
 1378              		.section	.text.HAL_RCC_GetSysClockFreq,"ax",%progbits
 1379              		.align	1
 1380              		.global	HAL_RCC_GetSysClockFreq
 1381              		.syntax unified
 1382              		.thumb
ARM GAS  /tmp/ccl1Huei.s 			page 57


 1383              		.thumb_func
 1385              	HAL_RCC_GetSysClockFreq:
 1386              	.LFB333:
1064:Drivers/STM32G4xx_HAL_Driver/Src/stm32g4xx_hal_rcc.c ****   uint32_t pllvco, pllsource, pllr, pllm;
 1387              		.loc 1 1064 1 is_stmt 1 view -0
 1388              		.cfi_startproc
 1389              		@ args = 0, pretend = 0, frame = 0
 1390              		@ frame_needed = 0, uses_anonymous_args = 0
 1391              		@ link register save eliminated.
1065:Drivers/STM32G4xx_HAL_Driver/Src/stm32g4xx_hal_rcc.c ****   uint32_t sysclockfreq;
 1392              		.loc 1 1065 3 view .LVU460
1066:Drivers/STM32G4xx_HAL_Driver/Src/stm32g4xx_hal_rcc.c **** 
 1393              		.loc 1 1066 3 view .LVU461
1068:Drivers/STM32G4xx_HAL_Driver/Src/stm32g4xx_hal_rcc.c ****   {
 1394              		.loc 1 1068 3 view .LVU462
1068:Drivers/STM32G4xx_HAL_Driver/Src/stm32g4xx_hal_rcc.c ****   {
 1395              		.loc 1 1068 7 is_stmt 0 view .LVU463
 1396 0000 1D4B     		ldr	r3, .L122
 1397 0002 9B68     		ldr	r3, [r3, #8]
 1398 0004 03F00C03 		and	r3, r3, #12
1068:Drivers/STM32G4xx_HAL_Driver/Src/stm32g4xx_hal_rcc.c ****   {
 1399              		.loc 1 1068 6 view .LVU464
 1400 0008 042B     		cmp	r3, #4
 1401 000a 0DD0     		beq	.L116
1073:Drivers/STM32G4xx_HAL_Driver/Src/stm32g4xx_hal_rcc.c ****   {
 1402              		.loc 1 1073 8 is_stmt 1 view .LVU465
1073:Drivers/STM32G4xx_HAL_Driver/Src/stm32g4xx_hal_rcc.c ****   {
 1403              		.loc 1 1073 12 is_stmt 0 view .LVU466
 1404 000c 1A4B     		ldr	r3, .L122
 1405 000e 9B68     		ldr	r3, [r3, #8]
 1406 0010 03F00C03 		and	r3, r3, #12
1073:Drivers/STM32G4xx_HAL_Driver/Src/stm32g4xx_hal_rcc.c ****   {
 1407              		.loc 1 1073 11 view .LVU467
 1408 0014 082B     		cmp	r3, #8
 1409 0016 07D0     		beq	.L116
1078:Drivers/STM32G4xx_HAL_Driver/Src/stm32g4xx_hal_rcc.c ****   {
 1410              		.loc 1 1078 8 is_stmt 1 view .LVU468
1078:Drivers/STM32G4xx_HAL_Driver/Src/stm32g4xx_hal_rcc.c ****   {
 1411              		.loc 1 1078 12 is_stmt 0 view .LVU469
 1412 0018 174B     		ldr	r3, .L122
 1413 001a 9B68     		ldr	r3, [r3, #8]
 1414 001c 03F00C03 		and	r3, r3, #12
1078:Drivers/STM32G4xx_HAL_Driver/Src/stm32g4xx_hal_rcc.c ****   {
 1415              		.loc 1 1078 11 view .LVU470
 1416 0020 0C2B     		cmp	r3, #12
 1417 0022 03D0     		beq	.L120
1104:Drivers/STM32G4xx_HAL_Driver/Src/stm32g4xx_hal_rcc.c ****   }
 1418              		.loc 1 1104 18 view .LVU471
 1419 0024 0020     		movs	r0, #0
 1420              	.LVL120:
1107:Drivers/STM32G4xx_HAL_Driver/Src/stm32g4xx_hal_rcc.c **** }
 1421              		.loc 1 1107 3 is_stmt 1 view .LVU472
1108:Drivers/STM32G4xx_HAL_Driver/Src/stm32g4xx_hal_rcc.c **** 
 1422              		.loc 1 1108 1 is_stmt 0 view .LVU473
 1423 0026 7047     		bx	lr
 1424              	.LVL121:
 1425              	.L116:
ARM GAS  /tmp/ccl1Huei.s 			page 58


1071:Drivers/STM32G4xx_HAL_Driver/Src/stm32g4xx_hal_rcc.c ****   }
 1426              		.loc 1 1071 18 view .LVU474
 1427 0028 1448     		ldr	r0, .L122+4
 1428 002a 7047     		bx	lr
 1429              	.L120:
1085:Drivers/STM32G4xx_HAL_Driver/Src/stm32g4xx_hal_rcc.c ****     pllm = (READ_BIT(RCC->PLLCFGR, RCC_PLLCFGR_PLLM) >> RCC_PLLCFGR_PLLM_Pos) + 1U ;
 1430              		.loc 1 1085 5 is_stmt 1 view .LVU475
1085:Drivers/STM32G4xx_HAL_Driver/Src/stm32g4xx_hal_rcc.c ****     pllm = (READ_BIT(RCC->PLLCFGR, RCC_PLLCFGR_PLLM) >> RCC_PLLCFGR_PLLM_Pos) + 1U ;
 1431              		.loc 1 1085 17 is_stmt 0 view .LVU476
 1432 002c 124B     		ldr	r3, .L122
 1433 002e DA68     		ldr	r2, [r3, #12]
1085:Drivers/STM32G4xx_HAL_Driver/Src/stm32g4xx_hal_rcc.c ****     pllm = (READ_BIT(RCC->PLLCFGR, RCC_PLLCFGR_PLLM) >> RCC_PLLCFGR_PLLM_Pos) + 1U ;
 1434              		.loc 1 1085 15 view .LVU477
 1435 0030 02F00302 		and	r2, r2, #3
 1436              	.LVL122:
1086:Drivers/STM32G4xx_HAL_Driver/Src/stm32g4xx_hal_rcc.c **** 
 1437              		.loc 1 1086 5 is_stmt 1 view .LVU478
1086:Drivers/STM32G4xx_HAL_Driver/Src/stm32g4xx_hal_rcc.c **** 
 1438              		.loc 1 1086 13 is_stmt 0 view .LVU479
 1439 0034 DB68     		ldr	r3, [r3, #12]
1086:Drivers/STM32G4xx_HAL_Driver/Src/stm32g4xx_hal_rcc.c **** 
 1440              		.loc 1 1086 54 view .LVU480
 1441 0036 C3F30313 		ubfx	r3, r3, #4, #4
1086:Drivers/STM32G4xx_HAL_Driver/Src/stm32g4xx_hal_rcc.c **** 
 1442              		.loc 1 1086 10 view .LVU481
 1443 003a 0133     		adds	r3, r3, #1
 1444              	.LVL123:
1088:Drivers/STM32G4xx_HAL_Driver/Src/stm32g4xx_hal_rcc.c ****     {
 1445              		.loc 1 1088 5 is_stmt 1 view .LVU482
 1446 003c 032A     		cmp	r2, #3
 1447 003e 11D0     		beq	.L121
1096:Drivers/STM32G4xx_HAL_Driver/Src/stm32g4xx_hal_rcc.c ****       break;
 1448              		.loc 1 1096 7 view .LVU483
1096:Drivers/STM32G4xx_HAL_Driver/Src/stm32g4xx_hal_rcc.c ****       break;
 1449              		.loc 1 1096 27 is_stmt 0 view .LVU484
 1450 0040 0E48     		ldr	r0, .L122+4
 1451 0042 B0FBF3F0 		udiv	r0, r0, r3
1096:Drivers/STM32G4xx_HAL_Driver/Src/stm32g4xx_hal_rcc.c ****       break;
 1452              		.loc 1 1096 38 view .LVU485
 1453 0046 0C4B     		ldr	r3, .L122
 1454              	.LVL124:
1096:Drivers/STM32G4xx_HAL_Driver/Src/stm32g4xx_hal_rcc.c ****       break;
 1455              		.loc 1 1096 38 view .LVU486
 1456 0048 DB68     		ldr	r3, [r3, #12]
1096:Drivers/STM32G4xx_HAL_Driver/Src/stm32g4xx_hal_rcc.c ****       break;
 1457              		.loc 1 1096 79 view .LVU487
 1458 004a C3F30623 		ubfx	r3, r3, #8, #7
1096:Drivers/STM32G4xx_HAL_Driver/Src/stm32g4xx_hal_rcc.c ****       break;
 1459              		.loc 1 1096 14 view .LVU488
 1460 004e 03FB00F0 		mul	r0, r3, r0
 1461              	.LVL125:
1097:Drivers/STM32G4xx_HAL_Driver/Src/stm32g4xx_hal_rcc.c ****     }
 1462              		.loc 1 1097 7 is_stmt 1 view .LVU489
 1463              	.L118:
1099:Drivers/STM32G4xx_HAL_Driver/Src/stm32g4xx_hal_rcc.c ****     sysclockfreq = pllvco/pllr;
 1464              		.loc 1 1099 5 view .LVU490
1099:Drivers/STM32G4xx_HAL_Driver/Src/stm32g4xx_hal_rcc.c ****     sysclockfreq = pllvco/pllr;
ARM GAS  /tmp/ccl1Huei.s 			page 59


 1465              		.loc 1 1099 14 is_stmt 0 view .LVU491
 1466 0052 094B     		ldr	r3, .L122
 1467 0054 DB68     		ldr	r3, [r3, #12]
1099:Drivers/STM32G4xx_HAL_Driver/Src/stm32g4xx_hal_rcc.c ****     sysclockfreq = pllvco/pllr;
 1468              		.loc 1 1099 55 view .LVU492
 1469 0056 C3F34163 		ubfx	r3, r3, #25, #2
1099:Drivers/STM32G4xx_HAL_Driver/Src/stm32g4xx_hal_rcc.c ****     sysclockfreq = pllvco/pllr;
 1470              		.loc 1 1099 80 view .LVU493
 1471 005a 0133     		adds	r3, r3, #1
1099:Drivers/STM32G4xx_HAL_Driver/Src/stm32g4xx_hal_rcc.c ****     sysclockfreq = pllvco/pllr;
 1472              		.loc 1 1099 10 view .LVU494
 1473 005c 5B00     		lsls	r3, r3, #1
 1474              	.LVL126:
1100:Drivers/STM32G4xx_HAL_Driver/Src/stm32g4xx_hal_rcc.c ****   }
 1475              		.loc 1 1100 5 is_stmt 1 view .LVU495
1100:Drivers/STM32G4xx_HAL_Driver/Src/stm32g4xx_hal_rcc.c ****   }
 1476              		.loc 1 1100 18 is_stmt 0 view .LVU496
 1477 005e B0FBF3F0 		udiv	r0, r0, r3
 1478              	.LVL127:
1100:Drivers/STM32G4xx_HAL_Driver/Src/stm32g4xx_hal_rcc.c ****   }
 1479              		.loc 1 1100 18 view .LVU497
 1480 0062 7047     		bx	lr
 1481              	.LVL128:
 1482              	.L121:
1091:Drivers/STM32G4xx_HAL_Driver/Src/stm32g4xx_hal_rcc.c ****       break;
 1483              		.loc 1 1091 7 is_stmt 1 view .LVU498
1091:Drivers/STM32G4xx_HAL_Driver/Src/stm32g4xx_hal_rcc.c ****       break;
 1484              		.loc 1 1091 27 is_stmt 0 view .LVU499
 1485 0064 0548     		ldr	r0, .L122+4
 1486 0066 B0FBF3F0 		udiv	r0, r0, r3
1091:Drivers/STM32G4xx_HAL_Driver/Src/stm32g4xx_hal_rcc.c ****       break;
 1487              		.loc 1 1091 38 view .LVU500
 1488 006a 034B     		ldr	r3, .L122
 1489              	.LVL129:
1091:Drivers/STM32G4xx_HAL_Driver/Src/stm32g4xx_hal_rcc.c ****       break;
 1490              		.loc 1 1091 38 view .LVU501
 1491 006c DB68     		ldr	r3, [r3, #12]
1091:Drivers/STM32G4xx_HAL_Driver/Src/stm32g4xx_hal_rcc.c ****       break;
 1492              		.loc 1 1091 79 view .LVU502
 1493 006e C3F30623 		ubfx	r3, r3, #8, #7
1091:Drivers/STM32G4xx_HAL_Driver/Src/stm32g4xx_hal_rcc.c ****       break;
 1494              		.loc 1 1091 14 view .LVU503
 1495 0072 03FB00F0 		mul	r0, r3, r0
 1496              	.LVL130:
1092:Drivers/STM32G4xx_HAL_Driver/Src/stm32g4xx_hal_rcc.c **** 
 1497              		.loc 1 1092 7 is_stmt 1 view .LVU504
 1498 0076 ECE7     		b	.L118
 1499              	.L123:
 1500              		.align	2
 1501              	.L122:
 1502 0078 00100240 		.word	1073876992
 1503 007c 0024F400 		.word	16000000
 1504              		.cfi_endproc
 1505              	.LFE333:
 1507              		.section	.text.HAL_RCC_ClockConfig,"ax",%progbits
 1508              		.align	1
 1509              		.global	HAL_RCC_ClockConfig
ARM GAS  /tmp/ccl1Huei.s 			page 60


 1510              		.syntax unified
 1511              		.thumb
 1512              		.thumb_func
 1514              	HAL_RCC_ClockConfig:
 1515              	.LVL131:
 1516              	.LFB331:
 767:Drivers/STM32G4xx_HAL_Driver/Src/stm32g4xx_hal_rcc.c ****   uint32_t tickstart;
 1517              		.loc 1 767 1 view -0
 1518              		.cfi_startproc
 1519              		@ args = 0, pretend = 0, frame = 0
 1520              		@ frame_needed = 0, uses_anonymous_args = 0
 768:Drivers/STM32G4xx_HAL_Driver/Src/stm32g4xx_hal_rcc.c ****   uint32_t pllfreq;
 1521              		.loc 1 768 3 view .LVU506
 769:Drivers/STM32G4xx_HAL_Driver/Src/stm32g4xx_hal_rcc.c ****   uint32_t hpre = RCC_SYSCLK_DIV1;
 1522              		.loc 1 769 3 view .LVU507
 770:Drivers/STM32G4xx_HAL_Driver/Src/stm32g4xx_hal_rcc.c **** 
 1523              		.loc 1 770 3 view .LVU508
 773:Drivers/STM32G4xx_HAL_Driver/Src/stm32g4xx_hal_rcc.c ****   {
 1524              		.loc 1 773 3 view .LVU509
 773:Drivers/STM32G4xx_HAL_Driver/Src/stm32g4xx_hal_rcc.c ****   {
 1525              		.loc 1 773 6 is_stmt 0 view .LVU510
 1526 0000 0028     		cmp	r0, #0
 1527 0002 00F0E280 		beq	.L153
 767:Drivers/STM32G4xx_HAL_Driver/Src/stm32g4xx_hal_rcc.c ****   uint32_t tickstart;
 1528              		.loc 1 767 1 view .LVU511
 1529 0006 F8B5     		push	{r3, r4, r5, r6, r7, lr}
 1530              	.LCFI9:
 1531              		.cfi_def_cfa_offset 24
 1532              		.cfi_offset 3, -24
 1533              		.cfi_offset 4, -20
 1534              		.cfi_offset 5, -16
 1535              		.cfi_offset 6, -12
 1536              		.cfi_offset 7, -8
 1537              		.cfi_offset 14, -4
 1538 0008 0C46     		mov	r4, r1
 1539 000a 0546     		mov	r5, r0
 779:Drivers/STM32G4xx_HAL_Driver/Src/stm32g4xx_hal_rcc.c ****   assert_param(IS_FLASH_LATENCY(FLatency));
 1540              		.loc 1 779 3 is_stmt 1 view .LVU512
 780:Drivers/STM32G4xx_HAL_Driver/Src/stm32g4xx_hal_rcc.c **** 
 1541              		.loc 1 780 3 view .LVU513
 787:Drivers/STM32G4xx_HAL_Driver/Src/stm32g4xx_hal_rcc.c ****   {
 1542              		.loc 1 787 3 view .LVU514
 787:Drivers/STM32G4xx_HAL_Driver/Src/stm32g4xx_hal_rcc.c ****   {
 1543              		.loc 1 787 18 is_stmt 0 view .LVU515
 1544 000c 704B     		ldr	r3, .L158
 1545 000e 1B68     		ldr	r3, [r3]
 1546 0010 03F00F03 		and	r3, r3, #15
 787:Drivers/STM32G4xx_HAL_Driver/Src/stm32g4xx_hal_rcc.c ****   {
 1547              		.loc 1 787 6 view .LVU516
 1548 0014 8B42     		cmp	r3, r1
 1549 0016 0AD2     		bcs	.L127
 790:Drivers/STM32G4xx_HAL_Driver/Src/stm32g4xx_hal_rcc.c **** 
 1550              		.loc 1 790 5 is_stmt 1 view .LVU517
 1551 0018 6D4A     		ldr	r2, .L158
 1552 001a 1368     		ldr	r3, [r2]
 1553 001c 23F00F03 		bic	r3, r3, #15
 1554 0020 0B43     		orrs	r3, r3, r1
ARM GAS  /tmp/ccl1Huei.s 			page 61


 1555 0022 1360     		str	r3, [r2]
 794:Drivers/STM32G4xx_HAL_Driver/Src/stm32g4xx_hal_rcc.c ****     {
 1556              		.loc 1 794 5 view .LVU518
 794:Drivers/STM32G4xx_HAL_Driver/Src/stm32g4xx_hal_rcc.c ****     {
 1557              		.loc 1 794 9 is_stmt 0 view .LVU519
 1558 0024 1368     		ldr	r3, [r2]
 1559 0026 03F00F03 		and	r3, r3, #15
 794:Drivers/STM32G4xx_HAL_Driver/Src/stm32g4xx_hal_rcc.c ****     {
 1560              		.loc 1 794 8 view .LVU520
 1561 002a 8B42     		cmp	r3, r1
 1562 002c 35D1     		bne	.L128
 1563              	.L127:
 801:Drivers/STM32G4xx_HAL_Driver/Src/stm32g4xx_hal_rcc.c ****   {
 1564              		.loc 1 801 3 is_stmt 1 view .LVU521
 801:Drivers/STM32G4xx_HAL_Driver/Src/stm32g4xx_hal_rcc.c ****   {
 1565              		.loc 1 801 25 is_stmt 0 view .LVU522
 1566 002e 2B68     		ldr	r3, [r5]
 801:Drivers/STM32G4xx_HAL_Driver/Src/stm32g4xx_hal_rcc.c ****   {
 1567              		.loc 1 801 5 view .LVU523
 1568 0030 13F00103 		ands	r3, r3, #1
 1569 0034 1F46     		mov	r7, r3
 1570 0036 5CD0     		beq	.L129
 803:Drivers/STM32G4xx_HAL_Driver/Src/stm32g4xx_hal_rcc.c **** 
 1571              		.loc 1 803 5 is_stmt 1 view .LVU524
 806:Drivers/STM32G4xx_HAL_Driver/Src/stm32g4xx_hal_rcc.c ****     {
 1572              		.loc 1 806 5 view .LVU525
 806:Drivers/STM32G4xx_HAL_Driver/Src/stm32g4xx_hal_rcc.c ****     {
 1573              		.loc 1 806 26 is_stmt 0 view .LVU526
 1574 0038 6B68     		ldr	r3, [r5, #4]
 806:Drivers/STM32G4xx_HAL_Driver/Src/stm32g4xx_hal_rcc.c ****     {
 1575              		.loc 1 806 8 view .LVU527
 1576 003a 032B     		cmp	r3, #3
 1577 003c 28D0     		beq	.L154
 832:Drivers/STM32G4xx_HAL_Driver/Src/stm32g4xx_hal_rcc.c ****       {
 1578              		.loc 1 832 7 is_stmt 1 view .LVU528
 832:Drivers/STM32G4xx_HAL_Driver/Src/stm32g4xx_hal_rcc.c ****       {
 1579              		.loc 1 832 10 is_stmt 0 view .LVU529
 1580 003e 022B     		cmp	r3, #2
 1581 0040 47D0     		beq	.L155
 844:Drivers/STM32G4xx_HAL_Driver/Src/stm32g4xx_hal_rcc.c ****         {
 1582              		.loc 1 844 9 is_stmt 1 view .LVU530
 844:Drivers/STM32G4xx_HAL_Driver/Src/stm32g4xx_hal_rcc.c ****         {
 1583              		.loc 1 844 12 is_stmt 0 view .LVU531
 1584 0042 644B     		ldr	r3, .L158+4
 1585 0044 1B68     		ldr	r3, [r3]
 844:Drivers/STM32G4xx_HAL_Driver/Src/stm32g4xx_hal_rcc.c ****         {
 1586              		.loc 1 844 11 view .LVU532
 1587 0046 13F4806F 		tst	r3, #1024
 1588 004a 26D0     		beq	.L128
 1589              	.L136:
 850:Drivers/STM32G4xx_HAL_Driver/Src/stm32g4xx_hal_rcc.c **** 
 1590              		.loc 1 850 7 is_stmt 1 view .LVU533
 850:Drivers/STM32G4xx_HAL_Driver/Src/stm32g4xx_hal_rcc.c **** 
 1591              		.loc 1 850 17 is_stmt 0 view .LVU534
 1592 004c FFF7FEFF 		bl	HAL_RCC_GetSysClockFreq
 1593              	.LVL132:
 853:Drivers/STM32G4xx_HAL_Driver/Src/stm32g4xx_hal_rcc.c ****       {
ARM GAS  /tmp/ccl1Huei.s 			page 62


 1594              		.loc 1 853 7 is_stmt 1 view .LVU535
 853:Drivers/STM32G4xx_HAL_Driver/Src/stm32g4xx_hal_rcc.c ****       {
 1595              		.loc 1 853 9 is_stmt 0 view .LVU536
 1596 0050 614B     		ldr	r3, .L158+8
 1597 0052 9842     		cmp	r0, r3
 1598 0054 43D8     		bhi	.L137
 1599              	.L131:
 770:Drivers/STM32G4xx_HAL_Driver/Src/stm32g4xx_hal_rcc.c **** 
 1600              		.loc 1 770 12 view .LVU537
 1601 0056 0023     		movs	r3, #0
 1602 0058 1F46     		mov	r7, r3
 1603              	.LVL133:
 1604              	.L133:
 861:Drivers/STM32G4xx_HAL_Driver/Src/stm32g4xx_hal_rcc.c **** 
 1605              		.loc 1 861 5 is_stmt 1 view .LVU538
 1606 005a 5E4A     		ldr	r2, .L158+4
 1607 005c 9368     		ldr	r3, [r2, #8]
 1608 005e 23F00303 		bic	r3, r3, #3
 1609 0062 6968     		ldr	r1, [r5, #4]
 1610 0064 0B43     		orrs	r3, r3, r1
 1611 0066 9360     		str	r3, [r2, #8]
 864:Drivers/STM32G4xx_HAL_Driver/Src/stm32g4xx_hal_rcc.c **** 
 1612              		.loc 1 864 5 view .LVU539
 864:Drivers/STM32G4xx_HAL_Driver/Src/stm32g4xx_hal_rcc.c **** 
 1613              		.loc 1 864 17 is_stmt 0 view .LVU540
 1614 0068 FFF7FEFF 		bl	HAL_GetTick
 1615              	.LVL134:
 864:Drivers/STM32G4xx_HAL_Driver/Src/stm32g4xx_hal_rcc.c **** 
 1616              		.loc 1 864 17 view .LVU541
 1617 006c 0646     		mov	r6, r0
 1618              	.LVL135:
 866:Drivers/STM32G4xx_HAL_Driver/Src/stm32g4xx_hal_rcc.c ****     {
 1619              		.loc 1 866 5 is_stmt 1 view .LVU542
 1620              	.L138:
 866:Drivers/STM32G4xx_HAL_Driver/Src/stm32g4xx_hal_rcc.c ****     {
 1621              		.loc 1 866 42 discriminator 1 view .LVU543
 866:Drivers/STM32G4xx_HAL_Driver/Src/stm32g4xx_hal_rcc.c ****     {
 1622              		.loc 1 866 12 is_stmt 0 discriminator 1 view .LVU544
 1623 006e 594B     		ldr	r3, .L158+4
 1624 0070 9B68     		ldr	r3, [r3, #8]
 1625 0072 03F00C03 		and	r3, r3, #12
 866:Drivers/STM32G4xx_HAL_Driver/Src/stm32g4xx_hal_rcc.c ****     {
 1626              		.loc 1 866 63 discriminator 1 view .LVU545
 1627 0076 6A68     		ldr	r2, [r5, #4]
 866:Drivers/STM32G4xx_HAL_Driver/Src/stm32g4xx_hal_rcc.c ****     {
 1628              		.loc 1 866 42 discriminator 1 view .LVU546
 1629 0078 B3EB820F 		cmp	r3, r2, lsl #2
 1630 007c 39D0     		beq	.L129
 868:Drivers/STM32G4xx_HAL_Driver/Src/stm32g4xx_hal_rcc.c ****       {
 1631              		.loc 1 868 7 is_stmt 1 view .LVU547
 868:Drivers/STM32G4xx_HAL_Driver/Src/stm32g4xx_hal_rcc.c ****       {
 1632              		.loc 1 868 12 is_stmt 0 view .LVU548
 1633 007e FFF7FEFF 		bl	HAL_GetTick
 1634              	.LVL136:
 868:Drivers/STM32G4xx_HAL_Driver/Src/stm32g4xx_hal_rcc.c ****       {
 1635              		.loc 1 868 26 discriminator 1 view .LVU549
 1636 0082 801B     		subs	r0, r0, r6
ARM GAS  /tmp/ccl1Huei.s 			page 63


 868:Drivers/STM32G4xx_HAL_Driver/Src/stm32g4xx_hal_rcc.c ****       {
 1637              		.loc 1 868 10 discriminator 1 view .LVU550
 1638 0084 41F28833 		movw	r3, #5000
 1639 0088 9842     		cmp	r0, r3
 1640 008a F0D9     		bls	.L138
 1641              	.LVL137:
 1642              	.L146:
 870:Drivers/STM32G4xx_HAL_Driver/Src/stm32g4xx_hal_rcc.c ****       }
 1643              		.loc 1 870 16 view .LVU551
 1644 008c 0320     		movs	r0, #3
 1645 008e 05E0     		b	.L126
 1646              	.LVL138:
 1647              	.L154:
 809:Drivers/STM32G4xx_HAL_Driver/Src/stm32g4xx_hal_rcc.c ****       {
 1648              		.loc 1 809 7 is_stmt 1 view .LVU552
 809:Drivers/STM32G4xx_HAL_Driver/Src/stm32g4xx_hal_rcc.c ****       {
 1649              		.loc 1 809 11 is_stmt 0 view .LVU553
 1650 0090 504B     		ldr	r3, .L158+4
 1651 0092 1B68     		ldr	r3, [r3]
 809:Drivers/STM32G4xx_HAL_Driver/Src/stm32g4xx_hal_rcc.c ****       {
 1652              		.loc 1 809 10 view .LVU554
 1653 0094 13F0007F 		tst	r3, #33554432
 1654 0098 01D1     		bne	.L156
 1655              	.L128:
 775:Drivers/STM32G4xx_HAL_Driver/Src/stm32g4xx_hal_rcc.c ****   }
 1656              		.loc 1 775 12 view .LVU555
 1657 009a 0120     		movs	r0, #1
 1658              	.LVL139:
 1659              	.L126:
 940:Drivers/STM32G4xx_HAL_Driver/Src/stm32g4xx_hal_rcc.c **** 
 1660              		.loc 1 940 1 view .LVU556
 1661 009c F8BD     		pop	{r3, r4, r5, r6, r7, pc}
 1662              	.LVL140:
 1663              	.L156:
 815:Drivers/STM32G4xx_HAL_Driver/Src/stm32g4xx_hal_rcc.c **** 
 1664              		.loc 1 815 7 is_stmt 1 view .LVU557
 815:Drivers/STM32G4xx_HAL_Driver/Src/stm32g4xx_hal_rcc.c **** 
 1665              		.loc 1 815 17 is_stmt 0 view .LVU558
 1666 009e FFF7FEFF 		bl	RCC_GetSysClockFreqFromPLLSource
 1667              	.LVL141:
 818:Drivers/STM32G4xx_HAL_Driver/Src/stm32g4xx_hal_rcc.c ****       {
 1668              		.loc 1 818 7 is_stmt 1 view .LVU559
 818:Drivers/STM32G4xx_HAL_Driver/Src/stm32g4xx_hal_rcc.c ****       {
 1669              		.loc 1 818 9 is_stmt 0 view .LVU560
 1670 00a2 4D4B     		ldr	r3, .L158+8
 1671 00a4 9842     		cmp	r0, r3
 1672 00a6 D6D9     		bls	.L131
 820:Drivers/STM32G4xx_HAL_Driver/Src/stm32g4xx_hal_rcc.c ****             (((((RCC_ClkInitStruct->ClockType) & RCC_CLOCKTYPE_HCLK) == RCC_CLOCKTYPE_HCLK) &&
 1673              		.loc 1 820 9 is_stmt 1 view .LVU561
 820:Drivers/STM32G4xx_HAL_Driver/Src/stm32g4xx_hal_rcc.c ****             (((((RCC_ClkInitStruct->ClockType) & RCC_CLOCKTYPE_HCLK) == RCC_CLOCKTYPE_HCLK) &&
 1674              		.loc 1 820 15 is_stmt 0 view .LVU562
 1675 00a8 4A4B     		ldr	r3, .L158+4
 1676 00aa 9B68     		ldr	r3, [r3, #8]
 820:Drivers/STM32G4xx_HAL_Driver/Src/stm32g4xx_hal_rcc.c ****             (((((RCC_ClkInitStruct->ClockType) & RCC_CLOCKTYPE_HCLK) == RCC_CLOCKTYPE_HCLK) &&
 1677              		.loc 1 820 12 view .LVU563
 1678 00ac 13F0F00F 		tst	r3, #240
 1679 00b0 07D0     		beq	.L132
ARM GAS  /tmp/ccl1Huei.s 			page 64


 821:Drivers/STM32G4xx_HAL_Driver/Src/stm32g4xx_hal_rcc.c ****               (RCC_ClkInitStruct->AHBCLKDivider == RCC_SYSCLK_DIV1))))
 1680              		.loc 1 821 35 view .LVU564
 1681 00b2 2B68     		ldr	r3, [r5]
 820:Drivers/STM32G4xx_HAL_Driver/Src/stm32g4xx_hal_rcc.c ****             (((((RCC_ClkInitStruct->ClockType) & RCC_CLOCKTYPE_HCLK) == RCC_CLOCKTYPE_HCLK) &&
 1682              		.loc 1 820 71 discriminator 1 view .LVU565
 1683 00b4 13F00203 		ands	r3, r3, #2
 1684 00b8 1F46     		mov	r7, r3
 1685 00ba CED0     		beq	.L133
 822:Drivers/STM32G4xx_HAL_Driver/Src/stm32g4xx_hal_rcc.c ****         {
 1686              		.loc 1 822 33 view .LVU566
 1687 00bc AB68     		ldr	r3, [r5, #8]
 821:Drivers/STM32G4xx_HAL_Driver/Src/stm32g4xx_hal_rcc.c ****               (RCC_ClkInitStruct->AHBCLKDivider == RCC_SYSCLK_DIV1))))
 1688              		.loc 1 821 93 discriminator 1 view .LVU567
 1689 00be 002B     		cmp	r3, #0
 1690 00c0 C9D1     		bne	.L131
 1691              	.L132:
 824:Drivers/STM32G4xx_HAL_Driver/Src/stm32g4xx_hal_rcc.c ****           hpre = RCC_SYSCLK_DIV2;
 1692              		.loc 1 824 11 is_stmt 1 view .LVU568
 1693 00c2 444A     		ldr	r2, .L158+4
 1694 00c4 9368     		ldr	r3, [r2, #8]
 1695 00c6 23F0F003 		bic	r3, r3, #240
 1696 00ca 43F08003 		orr	r3, r3, #128
 1697 00ce 9360     		str	r3, [r2, #8]
 825:Drivers/STM32G4xx_HAL_Driver/Src/stm32g4xx_hal_rcc.c ****         }
 1698              		.loc 1 825 11 view .LVU569
 1699              	.LVL142:
 825:Drivers/STM32G4xx_HAL_Driver/Src/stm32g4xx_hal_rcc.c ****         }
 1700              		.loc 1 825 11 is_stmt 0 view .LVU570
 1701 00d0 0CE0     		b	.L134
 1702              	.LVL143:
 1703              	.L155:
 835:Drivers/STM32G4xx_HAL_Driver/Src/stm32g4xx_hal_rcc.c ****         {
 1704              		.loc 1 835 9 is_stmt 1 view .LVU571
 835:Drivers/STM32G4xx_HAL_Driver/Src/stm32g4xx_hal_rcc.c ****         {
 1705              		.loc 1 835 12 is_stmt 0 view .LVU572
 1706 00d2 404B     		ldr	r3, .L158+4
 1707 00d4 1B68     		ldr	r3, [r3]
 835:Drivers/STM32G4xx_HAL_Driver/Src/stm32g4xx_hal_rcc.c ****         {
 1708              		.loc 1 835 11 view .LVU573
 1709 00d6 13F4003F 		tst	r3, #131072
 1710 00da B7D1     		bne	.L136
 1711 00dc DDE7     		b	.L128
 1712              	.LVL144:
 1713              	.L137:
 855:Drivers/STM32G4xx_HAL_Driver/Src/stm32g4xx_hal_rcc.c ****         hpre = RCC_SYSCLK_DIV2;
 1714              		.loc 1 855 9 is_stmt 1 view .LVU574
 1715 00de 3D4A     		ldr	r2, .L158+4
 1716 00e0 9368     		ldr	r3, [r2, #8]
 1717 00e2 23F0F003 		bic	r3, r3, #240
 1718 00e6 43F08003 		orr	r3, r3, #128
 1719 00ea 9360     		str	r3, [r2, #8]
 856:Drivers/STM32G4xx_HAL_Driver/Src/stm32g4xx_hal_rcc.c ****       }
 1720              		.loc 1 856 9 view .LVU575
 1721              	.LVL145:
 1722              	.L134:
 856:Drivers/STM32G4xx_HAL_Driver/Src/stm32g4xx_hal_rcc.c ****       }
 1723              		.loc 1 856 14 is_stmt 0 view .LVU576
ARM GAS  /tmp/ccl1Huei.s 			page 65


 1724 00ec 8023     		movs	r3, #128
 1725 00ee 1F46     		mov	r7, r3
 1726 00f0 B3E7     		b	.L133
 1727              	.LVL146:
 1728              	.L129:
 876:Drivers/STM32G4xx_HAL_Driver/Src/stm32g4xx_hal_rcc.c ****   {
 1729              		.loc 1 876 3 is_stmt 1 view .LVU577
 876:Drivers/STM32G4xx_HAL_Driver/Src/stm32g4xx_hal_rcc.c ****   {
 1730              		.loc 1 876 26 is_stmt 0 view .LVU578
 1731 00f2 2B68     		ldr	r3, [r5]
 876:Drivers/STM32G4xx_HAL_Driver/Src/stm32g4xx_hal_rcc.c ****   {
 1732              		.loc 1 876 6 view .LVU579
 1733 00f4 13F0020F 		tst	r3, #2
 1734 00f8 48D0     		beq	.L140
 880:Drivers/STM32G4xx_HAL_Driver/Src/stm32g4xx_hal_rcc.c ****     {
 1735              		.loc 1 880 5 is_stmt 1 view .LVU580
 880:Drivers/STM32G4xx_HAL_Driver/Src/stm32g4xx_hal_rcc.c ****     {
 1736              		.loc 1 880 8 is_stmt 0 view .LVU581
 1737 00fa 13F0040F 		tst	r3, #4
 1738 00fe 04D0     		beq	.L141
 882:Drivers/STM32G4xx_HAL_Driver/Src/stm32g4xx_hal_rcc.c ****     }
 1739              		.loc 1 882 7 is_stmt 1 view .LVU582
 1740 0100 344A     		ldr	r2, .L158+4
 1741 0102 9368     		ldr	r3, [r2, #8]
 1742 0104 43F4E063 		orr	r3, r3, #1792
 1743 0108 9360     		str	r3, [r2, #8]
 1744              	.L141:
 884:Drivers/STM32G4xx_HAL_Driver/Src/stm32g4xx_hal_rcc.c ****     {
 1745              		.loc 1 884 5 view .LVU583
 884:Drivers/STM32G4xx_HAL_Driver/Src/stm32g4xx_hal_rcc.c ****     {
 1746              		.loc 1 884 28 is_stmt 0 view .LVU584
 1747 010a 2B68     		ldr	r3, [r5]
 884:Drivers/STM32G4xx_HAL_Driver/Src/stm32g4xx_hal_rcc.c ****     {
 1748              		.loc 1 884 8 view .LVU585
 1749 010c 13F0080F 		tst	r3, #8
 1750 0110 06D0     		beq	.L142
 886:Drivers/STM32G4xx_HAL_Driver/Src/stm32g4xx_hal_rcc.c ****     }
 1751              		.loc 1 886 7 is_stmt 1 view .LVU586
 1752 0112 304A     		ldr	r2, .L158+4
 1753 0114 9368     		ldr	r3, [r2, #8]
 1754 0116 23F47C53 		bic	r3, r3, #16128
 1755 011a 43F4E063 		orr	r3, r3, #1792
 1756 011e 9360     		str	r3, [r2, #8]
 1757              	.L142:
 890:Drivers/STM32G4xx_HAL_Driver/Src/stm32g4xx_hal_rcc.c ****     MODIFY_REG(RCC->CFGR, RCC_CFGR_HPRE, RCC_ClkInitStruct->AHBCLKDivider);
 1758              		.loc 1 890 5 view .LVU587
 891:Drivers/STM32G4xx_HAL_Driver/Src/stm32g4xx_hal_rcc.c ****   }
 1759              		.loc 1 891 5 view .LVU588
 1760 0120 2C4A     		ldr	r2, .L158+4
 1761 0122 9368     		ldr	r3, [r2, #8]
 1762 0124 23F0F003 		bic	r3, r3, #240
 1763 0128 A968     		ldr	r1, [r5, #8]
 1764 012a 0B43     		orrs	r3, r3, r1
 1765 012c 9360     		str	r3, [r2, #8]
 1766              	.L143:
 903:Drivers/STM32G4xx_HAL_Driver/Src/stm32g4xx_hal_rcc.c ****   {
 1767              		.loc 1 903 3 view .LVU589
ARM GAS  /tmp/ccl1Huei.s 			page 66


 903:Drivers/STM32G4xx_HAL_Driver/Src/stm32g4xx_hal_rcc.c ****   {
 1768              		.loc 1 903 18 is_stmt 0 view .LVU590
 1769 012e 284B     		ldr	r3, .L158
 1770 0130 1B68     		ldr	r3, [r3]
 1771 0132 03F00F03 		and	r3, r3, #15
 903:Drivers/STM32G4xx_HAL_Driver/Src/stm32g4xx_hal_rcc.c ****   {
 1772              		.loc 1 903 6 view .LVU591
 1773 0136 A342     		cmp	r3, r4
 1774 0138 30D8     		bhi	.L157
 1775              	.L144:
 922:Drivers/STM32G4xx_HAL_Driver/Src/stm32g4xx_hal_rcc.c ****   {
 1776              		.loc 1 922 3 is_stmt 1 view .LVU592
 922:Drivers/STM32G4xx_HAL_Driver/Src/stm32g4xx_hal_rcc.c ****   {
 1777              		.loc 1 922 26 is_stmt 0 view .LVU593
 1778 013a 2B68     		ldr	r3, [r5]
 922:Drivers/STM32G4xx_HAL_Driver/Src/stm32g4xx_hal_rcc.c ****   {
 1779              		.loc 1 922 6 view .LVU594
 1780 013c 13F0040F 		tst	r3, #4
 1781 0140 06D0     		beq	.L148
 924:Drivers/STM32G4xx_HAL_Driver/Src/stm32g4xx_hal_rcc.c ****     MODIFY_REG(RCC->CFGR, RCC_CFGR_PPRE1, RCC_ClkInitStruct->APB1CLKDivider);
 1782              		.loc 1 924 5 is_stmt 1 view .LVU595
 925:Drivers/STM32G4xx_HAL_Driver/Src/stm32g4xx_hal_rcc.c ****   }
 1783              		.loc 1 925 5 view .LVU596
 1784 0142 244A     		ldr	r2, .L158+4
 1785 0144 9368     		ldr	r3, [r2, #8]
 1786 0146 23F4E063 		bic	r3, r3, #1792
 1787 014a E968     		ldr	r1, [r5, #12]
 1788 014c 0B43     		orrs	r3, r3, r1
 1789 014e 9360     		str	r3, [r2, #8]
 1790              	.L148:
 929:Drivers/STM32G4xx_HAL_Driver/Src/stm32g4xx_hal_rcc.c ****   {
 1791              		.loc 1 929 3 view .LVU597
 929:Drivers/STM32G4xx_HAL_Driver/Src/stm32g4xx_hal_rcc.c ****   {
 1792              		.loc 1 929 25 is_stmt 0 view .LVU598
 1793 0150 2B68     		ldr	r3, [r5]
 929:Drivers/STM32G4xx_HAL_Driver/Src/stm32g4xx_hal_rcc.c ****   {
 1794              		.loc 1 929 5 view .LVU599
 1795 0152 13F0080F 		tst	r3, #8
 1796 0156 07D0     		beq	.L149
 931:Drivers/STM32G4xx_HAL_Driver/Src/stm32g4xx_hal_rcc.c ****     MODIFY_REG(RCC->CFGR, RCC_CFGR_PPRE2, ((RCC_ClkInitStruct->APB2CLKDivider) << 3U));
 1797              		.loc 1 931 5 is_stmt 1 view .LVU600
 932:Drivers/STM32G4xx_HAL_Driver/Src/stm32g4xx_hal_rcc.c ****   }
 1798              		.loc 1 932 5 view .LVU601
 1799 0158 1E4A     		ldr	r2, .L158+4
 1800 015a 9368     		ldr	r3, [r2, #8]
 1801 015c 23F46053 		bic	r3, r3, #14336
 1802 0160 2969     		ldr	r1, [r5, #16]
 1803 0162 43EAC103 		orr	r3, r3, r1, lsl #3
 1804 0166 9360     		str	r3, [r2, #8]
 1805              	.L149:
 936:Drivers/STM32G4xx_HAL_Driver/Src/stm32g4xx_hal_rcc.c **** 
 1806              		.loc 1 936 3 view .LVU602
 936:Drivers/STM32G4xx_HAL_Driver/Src/stm32g4xx_hal_rcc.c **** 
 1807              		.loc 1 936 21 is_stmt 0 view .LVU603
 1808 0168 FFF7FEFF 		bl	HAL_RCC_GetSysClockFreq
 1809              	.LVL147:
 936:Drivers/STM32G4xx_HAL_Driver/Src/stm32g4xx_hal_rcc.c **** 
ARM GAS  /tmp/ccl1Huei.s 			page 67


 1810              		.loc 1 936 65 discriminator 1 view .LVU604
 1811 016c 194B     		ldr	r3, .L158+4
 1812 016e 9B68     		ldr	r3, [r3, #8]
 936:Drivers/STM32G4xx_HAL_Driver/Src/stm32g4xx_hal_rcc.c **** 
 1813              		.loc 1 936 100 discriminator 1 view .LVU605
 1814 0170 C3F30313 		ubfx	r3, r3, #4, #4
 936:Drivers/STM32G4xx_HAL_Driver/Src/stm32g4xx_hal_rcc.c **** 
 1815              		.loc 1 936 64 discriminator 1 view .LVU606
 1816 0174 194A     		ldr	r2, .L158+12
 1817 0176 D35C     		ldrb	r3, [r2, r3]	@ zero_extendqisi2
 936:Drivers/STM32G4xx_HAL_Driver/Src/stm32g4xx_hal_rcc.c **** 
 1818              		.loc 1 936 122 discriminator 1 view .LVU607
 1819 0178 03F01F03 		and	r3, r3, #31
 936:Drivers/STM32G4xx_HAL_Driver/Src/stm32g4xx_hal_rcc.c **** 
 1820              		.loc 1 936 47 discriminator 1 view .LVU608
 1821 017c D840     		lsrs	r0, r0, r3
 936:Drivers/STM32G4xx_HAL_Driver/Src/stm32g4xx_hal_rcc.c **** 
 1822              		.loc 1 936 19 discriminator 1 view .LVU609
 1823 017e 184B     		ldr	r3, .L158+16
 1824 0180 1860     		str	r0, [r3]
 939:Drivers/STM32G4xx_HAL_Driver/Src/stm32g4xx_hal_rcc.c **** }
 1825              		.loc 1 939 3 is_stmt 1 view .LVU610
 939:Drivers/STM32G4xx_HAL_Driver/Src/stm32g4xx_hal_rcc.c **** }
 1826              		.loc 1 939 10 is_stmt 0 view .LVU611
 1827 0182 184B     		ldr	r3, .L158+20
 1828 0184 1868     		ldr	r0, [r3]
 1829 0186 FFF7FEFF 		bl	HAL_InitTick
 1830              	.LVL148:
 939:Drivers/STM32G4xx_HAL_Driver/Src/stm32g4xx_hal_rcc.c **** }
 1831              		.loc 1 939 10 discriminator 1 view .LVU612
 1832 018a 87E7     		b	.L126
 1833              	.L140:
 896:Drivers/STM32G4xx_HAL_Driver/Src/stm32g4xx_hal_rcc.c ****     {
 1834              		.loc 1 896 5 is_stmt 1 view .LVU613
 896:Drivers/STM32G4xx_HAL_Driver/Src/stm32g4xx_hal_rcc.c ****     {
 1835              		.loc 1 896 7 is_stmt 0 view .LVU614
 1836 018c 802F     		cmp	r7, #128
 1837 018e CED1     		bne	.L143
 898:Drivers/STM32G4xx_HAL_Driver/Src/stm32g4xx_hal_rcc.c ****     }
 1838              		.loc 1 898 7 is_stmt 1 view .LVU615
 1839 0190 104A     		ldr	r2, .L158+4
 1840 0192 9368     		ldr	r3, [r2, #8]
 1841 0194 23F0F003 		bic	r3, r3, #240
 1842 0198 9360     		str	r3, [r2, #8]
 1843 019a C8E7     		b	.L143
 1844              	.L157:
 906:Drivers/STM32G4xx_HAL_Driver/Src/stm32g4xx_hal_rcc.c **** 
 1845              		.loc 1 906 5 view .LVU616
 1846 019c 0C4A     		ldr	r2, .L158
 1847 019e 1368     		ldr	r3, [r2]
 1848 01a0 23F00F03 		bic	r3, r3, #15
 1849 01a4 2343     		orrs	r3, r3, r4
 1850 01a6 1360     		str	r3, [r2]
 910:Drivers/STM32G4xx_HAL_Driver/Src/stm32g4xx_hal_rcc.c **** 
 1851              		.loc 1 910 5 view .LVU617
 910:Drivers/STM32G4xx_HAL_Driver/Src/stm32g4xx_hal_rcc.c **** 
 1852              		.loc 1 910 17 is_stmt 0 view .LVU618
ARM GAS  /tmp/ccl1Huei.s 			page 68


 1853 01a8 FFF7FEFF 		bl	HAL_GetTick
 1854              	.LVL149:
 1855 01ac 0646     		mov	r6, r0
 1856              	.LVL150:
 912:Drivers/STM32G4xx_HAL_Driver/Src/stm32g4xx_hal_rcc.c ****     {
 1857              		.loc 1 912 5 is_stmt 1 view .LVU619
 1858              	.L145:
 912:Drivers/STM32G4xx_HAL_Driver/Src/stm32g4xx_hal_rcc.c ****     {
 1859              		.loc 1 912 38 discriminator 1 view .LVU620
 912:Drivers/STM32G4xx_HAL_Driver/Src/stm32g4xx_hal_rcc.c ****     {
 1860              		.loc 1 912 12 is_stmt 0 discriminator 1 view .LVU621
 1861 01ae 084B     		ldr	r3, .L158
 1862 01b0 1B68     		ldr	r3, [r3]
 1863 01b2 03F00F03 		and	r3, r3, #15
 912:Drivers/STM32G4xx_HAL_Driver/Src/stm32g4xx_hal_rcc.c ****     {
 1864              		.loc 1 912 38 discriminator 1 view .LVU622
 1865 01b6 A342     		cmp	r3, r4
 1866 01b8 BFD0     		beq	.L144
 914:Drivers/STM32G4xx_HAL_Driver/Src/stm32g4xx_hal_rcc.c ****       {
 1867              		.loc 1 914 7 is_stmt 1 view .LVU623
 914:Drivers/STM32G4xx_HAL_Driver/Src/stm32g4xx_hal_rcc.c ****       {
 1868              		.loc 1 914 12 is_stmt 0 view .LVU624
 1869 01ba FFF7FEFF 		bl	HAL_GetTick
 1870              	.LVL151:
 914:Drivers/STM32G4xx_HAL_Driver/Src/stm32g4xx_hal_rcc.c ****       {
 1871              		.loc 1 914 26 discriminator 1 view .LVU625
 1872 01be 801B     		subs	r0, r0, r6
 914:Drivers/STM32G4xx_HAL_Driver/Src/stm32g4xx_hal_rcc.c ****       {
 1873              		.loc 1 914 10 discriminator 1 view .LVU626
 1874 01c0 41F28833 		movw	r3, #5000
 1875 01c4 9842     		cmp	r0, r3
 1876 01c6 F2D9     		bls	.L145
 1877 01c8 60E7     		b	.L146
 1878              	.LVL152:
 1879              	.L153:
 1880              	.LCFI10:
 1881              		.cfi_def_cfa_offset 0
 1882              		.cfi_restore 3
 1883              		.cfi_restore 4
 1884              		.cfi_restore 5
 1885              		.cfi_restore 6
 1886              		.cfi_restore 7
 1887              		.cfi_restore 14
 775:Drivers/STM32G4xx_HAL_Driver/Src/stm32g4xx_hal_rcc.c ****   }
 1888              		.loc 1 775 12 view .LVU627
 1889 01ca 0120     		movs	r0, #1
 1890              	.LVL153:
 940:Drivers/STM32G4xx_HAL_Driver/Src/stm32g4xx_hal_rcc.c **** 
 1891              		.loc 1 940 1 view .LVU628
 1892 01cc 7047     		bx	lr
 1893              	.L159:
 1894 01ce 00BF     		.align	2
 1895              	.L158:
 1896 01d0 00200240 		.word	1073881088
 1897 01d4 00100240 		.word	1073876992
 1898 01d8 00B4C404 		.word	80000000
 1899 01dc 00000000 		.word	AHBPrescTable
ARM GAS  /tmp/ccl1Huei.s 			page 69


 1900 01e0 00000000 		.word	SystemCoreClock
 1901 01e4 00000000 		.word	uwTickPrio
 1902              		.cfi_endproc
 1903              	.LFE331:
 1905              		.section	.text.HAL_RCC_GetHCLKFreq,"ax",%progbits
 1906              		.align	1
 1907              		.global	HAL_RCC_GetHCLKFreq
 1908              		.syntax unified
 1909              		.thumb
 1910              		.thumb_func
 1912              	HAL_RCC_GetHCLKFreq:
 1913              	.LFB334:
1119:Drivers/STM32G4xx_HAL_Driver/Src/stm32g4xx_hal_rcc.c ****   return SystemCoreClock;
 1914              		.loc 1 1119 1 is_stmt 1 view -0
 1915              		.cfi_startproc
 1916              		@ args = 0, pretend = 0, frame = 0
 1917              		@ frame_needed = 0, uses_anonymous_args = 0
 1918              		@ link register save eliminated.
1120:Drivers/STM32G4xx_HAL_Driver/Src/stm32g4xx_hal_rcc.c **** }
 1919              		.loc 1 1120 3 view .LVU630
1121:Drivers/STM32G4xx_HAL_Driver/Src/stm32g4xx_hal_rcc.c **** 
 1920              		.loc 1 1121 1 is_stmt 0 view .LVU631
 1921 0000 014B     		ldr	r3, .L161
 1922 0002 1868     		ldr	r0, [r3]
 1923 0004 7047     		bx	lr
 1924              	.L162:
 1925 0006 00BF     		.align	2
 1926              	.L161:
 1927 0008 00000000 		.word	SystemCoreClock
 1928              		.cfi_endproc
 1929              	.LFE334:
 1931              		.section	.text.HAL_RCC_GetPCLK1Freq,"ax",%progbits
 1932              		.align	1
 1933              		.global	HAL_RCC_GetPCLK1Freq
 1934              		.syntax unified
 1935              		.thumb
 1936              		.thumb_func
 1938              	HAL_RCC_GetPCLK1Freq:
 1939              	.LFB335:
1130:Drivers/STM32G4xx_HAL_Driver/Src/stm32g4xx_hal_rcc.c ****   /* Get HCLK source and Compute PCLK1 frequency ---------------------------*/
 1940              		.loc 1 1130 1 is_stmt 1 view -0
 1941              		.cfi_startproc
 1942              		@ args = 0, pretend = 0, frame = 0
 1943              		@ frame_needed = 0, uses_anonymous_args = 0
 1944 0000 08B5     		push	{r3, lr}
 1945              	.LCFI11:
 1946              		.cfi_def_cfa_offset 8
 1947              		.cfi_offset 3, -8
 1948              		.cfi_offset 14, -4
1132:Drivers/STM32G4xx_HAL_Driver/Src/stm32g4xx_hal_rcc.c **** }
 1949              		.loc 1 1132 3 view .LVU633
1132:Drivers/STM32G4xx_HAL_Driver/Src/stm32g4xx_hal_rcc.c **** }
 1950              		.loc 1 1132 11 is_stmt 0 view .LVU634
 1951 0002 FFF7FEFF 		bl	HAL_RCC_GetHCLKFreq
 1952              	.LVL154:
1132:Drivers/STM32G4xx_HAL_Driver/Src/stm32g4xx_hal_rcc.c **** }
 1953              		.loc 1 1132 51 discriminator 1 view .LVU635
ARM GAS  /tmp/ccl1Huei.s 			page 70


 1954 0006 054B     		ldr	r3, .L165
 1955 0008 9B68     		ldr	r3, [r3, #8]
1132:Drivers/STM32G4xx_HAL_Driver/Src/stm32g4xx_hal_rcc.c **** }
 1956              		.loc 1 1132 87 discriminator 1 view .LVU636
 1957 000a C3F30223 		ubfx	r3, r3, #8, #3
1132:Drivers/STM32G4xx_HAL_Driver/Src/stm32g4xx_hal_rcc.c **** }
 1958              		.loc 1 1132 50 discriminator 1 view .LVU637
 1959 000e 044A     		ldr	r2, .L165+4
 1960 0010 D35C     		ldrb	r3, [r2, r3]	@ zero_extendqisi2
1132:Drivers/STM32G4xx_HAL_Driver/Src/stm32g4xx_hal_rcc.c **** }
 1961              		.loc 1 1132 110 discriminator 1 view .LVU638
 1962 0012 03F01F03 		and	r3, r3, #31
1133:Drivers/STM32G4xx_HAL_Driver/Src/stm32g4xx_hal_rcc.c **** 
 1963              		.loc 1 1133 1 view .LVU639
 1964 0016 D840     		lsrs	r0, r0, r3
 1965 0018 08BD     		pop	{r3, pc}
 1966              	.L166:
 1967 001a 00BF     		.align	2
 1968              	.L165:
 1969 001c 00100240 		.word	1073876992
 1970 0020 00000000 		.word	APBPrescTable
 1971              		.cfi_endproc
 1972              	.LFE335:
 1974              		.section	.text.HAL_RCC_GetPCLK2Freq,"ax",%progbits
 1975              		.align	1
 1976              		.global	HAL_RCC_GetPCLK2Freq
 1977              		.syntax unified
 1978              		.thumb
 1979              		.thumb_func
 1981              	HAL_RCC_GetPCLK2Freq:
 1982              	.LFB336:
1142:Drivers/STM32G4xx_HAL_Driver/Src/stm32g4xx_hal_rcc.c ****   /* Get HCLK source and Compute PCLK2 frequency ---------------------------*/
 1983              		.loc 1 1142 1 is_stmt 1 view -0
 1984              		.cfi_startproc
 1985              		@ args = 0, pretend = 0, frame = 0
 1986              		@ frame_needed = 0, uses_anonymous_args = 0
 1987 0000 08B5     		push	{r3, lr}
 1988              	.LCFI12:
 1989              		.cfi_def_cfa_offset 8
 1990              		.cfi_offset 3, -8
 1991              		.cfi_offset 14, -4
1144:Drivers/STM32G4xx_HAL_Driver/Src/stm32g4xx_hal_rcc.c **** }
 1992              		.loc 1 1144 3 view .LVU641
1144:Drivers/STM32G4xx_HAL_Driver/Src/stm32g4xx_hal_rcc.c **** }
 1993              		.loc 1 1144 11 is_stmt 0 view .LVU642
 1994 0002 FFF7FEFF 		bl	HAL_RCC_GetHCLKFreq
 1995              	.LVL155:
1144:Drivers/STM32G4xx_HAL_Driver/Src/stm32g4xx_hal_rcc.c **** }
 1996              		.loc 1 1144 50 discriminator 1 view .LVU643
 1997 0006 054B     		ldr	r3, .L169
 1998 0008 9B68     		ldr	r3, [r3, #8]
1144:Drivers/STM32G4xx_HAL_Driver/Src/stm32g4xx_hal_rcc.c **** }
 1999              		.loc 1 1144 86 discriminator 1 view .LVU644
 2000 000a C3F3C223 		ubfx	r3, r3, #11, #3
1144:Drivers/STM32G4xx_HAL_Driver/Src/stm32g4xx_hal_rcc.c **** }
 2001              		.loc 1 1144 49 discriminator 1 view .LVU645
 2002 000e 044A     		ldr	r2, .L169+4
ARM GAS  /tmp/ccl1Huei.s 			page 71


 2003 0010 D35C     		ldrb	r3, [r2, r3]	@ zero_extendqisi2
1144:Drivers/STM32G4xx_HAL_Driver/Src/stm32g4xx_hal_rcc.c **** }
 2004              		.loc 1 1144 109 discriminator 1 view .LVU646
 2005 0012 03F01F03 		and	r3, r3, #31
1145:Drivers/STM32G4xx_HAL_Driver/Src/stm32g4xx_hal_rcc.c **** 
 2006              		.loc 1 1145 1 view .LVU647
 2007 0016 D840     		lsrs	r0, r0, r3
 2008 0018 08BD     		pop	{r3, pc}
 2009              	.L170:
 2010 001a 00BF     		.align	2
 2011              	.L169:
 2012 001c 00100240 		.word	1073876992
 2013 0020 00000000 		.word	APBPrescTable
 2014              		.cfi_endproc
 2015              	.LFE336:
 2017              		.section	.text.HAL_RCC_GetOscConfig,"ax",%progbits
 2018              		.align	1
 2019              		.global	HAL_RCC_GetOscConfig
 2020              		.syntax unified
 2021              		.thumb
 2022              		.thumb_func
 2024              	HAL_RCC_GetOscConfig:
 2025              	.LVL156:
 2026              	.LFB337:
1155:Drivers/STM32G4xx_HAL_Driver/Src/stm32g4xx_hal_rcc.c ****   /* Check the parameters */
 2027              		.loc 1 1155 1 is_stmt 1 view -0
 2028              		.cfi_startproc
 2029              		@ args = 0, pretend = 0, frame = 0
 2030              		@ frame_needed = 0, uses_anonymous_args = 0
 2031              		@ link register save eliminated.
1157:Drivers/STM32G4xx_HAL_Driver/Src/stm32g4xx_hal_rcc.c **** 
 2032              		.loc 1 1157 3 view .LVU649
1160:Drivers/STM32G4xx_HAL_Driver/Src/stm32g4xx_hal_rcc.c ****                                       RCC_OSCILLATORTYPE_LSE | RCC_OSCILLATORTYPE_LSI | RCC_OSCILLA
 2033              		.loc 1 1160 3 view .LVU650
1160:Drivers/STM32G4xx_HAL_Driver/Src/stm32g4xx_hal_rcc.c ****                                       RCC_OSCILLATORTYPE_LSE | RCC_OSCILLATORTYPE_LSI | RCC_OSCILLA
 2034              		.loc 1 1160 37 is_stmt 0 view .LVU651
 2035 0000 2F23     		movs	r3, #47
 2036 0002 0360     		str	r3, [r0]
1164:Drivers/STM32G4xx_HAL_Driver/Src/stm32g4xx_hal_rcc.c ****   {
 2037              		.loc 1 1164 3 is_stmt 1 view .LVU652
1164:Drivers/STM32G4xx_HAL_Driver/Src/stm32g4xx_hal_rcc.c ****   {
 2038              		.loc 1 1164 6 is_stmt 0 view .LVU653
 2039 0004 3A4B     		ldr	r3, .L186
 2040 0006 1B68     		ldr	r3, [r3]
1164:Drivers/STM32G4xx_HAL_Driver/Src/stm32g4xx_hal_rcc.c ****   {
 2041              		.loc 1 1164 5 view .LVU654
 2042 0008 13F4802F 		tst	r3, #262144
 2043 000c 4BD0     		beq	.L172
1166:Drivers/STM32G4xx_HAL_Driver/Src/stm32g4xx_hal_rcc.c ****   }
 2044              		.loc 1 1166 5 is_stmt 1 view .LVU655
1166:Drivers/STM32G4xx_HAL_Driver/Src/stm32g4xx_hal_rcc.c ****   }
 2045              		.loc 1 1166 33 is_stmt 0 view .LVU656
 2046 000e 4FF4A023 		mov	r3, #327680
 2047 0012 4360     		str	r3, [r0, #4]
 2048              	.L173:
1178:Drivers/STM32G4xx_HAL_Driver/Src/stm32g4xx_hal_rcc.c ****   {
 2049              		.loc 1 1178 3 is_stmt 1 view .LVU657
ARM GAS  /tmp/ccl1Huei.s 			page 72


1178:Drivers/STM32G4xx_HAL_Driver/Src/stm32g4xx_hal_rcc.c ****   {
 2050              		.loc 1 1178 6 is_stmt 0 view .LVU658
 2051 0014 364B     		ldr	r3, .L186
 2052 0016 1B68     		ldr	r3, [r3]
1178:Drivers/STM32G4xx_HAL_Driver/Src/stm32g4xx_hal_rcc.c ****   {
 2053              		.loc 1 1178 5 view .LVU659
 2054 0018 13F4807F 		tst	r3, #256
 2055 001c 4FD0     		beq	.L175
1180:Drivers/STM32G4xx_HAL_Driver/Src/stm32g4xx_hal_rcc.c ****   }
 2056              		.loc 1 1180 5 is_stmt 1 view .LVU660
1180:Drivers/STM32G4xx_HAL_Driver/Src/stm32g4xx_hal_rcc.c ****   }
 2057              		.loc 1 1180 33 is_stmt 0 view .LVU661
 2058 001e 4FF48073 		mov	r3, #256
 2059 0022 C360     		str	r3, [r0, #12]
 2060              	.L176:
1187:Drivers/STM32G4xx_HAL_Driver/Src/stm32g4xx_hal_rcc.c **** 
 2061              		.loc 1 1187 3 is_stmt 1 view .LVU662
1187:Drivers/STM32G4xx_HAL_Driver/Src/stm32g4xx_hal_rcc.c **** 
 2062              		.loc 1 1187 44 is_stmt 0 view .LVU663
 2063 0024 324A     		ldr	r2, .L186
 2064 0026 5368     		ldr	r3, [r2, #4]
1187:Drivers/STM32G4xx_HAL_Driver/Src/stm32g4xx_hal_rcc.c **** 
 2065              		.loc 1 1187 84 view .LVU664
 2066 0028 C3F30663 		ubfx	r3, r3, #24, #7
1187:Drivers/STM32G4xx_HAL_Driver/Src/stm32g4xx_hal_rcc.c **** 
 2067              		.loc 1 1187 42 view .LVU665
 2068 002c 0361     		str	r3, [r0, #16]
1190:Drivers/STM32G4xx_HAL_Driver/Src/stm32g4xx_hal_rcc.c ****   {
 2069              		.loc 1 1190 3 is_stmt 1 view .LVU666
1190:Drivers/STM32G4xx_HAL_Driver/Src/stm32g4xx_hal_rcc.c ****   {
 2070              		.loc 1 1190 6 is_stmt 0 view .LVU667
 2071 002e D2F89030 		ldr	r3, [r2, #144]
1190:Drivers/STM32G4xx_HAL_Driver/Src/stm32g4xx_hal_rcc.c ****   {
 2072              		.loc 1 1190 5 view .LVU668
 2073 0032 13F0040F 		tst	r3, #4
 2074 0036 45D0     		beq	.L177
1192:Drivers/STM32G4xx_HAL_Driver/Src/stm32g4xx_hal_rcc.c ****   }
 2075              		.loc 1 1192 5 is_stmt 1 view .LVU669
1192:Drivers/STM32G4xx_HAL_Driver/Src/stm32g4xx_hal_rcc.c ****   }
 2076              		.loc 1 1192 33 is_stmt 0 view .LVU670
 2077 0038 0523     		movs	r3, #5
 2078 003a 8360     		str	r3, [r0, #8]
 2079              	.L178:
1204:Drivers/STM32G4xx_HAL_Driver/Src/stm32g4xx_hal_rcc.c ****   {
 2080              		.loc 1 1204 3 is_stmt 1 view .LVU671
1204:Drivers/STM32G4xx_HAL_Driver/Src/stm32g4xx_hal_rcc.c ****   {
 2081              		.loc 1 1204 6 is_stmt 0 view .LVU672
 2082 003c 2C4B     		ldr	r3, .L186
 2083 003e D3F89430 		ldr	r3, [r3, #148]
1204:Drivers/STM32G4xx_HAL_Driver/Src/stm32g4xx_hal_rcc.c ****   {
 2084              		.loc 1 1204 5 view .LVU673
 2085 0042 13F0010F 		tst	r3, #1
 2086 0046 49D0     		beq	.L180
1206:Drivers/STM32G4xx_HAL_Driver/Src/stm32g4xx_hal_rcc.c ****   }
 2087              		.loc 1 1206 5 is_stmt 1 view .LVU674
1206:Drivers/STM32G4xx_HAL_Driver/Src/stm32g4xx_hal_rcc.c ****   }
 2088              		.loc 1 1206 33 is_stmt 0 view .LVU675
ARM GAS  /tmp/ccl1Huei.s 			page 73


 2089 0048 0123     		movs	r3, #1
 2090 004a 4361     		str	r3, [r0, #20]
 2091              	.L181:
1214:Drivers/STM32G4xx_HAL_Driver/Src/stm32g4xx_hal_rcc.c ****   {
 2092              		.loc 1 1214 3 is_stmt 1 view .LVU676
1214:Drivers/STM32G4xx_HAL_Driver/Src/stm32g4xx_hal_rcc.c ****   {
 2093              		.loc 1 1214 6 is_stmt 0 view .LVU677
 2094 004c 284B     		ldr	r3, .L186
 2095 004e D3F89830 		ldr	r3, [r3, #152]
1214:Drivers/STM32G4xx_HAL_Driver/Src/stm32g4xx_hal_rcc.c ****   {
 2096              		.loc 1 1214 5 view .LVU678
 2097 0052 13F0010F 		tst	r3, #1
 2098 0056 44D0     		beq	.L182
1216:Drivers/STM32G4xx_HAL_Driver/Src/stm32g4xx_hal_rcc.c ****   }
 2099              		.loc 1 1216 5 is_stmt 1 view .LVU679
1216:Drivers/STM32G4xx_HAL_Driver/Src/stm32g4xx_hal_rcc.c ****   }
 2100              		.loc 1 1216 35 is_stmt 0 view .LVU680
 2101 0058 0123     		movs	r3, #1
 2102 005a 8361     		str	r3, [r0, #24]
 2103              	.L183:
1224:Drivers/STM32G4xx_HAL_Driver/Src/stm32g4xx_hal_rcc.c ****   {
 2104              		.loc 1 1224 3 is_stmt 1 view .LVU681
1224:Drivers/STM32G4xx_HAL_Driver/Src/stm32g4xx_hal_rcc.c ****   {
 2105              		.loc 1 1224 6 is_stmt 0 view .LVU682
 2106 005c 244B     		ldr	r3, .L186
 2107 005e 1B68     		ldr	r3, [r3]
1224:Drivers/STM32G4xx_HAL_Driver/Src/stm32g4xx_hal_rcc.c ****   {
 2108              		.loc 1 1224 5 view .LVU683
 2109 0060 13F0807F 		tst	r3, #16777216
 2110 0064 40D0     		beq	.L184
1226:Drivers/STM32G4xx_HAL_Driver/Src/stm32g4xx_hal_rcc.c ****   }
 2111              		.loc 1 1226 5 is_stmt 1 view .LVU684
1226:Drivers/STM32G4xx_HAL_Driver/Src/stm32g4xx_hal_rcc.c ****   }
 2112              		.loc 1 1226 37 is_stmt 0 view .LVU685
 2113 0066 0223     		movs	r3, #2
 2114 0068 C361     		str	r3, [r0, #28]
 2115              	.L185:
1232:Drivers/STM32G4xx_HAL_Driver/Src/stm32g4xx_hal_rcc.c ****   RCC_OscInitStruct->PLL.PLLM = (READ_BIT(RCC->PLLCFGR, RCC_PLLCFGR_PLLM) >> RCC_PLLCFGR_PLLM_Pos) 
 2116              		.loc 1 1232 3 is_stmt 1 view .LVU686
1232:Drivers/STM32G4xx_HAL_Driver/Src/stm32g4xx_hal_rcc.c ****   RCC_OscInitStruct->PLL.PLLM = (READ_BIT(RCC->PLLCFGR, RCC_PLLCFGR_PLLM) >> RCC_PLLCFGR_PLLM_Pos) 
 2117              		.loc 1 1232 38 is_stmt 0 view .LVU687
 2118 006a 214A     		ldr	r2, .L186
 2119 006c D368     		ldr	r3, [r2, #12]
 2120 006e 03F00303 		and	r3, r3, #3
1232:Drivers/STM32G4xx_HAL_Driver/Src/stm32g4xx_hal_rcc.c ****   RCC_OscInitStruct->PLL.PLLM = (READ_BIT(RCC->PLLCFGR, RCC_PLLCFGR_PLLM) >> RCC_PLLCFGR_PLLM_Pos) 
 2121              		.loc 1 1232 36 view .LVU688
 2122 0072 0362     		str	r3, [r0, #32]
1233:Drivers/STM32G4xx_HAL_Driver/Src/stm32g4xx_hal_rcc.c ****   RCC_OscInitStruct->PLL.PLLN = READ_BIT(RCC->PLLCFGR, RCC_PLLCFGR_PLLN) >> RCC_PLLCFGR_PLLN_Pos;
 2123              		.loc 1 1233 3 is_stmt 1 view .LVU689
1233:Drivers/STM32G4xx_HAL_Driver/Src/stm32g4xx_hal_rcc.c ****   RCC_OscInitStruct->PLL.PLLN = READ_BIT(RCC->PLLCFGR, RCC_PLLCFGR_PLLN) >> RCC_PLLCFGR_PLLN_Pos;
 2124              		.loc 1 1233 34 is_stmt 0 view .LVU690
 2125 0074 D368     		ldr	r3, [r2, #12]
1233:Drivers/STM32G4xx_HAL_Driver/Src/stm32g4xx_hal_rcc.c ****   RCC_OscInitStruct->PLL.PLLN = READ_BIT(RCC->PLLCFGR, RCC_PLLCFGR_PLLN) >> RCC_PLLCFGR_PLLN_Pos;
 2126              		.loc 1 1233 75 view .LVU691
 2127 0076 C3F30313 		ubfx	r3, r3, #4, #4
1233:Drivers/STM32G4xx_HAL_Driver/Src/stm32g4xx_hal_rcc.c ****   RCC_OscInitStruct->PLL.PLLN = READ_BIT(RCC->PLLCFGR, RCC_PLLCFGR_PLLN) >> RCC_PLLCFGR_PLLN_Pos;
 2128              		.loc 1 1233 100 view .LVU692
ARM GAS  /tmp/ccl1Huei.s 			page 74


 2129 007a 0133     		adds	r3, r3, #1
1233:Drivers/STM32G4xx_HAL_Driver/Src/stm32g4xx_hal_rcc.c ****   RCC_OscInitStruct->PLL.PLLN = READ_BIT(RCC->PLLCFGR, RCC_PLLCFGR_PLLN) >> RCC_PLLCFGR_PLLN_Pos;
 2130              		.loc 1 1233 31 view .LVU693
 2131 007c 4362     		str	r3, [r0, #36]
1234:Drivers/STM32G4xx_HAL_Driver/Src/stm32g4xx_hal_rcc.c ****   RCC_OscInitStruct->PLL.PLLQ = (((READ_BIT(RCC->PLLCFGR, RCC_PLLCFGR_PLLQ) >> RCC_PLLCFGR_PLLQ_Pos
 2132              		.loc 1 1234 3 is_stmt 1 view .LVU694
1234:Drivers/STM32G4xx_HAL_Driver/Src/stm32g4xx_hal_rcc.c ****   RCC_OscInitStruct->PLL.PLLQ = (((READ_BIT(RCC->PLLCFGR, RCC_PLLCFGR_PLLQ) >> RCC_PLLCFGR_PLLQ_Pos
 2133              		.loc 1 1234 33 is_stmt 0 view .LVU695
 2134 007e D368     		ldr	r3, [r2, #12]
1234:Drivers/STM32G4xx_HAL_Driver/Src/stm32g4xx_hal_rcc.c ****   RCC_OscInitStruct->PLL.PLLQ = (((READ_BIT(RCC->PLLCFGR, RCC_PLLCFGR_PLLQ) >> RCC_PLLCFGR_PLLQ_Pos
 2135              		.loc 1 1234 74 view .LVU696
 2136 0080 C3F30623 		ubfx	r3, r3, #8, #7
1234:Drivers/STM32G4xx_HAL_Driver/Src/stm32g4xx_hal_rcc.c ****   RCC_OscInitStruct->PLL.PLLQ = (((READ_BIT(RCC->PLLCFGR, RCC_PLLCFGR_PLLQ) >> RCC_PLLCFGR_PLLQ_Pos
 2137              		.loc 1 1234 31 view .LVU697
 2138 0084 8362     		str	r3, [r0, #40]
1235:Drivers/STM32G4xx_HAL_Driver/Src/stm32g4xx_hal_rcc.c ****   RCC_OscInitStruct->PLL.PLLR = (((READ_BIT(RCC->PLLCFGR, RCC_PLLCFGR_PLLR) >> RCC_PLLCFGR_PLLR_Pos
 2139              		.loc 1 1235 3 is_stmt 1 view .LVU698
1235:Drivers/STM32G4xx_HAL_Driver/Src/stm32g4xx_hal_rcc.c ****   RCC_OscInitStruct->PLL.PLLR = (((READ_BIT(RCC->PLLCFGR, RCC_PLLCFGR_PLLR) >> RCC_PLLCFGR_PLLR_Pos
 2140              		.loc 1 1235 36 is_stmt 0 view .LVU699
 2141 0086 D368     		ldr	r3, [r2, #12]
1235:Drivers/STM32G4xx_HAL_Driver/Src/stm32g4xx_hal_rcc.c ****   RCC_OscInitStruct->PLL.PLLR = (((READ_BIT(RCC->PLLCFGR, RCC_PLLCFGR_PLLR) >> RCC_PLLCFGR_PLLR_Pos
 2142              		.loc 1 1235 77 view .LVU700
 2143 0088 C3F34153 		ubfx	r3, r3, #21, #2
1235:Drivers/STM32G4xx_HAL_Driver/Src/stm32g4xx_hal_rcc.c ****   RCC_OscInitStruct->PLL.PLLR = (((READ_BIT(RCC->PLLCFGR, RCC_PLLCFGR_PLLR) >> RCC_PLLCFGR_PLLR_Pos
 2144              		.loc 1 1235 102 view .LVU701
 2145 008c 0133     		adds	r3, r3, #1
1235:Drivers/STM32G4xx_HAL_Driver/Src/stm32g4xx_hal_rcc.c ****   RCC_OscInitStruct->PLL.PLLR = (((READ_BIT(RCC->PLLCFGR, RCC_PLLCFGR_PLLR) >> RCC_PLLCFGR_PLLR_Pos
 2146              		.loc 1 1235 108 view .LVU702
 2147 008e 5B00     		lsls	r3, r3, #1
1235:Drivers/STM32G4xx_HAL_Driver/Src/stm32g4xx_hal_rcc.c ****   RCC_OscInitStruct->PLL.PLLR = (((READ_BIT(RCC->PLLCFGR, RCC_PLLCFGR_PLLR) >> RCC_PLLCFGR_PLLR_Pos
 2148              		.loc 1 1235 31 view .LVU703
 2149 0090 0363     		str	r3, [r0, #48]
1236:Drivers/STM32G4xx_HAL_Driver/Src/stm32g4xx_hal_rcc.c ****   RCC_OscInitStruct->PLL.PLLP = READ_BIT(RCC->PLLCFGR, RCC_PLLCFGR_PLLPDIV) >> RCC_PLLCFGR_PLLPDIV_
 2150              		.loc 1 1236 3 is_stmt 1 view .LVU704
1236:Drivers/STM32G4xx_HAL_Driver/Src/stm32g4xx_hal_rcc.c ****   RCC_OscInitStruct->PLL.PLLP = READ_BIT(RCC->PLLCFGR, RCC_PLLCFGR_PLLPDIV) >> RCC_PLLCFGR_PLLPDIV_
 2151              		.loc 1 1236 36 is_stmt 0 view .LVU705
 2152 0092 D368     		ldr	r3, [r2, #12]
1236:Drivers/STM32G4xx_HAL_Driver/Src/stm32g4xx_hal_rcc.c ****   RCC_OscInitStruct->PLL.PLLP = READ_BIT(RCC->PLLCFGR, RCC_PLLCFGR_PLLPDIV) >> RCC_PLLCFGR_PLLPDIV_
 2153              		.loc 1 1236 77 view .LVU706
 2154 0094 C3F34163 		ubfx	r3, r3, #25, #2
1236:Drivers/STM32G4xx_HAL_Driver/Src/stm32g4xx_hal_rcc.c ****   RCC_OscInitStruct->PLL.PLLP = READ_BIT(RCC->PLLCFGR, RCC_PLLCFGR_PLLPDIV) >> RCC_PLLCFGR_PLLPDIV_
 2155              		.loc 1 1236 102 view .LVU707
 2156 0098 0133     		adds	r3, r3, #1
1236:Drivers/STM32G4xx_HAL_Driver/Src/stm32g4xx_hal_rcc.c ****   RCC_OscInitStruct->PLL.PLLP = READ_BIT(RCC->PLLCFGR, RCC_PLLCFGR_PLLPDIV) >> RCC_PLLCFGR_PLLPDIV_
 2157              		.loc 1 1236 108 view .LVU708
 2158 009a 5B00     		lsls	r3, r3, #1
1236:Drivers/STM32G4xx_HAL_Driver/Src/stm32g4xx_hal_rcc.c ****   RCC_OscInitStruct->PLL.PLLP = READ_BIT(RCC->PLLCFGR, RCC_PLLCFGR_PLLPDIV) >> RCC_PLLCFGR_PLLPDIV_
 2159              		.loc 1 1236 31 view .LVU709
 2160 009c 4363     		str	r3, [r0, #52]
1237:Drivers/STM32G4xx_HAL_Driver/Src/stm32g4xx_hal_rcc.c **** }
 2161              		.loc 1 1237 3 is_stmt 1 view .LVU710
1237:Drivers/STM32G4xx_HAL_Driver/Src/stm32g4xx_hal_rcc.c **** }
 2162              		.loc 1 1237 33 is_stmt 0 view .LVU711
 2163 009e D368     		ldr	r3, [r2, #12]
1237:Drivers/STM32G4xx_HAL_Driver/Src/stm32g4xx_hal_rcc.c **** }
 2164              		.loc 1 1237 77 view .LVU712
 2165 00a0 DB0E     		lsrs	r3, r3, #27
ARM GAS  /tmp/ccl1Huei.s 			page 75


1237:Drivers/STM32G4xx_HAL_Driver/Src/stm32g4xx_hal_rcc.c **** }
 2166              		.loc 1 1237 31 view .LVU713
 2167 00a2 C362     		str	r3, [r0, #44]
1238:Drivers/STM32G4xx_HAL_Driver/Src/stm32g4xx_hal_rcc.c **** 
 2168              		.loc 1 1238 1 view .LVU714
 2169 00a4 7047     		bx	lr
 2170              	.L172:
1168:Drivers/STM32G4xx_HAL_Driver/Src/stm32g4xx_hal_rcc.c ****   {
 2171              		.loc 1 1168 8 is_stmt 1 view .LVU715
1168:Drivers/STM32G4xx_HAL_Driver/Src/stm32g4xx_hal_rcc.c ****   {
 2172              		.loc 1 1168 11 is_stmt 0 view .LVU716
 2173 00a6 124B     		ldr	r3, .L186
 2174 00a8 1B68     		ldr	r3, [r3]
1168:Drivers/STM32G4xx_HAL_Driver/Src/stm32g4xx_hal_rcc.c ****   {
 2175              		.loc 1 1168 10 view .LVU717
 2176 00aa 13F4803F 		tst	r3, #65536
 2177 00ae 03D0     		beq	.L174
1170:Drivers/STM32G4xx_HAL_Driver/Src/stm32g4xx_hal_rcc.c ****   }
 2178              		.loc 1 1170 5 is_stmt 1 view .LVU718
1170:Drivers/STM32G4xx_HAL_Driver/Src/stm32g4xx_hal_rcc.c ****   }
 2179              		.loc 1 1170 33 is_stmt 0 view .LVU719
 2180 00b0 4FF48033 		mov	r3, #65536
 2181 00b4 4360     		str	r3, [r0, #4]
 2182 00b6 ADE7     		b	.L173
 2183              	.L174:
1174:Drivers/STM32G4xx_HAL_Driver/Src/stm32g4xx_hal_rcc.c ****   }
 2184              		.loc 1 1174 5 is_stmt 1 view .LVU720
1174:Drivers/STM32G4xx_HAL_Driver/Src/stm32g4xx_hal_rcc.c ****   }
 2185              		.loc 1 1174 33 is_stmt 0 view .LVU721
 2186 00b8 0023     		movs	r3, #0
 2187 00ba 4360     		str	r3, [r0, #4]
 2188 00bc AAE7     		b	.L173
 2189              	.L175:
1184:Drivers/STM32G4xx_HAL_Driver/Src/stm32g4xx_hal_rcc.c ****   }
 2190              		.loc 1 1184 5 is_stmt 1 view .LVU722
1184:Drivers/STM32G4xx_HAL_Driver/Src/stm32g4xx_hal_rcc.c ****   }
 2191              		.loc 1 1184 33 is_stmt 0 view .LVU723
 2192 00be 0023     		movs	r3, #0
 2193 00c0 C360     		str	r3, [r0, #12]
 2194 00c2 AFE7     		b	.L176
 2195              	.L177:
1194:Drivers/STM32G4xx_HAL_Driver/Src/stm32g4xx_hal_rcc.c ****   {
 2196              		.loc 1 1194 8 is_stmt 1 view .LVU724
1194:Drivers/STM32G4xx_HAL_Driver/Src/stm32g4xx_hal_rcc.c ****   {
 2197              		.loc 1 1194 11 is_stmt 0 view .LVU725
 2198 00c4 0A4B     		ldr	r3, .L186
 2199 00c6 D3F89030 		ldr	r3, [r3, #144]
1194:Drivers/STM32G4xx_HAL_Driver/Src/stm32g4xx_hal_rcc.c ****   {
 2200              		.loc 1 1194 10 view .LVU726
 2201 00ca 13F0010F 		tst	r3, #1
 2202 00ce 02D0     		beq	.L179
1196:Drivers/STM32G4xx_HAL_Driver/Src/stm32g4xx_hal_rcc.c ****   }
 2203              		.loc 1 1196 5 is_stmt 1 view .LVU727
1196:Drivers/STM32G4xx_HAL_Driver/Src/stm32g4xx_hal_rcc.c ****   }
 2204              		.loc 1 1196 33 is_stmt 0 view .LVU728
 2205 00d0 0123     		movs	r3, #1
 2206 00d2 8360     		str	r3, [r0, #8]
ARM GAS  /tmp/ccl1Huei.s 			page 76


 2207 00d4 B2E7     		b	.L178
 2208              	.L179:
1200:Drivers/STM32G4xx_HAL_Driver/Src/stm32g4xx_hal_rcc.c ****   }
 2209              		.loc 1 1200 5 is_stmt 1 view .LVU729
1200:Drivers/STM32G4xx_HAL_Driver/Src/stm32g4xx_hal_rcc.c ****   }
 2210              		.loc 1 1200 33 is_stmt 0 view .LVU730
 2211 00d6 0023     		movs	r3, #0
 2212 00d8 8360     		str	r3, [r0, #8]
 2213 00da AFE7     		b	.L178
 2214              	.L180:
1210:Drivers/STM32G4xx_HAL_Driver/Src/stm32g4xx_hal_rcc.c ****   }
 2215              		.loc 1 1210 5 is_stmt 1 view .LVU731
1210:Drivers/STM32G4xx_HAL_Driver/Src/stm32g4xx_hal_rcc.c ****   }
 2216              		.loc 1 1210 33 is_stmt 0 view .LVU732
 2217 00dc 0023     		movs	r3, #0
 2218 00de 4361     		str	r3, [r0, #20]
 2219 00e0 B4E7     		b	.L181
 2220              	.L182:
1220:Drivers/STM32G4xx_HAL_Driver/Src/stm32g4xx_hal_rcc.c ****   }
 2221              		.loc 1 1220 5 is_stmt 1 view .LVU733
1220:Drivers/STM32G4xx_HAL_Driver/Src/stm32g4xx_hal_rcc.c ****   }
 2222              		.loc 1 1220 35 is_stmt 0 view .LVU734
 2223 00e2 0023     		movs	r3, #0
 2224 00e4 8361     		str	r3, [r0, #24]
 2225 00e6 B9E7     		b	.L183
 2226              	.L184:
1230:Drivers/STM32G4xx_HAL_Driver/Src/stm32g4xx_hal_rcc.c ****   }
 2227              		.loc 1 1230 5 is_stmt 1 view .LVU735
1230:Drivers/STM32G4xx_HAL_Driver/Src/stm32g4xx_hal_rcc.c ****   }
 2228              		.loc 1 1230 37 is_stmt 0 view .LVU736
 2229 00e8 0123     		movs	r3, #1
 2230 00ea C361     		str	r3, [r0, #28]
 2231 00ec BDE7     		b	.L185
 2232              	.L187:
 2233 00ee 00BF     		.align	2
 2234              	.L186:
 2235 00f0 00100240 		.word	1073876992
 2236              		.cfi_endproc
 2237              	.LFE337:
 2239              		.section	.text.HAL_RCC_GetClockConfig,"ax",%progbits
 2240              		.align	1
 2241              		.global	HAL_RCC_GetClockConfig
 2242              		.syntax unified
 2243              		.thumb
 2244              		.thumb_func
 2246              	HAL_RCC_GetClockConfig:
 2247              	.LVL157:
 2248              	.LFB338:
1249:Drivers/STM32G4xx_HAL_Driver/Src/stm32g4xx_hal_rcc.c ****   /* Check the parameters */
 2249              		.loc 1 1249 1 is_stmt 1 view -0
 2250              		.cfi_startproc
 2251              		@ args = 0, pretend = 0, frame = 0
 2252              		@ frame_needed = 0, uses_anonymous_args = 0
 2253              		@ link register save eliminated.
1251:Drivers/STM32G4xx_HAL_Driver/Src/stm32g4xx_hal_rcc.c ****   assert_param(pFLatency != (void *)NULL);
 2254              		.loc 1 1251 3 view .LVU738
1252:Drivers/STM32G4xx_HAL_Driver/Src/stm32g4xx_hal_rcc.c **** 
ARM GAS  /tmp/ccl1Huei.s 			page 77


 2255              		.loc 1 1252 3 view .LVU739
1255:Drivers/STM32G4xx_HAL_Driver/Src/stm32g4xx_hal_rcc.c **** 
 2256              		.loc 1 1255 3 view .LVU740
1255:Drivers/STM32G4xx_HAL_Driver/Src/stm32g4xx_hal_rcc.c **** 
 2257              		.loc 1 1255 32 is_stmt 0 view .LVU741
 2258 0000 0F23     		movs	r3, #15
 2259 0002 0360     		str	r3, [r0]
1258:Drivers/STM32G4xx_HAL_Driver/Src/stm32g4xx_hal_rcc.c **** 
 2260              		.loc 1 1258 3 is_stmt 1 view .LVU742
1258:Drivers/STM32G4xx_HAL_Driver/Src/stm32g4xx_hal_rcc.c **** 
 2261              		.loc 1 1258 37 is_stmt 0 view .LVU743
 2262 0004 0B4B     		ldr	r3, .L189
 2263 0006 9A68     		ldr	r2, [r3, #8]
 2264 0008 02F00302 		and	r2, r2, #3
1258:Drivers/STM32G4xx_HAL_Driver/Src/stm32g4xx_hal_rcc.c **** 
 2265              		.loc 1 1258 35 view .LVU744
 2266 000c 4260     		str	r2, [r0, #4]
1261:Drivers/STM32G4xx_HAL_Driver/Src/stm32g4xx_hal_rcc.c **** 
 2267              		.loc 1 1261 3 is_stmt 1 view .LVU745
1261:Drivers/STM32G4xx_HAL_Driver/Src/stm32g4xx_hal_rcc.c **** 
 2268              		.loc 1 1261 38 is_stmt 0 view .LVU746
 2269 000e 9A68     		ldr	r2, [r3, #8]
 2270 0010 02F0F002 		and	r2, r2, #240
1261:Drivers/STM32G4xx_HAL_Driver/Src/stm32g4xx_hal_rcc.c **** 
 2271              		.loc 1 1261 36 view .LVU747
 2272 0014 8260     		str	r2, [r0, #8]
1264:Drivers/STM32G4xx_HAL_Driver/Src/stm32g4xx_hal_rcc.c **** 
 2273              		.loc 1 1264 3 is_stmt 1 view .LVU748
1264:Drivers/STM32G4xx_HAL_Driver/Src/stm32g4xx_hal_rcc.c **** 
 2274              		.loc 1 1264 39 is_stmt 0 view .LVU749
 2275 0016 9A68     		ldr	r2, [r3, #8]
 2276 0018 02F4E062 		and	r2, r2, #1792
1264:Drivers/STM32G4xx_HAL_Driver/Src/stm32g4xx_hal_rcc.c **** 
 2277              		.loc 1 1264 37 view .LVU750
 2278 001c C260     		str	r2, [r0, #12]
1267:Drivers/STM32G4xx_HAL_Driver/Src/stm32g4xx_hal_rcc.c **** 
 2279              		.loc 1 1267 3 is_stmt 1 view .LVU751
1267:Drivers/STM32G4xx_HAL_Driver/Src/stm32g4xx_hal_rcc.c **** 
 2280              		.loc 1 1267 40 is_stmt 0 view .LVU752
 2281 001e 9B68     		ldr	r3, [r3, #8]
1267:Drivers/STM32G4xx_HAL_Driver/Src/stm32g4xx_hal_rcc.c **** 
 2282              		.loc 1 1267 76 view .LVU753
 2283 0020 DB08     		lsrs	r3, r3, #3
 2284 0022 03F4E063 		and	r3, r3, #1792
1267:Drivers/STM32G4xx_HAL_Driver/Src/stm32g4xx_hal_rcc.c **** 
 2285              		.loc 1 1267 37 view .LVU754
 2286 0026 0361     		str	r3, [r0, #16]
1270:Drivers/STM32G4xx_HAL_Driver/Src/stm32g4xx_hal_rcc.c **** }
 2287              		.loc 1 1270 3 is_stmt 1 view .LVU755
1270:Drivers/STM32G4xx_HAL_Driver/Src/stm32g4xx_hal_rcc.c **** }
 2288              		.loc 1 1270 16 is_stmt 0 view .LVU756
 2289 0028 034B     		ldr	r3, .L189+4
 2290 002a 1B68     		ldr	r3, [r3]
 2291 002c 03F00F03 		and	r3, r3, #15
1270:Drivers/STM32G4xx_HAL_Driver/Src/stm32g4xx_hal_rcc.c **** }
 2292              		.loc 1 1270 14 view .LVU757
 2293 0030 0B60     		str	r3, [r1]
ARM GAS  /tmp/ccl1Huei.s 			page 78


1271:Drivers/STM32G4xx_HAL_Driver/Src/stm32g4xx_hal_rcc.c **** 
 2294              		.loc 1 1271 1 view .LVU758
 2295 0032 7047     		bx	lr
 2296              	.L190:
 2297              		.align	2
 2298              	.L189:
 2299 0034 00100240 		.word	1073876992
 2300 0038 00200240 		.word	1073881088
 2301              		.cfi_endproc
 2302              	.LFE338:
 2304              		.section	.text.HAL_RCC_EnableCSS,"ax",%progbits
 2305              		.align	1
 2306              		.global	HAL_RCC_EnableCSS
 2307              		.syntax unified
 2308              		.thumb
 2309              		.thumb_func
 2311              	HAL_RCC_EnableCSS:
 2312              	.LFB339:
1284:Drivers/STM32G4xx_HAL_Driver/Src/stm32g4xx_hal_rcc.c ****   SET_BIT(RCC->CR, RCC_CR_CSSON) ;
 2313              		.loc 1 1284 1 is_stmt 1 view -0
 2314              		.cfi_startproc
 2315              		@ args = 0, pretend = 0, frame = 0
 2316              		@ frame_needed = 0, uses_anonymous_args = 0
 2317              		@ link register save eliminated.
1285:Drivers/STM32G4xx_HAL_Driver/Src/stm32g4xx_hal_rcc.c **** }
 2318              		.loc 1 1285 3 view .LVU760
 2319 0000 024A     		ldr	r2, .L192
 2320 0002 1368     		ldr	r3, [r2]
 2321 0004 43F40023 		orr	r3, r3, #524288
 2322 0008 1360     		str	r3, [r2]
1286:Drivers/STM32G4xx_HAL_Driver/Src/stm32g4xx_hal_rcc.c **** 
 2323              		.loc 1 1286 1 is_stmt 0 view .LVU761
 2324 000a 7047     		bx	lr
 2325              	.L193:
 2326              		.align	2
 2327              	.L192:
 2328 000c 00100240 		.word	1073876992
 2329              		.cfi_endproc
 2330              	.LFE339:
 2332              		.section	.text.HAL_RCC_EnableLSECSS,"ax",%progbits
 2333              		.align	1
 2334              		.global	HAL_RCC_EnableLSECSS
 2335              		.syntax unified
 2336              		.thumb
 2337              		.thumb_func
 2339              	HAL_RCC_EnableLSECSS:
 2340              	.LFB340:
1298:Drivers/STM32G4xx_HAL_Driver/Src/stm32g4xx_hal_rcc.c ****   SET_BIT(RCC->BDCR, RCC_BDCR_LSECSSON) ;
 2341              		.loc 1 1298 1 is_stmt 1 view -0
 2342              		.cfi_startproc
 2343              		@ args = 0, pretend = 0, frame = 0
 2344              		@ frame_needed = 0, uses_anonymous_args = 0
 2345              		@ link register save eliminated.
1299:Drivers/STM32G4xx_HAL_Driver/Src/stm32g4xx_hal_rcc.c **** }
 2346              		.loc 1 1299 3 view .LVU763
 2347 0000 034A     		ldr	r2, .L195
 2348 0002 D2F89030 		ldr	r3, [r2, #144]
ARM GAS  /tmp/ccl1Huei.s 			page 79


 2349 0006 43F02003 		orr	r3, r3, #32
 2350 000a C2F89030 		str	r3, [r2, #144]
1300:Drivers/STM32G4xx_HAL_Driver/Src/stm32g4xx_hal_rcc.c **** 
 2351              		.loc 1 1300 1 is_stmt 0 view .LVU764
 2352 000e 7047     		bx	lr
 2353              	.L196:
 2354              		.align	2
 2355              	.L195:
 2356 0010 00100240 		.word	1073876992
 2357              		.cfi_endproc
 2358              	.LFE340:
 2360              		.section	.text.HAL_RCC_DisableLSECSS,"ax",%progbits
 2361              		.align	1
 2362              		.global	HAL_RCC_DisableLSECSS
 2363              		.syntax unified
 2364              		.thumb
 2365              		.thumb_func
 2367              	HAL_RCC_DisableLSECSS:
 2368              	.LFB341:
1309:Drivers/STM32G4xx_HAL_Driver/Src/stm32g4xx_hal_rcc.c ****   CLEAR_BIT(RCC->BDCR, RCC_BDCR_LSECSSON) ;
 2369              		.loc 1 1309 1 is_stmt 1 view -0
 2370              		.cfi_startproc
 2371              		@ args = 0, pretend = 0, frame = 0
 2372              		@ frame_needed = 0, uses_anonymous_args = 0
 2373              		@ link register save eliminated.
1310:Drivers/STM32G4xx_HAL_Driver/Src/stm32g4xx_hal_rcc.c **** }
 2374              		.loc 1 1310 3 view .LVU766
 2375 0000 034A     		ldr	r2, .L198
 2376 0002 D2F89030 		ldr	r3, [r2, #144]
 2377 0006 23F02003 		bic	r3, r3, #32
 2378 000a C2F89030 		str	r3, [r2, #144]
1311:Drivers/STM32G4xx_HAL_Driver/Src/stm32g4xx_hal_rcc.c **** 
 2379              		.loc 1 1311 1 is_stmt 0 view .LVU767
 2380 000e 7047     		bx	lr
 2381              	.L199:
 2382              		.align	2
 2383              	.L198:
 2384 0010 00100240 		.word	1073876992
 2385              		.cfi_endproc
 2386              	.LFE341:
 2388              		.section	.text.HAL_RCC_CSSCallback,"ax",%progbits
 2389              		.align	1
 2390              		.weak	HAL_RCC_CSSCallback
 2391              		.syntax unified
 2392              		.thumb
 2393              		.thumb_func
 2395              	HAL_RCC_CSSCallback:
 2396              	.LFB343:
1336:Drivers/STM32G4xx_HAL_Driver/Src/stm32g4xx_hal_rcc.c ****   /* NOTE : This function should not be modified, when the callback is needed,
 2397              		.loc 1 1336 1 is_stmt 1 view -0
 2398              		.cfi_startproc
 2399              		@ args = 0, pretend = 0, frame = 0
 2400              		@ frame_needed = 0, uses_anonymous_args = 0
 2401              		@ link register save eliminated.
1340:Drivers/STM32G4xx_HAL_Driver/Src/stm32g4xx_hal_rcc.c **** 
 2402              		.loc 1 1340 1 view .LVU769
 2403 0000 7047     		bx	lr
ARM GAS  /tmp/ccl1Huei.s 			page 80


 2404              		.cfi_endproc
 2405              	.LFE343:
 2407              		.section	.text.HAL_RCC_NMI_IRQHandler,"ax",%progbits
 2408              		.align	1
 2409              		.global	HAL_RCC_NMI_IRQHandler
 2410              		.syntax unified
 2411              		.thumb
 2412              		.thumb_func
 2414              	HAL_RCC_NMI_IRQHandler:
 2415              	.LFB342:
1319:Drivers/STM32G4xx_HAL_Driver/Src/stm32g4xx_hal_rcc.c ****   /* Check RCC CSSF interrupt flag  */
 2416              		.loc 1 1319 1 view -0
 2417              		.cfi_startproc
 2418              		@ args = 0, pretend = 0, frame = 0
 2419              		@ frame_needed = 0, uses_anonymous_args = 0
 2420 0000 08B5     		push	{r3, lr}
 2421              	.LCFI13:
 2422              		.cfi_def_cfa_offset 8
 2423              		.cfi_offset 3, -8
 2424              		.cfi_offset 14, -4
1321:Drivers/STM32G4xx_HAL_Driver/Src/stm32g4xx_hal_rcc.c ****   {
 2425              		.loc 1 1321 3 view .LVU771
1321:Drivers/STM32G4xx_HAL_Driver/Src/stm32g4xx_hal_rcc.c ****   {
 2426              		.loc 1 1321 6 is_stmt 0 view .LVU772
 2427 0002 064B     		ldr	r3, .L205
 2428 0004 DB69     		ldr	r3, [r3, #28]
1321:Drivers/STM32G4xx_HAL_Driver/Src/stm32g4xx_hal_rcc.c ****   {
 2429              		.loc 1 1321 5 view .LVU773
 2430 0006 13F4807F 		tst	r3, #256
 2431 000a 00D1     		bne	.L204
 2432              	.L201:
1329:Drivers/STM32G4xx_HAL_Driver/Src/stm32g4xx_hal_rcc.c **** 
 2433              		.loc 1 1329 1 view .LVU774
 2434 000c 08BD     		pop	{r3, pc}
 2435              	.L204:
1324:Drivers/STM32G4xx_HAL_Driver/Src/stm32g4xx_hal_rcc.c **** 
 2436              		.loc 1 1324 5 is_stmt 1 view .LVU775
 2437 000e FFF7FEFF 		bl	HAL_RCC_CSSCallback
 2438              	.LVL158:
1327:Drivers/STM32G4xx_HAL_Driver/Src/stm32g4xx_hal_rcc.c ****   }
 2439              		.loc 1 1327 5 view .LVU776
 2440 0012 024B     		ldr	r3, .L205
 2441 0014 4FF48072 		mov	r2, #256
 2442 0018 1A62     		str	r2, [r3, #32]
1329:Drivers/STM32G4xx_HAL_Driver/Src/stm32g4xx_hal_rcc.c **** 
 2443              		.loc 1 1329 1 is_stmt 0 view .LVU777
 2444 001a F7E7     		b	.L201
 2445              	.L206:
 2446              		.align	2
 2447              	.L205:
 2448 001c 00100240 		.word	1073876992
 2449              		.cfi_endproc
 2450              	.LFE342:
 2452              		.text
 2453              	.Letext0:
 2454              		.file 2 "/usr/arm-none-eabi/include/machine/_default_types.h"
 2455              		.file 3 "/usr/arm-none-eabi/include/sys/_stdint.h"
ARM GAS  /tmp/ccl1Huei.s 			page 81


 2456              		.file 4 "Drivers/CMSIS/Device/ST/STM32G4xx/Include/system_stm32g4xx.h"
 2457              		.file 5 "Drivers/CMSIS/Device/ST/STM32G4xx/Include/stm32g431xx.h"
 2458              		.file 6 "Drivers/CMSIS/Device/ST/STM32G4xx/Include/stm32g4xx.h"
 2459              		.file 7 "Drivers/STM32G4xx_HAL_Driver/Inc/stm32g4xx_hal_def.h"
 2460              		.file 8 "Drivers/STM32G4xx_HAL_Driver/Inc/stm32g4xx_hal_rcc.h"
 2461              		.file 9 "Drivers/STM32G4xx_HAL_Driver/Inc/stm32g4xx_hal_gpio.h"
 2462              		.file 10 "Drivers/STM32G4xx_HAL_Driver/Inc/stm32g4xx_hal.h"
ARM GAS  /tmp/ccl1Huei.s 			page 82


DEFINED SYMBOLS
                            *ABS*:00000000 stm32g4xx_hal_rcc.c
     /tmp/ccl1Huei.s:21     .text.RCC_GetSysClockFreqFromPLLSource:00000000 $t
     /tmp/ccl1Huei.s:26     .text.RCC_GetSysClockFreqFromPLLSource:00000000 RCC_GetSysClockFreqFromPLLSource
     /tmp/ccl1Huei.s:108    .text.RCC_GetSysClockFreqFromPLLSource:0000004c $d
     /tmp/ccl1Huei.s:114    .text.HAL_RCC_DeInit:00000000 $t
     /tmp/ccl1Huei.s:120    .text.HAL_RCC_DeInit:00000000 HAL_RCC_DeInit
     /tmp/ccl1Huei.s:287    .text.HAL_RCC_DeInit:000000b8 $d
     /tmp/ccl1Huei.s:295    .text.HAL_RCC_OscConfig:00000000 $t
     /tmp/ccl1Huei.s:301    .text.HAL_RCC_OscConfig:00000000 HAL_RCC_OscConfig
     /tmp/ccl1Huei.s:878    .text.HAL_RCC_OscConfig:0000029c $d
     /tmp/ccl1Huei.s:883    .text.HAL_RCC_OscConfig:000002a8 $t
     /tmp/ccl1Huei.s:1260   .text.HAL_RCC_OscConfig:0000049c $d
     /tmp/ccl1Huei.s:1267   .text.HAL_RCC_MCOConfig:00000000 $t
     /tmp/ccl1Huei.s:1273   .text.HAL_RCC_MCOConfig:00000000 HAL_RCC_MCOConfig
     /tmp/ccl1Huei.s:1374   .text.HAL_RCC_MCOConfig:00000058 $d
     /tmp/ccl1Huei.s:1379   .text.HAL_RCC_GetSysClockFreq:00000000 $t
     /tmp/ccl1Huei.s:1385   .text.HAL_RCC_GetSysClockFreq:00000000 HAL_RCC_GetSysClockFreq
     /tmp/ccl1Huei.s:1502   .text.HAL_RCC_GetSysClockFreq:00000078 $d
     /tmp/ccl1Huei.s:1508   .text.HAL_RCC_ClockConfig:00000000 $t
     /tmp/ccl1Huei.s:1514   .text.HAL_RCC_ClockConfig:00000000 HAL_RCC_ClockConfig
     /tmp/ccl1Huei.s:1896   .text.HAL_RCC_ClockConfig:000001d0 $d
     /tmp/ccl1Huei.s:1906   .text.HAL_RCC_GetHCLKFreq:00000000 $t
     /tmp/ccl1Huei.s:1912   .text.HAL_RCC_GetHCLKFreq:00000000 HAL_RCC_GetHCLKFreq
     /tmp/ccl1Huei.s:1927   .text.HAL_RCC_GetHCLKFreq:00000008 $d
     /tmp/ccl1Huei.s:1932   .text.HAL_RCC_GetPCLK1Freq:00000000 $t
     /tmp/ccl1Huei.s:1938   .text.HAL_RCC_GetPCLK1Freq:00000000 HAL_RCC_GetPCLK1Freq
     /tmp/ccl1Huei.s:1969   .text.HAL_RCC_GetPCLK1Freq:0000001c $d
     /tmp/ccl1Huei.s:1975   .text.HAL_RCC_GetPCLK2Freq:00000000 $t
     /tmp/ccl1Huei.s:1981   .text.HAL_RCC_GetPCLK2Freq:00000000 HAL_RCC_GetPCLK2Freq
     /tmp/ccl1Huei.s:2012   .text.HAL_RCC_GetPCLK2Freq:0000001c $d
     /tmp/ccl1Huei.s:2018   .text.HAL_RCC_GetOscConfig:00000000 $t
     /tmp/ccl1Huei.s:2024   .text.HAL_RCC_GetOscConfig:00000000 HAL_RCC_GetOscConfig
     /tmp/ccl1Huei.s:2235   .text.HAL_RCC_GetOscConfig:000000f0 $d
     /tmp/ccl1Huei.s:2240   .text.HAL_RCC_GetClockConfig:00000000 $t
     /tmp/ccl1Huei.s:2246   .text.HAL_RCC_GetClockConfig:00000000 HAL_RCC_GetClockConfig
     /tmp/ccl1Huei.s:2299   .text.HAL_RCC_GetClockConfig:00000034 $d
     /tmp/ccl1Huei.s:2305   .text.HAL_RCC_EnableCSS:00000000 $t
     /tmp/ccl1Huei.s:2311   .text.HAL_RCC_EnableCSS:00000000 HAL_RCC_EnableCSS
     /tmp/ccl1Huei.s:2328   .text.HAL_RCC_EnableCSS:0000000c $d
     /tmp/ccl1Huei.s:2333   .text.HAL_RCC_EnableLSECSS:00000000 $t
     /tmp/ccl1Huei.s:2339   .text.HAL_RCC_EnableLSECSS:00000000 HAL_RCC_EnableLSECSS
     /tmp/ccl1Huei.s:2356   .text.HAL_RCC_EnableLSECSS:00000010 $d
     /tmp/ccl1Huei.s:2361   .text.HAL_RCC_DisableLSECSS:00000000 $t
     /tmp/ccl1Huei.s:2367   .text.HAL_RCC_DisableLSECSS:00000000 HAL_RCC_DisableLSECSS
     /tmp/ccl1Huei.s:2384   .text.HAL_RCC_DisableLSECSS:00000010 $d
     /tmp/ccl1Huei.s:2389   .text.HAL_RCC_CSSCallback:00000000 $t
     /tmp/ccl1Huei.s:2395   .text.HAL_RCC_CSSCallback:00000000 HAL_RCC_CSSCallback
     /tmp/ccl1Huei.s:2408   .text.HAL_RCC_NMI_IRQHandler:00000000 $t
     /tmp/ccl1Huei.s:2414   .text.HAL_RCC_NMI_IRQHandler:00000000 HAL_RCC_NMI_IRQHandler
     /tmp/ccl1Huei.s:2448   .text.HAL_RCC_NMI_IRQHandler:0000001c $d

UNDEFINED SYMBOLS
HAL_GetTick
HAL_InitTick
SystemCoreClock
uwTickPrio
ARM GAS  /tmp/ccl1Huei.s 			page 83


HAL_GPIO_Init
AHBPrescTable
APBPrescTable
