ARM GAS  /tmp/ccX78w3T.s 			page 1


   1              		.cpu cortex-m4
   2              		.arch armv7e-m
   3              		.fpu fpv4-sp-d16
   4              		.eabi_attribute 27, 1
   5              		.eabi_attribute 28, 1
   6              		.eabi_attribute 20, 1
   7              		.eabi_attribute 21, 1
   8              		.eabi_attribute 23, 3
   9              		.eabi_attribute 24, 1
  10              		.eabi_attribute 25, 1
  11              		.eabi_attribute 26, 1
  12              		.eabi_attribute 30, 1
  13              		.eabi_attribute 34, 1
  14              		.eabi_attribute 18, 4
  15              		.file	"stm32g4xx_hal_tim_ex.c"
  16              		.text
  17              	.Ltext0:
  18              		.cfi_sections	.debug_frame
  19              		.file 1 "Drivers/STM32G4xx_HAL_Driver/Src/stm32g4xx_hal_tim_ex.c"
  20              		.section	.text.TIM_CCxNChannelCmd,"ax",%progbits
  21              		.align	1
  22              		.syntax unified
  23              		.thumb
  24              		.thumb_func
  26              	TIM_CCxNChannelCmd:
  27              	.LVL0:
  28              	.LFB397:
   1:Drivers/STM32G4xx_HAL_Driver/Src/stm32g4xx_hal_tim_ex.c **** /**
   2:Drivers/STM32G4xx_HAL_Driver/Src/stm32g4xx_hal_tim_ex.c ****   ******************************************************************************
   3:Drivers/STM32G4xx_HAL_Driver/Src/stm32g4xx_hal_tim_ex.c ****   * @file    stm32g4xx_hal_tim_ex.c
   4:Drivers/STM32G4xx_HAL_Driver/Src/stm32g4xx_hal_tim_ex.c ****   * @author  MCD Application Team
   5:Drivers/STM32G4xx_HAL_Driver/Src/stm32g4xx_hal_tim_ex.c ****   * @brief   TIM HAL module driver.
   6:Drivers/STM32G4xx_HAL_Driver/Src/stm32g4xx_hal_tim_ex.c ****   *          This file provides firmware functions to manage the following
   7:Drivers/STM32G4xx_HAL_Driver/Src/stm32g4xx_hal_tim_ex.c ****   *          functionalities of the Timer Extended peripheral:
   8:Drivers/STM32G4xx_HAL_Driver/Src/stm32g4xx_hal_tim_ex.c ****   *           + Time Hall Sensor Interface Initialization
   9:Drivers/STM32G4xx_HAL_Driver/Src/stm32g4xx_hal_tim_ex.c ****   *           + Time Hall Sensor Interface Start
  10:Drivers/STM32G4xx_HAL_Driver/Src/stm32g4xx_hal_tim_ex.c ****   *           + Time Complementary signal break and dead time configuration
  11:Drivers/STM32G4xx_HAL_Driver/Src/stm32g4xx_hal_tim_ex.c ****   *           + Time Master and Slave synchronization configuration
  12:Drivers/STM32G4xx_HAL_Driver/Src/stm32g4xx_hal_tim_ex.c ****   *           + Time Output Compare/PWM Channel Configuration (for channels 5 and 6)
  13:Drivers/STM32G4xx_HAL_Driver/Src/stm32g4xx_hal_tim_ex.c ****   *           + Time OCRef clear configuration
  14:Drivers/STM32G4xx_HAL_Driver/Src/stm32g4xx_hal_tim_ex.c ****   *           + Timer remapping capabilities configuration
  15:Drivers/STM32G4xx_HAL_Driver/Src/stm32g4xx_hal_tim_ex.c ****   *           + Timer encoder index configuration
  16:Drivers/STM32G4xx_HAL_Driver/Src/stm32g4xx_hal_tim_ex.c ****   ******************************************************************************
  17:Drivers/STM32G4xx_HAL_Driver/Src/stm32g4xx_hal_tim_ex.c ****   * @attention
  18:Drivers/STM32G4xx_HAL_Driver/Src/stm32g4xx_hal_tim_ex.c ****   *
  19:Drivers/STM32G4xx_HAL_Driver/Src/stm32g4xx_hal_tim_ex.c ****   * Copyright (c) 2019 STMicroelectronics.
  20:Drivers/STM32G4xx_HAL_Driver/Src/stm32g4xx_hal_tim_ex.c ****   * All rights reserved.
  21:Drivers/STM32G4xx_HAL_Driver/Src/stm32g4xx_hal_tim_ex.c ****   *
  22:Drivers/STM32G4xx_HAL_Driver/Src/stm32g4xx_hal_tim_ex.c ****   * This software is licensed under terms that can be found in the LICENSE file
  23:Drivers/STM32G4xx_HAL_Driver/Src/stm32g4xx_hal_tim_ex.c ****   * in the root directory of this software component.
  24:Drivers/STM32G4xx_HAL_Driver/Src/stm32g4xx_hal_tim_ex.c ****   * If no LICENSE file comes with this software, it is provided AS-IS.
  25:Drivers/STM32G4xx_HAL_Driver/Src/stm32g4xx_hal_tim_ex.c ****   *
  26:Drivers/STM32G4xx_HAL_Driver/Src/stm32g4xx_hal_tim_ex.c ****   ******************************************************************************
  27:Drivers/STM32G4xx_HAL_Driver/Src/stm32g4xx_hal_tim_ex.c ****   @verbatim
  28:Drivers/STM32G4xx_HAL_Driver/Src/stm32g4xx_hal_tim_ex.c ****   ==============================================================================
  29:Drivers/STM32G4xx_HAL_Driver/Src/stm32g4xx_hal_tim_ex.c ****                       ##### TIMER Extended features #####
  30:Drivers/STM32G4xx_HAL_Driver/Src/stm32g4xx_hal_tim_ex.c ****   ==============================================================================
ARM GAS  /tmp/ccX78w3T.s 			page 2


  31:Drivers/STM32G4xx_HAL_Driver/Src/stm32g4xx_hal_tim_ex.c ****   [..]
  32:Drivers/STM32G4xx_HAL_Driver/Src/stm32g4xx_hal_tim_ex.c ****     The Timer Extended features include:
  33:Drivers/STM32G4xx_HAL_Driver/Src/stm32g4xx_hal_tim_ex.c ****     (#) Complementary outputs with programmable dead-time for :
  34:Drivers/STM32G4xx_HAL_Driver/Src/stm32g4xx_hal_tim_ex.c ****         (++) Output Compare
  35:Drivers/STM32G4xx_HAL_Driver/Src/stm32g4xx_hal_tim_ex.c ****         (++) PWM generation (Edge and Center-aligned Mode)
  36:Drivers/STM32G4xx_HAL_Driver/Src/stm32g4xx_hal_tim_ex.c ****         (++) One-pulse mode output
  37:Drivers/STM32G4xx_HAL_Driver/Src/stm32g4xx_hal_tim_ex.c ****     (#) Synchronization circuit to control the timer with external signals and to
  38:Drivers/STM32G4xx_HAL_Driver/Src/stm32g4xx_hal_tim_ex.c ****         interconnect several timers together.
  39:Drivers/STM32G4xx_HAL_Driver/Src/stm32g4xx_hal_tim_ex.c ****     (#) Break input to put the timer output signals in reset state or in a known state.
  40:Drivers/STM32G4xx_HAL_Driver/Src/stm32g4xx_hal_tim_ex.c ****     (#) Supports incremental (quadrature) encoder and hall-sensor circuitry for
  41:Drivers/STM32G4xx_HAL_Driver/Src/stm32g4xx_hal_tim_ex.c ****         positioning purposes
  42:Drivers/STM32G4xx_HAL_Driver/Src/stm32g4xx_hal_tim_ex.c ****     (#) In case of Pulse on compare, configure pulse length and delay
  43:Drivers/STM32G4xx_HAL_Driver/Src/stm32g4xx_hal_tim_ex.c ****     (#) Encoder index configuration
  44:Drivers/STM32G4xx_HAL_Driver/Src/stm32g4xx_hal_tim_ex.c **** 
  45:Drivers/STM32G4xx_HAL_Driver/Src/stm32g4xx_hal_tim_ex.c ****             ##### How to use this driver #####
  46:Drivers/STM32G4xx_HAL_Driver/Src/stm32g4xx_hal_tim_ex.c ****   ==============================================================================
  47:Drivers/STM32G4xx_HAL_Driver/Src/stm32g4xx_hal_tim_ex.c ****     [..]
  48:Drivers/STM32G4xx_HAL_Driver/Src/stm32g4xx_hal_tim_ex.c ****      (#) Initialize the TIM low level resources by implementing the following functions
  49:Drivers/STM32G4xx_HAL_Driver/Src/stm32g4xx_hal_tim_ex.c ****          depending on the selected feature:
  50:Drivers/STM32G4xx_HAL_Driver/Src/stm32g4xx_hal_tim_ex.c ****            (++) Hall Sensor output : HAL_TIMEx_HallSensor_MspInit()
  51:Drivers/STM32G4xx_HAL_Driver/Src/stm32g4xx_hal_tim_ex.c **** 
  52:Drivers/STM32G4xx_HAL_Driver/Src/stm32g4xx_hal_tim_ex.c ****      (#) Initialize the TIM low level resources :
  53:Drivers/STM32G4xx_HAL_Driver/Src/stm32g4xx_hal_tim_ex.c ****         (##) Enable the TIM interface clock using __HAL_RCC_TIMx_CLK_ENABLE();
  54:Drivers/STM32G4xx_HAL_Driver/Src/stm32g4xx_hal_tim_ex.c ****         (##) TIM pins configuration
  55:Drivers/STM32G4xx_HAL_Driver/Src/stm32g4xx_hal_tim_ex.c ****             (+++) Enable the clock for the TIM GPIOs using the following function:
  56:Drivers/STM32G4xx_HAL_Driver/Src/stm32g4xx_hal_tim_ex.c ****               __HAL_RCC_GPIOx_CLK_ENABLE();
  57:Drivers/STM32G4xx_HAL_Driver/Src/stm32g4xx_hal_tim_ex.c ****             (+++) Configure these TIM pins in Alternate function mode using HAL_GPIO_Init();
  58:Drivers/STM32G4xx_HAL_Driver/Src/stm32g4xx_hal_tim_ex.c **** 
  59:Drivers/STM32G4xx_HAL_Driver/Src/stm32g4xx_hal_tim_ex.c ****      (#) The external Clock can be configured, if needed (the default clock is the
  60:Drivers/STM32G4xx_HAL_Driver/Src/stm32g4xx_hal_tim_ex.c ****          internal clock from the APBx), using the following function:
  61:Drivers/STM32G4xx_HAL_Driver/Src/stm32g4xx_hal_tim_ex.c ****          HAL_TIM_ConfigClockSource, the clock configuration should be done before
  62:Drivers/STM32G4xx_HAL_Driver/Src/stm32g4xx_hal_tim_ex.c ****          any start function.
  63:Drivers/STM32G4xx_HAL_Driver/Src/stm32g4xx_hal_tim_ex.c **** 
  64:Drivers/STM32G4xx_HAL_Driver/Src/stm32g4xx_hal_tim_ex.c ****      (#) Configure the TIM in the desired functioning mode using one of the
  65:Drivers/STM32G4xx_HAL_Driver/Src/stm32g4xx_hal_tim_ex.c ****          initialization function of this driver:
  66:Drivers/STM32G4xx_HAL_Driver/Src/stm32g4xx_hal_tim_ex.c ****           (++) HAL_TIMEx_HallSensor_Init() and HAL_TIMEx_ConfigCommutEvent(): to use the
  67:Drivers/STM32G4xx_HAL_Driver/Src/stm32g4xx_hal_tim_ex.c ****                Timer Hall Sensor Interface and the commutation event with the corresponding
  68:Drivers/STM32G4xx_HAL_Driver/Src/stm32g4xx_hal_tim_ex.c ****                Interrupt and DMA request if needed (Note that One Timer is used to interface
  69:Drivers/STM32G4xx_HAL_Driver/Src/stm32g4xx_hal_tim_ex.c ****                with the Hall sensor Interface and another Timer should be used to use
  70:Drivers/STM32G4xx_HAL_Driver/Src/stm32g4xx_hal_tim_ex.c ****                the commutation event).
  71:Drivers/STM32G4xx_HAL_Driver/Src/stm32g4xx_hal_tim_ex.c ****      (#) In case of Pulse On Compare:
  72:Drivers/STM32G4xx_HAL_Driver/Src/stm32g4xx_hal_tim_ex.c ****            (++) HAL_TIMEx_OC_ConfigPulseOnCompare(): to configure pulse width and prescaler
  73:Drivers/STM32G4xx_HAL_Driver/Src/stm32g4xx_hal_tim_ex.c **** 
  74:Drivers/STM32G4xx_HAL_Driver/Src/stm32g4xx_hal_tim_ex.c **** 
  75:Drivers/STM32G4xx_HAL_Driver/Src/stm32g4xx_hal_tim_ex.c ****      (#) Activate the TIM peripheral using one of the start functions:
  76:Drivers/STM32G4xx_HAL_Driver/Src/stm32g4xx_hal_tim_ex.c ****            (++) Complementary Output Compare : HAL_TIMEx_OCN_Start(), HAL_TIMEx_OCN_Start_DMA(),
  77:Drivers/STM32G4xx_HAL_Driver/Src/stm32g4xx_hal_tim_ex.c ****                 HAL_TIMEx_OCN_Start_IT()
  78:Drivers/STM32G4xx_HAL_Driver/Src/stm32g4xx_hal_tim_ex.c ****            (++) Complementary PWM generation : HAL_TIMEx_PWMN_Start(), HAL_TIMEx_PWMN_Start_DMA(),
  79:Drivers/STM32G4xx_HAL_Driver/Src/stm32g4xx_hal_tim_ex.c ****                 HAL_TIMEx_PWMN_Start_IT()
  80:Drivers/STM32G4xx_HAL_Driver/Src/stm32g4xx_hal_tim_ex.c ****            (++) Complementary One-pulse mode output : HAL_TIMEx_OnePulseN_Start(), HAL_TIMEx_OnePul
  81:Drivers/STM32G4xx_HAL_Driver/Src/stm32g4xx_hal_tim_ex.c ****            (++) Hall Sensor output : HAL_TIMEx_HallSensor_Start(), HAL_TIMEx_HallSensor_Start_DMA()
  82:Drivers/STM32G4xx_HAL_Driver/Src/stm32g4xx_hal_tim_ex.c ****                 HAL_TIMEx_HallSensor_Start_IT().
  83:Drivers/STM32G4xx_HAL_Driver/Src/stm32g4xx_hal_tim_ex.c **** 
  84:Drivers/STM32G4xx_HAL_Driver/Src/stm32g4xx_hal_tim_ex.c ****   @endverbatim
  85:Drivers/STM32G4xx_HAL_Driver/Src/stm32g4xx_hal_tim_ex.c ****   ******************************************************************************
  86:Drivers/STM32G4xx_HAL_Driver/Src/stm32g4xx_hal_tim_ex.c ****   */
  87:Drivers/STM32G4xx_HAL_Driver/Src/stm32g4xx_hal_tim_ex.c **** 
ARM GAS  /tmp/ccX78w3T.s 			page 3


  88:Drivers/STM32G4xx_HAL_Driver/Src/stm32g4xx_hal_tim_ex.c **** /* Includes ------------------------------------------------------------------*/
  89:Drivers/STM32G4xx_HAL_Driver/Src/stm32g4xx_hal_tim_ex.c **** #include "stm32g4xx_hal.h"
  90:Drivers/STM32G4xx_HAL_Driver/Src/stm32g4xx_hal_tim_ex.c **** 
  91:Drivers/STM32G4xx_HAL_Driver/Src/stm32g4xx_hal_tim_ex.c **** /** @addtogroup STM32G4xx_HAL_Driver
  92:Drivers/STM32G4xx_HAL_Driver/Src/stm32g4xx_hal_tim_ex.c ****   * @{
  93:Drivers/STM32G4xx_HAL_Driver/Src/stm32g4xx_hal_tim_ex.c ****   */
  94:Drivers/STM32G4xx_HAL_Driver/Src/stm32g4xx_hal_tim_ex.c **** 
  95:Drivers/STM32G4xx_HAL_Driver/Src/stm32g4xx_hal_tim_ex.c **** /** @defgroup TIMEx TIMEx
  96:Drivers/STM32G4xx_HAL_Driver/Src/stm32g4xx_hal_tim_ex.c ****   * @brief TIM Extended HAL module driver
  97:Drivers/STM32G4xx_HAL_Driver/Src/stm32g4xx_hal_tim_ex.c ****   * @{
  98:Drivers/STM32G4xx_HAL_Driver/Src/stm32g4xx_hal_tim_ex.c ****   */
  99:Drivers/STM32G4xx_HAL_Driver/Src/stm32g4xx_hal_tim_ex.c **** 
 100:Drivers/STM32G4xx_HAL_Driver/Src/stm32g4xx_hal_tim_ex.c **** #ifdef HAL_TIM_MODULE_ENABLED
 101:Drivers/STM32G4xx_HAL_Driver/Src/stm32g4xx_hal_tim_ex.c **** 
 102:Drivers/STM32G4xx_HAL_Driver/Src/stm32g4xx_hal_tim_ex.c **** /* Private typedef -----------------------------------------------------------*/
 103:Drivers/STM32G4xx_HAL_Driver/Src/stm32g4xx_hal_tim_ex.c **** /* Private define ------------------------------------------------------------*/
 104:Drivers/STM32G4xx_HAL_Driver/Src/stm32g4xx_hal_tim_ex.c **** /* Private constants ---------------------------------------------------------*/
 105:Drivers/STM32G4xx_HAL_Driver/Src/stm32g4xx_hal_tim_ex.c **** /** @defgroup TIMEx_Private_Constants TIM Extended Private Constants
 106:Drivers/STM32G4xx_HAL_Driver/Src/stm32g4xx_hal_tim_ex.c ****   * @{
 107:Drivers/STM32G4xx_HAL_Driver/Src/stm32g4xx_hal_tim_ex.c ****   */
 108:Drivers/STM32G4xx_HAL_Driver/Src/stm32g4xx_hal_tim_ex.c **** /* Timeout for break input rearm */
 109:Drivers/STM32G4xx_HAL_Driver/Src/stm32g4xx_hal_tim_ex.c **** #define TIM_BREAKINPUT_REARM_TIMEOUT    5UL /* 5 milliseconds */
 110:Drivers/STM32G4xx_HAL_Driver/Src/stm32g4xx_hal_tim_ex.c **** /**
 111:Drivers/STM32G4xx_HAL_Driver/Src/stm32g4xx_hal_tim_ex.c ****   * @}
 112:Drivers/STM32G4xx_HAL_Driver/Src/stm32g4xx_hal_tim_ex.c ****   */
 113:Drivers/STM32G4xx_HAL_Driver/Src/stm32g4xx_hal_tim_ex.c **** /* End of private constants --------------------------------------------------*/
 114:Drivers/STM32G4xx_HAL_Driver/Src/stm32g4xx_hal_tim_ex.c **** 
 115:Drivers/STM32G4xx_HAL_Driver/Src/stm32g4xx_hal_tim_ex.c **** /* Private macros ------------------------------------------------------------*/
 116:Drivers/STM32G4xx_HAL_Driver/Src/stm32g4xx_hal_tim_ex.c **** /* Private variables ---------------------------------------------------------*/
 117:Drivers/STM32G4xx_HAL_Driver/Src/stm32g4xx_hal_tim_ex.c **** /* Private function prototypes -----------------------------------------------*/
 118:Drivers/STM32G4xx_HAL_Driver/Src/stm32g4xx_hal_tim_ex.c **** static void TIM_DMADelayPulseNCplt(DMA_HandleTypeDef *hdma);
 119:Drivers/STM32G4xx_HAL_Driver/Src/stm32g4xx_hal_tim_ex.c **** static void TIM_DMAErrorCCxN(DMA_HandleTypeDef *hdma);
 120:Drivers/STM32G4xx_HAL_Driver/Src/stm32g4xx_hal_tim_ex.c **** static void TIM_CCxNChannelCmd(TIM_TypeDef *TIMx, uint32_t Channel, uint32_t ChannelNState);
 121:Drivers/STM32G4xx_HAL_Driver/Src/stm32g4xx_hal_tim_ex.c **** 
 122:Drivers/STM32G4xx_HAL_Driver/Src/stm32g4xx_hal_tim_ex.c **** /* Exported functions --------------------------------------------------------*/
 123:Drivers/STM32G4xx_HAL_Driver/Src/stm32g4xx_hal_tim_ex.c **** /** @defgroup TIMEx_Exported_Functions TIM Extended Exported Functions
 124:Drivers/STM32G4xx_HAL_Driver/Src/stm32g4xx_hal_tim_ex.c ****   * @{
 125:Drivers/STM32G4xx_HAL_Driver/Src/stm32g4xx_hal_tim_ex.c ****   */
 126:Drivers/STM32G4xx_HAL_Driver/Src/stm32g4xx_hal_tim_ex.c **** 
 127:Drivers/STM32G4xx_HAL_Driver/Src/stm32g4xx_hal_tim_ex.c **** /** @defgroup TIMEx_Exported_Functions_Group1 Extended Timer Hall Sensor functions
 128:Drivers/STM32G4xx_HAL_Driver/Src/stm32g4xx_hal_tim_ex.c ****   * @brief    Timer Hall Sensor functions
 129:Drivers/STM32G4xx_HAL_Driver/Src/stm32g4xx_hal_tim_ex.c ****   *
 130:Drivers/STM32G4xx_HAL_Driver/Src/stm32g4xx_hal_tim_ex.c **** @verbatim
 131:Drivers/STM32G4xx_HAL_Driver/Src/stm32g4xx_hal_tim_ex.c ****   ==============================================================================
 132:Drivers/STM32G4xx_HAL_Driver/Src/stm32g4xx_hal_tim_ex.c ****                       ##### Timer Hall Sensor functions #####
 133:Drivers/STM32G4xx_HAL_Driver/Src/stm32g4xx_hal_tim_ex.c ****   ==============================================================================
 134:Drivers/STM32G4xx_HAL_Driver/Src/stm32g4xx_hal_tim_ex.c ****   [..]
 135:Drivers/STM32G4xx_HAL_Driver/Src/stm32g4xx_hal_tim_ex.c ****     This section provides functions allowing to:
 136:Drivers/STM32G4xx_HAL_Driver/Src/stm32g4xx_hal_tim_ex.c ****     (+) Initialize and configure TIM HAL Sensor.
 137:Drivers/STM32G4xx_HAL_Driver/Src/stm32g4xx_hal_tim_ex.c ****     (+) De-initialize TIM HAL Sensor.
 138:Drivers/STM32G4xx_HAL_Driver/Src/stm32g4xx_hal_tim_ex.c ****     (+) Start the Hall Sensor Interface.
 139:Drivers/STM32G4xx_HAL_Driver/Src/stm32g4xx_hal_tim_ex.c ****     (+) Stop the Hall Sensor Interface.
 140:Drivers/STM32G4xx_HAL_Driver/Src/stm32g4xx_hal_tim_ex.c ****     (+) Start the Hall Sensor Interface and enable interrupts.
 141:Drivers/STM32G4xx_HAL_Driver/Src/stm32g4xx_hal_tim_ex.c ****     (+) Stop the Hall Sensor Interface and disable interrupts.
 142:Drivers/STM32G4xx_HAL_Driver/Src/stm32g4xx_hal_tim_ex.c ****     (+) Start the Hall Sensor Interface and enable DMA transfers.
 143:Drivers/STM32G4xx_HAL_Driver/Src/stm32g4xx_hal_tim_ex.c ****     (+) Stop the Hall Sensor Interface and disable DMA transfers.
 144:Drivers/STM32G4xx_HAL_Driver/Src/stm32g4xx_hal_tim_ex.c **** 
ARM GAS  /tmp/ccX78w3T.s 			page 4


 145:Drivers/STM32G4xx_HAL_Driver/Src/stm32g4xx_hal_tim_ex.c **** @endverbatim
 146:Drivers/STM32G4xx_HAL_Driver/Src/stm32g4xx_hal_tim_ex.c ****   * @{
 147:Drivers/STM32G4xx_HAL_Driver/Src/stm32g4xx_hal_tim_ex.c ****   */
 148:Drivers/STM32G4xx_HAL_Driver/Src/stm32g4xx_hal_tim_ex.c **** /**
 149:Drivers/STM32G4xx_HAL_Driver/Src/stm32g4xx_hal_tim_ex.c ****   * @brief  Initializes the TIM Hall Sensor Interface and initialize the associated handle.
 150:Drivers/STM32G4xx_HAL_Driver/Src/stm32g4xx_hal_tim_ex.c ****   * @note   When the timer instance is initialized in Hall Sensor Interface mode,
 151:Drivers/STM32G4xx_HAL_Driver/Src/stm32g4xx_hal_tim_ex.c ****   *         timer channels 1 and channel 2 are reserved and cannot be used for
 152:Drivers/STM32G4xx_HAL_Driver/Src/stm32g4xx_hal_tim_ex.c ****   *         other purpose.
 153:Drivers/STM32G4xx_HAL_Driver/Src/stm32g4xx_hal_tim_ex.c ****   * @param  htim TIM Hall Sensor Interface handle
 154:Drivers/STM32G4xx_HAL_Driver/Src/stm32g4xx_hal_tim_ex.c ****   * @param  sConfig TIM Hall Sensor configuration structure
 155:Drivers/STM32G4xx_HAL_Driver/Src/stm32g4xx_hal_tim_ex.c ****   * @retval HAL status
 156:Drivers/STM32G4xx_HAL_Driver/Src/stm32g4xx_hal_tim_ex.c ****   */
 157:Drivers/STM32G4xx_HAL_Driver/Src/stm32g4xx_hal_tim_ex.c **** HAL_StatusTypeDef HAL_TIMEx_HallSensor_Init(TIM_HandleTypeDef *htim, const TIM_HallSensor_InitTypeD
 158:Drivers/STM32G4xx_HAL_Driver/Src/stm32g4xx_hal_tim_ex.c **** {
 159:Drivers/STM32G4xx_HAL_Driver/Src/stm32g4xx_hal_tim_ex.c ****   TIM_OC_InitTypeDef OC_Config;
 160:Drivers/STM32G4xx_HAL_Driver/Src/stm32g4xx_hal_tim_ex.c **** 
 161:Drivers/STM32G4xx_HAL_Driver/Src/stm32g4xx_hal_tim_ex.c ****   /* Check the TIM handle allocation */
 162:Drivers/STM32G4xx_HAL_Driver/Src/stm32g4xx_hal_tim_ex.c ****   if (htim == NULL)
 163:Drivers/STM32G4xx_HAL_Driver/Src/stm32g4xx_hal_tim_ex.c ****   {
 164:Drivers/STM32G4xx_HAL_Driver/Src/stm32g4xx_hal_tim_ex.c ****     return HAL_ERROR;
 165:Drivers/STM32G4xx_HAL_Driver/Src/stm32g4xx_hal_tim_ex.c ****   }
 166:Drivers/STM32G4xx_HAL_Driver/Src/stm32g4xx_hal_tim_ex.c **** 
 167:Drivers/STM32G4xx_HAL_Driver/Src/stm32g4xx_hal_tim_ex.c ****   /* Check the parameters */
 168:Drivers/STM32G4xx_HAL_Driver/Src/stm32g4xx_hal_tim_ex.c ****   assert_param(IS_TIM_HALL_SENSOR_INTERFACE_INSTANCE(htim->Instance));
 169:Drivers/STM32G4xx_HAL_Driver/Src/stm32g4xx_hal_tim_ex.c ****   assert_param(IS_TIM_COUNTER_MODE(htim->Init.CounterMode));
 170:Drivers/STM32G4xx_HAL_Driver/Src/stm32g4xx_hal_tim_ex.c ****   assert_param(IS_TIM_CLOCKDIVISION_DIV(htim->Init.ClockDivision));
 171:Drivers/STM32G4xx_HAL_Driver/Src/stm32g4xx_hal_tim_ex.c ****   assert_param(IS_TIM_AUTORELOAD_PRELOAD(htim->Init.AutoReloadPreload));
 172:Drivers/STM32G4xx_HAL_Driver/Src/stm32g4xx_hal_tim_ex.c ****   assert_param(IS_TIM_IC_POLARITY(sConfig->IC1Polarity));
 173:Drivers/STM32G4xx_HAL_Driver/Src/stm32g4xx_hal_tim_ex.c ****   assert_param(IS_TIM_PERIOD(htim, htim->Init.Period));
 174:Drivers/STM32G4xx_HAL_Driver/Src/stm32g4xx_hal_tim_ex.c ****   assert_param(IS_TIM_IC_PRESCALER(sConfig->IC1Prescaler));
 175:Drivers/STM32G4xx_HAL_Driver/Src/stm32g4xx_hal_tim_ex.c ****   assert_param(IS_TIM_IC_FILTER(sConfig->IC1Filter));
 176:Drivers/STM32G4xx_HAL_Driver/Src/stm32g4xx_hal_tim_ex.c **** 
 177:Drivers/STM32G4xx_HAL_Driver/Src/stm32g4xx_hal_tim_ex.c ****   if (htim->State == HAL_TIM_STATE_RESET)
 178:Drivers/STM32G4xx_HAL_Driver/Src/stm32g4xx_hal_tim_ex.c ****   {
 179:Drivers/STM32G4xx_HAL_Driver/Src/stm32g4xx_hal_tim_ex.c ****     /* Allocate lock resource and initialize it */
 180:Drivers/STM32G4xx_HAL_Driver/Src/stm32g4xx_hal_tim_ex.c ****     htim->Lock = HAL_UNLOCKED;
 181:Drivers/STM32G4xx_HAL_Driver/Src/stm32g4xx_hal_tim_ex.c **** 
 182:Drivers/STM32G4xx_HAL_Driver/Src/stm32g4xx_hal_tim_ex.c **** #if (USE_HAL_TIM_REGISTER_CALLBACKS == 1)
 183:Drivers/STM32G4xx_HAL_Driver/Src/stm32g4xx_hal_tim_ex.c ****     /* Reset interrupt callbacks to legacy week callbacks */
 184:Drivers/STM32G4xx_HAL_Driver/Src/stm32g4xx_hal_tim_ex.c ****     TIM_ResetCallback(htim);
 185:Drivers/STM32G4xx_HAL_Driver/Src/stm32g4xx_hal_tim_ex.c **** 
 186:Drivers/STM32G4xx_HAL_Driver/Src/stm32g4xx_hal_tim_ex.c ****     if (htim->HallSensor_MspInitCallback == NULL)
 187:Drivers/STM32G4xx_HAL_Driver/Src/stm32g4xx_hal_tim_ex.c ****     {
 188:Drivers/STM32G4xx_HAL_Driver/Src/stm32g4xx_hal_tim_ex.c ****       htim->HallSensor_MspInitCallback = HAL_TIMEx_HallSensor_MspInit;
 189:Drivers/STM32G4xx_HAL_Driver/Src/stm32g4xx_hal_tim_ex.c ****     }
 190:Drivers/STM32G4xx_HAL_Driver/Src/stm32g4xx_hal_tim_ex.c ****     /* Init the low level hardware : GPIO, CLOCK, NVIC */
 191:Drivers/STM32G4xx_HAL_Driver/Src/stm32g4xx_hal_tim_ex.c ****     htim->HallSensor_MspInitCallback(htim);
 192:Drivers/STM32G4xx_HAL_Driver/Src/stm32g4xx_hal_tim_ex.c **** #else
 193:Drivers/STM32G4xx_HAL_Driver/Src/stm32g4xx_hal_tim_ex.c ****     /* Init the low level hardware : GPIO, CLOCK, NVIC and DMA */
 194:Drivers/STM32G4xx_HAL_Driver/Src/stm32g4xx_hal_tim_ex.c ****     HAL_TIMEx_HallSensor_MspInit(htim);
 195:Drivers/STM32G4xx_HAL_Driver/Src/stm32g4xx_hal_tim_ex.c **** #endif /* USE_HAL_TIM_REGISTER_CALLBACKS */
 196:Drivers/STM32G4xx_HAL_Driver/Src/stm32g4xx_hal_tim_ex.c ****   }
 197:Drivers/STM32G4xx_HAL_Driver/Src/stm32g4xx_hal_tim_ex.c **** 
 198:Drivers/STM32G4xx_HAL_Driver/Src/stm32g4xx_hal_tim_ex.c ****   /* Set the TIM state */
 199:Drivers/STM32G4xx_HAL_Driver/Src/stm32g4xx_hal_tim_ex.c ****   htim->State = HAL_TIM_STATE_BUSY;
 200:Drivers/STM32G4xx_HAL_Driver/Src/stm32g4xx_hal_tim_ex.c **** 
 201:Drivers/STM32G4xx_HAL_Driver/Src/stm32g4xx_hal_tim_ex.c ****   /* Configure the Time base in the Encoder Mode */
ARM GAS  /tmp/ccX78w3T.s 			page 5


 202:Drivers/STM32G4xx_HAL_Driver/Src/stm32g4xx_hal_tim_ex.c ****   TIM_Base_SetConfig(htim->Instance, &htim->Init);
 203:Drivers/STM32G4xx_HAL_Driver/Src/stm32g4xx_hal_tim_ex.c **** 
 204:Drivers/STM32G4xx_HAL_Driver/Src/stm32g4xx_hal_tim_ex.c ****   /* Configure the Channel 1 as Input Channel to interface with the three Outputs of the  Hall sens
 205:Drivers/STM32G4xx_HAL_Driver/Src/stm32g4xx_hal_tim_ex.c ****   TIM_TI1_SetConfig(htim->Instance, sConfig->IC1Polarity, TIM_ICSELECTION_TRC, sConfig->IC1Filter);
 206:Drivers/STM32G4xx_HAL_Driver/Src/stm32g4xx_hal_tim_ex.c **** 
 207:Drivers/STM32G4xx_HAL_Driver/Src/stm32g4xx_hal_tim_ex.c ****   /* Reset the IC1PSC Bits */
 208:Drivers/STM32G4xx_HAL_Driver/Src/stm32g4xx_hal_tim_ex.c ****   htim->Instance->CCMR1 &= ~TIM_CCMR1_IC1PSC;
 209:Drivers/STM32G4xx_HAL_Driver/Src/stm32g4xx_hal_tim_ex.c ****   /* Set the IC1PSC value */
 210:Drivers/STM32G4xx_HAL_Driver/Src/stm32g4xx_hal_tim_ex.c ****   htim->Instance->CCMR1 |= sConfig->IC1Prescaler;
 211:Drivers/STM32G4xx_HAL_Driver/Src/stm32g4xx_hal_tim_ex.c **** 
 212:Drivers/STM32G4xx_HAL_Driver/Src/stm32g4xx_hal_tim_ex.c ****   /* Enable the Hall sensor interface (XOR function of the three inputs) */
 213:Drivers/STM32G4xx_HAL_Driver/Src/stm32g4xx_hal_tim_ex.c ****   htim->Instance->CR2 |= TIM_CR2_TI1S;
 214:Drivers/STM32G4xx_HAL_Driver/Src/stm32g4xx_hal_tim_ex.c **** 
 215:Drivers/STM32G4xx_HAL_Driver/Src/stm32g4xx_hal_tim_ex.c ****   /* Select the TIM_TS_TI1F_ED signal as Input trigger for the TIM */
 216:Drivers/STM32G4xx_HAL_Driver/Src/stm32g4xx_hal_tim_ex.c ****   htim->Instance->SMCR &= ~TIM_SMCR_TS;
 217:Drivers/STM32G4xx_HAL_Driver/Src/stm32g4xx_hal_tim_ex.c ****   htim->Instance->SMCR |= TIM_TS_TI1F_ED;
 218:Drivers/STM32G4xx_HAL_Driver/Src/stm32g4xx_hal_tim_ex.c **** 
 219:Drivers/STM32G4xx_HAL_Driver/Src/stm32g4xx_hal_tim_ex.c ****   /* Use the TIM_TS_TI1F_ED signal to reset the TIM counter each edge detection */
 220:Drivers/STM32G4xx_HAL_Driver/Src/stm32g4xx_hal_tim_ex.c ****   htim->Instance->SMCR &= ~TIM_SMCR_SMS;
 221:Drivers/STM32G4xx_HAL_Driver/Src/stm32g4xx_hal_tim_ex.c ****   htim->Instance->SMCR |= TIM_SLAVEMODE_RESET;
 222:Drivers/STM32G4xx_HAL_Driver/Src/stm32g4xx_hal_tim_ex.c **** 
 223:Drivers/STM32G4xx_HAL_Driver/Src/stm32g4xx_hal_tim_ex.c ****   /* Program channel 2 in PWM 2 mode with the desired Commutation_Delay*/
 224:Drivers/STM32G4xx_HAL_Driver/Src/stm32g4xx_hal_tim_ex.c ****   OC_Config.OCFastMode = TIM_OCFAST_DISABLE;
 225:Drivers/STM32G4xx_HAL_Driver/Src/stm32g4xx_hal_tim_ex.c ****   OC_Config.OCIdleState = TIM_OCIDLESTATE_RESET;
 226:Drivers/STM32G4xx_HAL_Driver/Src/stm32g4xx_hal_tim_ex.c ****   OC_Config.OCMode = TIM_OCMODE_PWM2;
 227:Drivers/STM32G4xx_HAL_Driver/Src/stm32g4xx_hal_tim_ex.c ****   OC_Config.OCNIdleState = TIM_OCNIDLESTATE_RESET;
 228:Drivers/STM32G4xx_HAL_Driver/Src/stm32g4xx_hal_tim_ex.c ****   OC_Config.OCNPolarity = TIM_OCNPOLARITY_HIGH;
 229:Drivers/STM32G4xx_HAL_Driver/Src/stm32g4xx_hal_tim_ex.c ****   OC_Config.OCPolarity = TIM_OCPOLARITY_HIGH;
 230:Drivers/STM32G4xx_HAL_Driver/Src/stm32g4xx_hal_tim_ex.c ****   OC_Config.Pulse = sConfig->Commutation_Delay;
 231:Drivers/STM32G4xx_HAL_Driver/Src/stm32g4xx_hal_tim_ex.c **** 
 232:Drivers/STM32G4xx_HAL_Driver/Src/stm32g4xx_hal_tim_ex.c ****   TIM_OC2_SetConfig(htim->Instance, &OC_Config);
 233:Drivers/STM32G4xx_HAL_Driver/Src/stm32g4xx_hal_tim_ex.c **** 
 234:Drivers/STM32G4xx_HAL_Driver/Src/stm32g4xx_hal_tim_ex.c ****   /* Select OC2REF as trigger output on TRGO: write the MMS bits in the TIMx_CR2
 235:Drivers/STM32G4xx_HAL_Driver/Src/stm32g4xx_hal_tim_ex.c ****     register to 101 */
 236:Drivers/STM32G4xx_HAL_Driver/Src/stm32g4xx_hal_tim_ex.c ****   htim->Instance->CR2 &= ~TIM_CR2_MMS;
 237:Drivers/STM32G4xx_HAL_Driver/Src/stm32g4xx_hal_tim_ex.c ****   htim->Instance->CR2 |= TIM_TRGO_OC2REF;
 238:Drivers/STM32G4xx_HAL_Driver/Src/stm32g4xx_hal_tim_ex.c **** 
 239:Drivers/STM32G4xx_HAL_Driver/Src/stm32g4xx_hal_tim_ex.c ****   /* Initialize the DMA burst operation state */
 240:Drivers/STM32G4xx_HAL_Driver/Src/stm32g4xx_hal_tim_ex.c ****   htim->DMABurstState = HAL_DMA_BURST_STATE_READY;
 241:Drivers/STM32G4xx_HAL_Driver/Src/stm32g4xx_hal_tim_ex.c **** 
 242:Drivers/STM32G4xx_HAL_Driver/Src/stm32g4xx_hal_tim_ex.c ****   /* Initialize the TIM channels state */
 243:Drivers/STM32G4xx_HAL_Driver/Src/stm32g4xx_hal_tim_ex.c ****   TIM_CHANNEL_STATE_SET(htim, TIM_CHANNEL_1, HAL_TIM_CHANNEL_STATE_READY);
 244:Drivers/STM32G4xx_HAL_Driver/Src/stm32g4xx_hal_tim_ex.c ****   TIM_CHANNEL_STATE_SET(htim, TIM_CHANNEL_2, HAL_TIM_CHANNEL_STATE_READY);
 245:Drivers/STM32G4xx_HAL_Driver/Src/stm32g4xx_hal_tim_ex.c ****   TIM_CHANNEL_N_STATE_SET(htim, TIM_CHANNEL_1, HAL_TIM_CHANNEL_STATE_READY);
 246:Drivers/STM32G4xx_HAL_Driver/Src/stm32g4xx_hal_tim_ex.c ****   TIM_CHANNEL_N_STATE_SET(htim, TIM_CHANNEL_2, HAL_TIM_CHANNEL_STATE_READY);
 247:Drivers/STM32G4xx_HAL_Driver/Src/stm32g4xx_hal_tim_ex.c **** 
 248:Drivers/STM32G4xx_HAL_Driver/Src/stm32g4xx_hal_tim_ex.c ****   /* Initialize the TIM state*/
 249:Drivers/STM32G4xx_HAL_Driver/Src/stm32g4xx_hal_tim_ex.c ****   htim->State = HAL_TIM_STATE_READY;
 250:Drivers/STM32G4xx_HAL_Driver/Src/stm32g4xx_hal_tim_ex.c **** 
 251:Drivers/STM32G4xx_HAL_Driver/Src/stm32g4xx_hal_tim_ex.c ****   return HAL_OK;
 252:Drivers/STM32G4xx_HAL_Driver/Src/stm32g4xx_hal_tim_ex.c **** }
 253:Drivers/STM32G4xx_HAL_Driver/Src/stm32g4xx_hal_tim_ex.c **** 
 254:Drivers/STM32G4xx_HAL_Driver/Src/stm32g4xx_hal_tim_ex.c **** /**
 255:Drivers/STM32G4xx_HAL_Driver/Src/stm32g4xx_hal_tim_ex.c ****   * @brief  DeInitializes the TIM Hall Sensor interface
 256:Drivers/STM32G4xx_HAL_Driver/Src/stm32g4xx_hal_tim_ex.c ****   * @param  htim TIM Hall Sensor Interface handle
 257:Drivers/STM32G4xx_HAL_Driver/Src/stm32g4xx_hal_tim_ex.c ****   * @retval HAL status
 258:Drivers/STM32G4xx_HAL_Driver/Src/stm32g4xx_hal_tim_ex.c ****   */
ARM GAS  /tmp/ccX78w3T.s 			page 6


 259:Drivers/STM32G4xx_HAL_Driver/Src/stm32g4xx_hal_tim_ex.c **** HAL_StatusTypeDef HAL_TIMEx_HallSensor_DeInit(TIM_HandleTypeDef *htim)
 260:Drivers/STM32G4xx_HAL_Driver/Src/stm32g4xx_hal_tim_ex.c **** {
 261:Drivers/STM32G4xx_HAL_Driver/Src/stm32g4xx_hal_tim_ex.c ****   /* Check the parameters */
 262:Drivers/STM32G4xx_HAL_Driver/Src/stm32g4xx_hal_tim_ex.c ****   assert_param(IS_TIM_INSTANCE(htim->Instance));
 263:Drivers/STM32G4xx_HAL_Driver/Src/stm32g4xx_hal_tim_ex.c **** 
 264:Drivers/STM32G4xx_HAL_Driver/Src/stm32g4xx_hal_tim_ex.c ****   htim->State = HAL_TIM_STATE_BUSY;
 265:Drivers/STM32G4xx_HAL_Driver/Src/stm32g4xx_hal_tim_ex.c **** 
 266:Drivers/STM32G4xx_HAL_Driver/Src/stm32g4xx_hal_tim_ex.c ****   /* Disable the TIM Peripheral Clock */
 267:Drivers/STM32G4xx_HAL_Driver/Src/stm32g4xx_hal_tim_ex.c ****   __HAL_TIM_DISABLE(htim);
 268:Drivers/STM32G4xx_HAL_Driver/Src/stm32g4xx_hal_tim_ex.c **** 
 269:Drivers/STM32G4xx_HAL_Driver/Src/stm32g4xx_hal_tim_ex.c **** #if (USE_HAL_TIM_REGISTER_CALLBACKS == 1)
 270:Drivers/STM32G4xx_HAL_Driver/Src/stm32g4xx_hal_tim_ex.c ****   if (htim->HallSensor_MspDeInitCallback == NULL)
 271:Drivers/STM32G4xx_HAL_Driver/Src/stm32g4xx_hal_tim_ex.c ****   {
 272:Drivers/STM32G4xx_HAL_Driver/Src/stm32g4xx_hal_tim_ex.c ****     htim->HallSensor_MspDeInitCallback = HAL_TIMEx_HallSensor_MspDeInit;
 273:Drivers/STM32G4xx_HAL_Driver/Src/stm32g4xx_hal_tim_ex.c ****   }
 274:Drivers/STM32G4xx_HAL_Driver/Src/stm32g4xx_hal_tim_ex.c ****   /* DeInit the low level hardware */
 275:Drivers/STM32G4xx_HAL_Driver/Src/stm32g4xx_hal_tim_ex.c ****   htim->HallSensor_MspDeInitCallback(htim);
 276:Drivers/STM32G4xx_HAL_Driver/Src/stm32g4xx_hal_tim_ex.c **** #else
 277:Drivers/STM32G4xx_HAL_Driver/Src/stm32g4xx_hal_tim_ex.c ****   /* DeInit the low level hardware: GPIO, CLOCK, NVIC */
 278:Drivers/STM32G4xx_HAL_Driver/Src/stm32g4xx_hal_tim_ex.c ****   HAL_TIMEx_HallSensor_MspDeInit(htim);
 279:Drivers/STM32G4xx_HAL_Driver/Src/stm32g4xx_hal_tim_ex.c **** #endif /* USE_HAL_TIM_REGISTER_CALLBACKS */
 280:Drivers/STM32G4xx_HAL_Driver/Src/stm32g4xx_hal_tim_ex.c **** 
 281:Drivers/STM32G4xx_HAL_Driver/Src/stm32g4xx_hal_tim_ex.c ****   /* Change the DMA burst operation state */
 282:Drivers/STM32G4xx_HAL_Driver/Src/stm32g4xx_hal_tim_ex.c ****   htim->DMABurstState = HAL_DMA_BURST_STATE_RESET;
 283:Drivers/STM32G4xx_HAL_Driver/Src/stm32g4xx_hal_tim_ex.c **** 
 284:Drivers/STM32G4xx_HAL_Driver/Src/stm32g4xx_hal_tim_ex.c ****   /* Change the TIM channels state */
 285:Drivers/STM32G4xx_HAL_Driver/Src/stm32g4xx_hal_tim_ex.c ****   TIM_CHANNEL_STATE_SET(htim, TIM_CHANNEL_1, HAL_TIM_CHANNEL_STATE_RESET);
 286:Drivers/STM32G4xx_HAL_Driver/Src/stm32g4xx_hal_tim_ex.c ****   TIM_CHANNEL_STATE_SET(htim, TIM_CHANNEL_2, HAL_TIM_CHANNEL_STATE_RESET);
 287:Drivers/STM32G4xx_HAL_Driver/Src/stm32g4xx_hal_tim_ex.c ****   TIM_CHANNEL_N_STATE_SET(htim, TIM_CHANNEL_1, HAL_TIM_CHANNEL_STATE_RESET);
 288:Drivers/STM32G4xx_HAL_Driver/Src/stm32g4xx_hal_tim_ex.c ****   TIM_CHANNEL_N_STATE_SET(htim, TIM_CHANNEL_2, HAL_TIM_CHANNEL_STATE_RESET);
 289:Drivers/STM32G4xx_HAL_Driver/Src/stm32g4xx_hal_tim_ex.c **** 
 290:Drivers/STM32G4xx_HAL_Driver/Src/stm32g4xx_hal_tim_ex.c ****   /* Change TIM state */
 291:Drivers/STM32G4xx_HAL_Driver/Src/stm32g4xx_hal_tim_ex.c ****   htim->State = HAL_TIM_STATE_RESET;
 292:Drivers/STM32G4xx_HAL_Driver/Src/stm32g4xx_hal_tim_ex.c **** 
 293:Drivers/STM32G4xx_HAL_Driver/Src/stm32g4xx_hal_tim_ex.c ****   /* Release Lock */
 294:Drivers/STM32G4xx_HAL_Driver/Src/stm32g4xx_hal_tim_ex.c ****   __HAL_UNLOCK(htim);
 295:Drivers/STM32G4xx_HAL_Driver/Src/stm32g4xx_hal_tim_ex.c **** 
 296:Drivers/STM32G4xx_HAL_Driver/Src/stm32g4xx_hal_tim_ex.c ****   return HAL_OK;
 297:Drivers/STM32G4xx_HAL_Driver/Src/stm32g4xx_hal_tim_ex.c **** }
 298:Drivers/STM32G4xx_HAL_Driver/Src/stm32g4xx_hal_tim_ex.c **** 
 299:Drivers/STM32G4xx_HAL_Driver/Src/stm32g4xx_hal_tim_ex.c **** /**
 300:Drivers/STM32G4xx_HAL_Driver/Src/stm32g4xx_hal_tim_ex.c ****   * @brief  Initializes the TIM Hall Sensor MSP.
 301:Drivers/STM32G4xx_HAL_Driver/Src/stm32g4xx_hal_tim_ex.c ****   * @param  htim TIM Hall Sensor Interface handle
 302:Drivers/STM32G4xx_HAL_Driver/Src/stm32g4xx_hal_tim_ex.c ****   * @retval None
 303:Drivers/STM32G4xx_HAL_Driver/Src/stm32g4xx_hal_tim_ex.c ****   */
 304:Drivers/STM32G4xx_HAL_Driver/Src/stm32g4xx_hal_tim_ex.c **** __weak void HAL_TIMEx_HallSensor_MspInit(TIM_HandleTypeDef *htim)
 305:Drivers/STM32G4xx_HAL_Driver/Src/stm32g4xx_hal_tim_ex.c **** {
 306:Drivers/STM32G4xx_HAL_Driver/Src/stm32g4xx_hal_tim_ex.c ****   /* Prevent unused argument(s) compilation warning */
 307:Drivers/STM32G4xx_HAL_Driver/Src/stm32g4xx_hal_tim_ex.c ****   UNUSED(htim);
 308:Drivers/STM32G4xx_HAL_Driver/Src/stm32g4xx_hal_tim_ex.c **** 
 309:Drivers/STM32G4xx_HAL_Driver/Src/stm32g4xx_hal_tim_ex.c ****   /* NOTE : This function should not be modified, when the callback is needed,
 310:Drivers/STM32G4xx_HAL_Driver/Src/stm32g4xx_hal_tim_ex.c ****             the HAL_TIMEx_HallSensor_MspInit could be implemented in the user file
 311:Drivers/STM32G4xx_HAL_Driver/Src/stm32g4xx_hal_tim_ex.c ****    */
 312:Drivers/STM32G4xx_HAL_Driver/Src/stm32g4xx_hal_tim_ex.c **** }
 313:Drivers/STM32G4xx_HAL_Driver/Src/stm32g4xx_hal_tim_ex.c **** 
 314:Drivers/STM32G4xx_HAL_Driver/Src/stm32g4xx_hal_tim_ex.c **** /**
 315:Drivers/STM32G4xx_HAL_Driver/Src/stm32g4xx_hal_tim_ex.c ****   * @brief  DeInitializes TIM Hall Sensor MSP.
ARM GAS  /tmp/ccX78w3T.s 			page 7


 316:Drivers/STM32G4xx_HAL_Driver/Src/stm32g4xx_hal_tim_ex.c ****   * @param  htim TIM Hall Sensor Interface handle
 317:Drivers/STM32G4xx_HAL_Driver/Src/stm32g4xx_hal_tim_ex.c ****   * @retval None
 318:Drivers/STM32G4xx_HAL_Driver/Src/stm32g4xx_hal_tim_ex.c ****   */
 319:Drivers/STM32G4xx_HAL_Driver/Src/stm32g4xx_hal_tim_ex.c **** __weak void HAL_TIMEx_HallSensor_MspDeInit(TIM_HandleTypeDef *htim)
 320:Drivers/STM32G4xx_HAL_Driver/Src/stm32g4xx_hal_tim_ex.c **** {
 321:Drivers/STM32G4xx_HAL_Driver/Src/stm32g4xx_hal_tim_ex.c ****   /* Prevent unused argument(s) compilation warning */
 322:Drivers/STM32G4xx_HAL_Driver/Src/stm32g4xx_hal_tim_ex.c ****   UNUSED(htim);
 323:Drivers/STM32G4xx_HAL_Driver/Src/stm32g4xx_hal_tim_ex.c **** 
 324:Drivers/STM32G4xx_HAL_Driver/Src/stm32g4xx_hal_tim_ex.c ****   /* NOTE : This function should not be modified, when the callback is needed,
 325:Drivers/STM32G4xx_HAL_Driver/Src/stm32g4xx_hal_tim_ex.c ****             the HAL_TIMEx_HallSensor_MspDeInit could be implemented in the user file
 326:Drivers/STM32G4xx_HAL_Driver/Src/stm32g4xx_hal_tim_ex.c ****    */
 327:Drivers/STM32G4xx_HAL_Driver/Src/stm32g4xx_hal_tim_ex.c **** }
 328:Drivers/STM32G4xx_HAL_Driver/Src/stm32g4xx_hal_tim_ex.c **** 
 329:Drivers/STM32G4xx_HAL_Driver/Src/stm32g4xx_hal_tim_ex.c **** /**
 330:Drivers/STM32G4xx_HAL_Driver/Src/stm32g4xx_hal_tim_ex.c ****   * @brief  Starts the TIM Hall Sensor Interface.
 331:Drivers/STM32G4xx_HAL_Driver/Src/stm32g4xx_hal_tim_ex.c ****   * @param  htim TIM Hall Sensor Interface handle
 332:Drivers/STM32G4xx_HAL_Driver/Src/stm32g4xx_hal_tim_ex.c ****   * @retval HAL status
 333:Drivers/STM32G4xx_HAL_Driver/Src/stm32g4xx_hal_tim_ex.c ****   */
 334:Drivers/STM32G4xx_HAL_Driver/Src/stm32g4xx_hal_tim_ex.c **** HAL_StatusTypeDef HAL_TIMEx_HallSensor_Start(TIM_HandleTypeDef *htim)
 335:Drivers/STM32G4xx_HAL_Driver/Src/stm32g4xx_hal_tim_ex.c **** {
 336:Drivers/STM32G4xx_HAL_Driver/Src/stm32g4xx_hal_tim_ex.c ****   uint32_t tmpsmcr;
 337:Drivers/STM32G4xx_HAL_Driver/Src/stm32g4xx_hal_tim_ex.c ****   HAL_TIM_ChannelStateTypeDef channel_1_state = TIM_CHANNEL_STATE_GET(htim, TIM_CHANNEL_1);
 338:Drivers/STM32G4xx_HAL_Driver/Src/stm32g4xx_hal_tim_ex.c ****   HAL_TIM_ChannelStateTypeDef channel_2_state = TIM_CHANNEL_STATE_GET(htim, TIM_CHANNEL_2);
 339:Drivers/STM32G4xx_HAL_Driver/Src/stm32g4xx_hal_tim_ex.c ****   HAL_TIM_ChannelStateTypeDef complementary_channel_1_state = TIM_CHANNEL_N_STATE_GET(htim, TIM_CHA
 340:Drivers/STM32G4xx_HAL_Driver/Src/stm32g4xx_hal_tim_ex.c ****   HAL_TIM_ChannelStateTypeDef complementary_channel_2_state = TIM_CHANNEL_N_STATE_GET(htim, TIM_CHA
 341:Drivers/STM32G4xx_HAL_Driver/Src/stm32g4xx_hal_tim_ex.c **** 
 342:Drivers/STM32G4xx_HAL_Driver/Src/stm32g4xx_hal_tim_ex.c ****   /* Check the parameters */
 343:Drivers/STM32G4xx_HAL_Driver/Src/stm32g4xx_hal_tim_ex.c ****   assert_param(IS_TIM_HALL_SENSOR_INTERFACE_INSTANCE(htim->Instance));
 344:Drivers/STM32G4xx_HAL_Driver/Src/stm32g4xx_hal_tim_ex.c **** 
 345:Drivers/STM32G4xx_HAL_Driver/Src/stm32g4xx_hal_tim_ex.c ****   /* Check the TIM channels state */
 346:Drivers/STM32G4xx_HAL_Driver/Src/stm32g4xx_hal_tim_ex.c ****   if ((channel_1_state != HAL_TIM_CHANNEL_STATE_READY)
 347:Drivers/STM32G4xx_HAL_Driver/Src/stm32g4xx_hal_tim_ex.c ****       || (channel_2_state != HAL_TIM_CHANNEL_STATE_READY)
 348:Drivers/STM32G4xx_HAL_Driver/Src/stm32g4xx_hal_tim_ex.c ****       || (complementary_channel_1_state != HAL_TIM_CHANNEL_STATE_READY)
 349:Drivers/STM32G4xx_HAL_Driver/Src/stm32g4xx_hal_tim_ex.c ****       || (complementary_channel_2_state != HAL_TIM_CHANNEL_STATE_READY))
 350:Drivers/STM32G4xx_HAL_Driver/Src/stm32g4xx_hal_tim_ex.c ****   {
 351:Drivers/STM32G4xx_HAL_Driver/Src/stm32g4xx_hal_tim_ex.c ****     return HAL_ERROR;
 352:Drivers/STM32G4xx_HAL_Driver/Src/stm32g4xx_hal_tim_ex.c ****   }
 353:Drivers/STM32G4xx_HAL_Driver/Src/stm32g4xx_hal_tim_ex.c **** 
 354:Drivers/STM32G4xx_HAL_Driver/Src/stm32g4xx_hal_tim_ex.c ****   /* Set the TIM channels state */
 355:Drivers/STM32G4xx_HAL_Driver/Src/stm32g4xx_hal_tim_ex.c ****   TIM_CHANNEL_STATE_SET(htim, TIM_CHANNEL_1, HAL_TIM_CHANNEL_STATE_BUSY);
 356:Drivers/STM32G4xx_HAL_Driver/Src/stm32g4xx_hal_tim_ex.c ****   TIM_CHANNEL_STATE_SET(htim, TIM_CHANNEL_2, HAL_TIM_CHANNEL_STATE_BUSY);
 357:Drivers/STM32G4xx_HAL_Driver/Src/stm32g4xx_hal_tim_ex.c ****   TIM_CHANNEL_N_STATE_SET(htim, TIM_CHANNEL_1, HAL_TIM_CHANNEL_STATE_BUSY);
 358:Drivers/STM32G4xx_HAL_Driver/Src/stm32g4xx_hal_tim_ex.c ****   TIM_CHANNEL_N_STATE_SET(htim, TIM_CHANNEL_2, HAL_TIM_CHANNEL_STATE_BUSY);
 359:Drivers/STM32G4xx_HAL_Driver/Src/stm32g4xx_hal_tim_ex.c **** 
 360:Drivers/STM32G4xx_HAL_Driver/Src/stm32g4xx_hal_tim_ex.c ****   /* Enable the Input Capture channel 1
 361:Drivers/STM32G4xx_HAL_Driver/Src/stm32g4xx_hal_tim_ex.c ****   (in the Hall Sensor Interface the three possible channels that can be used are TIM_CHANNEL_1,
 362:Drivers/STM32G4xx_HAL_Driver/Src/stm32g4xx_hal_tim_ex.c ****   TIM_CHANNEL_2 and TIM_CHANNEL_3) */
 363:Drivers/STM32G4xx_HAL_Driver/Src/stm32g4xx_hal_tim_ex.c ****   TIM_CCxChannelCmd(htim->Instance, TIM_CHANNEL_1, TIM_CCx_ENABLE);
 364:Drivers/STM32G4xx_HAL_Driver/Src/stm32g4xx_hal_tim_ex.c **** 
 365:Drivers/STM32G4xx_HAL_Driver/Src/stm32g4xx_hal_tim_ex.c ****   /* Enable the Peripheral, except in trigger mode where enable is automatically done with trigger 
 366:Drivers/STM32G4xx_HAL_Driver/Src/stm32g4xx_hal_tim_ex.c ****   if (IS_TIM_SLAVE_INSTANCE(htim->Instance))
 367:Drivers/STM32G4xx_HAL_Driver/Src/stm32g4xx_hal_tim_ex.c ****   {
 368:Drivers/STM32G4xx_HAL_Driver/Src/stm32g4xx_hal_tim_ex.c ****     tmpsmcr = htim->Instance->SMCR & TIM_SMCR_SMS;
 369:Drivers/STM32G4xx_HAL_Driver/Src/stm32g4xx_hal_tim_ex.c ****     if (!IS_TIM_SLAVEMODE_TRIGGER_ENABLED(tmpsmcr))
 370:Drivers/STM32G4xx_HAL_Driver/Src/stm32g4xx_hal_tim_ex.c ****     {
 371:Drivers/STM32G4xx_HAL_Driver/Src/stm32g4xx_hal_tim_ex.c ****       __HAL_TIM_ENABLE(htim);
 372:Drivers/STM32G4xx_HAL_Driver/Src/stm32g4xx_hal_tim_ex.c ****     }
ARM GAS  /tmp/ccX78w3T.s 			page 8


 373:Drivers/STM32G4xx_HAL_Driver/Src/stm32g4xx_hal_tim_ex.c ****   }
 374:Drivers/STM32G4xx_HAL_Driver/Src/stm32g4xx_hal_tim_ex.c ****   else
 375:Drivers/STM32G4xx_HAL_Driver/Src/stm32g4xx_hal_tim_ex.c ****   {
 376:Drivers/STM32G4xx_HAL_Driver/Src/stm32g4xx_hal_tim_ex.c ****     __HAL_TIM_ENABLE(htim);
 377:Drivers/STM32G4xx_HAL_Driver/Src/stm32g4xx_hal_tim_ex.c ****   }
 378:Drivers/STM32G4xx_HAL_Driver/Src/stm32g4xx_hal_tim_ex.c **** 
 379:Drivers/STM32G4xx_HAL_Driver/Src/stm32g4xx_hal_tim_ex.c ****   /* Return function status */
 380:Drivers/STM32G4xx_HAL_Driver/Src/stm32g4xx_hal_tim_ex.c ****   return HAL_OK;
 381:Drivers/STM32G4xx_HAL_Driver/Src/stm32g4xx_hal_tim_ex.c **** }
 382:Drivers/STM32G4xx_HAL_Driver/Src/stm32g4xx_hal_tim_ex.c **** 
 383:Drivers/STM32G4xx_HAL_Driver/Src/stm32g4xx_hal_tim_ex.c **** /**
 384:Drivers/STM32G4xx_HAL_Driver/Src/stm32g4xx_hal_tim_ex.c ****   * @brief  Stops the TIM Hall sensor Interface.
 385:Drivers/STM32G4xx_HAL_Driver/Src/stm32g4xx_hal_tim_ex.c ****   * @param  htim TIM Hall Sensor Interface handle
 386:Drivers/STM32G4xx_HAL_Driver/Src/stm32g4xx_hal_tim_ex.c ****   * @retval HAL status
 387:Drivers/STM32G4xx_HAL_Driver/Src/stm32g4xx_hal_tim_ex.c ****   */
 388:Drivers/STM32G4xx_HAL_Driver/Src/stm32g4xx_hal_tim_ex.c **** HAL_StatusTypeDef HAL_TIMEx_HallSensor_Stop(TIM_HandleTypeDef *htim)
 389:Drivers/STM32G4xx_HAL_Driver/Src/stm32g4xx_hal_tim_ex.c **** {
 390:Drivers/STM32G4xx_HAL_Driver/Src/stm32g4xx_hal_tim_ex.c ****   /* Check the parameters */
 391:Drivers/STM32G4xx_HAL_Driver/Src/stm32g4xx_hal_tim_ex.c ****   assert_param(IS_TIM_HALL_SENSOR_INTERFACE_INSTANCE(htim->Instance));
 392:Drivers/STM32G4xx_HAL_Driver/Src/stm32g4xx_hal_tim_ex.c **** 
 393:Drivers/STM32G4xx_HAL_Driver/Src/stm32g4xx_hal_tim_ex.c ****   /* Disable the Input Capture channels 1, 2 and 3
 394:Drivers/STM32G4xx_HAL_Driver/Src/stm32g4xx_hal_tim_ex.c ****   (in the Hall Sensor Interface the three possible channels that can be used are TIM_CHANNEL_1,
 395:Drivers/STM32G4xx_HAL_Driver/Src/stm32g4xx_hal_tim_ex.c ****   TIM_CHANNEL_2 and TIM_CHANNEL_3) */
 396:Drivers/STM32G4xx_HAL_Driver/Src/stm32g4xx_hal_tim_ex.c ****   TIM_CCxChannelCmd(htim->Instance, TIM_CHANNEL_1, TIM_CCx_DISABLE);
 397:Drivers/STM32G4xx_HAL_Driver/Src/stm32g4xx_hal_tim_ex.c **** 
 398:Drivers/STM32G4xx_HAL_Driver/Src/stm32g4xx_hal_tim_ex.c ****   /* Disable the Peripheral */
 399:Drivers/STM32G4xx_HAL_Driver/Src/stm32g4xx_hal_tim_ex.c ****   __HAL_TIM_DISABLE(htim);
 400:Drivers/STM32G4xx_HAL_Driver/Src/stm32g4xx_hal_tim_ex.c **** 
 401:Drivers/STM32G4xx_HAL_Driver/Src/stm32g4xx_hal_tim_ex.c ****   /* Set the TIM channels state */
 402:Drivers/STM32G4xx_HAL_Driver/Src/stm32g4xx_hal_tim_ex.c ****   TIM_CHANNEL_STATE_SET(htim, TIM_CHANNEL_1, HAL_TIM_CHANNEL_STATE_READY);
 403:Drivers/STM32G4xx_HAL_Driver/Src/stm32g4xx_hal_tim_ex.c ****   TIM_CHANNEL_STATE_SET(htim, TIM_CHANNEL_2, HAL_TIM_CHANNEL_STATE_READY);
 404:Drivers/STM32G4xx_HAL_Driver/Src/stm32g4xx_hal_tim_ex.c ****   TIM_CHANNEL_N_STATE_SET(htim, TIM_CHANNEL_1, HAL_TIM_CHANNEL_STATE_READY);
 405:Drivers/STM32G4xx_HAL_Driver/Src/stm32g4xx_hal_tim_ex.c ****   TIM_CHANNEL_N_STATE_SET(htim, TIM_CHANNEL_2, HAL_TIM_CHANNEL_STATE_READY);
 406:Drivers/STM32G4xx_HAL_Driver/Src/stm32g4xx_hal_tim_ex.c **** 
 407:Drivers/STM32G4xx_HAL_Driver/Src/stm32g4xx_hal_tim_ex.c ****   /* Return function status */
 408:Drivers/STM32G4xx_HAL_Driver/Src/stm32g4xx_hal_tim_ex.c ****   return HAL_OK;
 409:Drivers/STM32G4xx_HAL_Driver/Src/stm32g4xx_hal_tim_ex.c **** }
 410:Drivers/STM32G4xx_HAL_Driver/Src/stm32g4xx_hal_tim_ex.c **** 
 411:Drivers/STM32G4xx_HAL_Driver/Src/stm32g4xx_hal_tim_ex.c **** /**
 412:Drivers/STM32G4xx_HAL_Driver/Src/stm32g4xx_hal_tim_ex.c ****   * @brief  Starts the TIM Hall Sensor Interface in interrupt mode.
 413:Drivers/STM32G4xx_HAL_Driver/Src/stm32g4xx_hal_tim_ex.c ****   * @param  htim TIM Hall Sensor Interface handle
 414:Drivers/STM32G4xx_HAL_Driver/Src/stm32g4xx_hal_tim_ex.c ****   * @retval HAL status
 415:Drivers/STM32G4xx_HAL_Driver/Src/stm32g4xx_hal_tim_ex.c ****   */
 416:Drivers/STM32G4xx_HAL_Driver/Src/stm32g4xx_hal_tim_ex.c **** HAL_StatusTypeDef HAL_TIMEx_HallSensor_Start_IT(TIM_HandleTypeDef *htim)
 417:Drivers/STM32G4xx_HAL_Driver/Src/stm32g4xx_hal_tim_ex.c **** {
 418:Drivers/STM32G4xx_HAL_Driver/Src/stm32g4xx_hal_tim_ex.c ****   uint32_t tmpsmcr;
 419:Drivers/STM32G4xx_HAL_Driver/Src/stm32g4xx_hal_tim_ex.c ****   HAL_TIM_ChannelStateTypeDef channel_1_state = TIM_CHANNEL_STATE_GET(htim, TIM_CHANNEL_1);
 420:Drivers/STM32G4xx_HAL_Driver/Src/stm32g4xx_hal_tim_ex.c ****   HAL_TIM_ChannelStateTypeDef channel_2_state = TIM_CHANNEL_STATE_GET(htim, TIM_CHANNEL_2);
 421:Drivers/STM32G4xx_HAL_Driver/Src/stm32g4xx_hal_tim_ex.c ****   HAL_TIM_ChannelStateTypeDef complementary_channel_1_state = TIM_CHANNEL_N_STATE_GET(htim, TIM_CHA
 422:Drivers/STM32G4xx_HAL_Driver/Src/stm32g4xx_hal_tim_ex.c ****   HAL_TIM_ChannelStateTypeDef complementary_channel_2_state = TIM_CHANNEL_N_STATE_GET(htim, TIM_CHA
 423:Drivers/STM32G4xx_HAL_Driver/Src/stm32g4xx_hal_tim_ex.c **** 
 424:Drivers/STM32G4xx_HAL_Driver/Src/stm32g4xx_hal_tim_ex.c ****   /* Check the parameters */
 425:Drivers/STM32G4xx_HAL_Driver/Src/stm32g4xx_hal_tim_ex.c ****   assert_param(IS_TIM_HALL_SENSOR_INTERFACE_INSTANCE(htim->Instance));
 426:Drivers/STM32G4xx_HAL_Driver/Src/stm32g4xx_hal_tim_ex.c **** 
 427:Drivers/STM32G4xx_HAL_Driver/Src/stm32g4xx_hal_tim_ex.c ****   /* Check the TIM channels state */
 428:Drivers/STM32G4xx_HAL_Driver/Src/stm32g4xx_hal_tim_ex.c ****   if ((channel_1_state != HAL_TIM_CHANNEL_STATE_READY)
 429:Drivers/STM32G4xx_HAL_Driver/Src/stm32g4xx_hal_tim_ex.c ****       || (channel_2_state != HAL_TIM_CHANNEL_STATE_READY)
ARM GAS  /tmp/ccX78w3T.s 			page 9


 430:Drivers/STM32G4xx_HAL_Driver/Src/stm32g4xx_hal_tim_ex.c ****       || (complementary_channel_1_state != HAL_TIM_CHANNEL_STATE_READY)
 431:Drivers/STM32G4xx_HAL_Driver/Src/stm32g4xx_hal_tim_ex.c ****       || (complementary_channel_2_state != HAL_TIM_CHANNEL_STATE_READY))
 432:Drivers/STM32G4xx_HAL_Driver/Src/stm32g4xx_hal_tim_ex.c ****   {
 433:Drivers/STM32G4xx_HAL_Driver/Src/stm32g4xx_hal_tim_ex.c ****     return HAL_ERROR;
 434:Drivers/STM32G4xx_HAL_Driver/Src/stm32g4xx_hal_tim_ex.c ****   }
 435:Drivers/STM32G4xx_HAL_Driver/Src/stm32g4xx_hal_tim_ex.c **** 
 436:Drivers/STM32G4xx_HAL_Driver/Src/stm32g4xx_hal_tim_ex.c ****   /* Set the TIM channels state */
 437:Drivers/STM32G4xx_HAL_Driver/Src/stm32g4xx_hal_tim_ex.c ****   TIM_CHANNEL_STATE_SET(htim, TIM_CHANNEL_1, HAL_TIM_CHANNEL_STATE_BUSY);
 438:Drivers/STM32G4xx_HAL_Driver/Src/stm32g4xx_hal_tim_ex.c ****   TIM_CHANNEL_STATE_SET(htim, TIM_CHANNEL_2, HAL_TIM_CHANNEL_STATE_BUSY);
 439:Drivers/STM32G4xx_HAL_Driver/Src/stm32g4xx_hal_tim_ex.c ****   TIM_CHANNEL_N_STATE_SET(htim, TIM_CHANNEL_1, HAL_TIM_CHANNEL_STATE_BUSY);
 440:Drivers/STM32G4xx_HAL_Driver/Src/stm32g4xx_hal_tim_ex.c ****   TIM_CHANNEL_N_STATE_SET(htim, TIM_CHANNEL_2, HAL_TIM_CHANNEL_STATE_BUSY);
 441:Drivers/STM32G4xx_HAL_Driver/Src/stm32g4xx_hal_tim_ex.c **** 
 442:Drivers/STM32G4xx_HAL_Driver/Src/stm32g4xx_hal_tim_ex.c ****   /* Enable the capture compare Interrupts 1 event */
 443:Drivers/STM32G4xx_HAL_Driver/Src/stm32g4xx_hal_tim_ex.c ****   __HAL_TIM_ENABLE_IT(htim, TIM_IT_CC1);
 444:Drivers/STM32G4xx_HAL_Driver/Src/stm32g4xx_hal_tim_ex.c **** 
 445:Drivers/STM32G4xx_HAL_Driver/Src/stm32g4xx_hal_tim_ex.c ****   /* Enable the Input Capture channel 1
 446:Drivers/STM32G4xx_HAL_Driver/Src/stm32g4xx_hal_tim_ex.c ****   (in the Hall Sensor Interface the three possible channels that can be used are TIM_CHANNEL_1,
 447:Drivers/STM32G4xx_HAL_Driver/Src/stm32g4xx_hal_tim_ex.c ****   TIM_CHANNEL_2 and TIM_CHANNEL_3) */
 448:Drivers/STM32G4xx_HAL_Driver/Src/stm32g4xx_hal_tim_ex.c ****   TIM_CCxChannelCmd(htim->Instance, TIM_CHANNEL_1, TIM_CCx_ENABLE);
 449:Drivers/STM32G4xx_HAL_Driver/Src/stm32g4xx_hal_tim_ex.c **** 
 450:Drivers/STM32G4xx_HAL_Driver/Src/stm32g4xx_hal_tim_ex.c ****   /* Enable the Peripheral, except in trigger mode where enable is automatically done with trigger 
 451:Drivers/STM32G4xx_HAL_Driver/Src/stm32g4xx_hal_tim_ex.c ****   if (IS_TIM_SLAVE_INSTANCE(htim->Instance))
 452:Drivers/STM32G4xx_HAL_Driver/Src/stm32g4xx_hal_tim_ex.c ****   {
 453:Drivers/STM32G4xx_HAL_Driver/Src/stm32g4xx_hal_tim_ex.c ****     tmpsmcr = htim->Instance->SMCR & TIM_SMCR_SMS;
 454:Drivers/STM32G4xx_HAL_Driver/Src/stm32g4xx_hal_tim_ex.c ****     if (!IS_TIM_SLAVEMODE_TRIGGER_ENABLED(tmpsmcr))
 455:Drivers/STM32G4xx_HAL_Driver/Src/stm32g4xx_hal_tim_ex.c ****     {
 456:Drivers/STM32G4xx_HAL_Driver/Src/stm32g4xx_hal_tim_ex.c ****       __HAL_TIM_ENABLE(htim);
 457:Drivers/STM32G4xx_HAL_Driver/Src/stm32g4xx_hal_tim_ex.c ****     }
 458:Drivers/STM32G4xx_HAL_Driver/Src/stm32g4xx_hal_tim_ex.c ****   }
 459:Drivers/STM32G4xx_HAL_Driver/Src/stm32g4xx_hal_tim_ex.c ****   else
 460:Drivers/STM32G4xx_HAL_Driver/Src/stm32g4xx_hal_tim_ex.c ****   {
 461:Drivers/STM32G4xx_HAL_Driver/Src/stm32g4xx_hal_tim_ex.c ****     __HAL_TIM_ENABLE(htim);
 462:Drivers/STM32G4xx_HAL_Driver/Src/stm32g4xx_hal_tim_ex.c ****   }
 463:Drivers/STM32G4xx_HAL_Driver/Src/stm32g4xx_hal_tim_ex.c **** 
 464:Drivers/STM32G4xx_HAL_Driver/Src/stm32g4xx_hal_tim_ex.c ****   /* Return function status */
 465:Drivers/STM32G4xx_HAL_Driver/Src/stm32g4xx_hal_tim_ex.c ****   return HAL_OK;
 466:Drivers/STM32G4xx_HAL_Driver/Src/stm32g4xx_hal_tim_ex.c **** }
 467:Drivers/STM32G4xx_HAL_Driver/Src/stm32g4xx_hal_tim_ex.c **** 
 468:Drivers/STM32G4xx_HAL_Driver/Src/stm32g4xx_hal_tim_ex.c **** /**
 469:Drivers/STM32G4xx_HAL_Driver/Src/stm32g4xx_hal_tim_ex.c ****   * @brief  Stops the TIM Hall Sensor Interface in interrupt mode.
 470:Drivers/STM32G4xx_HAL_Driver/Src/stm32g4xx_hal_tim_ex.c ****   * @param  htim TIM Hall Sensor Interface handle
 471:Drivers/STM32G4xx_HAL_Driver/Src/stm32g4xx_hal_tim_ex.c ****   * @retval HAL status
 472:Drivers/STM32G4xx_HAL_Driver/Src/stm32g4xx_hal_tim_ex.c ****   */
 473:Drivers/STM32G4xx_HAL_Driver/Src/stm32g4xx_hal_tim_ex.c **** HAL_StatusTypeDef HAL_TIMEx_HallSensor_Stop_IT(TIM_HandleTypeDef *htim)
 474:Drivers/STM32G4xx_HAL_Driver/Src/stm32g4xx_hal_tim_ex.c **** {
 475:Drivers/STM32G4xx_HAL_Driver/Src/stm32g4xx_hal_tim_ex.c ****   /* Check the parameters */
 476:Drivers/STM32G4xx_HAL_Driver/Src/stm32g4xx_hal_tim_ex.c ****   assert_param(IS_TIM_HALL_SENSOR_INTERFACE_INSTANCE(htim->Instance));
 477:Drivers/STM32G4xx_HAL_Driver/Src/stm32g4xx_hal_tim_ex.c **** 
 478:Drivers/STM32G4xx_HAL_Driver/Src/stm32g4xx_hal_tim_ex.c ****   /* Disable the Input Capture channel 1
 479:Drivers/STM32G4xx_HAL_Driver/Src/stm32g4xx_hal_tim_ex.c ****   (in the Hall Sensor Interface the three possible channels that can be used are TIM_CHANNEL_1,
 480:Drivers/STM32G4xx_HAL_Driver/Src/stm32g4xx_hal_tim_ex.c ****   TIM_CHANNEL_2 and TIM_CHANNEL_3) */
 481:Drivers/STM32G4xx_HAL_Driver/Src/stm32g4xx_hal_tim_ex.c ****   TIM_CCxChannelCmd(htim->Instance, TIM_CHANNEL_1, TIM_CCx_DISABLE);
 482:Drivers/STM32G4xx_HAL_Driver/Src/stm32g4xx_hal_tim_ex.c **** 
 483:Drivers/STM32G4xx_HAL_Driver/Src/stm32g4xx_hal_tim_ex.c ****   /* Disable the capture compare Interrupts event */
 484:Drivers/STM32G4xx_HAL_Driver/Src/stm32g4xx_hal_tim_ex.c ****   __HAL_TIM_DISABLE_IT(htim, TIM_IT_CC1);
 485:Drivers/STM32G4xx_HAL_Driver/Src/stm32g4xx_hal_tim_ex.c **** 
 486:Drivers/STM32G4xx_HAL_Driver/Src/stm32g4xx_hal_tim_ex.c ****   /* Disable the Peripheral */
ARM GAS  /tmp/ccX78w3T.s 			page 10


 487:Drivers/STM32G4xx_HAL_Driver/Src/stm32g4xx_hal_tim_ex.c ****   __HAL_TIM_DISABLE(htim);
 488:Drivers/STM32G4xx_HAL_Driver/Src/stm32g4xx_hal_tim_ex.c **** 
 489:Drivers/STM32G4xx_HAL_Driver/Src/stm32g4xx_hal_tim_ex.c ****   /* Set the TIM channels state */
 490:Drivers/STM32G4xx_HAL_Driver/Src/stm32g4xx_hal_tim_ex.c ****   TIM_CHANNEL_STATE_SET(htim, TIM_CHANNEL_1, HAL_TIM_CHANNEL_STATE_READY);
 491:Drivers/STM32G4xx_HAL_Driver/Src/stm32g4xx_hal_tim_ex.c ****   TIM_CHANNEL_STATE_SET(htim, TIM_CHANNEL_2, HAL_TIM_CHANNEL_STATE_READY);
 492:Drivers/STM32G4xx_HAL_Driver/Src/stm32g4xx_hal_tim_ex.c ****   TIM_CHANNEL_N_STATE_SET(htim, TIM_CHANNEL_1, HAL_TIM_CHANNEL_STATE_READY);
 493:Drivers/STM32G4xx_HAL_Driver/Src/stm32g4xx_hal_tim_ex.c ****   TIM_CHANNEL_N_STATE_SET(htim, TIM_CHANNEL_2, HAL_TIM_CHANNEL_STATE_READY);
 494:Drivers/STM32G4xx_HAL_Driver/Src/stm32g4xx_hal_tim_ex.c **** 
 495:Drivers/STM32G4xx_HAL_Driver/Src/stm32g4xx_hal_tim_ex.c ****   /* Return function status */
 496:Drivers/STM32G4xx_HAL_Driver/Src/stm32g4xx_hal_tim_ex.c ****   return HAL_OK;
 497:Drivers/STM32G4xx_HAL_Driver/Src/stm32g4xx_hal_tim_ex.c **** }
 498:Drivers/STM32G4xx_HAL_Driver/Src/stm32g4xx_hal_tim_ex.c **** 
 499:Drivers/STM32G4xx_HAL_Driver/Src/stm32g4xx_hal_tim_ex.c **** /**
 500:Drivers/STM32G4xx_HAL_Driver/Src/stm32g4xx_hal_tim_ex.c ****   * @brief  Starts the TIM Hall Sensor Interface in DMA mode.
 501:Drivers/STM32G4xx_HAL_Driver/Src/stm32g4xx_hal_tim_ex.c ****   * @param  htim TIM Hall Sensor Interface handle
 502:Drivers/STM32G4xx_HAL_Driver/Src/stm32g4xx_hal_tim_ex.c ****   * @param  pData The destination Buffer address.
 503:Drivers/STM32G4xx_HAL_Driver/Src/stm32g4xx_hal_tim_ex.c ****   * @param  Length The length of data to be transferred from TIM peripheral to memory.
 504:Drivers/STM32G4xx_HAL_Driver/Src/stm32g4xx_hal_tim_ex.c ****   * @retval HAL status
 505:Drivers/STM32G4xx_HAL_Driver/Src/stm32g4xx_hal_tim_ex.c ****   */
 506:Drivers/STM32G4xx_HAL_Driver/Src/stm32g4xx_hal_tim_ex.c **** HAL_StatusTypeDef HAL_TIMEx_HallSensor_Start_DMA(TIM_HandleTypeDef *htim, uint32_t *pData, uint16_t
 507:Drivers/STM32G4xx_HAL_Driver/Src/stm32g4xx_hal_tim_ex.c **** {
 508:Drivers/STM32G4xx_HAL_Driver/Src/stm32g4xx_hal_tim_ex.c ****   uint32_t tmpsmcr;
 509:Drivers/STM32G4xx_HAL_Driver/Src/stm32g4xx_hal_tim_ex.c ****   HAL_TIM_ChannelStateTypeDef channel_1_state = TIM_CHANNEL_STATE_GET(htim, TIM_CHANNEL_1);
 510:Drivers/STM32G4xx_HAL_Driver/Src/stm32g4xx_hal_tim_ex.c ****   HAL_TIM_ChannelStateTypeDef complementary_channel_1_state = TIM_CHANNEL_N_STATE_GET(htim, TIM_CHA
 511:Drivers/STM32G4xx_HAL_Driver/Src/stm32g4xx_hal_tim_ex.c **** 
 512:Drivers/STM32G4xx_HAL_Driver/Src/stm32g4xx_hal_tim_ex.c ****   /* Check the parameters */
 513:Drivers/STM32G4xx_HAL_Driver/Src/stm32g4xx_hal_tim_ex.c ****   assert_param(IS_TIM_HALL_SENSOR_INTERFACE_INSTANCE(htim->Instance));
 514:Drivers/STM32G4xx_HAL_Driver/Src/stm32g4xx_hal_tim_ex.c **** 
 515:Drivers/STM32G4xx_HAL_Driver/Src/stm32g4xx_hal_tim_ex.c ****   /* Set the TIM channel state */
 516:Drivers/STM32G4xx_HAL_Driver/Src/stm32g4xx_hal_tim_ex.c ****   if ((channel_1_state == HAL_TIM_CHANNEL_STATE_BUSY)
 517:Drivers/STM32G4xx_HAL_Driver/Src/stm32g4xx_hal_tim_ex.c ****       || (complementary_channel_1_state == HAL_TIM_CHANNEL_STATE_BUSY))
 518:Drivers/STM32G4xx_HAL_Driver/Src/stm32g4xx_hal_tim_ex.c ****   {
 519:Drivers/STM32G4xx_HAL_Driver/Src/stm32g4xx_hal_tim_ex.c ****     return HAL_BUSY;
 520:Drivers/STM32G4xx_HAL_Driver/Src/stm32g4xx_hal_tim_ex.c ****   }
 521:Drivers/STM32G4xx_HAL_Driver/Src/stm32g4xx_hal_tim_ex.c ****   else if ((channel_1_state == HAL_TIM_CHANNEL_STATE_READY)
 522:Drivers/STM32G4xx_HAL_Driver/Src/stm32g4xx_hal_tim_ex.c ****            && (complementary_channel_1_state == HAL_TIM_CHANNEL_STATE_READY))
 523:Drivers/STM32G4xx_HAL_Driver/Src/stm32g4xx_hal_tim_ex.c ****   {
 524:Drivers/STM32G4xx_HAL_Driver/Src/stm32g4xx_hal_tim_ex.c ****     if ((pData == NULL) || (Length == 0U))
 525:Drivers/STM32G4xx_HAL_Driver/Src/stm32g4xx_hal_tim_ex.c ****     {
 526:Drivers/STM32G4xx_HAL_Driver/Src/stm32g4xx_hal_tim_ex.c ****       return HAL_ERROR;
 527:Drivers/STM32G4xx_HAL_Driver/Src/stm32g4xx_hal_tim_ex.c ****     }
 528:Drivers/STM32G4xx_HAL_Driver/Src/stm32g4xx_hal_tim_ex.c ****     else
 529:Drivers/STM32G4xx_HAL_Driver/Src/stm32g4xx_hal_tim_ex.c ****     {
 530:Drivers/STM32G4xx_HAL_Driver/Src/stm32g4xx_hal_tim_ex.c ****       TIM_CHANNEL_STATE_SET(htim, TIM_CHANNEL_1, HAL_TIM_CHANNEL_STATE_BUSY);
 531:Drivers/STM32G4xx_HAL_Driver/Src/stm32g4xx_hal_tim_ex.c ****       TIM_CHANNEL_N_STATE_SET(htim, TIM_CHANNEL_1, HAL_TIM_CHANNEL_STATE_BUSY);
 532:Drivers/STM32G4xx_HAL_Driver/Src/stm32g4xx_hal_tim_ex.c ****     }
 533:Drivers/STM32G4xx_HAL_Driver/Src/stm32g4xx_hal_tim_ex.c ****   }
 534:Drivers/STM32G4xx_HAL_Driver/Src/stm32g4xx_hal_tim_ex.c ****   else
 535:Drivers/STM32G4xx_HAL_Driver/Src/stm32g4xx_hal_tim_ex.c ****   {
 536:Drivers/STM32G4xx_HAL_Driver/Src/stm32g4xx_hal_tim_ex.c ****     return HAL_ERROR;
 537:Drivers/STM32G4xx_HAL_Driver/Src/stm32g4xx_hal_tim_ex.c ****   }
 538:Drivers/STM32G4xx_HAL_Driver/Src/stm32g4xx_hal_tim_ex.c **** 
 539:Drivers/STM32G4xx_HAL_Driver/Src/stm32g4xx_hal_tim_ex.c ****   /* Enable the Input Capture channel 1
 540:Drivers/STM32G4xx_HAL_Driver/Src/stm32g4xx_hal_tim_ex.c ****   (in the Hall Sensor Interface the three possible channels that can be used are TIM_CHANNEL_1,
 541:Drivers/STM32G4xx_HAL_Driver/Src/stm32g4xx_hal_tim_ex.c ****   TIM_CHANNEL_2 and TIM_CHANNEL_3) */
 542:Drivers/STM32G4xx_HAL_Driver/Src/stm32g4xx_hal_tim_ex.c ****   TIM_CCxChannelCmd(htim->Instance, TIM_CHANNEL_1, TIM_CCx_ENABLE);
 543:Drivers/STM32G4xx_HAL_Driver/Src/stm32g4xx_hal_tim_ex.c **** 
ARM GAS  /tmp/ccX78w3T.s 			page 11


 544:Drivers/STM32G4xx_HAL_Driver/Src/stm32g4xx_hal_tim_ex.c ****   /* Set the DMA Input Capture 1 Callbacks */
 545:Drivers/STM32G4xx_HAL_Driver/Src/stm32g4xx_hal_tim_ex.c ****   htim->hdma[TIM_DMA_ID_CC1]->XferCpltCallback = TIM_DMACaptureCplt;
 546:Drivers/STM32G4xx_HAL_Driver/Src/stm32g4xx_hal_tim_ex.c ****   htim->hdma[TIM_DMA_ID_CC1]->XferHalfCpltCallback = TIM_DMACaptureHalfCplt;
 547:Drivers/STM32G4xx_HAL_Driver/Src/stm32g4xx_hal_tim_ex.c ****   /* Set the DMA error callback */
 548:Drivers/STM32G4xx_HAL_Driver/Src/stm32g4xx_hal_tim_ex.c ****   htim->hdma[TIM_DMA_ID_CC1]->XferErrorCallback = TIM_DMAError ;
 549:Drivers/STM32G4xx_HAL_Driver/Src/stm32g4xx_hal_tim_ex.c **** 
 550:Drivers/STM32G4xx_HAL_Driver/Src/stm32g4xx_hal_tim_ex.c ****   /* Enable the DMA channel for Capture 1*/
 551:Drivers/STM32G4xx_HAL_Driver/Src/stm32g4xx_hal_tim_ex.c ****   if (HAL_DMA_Start_IT(htim->hdma[TIM_DMA_ID_CC1], (uint32_t)&htim->Instance->CCR1, (uint32_t)pData
 552:Drivers/STM32G4xx_HAL_Driver/Src/stm32g4xx_hal_tim_ex.c ****   {
 553:Drivers/STM32G4xx_HAL_Driver/Src/stm32g4xx_hal_tim_ex.c ****     /* Return error status */
 554:Drivers/STM32G4xx_HAL_Driver/Src/stm32g4xx_hal_tim_ex.c ****     return HAL_ERROR;
 555:Drivers/STM32G4xx_HAL_Driver/Src/stm32g4xx_hal_tim_ex.c ****   }
 556:Drivers/STM32G4xx_HAL_Driver/Src/stm32g4xx_hal_tim_ex.c ****   /* Enable the capture compare 1 Interrupt */
 557:Drivers/STM32G4xx_HAL_Driver/Src/stm32g4xx_hal_tim_ex.c ****   __HAL_TIM_ENABLE_DMA(htim, TIM_DMA_CC1);
 558:Drivers/STM32G4xx_HAL_Driver/Src/stm32g4xx_hal_tim_ex.c **** 
 559:Drivers/STM32G4xx_HAL_Driver/Src/stm32g4xx_hal_tim_ex.c ****   /* Enable the Peripheral, except in trigger mode where enable is automatically done with trigger 
 560:Drivers/STM32G4xx_HAL_Driver/Src/stm32g4xx_hal_tim_ex.c ****   if (IS_TIM_SLAVE_INSTANCE(htim->Instance))
 561:Drivers/STM32G4xx_HAL_Driver/Src/stm32g4xx_hal_tim_ex.c ****   {
 562:Drivers/STM32G4xx_HAL_Driver/Src/stm32g4xx_hal_tim_ex.c ****     tmpsmcr = htim->Instance->SMCR & TIM_SMCR_SMS;
 563:Drivers/STM32G4xx_HAL_Driver/Src/stm32g4xx_hal_tim_ex.c ****     if (!IS_TIM_SLAVEMODE_TRIGGER_ENABLED(tmpsmcr))
 564:Drivers/STM32G4xx_HAL_Driver/Src/stm32g4xx_hal_tim_ex.c ****     {
 565:Drivers/STM32G4xx_HAL_Driver/Src/stm32g4xx_hal_tim_ex.c ****       __HAL_TIM_ENABLE(htim);
 566:Drivers/STM32G4xx_HAL_Driver/Src/stm32g4xx_hal_tim_ex.c ****     }
 567:Drivers/STM32G4xx_HAL_Driver/Src/stm32g4xx_hal_tim_ex.c ****   }
 568:Drivers/STM32G4xx_HAL_Driver/Src/stm32g4xx_hal_tim_ex.c ****   else
 569:Drivers/STM32G4xx_HAL_Driver/Src/stm32g4xx_hal_tim_ex.c ****   {
 570:Drivers/STM32G4xx_HAL_Driver/Src/stm32g4xx_hal_tim_ex.c ****     __HAL_TIM_ENABLE(htim);
 571:Drivers/STM32G4xx_HAL_Driver/Src/stm32g4xx_hal_tim_ex.c ****   }
 572:Drivers/STM32G4xx_HAL_Driver/Src/stm32g4xx_hal_tim_ex.c **** 
 573:Drivers/STM32G4xx_HAL_Driver/Src/stm32g4xx_hal_tim_ex.c ****   /* Return function status */
 574:Drivers/STM32G4xx_HAL_Driver/Src/stm32g4xx_hal_tim_ex.c ****   return HAL_OK;
 575:Drivers/STM32G4xx_HAL_Driver/Src/stm32g4xx_hal_tim_ex.c **** }
 576:Drivers/STM32G4xx_HAL_Driver/Src/stm32g4xx_hal_tim_ex.c **** 
 577:Drivers/STM32G4xx_HAL_Driver/Src/stm32g4xx_hal_tim_ex.c **** /**
 578:Drivers/STM32G4xx_HAL_Driver/Src/stm32g4xx_hal_tim_ex.c ****   * @brief  Stops the TIM Hall Sensor Interface in DMA mode.
 579:Drivers/STM32G4xx_HAL_Driver/Src/stm32g4xx_hal_tim_ex.c ****   * @param  htim TIM Hall Sensor Interface handle
 580:Drivers/STM32G4xx_HAL_Driver/Src/stm32g4xx_hal_tim_ex.c ****   * @retval HAL status
 581:Drivers/STM32G4xx_HAL_Driver/Src/stm32g4xx_hal_tim_ex.c ****   */
 582:Drivers/STM32G4xx_HAL_Driver/Src/stm32g4xx_hal_tim_ex.c **** HAL_StatusTypeDef HAL_TIMEx_HallSensor_Stop_DMA(TIM_HandleTypeDef *htim)
 583:Drivers/STM32G4xx_HAL_Driver/Src/stm32g4xx_hal_tim_ex.c **** {
 584:Drivers/STM32G4xx_HAL_Driver/Src/stm32g4xx_hal_tim_ex.c ****   /* Check the parameters */
 585:Drivers/STM32G4xx_HAL_Driver/Src/stm32g4xx_hal_tim_ex.c ****   assert_param(IS_TIM_HALL_SENSOR_INTERFACE_INSTANCE(htim->Instance));
 586:Drivers/STM32G4xx_HAL_Driver/Src/stm32g4xx_hal_tim_ex.c **** 
 587:Drivers/STM32G4xx_HAL_Driver/Src/stm32g4xx_hal_tim_ex.c ****   /* Disable the Input Capture channel 1
 588:Drivers/STM32G4xx_HAL_Driver/Src/stm32g4xx_hal_tim_ex.c ****   (in the Hall Sensor Interface the three possible channels that can be used are TIM_CHANNEL_1,
 589:Drivers/STM32G4xx_HAL_Driver/Src/stm32g4xx_hal_tim_ex.c ****   TIM_CHANNEL_2 and TIM_CHANNEL_3) */
 590:Drivers/STM32G4xx_HAL_Driver/Src/stm32g4xx_hal_tim_ex.c ****   TIM_CCxChannelCmd(htim->Instance, TIM_CHANNEL_1, TIM_CCx_DISABLE);
 591:Drivers/STM32G4xx_HAL_Driver/Src/stm32g4xx_hal_tim_ex.c **** 
 592:Drivers/STM32G4xx_HAL_Driver/Src/stm32g4xx_hal_tim_ex.c **** 
 593:Drivers/STM32G4xx_HAL_Driver/Src/stm32g4xx_hal_tim_ex.c ****   /* Disable the capture compare Interrupts 1 event */
 594:Drivers/STM32G4xx_HAL_Driver/Src/stm32g4xx_hal_tim_ex.c ****   __HAL_TIM_DISABLE_DMA(htim, TIM_DMA_CC1);
 595:Drivers/STM32G4xx_HAL_Driver/Src/stm32g4xx_hal_tim_ex.c **** 
 596:Drivers/STM32G4xx_HAL_Driver/Src/stm32g4xx_hal_tim_ex.c ****   (void)HAL_DMA_Abort_IT(htim->hdma[TIM_DMA_ID_CC1]);
 597:Drivers/STM32G4xx_HAL_Driver/Src/stm32g4xx_hal_tim_ex.c **** 
 598:Drivers/STM32G4xx_HAL_Driver/Src/stm32g4xx_hal_tim_ex.c ****   /* Disable the Peripheral */
 599:Drivers/STM32G4xx_HAL_Driver/Src/stm32g4xx_hal_tim_ex.c ****   __HAL_TIM_DISABLE(htim);
 600:Drivers/STM32G4xx_HAL_Driver/Src/stm32g4xx_hal_tim_ex.c **** 
ARM GAS  /tmp/ccX78w3T.s 			page 12


 601:Drivers/STM32G4xx_HAL_Driver/Src/stm32g4xx_hal_tim_ex.c ****   /* Set the TIM channel state */
 602:Drivers/STM32G4xx_HAL_Driver/Src/stm32g4xx_hal_tim_ex.c ****   TIM_CHANNEL_STATE_SET(htim, TIM_CHANNEL_1, HAL_TIM_CHANNEL_STATE_READY);
 603:Drivers/STM32G4xx_HAL_Driver/Src/stm32g4xx_hal_tim_ex.c ****   TIM_CHANNEL_N_STATE_SET(htim, TIM_CHANNEL_1, HAL_TIM_CHANNEL_STATE_READY);
 604:Drivers/STM32G4xx_HAL_Driver/Src/stm32g4xx_hal_tim_ex.c **** 
 605:Drivers/STM32G4xx_HAL_Driver/Src/stm32g4xx_hal_tim_ex.c ****   /* Return function status */
 606:Drivers/STM32G4xx_HAL_Driver/Src/stm32g4xx_hal_tim_ex.c ****   return HAL_OK;
 607:Drivers/STM32G4xx_HAL_Driver/Src/stm32g4xx_hal_tim_ex.c **** }
 608:Drivers/STM32G4xx_HAL_Driver/Src/stm32g4xx_hal_tim_ex.c **** 
 609:Drivers/STM32G4xx_HAL_Driver/Src/stm32g4xx_hal_tim_ex.c **** /**
 610:Drivers/STM32G4xx_HAL_Driver/Src/stm32g4xx_hal_tim_ex.c ****   * @}
 611:Drivers/STM32G4xx_HAL_Driver/Src/stm32g4xx_hal_tim_ex.c ****   */
 612:Drivers/STM32G4xx_HAL_Driver/Src/stm32g4xx_hal_tim_ex.c **** 
 613:Drivers/STM32G4xx_HAL_Driver/Src/stm32g4xx_hal_tim_ex.c **** /** @defgroup TIMEx_Exported_Functions_Group2 Extended Timer Complementary Output Compare functions
 614:Drivers/STM32G4xx_HAL_Driver/Src/stm32g4xx_hal_tim_ex.c ****   *  @brief   Timer Complementary Output Compare functions
 615:Drivers/STM32G4xx_HAL_Driver/Src/stm32g4xx_hal_tim_ex.c ****   *
 616:Drivers/STM32G4xx_HAL_Driver/Src/stm32g4xx_hal_tim_ex.c **** @verbatim
 617:Drivers/STM32G4xx_HAL_Driver/Src/stm32g4xx_hal_tim_ex.c ****   ==============================================================================
 618:Drivers/STM32G4xx_HAL_Driver/Src/stm32g4xx_hal_tim_ex.c ****               ##### Timer Complementary Output Compare functions #####
 619:Drivers/STM32G4xx_HAL_Driver/Src/stm32g4xx_hal_tim_ex.c ****   ==============================================================================
 620:Drivers/STM32G4xx_HAL_Driver/Src/stm32g4xx_hal_tim_ex.c ****   [..]
 621:Drivers/STM32G4xx_HAL_Driver/Src/stm32g4xx_hal_tim_ex.c ****     This section provides functions allowing to:
 622:Drivers/STM32G4xx_HAL_Driver/Src/stm32g4xx_hal_tim_ex.c ****     (+) Start the Complementary Output Compare/PWM.
 623:Drivers/STM32G4xx_HAL_Driver/Src/stm32g4xx_hal_tim_ex.c ****     (+) Stop the Complementary Output Compare/PWM.
 624:Drivers/STM32G4xx_HAL_Driver/Src/stm32g4xx_hal_tim_ex.c ****     (+) Start the Complementary Output Compare/PWM and enable interrupts.
 625:Drivers/STM32G4xx_HAL_Driver/Src/stm32g4xx_hal_tim_ex.c ****     (+) Stop the Complementary Output Compare/PWM and disable interrupts.
 626:Drivers/STM32G4xx_HAL_Driver/Src/stm32g4xx_hal_tim_ex.c ****     (+) Start the Complementary Output Compare/PWM and enable DMA transfers.
 627:Drivers/STM32G4xx_HAL_Driver/Src/stm32g4xx_hal_tim_ex.c ****     (+) Stop the Complementary Output Compare/PWM and disable DMA transfers.
 628:Drivers/STM32G4xx_HAL_Driver/Src/stm32g4xx_hal_tim_ex.c **** 
 629:Drivers/STM32G4xx_HAL_Driver/Src/stm32g4xx_hal_tim_ex.c **** @endverbatim
 630:Drivers/STM32G4xx_HAL_Driver/Src/stm32g4xx_hal_tim_ex.c ****   * @{
 631:Drivers/STM32G4xx_HAL_Driver/Src/stm32g4xx_hal_tim_ex.c ****   */
 632:Drivers/STM32G4xx_HAL_Driver/Src/stm32g4xx_hal_tim_ex.c **** 
 633:Drivers/STM32G4xx_HAL_Driver/Src/stm32g4xx_hal_tim_ex.c **** /**
 634:Drivers/STM32G4xx_HAL_Driver/Src/stm32g4xx_hal_tim_ex.c ****   * @brief  Starts the TIM Output Compare signal generation on the complementary
 635:Drivers/STM32G4xx_HAL_Driver/Src/stm32g4xx_hal_tim_ex.c ****   *         output.
 636:Drivers/STM32G4xx_HAL_Driver/Src/stm32g4xx_hal_tim_ex.c ****   * @param  htim TIM Output Compare handle
 637:Drivers/STM32G4xx_HAL_Driver/Src/stm32g4xx_hal_tim_ex.c ****   * @param  Channel TIM Channel to be enabled
 638:Drivers/STM32G4xx_HAL_Driver/Src/stm32g4xx_hal_tim_ex.c ****   *          This parameter can be one of the following values:
 639:Drivers/STM32G4xx_HAL_Driver/Src/stm32g4xx_hal_tim_ex.c ****   *            @arg TIM_CHANNEL_1: TIM Channel 1 selected
 640:Drivers/STM32G4xx_HAL_Driver/Src/stm32g4xx_hal_tim_ex.c ****   *            @arg TIM_CHANNEL_2: TIM Channel 2 selected
 641:Drivers/STM32G4xx_HAL_Driver/Src/stm32g4xx_hal_tim_ex.c ****   *            @arg TIM_CHANNEL_3: TIM Channel 3 selected
 642:Drivers/STM32G4xx_HAL_Driver/Src/stm32g4xx_hal_tim_ex.c ****   *            @arg TIM_CHANNEL_4: TIM Channel 4 selected
 643:Drivers/STM32G4xx_HAL_Driver/Src/stm32g4xx_hal_tim_ex.c ****   * @retval HAL status
 644:Drivers/STM32G4xx_HAL_Driver/Src/stm32g4xx_hal_tim_ex.c ****   */
 645:Drivers/STM32G4xx_HAL_Driver/Src/stm32g4xx_hal_tim_ex.c **** HAL_StatusTypeDef HAL_TIMEx_OCN_Start(TIM_HandleTypeDef *htim, uint32_t Channel)
 646:Drivers/STM32G4xx_HAL_Driver/Src/stm32g4xx_hal_tim_ex.c **** {
 647:Drivers/STM32G4xx_HAL_Driver/Src/stm32g4xx_hal_tim_ex.c ****   uint32_t tmpsmcr;
 648:Drivers/STM32G4xx_HAL_Driver/Src/stm32g4xx_hal_tim_ex.c **** 
 649:Drivers/STM32G4xx_HAL_Driver/Src/stm32g4xx_hal_tim_ex.c ****   /* Check the parameters */
 650:Drivers/STM32G4xx_HAL_Driver/Src/stm32g4xx_hal_tim_ex.c ****   assert_param(IS_TIM_CCXN_INSTANCE(htim->Instance, Channel));
 651:Drivers/STM32G4xx_HAL_Driver/Src/stm32g4xx_hal_tim_ex.c **** 
 652:Drivers/STM32G4xx_HAL_Driver/Src/stm32g4xx_hal_tim_ex.c ****   /* Check the TIM complementary channel state */
 653:Drivers/STM32G4xx_HAL_Driver/Src/stm32g4xx_hal_tim_ex.c ****   if (TIM_CHANNEL_N_STATE_GET(htim, Channel) != HAL_TIM_CHANNEL_STATE_READY)
 654:Drivers/STM32G4xx_HAL_Driver/Src/stm32g4xx_hal_tim_ex.c ****   {
 655:Drivers/STM32G4xx_HAL_Driver/Src/stm32g4xx_hal_tim_ex.c ****     return HAL_ERROR;
 656:Drivers/STM32G4xx_HAL_Driver/Src/stm32g4xx_hal_tim_ex.c ****   }
 657:Drivers/STM32G4xx_HAL_Driver/Src/stm32g4xx_hal_tim_ex.c **** 
ARM GAS  /tmp/ccX78w3T.s 			page 13


 658:Drivers/STM32G4xx_HAL_Driver/Src/stm32g4xx_hal_tim_ex.c ****   /* Set the TIM complementary channel state */
 659:Drivers/STM32G4xx_HAL_Driver/Src/stm32g4xx_hal_tim_ex.c ****   TIM_CHANNEL_N_STATE_SET(htim, Channel, HAL_TIM_CHANNEL_STATE_BUSY);
 660:Drivers/STM32G4xx_HAL_Driver/Src/stm32g4xx_hal_tim_ex.c **** 
 661:Drivers/STM32G4xx_HAL_Driver/Src/stm32g4xx_hal_tim_ex.c ****   /* Enable the Capture compare channel N */
 662:Drivers/STM32G4xx_HAL_Driver/Src/stm32g4xx_hal_tim_ex.c ****   TIM_CCxNChannelCmd(htim->Instance, Channel, TIM_CCxN_ENABLE);
 663:Drivers/STM32G4xx_HAL_Driver/Src/stm32g4xx_hal_tim_ex.c **** 
 664:Drivers/STM32G4xx_HAL_Driver/Src/stm32g4xx_hal_tim_ex.c ****   /* Enable the Main Output */
 665:Drivers/STM32G4xx_HAL_Driver/Src/stm32g4xx_hal_tim_ex.c ****   __HAL_TIM_MOE_ENABLE(htim);
 666:Drivers/STM32G4xx_HAL_Driver/Src/stm32g4xx_hal_tim_ex.c **** 
 667:Drivers/STM32G4xx_HAL_Driver/Src/stm32g4xx_hal_tim_ex.c ****   /* Enable the Peripheral, except in trigger mode where enable is automatically done with trigger 
 668:Drivers/STM32G4xx_HAL_Driver/Src/stm32g4xx_hal_tim_ex.c ****   if (IS_TIM_SLAVE_INSTANCE(htim->Instance))
 669:Drivers/STM32G4xx_HAL_Driver/Src/stm32g4xx_hal_tim_ex.c ****   {
 670:Drivers/STM32G4xx_HAL_Driver/Src/stm32g4xx_hal_tim_ex.c ****     tmpsmcr = htim->Instance->SMCR & TIM_SMCR_SMS;
 671:Drivers/STM32G4xx_HAL_Driver/Src/stm32g4xx_hal_tim_ex.c ****     if (!IS_TIM_SLAVEMODE_TRIGGER_ENABLED(tmpsmcr))
 672:Drivers/STM32G4xx_HAL_Driver/Src/stm32g4xx_hal_tim_ex.c ****     {
 673:Drivers/STM32G4xx_HAL_Driver/Src/stm32g4xx_hal_tim_ex.c ****       __HAL_TIM_ENABLE(htim);
 674:Drivers/STM32G4xx_HAL_Driver/Src/stm32g4xx_hal_tim_ex.c ****     }
 675:Drivers/STM32G4xx_HAL_Driver/Src/stm32g4xx_hal_tim_ex.c ****   }
 676:Drivers/STM32G4xx_HAL_Driver/Src/stm32g4xx_hal_tim_ex.c ****   else
 677:Drivers/STM32G4xx_HAL_Driver/Src/stm32g4xx_hal_tim_ex.c ****   {
 678:Drivers/STM32G4xx_HAL_Driver/Src/stm32g4xx_hal_tim_ex.c ****     __HAL_TIM_ENABLE(htim);
 679:Drivers/STM32G4xx_HAL_Driver/Src/stm32g4xx_hal_tim_ex.c ****   }
 680:Drivers/STM32G4xx_HAL_Driver/Src/stm32g4xx_hal_tim_ex.c **** 
 681:Drivers/STM32G4xx_HAL_Driver/Src/stm32g4xx_hal_tim_ex.c ****   /* Return function status */
 682:Drivers/STM32G4xx_HAL_Driver/Src/stm32g4xx_hal_tim_ex.c ****   return HAL_OK;
 683:Drivers/STM32G4xx_HAL_Driver/Src/stm32g4xx_hal_tim_ex.c **** }
 684:Drivers/STM32G4xx_HAL_Driver/Src/stm32g4xx_hal_tim_ex.c **** 
 685:Drivers/STM32G4xx_HAL_Driver/Src/stm32g4xx_hal_tim_ex.c **** /**
 686:Drivers/STM32G4xx_HAL_Driver/Src/stm32g4xx_hal_tim_ex.c ****   * @brief  Stops the TIM Output Compare signal generation on the complementary
 687:Drivers/STM32G4xx_HAL_Driver/Src/stm32g4xx_hal_tim_ex.c ****   *         output.
 688:Drivers/STM32G4xx_HAL_Driver/Src/stm32g4xx_hal_tim_ex.c ****   * @param  htim TIM handle
 689:Drivers/STM32G4xx_HAL_Driver/Src/stm32g4xx_hal_tim_ex.c ****   * @param  Channel TIM Channel to be disabled
 690:Drivers/STM32G4xx_HAL_Driver/Src/stm32g4xx_hal_tim_ex.c ****   *          This parameter can be one of the following values:
 691:Drivers/STM32G4xx_HAL_Driver/Src/stm32g4xx_hal_tim_ex.c ****   *            @arg TIM_CHANNEL_1: TIM Channel 1 selected
 692:Drivers/STM32G4xx_HAL_Driver/Src/stm32g4xx_hal_tim_ex.c ****   *            @arg TIM_CHANNEL_2: TIM Channel 2 selected
 693:Drivers/STM32G4xx_HAL_Driver/Src/stm32g4xx_hal_tim_ex.c ****   *            @arg TIM_CHANNEL_3: TIM Channel 3 selected
 694:Drivers/STM32G4xx_HAL_Driver/Src/stm32g4xx_hal_tim_ex.c ****   *            @arg TIM_CHANNEL_4: TIM Channel 4 selected
 695:Drivers/STM32G4xx_HAL_Driver/Src/stm32g4xx_hal_tim_ex.c ****   * @retval HAL status
 696:Drivers/STM32G4xx_HAL_Driver/Src/stm32g4xx_hal_tim_ex.c ****   */
 697:Drivers/STM32G4xx_HAL_Driver/Src/stm32g4xx_hal_tim_ex.c **** HAL_StatusTypeDef HAL_TIMEx_OCN_Stop(TIM_HandleTypeDef *htim, uint32_t Channel)
 698:Drivers/STM32G4xx_HAL_Driver/Src/stm32g4xx_hal_tim_ex.c **** {
 699:Drivers/STM32G4xx_HAL_Driver/Src/stm32g4xx_hal_tim_ex.c ****   /* Check the parameters */
 700:Drivers/STM32G4xx_HAL_Driver/Src/stm32g4xx_hal_tim_ex.c ****   assert_param(IS_TIM_CCXN_INSTANCE(htim->Instance, Channel));
 701:Drivers/STM32G4xx_HAL_Driver/Src/stm32g4xx_hal_tim_ex.c **** 
 702:Drivers/STM32G4xx_HAL_Driver/Src/stm32g4xx_hal_tim_ex.c ****   /* Disable the Capture compare channel N */
 703:Drivers/STM32G4xx_HAL_Driver/Src/stm32g4xx_hal_tim_ex.c ****   TIM_CCxNChannelCmd(htim->Instance, Channel, TIM_CCxN_DISABLE);
 704:Drivers/STM32G4xx_HAL_Driver/Src/stm32g4xx_hal_tim_ex.c **** 
 705:Drivers/STM32G4xx_HAL_Driver/Src/stm32g4xx_hal_tim_ex.c ****   /* Disable the Main Output */
 706:Drivers/STM32G4xx_HAL_Driver/Src/stm32g4xx_hal_tim_ex.c ****   __HAL_TIM_MOE_DISABLE(htim);
 707:Drivers/STM32G4xx_HAL_Driver/Src/stm32g4xx_hal_tim_ex.c **** 
 708:Drivers/STM32G4xx_HAL_Driver/Src/stm32g4xx_hal_tim_ex.c ****   /* Disable the Peripheral */
 709:Drivers/STM32G4xx_HAL_Driver/Src/stm32g4xx_hal_tim_ex.c ****   __HAL_TIM_DISABLE(htim);
 710:Drivers/STM32G4xx_HAL_Driver/Src/stm32g4xx_hal_tim_ex.c **** 
 711:Drivers/STM32G4xx_HAL_Driver/Src/stm32g4xx_hal_tim_ex.c ****   /* Set the TIM complementary channel state */
 712:Drivers/STM32G4xx_HAL_Driver/Src/stm32g4xx_hal_tim_ex.c ****   TIM_CHANNEL_N_STATE_SET(htim, Channel, HAL_TIM_CHANNEL_STATE_READY);
 713:Drivers/STM32G4xx_HAL_Driver/Src/stm32g4xx_hal_tim_ex.c **** 
 714:Drivers/STM32G4xx_HAL_Driver/Src/stm32g4xx_hal_tim_ex.c ****   /* Return function status */
ARM GAS  /tmp/ccX78w3T.s 			page 14


 715:Drivers/STM32G4xx_HAL_Driver/Src/stm32g4xx_hal_tim_ex.c ****   return HAL_OK;
 716:Drivers/STM32G4xx_HAL_Driver/Src/stm32g4xx_hal_tim_ex.c **** }
 717:Drivers/STM32G4xx_HAL_Driver/Src/stm32g4xx_hal_tim_ex.c **** 
 718:Drivers/STM32G4xx_HAL_Driver/Src/stm32g4xx_hal_tim_ex.c **** /**
 719:Drivers/STM32G4xx_HAL_Driver/Src/stm32g4xx_hal_tim_ex.c ****   * @brief  Starts the TIM Output Compare signal generation in interrupt mode
 720:Drivers/STM32G4xx_HAL_Driver/Src/stm32g4xx_hal_tim_ex.c ****   *         on the complementary output.
 721:Drivers/STM32G4xx_HAL_Driver/Src/stm32g4xx_hal_tim_ex.c ****   * @param  htim TIM OC handle
 722:Drivers/STM32G4xx_HAL_Driver/Src/stm32g4xx_hal_tim_ex.c ****   * @param  Channel TIM Channel to be enabled
 723:Drivers/STM32G4xx_HAL_Driver/Src/stm32g4xx_hal_tim_ex.c ****   *          This parameter can be one of the following values:
 724:Drivers/STM32G4xx_HAL_Driver/Src/stm32g4xx_hal_tim_ex.c ****   *            @arg TIM_CHANNEL_1: TIM Channel 1 selected
 725:Drivers/STM32G4xx_HAL_Driver/Src/stm32g4xx_hal_tim_ex.c ****   *            @arg TIM_CHANNEL_2: TIM Channel 2 selected
 726:Drivers/STM32G4xx_HAL_Driver/Src/stm32g4xx_hal_tim_ex.c ****   *            @arg TIM_CHANNEL_3: TIM Channel 3 selected
 727:Drivers/STM32G4xx_HAL_Driver/Src/stm32g4xx_hal_tim_ex.c ****   *            @arg TIM_CHANNEL_4: TIM Channel 4 selected
 728:Drivers/STM32G4xx_HAL_Driver/Src/stm32g4xx_hal_tim_ex.c ****   * @retval HAL status
 729:Drivers/STM32G4xx_HAL_Driver/Src/stm32g4xx_hal_tim_ex.c ****   */
 730:Drivers/STM32G4xx_HAL_Driver/Src/stm32g4xx_hal_tim_ex.c **** HAL_StatusTypeDef HAL_TIMEx_OCN_Start_IT(TIM_HandleTypeDef *htim, uint32_t Channel)
 731:Drivers/STM32G4xx_HAL_Driver/Src/stm32g4xx_hal_tim_ex.c **** {
 732:Drivers/STM32G4xx_HAL_Driver/Src/stm32g4xx_hal_tim_ex.c ****   HAL_StatusTypeDef status = HAL_OK;
 733:Drivers/STM32G4xx_HAL_Driver/Src/stm32g4xx_hal_tim_ex.c ****   uint32_t tmpsmcr;
 734:Drivers/STM32G4xx_HAL_Driver/Src/stm32g4xx_hal_tim_ex.c **** 
 735:Drivers/STM32G4xx_HAL_Driver/Src/stm32g4xx_hal_tim_ex.c ****   /* Check the parameters */
 736:Drivers/STM32G4xx_HAL_Driver/Src/stm32g4xx_hal_tim_ex.c ****   assert_param(IS_TIM_CCXN_INSTANCE(htim->Instance, Channel));
 737:Drivers/STM32G4xx_HAL_Driver/Src/stm32g4xx_hal_tim_ex.c **** 
 738:Drivers/STM32G4xx_HAL_Driver/Src/stm32g4xx_hal_tim_ex.c ****   /* Check the TIM complementary channel state */
 739:Drivers/STM32G4xx_HAL_Driver/Src/stm32g4xx_hal_tim_ex.c ****   if (TIM_CHANNEL_N_STATE_GET(htim, Channel) != HAL_TIM_CHANNEL_STATE_READY)
 740:Drivers/STM32G4xx_HAL_Driver/Src/stm32g4xx_hal_tim_ex.c ****   {
 741:Drivers/STM32G4xx_HAL_Driver/Src/stm32g4xx_hal_tim_ex.c ****     return HAL_ERROR;
 742:Drivers/STM32G4xx_HAL_Driver/Src/stm32g4xx_hal_tim_ex.c ****   }
 743:Drivers/STM32G4xx_HAL_Driver/Src/stm32g4xx_hal_tim_ex.c **** 
 744:Drivers/STM32G4xx_HAL_Driver/Src/stm32g4xx_hal_tim_ex.c ****   /* Set the TIM complementary channel state */
 745:Drivers/STM32G4xx_HAL_Driver/Src/stm32g4xx_hal_tim_ex.c ****   TIM_CHANNEL_N_STATE_SET(htim, Channel, HAL_TIM_CHANNEL_STATE_BUSY);
 746:Drivers/STM32G4xx_HAL_Driver/Src/stm32g4xx_hal_tim_ex.c **** 
 747:Drivers/STM32G4xx_HAL_Driver/Src/stm32g4xx_hal_tim_ex.c ****   switch (Channel)
 748:Drivers/STM32G4xx_HAL_Driver/Src/stm32g4xx_hal_tim_ex.c ****   {
 749:Drivers/STM32G4xx_HAL_Driver/Src/stm32g4xx_hal_tim_ex.c ****     case TIM_CHANNEL_1:
 750:Drivers/STM32G4xx_HAL_Driver/Src/stm32g4xx_hal_tim_ex.c ****     {
 751:Drivers/STM32G4xx_HAL_Driver/Src/stm32g4xx_hal_tim_ex.c ****       /* Enable the TIM Output Compare interrupt */
 752:Drivers/STM32G4xx_HAL_Driver/Src/stm32g4xx_hal_tim_ex.c ****       __HAL_TIM_ENABLE_IT(htim, TIM_IT_CC1);
 753:Drivers/STM32G4xx_HAL_Driver/Src/stm32g4xx_hal_tim_ex.c ****       break;
 754:Drivers/STM32G4xx_HAL_Driver/Src/stm32g4xx_hal_tim_ex.c ****     }
 755:Drivers/STM32G4xx_HAL_Driver/Src/stm32g4xx_hal_tim_ex.c **** 
 756:Drivers/STM32G4xx_HAL_Driver/Src/stm32g4xx_hal_tim_ex.c ****     case TIM_CHANNEL_2:
 757:Drivers/STM32G4xx_HAL_Driver/Src/stm32g4xx_hal_tim_ex.c ****     {
 758:Drivers/STM32G4xx_HAL_Driver/Src/stm32g4xx_hal_tim_ex.c ****       /* Enable the TIM Output Compare interrupt */
 759:Drivers/STM32G4xx_HAL_Driver/Src/stm32g4xx_hal_tim_ex.c ****       __HAL_TIM_ENABLE_IT(htim, TIM_IT_CC2);
 760:Drivers/STM32G4xx_HAL_Driver/Src/stm32g4xx_hal_tim_ex.c ****       break;
 761:Drivers/STM32G4xx_HAL_Driver/Src/stm32g4xx_hal_tim_ex.c ****     }
 762:Drivers/STM32G4xx_HAL_Driver/Src/stm32g4xx_hal_tim_ex.c **** 
 763:Drivers/STM32G4xx_HAL_Driver/Src/stm32g4xx_hal_tim_ex.c ****     case TIM_CHANNEL_3:
 764:Drivers/STM32G4xx_HAL_Driver/Src/stm32g4xx_hal_tim_ex.c ****     {
 765:Drivers/STM32G4xx_HAL_Driver/Src/stm32g4xx_hal_tim_ex.c ****       /* Enable the TIM Output Compare interrupt */
 766:Drivers/STM32G4xx_HAL_Driver/Src/stm32g4xx_hal_tim_ex.c ****       __HAL_TIM_ENABLE_IT(htim, TIM_IT_CC3);
 767:Drivers/STM32G4xx_HAL_Driver/Src/stm32g4xx_hal_tim_ex.c ****       break;
 768:Drivers/STM32G4xx_HAL_Driver/Src/stm32g4xx_hal_tim_ex.c ****     }
 769:Drivers/STM32G4xx_HAL_Driver/Src/stm32g4xx_hal_tim_ex.c **** 
 770:Drivers/STM32G4xx_HAL_Driver/Src/stm32g4xx_hal_tim_ex.c **** 
 771:Drivers/STM32G4xx_HAL_Driver/Src/stm32g4xx_hal_tim_ex.c ****     case TIM_CHANNEL_4:
ARM GAS  /tmp/ccX78w3T.s 			page 15


 772:Drivers/STM32G4xx_HAL_Driver/Src/stm32g4xx_hal_tim_ex.c ****     {
 773:Drivers/STM32G4xx_HAL_Driver/Src/stm32g4xx_hal_tim_ex.c ****       /* Enable the TIM Output Compare interrupt */
 774:Drivers/STM32G4xx_HAL_Driver/Src/stm32g4xx_hal_tim_ex.c ****       __HAL_TIM_ENABLE_IT(htim, TIM_IT_CC4);
 775:Drivers/STM32G4xx_HAL_Driver/Src/stm32g4xx_hal_tim_ex.c ****       break;
 776:Drivers/STM32G4xx_HAL_Driver/Src/stm32g4xx_hal_tim_ex.c ****     }
 777:Drivers/STM32G4xx_HAL_Driver/Src/stm32g4xx_hal_tim_ex.c **** 
 778:Drivers/STM32G4xx_HAL_Driver/Src/stm32g4xx_hal_tim_ex.c ****     default:
 779:Drivers/STM32G4xx_HAL_Driver/Src/stm32g4xx_hal_tim_ex.c ****       status = HAL_ERROR;
 780:Drivers/STM32G4xx_HAL_Driver/Src/stm32g4xx_hal_tim_ex.c ****       break;
 781:Drivers/STM32G4xx_HAL_Driver/Src/stm32g4xx_hal_tim_ex.c ****   }
 782:Drivers/STM32G4xx_HAL_Driver/Src/stm32g4xx_hal_tim_ex.c **** 
 783:Drivers/STM32G4xx_HAL_Driver/Src/stm32g4xx_hal_tim_ex.c ****   if (status == HAL_OK)
 784:Drivers/STM32G4xx_HAL_Driver/Src/stm32g4xx_hal_tim_ex.c ****   {
 785:Drivers/STM32G4xx_HAL_Driver/Src/stm32g4xx_hal_tim_ex.c ****     /* Enable the TIM Break interrupt */
 786:Drivers/STM32G4xx_HAL_Driver/Src/stm32g4xx_hal_tim_ex.c ****     __HAL_TIM_ENABLE_IT(htim, TIM_IT_BREAK);
 787:Drivers/STM32G4xx_HAL_Driver/Src/stm32g4xx_hal_tim_ex.c **** 
 788:Drivers/STM32G4xx_HAL_Driver/Src/stm32g4xx_hal_tim_ex.c ****     /* Enable the Capture compare channel N */
 789:Drivers/STM32G4xx_HAL_Driver/Src/stm32g4xx_hal_tim_ex.c ****     TIM_CCxNChannelCmd(htim->Instance, Channel, TIM_CCxN_ENABLE);
 790:Drivers/STM32G4xx_HAL_Driver/Src/stm32g4xx_hal_tim_ex.c **** 
 791:Drivers/STM32G4xx_HAL_Driver/Src/stm32g4xx_hal_tim_ex.c ****     /* Enable the Main Output */
 792:Drivers/STM32G4xx_HAL_Driver/Src/stm32g4xx_hal_tim_ex.c ****     __HAL_TIM_MOE_ENABLE(htim);
 793:Drivers/STM32G4xx_HAL_Driver/Src/stm32g4xx_hal_tim_ex.c **** 
 794:Drivers/STM32G4xx_HAL_Driver/Src/stm32g4xx_hal_tim_ex.c ****     /* Enable the Peripheral, except in trigger mode where enable is automatically done with trigge
 795:Drivers/STM32G4xx_HAL_Driver/Src/stm32g4xx_hal_tim_ex.c ****     if (IS_TIM_SLAVE_INSTANCE(htim->Instance))
 796:Drivers/STM32G4xx_HAL_Driver/Src/stm32g4xx_hal_tim_ex.c ****     {
 797:Drivers/STM32G4xx_HAL_Driver/Src/stm32g4xx_hal_tim_ex.c ****       tmpsmcr = htim->Instance->SMCR & TIM_SMCR_SMS;
 798:Drivers/STM32G4xx_HAL_Driver/Src/stm32g4xx_hal_tim_ex.c ****       if (!IS_TIM_SLAVEMODE_TRIGGER_ENABLED(tmpsmcr))
 799:Drivers/STM32G4xx_HAL_Driver/Src/stm32g4xx_hal_tim_ex.c ****       {
 800:Drivers/STM32G4xx_HAL_Driver/Src/stm32g4xx_hal_tim_ex.c ****         __HAL_TIM_ENABLE(htim);
 801:Drivers/STM32G4xx_HAL_Driver/Src/stm32g4xx_hal_tim_ex.c ****       }
 802:Drivers/STM32G4xx_HAL_Driver/Src/stm32g4xx_hal_tim_ex.c ****     }
 803:Drivers/STM32G4xx_HAL_Driver/Src/stm32g4xx_hal_tim_ex.c ****     else
 804:Drivers/STM32G4xx_HAL_Driver/Src/stm32g4xx_hal_tim_ex.c ****     {
 805:Drivers/STM32G4xx_HAL_Driver/Src/stm32g4xx_hal_tim_ex.c ****       __HAL_TIM_ENABLE(htim);
 806:Drivers/STM32G4xx_HAL_Driver/Src/stm32g4xx_hal_tim_ex.c ****     }
 807:Drivers/STM32G4xx_HAL_Driver/Src/stm32g4xx_hal_tim_ex.c ****   }
 808:Drivers/STM32G4xx_HAL_Driver/Src/stm32g4xx_hal_tim_ex.c **** 
 809:Drivers/STM32G4xx_HAL_Driver/Src/stm32g4xx_hal_tim_ex.c ****   /* Return function status */
 810:Drivers/STM32G4xx_HAL_Driver/Src/stm32g4xx_hal_tim_ex.c ****   return status;
 811:Drivers/STM32G4xx_HAL_Driver/Src/stm32g4xx_hal_tim_ex.c **** }
 812:Drivers/STM32G4xx_HAL_Driver/Src/stm32g4xx_hal_tim_ex.c **** 
 813:Drivers/STM32G4xx_HAL_Driver/Src/stm32g4xx_hal_tim_ex.c **** /**
 814:Drivers/STM32G4xx_HAL_Driver/Src/stm32g4xx_hal_tim_ex.c ****   * @brief  Stops the TIM Output Compare signal generation in interrupt mode
 815:Drivers/STM32G4xx_HAL_Driver/Src/stm32g4xx_hal_tim_ex.c ****   *         on the complementary output.
 816:Drivers/STM32G4xx_HAL_Driver/Src/stm32g4xx_hal_tim_ex.c ****   * @param  htim TIM Output Compare handle
 817:Drivers/STM32G4xx_HAL_Driver/Src/stm32g4xx_hal_tim_ex.c ****   * @param  Channel TIM Channel to be disabled
 818:Drivers/STM32G4xx_HAL_Driver/Src/stm32g4xx_hal_tim_ex.c ****   *          This parameter can be one of the following values:
 819:Drivers/STM32G4xx_HAL_Driver/Src/stm32g4xx_hal_tim_ex.c ****   *            @arg TIM_CHANNEL_1: TIM Channel 1 selected
 820:Drivers/STM32G4xx_HAL_Driver/Src/stm32g4xx_hal_tim_ex.c ****   *            @arg TIM_CHANNEL_2: TIM Channel 2 selected
 821:Drivers/STM32G4xx_HAL_Driver/Src/stm32g4xx_hal_tim_ex.c ****   *            @arg TIM_CHANNEL_3: TIM Channel 3 selected
 822:Drivers/STM32G4xx_HAL_Driver/Src/stm32g4xx_hal_tim_ex.c ****   *            @arg TIM_CHANNEL_4: TIM Channel 4 selected
 823:Drivers/STM32G4xx_HAL_Driver/Src/stm32g4xx_hal_tim_ex.c ****   * @retval HAL status
 824:Drivers/STM32G4xx_HAL_Driver/Src/stm32g4xx_hal_tim_ex.c ****   */
 825:Drivers/STM32G4xx_HAL_Driver/Src/stm32g4xx_hal_tim_ex.c **** HAL_StatusTypeDef HAL_TIMEx_OCN_Stop_IT(TIM_HandleTypeDef *htim, uint32_t Channel)
 826:Drivers/STM32G4xx_HAL_Driver/Src/stm32g4xx_hal_tim_ex.c **** {
 827:Drivers/STM32G4xx_HAL_Driver/Src/stm32g4xx_hal_tim_ex.c ****   HAL_StatusTypeDef status = HAL_OK;
 828:Drivers/STM32G4xx_HAL_Driver/Src/stm32g4xx_hal_tim_ex.c ****   uint32_t tmpccer;
ARM GAS  /tmp/ccX78w3T.s 			page 16


 829:Drivers/STM32G4xx_HAL_Driver/Src/stm32g4xx_hal_tim_ex.c **** 
 830:Drivers/STM32G4xx_HAL_Driver/Src/stm32g4xx_hal_tim_ex.c ****   /* Check the parameters */
 831:Drivers/STM32G4xx_HAL_Driver/Src/stm32g4xx_hal_tim_ex.c ****   assert_param(IS_TIM_CCXN_INSTANCE(htim->Instance, Channel));
 832:Drivers/STM32G4xx_HAL_Driver/Src/stm32g4xx_hal_tim_ex.c **** 
 833:Drivers/STM32G4xx_HAL_Driver/Src/stm32g4xx_hal_tim_ex.c ****   switch (Channel)
 834:Drivers/STM32G4xx_HAL_Driver/Src/stm32g4xx_hal_tim_ex.c ****   {
 835:Drivers/STM32G4xx_HAL_Driver/Src/stm32g4xx_hal_tim_ex.c ****     case TIM_CHANNEL_1:
 836:Drivers/STM32G4xx_HAL_Driver/Src/stm32g4xx_hal_tim_ex.c ****     {
 837:Drivers/STM32G4xx_HAL_Driver/Src/stm32g4xx_hal_tim_ex.c ****       /* Disable the TIM Output Compare interrupt */
 838:Drivers/STM32G4xx_HAL_Driver/Src/stm32g4xx_hal_tim_ex.c ****       __HAL_TIM_DISABLE_IT(htim, TIM_IT_CC1);
 839:Drivers/STM32G4xx_HAL_Driver/Src/stm32g4xx_hal_tim_ex.c ****       break;
 840:Drivers/STM32G4xx_HAL_Driver/Src/stm32g4xx_hal_tim_ex.c ****     }
 841:Drivers/STM32G4xx_HAL_Driver/Src/stm32g4xx_hal_tim_ex.c **** 
 842:Drivers/STM32G4xx_HAL_Driver/Src/stm32g4xx_hal_tim_ex.c ****     case TIM_CHANNEL_2:
 843:Drivers/STM32G4xx_HAL_Driver/Src/stm32g4xx_hal_tim_ex.c ****     {
 844:Drivers/STM32G4xx_HAL_Driver/Src/stm32g4xx_hal_tim_ex.c ****       /* Disable the TIM Output Compare interrupt */
 845:Drivers/STM32G4xx_HAL_Driver/Src/stm32g4xx_hal_tim_ex.c ****       __HAL_TIM_DISABLE_IT(htim, TIM_IT_CC2);
 846:Drivers/STM32G4xx_HAL_Driver/Src/stm32g4xx_hal_tim_ex.c ****       break;
 847:Drivers/STM32G4xx_HAL_Driver/Src/stm32g4xx_hal_tim_ex.c ****     }
 848:Drivers/STM32G4xx_HAL_Driver/Src/stm32g4xx_hal_tim_ex.c **** 
 849:Drivers/STM32G4xx_HAL_Driver/Src/stm32g4xx_hal_tim_ex.c ****     case TIM_CHANNEL_3:
 850:Drivers/STM32G4xx_HAL_Driver/Src/stm32g4xx_hal_tim_ex.c ****     {
 851:Drivers/STM32G4xx_HAL_Driver/Src/stm32g4xx_hal_tim_ex.c ****       /* Disable the TIM Output Compare interrupt */
 852:Drivers/STM32G4xx_HAL_Driver/Src/stm32g4xx_hal_tim_ex.c ****       __HAL_TIM_DISABLE_IT(htim, TIM_IT_CC3);
 853:Drivers/STM32G4xx_HAL_Driver/Src/stm32g4xx_hal_tim_ex.c ****       break;
 854:Drivers/STM32G4xx_HAL_Driver/Src/stm32g4xx_hal_tim_ex.c ****     }
 855:Drivers/STM32G4xx_HAL_Driver/Src/stm32g4xx_hal_tim_ex.c **** 
 856:Drivers/STM32G4xx_HAL_Driver/Src/stm32g4xx_hal_tim_ex.c ****     case TIM_CHANNEL_4:
 857:Drivers/STM32G4xx_HAL_Driver/Src/stm32g4xx_hal_tim_ex.c ****     {
 858:Drivers/STM32G4xx_HAL_Driver/Src/stm32g4xx_hal_tim_ex.c ****       /* Disable the TIM Output Compare interrupt */
 859:Drivers/STM32G4xx_HAL_Driver/Src/stm32g4xx_hal_tim_ex.c ****       __HAL_TIM_DISABLE_IT(htim, TIM_IT_CC4);
 860:Drivers/STM32G4xx_HAL_Driver/Src/stm32g4xx_hal_tim_ex.c ****       break;
 861:Drivers/STM32G4xx_HAL_Driver/Src/stm32g4xx_hal_tim_ex.c ****     }
 862:Drivers/STM32G4xx_HAL_Driver/Src/stm32g4xx_hal_tim_ex.c **** 
 863:Drivers/STM32G4xx_HAL_Driver/Src/stm32g4xx_hal_tim_ex.c ****     default:
 864:Drivers/STM32G4xx_HAL_Driver/Src/stm32g4xx_hal_tim_ex.c ****       status = HAL_ERROR;
 865:Drivers/STM32G4xx_HAL_Driver/Src/stm32g4xx_hal_tim_ex.c ****       break;
 866:Drivers/STM32G4xx_HAL_Driver/Src/stm32g4xx_hal_tim_ex.c ****   }
 867:Drivers/STM32G4xx_HAL_Driver/Src/stm32g4xx_hal_tim_ex.c **** 
 868:Drivers/STM32G4xx_HAL_Driver/Src/stm32g4xx_hal_tim_ex.c ****   if (status == HAL_OK)
 869:Drivers/STM32G4xx_HAL_Driver/Src/stm32g4xx_hal_tim_ex.c ****   {
 870:Drivers/STM32G4xx_HAL_Driver/Src/stm32g4xx_hal_tim_ex.c ****     /* Disable the Capture compare channel N */
 871:Drivers/STM32G4xx_HAL_Driver/Src/stm32g4xx_hal_tim_ex.c ****     TIM_CCxNChannelCmd(htim->Instance, Channel, TIM_CCxN_DISABLE);
 872:Drivers/STM32G4xx_HAL_Driver/Src/stm32g4xx_hal_tim_ex.c **** 
 873:Drivers/STM32G4xx_HAL_Driver/Src/stm32g4xx_hal_tim_ex.c ****     /* Disable the TIM Break interrupt (only if no more channel is active) */
 874:Drivers/STM32G4xx_HAL_Driver/Src/stm32g4xx_hal_tim_ex.c ****     tmpccer = htim->Instance->CCER;
 875:Drivers/STM32G4xx_HAL_Driver/Src/stm32g4xx_hal_tim_ex.c ****     if ((tmpccer & TIM_CCER_CCxNE_MASK) == (uint32_t)RESET)
 876:Drivers/STM32G4xx_HAL_Driver/Src/stm32g4xx_hal_tim_ex.c ****     {
 877:Drivers/STM32G4xx_HAL_Driver/Src/stm32g4xx_hal_tim_ex.c ****       __HAL_TIM_DISABLE_IT(htim, TIM_IT_BREAK);
 878:Drivers/STM32G4xx_HAL_Driver/Src/stm32g4xx_hal_tim_ex.c ****     }
 879:Drivers/STM32G4xx_HAL_Driver/Src/stm32g4xx_hal_tim_ex.c **** 
 880:Drivers/STM32G4xx_HAL_Driver/Src/stm32g4xx_hal_tim_ex.c ****     /* Disable the Main Output */
 881:Drivers/STM32G4xx_HAL_Driver/Src/stm32g4xx_hal_tim_ex.c ****     __HAL_TIM_MOE_DISABLE(htim);
 882:Drivers/STM32G4xx_HAL_Driver/Src/stm32g4xx_hal_tim_ex.c **** 
 883:Drivers/STM32G4xx_HAL_Driver/Src/stm32g4xx_hal_tim_ex.c ****     /* Disable the Peripheral */
 884:Drivers/STM32G4xx_HAL_Driver/Src/stm32g4xx_hal_tim_ex.c ****     __HAL_TIM_DISABLE(htim);
 885:Drivers/STM32G4xx_HAL_Driver/Src/stm32g4xx_hal_tim_ex.c **** 
ARM GAS  /tmp/ccX78w3T.s 			page 17


 886:Drivers/STM32G4xx_HAL_Driver/Src/stm32g4xx_hal_tim_ex.c ****     /* Set the TIM complementary channel state */
 887:Drivers/STM32G4xx_HAL_Driver/Src/stm32g4xx_hal_tim_ex.c ****     TIM_CHANNEL_N_STATE_SET(htim, Channel, HAL_TIM_CHANNEL_STATE_READY);
 888:Drivers/STM32G4xx_HAL_Driver/Src/stm32g4xx_hal_tim_ex.c ****   }
 889:Drivers/STM32G4xx_HAL_Driver/Src/stm32g4xx_hal_tim_ex.c **** 
 890:Drivers/STM32G4xx_HAL_Driver/Src/stm32g4xx_hal_tim_ex.c ****   /* Return function status */
 891:Drivers/STM32G4xx_HAL_Driver/Src/stm32g4xx_hal_tim_ex.c ****   return status;
 892:Drivers/STM32G4xx_HAL_Driver/Src/stm32g4xx_hal_tim_ex.c **** }
 893:Drivers/STM32G4xx_HAL_Driver/Src/stm32g4xx_hal_tim_ex.c **** 
 894:Drivers/STM32G4xx_HAL_Driver/Src/stm32g4xx_hal_tim_ex.c **** /**
 895:Drivers/STM32G4xx_HAL_Driver/Src/stm32g4xx_hal_tim_ex.c ****   * @brief  Starts the TIM Output Compare signal generation in DMA mode
 896:Drivers/STM32G4xx_HAL_Driver/Src/stm32g4xx_hal_tim_ex.c ****   *         on the complementary output.
 897:Drivers/STM32G4xx_HAL_Driver/Src/stm32g4xx_hal_tim_ex.c ****   * @param  htim TIM Output Compare handle
 898:Drivers/STM32G4xx_HAL_Driver/Src/stm32g4xx_hal_tim_ex.c ****   * @param  Channel TIM Channel to be enabled
 899:Drivers/STM32G4xx_HAL_Driver/Src/stm32g4xx_hal_tim_ex.c ****   *          This parameter can be one of the following values:
 900:Drivers/STM32G4xx_HAL_Driver/Src/stm32g4xx_hal_tim_ex.c ****   *            @arg TIM_CHANNEL_1: TIM Channel 1 selected
 901:Drivers/STM32G4xx_HAL_Driver/Src/stm32g4xx_hal_tim_ex.c ****   *            @arg TIM_CHANNEL_2: TIM Channel 2 selected
 902:Drivers/STM32G4xx_HAL_Driver/Src/stm32g4xx_hal_tim_ex.c ****   *            @arg TIM_CHANNEL_3: TIM Channel 3 selected
 903:Drivers/STM32G4xx_HAL_Driver/Src/stm32g4xx_hal_tim_ex.c ****   *            @arg TIM_CHANNEL_4: TIM Channel 4 selected
 904:Drivers/STM32G4xx_HAL_Driver/Src/stm32g4xx_hal_tim_ex.c ****   * @param  pData The source Buffer address.
 905:Drivers/STM32G4xx_HAL_Driver/Src/stm32g4xx_hal_tim_ex.c ****   * @param  Length The length of data to be transferred from memory to TIM peripheral
 906:Drivers/STM32G4xx_HAL_Driver/Src/stm32g4xx_hal_tim_ex.c ****   * @retval HAL status
 907:Drivers/STM32G4xx_HAL_Driver/Src/stm32g4xx_hal_tim_ex.c ****   */
 908:Drivers/STM32G4xx_HAL_Driver/Src/stm32g4xx_hal_tim_ex.c **** HAL_StatusTypeDef HAL_TIMEx_OCN_Start_DMA(TIM_HandleTypeDef *htim, uint32_t Channel, const uint32_t
 909:Drivers/STM32G4xx_HAL_Driver/Src/stm32g4xx_hal_tim_ex.c ****                                           uint16_t Length)
 910:Drivers/STM32G4xx_HAL_Driver/Src/stm32g4xx_hal_tim_ex.c **** {
 911:Drivers/STM32G4xx_HAL_Driver/Src/stm32g4xx_hal_tim_ex.c ****   HAL_StatusTypeDef status = HAL_OK;
 912:Drivers/STM32G4xx_HAL_Driver/Src/stm32g4xx_hal_tim_ex.c ****   uint32_t tmpsmcr;
 913:Drivers/STM32G4xx_HAL_Driver/Src/stm32g4xx_hal_tim_ex.c **** 
 914:Drivers/STM32G4xx_HAL_Driver/Src/stm32g4xx_hal_tim_ex.c ****   /* Check the parameters */
 915:Drivers/STM32G4xx_HAL_Driver/Src/stm32g4xx_hal_tim_ex.c ****   assert_param(IS_TIM_CCXN_INSTANCE(htim->Instance, Channel));
 916:Drivers/STM32G4xx_HAL_Driver/Src/stm32g4xx_hal_tim_ex.c **** 
 917:Drivers/STM32G4xx_HAL_Driver/Src/stm32g4xx_hal_tim_ex.c ****   /* Set the TIM complementary channel state */
 918:Drivers/STM32G4xx_HAL_Driver/Src/stm32g4xx_hal_tim_ex.c ****   if (TIM_CHANNEL_N_STATE_GET(htim, Channel) == HAL_TIM_CHANNEL_STATE_BUSY)
 919:Drivers/STM32G4xx_HAL_Driver/Src/stm32g4xx_hal_tim_ex.c ****   {
 920:Drivers/STM32G4xx_HAL_Driver/Src/stm32g4xx_hal_tim_ex.c ****     return HAL_BUSY;
 921:Drivers/STM32G4xx_HAL_Driver/Src/stm32g4xx_hal_tim_ex.c ****   }
 922:Drivers/STM32G4xx_HAL_Driver/Src/stm32g4xx_hal_tim_ex.c ****   else if (TIM_CHANNEL_N_STATE_GET(htim, Channel) == HAL_TIM_CHANNEL_STATE_READY)
 923:Drivers/STM32G4xx_HAL_Driver/Src/stm32g4xx_hal_tim_ex.c ****   {
 924:Drivers/STM32G4xx_HAL_Driver/Src/stm32g4xx_hal_tim_ex.c ****     if ((pData == NULL) || (Length == 0U))
 925:Drivers/STM32G4xx_HAL_Driver/Src/stm32g4xx_hal_tim_ex.c ****     {
 926:Drivers/STM32G4xx_HAL_Driver/Src/stm32g4xx_hal_tim_ex.c ****       return HAL_ERROR;
 927:Drivers/STM32G4xx_HAL_Driver/Src/stm32g4xx_hal_tim_ex.c ****     }
 928:Drivers/STM32G4xx_HAL_Driver/Src/stm32g4xx_hal_tim_ex.c ****     else
 929:Drivers/STM32G4xx_HAL_Driver/Src/stm32g4xx_hal_tim_ex.c ****     {
 930:Drivers/STM32G4xx_HAL_Driver/Src/stm32g4xx_hal_tim_ex.c ****       TIM_CHANNEL_N_STATE_SET(htim, Channel, HAL_TIM_CHANNEL_STATE_BUSY);
 931:Drivers/STM32G4xx_HAL_Driver/Src/stm32g4xx_hal_tim_ex.c ****     }
 932:Drivers/STM32G4xx_HAL_Driver/Src/stm32g4xx_hal_tim_ex.c ****   }
 933:Drivers/STM32G4xx_HAL_Driver/Src/stm32g4xx_hal_tim_ex.c ****   else
 934:Drivers/STM32G4xx_HAL_Driver/Src/stm32g4xx_hal_tim_ex.c ****   {
 935:Drivers/STM32G4xx_HAL_Driver/Src/stm32g4xx_hal_tim_ex.c ****     return HAL_ERROR;
 936:Drivers/STM32G4xx_HAL_Driver/Src/stm32g4xx_hal_tim_ex.c ****   }
 937:Drivers/STM32G4xx_HAL_Driver/Src/stm32g4xx_hal_tim_ex.c **** 
 938:Drivers/STM32G4xx_HAL_Driver/Src/stm32g4xx_hal_tim_ex.c ****   switch (Channel)
 939:Drivers/STM32G4xx_HAL_Driver/Src/stm32g4xx_hal_tim_ex.c ****   {
 940:Drivers/STM32G4xx_HAL_Driver/Src/stm32g4xx_hal_tim_ex.c ****     case TIM_CHANNEL_1:
 941:Drivers/STM32G4xx_HAL_Driver/Src/stm32g4xx_hal_tim_ex.c ****     {
 942:Drivers/STM32G4xx_HAL_Driver/Src/stm32g4xx_hal_tim_ex.c ****       /* Set the DMA compare callbacks */
ARM GAS  /tmp/ccX78w3T.s 			page 18


 943:Drivers/STM32G4xx_HAL_Driver/Src/stm32g4xx_hal_tim_ex.c ****       htim->hdma[TIM_DMA_ID_CC1]->XferCpltCallback = TIM_DMADelayPulseNCplt;
 944:Drivers/STM32G4xx_HAL_Driver/Src/stm32g4xx_hal_tim_ex.c ****       htim->hdma[TIM_DMA_ID_CC1]->XferHalfCpltCallback = TIM_DMADelayPulseHalfCplt;
 945:Drivers/STM32G4xx_HAL_Driver/Src/stm32g4xx_hal_tim_ex.c **** 
 946:Drivers/STM32G4xx_HAL_Driver/Src/stm32g4xx_hal_tim_ex.c ****       /* Set the DMA error callback */
 947:Drivers/STM32G4xx_HAL_Driver/Src/stm32g4xx_hal_tim_ex.c ****       htim->hdma[TIM_DMA_ID_CC1]->XferErrorCallback = TIM_DMAErrorCCxN ;
 948:Drivers/STM32G4xx_HAL_Driver/Src/stm32g4xx_hal_tim_ex.c **** 
 949:Drivers/STM32G4xx_HAL_Driver/Src/stm32g4xx_hal_tim_ex.c ****       /* Enable the DMA channel */
 950:Drivers/STM32G4xx_HAL_Driver/Src/stm32g4xx_hal_tim_ex.c ****       if (HAL_DMA_Start_IT(htim->hdma[TIM_DMA_ID_CC1], (uint32_t)pData, (uint32_t)&htim->Instance->
 951:Drivers/STM32G4xx_HAL_Driver/Src/stm32g4xx_hal_tim_ex.c ****                            Length) != HAL_OK)
 952:Drivers/STM32G4xx_HAL_Driver/Src/stm32g4xx_hal_tim_ex.c ****       {
 953:Drivers/STM32G4xx_HAL_Driver/Src/stm32g4xx_hal_tim_ex.c ****         /* Return error status */
 954:Drivers/STM32G4xx_HAL_Driver/Src/stm32g4xx_hal_tim_ex.c ****         return HAL_ERROR;
 955:Drivers/STM32G4xx_HAL_Driver/Src/stm32g4xx_hal_tim_ex.c ****       }
 956:Drivers/STM32G4xx_HAL_Driver/Src/stm32g4xx_hal_tim_ex.c ****       /* Enable the TIM Output Compare DMA request */
 957:Drivers/STM32G4xx_HAL_Driver/Src/stm32g4xx_hal_tim_ex.c ****       __HAL_TIM_ENABLE_DMA(htim, TIM_DMA_CC1);
 958:Drivers/STM32G4xx_HAL_Driver/Src/stm32g4xx_hal_tim_ex.c ****       break;
 959:Drivers/STM32G4xx_HAL_Driver/Src/stm32g4xx_hal_tim_ex.c ****     }
 960:Drivers/STM32G4xx_HAL_Driver/Src/stm32g4xx_hal_tim_ex.c **** 
 961:Drivers/STM32G4xx_HAL_Driver/Src/stm32g4xx_hal_tim_ex.c ****     case TIM_CHANNEL_2:
 962:Drivers/STM32G4xx_HAL_Driver/Src/stm32g4xx_hal_tim_ex.c ****     {
 963:Drivers/STM32G4xx_HAL_Driver/Src/stm32g4xx_hal_tim_ex.c ****       /* Set the DMA compare callbacks */
 964:Drivers/STM32G4xx_HAL_Driver/Src/stm32g4xx_hal_tim_ex.c ****       htim->hdma[TIM_DMA_ID_CC2]->XferCpltCallback = TIM_DMADelayPulseNCplt;
 965:Drivers/STM32G4xx_HAL_Driver/Src/stm32g4xx_hal_tim_ex.c ****       htim->hdma[TIM_DMA_ID_CC2]->XferHalfCpltCallback = TIM_DMADelayPulseHalfCplt;
 966:Drivers/STM32G4xx_HAL_Driver/Src/stm32g4xx_hal_tim_ex.c **** 
 967:Drivers/STM32G4xx_HAL_Driver/Src/stm32g4xx_hal_tim_ex.c ****       /* Set the DMA error callback */
 968:Drivers/STM32G4xx_HAL_Driver/Src/stm32g4xx_hal_tim_ex.c ****       htim->hdma[TIM_DMA_ID_CC2]->XferErrorCallback = TIM_DMAErrorCCxN ;
 969:Drivers/STM32G4xx_HAL_Driver/Src/stm32g4xx_hal_tim_ex.c **** 
 970:Drivers/STM32G4xx_HAL_Driver/Src/stm32g4xx_hal_tim_ex.c ****       /* Enable the DMA channel */
 971:Drivers/STM32G4xx_HAL_Driver/Src/stm32g4xx_hal_tim_ex.c ****       if (HAL_DMA_Start_IT(htim->hdma[TIM_DMA_ID_CC2], (uint32_t)pData, (uint32_t)&htim->Instance->
 972:Drivers/STM32G4xx_HAL_Driver/Src/stm32g4xx_hal_tim_ex.c ****                            Length) != HAL_OK)
 973:Drivers/STM32G4xx_HAL_Driver/Src/stm32g4xx_hal_tim_ex.c ****       {
 974:Drivers/STM32G4xx_HAL_Driver/Src/stm32g4xx_hal_tim_ex.c ****         /* Return error status */
 975:Drivers/STM32G4xx_HAL_Driver/Src/stm32g4xx_hal_tim_ex.c ****         return HAL_ERROR;
 976:Drivers/STM32G4xx_HAL_Driver/Src/stm32g4xx_hal_tim_ex.c ****       }
 977:Drivers/STM32G4xx_HAL_Driver/Src/stm32g4xx_hal_tim_ex.c ****       /* Enable the TIM Output Compare DMA request */
 978:Drivers/STM32G4xx_HAL_Driver/Src/stm32g4xx_hal_tim_ex.c ****       __HAL_TIM_ENABLE_DMA(htim, TIM_DMA_CC2);
 979:Drivers/STM32G4xx_HAL_Driver/Src/stm32g4xx_hal_tim_ex.c ****       break;
 980:Drivers/STM32G4xx_HAL_Driver/Src/stm32g4xx_hal_tim_ex.c ****     }
 981:Drivers/STM32G4xx_HAL_Driver/Src/stm32g4xx_hal_tim_ex.c **** 
 982:Drivers/STM32G4xx_HAL_Driver/Src/stm32g4xx_hal_tim_ex.c ****     case TIM_CHANNEL_3:
 983:Drivers/STM32G4xx_HAL_Driver/Src/stm32g4xx_hal_tim_ex.c ****     {
 984:Drivers/STM32G4xx_HAL_Driver/Src/stm32g4xx_hal_tim_ex.c ****       /* Set the DMA compare callbacks */
 985:Drivers/STM32G4xx_HAL_Driver/Src/stm32g4xx_hal_tim_ex.c ****       htim->hdma[TIM_DMA_ID_CC3]->XferCpltCallback = TIM_DMADelayPulseNCplt;
 986:Drivers/STM32G4xx_HAL_Driver/Src/stm32g4xx_hal_tim_ex.c ****       htim->hdma[TIM_DMA_ID_CC3]->XferHalfCpltCallback = TIM_DMADelayPulseHalfCplt;
 987:Drivers/STM32G4xx_HAL_Driver/Src/stm32g4xx_hal_tim_ex.c **** 
 988:Drivers/STM32G4xx_HAL_Driver/Src/stm32g4xx_hal_tim_ex.c ****       /* Set the DMA error callback */
 989:Drivers/STM32G4xx_HAL_Driver/Src/stm32g4xx_hal_tim_ex.c ****       htim->hdma[TIM_DMA_ID_CC3]->XferErrorCallback = TIM_DMAErrorCCxN ;
 990:Drivers/STM32G4xx_HAL_Driver/Src/stm32g4xx_hal_tim_ex.c **** 
 991:Drivers/STM32G4xx_HAL_Driver/Src/stm32g4xx_hal_tim_ex.c ****       /* Enable the DMA channel */
 992:Drivers/STM32G4xx_HAL_Driver/Src/stm32g4xx_hal_tim_ex.c ****       if (HAL_DMA_Start_IT(htim->hdma[TIM_DMA_ID_CC3], (uint32_t)pData, (uint32_t)&htim->Instance->
 993:Drivers/STM32G4xx_HAL_Driver/Src/stm32g4xx_hal_tim_ex.c ****                            Length) != HAL_OK)
 994:Drivers/STM32G4xx_HAL_Driver/Src/stm32g4xx_hal_tim_ex.c ****       {
 995:Drivers/STM32G4xx_HAL_Driver/Src/stm32g4xx_hal_tim_ex.c ****         /* Return error status */
 996:Drivers/STM32G4xx_HAL_Driver/Src/stm32g4xx_hal_tim_ex.c ****         return HAL_ERROR;
 997:Drivers/STM32G4xx_HAL_Driver/Src/stm32g4xx_hal_tim_ex.c ****       }
 998:Drivers/STM32G4xx_HAL_Driver/Src/stm32g4xx_hal_tim_ex.c ****       /* Enable the TIM Output Compare DMA request */
 999:Drivers/STM32G4xx_HAL_Driver/Src/stm32g4xx_hal_tim_ex.c ****       __HAL_TIM_ENABLE_DMA(htim, TIM_DMA_CC3);
ARM GAS  /tmp/ccX78w3T.s 			page 19


1000:Drivers/STM32G4xx_HAL_Driver/Src/stm32g4xx_hal_tim_ex.c ****       break;
1001:Drivers/STM32G4xx_HAL_Driver/Src/stm32g4xx_hal_tim_ex.c ****     }
1002:Drivers/STM32G4xx_HAL_Driver/Src/stm32g4xx_hal_tim_ex.c **** 
1003:Drivers/STM32G4xx_HAL_Driver/Src/stm32g4xx_hal_tim_ex.c ****     case TIM_CHANNEL_4:
1004:Drivers/STM32G4xx_HAL_Driver/Src/stm32g4xx_hal_tim_ex.c ****     {
1005:Drivers/STM32G4xx_HAL_Driver/Src/stm32g4xx_hal_tim_ex.c ****       /* Set the DMA compare callbacks */
1006:Drivers/STM32G4xx_HAL_Driver/Src/stm32g4xx_hal_tim_ex.c ****       htim->hdma[TIM_DMA_ID_CC4]->XferCpltCallback = TIM_DMADelayPulseNCplt;
1007:Drivers/STM32G4xx_HAL_Driver/Src/stm32g4xx_hal_tim_ex.c ****       htim->hdma[TIM_DMA_ID_CC4]->XferHalfCpltCallback = TIM_DMADelayPulseHalfCplt;
1008:Drivers/STM32G4xx_HAL_Driver/Src/stm32g4xx_hal_tim_ex.c **** 
1009:Drivers/STM32G4xx_HAL_Driver/Src/stm32g4xx_hal_tim_ex.c ****       /* Set the DMA error callback */
1010:Drivers/STM32G4xx_HAL_Driver/Src/stm32g4xx_hal_tim_ex.c ****       htim->hdma[TIM_DMA_ID_CC4]->XferErrorCallback = TIM_DMAErrorCCxN ;
1011:Drivers/STM32G4xx_HAL_Driver/Src/stm32g4xx_hal_tim_ex.c **** 
1012:Drivers/STM32G4xx_HAL_Driver/Src/stm32g4xx_hal_tim_ex.c ****       /* Enable the DMA channel */
1013:Drivers/STM32G4xx_HAL_Driver/Src/stm32g4xx_hal_tim_ex.c ****       if (HAL_DMA_Start_IT(htim->hdma[TIM_DMA_ID_CC4], (uint32_t)pData, (uint32_t)&htim->Instance->
1014:Drivers/STM32G4xx_HAL_Driver/Src/stm32g4xx_hal_tim_ex.c ****                            Length) != HAL_OK)
1015:Drivers/STM32G4xx_HAL_Driver/Src/stm32g4xx_hal_tim_ex.c ****       {
1016:Drivers/STM32G4xx_HAL_Driver/Src/stm32g4xx_hal_tim_ex.c ****         /* Return error status */
1017:Drivers/STM32G4xx_HAL_Driver/Src/stm32g4xx_hal_tim_ex.c ****         return HAL_ERROR;
1018:Drivers/STM32G4xx_HAL_Driver/Src/stm32g4xx_hal_tim_ex.c ****       }
1019:Drivers/STM32G4xx_HAL_Driver/Src/stm32g4xx_hal_tim_ex.c ****       /* Enable the TIM Output Compare DMA request */
1020:Drivers/STM32G4xx_HAL_Driver/Src/stm32g4xx_hal_tim_ex.c ****       __HAL_TIM_ENABLE_DMA(htim, TIM_DMA_CC4);
1021:Drivers/STM32G4xx_HAL_Driver/Src/stm32g4xx_hal_tim_ex.c ****       break;
1022:Drivers/STM32G4xx_HAL_Driver/Src/stm32g4xx_hal_tim_ex.c ****     }
1023:Drivers/STM32G4xx_HAL_Driver/Src/stm32g4xx_hal_tim_ex.c **** 
1024:Drivers/STM32G4xx_HAL_Driver/Src/stm32g4xx_hal_tim_ex.c ****     default:
1025:Drivers/STM32G4xx_HAL_Driver/Src/stm32g4xx_hal_tim_ex.c ****       status = HAL_ERROR;
1026:Drivers/STM32G4xx_HAL_Driver/Src/stm32g4xx_hal_tim_ex.c ****       break;
1027:Drivers/STM32G4xx_HAL_Driver/Src/stm32g4xx_hal_tim_ex.c ****   }
1028:Drivers/STM32G4xx_HAL_Driver/Src/stm32g4xx_hal_tim_ex.c **** 
1029:Drivers/STM32G4xx_HAL_Driver/Src/stm32g4xx_hal_tim_ex.c ****   if (status == HAL_OK)
1030:Drivers/STM32G4xx_HAL_Driver/Src/stm32g4xx_hal_tim_ex.c ****   {
1031:Drivers/STM32G4xx_HAL_Driver/Src/stm32g4xx_hal_tim_ex.c ****     /* Enable the Capture compare channel N */
1032:Drivers/STM32G4xx_HAL_Driver/Src/stm32g4xx_hal_tim_ex.c ****     TIM_CCxNChannelCmd(htim->Instance, Channel, TIM_CCxN_ENABLE);
1033:Drivers/STM32G4xx_HAL_Driver/Src/stm32g4xx_hal_tim_ex.c **** 
1034:Drivers/STM32G4xx_HAL_Driver/Src/stm32g4xx_hal_tim_ex.c ****     /* Enable the Main Output */
1035:Drivers/STM32G4xx_HAL_Driver/Src/stm32g4xx_hal_tim_ex.c ****     __HAL_TIM_MOE_ENABLE(htim);
1036:Drivers/STM32G4xx_HAL_Driver/Src/stm32g4xx_hal_tim_ex.c **** 
1037:Drivers/STM32G4xx_HAL_Driver/Src/stm32g4xx_hal_tim_ex.c ****     /* Enable the Peripheral, except in trigger mode where enable is automatically done with trigge
1038:Drivers/STM32G4xx_HAL_Driver/Src/stm32g4xx_hal_tim_ex.c ****     if (IS_TIM_SLAVE_INSTANCE(htim->Instance))
1039:Drivers/STM32G4xx_HAL_Driver/Src/stm32g4xx_hal_tim_ex.c ****     {
1040:Drivers/STM32G4xx_HAL_Driver/Src/stm32g4xx_hal_tim_ex.c ****       tmpsmcr = htim->Instance->SMCR & TIM_SMCR_SMS;
1041:Drivers/STM32G4xx_HAL_Driver/Src/stm32g4xx_hal_tim_ex.c ****       if (!IS_TIM_SLAVEMODE_TRIGGER_ENABLED(tmpsmcr))
1042:Drivers/STM32G4xx_HAL_Driver/Src/stm32g4xx_hal_tim_ex.c ****       {
1043:Drivers/STM32G4xx_HAL_Driver/Src/stm32g4xx_hal_tim_ex.c ****         __HAL_TIM_ENABLE(htim);
1044:Drivers/STM32G4xx_HAL_Driver/Src/stm32g4xx_hal_tim_ex.c ****       }
1045:Drivers/STM32G4xx_HAL_Driver/Src/stm32g4xx_hal_tim_ex.c ****     }
1046:Drivers/STM32G4xx_HAL_Driver/Src/stm32g4xx_hal_tim_ex.c ****     else
1047:Drivers/STM32G4xx_HAL_Driver/Src/stm32g4xx_hal_tim_ex.c ****     {
1048:Drivers/STM32G4xx_HAL_Driver/Src/stm32g4xx_hal_tim_ex.c ****       __HAL_TIM_ENABLE(htim);
1049:Drivers/STM32G4xx_HAL_Driver/Src/stm32g4xx_hal_tim_ex.c ****     }
1050:Drivers/STM32G4xx_HAL_Driver/Src/stm32g4xx_hal_tim_ex.c ****   }
1051:Drivers/STM32G4xx_HAL_Driver/Src/stm32g4xx_hal_tim_ex.c **** 
1052:Drivers/STM32G4xx_HAL_Driver/Src/stm32g4xx_hal_tim_ex.c ****   /* Return function status */
1053:Drivers/STM32G4xx_HAL_Driver/Src/stm32g4xx_hal_tim_ex.c ****   return status;
1054:Drivers/STM32G4xx_HAL_Driver/Src/stm32g4xx_hal_tim_ex.c **** }
1055:Drivers/STM32G4xx_HAL_Driver/Src/stm32g4xx_hal_tim_ex.c **** 
1056:Drivers/STM32G4xx_HAL_Driver/Src/stm32g4xx_hal_tim_ex.c **** /**
ARM GAS  /tmp/ccX78w3T.s 			page 20


1057:Drivers/STM32G4xx_HAL_Driver/Src/stm32g4xx_hal_tim_ex.c ****   * @brief  Stops the TIM Output Compare signal generation in DMA mode
1058:Drivers/STM32G4xx_HAL_Driver/Src/stm32g4xx_hal_tim_ex.c ****   *         on the complementary output.
1059:Drivers/STM32G4xx_HAL_Driver/Src/stm32g4xx_hal_tim_ex.c ****   * @param  htim TIM Output Compare handle
1060:Drivers/STM32G4xx_HAL_Driver/Src/stm32g4xx_hal_tim_ex.c ****   * @param  Channel TIM Channel to be disabled
1061:Drivers/STM32G4xx_HAL_Driver/Src/stm32g4xx_hal_tim_ex.c ****   *          This parameter can be one of the following values:
1062:Drivers/STM32G4xx_HAL_Driver/Src/stm32g4xx_hal_tim_ex.c ****   *            @arg TIM_CHANNEL_1: TIM Channel 1 selected
1063:Drivers/STM32G4xx_HAL_Driver/Src/stm32g4xx_hal_tim_ex.c ****   *            @arg TIM_CHANNEL_2: TIM Channel 2 selected
1064:Drivers/STM32G4xx_HAL_Driver/Src/stm32g4xx_hal_tim_ex.c ****   *            @arg TIM_CHANNEL_3: TIM Channel 3 selected
1065:Drivers/STM32G4xx_HAL_Driver/Src/stm32g4xx_hal_tim_ex.c ****   *            @arg TIM_CHANNEL_4: TIM Channel 4 selected
1066:Drivers/STM32G4xx_HAL_Driver/Src/stm32g4xx_hal_tim_ex.c ****   * @retval HAL status
1067:Drivers/STM32G4xx_HAL_Driver/Src/stm32g4xx_hal_tim_ex.c ****   */
1068:Drivers/STM32G4xx_HAL_Driver/Src/stm32g4xx_hal_tim_ex.c **** HAL_StatusTypeDef HAL_TIMEx_OCN_Stop_DMA(TIM_HandleTypeDef *htim, uint32_t Channel)
1069:Drivers/STM32G4xx_HAL_Driver/Src/stm32g4xx_hal_tim_ex.c **** {
1070:Drivers/STM32G4xx_HAL_Driver/Src/stm32g4xx_hal_tim_ex.c ****   HAL_StatusTypeDef status = HAL_OK;
1071:Drivers/STM32G4xx_HAL_Driver/Src/stm32g4xx_hal_tim_ex.c **** 
1072:Drivers/STM32G4xx_HAL_Driver/Src/stm32g4xx_hal_tim_ex.c ****   /* Check the parameters */
1073:Drivers/STM32G4xx_HAL_Driver/Src/stm32g4xx_hal_tim_ex.c ****   assert_param(IS_TIM_CCXN_INSTANCE(htim->Instance, Channel));
1074:Drivers/STM32G4xx_HAL_Driver/Src/stm32g4xx_hal_tim_ex.c **** 
1075:Drivers/STM32G4xx_HAL_Driver/Src/stm32g4xx_hal_tim_ex.c ****   switch (Channel)
1076:Drivers/STM32G4xx_HAL_Driver/Src/stm32g4xx_hal_tim_ex.c ****   {
1077:Drivers/STM32G4xx_HAL_Driver/Src/stm32g4xx_hal_tim_ex.c ****     case TIM_CHANNEL_1:
1078:Drivers/STM32G4xx_HAL_Driver/Src/stm32g4xx_hal_tim_ex.c ****     {
1079:Drivers/STM32G4xx_HAL_Driver/Src/stm32g4xx_hal_tim_ex.c ****       /* Disable the TIM Output Compare DMA request */
1080:Drivers/STM32G4xx_HAL_Driver/Src/stm32g4xx_hal_tim_ex.c ****       __HAL_TIM_DISABLE_DMA(htim, TIM_DMA_CC1);
1081:Drivers/STM32G4xx_HAL_Driver/Src/stm32g4xx_hal_tim_ex.c ****       (void)HAL_DMA_Abort_IT(htim->hdma[TIM_DMA_ID_CC1]);
1082:Drivers/STM32G4xx_HAL_Driver/Src/stm32g4xx_hal_tim_ex.c ****       break;
1083:Drivers/STM32G4xx_HAL_Driver/Src/stm32g4xx_hal_tim_ex.c ****     }
1084:Drivers/STM32G4xx_HAL_Driver/Src/stm32g4xx_hal_tim_ex.c **** 
1085:Drivers/STM32G4xx_HAL_Driver/Src/stm32g4xx_hal_tim_ex.c ****     case TIM_CHANNEL_2:
1086:Drivers/STM32G4xx_HAL_Driver/Src/stm32g4xx_hal_tim_ex.c ****     {
1087:Drivers/STM32G4xx_HAL_Driver/Src/stm32g4xx_hal_tim_ex.c ****       /* Disable the TIM Output Compare DMA request */
1088:Drivers/STM32G4xx_HAL_Driver/Src/stm32g4xx_hal_tim_ex.c ****       __HAL_TIM_DISABLE_DMA(htim, TIM_DMA_CC2);
1089:Drivers/STM32G4xx_HAL_Driver/Src/stm32g4xx_hal_tim_ex.c ****       (void)HAL_DMA_Abort_IT(htim->hdma[TIM_DMA_ID_CC2]);
1090:Drivers/STM32G4xx_HAL_Driver/Src/stm32g4xx_hal_tim_ex.c ****       break;
1091:Drivers/STM32G4xx_HAL_Driver/Src/stm32g4xx_hal_tim_ex.c ****     }
1092:Drivers/STM32G4xx_HAL_Driver/Src/stm32g4xx_hal_tim_ex.c **** 
1093:Drivers/STM32G4xx_HAL_Driver/Src/stm32g4xx_hal_tim_ex.c ****     case TIM_CHANNEL_3:
1094:Drivers/STM32G4xx_HAL_Driver/Src/stm32g4xx_hal_tim_ex.c ****     {
1095:Drivers/STM32G4xx_HAL_Driver/Src/stm32g4xx_hal_tim_ex.c ****       /* Disable the TIM Output Compare DMA request */
1096:Drivers/STM32G4xx_HAL_Driver/Src/stm32g4xx_hal_tim_ex.c ****       __HAL_TIM_DISABLE_DMA(htim, TIM_DMA_CC3);
1097:Drivers/STM32G4xx_HAL_Driver/Src/stm32g4xx_hal_tim_ex.c ****       (void)HAL_DMA_Abort_IT(htim->hdma[TIM_DMA_ID_CC3]);
1098:Drivers/STM32G4xx_HAL_Driver/Src/stm32g4xx_hal_tim_ex.c ****       break;
1099:Drivers/STM32G4xx_HAL_Driver/Src/stm32g4xx_hal_tim_ex.c ****     }
1100:Drivers/STM32G4xx_HAL_Driver/Src/stm32g4xx_hal_tim_ex.c **** 
1101:Drivers/STM32G4xx_HAL_Driver/Src/stm32g4xx_hal_tim_ex.c ****     case TIM_CHANNEL_4:
1102:Drivers/STM32G4xx_HAL_Driver/Src/stm32g4xx_hal_tim_ex.c ****     {
1103:Drivers/STM32G4xx_HAL_Driver/Src/stm32g4xx_hal_tim_ex.c ****       /* Disable the TIM Output Compare interrupt */
1104:Drivers/STM32G4xx_HAL_Driver/Src/stm32g4xx_hal_tim_ex.c ****       __HAL_TIM_DISABLE_DMA(htim, TIM_DMA_CC4);
1105:Drivers/STM32G4xx_HAL_Driver/Src/stm32g4xx_hal_tim_ex.c ****       (void)HAL_DMA_Abort_IT(htim->hdma[TIM_DMA_ID_CC4]);
1106:Drivers/STM32G4xx_HAL_Driver/Src/stm32g4xx_hal_tim_ex.c ****       break;
1107:Drivers/STM32G4xx_HAL_Driver/Src/stm32g4xx_hal_tim_ex.c ****     }
1108:Drivers/STM32G4xx_HAL_Driver/Src/stm32g4xx_hal_tim_ex.c **** 
1109:Drivers/STM32G4xx_HAL_Driver/Src/stm32g4xx_hal_tim_ex.c ****     default:
1110:Drivers/STM32G4xx_HAL_Driver/Src/stm32g4xx_hal_tim_ex.c ****       status = HAL_ERROR;
1111:Drivers/STM32G4xx_HAL_Driver/Src/stm32g4xx_hal_tim_ex.c ****       break;
1112:Drivers/STM32G4xx_HAL_Driver/Src/stm32g4xx_hal_tim_ex.c ****   }
1113:Drivers/STM32G4xx_HAL_Driver/Src/stm32g4xx_hal_tim_ex.c **** 
ARM GAS  /tmp/ccX78w3T.s 			page 21


1114:Drivers/STM32G4xx_HAL_Driver/Src/stm32g4xx_hal_tim_ex.c ****   if (status == HAL_OK)
1115:Drivers/STM32G4xx_HAL_Driver/Src/stm32g4xx_hal_tim_ex.c ****   {
1116:Drivers/STM32G4xx_HAL_Driver/Src/stm32g4xx_hal_tim_ex.c ****     /* Disable the Capture compare channel N */
1117:Drivers/STM32G4xx_HAL_Driver/Src/stm32g4xx_hal_tim_ex.c ****     TIM_CCxNChannelCmd(htim->Instance, Channel, TIM_CCxN_DISABLE);
1118:Drivers/STM32G4xx_HAL_Driver/Src/stm32g4xx_hal_tim_ex.c **** 
1119:Drivers/STM32G4xx_HAL_Driver/Src/stm32g4xx_hal_tim_ex.c ****     /* Disable the Main Output */
1120:Drivers/STM32G4xx_HAL_Driver/Src/stm32g4xx_hal_tim_ex.c ****     __HAL_TIM_MOE_DISABLE(htim);
1121:Drivers/STM32G4xx_HAL_Driver/Src/stm32g4xx_hal_tim_ex.c **** 
1122:Drivers/STM32G4xx_HAL_Driver/Src/stm32g4xx_hal_tim_ex.c ****     /* Disable the Peripheral */
1123:Drivers/STM32G4xx_HAL_Driver/Src/stm32g4xx_hal_tim_ex.c ****     __HAL_TIM_DISABLE(htim);
1124:Drivers/STM32G4xx_HAL_Driver/Src/stm32g4xx_hal_tim_ex.c **** 
1125:Drivers/STM32G4xx_HAL_Driver/Src/stm32g4xx_hal_tim_ex.c ****     /* Set the TIM complementary channel state */
1126:Drivers/STM32G4xx_HAL_Driver/Src/stm32g4xx_hal_tim_ex.c ****     TIM_CHANNEL_N_STATE_SET(htim, Channel, HAL_TIM_CHANNEL_STATE_READY);
1127:Drivers/STM32G4xx_HAL_Driver/Src/stm32g4xx_hal_tim_ex.c ****   }
1128:Drivers/STM32G4xx_HAL_Driver/Src/stm32g4xx_hal_tim_ex.c **** 
1129:Drivers/STM32G4xx_HAL_Driver/Src/stm32g4xx_hal_tim_ex.c ****   /* Return function status */
1130:Drivers/STM32G4xx_HAL_Driver/Src/stm32g4xx_hal_tim_ex.c ****   return status;
1131:Drivers/STM32G4xx_HAL_Driver/Src/stm32g4xx_hal_tim_ex.c **** }
1132:Drivers/STM32G4xx_HAL_Driver/Src/stm32g4xx_hal_tim_ex.c **** 
1133:Drivers/STM32G4xx_HAL_Driver/Src/stm32g4xx_hal_tim_ex.c **** /**
1134:Drivers/STM32G4xx_HAL_Driver/Src/stm32g4xx_hal_tim_ex.c ****   * @}
1135:Drivers/STM32G4xx_HAL_Driver/Src/stm32g4xx_hal_tim_ex.c ****   */
1136:Drivers/STM32G4xx_HAL_Driver/Src/stm32g4xx_hal_tim_ex.c **** 
1137:Drivers/STM32G4xx_HAL_Driver/Src/stm32g4xx_hal_tim_ex.c **** /** @defgroup TIMEx_Exported_Functions_Group3 Extended Timer Complementary PWM functions
1138:Drivers/STM32G4xx_HAL_Driver/Src/stm32g4xx_hal_tim_ex.c ****   * @brief    Timer Complementary PWM functions
1139:Drivers/STM32G4xx_HAL_Driver/Src/stm32g4xx_hal_tim_ex.c ****   *
1140:Drivers/STM32G4xx_HAL_Driver/Src/stm32g4xx_hal_tim_ex.c **** @verbatim
1141:Drivers/STM32G4xx_HAL_Driver/Src/stm32g4xx_hal_tim_ex.c ****   ==============================================================================
1142:Drivers/STM32G4xx_HAL_Driver/Src/stm32g4xx_hal_tim_ex.c ****                  ##### Timer Complementary PWM functions #####
1143:Drivers/STM32G4xx_HAL_Driver/Src/stm32g4xx_hal_tim_ex.c ****   ==============================================================================
1144:Drivers/STM32G4xx_HAL_Driver/Src/stm32g4xx_hal_tim_ex.c ****   [..]
1145:Drivers/STM32G4xx_HAL_Driver/Src/stm32g4xx_hal_tim_ex.c ****     This section provides functions allowing to:
1146:Drivers/STM32G4xx_HAL_Driver/Src/stm32g4xx_hal_tim_ex.c ****     (+) Start the Complementary PWM.
1147:Drivers/STM32G4xx_HAL_Driver/Src/stm32g4xx_hal_tim_ex.c ****     (+) Stop the Complementary PWM.
1148:Drivers/STM32G4xx_HAL_Driver/Src/stm32g4xx_hal_tim_ex.c ****     (+) Start the Complementary PWM and enable interrupts.
1149:Drivers/STM32G4xx_HAL_Driver/Src/stm32g4xx_hal_tim_ex.c ****     (+) Stop the Complementary PWM and disable interrupts.
1150:Drivers/STM32G4xx_HAL_Driver/Src/stm32g4xx_hal_tim_ex.c ****     (+) Start the Complementary PWM and enable DMA transfers.
1151:Drivers/STM32G4xx_HAL_Driver/Src/stm32g4xx_hal_tim_ex.c ****     (+) Stop the Complementary PWM and disable DMA transfers.
1152:Drivers/STM32G4xx_HAL_Driver/Src/stm32g4xx_hal_tim_ex.c **** @endverbatim
1153:Drivers/STM32G4xx_HAL_Driver/Src/stm32g4xx_hal_tim_ex.c ****   * @{
1154:Drivers/STM32G4xx_HAL_Driver/Src/stm32g4xx_hal_tim_ex.c ****   */
1155:Drivers/STM32G4xx_HAL_Driver/Src/stm32g4xx_hal_tim_ex.c **** 
1156:Drivers/STM32G4xx_HAL_Driver/Src/stm32g4xx_hal_tim_ex.c **** /**
1157:Drivers/STM32G4xx_HAL_Driver/Src/stm32g4xx_hal_tim_ex.c ****   * @brief  Starts the PWM signal generation on the complementary output.
1158:Drivers/STM32G4xx_HAL_Driver/Src/stm32g4xx_hal_tim_ex.c ****   * @param  htim TIM handle
1159:Drivers/STM32G4xx_HAL_Driver/Src/stm32g4xx_hal_tim_ex.c ****   * @param  Channel TIM Channel to be enabled
1160:Drivers/STM32G4xx_HAL_Driver/Src/stm32g4xx_hal_tim_ex.c ****   *          This parameter can be one of the following values:
1161:Drivers/STM32G4xx_HAL_Driver/Src/stm32g4xx_hal_tim_ex.c ****   *            @arg TIM_CHANNEL_1: TIM Channel 1 selected
1162:Drivers/STM32G4xx_HAL_Driver/Src/stm32g4xx_hal_tim_ex.c ****   *            @arg TIM_CHANNEL_2: TIM Channel 2 selected
1163:Drivers/STM32G4xx_HAL_Driver/Src/stm32g4xx_hal_tim_ex.c ****   *            @arg TIM_CHANNEL_3: TIM Channel 3 selected
1164:Drivers/STM32G4xx_HAL_Driver/Src/stm32g4xx_hal_tim_ex.c ****   *            @arg TIM_CHANNEL_4: TIM Channel 4 selected
1165:Drivers/STM32G4xx_HAL_Driver/Src/stm32g4xx_hal_tim_ex.c ****   * @retval HAL status
1166:Drivers/STM32G4xx_HAL_Driver/Src/stm32g4xx_hal_tim_ex.c ****   */
1167:Drivers/STM32G4xx_HAL_Driver/Src/stm32g4xx_hal_tim_ex.c **** HAL_StatusTypeDef HAL_TIMEx_PWMN_Start(TIM_HandleTypeDef *htim, uint32_t Channel)
1168:Drivers/STM32G4xx_HAL_Driver/Src/stm32g4xx_hal_tim_ex.c **** {
1169:Drivers/STM32G4xx_HAL_Driver/Src/stm32g4xx_hal_tim_ex.c ****   uint32_t tmpsmcr;
1170:Drivers/STM32G4xx_HAL_Driver/Src/stm32g4xx_hal_tim_ex.c **** 
ARM GAS  /tmp/ccX78w3T.s 			page 22


1171:Drivers/STM32G4xx_HAL_Driver/Src/stm32g4xx_hal_tim_ex.c ****   /* Check the parameters */
1172:Drivers/STM32G4xx_HAL_Driver/Src/stm32g4xx_hal_tim_ex.c ****   assert_param(IS_TIM_CCXN_INSTANCE(htim->Instance, Channel));
1173:Drivers/STM32G4xx_HAL_Driver/Src/stm32g4xx_hal_tim_ex.c **** 
1174:Drivers/STM32G4xx_HAL_Driver/Src/stm32g4xx_hal_tim_ex.c ****   /* Check the TIM complementary channel state */
1175:Drivers/STM32G4xx_HAL_Driver/Src/stm32g4xx_hal_tim_ex.c ****   if (TIM_CHANNEL_N_STATE_GET(htim, Channel) != HAL_TIM_CHANNEL_STATE_READY)
1176:Drivers/STM32G4xx_HAL_Driver/Src/stm32g4xx_hal_tim_ex.c ****   {
1177:Drivers/STM32G4xx_HAL_Driver/Src/stm32g4xx_hal_tim_ex.c ****     return HAL_ERROR;
1178:Drivers/STM32G4xx_HAL_Driver/Src/stm32g4xx_hal_tim_ex.c ****   }
1179:Drivers/STM32G4xx_HAL_Driver/Src/stm32g4xx_hal_tim_ex.c **** 
1180:Drivers/STM32G4xx_HAL_Driver/Src/stm32g4xx_hal_tim_ex.c ****   /* Set the TIM complementary channel state */
1181:Drivers/STM32G4xx_HAL_Driver/Src/stm32g4xx_hal_tim_ex.c ****   TIM_CHANNEL_N_STATE_SET(htim, Channel, HAL_TIM_CHANNEL_STATE_BUSY);
1182:Drivers/STM32G4xx_HAL_Driver/Src/stm32g4xx_hal_tim_ex.c **** 
1183:Drivers/STM32G4xx_HAL_Driver/Src/stm32g4xx_hal_tim_ex.c ****   /* Enable the complementary PWM output  */
1184:Drivers/STM32G4xx_HAL_Driver/Src/stm32g4xx_hal_tim_ex.c ****   TIM_CCxNChannelCmd(htim->Instance, Channel, TIM_CCxN_ENABLE);
1185:Drivers/STM32G4xx_HAL_Driver/Src/stm32g4xx_hal_tim_ex.c **** 
1186:Drivers/STM32G4xx_HAL_Driver/Src/stm32g4xx_hal_tim_ex.c ****   /* Enable the Main Output */
1187:Drivers/STM32G4xx_HAL_Driver/Src/stm32g4xx_hal_tim_ex.c ****   __HAL_TIM_MOE_ENABLE(htim);
1188:Drivers/STM32G4xx_HAL_Driver/Src/stm32g4xx_hal_tim_ex.c **** 
1189:Drivers/STM32G4xx_HAL_Driver/Src/stm32g4xx_hal_tim_ex.c ****   /* Enable the Peripheral, except in trigger mode where enable is automatically done with trigger 
1190:Drivers/STM32G4xx_HAL_Driver/Src/stm32g4xx_hal_tim_ex.c ****   if (IS_TIM_SLAVE_INSTANCE(htim->Instance))
1191:Drivers/STM32G4xx_HAL_Driver/Src/stm32g4xx_hal_tim_ex.c ****   {
1192:Drivers/STM32G4xx_HAL_Driver/Src/stm32g4xx_hal_tim_ex.c ****     tmpsmcr = htim->Instance->SMCR & TIM_SMCR_SMS;
1193:Drivers/STM32G4xx_HAL_Driver/Src/stm32g4xx_hal_tim_ex.c ****     if (!IS_TIM_SLAVEMODE_TRIGGER_ENABLED(tmpsmcr))
1194:Drivers/STM32G4xx_HAL_Driver/Src/stm32g4xx_hal_tim_ex.c ****     {
1195:Drivers/STM32G4xx_HAL_Driver/Src/stm32g4xx_hal_tim_ex.c ****       __HAL_TIM_ENABLE(htim);
1196:Drivers/STM32G4xx_HAL_Driver/Src/stm32g4xx_hal_tim_ex.c ****     }
1197:Drivers/STM32G4xx_HAL_Driver/Src/stm32g4xx_hal_tim_ex.c ****   }
1198:Drivers/STM32G4xx_HAL_Driver/Src/stm32g4xx_hal_tim_ex.c ****   else
1199:Drivers/STM32G4xx_HAL_Driver/Src/stm32g4xx_hal_tim_ex.c ****   {
1200:Drivers/STM32G4xx_HAL_Driver/Src/stm32g4xx_hal_tim_ex.c ****     __HAL_TIM_ENABLE(htim);
1201:Drivers/STM32G4xx_HAL_Driver/Src/stm32g4xx_hal_tim_ex.c ****   }
1202:Drivers/STM32G4xx_HAL_Driver/Src/stm32g4xx_hal_tim_ex.c **** 
1203:Drivers/STM32G4xx_HAL_Driver/Src/stm32g4xx_hal_tim_ex.c ****   /* Return function status */
1204:Drivers/STM32G4xx_HAL_Driver/Src/stm32g4xx_hal_tim_ex.c ****   return HAL_OK;
1205:Drivers/STM32G4xx_HAL_Driver/Src/stm32g4xx_hal_tim_ex.c **** }
1206:Drivers/STM32G4xx_HAL_Driver/Src/stm32g4xx_hal_tim_ex.c **** 
1207:Drivers/STM32G4xx_HAL_Driver/Src/stm32g4xx_hal_tim_ex.c **** /**
1208:Drivers/STM32G4xx_HAL_Driver/Src/stm32g4xx_hal_tim_ex.c ****   * @brief  Stops the PWM signal generation on the complementary output.
1209:Drivers/STM32G4xx_HAL_Driver/Src/stm32g4xx_hal_tim_ex.c ****   * @param  htim TIM handle
1210:Drivers/STM32G4xx_HAL_Driver/Src/stm32g4xx_hal_tim_ex.c ****   * @param  Channel TIM Channel to be disabled
1211:Drivers/STM32G4xx_HAL_Driver/Src/stm32g4xx_hal_tim_ex.c ****   *          This parameter can be one of the following values:
1212:Drivers/STM32G4xx_HAL_Driver/Src/stm32g4xx_hal_tim_ex.c ****   *            @arg TIM_CHANNEL_1: TIM Channel 1 selected
1213:Drivers/STM32G4xx_HAL_Driver/Src/stm32g4xx_hal_tim_ex.c ****   *            @arg TIM_CHANNEL_2: TIM Channel 2 selected
1214:Drivers/STM32G4xx_HAL_Driver/Src/stm32g4xx_hal_tim_ex.c ****   *            @arg TIM_CHANNEL_3: TIM Channel 3 selected
1215:Drivers/STM32G4xx_HAL_Driver/Src/stm32g4xx_hal_tim_ex.c ****   *            @arg TIM_CHANNEL_4: TIM Channel 4 selected
1216:Drivers/STM32G4xx_HAL_Driver/Src/stm32g4xx_hal_tim_ex.c ****   * @retval HAL status
1217:Drivers/STM32G4xx_HAL_Driver/Src/stm32g4xx_hal_tim_ex.c ****   */
1218:Drivers/STM32G4xx_HAL_Driver/Src/stm32g4xx_hal_tim_ex.c **** HAL_StatusTypeDef HAL_TIMEx_PWMN_Stop(TIM_HandleTypeDef *htim, uint32_t Channel)
1219:Drivers/STM32G4xx_HAL_Driver/Src/stm32g4xx_hal_tim_ex.c **** {
1220:Drivers/STM32G4xx_HAL_Driver/Src/stm32g4xx_hal_tim_ex.c ****   /* Check the parameters */
1221:Drivers/STM32G4xx_HAL_Driver/Src/stm32g4xx_hal_tim_ex.c ****   assert_param(IS_TIM_CCXN_INSTANCE(htim->Instance, Channel));
1222:Drivers/STM32G4xx_HAL_Driver/Src/stm32g4xx_hal_tim_ex.c **** 
1223:Drivers/STM32G4xx_HAL_Driver/Src/stm32g4xx_hal_tim_ex.c ****   /* Disable the complementary PWM output  */
1224:Drivers/STM32G4xx_HAL_Driver/Src/stm32g4xx_hal_tim_ex.c ****   TIM_CCxNChannelCmd(htim->Instance, Channel, TIM_CCxN_DISABLE);
1225:Drivers/STM32G4xx_HAL_Driver/Src/stm32g4xx_hal_tim_ex.c **** 
1226:Drivers/STM32G4xx_HAL_Driver/Src/stm32g4xx_hal_tim_ex.c ****   /* Disable the Main Output */
1227:Drivers/STM32G4xx_HAL_Driver/Src/stm32g4xx_hal_tim_ex.c ****   __HAL_TIM_MOE_DISABLE(htim);
ARM GAS  /tmp/ccX78w3T.s 			page 23


1228:Drivers/STM32G4xx_HAL_Driver/Src/stm32g4xx_hal_tim_ex.c **** 
1229:Drivers/STM32G4xx_HAL_Driver/Src/stm32g4xx_hal_tim_ex.c ****   /* Disable the Peripheral */
1230:Drivers/STM32G4xx_HAL_Driver/Src/stm32g4xx_hal_tim_ex.c ****   __HAL_TIM_DISABLE(htim);
1231:Drivers/STM32G4xx_HAL_Driver/Src/stm32g4xx_hal_tim_ex.c **** 
1232:Drivers/STM32G4xx_HAL_Driver/Src/stm32g4xx_hal_tim_ex.c ****   /* Set the TIM complementary channel state */
1233:Drivers/STM32G4xx_HAL_Driver/Src/stm32g4xx_hal_tim_ex.c ****   TIM_CHANNEL_N_STATE_SET(htim, Channel, HAL_TIM_CHANNEL_STATE_READY);
1234:Drivers/STM32G4xx_HAL_Driver/Src/stm32g4xx_hal_tim_ex.c **** 
1235:Drivers/STM32G4xx_HAL_Driver/Src/stm32g4xx_hal_tim_ex.c ****   /* Return function status */
1236:Drivers/STM32G4xx_HAL_Driver/Src/stm32g4xx_hal_tim_ex.c ****   return HAL_OK;
1237:Drivers/STM32G4xx_HAL_Driver/Src/stm32g4xx_hal_tim_ex.c **** }
1238:Drivers/STM32G4xx_HAL_Driver/Src/stm32g4xx_hal_tim_ex.c **** 
1239:Drivers/STM32G4xx_HAL_Driver/Src/stm32g4xx_hal_tim_ex.c **** /**
1240:Drivers/STM32G4xx_HAL_Driver/Src/stm32g4xx_hal_tim_ex.c ****   * @brief  Starts the PWM signal generation in interrupt mode on the
1241:Drivers/STM32G4xx_HAL_Driver/Src/stm32g4xx_hal_tim_ex.c ****   *         complementary output.
1242:Drivers/STM32G4xx_HAL_Driver/Src/stm32g4xx_hal_tim_ex.c ****   * @param  htim TIM handle
1243:Drivers/STM32G4xx_HAL_Driver/Src/stm32g4xx_hal_tim_ex.c ****   * @param  Channel TIM Channel to be disabled
1244:Drivers/STM32G4xx_HAL_Driver/Src/stm32g4xx_hal_tim_ex.c ****   *          This parameter can be one of the following values:
1245:Drivers/STM32G4xx_HAL_Driver/Src/stm32g4xx_hal_tim_ex.c ****   *            @arg TIM_CHANNEL_1: TIM Channel 1 selected
1246:Drivers/STM32G4xx_HAL_Driver/Src/stm32g4xx_hal_tim_ex.c ****   *            @arg TIM_CHANNEL_2: TIM Channel 2 selected
1247:Drivers/STM32G4xx_HAL_Driver/Src/stm32g4xx_hal_tim_ex.c ****   *            @arg TIM_CHANNEL_3: TIM Channel 3 selected
1248:Drivers/STM32G4xx_HAL_Driver/Src/stm32g4xx_hal_tim_ex.c ****   *            @arg TIM_CHANNEL_4: TIM Channel 4 selected
1249:Drivers/STM32G4xx_HAL_Driver/Src/stm32g4xx_hal_tim_ex.c ****   * @retval HAL status
1250:Drivers/STM32G4xx_HAL_Driver/Src/stm32g4xx_hal_tim_ex.c ****   */
1251:Drivers/STM32G4xx_HAL_Driver/Src/stm32g4xx_hal_tim_ex.c **** HAL_StatusTypeDef HAL_TIMEx_PWMN_Start_IT(TIM_HandleTypeDef *htim, uint32_t Channel)
1252:Drivers/STM32G4xx_HAL_Driver/Src/stm32g4xx_hal_tim_ex.c **** {
1253:Drivers/STM32G4xx_HAL_Driver/Src/stm32g4xx_hal_tim_ex.c ****   HAL_StatusTypeDef status = HAL_OK;
1254:Drivers/STM32G4xx_HAL_Driver/Src/stm32g4xx_hal_tim_ex.c ****   uint32_t tmpsmcr;
1255:Drivers/STM32G4xx_HAL_Driver/Src/stm32g4xx_hal_tim_ex.c **** 
1256:Drivers/STM32G4xx_HAL_Driver/Src/stm32g4xx_hal_tim_ex.c ****   /* Check the parameters */
1257:Drivers/STM32G4xx_HAL_Driver/Src/stm32g4xx_hal_tim_ex.c ****   assert_param(IS_TIM_CCXN_INSTANCE(htim->Instance, Channel));
1258:Drivers/STM32G4xx_HAL_Driver/Src/stm32g4xx_hal_tim_ex.c **** 
1259:Drivers/STM32G4xx_HAL_Driver/Src/stm32g4xx_hal_tim_ex.c ****   /* Check the TIM complementary channel state */
1260:Drivers/STM32G4xx_HAL_Driver/Src/stm32g4xx_hal_tim_ex.c ****   if (TIM_CHANNEL_N_STATE_GET(htim, Channel) != HAL_TIM_CHANNEL_STATE_READY)
1261:Drivers/STM32G4xx_HAL_Driver/Src/stm32g4xx_hal_tim_ex.c ****   {
1262:Drivers/STM32G4xx_HAL_Driver/Src/stm32g4xx_hal_tim_ex.c ****     return HAL_ERROR;
1263:Drivers/STM32G4xx_HAL_Driver/Src/stm32g4xx_hal_tim_ex.c ****   }
1264:Drivers/STM32G4xx_HAL_Driver/Src/stm32g4xx_hal_tim_ex.c **** 
1265:Drivers/STM32G4xx_HAL_Driver/Src/stm32g4xx_hal_tim_ex.c ****   /* Set the TIM complementary channel state */
1266:Drivers/STM32G4xx_HAL_Driver/Src/stm32g4xx_hal_tim_ex.c ****   TIM_CHANNEL_N_STATE_SET(htim, Channel, HAL_TIM_CHANNEL_STATE_BUSY);
1267:Drivers/STM32G4xx_HAL_Driver/Src/stm32g4xx_hal_tim_ex.c **** 
1268:Drivers/STM32G4xx_HAL_Driver/Src/stm32g4xx_hal_tim_ex.c ****   switch (Channel)
1269:Drivers/STM32G4xx_HAL_Driver/Src/stm32g4xx_hal_tim_ex.c ****   {
1270:Drivers/STM32G4xx_HAL_Driver/Src/stm32g4xx_hal_tim_ex.c ****     case TIM_CHANNEL_1:
1271:Drivers/STM32G4xx_HAL_Driver/Src/stm32g4xx_hal_tim_ex.c ****     {
1272:Drivers/STM32G4xx_HAL_Driver/Src/stm32g4xx_hal_tim_ex.c ****       /* Enable the TIM Capture/Compare 1 interrupt */
1273:Drivers/STM32G4xx_HAL_Driver/Src/stm32g4xx_hal_tim_ex.c ****       __HAL_TIM_ENABLE_IT(htim, TIM_IT_CC1);
1274:Drivers/STM32G4xx_HAL_Driver/Src/stm32g4xx_hal_tim_ex.c ****       break;
1275:Drivers/STM32G4xx_HAL_Driver/Src/stm32g4xx_hal_tim_ex.c ****     }
1276:Drivers/STM32G4xx_HAL_Driver/Src/stm32g4xx_hal_tim_ex.c **** 
1277:Drivers/STM32G4xx_HAL_Driver/Src/stm32g4xx_hal_tim_ex.c ****     case TIM_CHANNEL_2:
1278:Drivers/STM32G4xx_HAL_Driver/Src/stm32g4xx_hal_tim_ex.c ****     {
1279:Drivers/STM32G4xx_HAL_Driver/Src/stm32g4xx_hal_tim_ex.c ****       /* Enable the TIM Capture/Compare 2 interrupt */
1280:Drivers/STM32G4xx_HAL_Driver/Src/stm32g4xx_hal_tim_ex.c ****       __HAL_TIM_ENABLE_IT(htim, TIM_IT_CC2);
1281:Drivers/STM32G4xx_HAL_Driver/Src/stm32g4xx_hal_tim_ex.c ****       break;
1282:Drivers/STM32G4xx_HAL_Driver/Src/stm32g4xx_hal_tim_ex.c ****     }
1283:Drivers/STM32G4xx_HAL_Driver/Src/stm32g4xx_hal_tim_ex.c **** 
1284:Drivers/STM32G4xx_HAL_Driver/Src/stm32g4xx_hal_tim_ex.c ****     case TIM_CHANNEL_3:
ARM GAS  /tmp/ccX78w3T.s 			page 24


1285:Drivers/STM32G4xx_HAL_Driver/Src/stm32g4xx_hal_tim_ex.c ****     {
1286:Drivers/STM32G4xx_HAL_Driver/Src/stm32g4xx_hal_tim_ex.c ****       /* Enable the TIM Capture/Compare 3 interrupt */
1287:Drivers/STM32G4xx_HAL_Driver/Src/stm32g4xx_hal_tim_ex.c ****       __HAL_TIM_ENABLE_IT(htim, TIM_IT_CC3);
1288:Drivers/STM32G4xx_HAL_Driver/Src/stm32g4xx_hal_tim_ex.c ****       break;
1289:Drivers/STM32G4xx_HAL_Driver/Src/stm32g4xx_hal_tim_ex.c ****     }
1290:Drivers/STM32G4xx_HAL_Driver/Src/stm32g4xx_hal_tim_ex.c **** 
1291:Drivers/STM32G4xx_HAL_Driver/Src/stm32g4xx_hal_tim_ex.c ****     case TIM_CHANNEL_4:
1292:Drivers/STM32G4xx_HAL_Driver/Src/stm32g4xx_hal_tim_ex.c ****     {
1293:Drivers/STM32G4xx_HAL_Driver/Src/stm32g4xx_hal_tim_ex.c ****       /* Enable the TIM Capture/Compare 4 interrupt */
1294:Drivers/STM32G4xx_HAL_Driver/Src/stm32g4xx_hal_tim_ex.c ****       __HAL_TIM_ENABLE_IT(htim, TIM_IT_CC4);
1295:Drivers/STM32G4xx_HAL_Driver/Src/stm32g4xx_hal_tim_ex.c ****       break;
1296:Drivers/STM32G4xx_HAL_Driver/Src/stm32g4xx_hal_tim_ex.c ****     }
1297:Drivers/STM32G4xx_HAL_Driver/Src/stm32g4xx_hal_tim_ex.c **** 
1298:Drivers/STM32G4xx_HAL_Driver/Src/stm32g4xx_hal_tim_ex.c ****     default:
1299:Drivers/STM32G4xx_HAL_Driver/Src/stm32g4xx_hal_tim_ex.c ****       status = HAL_ERROR;
1300:Drivers/STM32G4xx_HAL_Driver/Src/stm32g4xx_hal_tim_ex.c ****       break;
1301:Drivers/STM32G4xx_HAL_Driver/Src/stm32g4xx_hal_tim_ex.c ****   }
1302:Drivers/STM32G4xx_HAL_Driver/Src/stm32g4xx_hal_tim_ex.c **** 
1303:Drivers/STM32G4xx_HAL_Driver/Src/stm32g4xx_hal_tim_ex.c ****   if (status == HAL_OK)
1304:Drivers/STM32G4xx_HAL_Driver/Src/stm32g4xx_hal_tim_ex.c ****   {
1305:Drivers/STM32G4xx_HAL_Driver/Src/stm32g4xx_hal_tim_ex.c ****     /* Enable the TIM Break interrupt */
1306:Drivers/STM32G4xx_HAL_Driver/Src/stm32g4xx_hal_tim_ex.c ****     __HAL_TIM_ENABLE_IT(htim, TIM_IT_BREAK);
1307:Drivers/STM32G4xx_HAL_Driver/Src/stm32g4xx_hal_tim_ex.c **** 
1308:Drivers/STM32G4xx_HAL_Driver/Src/stm32g4xx_hal_tim_ex.c ****     /* Enable the complementary PWM output  */
1309:Drivers/STM32G4xx_HAL_Driver/Src/stm32g4xx_hal_tim_ex.c ****     TIM_CCxNChannelCmd(htim->Instance, Channel, TIM_CCxN_ENABLE);
1310:Drivers/STM32G4xx_HAL_Driver/Src/stm32g4xx_hal_tim_ex.c **** 
1311:Drivers/STM32G4xx_HAL_Driver/Src/stm32g4xx_hal_tim_ex.c ****     /* Enable the Main Output */
1312:Drivers/STM32G4xx_HAL_Driver/Src/stm32g4xx_hal_tim_ex.c ****     __HAL_TIM_MOE_ENABLE(htim);
1313:Drivers/STM32G4xx_HAL_Driver/Src/stm32g4xx_hal_tim_ex.c **** 
1314:Drivers/STM32G4xx_HAL_Driver/Src/stm32g4xx_hal_tim_ex.c ****     /* Enable the Peripheral, except in trigger mode where enable is automatically done with trigge
1315:Drivers/STM32G4xx_HAL_Driver/Src/stm32g4xx_hal_tim_ex.c ****     if (IS_TIM_SLAVE_INSTANCE(htim->Instance))
1316:Drivers/STM32G4xx_HAL_Driver/Src/stm32g4xx_hal_tim_ex.c ****     {
1317:Drivers/STM32G4xx_HAL_Driver/Src/stm32g4xx_hal_tim_ex.c ****       tmpsmcr = htim->Instance->SMCR & TIM_SMCR_SMS;
1318:Drivers/STM32G4xx_HAL_Driver/Src/stm32g4xx_hal_tim_ex.c ****       if (!IS_TIM_SLAVEMODE_TRIGGER_ENABLED(tmpsmcr))
1319:Drivers/STM32G4xx_HAL_Driver/Src/stm32g4xx_hal_tim_ex.c ****       {
1320:Drivers/STM32G4xx_HAL_Driver/Src/stm32g4xx_hal_tim_ex.c ****         __HAL_TIM_ENABLE(htim);
1321:Drivers/STM32G4xx_HAL_Driver/Src/stm32g4xx_hal_tim_ex.c ****       }
1322:Drivers/STM32G4xx_HAL_Driver/Src/stm32g4xx_hal_tim_ex.c ****     }
1323:Drivers/STM32G4xx_HAL_Driver/Src/stm32g4xx_hal_tim_ex.c ****     else
1324:Drivers/STM32G4xx_HAL_Driver/Src/stm32g4xx_hal_tim_ex.c ****     {
1325:Drivers/STM32G4xx_HAL_Driver/Src/stm32g4xx_hal_tim_ex.c ****       __HAL_TIM_ENABLE(htim);
1326:Drivers/STM32G4xx_HAL_Driver/Src/stm32g4xx_hal_tim_ex.c ****     }
1327:Drivers/STM32G4xx_HAL_Driver/Src/stm32g4xx_hal_tim_ex.c ****   }
1328:Drivers/STM32G4xx_HAL_Driver/Src/stm32g4xx_hal_tim_ex.c **** 
1329:Drivers/STM32G4xx_HAL_Driver/Src/stm32g4xx_hal_tim_ex.c ****   /* Return function status */
1330:Drivers/STM32G4xx_HAL_Driver/Src/stm32g4xx_hal_tim_ex.c ****   return status;
1331:Drivers/STM32G4xx_HAL_Driver/Src/stm32g4xx_hal_tim_ex.c **** }
1332:Drivers/STM32G4xx_HAL_Driver/Src/stm32g4xx_hal_tim_ex.c **** 
1333:Drivers/STM32G4xx_HAL_Driver/Src/stm32g4xx_hal_tim_ex.c **** /**
1334:Drivers/STM32G4xx_HAL_Driver/Src/stm32g4xx_hal_tim_ex.c ****   * @brief  Stops the PWM signal generation in interrupt mode on the
1335:Drivers/STM32G4xx_HAL_Driver/Src/stm32g4xx_hal_tim_ex.c ****   *         complementary output.
1336:Drivers/STM32G4xx_HAL_Driver/Src/stm32g4xx_hal_tim_ex.c ****   * @param  htim TIM handle
1337:Drivers/STM32G4xx_HAL_Driver/Src/stm32g4xx_hal_tim_ex.c ****   * @param  Channel TIM Channel to be disabled
1338:Drivers/STM32G4xx_HAL_Driver/Src/stm32g4xx_hal_tim_ex.c ****   *          This parameter can be one of the following values:
1339:Drivers/STM32G4xx_HAL_Driver/Src/stm32g4xx_hal_tim_ex.c ****   *            @arg TIM_CHANNEL_1: TIM Channel 1 selected
1340:Drivers/STM32G4xx_HAL_Driver/Src/stm32g4xx_hal_tim_ex.c ****   *            @arg TIM_CHANNEL_2: TIM Channel 2 selected
1341:Drivers/STM32G4xx_HAL_Driver/Src/stm32g4xx_hal_tim_ex.c ****   *            @arg TIM_CHANNEL_3: TIM Channel 3 selected
ARM GAS  /tmp/ccX78w3T.s 			page 25


1342:Drivers/STM32G4xx_HAL_Driver/Src/stm32g4xx_hal_tim_ex.c ****   *            @arg TIM_CHANNEL_4: TIM Channel 4 selected
1343:Drivers/STM32G4xx_HAL_Driver/Src/stm32g4xx_hal_tim_ex.c ****   * @retval HAL status
1344:Drivers/STM32G4xx_HAL_Driver/Src/stm32g4xx_hal_tim_ex.c ****   */
1345:Drivers/STM32G4xx_HAL_Driver/Src/stm32g4xx_hal_tim_ex.c **** HAL_StatusTypeDef HAL_TIMEx_PWMN_Stop_IT(TIM_HandleTypeDef *htim, uint32_t Channel)
1346:Drivers/STM32G4xx_HAL_Driver/Src/stm32g4xx_hal_tim_ex.c **** {
1347:Drivers/STM32G4xx_HAL_Driver/Src/stm32g4xx_hal_tim_ex.c ****   HAL_StatusTypeDef status = HAL_OK;
1348:Drivers/STM32G4xx_HAL_Driver/Src/stm32g4xx_hal_tim_ex.c ****   uint32_t tmpccer;
1349:Drivers/STM32G4xx_HAL_Driver/Src/stm32g4xx_hal_tim_ex.c **** 
1350:Drivers/STM32G4xx_HAL_Driver/Src/stm32g4xx_hal_tim_ex.c ****   /* Check the parameters */
1351:Drivers/STM32G4xx_HAL_Driver/Src/stm32g4xx_hal_tim_ex.c ****   assert_param(IS_TIM_CCXN_INSTANCE(htim->Instance, Channel));
1352:Drivers/STM32G4xx_HAL_Driver/Src/stm32g4xx_hal_tim_ex.c **** 
1353:Drivers/STM32G4xx_HAL_Driver/Src/stm32g4xx_hal_tim_ex.c ****   switch (Channel)
1354:Drivers/STM32G4xx_HAL_Driver/Src/stm32g4xx_hal_tim_ex.c ****   {
1355:Drivers/STM32G4xx_HAL_Driver/Src/stm32g4xx_hal_tim_ex.c ****     case TIM_CHANNEL_1:
1356:Drivers/STM32G4xx_HAL_Driver/Src/stm32g4xx_hal_tim_ex.c ****     {
1357:Drivers/STM32G4xx_HAL_Driver/Src/stm32g4xx_hal_tim_ex.c ****       /* Disable the TIM Capture/Compare 1 interrupt */
1358:Drivers/STM32G4xx_HAL_Driver/Src/stm32g4xx_hal_tim_ex.c ****       __HAL_TIM_DISABLE_IT(htim, TIM_IT_CC1);
1359:Drivers/STM32G4xx_HAL_Driver/Src/stm32g4xx_hal_tim_ex.c ****       break;
1360:Drivers/STM32G4xx_HAL_Driver/Src/stm32g4xx_hal_tim_ex.c ****     }
1361:Drivers/STM32G4xx_HAL_Driver/Src/stm32g4xx_hal_tim_ex.c **** 
1362:Drivers/STM32G4xx_HAL_Driver/Src/stm32g4xx_hal_tim_ex.c ****     case TIM_CHANNEL_2:
1363:Drivers/STM32G4xx_HAL_Driver/Src/stm32g4xx_hal_tim_ex.c ****     {
1364:Drivers/STM32G4xx_HAL_Driver/Src/stm32g4xx_hal_tim_ex.c ****       /* Disable the TIM Capture/Compare 2 interrupt */
1365:Drivers/STM32G4xx_HAL_Driver/Src/stm32g4xx_hal_tim_ex.c ****       __HAL_TIM_DISABLE_IT(htim, TIM_IT_CC2);
1366:Drivers/STM32G4xx_HAL_Driver/Src/stm32g4xx_hal_tim_ex.c ****       break;
1367:Drivers/STM32G4xx_HAL_Driver/Src/stm32g4xx_hal_tim_ex.c ****     }
1368:Drivers/STM32G4xx_HAL_Driver/Src/stm32g4xx_hal_tim_ex.c **** 
1369:Drivers/STM32G4xx_HAL_Driver/Src/stm32g4xx_hal_tim_ex.c ****     case TIM_CHANNEL_3:
1370:Drivers/STM32G4xx_HAL_Driver/Src/stm32g4xx_hal_tim_ex.c ****     {
1371:Drivers/STM32G4xx_HAL_Driver/Src/stm32g4xx_hal_tim_ex.c ****       /* Disable the TIM Capture/Compare 3 interrupt */
1372:Drivers/STM32G4xx_HAL_Driver/Src/stm32g4xx_hal_tim_ex.c ****       __HAL_TIM_DISABLE_IT(htim, TIM_IT_CC3);
1373:Drivers/STM32G4xx_HAL_Driver/Src/stm32g4xx_hal_tim_ex.c ****       break;
1374:Drivers/STM32G4xx_HAL_Driver/Src/stm32g4xx_hal_tim_ex.c ****     }
1375:Drivers/STM32G4xx_HAL_Driver/Src/stm32g4xx_hal_tim_ex.c **** 
1376:Drivers/STM32G4xx_HAL_Driver/Src/stm32g4xx_hal_tim_ex.c ****     case TIM_CHANNEL_4:
1377:Drivers/STM32G4xx_HAL_Driver/Src/stm32g4xx_hal_tim_ex.c ****     {
1378:Drivers/STM32G4xx_HAL_Driver/Src/stm32g4xx_hal_tim_ex.c ****       /* Disable the TIM Capture/Compare 4 interrupt */
1379:Drivers/STM32G4xx_HAL_Driver/Src/stm32g4xx_hal_tim_ex.c ****       __HAL_TIM_DISABLE_IT(htim, TIM_IT_CC4);
1380:Drivers/STM32G4xx_HAL_Driver/Src/stm32g4xx_hal_tim_ex.c ****       break;
1381:Drivers/STM32G4xx_HAL_Driver/Src/stm32g4xx_hal_tim_ex.c ****     }
1382:Drivers/STM32G4xx_HAL_Driver/Src/stm32g4xx_hal_tim_ex.c **** 
1383:Drivers/STM32G4xx_HAL_Driver/Src/stm32g4xx_hal_tim_ex.c ****     default:
1384:Drivers/STM32G4xx_HAL_Driver/Src/stm32g4xx_hal_tim_ex.c ****       status = HAL_ERROR;
1385:Drivers/STM32G4xx_HAL_Driver/Src/stm32g4xx_hal_tim_ex.c ****       break;
1386:Drivers/STM32G4xx_HAL_Driver/Src/stm32g4xx_hal_tim_ex.c ****   }
1387:Drivers/STM32G4xx_HAL_Driver/Src/stm32g4xx_hal_tim_ex.c **** 
1388:Drivers/STM32G4xx_HAL_Driver/Src/stm32g4xx_hal_tim_ex.c ****   if (status == HAL_OK)
1389:Drivers/STM32G4xx_HAL_Driver/Src/stm32g4xx_hal_tim_ex.c ****   {
1390:Drivers/STM32G4xx_HAL_Driver/Src/stm32g4xx_hal_tim_ex.c ****     /* Disable the complementary PWM output  */
1391:Drivers/STM32G4xx_HAL_Driver/Src/stm32g4xx_hal_tim_ex.c ****     TIM_CCxNChannelCmd(htim->Instance, Channel, TIM_CCxN_DISABLE);
1392:Drivers/STM32G4xx_HAL_Driver/Src/stm32g4xx_hal_tim_ex.c **** 
1393:Drivers/STM32G4xx_HAL_Driver/Src/stm32g4xx_hal_tim_ex.c ****     /* Disable the TIM Break interrupt (only if no more channel is active) */
1394:Drivers/STM32G4xx_HAL_Driver/Src/stm32g4xx_hal_tim_ex.c ****     tmpccer = htim->Instance->CCER;
1395:Drivers/STM32G4xx_HAL_Driver/Src/stm32g4xx_hal_tim_ex.c ****     if ((tmpccer & TIM_CCER_CCxNE_MASK) == (uint32_t)RESET)
1396:Drivers/STM32G4xx_HAL_Driver/Src/stm32g4xx_hal_tim_ex.c ****     {
1397:Drivers/STM32G4xx_HAL_Driver/Src/stm32g4xx_hal_tim_ex.c ****       __HAL_TIM_DISABLE_IT(htim, TIM_IT_BREAK);
1398:Drivers/STM32G4xx_HAL_Driver/Src/stm32g4xx_hal_tim_ex.c ****     }
ARM GAS  /tmp/ccX78w3T.s 			page 26


1399:Drivers/STM32G4xx_HAL_Driver/Src/stm32g4xx_hal_tim_ex.c **** 
1400:Drivers/STM32G4xx_HAL_Driver/Src/stm32g4xx_hal_tim_ex.c ****     /* Disable the Main Output */
1401:Drivers/STM32G4xx_HAL_Driver/Src/stm32g4xx_hal_tim_ex.c ****     __HAL_TIM_MOE_DISABLE(htim);
1402:Drivers/STM32G4xx_HAL_Driver/Src/stm32g4xx_hal_tim_ex.c **** 
1403:Drivers/STM32G4xx_HAL_Driver/Src/stm32g4xx_hal_tim_ex.c ****     /* Disable the Peripheral */
1404:Drivers/STM32G4xx_HAL_Driver/Src/stm32g4xx_hal_tim_ex.c ****     __HAL_TIM_DISABLE(htim);
1405:Drivers/STM32G4xx_HAL_Driver/Src/stm32g4xx_hal_tim_ex.c **** 
1406:Drivers/STM32G4xx_HAL_Driver/Src/stm32g4xx_hal_tim_ex.c ****     /* Set the TIM complementary channel state */
1407:Drivers/STM32G4xx_HAL_Driver/Src/stm32g4xx_hal_tim_ex.c ****     TIM_CHANNEL_N_STATE_SET(htim, Channel, HAL_TIM_CHANNEL_STATE_READY);
1408:Drivers/STM32G4xx_HAL_Driver/Src/stm32g4xx_hal_tim_ex.c ****   }
1409:Drivers/STM32G4xx_HAL_Driver/Src/stm32g4xx_hal_tim_ex.c **** 
1410:Drivers/STM32G4xx_HAL_Driver/Src/stm32g4xx_hal_tim_ex.c ****   /* Return function status */
1411:Drivers/STM32G4xx_HAL_Driver/Src/stm32g4xx_hal_tim_ex.c ****   return status;
1412:Drivers/STM32G4xx_HAL_Driver/Src/stm32g4xx_hal_tim_ex.c **** }
1413:Drivers/STM32G4xx_HAL_Driver/Src/stm32g4xx_hal_tim_ex.c **** 
1414:Drivers/STM32G4xx_HAL_Driver/Src/stm32g4xx_hal_tim_ex.c **** /**
1415:Drivers/STM32G4xx_HAL_Driver/Src/stm32g4xx_hal_tim_ex.c ****   * @brief  Starts the TIM PWM signal generation in DMA mode on the
1416:Drivers/STM32G4xx_HAL_Driver/Src/stm32g4xx_hal_tim_ex.c ****   *         complementary output
1417:Drivers/STM32G4xx_HAL_Driver/Src/stm32g4xx_hal_tim_ex.c ****   * @param  htim TIM handle
1418:Drivers/STM32G4xx_HAL_Driver/Src/stm32g4xx_hal_tim_ex.c ****   * @param  Channel TIM Channel to be enabled
1419:Drivers/STM32G4xx_HAL_Driver/Src/stm32g4xx_hal_tim_ex.c ****   *          This parameter can be one of the following values:
1420:Drivers/STM32G4xx_HAL_Driver/Src/stm32g4xx_hal_tim_ex.c ****   *            @arg TIM_CHANNEL_1: TIM Channel 1 selected
1421:Drivers/STM32G4xx_HAL_Driver/Src/stm32g4xx_hal_tim_ex.c ****   *            @arg TIM_CHANNEL_2: TIM Channel 2 selected
1422:Drivers/STM32G4xx_HAL_Driver/Src/stm32g4xx_hal_tim_ex.c ****   *            @arg TIM_CHANNEL_3: TIM Channel 3 selected
1423:Drivers/STM32G4xx_HAL_Driver/Src/stm32g4xx_hal_tim_ex.c ****   *            @arg TIM_CHANNEL_4: TIM Channel 4 selected
1424:Drivers/STM32G4xx_HAL_Driver/Src/stm32g4xx_hal_tim_ex.c ****   * @param  pData The source Buffer address.
1425:Drivers/STM32G4xx_HAL_Driver/Src/stm32g4xx_hal_tim_ex.c ****   * @param  Length The length of data to be transferred from memory to TIM peripheral
1426:Drivers/STM32G4xx_HAL_Driver/Src/stm32g4xx_hal_tim_ex.c ****   * @retval HAL status
1427:Drivers/STM32G4xx_HAL_Driver/Src/stm32g4xx_hal_tim_ex.c ****   */
1428:Drivers/STM32G4xx_HAL_Driver/Src/stm32g4xx_hal_tim_ex.c **** HAL_StatusTypeDef HAL_TIMEx_PWMN_Start_DMA(TIM_HandleTypeDef *htim, uint32_t Channel, const uint32_
1429:Drivers/STM32G4xx_HAL_Driver/Src/stm32g4xx_hal_tim_ex.c ****                                            uint16_t Length)
1430:Drivers/STM32G4xx_HAL_Driver/Src/stm32g4xx_hal_tim_ex.c **** {
1431:Drivers/STM32G4xx_HAL_Driver/Src/stm32g4xx_hal_tim_ex.c ****   HAL_StatusTypeDef status = HAL_OK;
1432:Drivers/STM32G4xx_HAL_Driver/Src/stm32g4xx_hal_tim_ex.c ****   uint32_t tmpsmcr;
1433:Drivers/STM32G4xx_HAL_Driver/Src/stm32g4xx_hal_tim_ex.c **** 
1434:Drivers/STM32G4xx_HAL_Driver/Src/stm32g4xx_hal_tim_ex.c ****   /* Check the parameters */
1435:Drivers/STM32G4xx_HAL_Driver/Src/stm32g4xx_hal_tim_ex.c ****   assert_param(IS_TIM_CCXN_INSTANCE(htim->Instance, Channel));
1436:Drivers/STM32G4xx_HAL_Driver/Src/stm32g4xx_hal_tim_ex.c **** 
1437:Drivers/STM32G4xx_HAL_Driver/Src/stm32g4xx_hal_tim_ex.c ****   /* Set the TIM complementary channel state */
1438:Drivers/STM32G4xx_HAL_Driver/Src/stm32g4xx_hal_tim_ex.c ****   if (TIM_CHANNEL_N_STATE_GET(htim, Channel) == HAL_TIM_CHANNEL_STATE_BUSY)
1439:Drivers/STM32G4xx_HAL_Driver/Src/stm32g4xx_hal_tim_ex.c ****   {
1440:Drivers/STM32G4xx_HAL_Driver/Src/stm32g4xx_hal_tim_ex.c ****     return HAL_BUSY;
1441:Drivers/STM32G4xx_HAL_Driver/Src/stm32g4xx_hal_tim_ex.c ****   }
1442:Drivers/STM32G4xx_HAL_Driver/Src/stm32g4xx_hal_tim_ex.c ****   else if (TIM_CHANNEL_N_STATE_GET(htim, Channel) == HAL_TIM_CHANNEL_STATE_READY)
1443:Drivers/STM32G4xx_HAL_Driver/Src/stm32g4xx_hal_tim_ex.c ****   {
1444:Drivers/STM32G4xx_HAL_Driver/Src/stm32g4xx_hal_tim_ex.c ****     if ((pData == NULL) || (Length == 0U))
1445:Drivers/STM32G4xx_HAL_Driver/Src/stm32g4xx_hal_tim_ex.c ****     {
1446:Drivers/STM32G4xx_HAL_Driver/Src/stm32g4xx_hal_tim_ex.c ****       return HAL_ERROR;
1447:Drivers/STM32G4xx_HAL_Driver/Src/stm32g4xx_hal_tim_ex.c ****     }
1448:Drivers/STM32G4xx_HAL_Driver/Src/stm32g4xx_hal_tim_ex.c ****     else
1449:Drivers/STM32G4xx_HAL_Driver/Src/stm32g4xx_hal_tim_ex.c ****     {
1450:Drivers/STM32G4xx_HAL_Driver/Src/stm32g4xx_hal_tim_ex.c ****       TIM_CHANNEL_N_STATE_SET(htim, Channel, HAL_TIM_CHANNEL_STATE_BUSY);
1451:Drivers/STM32G4xx_HAL_Driver/Src/stm32g4xx_hal_tim_ex.c ****     }
1452:Drivers/STM32G4xx_HAL_Driver/Src/stm32g4xx_hal_tim_ex.c ****   }
1453:Drivers/STM32G4xx_HAL_Driver/Src/stm32g4xx_hal_tim_ex.c ****   else
1454:Drivers/STM32G4xx_HAL_Driver/Src/stm32g4xx_hal_tim_ex.c ****   {
1455:Drivers/STM32G4xx_HAL_Driver/Src/stm32g4xx_hal_tim_ex.c ****     return HAL_ERROR;
ARM GAS  /tmp/ccX78w3T.s 			page 27


1456:Drivers/STM32G4xx_HAL_Driver/Src/stm32g4xx_hal_tim_ex.c ****   }
1457:Drivers/STM32G4xx_HAL_Driver/Src/stm32g4xx_hal_tim_ex.c **** 
1458:Drivers/STM32G4xx_HAL_Driver/Src/stm32g4xx_hal_tim_ex.c ****   switch (Channel)
1459:Drivers/STM32G4xx_HAL_Driver/Src/stm32g4xx_hal_tim_ex.c ****   {
1460:Drivers/STM32G4xx_HAL_Driver/Src/stm32g4xx_hal_tim_ex.c ****     case TIM_CHANNEL_1:
1461:Drivers/STM32G4xx_HAL_Driver/Src/stm32g4xx_hal_tim_ex.c ****     {
1462:Drivers/STM32G4xx_HAL_Driver/Src/stm32g4xx_hal_tim_ex.c ****       /* Set the DMA compare callbacks */
1463:Drivers/STM32G4xx_HAL_Driver/Src/stm32g4xx_hal_tim_ex.c ****       htim->hdma[TIM_DMA_ID_CC1]->XferCpltCallback = TIM_DMADelayPulseNCplt;
1464:Drivers/STM32G4xx_HAL_Driver/Src/stm32g4xx_hal_tim_ex.c ****       htim->hdma[TIM_DMA_ID_CC1]->XferHalfCpltCallback = TIM_DMADelayPulseHalfCplt;
1465:Drivers/STM32G4xx_HAL_Driver/Src/stm32g4xx_hal_tim_ex.c **** 
1466:Drivers/STM32G4xx_HAL_Driver/Src/stm32g4xx_hal_tim_ex.c ****       /* Set the DMA error callback */
1467:Drivers/STM32G4xx_HAL_Driver/Src/stm32g4xx_hal_tim_ex.c ****       htim->hdma[TIM_DMA_ID_CC1]->XferErrorCallback = TIM_DMAErrorCCxN ;
1468:Drivers/STM32G4xx_HAL_Driver/Src/stm32g4xx_hal_tim_ex.c **** 
1469:Drivers/STM32G4xx_HAL_Driver/Src/stm32g4xx_hal_tim_ex.c ****       /* Enable the DMA channel */
1470:Drivers/STM32G4xx_HAL_Driver/Src/stm32g4xx_hal_tim_ex.c ****       if (HAL_DMA_Start_IT(htim->hdma[TIM_DMA_ID_CC1], (uint32_t)pData, (uint32_t)&htim->Instance->
1471:Drivers/STM32G4xx_HAL_Driver/Src/stm32g4xx_hal_tim_ex.c ****                            Length) != HAL_OK)
1472:Drivers/STM32G4xx_HAL_Driver/Src/stm32g4xx_hal_tim_ex.c ****       {
1473:Drivers/STM32G4xx_HAL_Driver/Src/stm32g4xx_hal_tim_ex.c ****         /* Return error status */
1474:Drivers/STM32G4xx_HAL_Driver/Src/stm32g4xx_hal_tim_ex.c ****         return HAL_ERROR;
1475:Drivers/STM32G4xx_HAL_Driver/Src/stm32g4xx_hal_tim_ex.c ****       }
1476:Drivers/STM32G4xx_HAL_Driver/Src/stm32g4xx_hal_tim_ex.c ****       /* Enable the TIM Capture/Compare 1 DMA request */
1477:Drivers/STM32G4xx_HAL_Driver/Src/stm32g4xx_hal_tim_ex.c ****       __HAL_TIM_ENABLE_DMA(htim, TIM_DMA_CC1);
1478:Drivers/STM32G4xx_HAL_Driver/Src/stm32g4xx_hal_tim_ex.c ****       break;
1479:Drivers/STM32G4xx_HAL_Driver/Src/stm32g4xx_hal_tim_ex.c ****     }
1480:Drivers/STM32G4xx_HAL_Driver/Src/stm32g4xx_hal_tim_ex.c **** 
1481:Drivers/STM32G4xx_HAL_Driver/Src/stm32g4xx_hal_tim_ex.c ****     case TIM_CHANNEL_2:
1482:Drivers/STM32G4xx_HAL_Driver/Src/stm32g4xx_hal_tim_ex.c ****     {
1483:Drivers/STM32G4xx_HAL_Driver/Src/stm32g4xx_hal_tim_ex.c ****       /* Set the DMA compare callbacks */
1484:Drivers/STM32G4xx_HAL_Driver/Src/stm32g4xx_hal_tim_ex.c ****       htim->hdma[TIM_DMA_ID_CC2]->XferCpltCallback = TIM_DMADelayPulseNCplt;
1485:Drivers/STM32G4xx_HAL_Driver/Src/stm32g4xx_hal_tim_ex.c ****       htim->hdma[TIM_DMA_ID_CC2]->XferHalfCpltCallback = TIM_DMADelayPulseHalfCplt;
1486:Drivers/STM32G4xx_HAL_Driver/Src/stm32g4xx_hal_tim_ex.c **** 
1487:Drivers/STM32G4xx_HAL_Driver/Src/stm32g4xx_hal_tim_ex.c ****       /* Set the DMA error callback */
1488:Drivers/STM32G4xx_HAL_Driver/Src/stm32g4xx_hal_tim_ex.c ****       htim->hdma[TIM_DMA_ID_CC2]->XferErrorCallback = TIM_DMAErrorCCxN ;
1489:Drivers/STM32G4xx_HAL_Driver/Src/stm32g4xx_hal_tim_ex.c **** 
1490:Drivers/STM32G4xx_HAL_Driver/Src/stm32g4xx_hal_tim_ex.c ****       /* Enable the DMA channel */
1491:Drivers/STM32G4xx_HAL_Driver/Src/stm32g4xx_hal_tim_ex.c ****       if (HAL_DMA_Start_IT(htim->hdma[TIM_DMA_ID_CC2], (uint32_t)pData, (uint32_t)&htim->Instance->
1492:Drivers/STM32G4xx_HAL_Driver/Src/stm32g4xx_hal_tim_ex.c ****                            Length) != HAL_OK)
1493:Drivers/STM32G4xx_HAL_Driver/Src/stm32g4xx_hal_tim_ex.c ****       {
1494:Drivers/STM32G4xx_HAL_Driver/Src/stm32g4xx_hal_tim_ex.c ****         /* Return error status */
1495:Drivers/STM32G4xx_HAL_Driver/Src/stm32g4xx_hal_tim_ex.c ****         return HAL_ERROR;
1496:Drivers/STM32G4xx_HAL_Driver/Src/stm32g4xx_hal_tim_ex.c ****       }
1497:Drivers/STM32G4xx_HAL_Driver/Src/stm32g4xx_hal_tim_ex.c ****       /* Enable the TIM Capture/Compare 2 DMA request */
1498:Drivers/STM32G4xx_HAL_Driver/Src/stm32g4xx_hal_tim_ex.c ****       __HAL_TIM_ENABLE_DMA(htim, TIM_DMA_CC2);
1499:Drivers/STM32G4xx_HAL_Driver/Src/stm32g4xx_hal_tim_ex.c ****       break;
1500:Drivers/STM32G4xx_HAL_Driver/Src/stm32g4xx_hal_tim_ex.c ****     }
1501:Drivers/STM32G4xx_HAL_Driver/Src/stm32g4xx_hal_tim_ex.c **** 
1502:Drivers/STM32G4xx_HAL_Driver/Src/stm32g4xx_hal_tim_ex.c ****     case TIM_CHANNEL_3:
1503:Drivers/STM32G4xx_HAL_Driver/Src/stm32g4xx_hal_tim_ex.c ****     {
1504:Drivers/STM32G4xx_HAL_Driver/Src/stm32g4xx_hal_tim_ex.c ****       /* Set the DMA compare callbacks */
1505:Drivers/STM32G4xx_HAL_Driver/Src/stm32g4xx_hal_tim_ex.c ****       htim->hdma[TIM_DMA_ID_CC3]->XferCpltCallback = TIM_DMADelayPulseNCplt;
1506:Drivers/STM32G4xx_HAL_Driver/Src/stm32g4xx_hal_tim_ex.c ****       htim->hdma[TIM_DMA_ID_CC3]->XferHalfCpltCallback = TIM_DMADelayPulseHalfCplt;
1507:Drivers/STM32G4xx_HAL_Driver/Src/stm32g4xx_hal_tim_ex.c **** 
1508:Drivers/STM32G4xx_HAL_Driver/Src/stm32g4xx_hal_tim_ex.c ****       /* Set the DMA error callback */
1509:Drivers/STM32G4xx_HAL_Driver/Src/stm32g4xx_hal_tim_ex.c ****       htim->hdma[TIM_DMA_ID_CC3]->XferErrorCallback = TIM_DMAErrorCCxN ;
1510:Drivers/STM32G4xx_HAL_Driver/Src/stm32g4xx_hal_tim_ex.c **** 
1511:Drivers/STM32G4xx_HAL_Driver/Src/stm32g4xx_hal_tim_ex.c ****       /* Enable the DMA channel */
1512:Drivers/STM32G4xx_HAL_Driver/Src/stm32g4xx_hal_tim_ex.c ****       if (HAL_DMA_Start_IT(htim->hdma[TIM_DMA_ID_CC3], (uint32_t)pData, (uint32_t)&htim->Instance->
ARM GAS  /tmp/ccX78w3T.s 			page 28


1513:Drivers/STM32G4xx_HAL_Driver/Src/stm32g4xx_hal_tim_ex.c ****                            Length) != HAL_OK)
1514:Drivers/STM32G4xx_HAL_Driver/Src/stm32g4xx_hal_tim_ex.c ****       {
1515:Drivers/STM32G4xx_HAL_Driver/Src/stm32g4xx_hal_tim_ex.c ****         /* Return error status */
1516:Drivers/STM32G4xx_HAL_Driver/Src/stm32g4xx_hal_tim_ex.c ****         return HAL_ERROR;
1517:Drivers/STM32G4xx_HAL_Driver/Src/stm32g4xx_hal_tim_ex.c ****       }
1518:Drivers/STM32G4xx_HAL_Driver/Src/stm32g4xx_hal_tim_ex.c ****       /* Enable the TIM Capture/Compare 3 DMA request */
1519:Drivers/STM32G4xx_HAL_Driver/Src/stm32g4xx_hal_tim_ex.c ****       __HAL_TIM_ENABLE_DMA(htim, TIM_DMA_CC3);
1520:Drivers/STM32G4xx_HAL_Driver/Src/stm32g4xx_hal_tim_ex.c ****       break;
1521:Drivers/STM32G4xx_HAL_Driver/Src/stm32g4xx_hal_tim_ex.c ****     }
1522:Drivers/STM32G4xx_HAL_Driver/Src/stm32g4xx_hal_tim_ex.c **** 
1523:Drivers/STM32G4xx_HAL_Driver/Src/stm32g4xx_hal_tim_ex.c ****     case TIM_CHANNEL_4:
1524:Drivers/STM32G4xx_HAL_Driver/Src/stm32g4xx_hal_tim_ex.c ****     {
1525:Drivers/STM32G4xx_HAL_Driver/Src/stm32g4xx_hal_tim_ex.c ****       /* Set the DMA compare callbacks */
1526:Drivers/STM32G4xx_HAL_Driver/Src/stm32g4xx_hal_tim_ex.c ****       htim->hdma[TIM_DMA_ID_CC4]->XferCpltCallback = TIM_DMADelayPulseNCplt;
1527:Drivers/STM32G4xx_HAL_Driver/Src/stm32g4xx_hal_tim_ex.c ****       htim->hdma[TIM_DMA_ID_CC4]->XferHalfCpltCallback = TIM_DMADelayPulseHalfCplt;
1528:Drivers/STM32G4xx_HAL_Driver/Src/stm32g4xx_hal_tim_ex.c **** 
1529:Drivers/STM32G4xx_HAL_Driver/Src/stm32g4xx_hal_tim_ex.c ****       /* Set the DMA error callback */
1530:Drivers/STM32G4xx_HAL_Driver/Src/stm32g4xx_hal_tim_ex.c ****       htim->hdma[TIM_DMA_ID_CC4]->XferErrorCallback = TIM_DMAErrorCCxN ;
1531:Drivers/STM32G4xx_HAL_Driver/Src/stm32g4xx_hal_tim_ex.c **** 
1532:Drivers/STM32G4xx_HAL_Driver/Src/stm32g4xx_hal_tim_ex.c ****       /* Enable the DMA channel */
1533:Drivers/STM32G4xx_HAL_Driver/Src/stm32g4xx_hal_tim_ex.c ****       if (HAL_DMA_Start_IT(htim->hdma[TIM_DMA_ID_CC4], (uint32_t)pData, (uint32_t)&htim->Instance->
1534:Drivers/STM32G4xx_HAL_Driver/Src/stm32g4xx_hal_tim_ex.c ****                            Length) != HAL_OK)
1535:Drivers/STM32G4xx_HAL_Driver/Src/stm32g4xx_hal_tim_ex.c ****       {
1536:Drivers/STM32G4xx_HAL_Driver/Src/stm32g4xx_hal_tim_ex.c ****         /* Return error status */
1537:Drivers/STM32G4xx_HAL_Driver/Src/stm32g4xx_hal_tim_ex.c ****         return HAL_ERROR;
1538:Drivers/STM32G4xx_HAL_Driver/Src/stm32g4xx_hal_tim_ex.c ****       }
1539:Drivers/STM32G4xx_HAL_Driver/Src/stm32g4xx_hal_tim_ex.c ****       /* Enable the TIM Capture/Compare 4 DMA request */
1540:Drivers/STM32G4xx_HAL_Driver/Src/stm32g4xx_hal_tim_ex.c ****       __HAL_TIM_ENABLE_DMA(htim, TIM_DMA_CC4);
1541:Drivers/STM32G4xx_HAL_Driver/Src/stm32g4xx_hal_tim_ex.c ****       break;
1542:Drivers/STM32G4xx_HAL_Driver/Src/stm32g4xx_hal_tim_ex.c ****     }
1543:Drivers/STM32G4xx_HAL_Driver/Src/stm32g4xx_hal_tim_ex.c **** 
1544:Drivers/STM32G4xx_HAL_Driver/Src/stm32g4xx_hal_tim_ex.c ****     default:
1545:Drivers/STM32G4xx_HAL_Driver/Src/stm32g4xx_hal_tim_ex.c ****       status = HAL_ERROR;
1546:Drivers/STM32G4xx_HAL_Driver/Src/stm32g4xx_hal_tim_ex.c ****       break;
1547:Drivers/STM32G4xx_HAL_Driver/Src/stm32g4xx_hal_tim_ex.c ****   }
1548:Drivers/STM32G4xx_HAL_Driver/Src/stm32g4xx_hal_tim_ex.c **** 
1549:Drivers/STM32G4xx_HAL_Driver/Src/stm32g4xx_hal_tim_ex.c ****   if (status == HAL_OK)
1550:Drivers/STM32G4xx_HAL_Driver/Src/stm32g4xx_hal_tim_ex.c ****   {
1551:Drivers/STM32G4xx_HAL_Driver/Src/stm32g4xx_hal_tim_ex.c ****     /* Enable the complementary PWM output  */
1552:Drivers/STM32G4xx_HAL_Driver/Src/stm32g4xx_hal_tim_ex.c ****     TIM_CCxNChannelCmd(htim->Instance, Channel, TIM_CCxN_ENABLE);
1553:Drivers/STM32G4xx_HAL_Driver/Src/stm32g4xx_hal_tim_ex.c **** 
1554:Drivers/STM32G4xx_HAL_Driver/Src/stm32g4xx_hal_tim_ex.c ****     /* Enable the Main Output */
1555:Drivers/STM32G4xx_HAL_Driver/Src/stm32g4xx_hal_tim_ex.c ****     __HAL_TIM_MOE_ENABLE(htim);
1556:Drivers/STM32G4xx_HAL_Driver/Src/stm32g4xx_hal_tim_ex.c **** 
1557:Drivers/STM32G4xx_HAL_Driver/Src/stm32g4xx_hal_tim_ex.c ****     /* Enable the Peripheral, except in trigger mode where enable is automatically done with trigge
1558:Drivers/STM32G4xx_HAL_Driver/Src/stm32g4xx_hal_tim_ex.c ****     if (IS_TIM_SLAVE_INSTANCE(htim->Instance))
1559:Drivers/STM32G4xx_HAL_Driver/Src/stm32g4xx_hal_tim_ex.c ****     {
1560:Drivers/STM32G4xx_HAL_Driver/Src/stm32g4xx_hal_tim_ex.c ****       tmpsmcr = htim->Instance->SMCR & TIM_SMCR_SMS;
1561:Drivers/STM32G4xx_HAL_Driver/Src/stm32g4xx_hal_tim_ex.c ****       if (!IS_TIM_SLAVEMODE_TRIGGER_ENABLED(tmpsmcr))
1562:Drivers/STM32G4xx_HAL_Driver/Src/stm32g4xx_hal_tim_ex.c ****       {
1563:Drivers/STM32G4xx_HAL_Driver/Src/stm32g4xx_hal_tim_ex.c ****         __HAL_TIM_ENABLE(htim);
1564:Drivers/STM32G4xx_HAL_Driver/Src/stm32g4xx_hal_tim_ex.c ****       }
1565:Drivers/STM32G4xx_HAL_Driver/Src/stm32g4xx_hal_tim_ex.c ****     }
1566:Drivers/STM32G4xx_HAL_Driver/Src/stm32g4xx_hal_tim_ex.c ****     else
1567:Drivers/STM32G4xx_HAL_Driver/Src/stm32g4xx_hal_tim_ex.c ****     {
1568:Drivers/STM32G4xx_HAL_Driver/Src/stm32g4xx_hal_tim_ex.c ****       __HAL_TIM_ENABLE(htim);
1569:Drivers/STM32G4xx_HAL_Driver/Src/stm32g4xx_hal_tim_ex.c ****     }
ARM GAS  /tmp/ccX78w3T.s 			page 29


1570:Drivers/STM32G4xx_HAL_Driver/Src/stm32g4xx_hal_tim_ex.c ****   }
1571:Drivers/STM32G4xx_HAL_Driver/Src/stm32g4xx_hal_tim_ex.c **** 
1572:Drivers/STM32G4xx_HAL_Driver/Src/stm32g4xx_hal_tim_ex.c ****   /* Return function status */
1573:Drivers/STM32G4xx_HAL_Driver/Src/stm32g4xx_hal_tim_ex.c ****   return status;
1574:Drivers/STM32G4xx_HAL_Driver/Src/stm32g4xx_hal_tim_ex.c **** }
1575:Drivers/STM32G4xx_HAL_Driver/Src/stm32g4xx_hal_tim_ex.c **** 
1576:Drivers/STM32G4xx_HAL_Driver/Src/stm32g4xx_hal_tim_ex.c **** /**
1577:Drivers/STM32G4xx_HAL_Driver/Src/stm32g4xx_hal_tim_ex.c ****   * @brief  Stops the TIM PWM signal generation in DMA mode on the complementary
1578:Drivers/STM32G4xx_HAL_Driver/Src/stm32g4xx_hal_tim_ex.c ****   *         output
1579:Drivers/STM32G4xx_HAL_Driver/Src/stm32g4xx_hal_tim_ex.c ****   * @param  htim TIM handle
1580:Drivers/STM32G4xx_HAL_Driver/Src/stm32g4xx_hal_tim_ex.c ****   * @param  Channel TIM Channel to be disabled
1581:Drivers/STM32G4xx_HAL_Driver/Src/stm32g4xx_hal_tim_ex.c ****   *          This parameter can be one of the following values:
1582:Drivers/STM32G4xx_HAL_Driver/Src/stm32g4xx_hal_tim_ex.c ****   *            @arg TIM_CHANNEL_1: TIM Channel 1 selected
1583:Drivers/STM32G4xx_HAL_Driver/Src/stm32g4xx_hal_tim_ex.c ****   *            @arg TIM_CHANNEL_2: TIM Channel 2 selected
1584:Drivers/STM32G4xx_HAL_Driver/Src/stm32g4xx_hal_tim_ex.c ****   *            @arg TIM_CHANNEL_3: TIM Channel 3 selected
1585:Drivers/STM32G4xx_HAL_Driver/Src/stm32g4xx_hal_tim_ex.c ****   *            @arg TIM_CHANNEL_4: TIM Channel 4 selected
1586:Drivers/STM32G4xx_HAL_Driver/Src/stm32g4xx_hal_tim_ex.c ****   * @retval HAL status
1587:Drivers/STM32G4xx_HAL_Driver/Src/stm32g4xx_hal_tim_ex.c ****   */
1588:Drivers/STM32G4xx_HAL_Driver/Src/stm32g4xx_hal_tim_ex.c **** HAL_StatusTypeDef HAL_TIMEx_PWMN_Stop_DMA(TIM_HandleTypeDef *htim, uint32_t Channel)
1589:Drivers/STM32G4xx_HAL_Driver/Src/stm32g4xx_hal_tim_ex.c **** {
1590:Drivers/STM32G4xx_HAL_Driver/Src/stm32g4xx_hal_tim_ex.c ****   HAL_StatusTypeDef status = HAL_OK;
1591:Drivers/STM32G4xx_HAL_Driver/Src/stm32g4xx_hal_tim_ex.c **** 
1592:Drivers/STM32G4xx_HAL_Driver/Src/stm32g4xx_hal_tim_ex.c ****   /* Check the parameters */
1593:Drivers/STM32G4xx_HAL_Driver/Src/stm32g4xx_hal_tim_ex.c ****   assert_param(IS_TIM_CCXN_INSTANCE(htim->Instance, Channel));
1594:Drivers/STM32G4xx_HAL_Driver/Src/stm32g4xx_hal_tim_ex.c **** 
1595:Drivers/STM32G4xx_HAL_Driver/Src/stm32g4xx_hal_tim_ex.c ****   switch (Channel)
1596:Drivers/STM32G4xx_HAL_Driver/Src/stm32g4xx_hal_tim_ex.c ****   {
1597:Drivers/STM32G4xx_HAL_Driver/Src/stm32g4xx_hal_tim_ex.c ****     case TIM_CHANNEL_1:
1598:Drivers/STM32G4xx_HAL_Driver/Src/stm32g4xx_hal_tim_ex.c ****     {
1599:Drivers/STM32G4xx_HAL_Driver/Src/stm32g4xx_hal_tim_ex.c ****       /* Disable the TIM Capture/Compare 1 DMA request */
1600:Drivers/STM32G4xx_HAL_Driver/Src/stm32g4xx_hal_tim_ex.c ****       __HAL_TIM_DISABLE_DMA(htim, TIM_DMA_CC1);
1601:Drivers/STM32G4xx_HAL_Driver/Src/stm32g4xx_hal_tim_ex.c ****       (void)HAL_DMA_Abort_IT(htim->hdma[TIM_DMA_ID_CC1]);
1602:Drivers/STM32G4xx_HAL_Driver/Src/stm32g4xx_hal_tim_ex.c ****       break;
1603:Drivers/STM32G4xx_HAL_Driver/Src/stm32g4xx_hal_tim_ex.c ****     }
1604:Drivers/STM32G4xx_HAL_Driver/Src/stm32g4xx_hal_tim_ex.c **** 
1605:Drivers/STM32G4xx_HAL_Driver/Src/stm32g4xx_hal_tim_ex.c ****     case TIM_CHANNEL_2:
1606:Drivers/STM32G4xx_HAL_Driver/Src/stm32g4xx_hal_tim_ex.c ****     {
1607:Drivers/STM32G4xx_HAL_Driver/Src/stm32g4xx_hal_tim_ex.c ****       /* Disable the TIM Capture/Compare 2 DMA request */
1608:Drivers/STM32G4xx_HAL_Driver/Src/stm32g4xx_hal_tim_ex.c ****       __HAL_TIM_DISABLE_DMA(htim, TIM_DMA_CC2);
1609:Drivers/STM32G4xx_HAL_Driver/Src/stm32g4xx_hal_tim_ex.c ****       (void)HAL_DMA_Abort_IT(htim->hdma[TIM_DMA_ID_CC2]);
1610:Drivers/STM32G4xx_HAL_Driver/Src/stm32g4xx_hal_tim_ex.c ****       break;
1611:Drivers/STM32G4xx_HAL_Driver/Src/stm32g4xx_hal_tim_ex.c ****     }
1612:Drivers/STM32G4xx_HAL_Driver/Src/stm32g4xx_hal_tim_ex.c **** 
1613:Drivers/STM32G4xx_HAL_Driver/Src/stm32g4xx_hal_tim_ex.c ****     case TIM_CHANNEL_3:
1614:Drivers/STM32G4xx_HAL_Driver/Src/stm32g4xx_hal_tim_ex.c ****     {
1615:Drivers/STM32G4xx_HAL_Driver/Src/stm32g4xx_hal_tim_ex.c ****       /* Disable the TIM Capture/Compare 3 DMA request */
1616:Drivers/STM32G4xx_HAL_Driver/Src/stm32g4xx_hal_tim_ex.c ****       __HAL_TIM_DISABLE_DMA(htim, TIM_DMA_CC3);
1617:Drivers/STM32G4xx_HAL_Driver/Src/stm32g4xx_hal_tim_ex.c ****       (void)HAL_DMA_Abort_IT(htim->hdma[TIM_DMA_ID_CC3]);
1618:Drivers/STM32G4xx_HAL_Driver/Src/stm32g4xx_hal_tim_ex.c ****       break;
1619:Drivers/STM32G4xx_HAL_Driver/Src/stm32g4xx_hal_tim_ex.c ****     }
1620:Drivers/STM32G4xx_HAL_Driver/Src/stm32g4xx_hal_tim_ex.c **** 
1621:Drivers/STM32G4xx_HAL_Driver/Src/stm32g4xx_hal_tim_ex.c ****     case TIM_CHANNEL_4:
1622:Drivers/STM32G4xx_HAL_Driver/Src/stm32g4xx_hal_tim_ex.c ****     {
1623:Drivers/STM32G4xx_HAL_Driver/Src/stm32g4xx_hal_tim_ex.c ****       /* Disable the TIM Capture/Compare 4 DMA request */
1624:Drivers/STM32G4xx_HAL_Driver/Src/stm32g4xx_hal_tim_ex.c ****       __HAL_TIM_DISABLE_DMA(htim, TIM_DMA_CC4);
1625:Drivers/STM32G4xx_HAL_Driver/Src/stm32g4xx_hal_tim_ex.c ****       (void)HAL_DMA_Abort_IT(htim->hdma[TIM_DMA_ID_CC4]);
1626:Drivers/STM32G4xx_HAL_Driver/Src/stm32g4xx_hal_tim_ex.c ****       break;
ARM GAS  /tmp/ccX78w3T.s 			page 30


1627:Drivers/STM32G4xx_HAL_Driver/Src/stm32g4xx_hal_tim_ex.c ****     }
1628:Drivers/STM32G4xx_HAL_Driver/Src/stm32g4xx_hal_tim_ex.c **** 
1629:Drivers/STM32G4xx_HAL_Driver/Src/stm32g4xx_hal_tim_ex.c ****     default:
1630:Drivers/STM32G4xx_HAL_Driver/Src/stm32g4xx_hal_tim_ex.c ****       status = HAL_ERROR;
1631:Drivers/STM32G4xx_HAL_Driver/Src/stm32g4xx_hal_tim_ex.c ****       break;
1632:Drivers/STM32G4xx_HAL_Driver/Src/stm32g4xx_hal_tim_ex.c ****   }
1633:Drivers/STM32G4xx_HAL_Driver/Src/stm32g4xx_hal_tim_ex.c **** 
1634:Drivers/STM32G4xx_HAL_Driver/Src/stm32g4xx_hal_tim_ex.c ****   if (status == HAL_OK)
1635:Drivers/STM32G4xx_HAL_Driver/Src/stm32g4xx_hal_tim_ex.c ****   {
1636:Drivers/STM32G4xx_HAL_Driver/Src/stm32g4xx_hal_tim_ex.c ****     /* Disable the complementary PWM output */
1637:Drivers/STM32G4xx_HAL_Driver/Src/stm32g4xx_hal_tim_ex.c ****     TIM_CCxNChannelCmd(htim->Instance, Channel, TIM_CCxN_DISABLE);
1638:Drivers/STM32G4xx_HAL_Driver/Src/stm32g4xx_hal_tim_ex.c **** 
1639:Drivers/STM32G4xx_HAL_Driver/Src/stm32g4xx_hal_tim_ex.c ****     /* Disable the Main Output */
1640:Drivers/STM32G4xx_HAL_Driver/Src/stm32g4xx_hal_tim_ex.c ****     __HAL_TIM_MOE_DISABLE(htim);
1641:Drivers/STM32G4xx_HAL_Driver/Src/stm32g4xx_hal_tim_ex.c **** 
1642:Drivers/STM32G4xx_HAL_Driver/Src/stm32g4xx_hal_tim_ex.c ****     /* Disable the Peripheral */
1643:Drivers/STM32G4xx_HAL_Driver/Src/stm32g4xx_hal_tim_ex.c ****     __HAL_TIM_DISABLE(htim);
1644:Drivers/STM32G4xx_HAL_Driver/Src/stm32g4xx_hal_tim_ex.c **** 
1645:Drivers/STM32G4xx_HAL_Driver/Src/stm32g4xx_hal_tim_ex.c ****     /* Set the TIM complementary channel state */
1646:Drivers/STM32G4xx_HAL_Driver/Src/stm32g4xx_hal_tim_ex.c ****     TIM_CHANNEL_N_STATE_SET(htim, Channel, HAL_TIM_CHANNEL_STATE_READY);
1647:Drivers/STM32G4xx_HAL_Driver/Src/stm32g4xx_hal_tim_ex.c ****   }
1648:Drivers/STM32G4xx_HAL_Driver/Src/stm32g4xx_hal_tim_ex.c **** 
1649:Drivers/STM32G4xx_HAL_Driver/Src/stm32g4xx_hal_tim_ex.c ****   /* Return function status */
1650:Drivers/STM32G4xx_HAL_Driver/Src/stm32g4xx_hal_tim_ex.c ****   return status;
1651:Drivers/STM32G4xx_HAL_Driver/Src/stm32g4xx_hal_tim_ex.c **** }
1652:Drivers/STM32G4xx_HAL_Driver/Src/stm32g4xx_hal_tim_ex.c **** 
1653:Drivers/STM32G4xx_HAL_Driver/Src/stm32g4xx_hal_tim_ex.c **** /**
1654:Drivers/STM32G4xx_HAL_Driver/Src/stm32g4xx_hal_tim_ex.c ****   * @}
1655:Drivers/STM32G4xx_HAL_Driver/Src/stm32g4xx_hal_tim_ex.c ****   */
1656:Drivers/STM32G4xx_HAL_Driver/Src/stm32g4xx_hal_tim_ex.c **** 
1657:Drivers/STM32G4xx_HAL_Driver/Src/stm32g4xx_hal_tim_ex.c **** /** @defgroup TIMEx_Exported_Functions_Group4 Extended Timer Complementary One Pulse functions
1658:Drivers/STM32G4xx_HAL_Driver/Src/stm32g4xx_hal_tim_ex.c ****   * @brief    Timer Complementary One Pulse functions
1659:Drivers/STM32G4xx_HAL_Driver/Src/stm32g4xx_hal_tim_ex.c ****   *
1660:Drivers/STM32G4xx_HAL_Driver/Src/stm32g4xx_hal_tim_ex.c **** @verbatim
1661:Drivers/STM32G4xx_HAL_Driver/Src/stm32g4xx_hal_tim_ex.c ****   ==============================================================================
1662:Drivers/STM32G4xx_HAL_Driver/Src/stm32g4xx_hal_tim_ex.c ****                 ##### Timer Complementary One Pulse functions #####
1663:Drivers/STM32G4xx_HAL_Driver/Src/stm32g4xx_hal_tim_ex.c ****   ==============================================================================
1664:Drivers/STM32G4xx_HAL_Driver/Src/stm32g4xx_hal_tim_ex.c ****   [..]
1665:Drivers/STM32G4xx_HAL_Driver/Src/stm32g4xx_hal_tim_ex.c ****     This section provides functions allowing to:
1666:Drivers/STM32G4xx_HAL_Driver/Src/stm32g4xx_hal_tim_ex.c ****     (+) Start the Complementary One Pulse generation.
1667:Drivers/STM32G4xx_HAL_Driver/Src/stm32g4xx_hal_tim_ex.c ****     (+) Stop the Complementary One Pulse.
1668:Drivers/STM32G4xx_HAL_Driver/Src/stm32g4xx_hal_tim_ex.c ****     (+) Start the Complementary One Pulse and enable interrupts.
1669:Drivers/STM32G4xx_HAL_Driver/Src/stm32g4xx_hal_tim_ex.c ****     (+) Stop the Complementary One Pulse and disable interrupts.
1670:Drivers/STM32G4xx_HAL_Driver/Src/stm32g4xx_hal_tim_ex.c **** 
1671:Drivers/STM32G4xx_HAL_Driver/Src/stm32g4xx_hal_tim_ex.c **** @endverbatim
1672:Drivers/STM32G4xx_HAL_Driver/Src/stm32g4xx_hal_tim_ex.c ****   * @{
1673:Drivers/STM32G4xx_HAL_Driver/Src/stm32g4xx_hal_tim_ex.c ****   */
1674:Drivers/STM32G4xx_HAL_Driver/Src/stm32g4xx_hal_tim_ex.c **** 
1675:Drivers/STM32G4xx_HAL_Driver/Src/stm32g4xx_hal_tim_ex.c **** /**
1676:Drivers/STM32G4xx_HAL_Driver/Src/stm32g4xx_hal_tim_ex.c ****   * @brief  Starts the TIM One Pulse signal generation on the complementary
1677:Drivers/STM32G4xx_HAL_Driver/Src/stm32g4xx_hal_tim_ex.c ****   *         output.
1678:Drivers/STM32G4xx_HAL_Driver/Src/stm32g4xx_hal_tim_ex.c ****   * @note OutputChannel must match the pulse output channel chosen when calling
1679:Drivers/STM32G4xx_HAL_Driver/Src/stm32g4xx_hal_tim_ex.c ****   *       @ref HAL_TIM_OnePulse_ConfigChannel().
1680:Drivers/STM32G4xx_HAL_Driver/Src/stm32g4xx_hal_tim_ex.c ****   * @param  htim TIM One Pulse handle
1681:Drivers/STM32G4xx_HAL_Driver/Src/stm32g4xx_hal_tim_ex.c ****   * @param  OutputChannel pulse output channel to enable
1682:Drivers/STM32G4xx_HAL_Driver/Src/stm32g4xx_hal_tim_ex.c ****   *          This parameter can be one of the following values:
1683:Drivers/STM32G4xx_HAL_Driver/Src/stm32g4xx_hal_tim_ex.c ****   *            @arg TIM_CHANNEL_1: TIM Channel 1 selected
ARM GAS  /tmp/ccX78w3T.s 			page 31


1684:Drivers/STM32G4xx_HAL_Driver/Src/stm32g4xx_hal_tim_ex.c ****   *            @arg TIM_CHANNEL_2: TIM Channel 2 selected
1685:Drivers/STM32G4xx_HAL_Driver/Src/stm32g4xx_hal_tim_ex.c ****   * @retval HAL status
1686:Drivers/STM32G4xx_HAL_Driver/Src/stm32g4xx_hal_tim_ex.c ****   */
1687:Drivers/STM32G4xx_HAL_Driver/Src/stm32g4xx_hal_tim_ex.c **** HAL_StatusTypeDef HAL_TIMEx_OnePulseN_Start(TIM_HandleTypeDef *htim, uint32_t OutputChannel)
1688:Drivers/STM32G4xx_HAL_Driver/Src/stm32g4xx_hal_tim_ex.c **** {
1689:Drivers/STM32G4xx_HAL_Driver/Src/stm32g4xx_hal_tim_ex.c ****   uint32_t input_channel = (OutputChannel == TIM_CHANNEL_1) ? TIM_CHANNEL_2 : TIM_CHANNEL_1;
1690:Drivers/STM32G4xx_HAL_Driver/Src/stm32g4xx_hal_tim_ex.c ****   HAL_TIM_ChannelStateTypeDef channel_1_state = TIM_CHANNEL_STATE_GET(htim, TIM_CHANNEL_1);
1691:Drivers/STM32G4xx_HAL_Driver/Src/stm32g4xx_hal_tim_ex.c ****   HAL_TIM_ChannelStateTypeDef channel_2_state = TIM_CHANNEL_STATE_GET(htim, TIM_CHANNEL_2);
1692:Drivers/STM32G4xx_HAL_Driver/Src/stm32g4xx_hal_tim_ex.c ****   HAL_TIM_ChannelStateTypeDef complementary_channel_1_state = TIM_CHANNEL_N_STATE_GET(htim, TIM_CHA
1693:Drivers/STM32G4xx_HAL_Driver/Src/stm32g4xx_hal_tim_ex.c ****   HAL_TIM_ChannelStateTypeDef complementary_channel_2_state = TIM_CHANNEL_N_STATE_GET(htim, TIM_CHA
1694:Drivers/STM32G4xx_HAL_Driver/Src/stm32g4xx_hal_tim_ex.c **** 
1695:Drivers/STM32G4xx_HAL_Driver/Src/stm32g4xx_hal_tim_ex.c ****   /* Check the parameters */
1696:Drivers/STM32G4xx_HAL_Driver/Src/stm32g4xx_hal_tim_ex.c ****   assert_param(IS_TIM_CCXN_INSTANCE(htim->Instance, OutputChannel));
1697:Drivers/STM32G4xx_HAL_Driver/Src/stm32g4xx_hal_tim_ex.c **** 
1698:Drivers/STM32G4xx_HAL_Driver/Src/stm32g4xx_hal_tim_ex.c ****   /* Check the TIM channels state */
1699:Drivers/STM32G4xx_HAL_Driver/Src/stm32g4xx_hal_tim_ex.c ****   if ((channel_1_state != HAL_TIM_CHANNEL_STATE_READY)
1700:Drivers/STM32G4xx_HAL_Driver/Src/stm32g4xx_hal_tim_ex.c ****       || (channel_2_state != HAL_TIM_CHANNEL_STATE_READY)
1701:Drivers/STM32G4xx_HAL_Driver/Src/stm32g4xx_hal_tim_ex.c ****       || (complementary_channel_1_state != HAL_TIM_CHANNEL_STATE_READY)
1702:Drivers/STM32G4xx_HAL_Driver/Src/stm32g4xx_hal_tim_ex.c ****       || (complementary_channel_2_state != HAL_TIM_CHANNEL_STATE_READY))
1703:Drivers/STM32G4xx_HAL_Driver/Src/stm32g4xx_hal_tim_ex.c ****   {
1704:Drivers/STM32G4xx_HAL_Driver/Src/stm32g4xx_hal_tim_ex.c ****     return HAL_ERROR;
1705:Drivers/STM32G4xx_HAL_Driver/Src/stm32g4xx_hal_tim_ex.c ****   }
1706:Drivers/STM32G4xx_HAL_Driver/Src/stm32g4xx_hal_tim_ex.c **** 
1707:Drivers/STM32G4xx_HAL_Driver/Src/stm32g4xx_hal_tim_ex.c ****   /* Set the TIM channels state */
1708:Drivers/STM32G4xx_HAL_Driver/Src/stm32g4xx_hal_tim_ex.c ****   TIM_CHANNEL_STATE_SET(htim, TIM_CHANNEL_1, HAL_TIM_CHANNEL_STATE_BUSY);
1709:Drivers/STM32G4xx_HAL_Driver/Src/stm32g4xx_hal_tim_ex.c ****   TIM_CHANNEL_STATE_SET(htim, TIM_CHANNEL_2, HAL_TIM_CHANNEL_STATE_BUSY);
1710:Drivers/STM32G4xx_HAL_Driver/Src/stm32g4xx_hal_tim_ex.c ****   TIM_CHANNEL_N_STATE_SET(htim, TIM_CHANNEL_1, HAL_TIM_CHANNEL_STATE_BUSY);
1711:Drivers/STM32G4xx_HAL_Driver/Src/stm32g4xx_hal_tim_ex.c ****   TIM_CHANNEL_N_STATE_SET(htim, TIM_CHANNEL_2, HAL_TIM_CHANNEL_STATE_BUSY);
1712:Drivers/STM32G4xx_HAL_Driver/Src/stm32g4xx_hal_tim_ex.c **** 
1713:Drivers/STM32G4xx_HAL_Driver/Src/stm32g4xx_hal_tim_ex.c ****   /* Enable the complementary One Pulse output channel and the Input Capture channel */
1714:Drivers/STM32G4xx_HAL_Driver/Src/stm32g4xx_hal_tim_ex.c ****   TIM_CCxNChannelCmd(htim->Instance, OutputChannel, TIM_CCxN_ENABLE);
1715:Drivers/STM32G4xx_HAL_Driver/Src/stm32g4xx_hal_tim_ex.c ****   TIM_CCxChannelCmd(htim->Instance, input_channel, TIM_CCx_ENABLE);
1716:Drivers/STM32G4xx_HAL_Driver/Src/stm32g4xx_hal_tim_ex.c **** 
1717:Drivers/STM32G4xx_HAL_Driver/Src/stm32g4xx_hal_tim_ex.c ****   /* Enable the Main Output */
1718:Drivers/STM32G4xx_HAL_Driver/Src/stm32g4xx_hal_tim_ex.c ****   __HAL_TIM_MOE_ENABLE(htim);
1719:Drivers/STM32G4xx_HAL_Driver/Src/stm32g4xx_hal_tim_ex.c **** 
1720:Drivers/STM32G4xx_HAL_Driver/Src/stm32g4xx_hal_tim_ex.c ****   /* Return function status */
1721:Drivers/STM32G4xx_HAL_Driver/Src/stm32g4xx_hal_tim_ex.c ****   return HAL_OK;
1722:Drivers/STM32G4xx_HAL_Driver/Src/stm32g4xx_hal_tim_ex.c **** }
1723:Drivers/STM32G4xx_HAL_Driver/Src/stm32g4xx_hal_tim_ex.c **** 
1724:Drivers/STM32G4xx_HAL_Driver/Src/stm32g4xx_hal_tim_ex.c **** /**
1725:Drivers/STM32G4xx_HAL_Driver/Src/stm32g4xx_hal_tim_ex.c ****   * @brief  Stops the TIM One Pulse signal generation on the complementary
1726:Drivers/STM32G4xx_HAL_Driver/Src/stm32g4xx_hal_tim_ex.c ****   *         output.
1727:Drivers/STM32G4xx_HAL_Driver/Src/stm32g4xx_hal_tim_ex.c ****   * @note OutputChannel must match the pulse output channel chosen when calling
1728:Drivers/STM32G4xx_HAL_Driver/Src/stm32g4xx_hal_tim_ex.c ****   *       @ref HAL_TIM_OnePulse_ConfigChannel().
1729:Drivers/STM32G4xx_HAL_Driver/Src/stm32g4xx_hal_tim_ex.c ****   * @param  htim TIM One Pulse handle
1730:Drivers/STM32G4xx_HAL_Driver/Src/stm32g4xx_hal_tim_ex.c ****   * @param  OutputChannel pulse output channel to disable
1731:Drivers/STM32G4xx_HAL_Driver/Src/stm32g4xx_hal_tim_ex.c ****   *          This parameter can be one of the following values:
1732:Drivers/STM32G4xx_HAL_Driver/Src/stm32g4xx_hal_tim_ex.c ****   *            @arg TIM_CHANNEL_1: TIM Channel 1 selected
1733:Drivers/STM32G4xx_HAL_Driver/Src/stm32g4xx_hal_tim_ex.c ****   *            @arg TIM_CHANNEL_2: TIM Channel 2 selected
1734:Drivers/STM32G4xx_HAL_Driver/Src/stm32g4xx_hal_tim_ex.c ****   * @retval HAL status
1735:Drivers/STM32G4xx_HAL_Driver/Src/stm32g4xx_hal_tim_ex.c ****   */
1736:Drivers/STM32G4xx_HAL_Driver/Src/stm32g4xx_hal_tim_ex.c **** HAL_StatusTypeDef HAL_TIMEx_OnePulseN_Stop(TIM_HandleTypeDef *htim, uint32_t OutputChannel)
1737:Drivers/STM32G4xx_HAL_Driver/Src/stm32g4xx_hal_tim_ex.c **** {
1738:Drivers/STM32G4xx_HAL_Driver/Src/stm32g4xx_hal_tim_ex.c ****   uint32_t input_channel = (OutputChannel == TIM_CHANNEL_1) ? TIM_CHANNEL_2 : TIM_CHANNEL_1;
1739:Drivers/STM32G4xx_HAL_Driver/Src/stm32g4xx_hal_tim_ex.c **** 
1740:Drivers/STM32G4xx_HAL_Driver/Src/stm32g4xx_hal_tim_ex.c ****   /* Check the parameters */
ARM GAS  /tmp/ccX78w3T.s 			page 32


1741:Drivers/STM32G4xx_HAL_Driver/Src/stm32g4xx_hal_tim_ex.c ****   assert_param(IS_TIM_CCXN_INSTANCE(htim->Instance, OutputChannel));
1742:Drivers/STM32G4xx_HAL_Driver/Src/stm32g4xx_hal_tim_ex.c **** 
1743:Drivers/STM32G4xx_HAL_Driver/Src/stm32g4xx_hal_tim_ex.c ****   /* Disable the complementary One Pulse output channel and the Input Capture channel */
1744:Drivers/STM32G4xx_HAL_Driver/Src/stm32g4xx_hal_tim_ex.c ****   TIM_CCxNChannelCmd(htim->Instance, OutputChannel, TIM_CCxN_DISABLE);
1745:Drivers/STM32G4xx_HAL_Driver/Src/stm32g4xx_hal_tim_ex.c ****   TIM_CCxChannelCmd(htim->Instance, input_channel, TIM_CCx_DISABLE);
1746:Drivers/STM32G4xx_HAL_Driver/Src/stm32g4xx_hal_tim_ex.c **** 
1747:Drivers/STM32G4xx_HAL_Driver/Src/stm32g4xx_hal_tim_ex.c ****   /* Disable the Main Output */
1748:Drivers/STM32G4xx_HAL_Driver/Src/stm32g4xx_hal_tim_ex.c ****   __HAL_TIM_MOE_DISABLE(htim);
1749:Drivers/STM32G4xx_HAL_Driver/Src/stm32g4xx_hal_tim_ex.c **** 
1750:Drivers/STM32G4xx_HAL_Driver/Src/stm32g4xx_hal_tim_ex.c ****   /* Disable the Peripheral */
1751:Drivers/STM32G4xx_HAL_Driver/Src/stm32g4xx_hal_tim_ex.c ****   __HAL_TIM_DISABLE(htim);
1752:Drivers/STM32G4xx_HAL_Driver/Src/stm32g4xx_hal_tim_ex.c **** 
1753:Drivers/STM32G4xx_HAL_Driver/Src/stm32g4xx_hal_tim_ex.c ****   /* Set the TIM  channels state */
1754:Drivers/STM32G4xx_HAL_Driver/Src/stm32g4xx_hal_tim_ex.c ****   TIM_CHANNEL_STATE_SET(htim, TIM_CHANNEL_1, HAL_TIM_CHANNEL_STATE_READY);
1755:Drivers/STM32G4xx_HAL_Driver/Src/stm32g4xx_hal_tim_ex.c ****   TIM_CHANNEL_STATE_SET(htim, TIM_CHANNEL_2, HAL_TIM_CHANNEL_STATE_READY);
1756:Drivers/STM32G4xx_HAL_Driver/Src/stm32g4xx_hal_tim_ex.c ****   TIM_CHANNEL_N_STATE_SET(htim, TIM_CHANNEL_1, HAL_TIM_CHANNEL_STATE_READY);
1757:Drivers/STM32G4xx_HAL_Driver/Src/stm32g4xx_hal_tim_ex.c ****   TIM_CHANNEL_N_STATE_SET(htim, TIM_CHANNEL_2, HAL_TIM_CHANNEL_STATE_READY);
1758:Drivers/STM32G4xx_HAL_Driver/Src/stm32g4xx_hal_tim_ex.c **** 
1759:Drivers/STM32G4xx_HAL_Driver/Src/stm32g4xx_hal_tim_ex.c ****   /* Return function status */
1760:Drivers/STM32G4xx_HAL_Driver/Src/stm32g4xx_hal_tim_ex.c ****   return HAL_OK;
1761:Drivers/STM32G4xx_HAL_Driver/Src/stm32g4xx_hal_tim_ex.c **** }
1762:Drivers/STM32G4xx_HAL_Driver/Src/stm32g4xx_hal_tim_ex.c **** 
1763:Drivers/STM32G4xx_HAL_Driver/Src/stm32g4xx_hal_tim_ex.c **** /**
1764:Drivers/STM32G4xx_HAL_Driver/Src/stm32g4xx_hal_tim_ex.c ****   * @brief  Starts the TIM One Pulse signal generation in interrupt mode on the
1765:Drivers/STM32G4xx_HAL_Driver/Src/stm32g4xx_hal_tim_ex.c ****   *         complementary channel.
1766:Drivers/STM32G4xx_HAL_Driver/Src/stm32g4xx_hal_tim_ex.c ****   * @note OutputChannel must match the pulse output channel chosen when calling
1767:Drivers/STM32G4xx_HAL_Driver/Src/stm32g4xx_hal_tim_ex.c ****   *       @ref HAL_TIM_OnePulse_ConfigChannel().
1768:Drivers/STM32G4xx_HAL_Driver/Src/stm32g4xx_hal_tim_ex.c ****   * @param  htim TIM One Pulse handle
1769:Drivers/STM32G4xx_HAL_Driver/Src/stm32g4xx_hal_tim_ex.c ****   * @param  OutputChannel pulse output channel to enable
1770:Drivers/STM32G4xx_HAL_Driver/Src/stm32g4xx_hal_tim_ex.c ****   *          This parameter can be one of the following values:
1771:Drivers/STM32G4xx_HAL_Driver/Src/stm32g4xx_hal_tim_ex.c ****   *            @arg TIM_CHANNEL_1: TIM Channel 1 selected
1772:Drivers/STM32G4xx_HAL_Driver/Src/stm32g4xx_hal_tim_ex.c ****   *            @arg TIM_CHANNEL_2: TIM Channel 2 selected
1773:Drivers/STM32G4xx_HAL_Driver/Src/stm32g4xx_hal_tim_ex.c ****   * @retval HAL status
1774:Drivers/STM32G4xx_HAL_Driver/Src/stm32g4xx_hal_tim_ex.c ****   */
1775:Drivers/STM32G4xx_HAL_Driver/Src/stm32g4xx_hal_tim_ex.c **** HAL_StatusTypeDef HAL_TIMEx_OnePulseN_Start_IT(TIM_HandleTypeDef *htim, uint32_t OutputChannel)
1776:Drivers/STM32G4xx_HAL_Driver/Src/stm32g4xx_hal_tim_ex.c **** {
1777:Drivers/STM32G4xx_HAL_Driver/Src/stm32g4xx_hal_tim_ex.c ****   uint32_t input_channel = (OutputChannel == TIM_CHANNEL_1) ? TIM_CHANNEL_2 : TIM_CHANNEL_1;
1778:Drivers/STM32G4xx_HAL_Driver/Src/stm32g4xx_hal_tim_ex.c ****   HAL_TIM_ChannelStateTypeDef channel_1_state = TIM_CHANNEL_STATE_GET(htim, TIM_CHANNEL_1);
1779:Drivers/STM32G4xx_HAL_Driver/Src/stm32g4xx_hal_tim_ex.c ****   HAL_TIM_ChannelStateTypeDef channel_2_state = TIM_CHANNEL_STATE_GET(htim, TIM_CHANNEL_2);
1780:Drivers/STM32G4xx_HAL_Driver/Src/stm32g4xx_hal_tim_ex.c ****   HAL_TIM_ChannelStateTypeDef complementary_channel_1_state = TIM_CHANNEL_N_STATE_GET(htim, TIM_CHA
1781:Drivers/STM32G4xx_HAL_Driver/Src/stm32g4xx_hal_tim_ex.c ****   HAL_TIM_ChannelStateTypeDef complementary_channel_2_state = TIM_CHANNEL_N_STATE_GET(htim, TIM_CHA
1782:Drivers/STM32G4xx_HAL_Driver/Src/stm32g4xx_hal_tim_ex.c **** 
1783:Drivers/STM32G4xx_HAL_Driver/Src/stm32g4xx_hal_tim_ex.c ****   /* Check the parameters */
1784:Drivers/STM32G4xx_HAL_Driver/Src/stm32g4xx_hal_tim_ex.c ****   assert_param(IS_TIM_CCXN_INSTANCE(htim->Instance, OutputChannel));
1785:Drivers/STM32G4xx_HAL_Driver/Src/stm32g4xx_hal_tim_ex.c **** 
1786:Drivers/STM32G4xx_HAL_Driver/Src/stm32g4xx_hal_tim_ex.c ****   /* Check the TIM channels state */
1787:Drivers/STM32G4xx_HAL_Driver/Src/stm32g4xx_hal_tim_ex.c ****   if ((channel_1_state != HAL_TIM_CHANNEL_STATE_READY)
1788:Drivers/STM32G4xx_HAL_Driver/Src/stm32g4xx_hal_tim_ex.c ****       || (channel_2_state != HAL_TIM_CHANNEL_STATE_READY)
1789:Drivers/STM32G4xx_HAL_Driver/Src/stm32g4xx_hal_tim_ex.c ****       || (complementary_channel_1_state != HAL_TIM_CHANNEL_STATE_READY)
1790:Drivers/STM32G4xx_HAL_Driver/Src/stm32g4xx_hal_tim_ex.c ****       || (complementary_channel_2_state != HAL_TIM_CHANNEL_STATE_READY))
1791:Drivers/STM32G4xx_HAL_Driver/Src/stm32g4xx_hal_tim_ex.c ****   {
1792:Drivers/STM32G4xx_HAL_Driver/Src/stm32g4xx_hal_tim_ex.c ****     return HAL_ERROR;
1793:Drivers/STM32G4xx_HAL_Driver/Src/stm32g4xx_hal_tim_ex.c ****   }
1794:Drivers/STM32G4xx_HAL_Driver/Src/stm32g4xx_hal_tim_ex.c **** 
1795:Drivers/STM32G4xx_HAL_Driver/Src/stm32g4xx_hal_tim_ex.c ****   /* Set the TIM channels state */
1796:Drivers/STM32G4xx_HAL_Driver/Src/stm32g4xx_hal_tim_ex.c ****   TIM_CHANNEL_STATE_SET(htim, TIM_CHANNEL_1, HAL_TIM_CHANNEL_STATE_BUSY);
1797:Drivers/STM32G4xx_HAL_Driver/Src/stm32g4xx_hal_tim_ex.c ****   TIM_CHANNEL_STATE_SET(htim, TIM_CHANNEL_2, HAL_TIM_CHANNEL_STATE_BUSY);
ARM GAS  /tmp/ccX78w3T.s 			page 33


1798:Drivers/STM32G4xx_HAL_Driver/Src/stm32g4xx_hal_tim_ex.c ****   TIM_CHANNEL_N_STATE_SET(htim, TIM_CHANNEL_1, HAL_TIM_CHANNEL_STATE_BUSY);
1799:Drivers/STM32G4xx_HAL_Driver/Src/stm32g4xx_hal_tim_ex.c ****   TIM_CHANNEL_N_STATE_SET(htim, TIM_CHANNEL_2, HAL_TIM_CHANNEL_STATE_BUSY);
1800:Drivers/STM32G4xx_HAL_Driver/Src/stm32g4xx_hal_tim_ex.c **** 
1801:Drivers/STM32G4xx_HAL_Driver/Src/stm32g4xx_hal_tim_ex.c ****   /* Enable the TIM Capture/Compare 1 interrupt */
1802:Drivers/STM32G4xx_HAL_Driver/Src/stm32g4xx_hal_tim_ex.c ****   __HAL_TIM_ENABLE_IT(htim, TIM_IT_CC1);
1803:Drivers/STM32G4xx_HAL_Driver/Src/stm32g4xx_hal_tim_ex.c **** 
1804:Drivers/STM32G4xx_HAL_Driver/Src/stm32g4xx_hal_tim_ex.c ****   /* Enable the TIM Capture/Compare 2 interrupt */
1805:Drivers/STM32G4xx_HAL_Driver/Src/stm32g4xx_hal_tim_ex.c ****   __HAL_TIM_ENABLE_IT(htim, TIM_IT_CC2);
1806:Drivers/STM32G4xx_HAL_Driver/Src/stm32g4xx_hal_tim_ex.c **** 
1807:Drivers/STM32G4xx_HAL_Driver/Src/stm32g4xx_hal_tim_ex.c ****   /* Enable the complementary One Pulse output channel and the Input Capture channel */
1808:Drivers/STM32G4xx_HAL_Driver/Src/stm32g4xx_hal_tim_ex.c ****   TIM_CCxNChannelCmd(htim->Instance, OutputChannel, TIM_CCxN_ENABLE);
1809:Drivers/STM32G4xx_HAL_Driver/Src/stm32g4xx_hal_tim_ex.c ****   TIM_CCxChannelCmd(htim->Instance, input_channel, TIM_CCx_ENABLE);
1810:Drivers/STM32G4xx_HAL_Driver/Src/stm32g4xx_hal_tim_ex.c **** 
1811:Drivers/STM32G4xx_HAL_Driver/Src/stm32g4xx_hal_tim_ex.c ****   /* Enable the Main Output */
1812:Drivers/STM32G4xx_HAL_Driver/Src/stm32g4xx_hal_tim_ex.c ****   __HAL_TIM_MOE_ENABLE(htim);
1813:Drivers/STM32G4xx_HAL_Driver/Src/stm32g4xx_hal_tim_ex.c **** 
1814:Drivers/STM32G4xx_HAL_Driver/Src/stm32g4xx_hal_tim_ex.c ****   /* Return function status */
1815:Drivers/STM32G4xx_HAL_Driver/Src/stm32g4xx_hal_tim_ex.c ****   return HAL_OK;
1816:Drivers/STM32G4xx_HAL_Driver/Src/stm32g4xx_hal_tim_ex.c **** }
1817:Drivers/STM32G4xx_HAL_Driver/Src/stm32g4xx_hal_tim_ex.c **** 
1818:Drivers/STM32G4xx_HAL_Driver/Src/stm32g4xx_hal_tim_ex.c **** /**
1819:Drivers/STM32G4xx_HAL_Driver/Src/stm32g4xx_hal_tim_ex.c ****   * @brief  Stops the TIM One Pulse signal generation in interrupt mode on the
1820:Drivers/STM32G4xx_HAL_Driver/Src/stm32g4xx_hal_tim_ex.c ****   *         complementary channel.
1821:Drivers/STM32G4xx_HAL_Driver/Src/stm32g4xx_hal_tim_ex.c ****   * @note OutputChannel must match the pulse output channel chosen when calling
1822:Drivers/STM32G4xx_HAL_Driver/Src/stm32g4xx_hal_tim_ex.c ****   *       @ref HAL_TIM_OnePulse_ConfigChannel().
1823:Drivers/STM32G4xx_HAL_Driver/Src/stm32g4xx_hal_tim_ex.c ****   * @param  htim TIM One Pulse handle
1824:Drivers/STM32G4xx_HAL_Driver/Src/stm32g4xx_hal_tim_ex.c ****   * @param  OutputChannel pulse output channel to disable
1825:Drivers/STM32G4xx_HAL_Driver/Src/stm32g4xx_hal_tim_ex.c ****   *          This parameter can be one of the following values:
1826:Drivers/STM32G4xx_HAL_Driver/Src/stm32g4xx_hal_tim_ex.c ****   *            @arg TIM_CHANNEL_1: TIM Channel 1 selected
1827:Drivers/STM32G4xx_HAL_Driver/Src/stm32g4xx_hal_tim_ex.c ****   *            @arg TIM_CHANNEL_2: TIM Channel 2 selected
1828:Drivers/STM32G4xx_HAL_Driver/Src/stm32g4xx_hal_tim_ex.c ****   * @retval HAL status
1829:Drivers/STM32G4xx_HAL_Driver/Src/stm32g4xx_hal_tim_ex.c ****   */
1830:Drivers/STM32G4xx_HAL_Driver/Src/stm32g4xx_hal_tim_ex.c **** HAL_StatusTypeDef HAL_TIMEx_OnePulseN_Stop_IT(TIM_HandleTypeDef *htim, uint32_t OutputChannel)
1831:Drivers/STM32G4xx_HAL_Driver/Src/stm32g4xx_hal_tim_ex.c **** {
1832:Drivers/STM32G4xx_HAL_Driver/Src/stm32g4xx_hal_tim_ex.c ****   uint32_t input_channel = (OutputChannel == TIM_CHANNEL_1) ? TIM_CHANNEL_2 : TIM_CHANNEL_1;
1833:Drivers/STM32G4xx_HAL_Driver/Src/stm32g4xx_hal_tim_ex.c **** 
1834:Drivers/STM32G4xx_HAL_Driver/Src/stm32g4xx_hal_tim_ex.c ****   /* Check the parameters */
1835:Drivers/STM32G4xx_HAL_Driver/Src/stm32g4xx_hal_tim_ex.c ****   assert_param(IS_TIM_CCXN_INSTANCE(htim->Instance, OutputChannel));
1836:Drivers/STM32G4xx_HAL_Driver/Src/stm32g4xx_hal_tim_ex.c **** 
1837:Drivers/STM32G4xx_HAL_Driver/Src/stm32g4xx_hal_tim_ex.c ****   /* Disable the TIM Capture/Compare 1 interrupt */
1838:Drivers/STM32G4xx_HAL_Driver/Src/stm32g4xx_hal_tim_ex.c ****   __HAL_TIM_DISABLE_IT(htim, TIM_IT_CC1);
1839:Drivers/STM32G4xx_HAL_Driver/Src/stm32g4xx_hal_tim_ex.c **** 
1840:Drivers/STM32G4xx_HAL_Driver/Src/stm32g4xx_hal_tim_ex.c ****   /* Disable the TIM Capture/Compare 2 interrupt */
1841:Drivers/STM32G4xx_HAL_Driver/Src/stm32g4xx_hal_tim_ex.c ****   __HAL_TIM_DISABLE_IT(htim, TIM_IT_CC2);
1842:Drivers/STM32G4xx_HAL_Driver/Src/stm32g4xx_hal_tim_ex.c **** 
1843:Drivers/STM32G4xx_HAL_Driver/Src/stm32g4xx_hal_tim_ex.c ****   /* Disable the complementary One Pulse output channel and the Input Capture channel */
1844:Drivers/STM32G4xx_HAL_Driver/Src/stm32g4xx_hal_tim_ex.c ****   TIM_CCxNChannelCmd(htim->Instance, OutputChannel, TIM_CCxN_DISABLE);
1845:Drivers/STM32G4xx_HAL_Driver/Src/stm32g4xx_hal_tim_ex.c ****   TIM_CCxChannelCmd(htim->Instance, input_channel, TIM_CCx_DISABLE);
1846:Drivers/STM32G4xx_HAL_Driver/Src/stm32g4xx_hal_tim_ex.c **** 
1847:Drivers/STM32G4xx_HAL_Driver/Src/stm32g4xx_hal_tim_ex.c ****   /* Disable the Main Output */
1848:Drivers/STM32G4xx_HAL_Driver/Src/stm32g4xx_hal_tim_ex.c ****   __HAL_TIM_MOE_DISABLE(htim);
1849:Drivers/STM32G4xx_HAL_Driver/Src/stm32g4xx_hal_tim_ex.c **** 
1850:Drivers/STM32G4xx_HAL_Driver/Src/stm32g4xx_hal_tim_ex.c ****   /* Disable the Peripheral */
1851:Drivers/STM32G4xx_HAL_Driver/Src/stm32g4xx_hal_tim_ex.c ****   __HAL_TIM_DISABLE(htim);
1852:Drivers/STM32G4xx_HAL_Driver/Src/stm32g4xx_hal_tim_ex.c **** 
1853:Drivers/STM32G4xx_HAL_Driver/Src/stm32g4xx_hal_tim_ex.c ****   /* Set the TIM  channels state */
1854:Drivers/STM32G4xx_HAL_Driver/Src/stm32g4xx_hal_tim_ex.c ****   TIM_CHANNEL_STATE_SET(htim, TIM_CHANNEL_1, HAL_TIM_CHANNEL_STATE_READY);
ARM GAS  /tmp/ccX78w3T.s 			page 34


1855:Drivers/STM32G4xx_HAL_Driver/Src/stm32g4xx_hal_tim_ex.c ****   TIM_CHANNEL_STATE_SET(htim, TIM_CHANNEL_2, HAL_TIM_CHANNEL_STATE_READY);
1856:Drivers/STM32G4xx_HAL_Driver/Src/stm32g4xx_hal_tim_ex.c ****   TIM_CHANNEL_N_STATE_SET(htim, TIM_CHANNEL_1, HAL_TIM_CHANNEL_STATE_READY);
1857:Drivers/STM32G4xx_HAL_Driver/Src/stm32g4xx_hal_tim_ex.c ****   TIM_CHANNEL_N_STATE_SET(htim, TIM_CHANNEL_2, HAL_TIM_CHANNEL_STATE_READY);
1858:Drivers/STM32G4xx_HAL_Driver/Src/stm32g4xx_hal_tim_ex.c **** 
1859:Drivers/STM32G4xx_HAL_Driver/Src/stm32g4xx_hal_tim_ex.c ****   /* Return function status */
1860:Drivers/STM32G4xx_HAL_Driver/Src/stm32g4xx_hal_tim_ex.c ****   return HAL_OK;
1861:Drivers/STM32G4xx_HAL_Driver/Src/stm32g4xx_hal_tim_ex.c **** }
1862:Drivers/STM32G4xx_HAL_Driver/Src/stm32g4xx_hal_tim_ex.c **** 
1863:Drivers/STM32G4xx_HAL_Driver/Src/stm32g4xx_hal_tim_ex.c **** /**
1864:Drivers/STM32G4xx_HAL_Driver/Src/stm32g4xx_hal_tim_ex.c ****   * @}
1865:Drivers/STM32G4xx_HAL_Driver/Src/stm32g4xx_hal_tim_ex.c ****   */
1866:Drivers/STM32G4xx_HAL_Driver/Src/stm32g4xx_hal_tim_ex.c **** 
1867:Drivers/STM32G4xx_HAL_Driver/Src/stm32g4xx_hal_tim_ex.c **** /** @defgroup TIMEx_Exported_Functions_Group5 Extended Peripheral Control functions
1868:Drivers/STM32G4xx_HAL_Driver/Src/stm32g4xx_hal_tim_ex.c ****   * @brief    Peripheral Control functions
1869:Drivers/STM32G4xx_HAL_Driver/Src/stm32g4xx_hal_tim_ex.c ****   *
1870:Drivers/STM32G4xx_HAL_Driver/Src/stm32g4xx_hal_tim_ex.c **** @verbatim
1871:Drivers/STM32G4xx_HAL_Driver/Src/stm32g4xx_hal_tim_ex.c ****   ==============================================================================
1872:Drivers/STM32G4xx_HAL_Driver/Src/stm32g4xx_hal_tim_ex.c ****                     ##### Peripheral Control functions #####
1873:Drivers/STM32G4xx_HAL_Driver/Src/stm32g4xx_hal_tim_ex.c ****   ==============================================================================
1874:Drivers/STM32G4xx_HAL_Driver/Src/stm32g4xx_hal_tim_ex.c ****   [..]
1875:Drivers/STM32G4xx_HAL_Driver/Src/stm32g4xx_hal_tim_ex.c ****     This section provides functions allowing to:
1876:Drivers/STM32G4xx_HAL_Driver/Src/stm32g4xx_hal_tim_ex.c ****       (+) Configure the commutation event in case of use of the Hall sensor interface.
1877:Drivers/STM32G4xx_HAL_Driver/Src/stm32g4xx_hal_tim_ex.c ****       (+) Configure Output channels for OC and PWM mode.
1878:Drivers/STM32G4xx_HAL_Driver/Src/stm32g4xx_hal_tim_ex.c **** 
1879:Drivers/STM32G4xx_HAL_Driver/Src/stm32g4xx_hal_tim_ex.c ****       (+) Configure Complementary channels, break features and dead time.
1880:Drivers/STM32G4xx_HAL_Driver/Src/stm32g4xx_hal_tim_ex.c ****       (+) Configure Master synchronization.
1881:Drivers/STM32G4xx_HAL_Driver/Src/stm32g4xx_hal_tim_ex.c ****       (+) Configure timer remapping capabilities.
1882:Drivers/STM32G4xx_HAL_Driver/Src/stm32g4xx_hal_tim_ex.c ****       (+) Select timer input source.
1883:Drivers/STM32G4xx_HAL_Driver/Src/stm32g4xx_hal_tim_ex.c ****       (+) Enable or disable channel grouping.
1884:Drivers/STM32G4xx_HAL_Driver/Src/stm32g4xx_hal_tim_ex.c ****       (+) Configure Pulse on compare.
1885:Drivers/STM32G4xx_HAL_Driver/Src/stm32g4xx_hal_tim_ex.c ****       (+) Configure Encoder index.
1886:Drivers/STM32G4xx_HAL_Driver/Src/stm32g4xx_hal_tim_ex.c **** 
1887:Drivers/STM32G4xx_HAL_Driver/Src/stm32g4xx_hal_tim_ex.c **** @endverbatim
1888:Drivers/STM32G4xx_HAL_Driver/Src/stm32g4xx_hal_tim_ex.c ****   * @{
1889:Drivers/STM32G4xx_HAL_Driver/Src/stm32g4xx_hal_tim_ex.c ****   */
1890:Drivers/STM32G4xx_HAL_Driver/Src/stm32g4xx_hal_tim_ex.c **** 
1891:Drivers/STM32G4xx_HAL_Driver/Src/stm32g4xx_hal_tim_ex.c **** /**
1892:Drivers/STM32G4xx_HAL_Driver/Src/stm32g4xx_hal_tim_ex.c ****   * @brief  Configure the TIM commutation event sequence.
1893:Drivers/STM32G4xx_HAL_Driver/Src/stm32g4xx_hal_tim_ex.c ****   * @note  This function is mandatory to use the commutation event in order to
1894:Drivers/STM32G4xx_HAL_Driver/Src/stm32g4xx_hal_tim_ex.c ****   *        update the configuration at each commutation detection on the TRGI input of the Timer,
1895:Drivers/STM32G4xx_HAL_Driver/Src/stm32g4xx_hal_tim_ex.c ****   *        the typical use of this feature is with the use of another Timer(interface Timer)
1896:Drivers/STM32G4xx_HAL_Driver/Src/stm32g4xx_hal_tim_ex.c ****   *        configured in Hall sensor interface, this interface Timer will generate the
1897:Drivers/STM32G4xx_HAL_Driver/Src/stm32g4xx_hal_tim_ex.c ****   *        commutation at its TRGO output (connected to Timer used in this function) each time
1898:Drivers/STM32G4xx_HAL_Driver/Src/stm32g4xx_hal_tim_ex.c ****   *        the TI1 of the Interface Timer detect a commutation at its input TI1.
1899:Drivers/STM32G4xx_HAL_Driver/Src/stm32g4xx_hal_tim_ex.c ****   * @param  htim TIM handle
1900:Drivers/STM32G4xx_HAL_Driver/Src/stm32g4xx_hal_tim_ex.c ****   * @param  InputTrigger the Internal trigger corresponding to the Timer Interfacing with the Hall 
1901:Drivers/STM32G4xx_HAL_Driver/Src/stm32g4xx_hal_tim_ex.c ****   *          This parameter can be one of the following values:
1902:Drivers/STM32G4xx_HAL_Driver/Src/stm32g4xx_hal_tim_ex.c ****   *            @arg TIM_TS_ITR0: Internal trigger 0 selected
1903:Drivers/STM32G4xx_HAL_Driver/Src/stm32g4xx_hal_tim_ex.c ****   *            @arg TIM_TS_ITR1: Internal trigger 1 selected
1904:Drivers/STM32G4xx_HAL_Driver/Src/stm32g4xx_hal_tim_ex.c ****   *            @arg TIM_TS_ITR2: Internal trigger 2 selected
1905:Drivers/STM32G4xx_HAL_Driver/Src/stm32g4xx_hal_tim_ex.c ****   *            @arg TIM_TS_ITR3: Internal trigger 3 selected
1906:Drivers/STM32G4xx_HAL_Driver/Src/stm32g4xx_hal_tim_ex.c ****   *            @arg TIM_TS_ITR4: Internal trigger 4 selected   (*)
1907:Drivers/STM32G4xx_HAL_Driver/Src/stm32g4xx_hal_tim_ex.c ****   *            @arg TIM_TS_ITR5: Internal trigger 5 selected
1908:Drivers/STM32G4xx_HAL_Driver/Src/stm32g4xx_hal_tim_ex.c ****   *            @arg TIM_TS_ITR6: Internal trigger 6 selected
1909:Drivers/STM32G4xx_HAL_Driver/Src/stm32g4xx_hal_tim_ex.c ****   *            @arg TIM_TS_ITR7: Internal trigger 7 selected
1910:Drivers/STM32G4xx_HAL_Driver/Src/stm32g4xx_hal_tim_ex.c ****   *            @arg TIM_TS_ITR8: Internal trigger 8 selected
1911:Drivers/STM32G4xx_HAL_Driver/Src/stm32g4xx_hal_tim_ex.c ****   *            @arg TIM_TS_ITR9: Internal trigger 9 selected   (*)
ARM GAS  /tmp/ccX78w3T.s 			page 35


1912:Drivers/STM32G4xx_HAL_Driver/Src/stm32g4xx_hal_tim_ex.c ****   *            @arg TIM_TS_ITR10: Internal trigger 10 selected
1913:Drivers/STM32G4xx_HAL_Driver/Src/stm32g4xx_hal_tim_ex.c ****   *            @arg TIM_TS_ITR11: Internal trigger 11 selected
1914:Drivers/STM32G4xx_HAL_Driver/Src/stm32g4xx_hal_tim_ex.c ****   *            @arg TIM_TS_NONE: No trigger is needed
1915:Drivers/STM32G4xx_HAL_Driver/Src/stm32g4xx_hal_tim_ex.c ****   *
1916:Drivers/STM32G4xx_HAL_Driver/Src/stm32g4xx_hal_tim_ex.c ****   *         (*)  Value not defined in all devices.
1917:Drivers/STM32G4xx_HAL_Driver/Src/stm32g4xx_hal_tim_ex.c ****   *
1918:Drivers/STM32G4xx_HAL_Driver/Src/stm32g4xx_hal_tim_ex.c ****   * @param  CommutationSource the Commutation Event source
1919:Drivers/STM32G4xx_HAL_Driver/Src/stm32g4xx_hal_tim_ex.c ****   *          This parameter can be one of the following values:
1920:Drivers/STM32G4xx_HAL_Driver/Src/stm32g4xx_hal_tim_ex.c ****   *            @arg TIM_COMMUTATION_TRGI: Commutation source is the TRGI of the Interface Timer
1921:Drivers/STM32G4xx_HAL_Driver/Src/stm32g4xx_hal_tim_ex.c ****   *            @arg TIM_COMMUTATION_SOFTWARE:  Commutation source is set by software using the COMG
1922:Drivers/STM32G4xx_HAL_Driver/Src/stm32g4xx_hal_tim_ex.c ****   * @retval HAL status
1923:Drivers/STM32G4xx_HAL_Driver/Src/stm32g4xx_hal_tim_ex.c ****   */
1924:Drivers/STM32G4xx_HAL_Driver/Src/stm32g4xx_hal_tim_ex.c **** HAL_StatusTypeDef HAL_TIMEx_ConfigCommutEvent(TIM_HandleTypeDef *htim, uint32_t  InputTrigger,
1925:Drivers/STM32G4xx_HAL_Driver/Src/stm32g4xx_hal_tim_ex.c ****                                               uint32_t  CommutationSource)
1926:Drivers/STM32G4xx_HAL_Driver/Src/stm32g4xx_hal_tim_ex.c **** {
1927:Drivers/STM32G4xx_HAL_Driver/Src/stm32g4xx_hal_tim_ex.c ****   /* Check the parameters */
1928:Drivers/STM32G4xx_HAL_Driver/Src/stm32g4xx_hal_tim_ex.c ****   assert_param(IS_TIM_COMMUTATION_EVENT_INSTANCE(htim->Instance));
1929:Drivers/STM32G4xx_HAL_Driver/Src/stm32g4xx_hal_tim_ex.c ****   assert_param(IS_TIM_INTERNAL_TRIGGEREVENT_INSTANCE(htim->Instance, InputTrigger));
1930:Drivers/STM32G4xx_HAL_Driver/Src/stm32g4xx_hal_tim_ex.c **** 
1931:Drivers/STM32G4xx_HAL_Driver/Src/stm32g4xx_hal_tim_ex.c ****   __HAL_LOCK(htim);
1932:Drivers/STM32G4xx_HAL_Driver/Src/stm32g4xx_hal_tim_ex.c **** 
1933:Drivers/STM32G4xx_HAL_Driver/Src/stm32g4xx_hal_tim_ex.c **** #if defined(TIM5) && defined(TIM20)
1934:Drivers/STM32G4xx_HAL_Driver/Src/stm32g4xx_hal_tim_ex.c ****   if ((InputTrigger == TIM_TS_ITR0)  || (InputTrigger == TIM_TS_ITR1) ||
1935:Drivers/STM32G4xx_HAL_Driver/Src/stm32g4xx_hal_tim_ex.c ****       (InputTrigger == TIM_TS_ITR2)  || (InputTrigger == TIM_TS_ITR3) ||
1936:Drivers/STM32G4xx_HAL_Driver/Src/stm32g4xx_hal_tim_ex.c ****       (InputTrigger == TIM_TS_ITR4)  || (InputTrigger == TIM_TS_ITR5) ||
1937:Drivers/STM32G4xx_HAL_Driver/Src/stm32g4xx_hal_tim_ex.c ****       (InputTrigger == TIM_TS_ITR6)  || (InputTrigger == TIM_TS_ITR7) ||
1938:Drivers/STM32G4xx_HAL_Driver/Src/stm32g4xx_hal_tim_ex.c ****       (InputTrigger == TIM_TS_ITR8)  || (InputTrigger == TIM_TS_ITR9) ||
1939:Drivers/STM32G4xx_HAL_Driver/Src/stm32g4xx_hal_tim_ex.c ****       (InputTrigger == TIM_TS_ITR10) || (InputTrigger == TIM_TS_ITR11))
1940:Drivers/STM32G4xx_HAL_Driver/Src/stm32g4xx_hal_tim_ex.c **** #elif defined(TIM5)
1941:Drivers/STM32G4xx_HAL_Driver/Src/stm32g4xx_hal_tim_ex.c ****   if ((InputTrigger == TIM_TS_ITR0)  || (InputTrigger == TIM_TS_ITR1) ||
1942:Drivers/STM32G4xx_HAL_Driver/Src/stm32g4xx_hal_tim_ex.c ****       (InputTrigger == TIM_TS_ITR2)  || (InputTrigger == TIM_TS_ITR3) ||
1943:Drivers/STM32G4xx_HAL_Driver/Src/stm32g4xx_hal_tim_ex.c ****       (InputTrigger == TIM_TS_ITR4)  || (InputTrigger == TIM_TS_ITR5) ||
1944:Drivers/STM32G4xx_HAL_Driver/Src/stm32g4xx_hal_tim_ex.c ****       (InputTrigger == TIM_TS_ITR6)  || (InputTrigger == TIM_TS_ITR7) ||
1945:Drivers/STM32G4xx_HAL_Driver/Src/stm32g4xx_hal_tim_ex.c ****       (InputTrigger == TIM_TS_ITR8)  || (InputTrigger == TIM_TS_ITR11))
1946:Drivers/STM32G4xx_HAL_Driver/Src/stm32g4xx_hal_tim_ex.c **** #elif defined(TIM20)
1947:Drivers/STM32G4xx_HAL_Driver/Src/stm32g4xx_hal_tim_ex.c ****   if ((InputTrigger == TIM_TS_ITR0)  || (InputTrigger == TIM_TS_ITR1) ||
1948:Drivers/STM32G4xx_HAL_Driver/Src/stm32g4xx_hal_tim_ex.c ****       (InputTrigger == TIM_TS_ITR2)  || (InputTrigger == TIM_TS_ITR3) ||
1949:Drivers/STM32G4xx_HAL_Driver/Src/stm32g4xx_hal_tim_ex.c ****       (InputTrigger == TIM_TS_ITR5)  || (InputTrigger == TIM_TS_ITR6) ||
1950:Drivers/STM32G4xx_HAL_Driver/Src/stm32g4xx_hal_tim_ex.c ****       (InputTrigger == TIM_TS_ITR7)  || (InputTrigger == TIM_TS_ITR8) ||
1951:Drivers/STM32G4xx_HAL_Driver/Src/stm32g4xx_hal_tim_ex.c ****       (InputTrigger == TIM_TS_ITR9)  || (InputTrigger == TIM_TS_ITR11))
1952:Drivers/STM32G4xx_HAL_Driver/Src/stm32g4xx_hal_tim_ex.c **** #else
1953:Drivers/STM32G4xx_HAL_Driver/Src/stm32g4xx_hal_tim_ex.c ****   if ((InputTrigger == TIM_TS_ITR0)  || (InputTrigger == TIM_TS_ITR1) ||
1954:Drivers/STM32G4xx_HAL_Driver/Src/stm32g4xx_hal_tim_ex.c ****       (InputTrigger == TIM_TS_ITR2)  || (InputTrigger == TIM_TS_ITR3) ||
1955:Drivers/STM32G4xx_HAL_Driver/Src/stm32g4xx_hal_tim_ex.c ****       (InputTrigger == TIM_TS_ITR5)  || (InputTrigger == TIM_TS_ITR6) ||
1956:Drivers/STM32G4xx_HAL_Driver/Src/stm32g4xx_hal_tim_ex.c ****       (InputTrigger == TIM_TS_ITR7)  || (InputTrigger == TIM_TS_ITR8) ||
1957:Drivers/STM32G4xx_HAL_Driver/Src/stm32g4xx_hal_tim_ex.c ****       (InputTrigger == TIM_TS_ITR11))
1958:Drivers/STM32G4xx_HAL_Driver/Src/stm32g4xx_hal_tim_ex.c **** #endif /* TIM5 && TIM20 */
1959:Drivers/STM32G4xx_HAL_Driver/Src/stm32g4xx_hal_tim_ex.c ****   {
1960:Drivers/STM32G4xx_HAL_Driver/Src/stm32g4xx_hal_tim_ex.c ****     /* Select the Input trigger */
1961:Drivers/STM32G4xx_HAL_Driver/Src/stm32g4xx_hal_tim_ex.c ****     htim->Instance->SMCR &= ~TIM_SMCR_TS;
1962:Drivers/STM32G4xx_HAL_Driver/Src/stm32g4xx_hal_tim_ex.c ****     htim->Instance->SMCR |= InputTrigger;
1963:Drivers/STM32G4xx_HAL_Driver/Src/stm32g4xx_hal_tim_ex.c ****   }
1964:Drivers/STM32G4xx_HAL_Driver/Src/stm32g4xx_hal_tim_ex.c **** 
1965:Drivers/STM32G4xx_HAL_Driver/Src/stm32g4xx_hal_tim_ex.c ****   /* Select the Capture Compare preload feature */
1966:Drivers/STM32G4xx_HAL_Driver/Src/stm32g4xx_hal_tim_ex.c ****   htim->Instance->CR2 |= TIM_CR2_CCPC;
1967:Drivers/STM32G4xx_HAL_Driver/Src/stm32g4xx_hal_tim_ex.c ****   /* Select the Commutation event source */
1968:Drivers/STM32G4xx_HAL_Driver/Src/stm32g4xx_hal_tim_ex.c ****   htim->Instance->CR2 &= ~TIM_CR2_CCUS;
ARM GAS  /tmp/ccX78w3T.s 			page 36


1969:Drivers/STM32G4xx_HAL_Driver/Src/stm32g4xx_hal_tim_ex.c ****   htim->Instance->CR2 |= CommutationSource;
1970:Drivers/STM32G4xx_HAL_Driver/Src/stm32g4xx_hal_tim_ex.c **** 
1971:Drivers/STM32G4xx_HAL_Driver/Src/stm32g4xx_hal_tim_ex.c ****   /* Disable Commutation Interrupt */
1972:Drivers/STM32G4xx_HAL_Driver/Src/stm32g4xx_hal_tim_ex.c ****   __HAL_TIM_DISABLE_IT(htim, TIM_IT_COM);
1973:Drivers/STM32G4xx_HAL_Driver/Src/stm32g4xx_hal_tim_ex.c **** 
1974:Drivers/STM32G4xx_HAL_Driver/Src/stm32g4xx_hal_tim_ex.c ****   /* Disable Commutation DMA request */
1975:Drivers/STM32G4xx_HAL_Driver/Src/stm32g4xx_hal_tim_ex.c ****   __HAL_TIM_DISABLE_DMA(htim, TIM_DMA_COM);
1976:Drivers/STM32G4xx_HAL_Driver/Src/stm32g4xx_hal_tim_ex.c **** 
1977:Drivers/STM32G4xx_HAL_Driver/Src/stm32g4xx_hal_tim_ex.c ****   __HAL_UNLOCK(htim);
1978:Drivers/STM32G4xx_HAL_Driver/Src/stm32g4xx_hal_tim_ex.c **** 
1979:Drivers/STM32G4xx_HAL_Driver/Src/stm32g4xx_hal_tim_ex.c ****   return HAL_OK;
1980:Drivers/STM32G4xx_HAL_Driver/Src/stm32g4xx_hal_tim_ex.c **** }
1981:Drivers/STM32G4xx_HAL_Driver/Src/stm32g4xx_hal_tim_ex.c **** 
1982:Drivers/STM32G4xx_HAL_Driver/Src/stm32g4xx_hal_tim_ex.c **** /**
1983:Drivers/STM32G4xx_HAL_Driver/Src/stm32g4xx_hal_tim_ex.c ****   * @brief  Configure the TIM commutation event sequence with interrupt.
1984:Drivers/STM32G4xx_HAL_Driver/Src/stm32g4xx_hal_tim_ex.c ****   * @note  This function is mandatory to use the commutation event in order to
1985:Drivers/STM32G4xx_HAL_Driver/Src/stm32g4xx_hal_tim_ex.c ****   *        update the configuration at each commutation detection on the TRGI input of the Timer,
1986:Drivers/STM32G4xx_HAL_Driver/Src/stm32g4xx_hal_tim_ex.c ****   *        the typical use of this feature is with the use of another Timer(interface Timer)
1987:Drivers/STM32G4xx_HAL_Driver/Src/stm32g4xx_hal_tim_ex.c ****   *        configured in Hall sensor interface, this interface Timer will generate the
1988:Drivers/STM32G4xx_HAL_Driver/Src/stm32g4xx_hal_tim_ex.c ****   *        commutation at its TRGO output (connected to Timer used in this function) each time
1989:Drivers/STM32G4xx_HAL_Driver/Src/stm32g4xx_hal_tim_ex.c ****   *        the TI1 of the Interface Timer detect a commutation at its input TI1.
1990:Drivers/STM32G4xx_HAL_Driver/Src/stm32g4xx_hal_tim_ex.c ****   * @param  htim TIM handle
1991:Drivers/STM32G4xx_HAL_Driver/Src/stm32g4xx_hal_tim_ex.c ****   * @param  InputTrigger the Internal trigger corresponding to the Timer Interfacing with the Hall 
1992:Drivers/STM32G4xx_HAL_Driver/Src/stm32g4xx_hal_tim_ex.c ****   *          This parameter can be one of the following values:
1993:Drivers/STM32G4xx_HAL_Driver/Src/stm32g4xx_hal_tim_ex.c ****   *            @arg TIM_TS_ITR0: Internal trigger 0 selected
1994:Drivers/STM32G4xx_HAL_Driver/Src/stm32g4xx_hal_tim_ex.c ****   *            @arg TIM_TS_ITR1: Internal trigger 1 selected
1995:Drivers/STM32G4xx_HAL_Driver/Src/stm32g4xx_hal_tim_ex.c ****   *            @arg TIM_TS_ITR2: Internal trigger 2 selected
1996:Drivers/STM32G4xx_HAL_Driver/Src/stm32g4xx_hal_tim_ex.c ****   *            @arg TIM_TS_ITR3: Internal trigger 3 selected
1997:Drivers/STM32G4xx_HAL_Driver/Src/stm32g4xx_hal_tim_ex.c ****   *            @arg TIM_TS_ITR4: Internal trigger 4 selected   (*)
1998:Drivers/STM32G4xx_HAL_Driver/Src/stm32g4xx_hal_tim_ex.c ****   *            @arg TIM_TS_ITR5: Internal trigger 5 selected
1999:Drivers/STM32G4xx_HAL_Driver/Src/stm32g4xx_hal_tim_ex.c ****   *            @arg TIM_TS_ITR6: Internal trigger 6 selected
2000:Drivers/STM32G4xx_HAL_Driver/Src/stm32g4xx_hal_tim_ex.c ****   *            @arg TIM_TS_ITR7: Internal trigger 7 selected
2001:Drivers/STM32G4xx_HAL_Driver/Src/stm32g4xx_hal_tim_ex.c ****   *            @arg TIM_TS_ITR8: Internal trigger 8 selected
2002:Drivers/STM32G4xx_HAL_Driver/Src/stm32g4xx_hal_tim_ex.c ****   *            @arg TIM_TS_ITR9: Internal trigger 9 selected   (*)
2003:Drivers/STM32G4xx_HAL_Driver/Src/stm32g4xx_hal_tim_ex.c ****   *            @arg TIM_TS_ITR10: Internal trigger 10 selected
2004:Drivers/STM32G4xx_HAL_Driver/Src/stm32g4xx_hal_tim_ex.c ****   *            @arg TIM_TS_ITR11: Internal trigger 11 selected
2005:Drivers/STM32G4xx_HAL_Driver/Src/stm32g4xx_hal_tim_ex.c ****   *            @arg TIM_TS_NONE: No trigger is needed
2006:Drivers/STM32G4xx_HAL_Driver/Src/stm32g4xx_hal_tim_ex.c ****   *
2007:Drivers/STM32G4xx_HAL_Driver/Src/stm32g4xx_hal_tim_ex.c ****   *         (*)  Value not defined in all devices.
2008:Drivers/STM32G4xx_HAL_Driver/Src/stm32g4xx_hal_tim_ex.c ****   *
2009:Drivers/STM32G4xx_HAL_Driver/Src/stm32g4xx_hal_tim_ex.c ****   * @param  CommutationSource the Commutation Event source
2010:Drivers/STM32G4xx_HAL_Driver/Src/stm32g4xx_hal_tim_ex.c ****   *          This parameter can be one of the following values:
2011:Drivers/STM32G4xx_HAL_Driver/Src/stm32g4xx_hal_tim_ex.c ****   *            @arg TIM_COMMUTATION_TRGI: Commutation source is the TRGI of the Interface Timer
2012:Drivers/STM32G4xx_HAL_Driver/Src/stm32g4xx_hal_tim_ex.c ****   *            @arg TIM_COMMUTATION_SOFTWARE:  Commutation source is set by software using the COMG
2013:Drivers/STM32G4xx_HAL_Driver/Src/stm32g4xx_hal_tim_ex.c ****   * @retval HAL status
2014:Drivers/STM32G4xx_HAL_Driver/Src/stm32g4xx_hal_tim_ex.c ****   */
2015:Drivers/STM32G4xx_HAL_Driver/Src/stm32g4xx_hal_tim_ex.c **** HAL_StatusTypeDef HAL_TIMEx_ConfigCommutEvent_IT(TIM_HandleTypeDef *htim, uint32_t  InputTrigger,
2016:Drivers/STM32G4xx_HAL_Driver/Src/stm32g4xx_hal_tim_ex.c ****                                                  uint32_t  CommutationSource)
2017:Drivers/STM32G4xx_HAL_Driver/Src/stm32g4xx_hal_tim_ex.c **** {
2018:Drivers/STM32G4xx_HAL_Driver/Src/stm32g4xx_hal_tim_ex.c ****   /* Check the parameters */
2019:Drivers/STM32G4xx_HAL_Driver/Src/stm32g4xx_hal_tim_ex.c ****   assert_param(IS_TIM_COMMUTATION_EVENT_INSTANCE(htim->Instance));
2020:Drivers/STM32G4xx_HAL_Driver/Src/stm32g4xx_hal_tim_ex.c ****   assert_param(IS_TIM_INTERNAL_TRIGGEREVENT_INSTANCE(htim->Instance, InputTrigger));
2021:Drivers/STM32G4xx_HAL_Driver/Src/stm32g4xx_hal_tim_ex.c **** 
2022:Drivers/STM32G4xx_HAL_Driver/Src/stm32g4xx_hal_tim_ex.c ****   __HAL_LOCK(htim);
2023:Drivers/STM32G4xx_HAL_Driver/Src/stm32g4xx_hal_tim_ex.c **** 
2024:Drivers/STM32G4xx_HAL_Driver/Src/stm32g4xx_hal_tim_ex.c **** #if defined(TIM5) && defined(TIM20)
2025:Drivers/STM32G4xx_HAL_Driver/Src/stm32g4xx_hal_tim_ex.c ****   if ((InputTrigger == TIM_TS_ITR0)  || (InputTrigger == TIM_TS_ITR1) ||
ARM GAS  /tmp/ccX78w3T.s 			page 37


2026:Drivers/STM32G4xx_HAL_Driver/Src/stm32g4xx_hal_tim_ex.c ****       (InputTrigger == TIM_TS_ITR2)  || (InputTrigger == TIM_TS_ITR3) ||
2027:Drivers/STM32G4xx_HAL_Driver/Src/stm32g4xx_hal_tim_ex.c ****       (InputTrigger == TIM_TS_ITR4)  || (InputTrigger == TIM_TS_ITR5) ||
2028:Drivers/STM32G4xx_HAL_Driver/Src/stm32g4xx_hal_tim_ex.c ****       (InputTrigger == TIM_TS_ITR6)  || (InputTrigger == TIM_TS_ITR7) ||
2029:Drivers/STM32G4xx_HAL_Driver/Src/stm32g4xx_hal_tim_ex.c ****       (InputTrigger == TIM_TS_ITR8)  || (InputTrigger == TIM_TS_ITR9) ||
2030:Drivers/STM32G4xx_HAL_Driver/Src/stm32g4xx_hal_tim_ex.c ****       (InputTrigger == TIM_TS_ITR10) || (InputTrigger == TIM_TS_ITR11))
2031:Drivers/STM32G4xx_HAL_Driver/Src/stm32g4xx_hal_tim_ex.c **** #elif defined(TIM5)
2032:Drivers/STM32G4xx_HAL_Driver/Src/stm32g4xx_hal_tim_ex.c ****   if ((InputTrigger == TIM_TS_ITR0)  || (InputTrigger == TIM_TS_ITR1) ||
2033:Drivers/STM32G4xx_HAL_Driver/Src/stm32g4xx_hal_tim_ex.c ****       (InputTrigger == TIM_TS_ITR2)  || (InputTrigger == TIM_TS_ITR3) ||
2034:Drivers/STM32G4xx_HAL_Driver/Src/stm32g4xx_hal_tim_ex.c ****       (InputTrigger == TIM_TS_ITR4)  || (InputTrigger == TIM_TS_ITR5) ||
2035:Drivers/STM32G4xx_HAL_Driver/Src/stm32g4xx_hal_tim_ex.c ****       (InputTrigger == TIM_TS_ITR6)  || (InputTrigger == TIM_TS_ITR7) ||
2036:Drivers/STM32G4xx_HAL_Driver/Src/stm32g4xx_hal_tim_ex.c ****       (InputTrigger == TIM_TS_ITR8)  || (InputTrigger == TIM_TS_ITR11))
2037:Drivers/STM32G4xx_HAL_Driver/Src/stm32g4xx_hal_tim_ex.c **** #elif defined(TIM20)
2038:Drivers/STM32G4xx_HAL_Driver/Src/stm32g4xx_hal_tim_ex.c ****   if ((InputTrigger == TIM_TS_ITR0)  || (InputTrigger == TIM_TS_ITR1) ||
2039:Drivers/STM32G4xx_HAL_Driver/Src/stm32g4xx_hal_tim_ex.c ****       (InputTrigger == TIM_TS_ITR2)  || (InputTrigger == TIM_TS_ITR3) ||
2040:Drivers/STM32G4xx_HAL_Driver/Src/stm32g4xx_hal_tim_ex.c ****       (InputTrigger == TIM_TS_ITR5)  || (InputTrigger == TIM_TS_ITR6) ||
2041:Drivers/STM32G4xx_HAL_Driver/Src/stm32g4xx_hal_tim_ex.c ****       (InputTrigger == TIM_TS_ITR7)  || (InputTrigger == TIM_TS_ITR8) ||
2042:Drivers/STM32G4xx_HAL_Driver/Src/stm32g4xx_hal_tim_ex.c ****       (InputTrigger == TIM_TS_ITR9)  || (InputTrigger == TIM_TS_ITR11))
2043:Drivers/STM32G4xx_HAL_Driver/Src/stm32g4xx_hal_tim_ex.c **** #else
2044:Drivers/STM32G4xx_HAL_Driver/Src/stm32g4xx_hal_tim_ex.c ****   if ((InputTrigger == TIM_TS_ITR0)  || (InputTrigger == TIM_TS_ITR1) ||
2045:Drivers/STM32G4xx_HAL_Driver/Src/stm32g4xx_hal_tim_ex.c ****       (InputTrigger == TIM_TS_ITR2)  || (InputTrigger == TIM_TS_ITR3) ||
2046:Drivers/STM32G4xx_HAL_Driver/Src/stm32g4xx_hal_tim_ex.c ****       (InputTrigger == TIM_TS_ITR5)  || (InputTrigger == TIM_TS_ITR6) ||
2047:Drivers/STM32G4xx_HAL_Driver/Src/stm32g4xx_hal_tim_ex.c ****       (InputTrigger == TIM_TS_ITR7)  || (InputTrigger == TIM_TS_ITR8) ||
2048:Drivers/STM32G4xx_HAL_Driver/Src/stm32g4xx_hal_tim_ex.c ****       (InputTrigger == TIM_TS_ITR11))
2049:Drivers/STM32G4xx_HAL_Driver/Src/stm32g4xx_hal_tim_ex.c **** #endif /* TIM5 && TIM20 */
2050:Drivers/STM32G4xx_HAL_Driver/Src/stm32g4xx_hal_tim_ex.c ****   {
2051:Drivers/STM32G4xx_HAL_Driver/Src/stm32g4xx_hal_tim_ex.c ****     /* Select the Input trigger */
2052:Drivers/STM32G4xx_HAL_Driver/Src/stm32g4xx_hal_tim_ex.c ****     htim->Instance->SMCR &= ~TIM_SMCR_TS;
2053:Drivers/STM32G4xx_HAL_Driver/Src/stm32g4xx_hal_tim_ex.c ****     htim->Instance->SMCR |= InputTrigger;
2054:Drivers/STM32G4xx_HAL_Driver/Src/stm32g4xx_hal_tim_ex.c ****   }
2055:Drivers/STM32G4xx_HAL_Driver/Src/stm32g4xx_hal_tim_ex.c **** 
2056:Drivers/STM32G4xx_HAL_Driver/Src/stm32g4xx_hal_tim_ex.c ****   /* Select the Capture Compare preload feature */
2057:Drivers/STM32G4xx_HAL_Driver/Src/stm32g4xx_hal_tim_ex.c ****   htim->Instance->CR2 |= TIM_CR2_CCPC;
2058:Drivers/STM32G4xx_HAL_Driver/Src/stm32g4xx_hal_tim_ex.c ****   /* Select the Commutation event source */
2059:Drivers/STM32G4xx_HAL_Driver/Src/stm32g4xx_hal_tim_ex.c ****   htim->Instance->CR2 &= ~TIM_CR2_CCUS;
2060:Drivers/STM32G4xx_HAL_Driver/Src/stm32g4xx_hal_tim_ex.c ****   htim->Instance->CR2 |= CommutationSource;
2061:Drivers/STM32G4xx_HAL_Driver/Src/stm32g4xx_hal_tim_ex.c **** 
2062:Drivers/STM32G4xx_HAL_Driver/Src/stm32g4xx_hal_tim_ex.c ****   /* Disable Commutation DMA request */
2063:Drivers/STM32G4xx_HAL_Driver/Src/stm32g4xx_hal_tim_ex.c ****   __HAL_TIM_DISABLE_DMA(htim, TIM_DMA_COM);
2064:Drivers/STM32G4xx_HAL_Driver/Src/stm32g4xx_hal_tim_ex.c **** 
2065:Drivers/STM32G4xx_HAL_Driver/Src/stm32g4xx_hal_tim_ex.c ****   /* Enable the Commutation Interrupt */
2066:Drivers/STM32G4xx_HAL_Driver/Src/stm32g4xx_hal_tim_ex.c ****   __HAL_TIM_ENABLE_IT(htim, TIM_IT_COM);
2067:Drivers/STM32G4xx_HAL_Driver/Src/stm32g4xx_hal_tim_ex.c **** 
2068:Drivers/STM32G4xx_HAL_Driver/Src/stm32g4xx_hal_tim_ex.c ****   __HAL_UNLOCK(htim);
2069:Drivers/STM32G4xx_HAL_Driver/Src/stm32g4xx_hal_tim_ex.c **** 
2070:Drivers/STM32G4xx_HAL_Driver/Src/stm32g4xx_hal_tim_ex.c ****   return HAL_OK;
2071:Drivers/STM32G4xx_HAL_Driver/Src/stm32g4xx_hal_tim_ex.c **** }
2072:Drivers/STM32G4xx_HAL_Driver/Src/stm32g4xx_hal_tim_ex.c **** 
2073:Drivers/STM32G4xx_HAL_Driver/Src/stm32g4xx_hal_tim_ex.c **** /**
2074:Drivers/STM32G4xx_HAL_Driver/Src/stm32g4xx_hal_tim_ex.c ****   * @brief  Configure the TIM commutation event sequence with DMA.
2075:Drivers/STM32G4xx_HAL_Driver/Src/stm32g4xx_hal_tim_ex.c ****   * @note  This function is mandatory to use the commutation event in order to
2076:Drivers/STM32G4xx_HAL_Driver/Src/stm32g4xx_hal_tim_ex.c ****   *        update the configuration at each commutation detection on the TRGI input of the Timer,
2077:Drivers/STM32G4xx_HAL_Driver/Src/stm32g4xx_hal_tim_ex.c ****   *        the typical use of this feature is with the use of another Timer(interface Timer)
2078:Drivers/STM32G4xx_HAL_Driver/Src/stm32g4xx_hal_tim_ex.c ****   *        configured in Hall sensor interface, this interface Timer will generate the
2079:Drivers/STM32G4xx_HAL_Driver/Src/stm32g4xx_hal_tim_ex.c ****   *        commutation at its TRGO output (connected to Timer used in this function) each time
2080:Drivers/STM32G4xx_HAL_Driver/Src/stm32g4xx_hal_tim_ex.c ****   *        the TI1 of the Interface Timer detect a commutation at its input TI1.
2081:Drivers/STM32G4xx_HAL_Driver/Src/stm32g4xx_hal_tim_ex.c ****   * @note  The user should configure the DMA in his own software, in This function only the COMDE b
2082:Drivers/STM32G4xx_HAL_Driver/Src/stm32g4xx_hal_tim_ex.c ****   * @param  htim TIM handle
ARM GAS  /tmp/ccX78w3T.s 			page 38


2083:Drivers/STM32G4xx_HAL_Driver/Src/stm32g4xx_hal_tim_ex.c ****   * @param  InputTrigger the Internal trigger corresponding to the Timer Interfacing with the Hall 
2084:Drivers/STM32G4xx_HAL_Driver/Src/stm32g4xx_hal_tim_ex.c ****   *          This parameter can be one of the following values:
2085:Drivers/STM32G4xx_HAL_Driver/Src/stm32g4xx_hal_tim_ex.c ****   *            @arg TIM_TS_ITR0: Internal trigger 0 selected
2086:Drivers/STM32G4xx_HAL_Driver/Src/stm32g4xx_hal_tim_ex.c ****   *            @arg TIM_TS_ITR1: Internal trigger 1 selected
2087:Drivers/STM32G4xx_HAL_Driver/Src/stm32g4xx_hal_tim_ex.c ****   *            @arg TIM_TS_ITR2: Internal trigger 2 selected
2088:Drivers/STM32G4xx_HAL_Driver/Src/stm32g4xx_hal_tim_ex.c ****   *            @arg TIM_TS_ITR3: Internal trigger 3 selected
2089:Drivers/STM32G4xx_HAL_Driver/Src/stm32g4xx_hal_tim_ex.c ****   *            @arg TIM_TS_ITR4: Internal trigger 4 selected   (*)
2090:Drivers/STM32G4xx_HAL_Driver/Src/stm32g4xx_hal_tim_ex.c ****   *            @arg TIM_TS_ITR5: Internal trigger 5 selected
2091:Drivers/STM32G4xx_HAL_Driver/Src/stm32g4xx_hal_tim_ex.c ****   *            @arg TIM_TS_ITR6: Internal trigger 6 selected
2092:Drivers/STM32G4xx_HAL_Driver/Src/stm32g4xx_hal_tim_ex.c ****   *            @arg TIM_TS_ITR7: Internal trigger 7 selected
2093:Drivers/STM32G4xx_HAL_Driver/Src/stm32g4xx_hal_tim_ex.c ****   *            @arg TIM_TS_ITR8: Internal trigger 8 selected
2094:Drivers/STM32G4xx_HAL_Driver/Src/stm32g4xx_hal_tim_ex.c ****   *            @arg TIM_TS_ITR9: Internal trigger 9 selected   (*)
2095:Drivers/STM32G4xx_HAL_Driver/Src/stm32g4xx_hal_tim_ex.c ****   *            @arg TIM_TS_ITR10: Internal trigger 10 selected
2096:Drivers/STM32G4xx_HAL_Driver/Src/stm32g4xx_hal_tim_ex.c ****   *            @arg TIM_TS_ITR11: Internal trigger 11 selected
2097:Drivers/STM32G4xx_HAL_Driver/Src/stm32g4xx_hal_tim_ex.c ****   *            @arg TIM_TS_NONE: No trigger is needed
2098:Drivers/STM32G4xx_HAL_Driver/Src/stm32g4xx_hal_tim_ex.c ****   *
2099:Drivers/STM32G4xx_HAL_Driver/Src/stm32g4xx_hal_tim_ex.c ****   *         (*)  Value not defined in all devices.
2100:Drivers/STM32G4xx_HAL_Driver/Src/stm32g4xx_hal_tim_ex.c ****   *
2101:Drivers/STM32G4xx_HAL_Driver/Src/stm32g4xx_hal_tim_ex.c ****   * @param  CommutationSource the Commutation Event source
2102:Drivers/STM32G4xx_HAL_Driver/Src/stm32g4xx_hal_tim_ex.c ****   *          This parameter can be one of the following values:
2103:Drivers/STM32G4xx_HAL_Driver/Src/stm32g4xx_hal_tim_ex.c ****   *            @arg TIM_COMMUTATION_TRGI: Commutation source is the TRGI of the Interface Timer
2104:Drivers/STM32G4xx_HAL_Driver/Src/stm32g4xx_hal_tim_ex.c ****   *            @arg TIM_COMMUTATION_SOFTWARE:  Commutation source is set by software using the COMG
2105:Drivers/STM32G4xx_HAL_Driver/Src/stm32g4xx_hal_tim_ex.c ****   * @retval HAL status
2106:Drivers/STM32G4xx_HAL_Driver/Src/stm32g4xx_hal_tim_ex.c ****   */
2107:Drivers/STM32G4xx_HAL_Driver/Src/stm32g4xx_hal_tim_ex.c **** HAL_StatusTypeDef HAL_TIMEx_ConfigCommutEvent_DMA(TIM_HandleTypeDef *htim, uint32_t  InputTrigger,
2108:Drivers/STM32G4xx_HAL_Driver/Src/stm32g4xx_hal_tim_ex.c ****                                                   uint32_t  CommutationSource)
2109:Drivers/STM32G4xx_HAL_Driver/Src/stm32g4xx_hal_tim_ex.c **** {
2110:Drivers/STM32G4xx_HAL_Driver/Src/stm32g4xx_hal_tim_ex.c ****   /* Check the parameters */
2111:Drivers/STM32G4xx_HAL_Driver/Src/stm32g4xx_hal_tim_ex.c ****   assert_param(IS_TIM_COMMUTATION_EVENT_INSTANCE(htim->Instance));
2112:Drivers/STM32G4xx_HAL_Driver/Src/stm32g4xx_hal_tim_ex.c ****   assert_param(IS_TIM_INTERNAL_TRIGGEREVENT_INSTANCE(htim->Instance, InputTrigger));
2113:Drivers/STM32G4xx_HAL_Driver/Src/stm32g4xx_hal_tim_ex.c **** 
2114:Drivers/STM32G4xx_HAL_Driver/Src/stm32g4xx_hal_tim_ex.c ****   __HAL_LOCK(htim);
2115:Drivers/STM32G4xx_HAL_Driver/Src/stm32g4xx_hal_tim_ex.c **** 
2116:Drivers/STM32G4xx_HAL_Driver/Src/stm32g4xx_hal_tim_ex.c **** #if defined(TIM5) && defined(TIM20)
2117:Drivers/STM32G4xx_HAL_Driver/Src/stm32g4xx_hal_tim_ex.c ****   if ((InputTrigger == TIM_TS_ITR0)  || (InputTrigger == TIM_TS_ITR1) ||
2118:Drivers/STM32G4xx_HAL_Driver/Src/stm32g4xx_hal_tim_ex.c ****       (InputTrigger == TIM_TS_ITR2)  || (InputTrigger == TIM_TS_ITR3) ||
2119:Drivers/STM32G4xx_HAL_Driver/Src/stm32g4xx_hal_tim_ex.c ****       (InputTrigger == TIM_TS_ITR4)  || (InputTrigger == TIM_TS_ITR5) ||
2120:Drivers/STM32G4xx_HAL_Driver/Src/stm32g4xx_hal_tim_ex.c ****       (InputTrigger == TIM_TS_ITR6)  || (InputTrigger == TIM_TS_ITR7) ||
2121:Drivers/STM32G4xx_HAL_Driver/Src/stm32g4xx_hal_tim_ex.c ****       (InputTrigger == TIM_TS_ITR8)  || (InputTrigger == TIM_TS_ITR9) ||
2122:Drivers/STM32G4xx_HAL_Driver/Src/stm32g4xx_hal_tim_ex.c ****       (InputTrigger == TIM_TS_ITR10) || (InputTrigger == TIM_TS_ITR11))
2123:Drivers/STM32G4xx_HAL_Driver/Src/stm32g4xx_hal_tim_ex.c **** #elif defined(TIM5)
2124:Drivers/STM32G4xx_HAL_Driver/Src/stm32g4xx_hal_tim_ex.c ****   if ((InputTrigger == TIM_TS_ITR0)  || (InputTrigger == TIM_TS_ITR1) ||
2125:Drivers/STM32G4xx_HAL_Driver/Src/stm32g4xx_hal_tim_ex.c ****       (InputTrigger == TIM_TS_ITR2)  || (InputTrigger == TIM_TS_ITR3) ||
2126:Drivers/STM32G4xx_HAL_Driver/Src/stm32g4xx_hal_tim_ex.c ****       (InputTrigger == TIM_TS_ITR4)  || (InputTrigger == TIM_TS_ITR5) ||
2127:Drivers/STM32G4xx_HAL_Driver/Src/stm32g4xx_hal_tim_ex.c ****       (InputTrigger == TIM_TS_ITR6)  || (InputTrigger == TIM_TS_ITR7) ||
2128:Drivers/STM32G4xx_HAL_Driver/Src/stm32g4xx_hal_tim_ex.c ****       (InputTrigger == TIM_TS_ITR8)  || (InputTrigger == TIM_TS_ITR11))
2129:Drivers/STM32G4xx_HAL_Driver/Src/stm32g4xx_hal_tim_ex.c **** #elif defined(TIM20)
2130:Drivers/STM32G4xx_HAL_Driver/Src/stm32g4xx_hal_tim_ex.c ****   if ((InputTrigger == TIM_TS_ITR0)  || (InputTrigger == TIM_TS_ITR1) ||
2131:Drivers/STM32G4xx_HAL_Driver/Src/stm32g4xx_hal_tim_ex.c ****       (InputTrigger == TIM_TS_ITR2)  || (InputTrigger == TIM_TS_ITR3) ||
2132:Drivers/STM32G4xx_HAL_Driver/Src/stm32g4xx_hal_tim_ex.c ****       (InputTrigger == TIM_TS_ITR5)  || (InputTrigger == TIM_TS_ITR6) ||
2133:Drivers/STM32G4xx_HAL_Driver/Src/stm32g4xx_hal_tim_ex.c ****       (InputTrigger == TIM_TS_ITR7)  || (InputTrigger == TIM_TS_ITR8) ||
2134:Drivers/STM32G4xx_HAL_Driver/Src/stm32g4xx_hal_tim_ex.c ****       (InputTrigger == TIM_TS_ITR9)  || (InputTrigger == TIM_TS_ITR11))
2135:Drivers/STM32G4xx_HAL_Driver/Src/stm32g4xx_hal_tim_ex.c **** #else
2136:Drivers/STM32G4xx_HAL_Driver/Src/stm32g4xx_hal_tim_ex.c ****   if ((InputTrigger == TIM_TS_ITR0)  || (InputTrigger == TIM_TS_ITR1) ||
2137:Drivers/STM32G4xx_HAL_Driver/Src/stm32g4xx_hal_tim_ex.c ****       (InputTrigger == TIM_TS_ITR2)  || (InputTrigger == TIM_TS_ITR3) ||
2138:Drivers/STM32G4xx_HAL_Driver/Src/stm32g4xx_hal_tim_ex.c ****       (InputTrigger == TIM_TS_ITR5)  || (InputTrigger == TIM_TS_ITR6) ||
2139:Drivers/STM32G4xx_HAL_Driver/Src/stm32g4xx_hal_tim_ex.c ****       (InputTrigger == TIM_TS_ITR7)  || (InputTrigger == TIM_TS_ITR8) ||
ARM GAS  /tmp/ccX78w3T.s 			page 39


2140:Drivers/STM32G4xx_HAL_Driver/Src/stm32g4xx_hal_tim_ex.c ****       (InputTrigger == TIM_TS_ITR11))
2141:Drivers/STM32G4xx_HAL_Driver/Src/stm32g4xx_hal_tim_ex.c **** #endif /* TIM5 && TIM20 */
2142:Drivers/STM32G4xx_HAL_Driver/Src/stm32g4xx_hal_tim_ex.c ****   {
2143:Drivers/STM32G4xx_HAL_Driver/Src/stm32g4xx_hal_tim_ex.c ****     /* Select the Input trigger */
2144:Drivers/STM32G4xx_HAL_Driver/Src/stm32g4xx_hal_tim_ex.c ****     htim->Instance->SMCR &= ~TIM_SMCR_TS;
2145:Drivers/STM32G4xx_HAL_Driver/Src/stm32g4xx_hal_tim_ex.c ****     htim->Instance->SMCR |= InputTrigger;
2146:Drivers/STM32G4xx_HAL_Driver/Src/stm32g4xx_hal_tim_ex.c ****   }
2147:Drivers/STM32G4xx_HAL_Driver/Src/stm32g4xx_hal_tim_ex.c **** 
2148:Drivers/STM32G4xx_HAL_Driver/Src/stm32g4xx_hal_tim_ex.c ****   /* Select the Capture Compare preload feature */
2149:Drivers/STM32G4xx_HAL_Driver/Src/stm32g4xx_hal_tim_ex.c ****   htim->Instance->CR2 |= TIM_CR2_CCPC;
2150:Drivers/STM32G4xx_HAL_Driver/Src/stm32g4xx_hal_tim_ex.c ****   /* Select the Commutation event source */
2151:Drivers/STM32G4xx_HAL_Driver/Src/stm32g4xx_hal_tim_ex.c ****   htim->Instance->CR2 &= ~TIM_CR2_CCUS;
2152:Drivers/STM32G4xx_HAL_Driver/Src/stm32g4xx_hal_tim_ex.c ****   htim->Instance->CR2 |= CommutationSource;
2153:Drivers/STM32G4xx_HAL_Driver/Src/stm32g4xx_hal_tim_ex.c **** 
2154:Drivers/STM32G4xx_HAL_Driver/Src/stm32g4xx_hal_tim_ex.c ****   /* Enable the Commutation DMA Request */
2155:Drivers/STM32G4xx_HAL_Driver/Src/stm32g4xx_hal_tim_ex.c ****   /* Set the DMA Commutation Callback */
2156:Drivers/STM32G4xx_HAL_Driver/Src/stm32g4xx_hal_tim_ex.c ****   htim->hdma[TIM_DMA_ID_COMMUTATION]->XferCpltCallback = TIMEx_DMACommutationCplt;
2157:Drivers/STM32G4xx_HAL_Driver/Src/stm32g4xx_hal_tim_ex.c ****   htim->hdma[TIM_DMA_ID_COMMUTATION]->XferHalfCpltCallback = TIMEx_DMACommutationHalfCplt;
2158:Drivers/STM32G4xx_HAL_Driver/Src/stm32g4xx_hal_tim_ex.c ****   /* Set the DMA error callback */
2159:Drivers/STM32G4xx_HAL_Driver/Src/stm32g4xx_hal_tim_ex.c ****   htim->hdma[TIM_DMA_ID_COMMUTATION]->XferErrorCallback = TIM_DMAError;
2160:Drivers/STM32G4xx_HAL_Driver/Src/stm32g4xx_hal_tim_ex.c **** 
2161:Drivers/STM32G4xx_HAL_Driver/Src/stm32g4xx_hal_tim_ex.c ****   /* Disable Commutation Interrupt */
2162:Drivers/STM32G4xx_HAL_Driver/Src/stm32g4xx_hal_tim_ex.c ****   __HAL_TIM_DISABLE_IT(htim, TIM_IT_COM);
2163:Drivers/STM32G4xx_HAL_Driver/Src/stm32g4xx_hal_tim_ex.c **** 
2164:Drivers/STM32G4xx_HAL_Driver/Src/stm32g4xx_hal_tim_ex.c ****   /* Enable the Commutation DMA Request */
2165:Drivers/STM32G4xx_HAL_Driver/Src/stm32g4xx_hal_tim_ex.c ****   __HAL_TIM_ENABLE_DMA(htim, TIM_DMA_COM);
2166:Drivers/STM32G4xx_HAL_Driver/Src/stm32g4xx_hal_tim_ex.c **** 
2167:Drivers/STM32G4xx_HAL_Driver/Src/stm32g4xx_hal_tim_ex.c ****   __HAL_UNLOCK(htim);
2168:Drivers/STM32G4xx_HAL_Driver/Src/stm32g4xx_hal_tim_ex.c **** 
2169:Drivers/STM32G4xx_HAL_Driver/Src/stm32g4xx_hal_tim_ex.c ****   return HAL_OK;
2170:Drivers/STM32G4xx_HAL_Driver/Src/stm32g4xx_hal_tim_ex.c **** }
2171:Drivers/STM32G4xx_HAL_Driver/Src/stm32g4xx_hal_tim_ex.c **** 
2172:Drivers/STM32G4xx_HAL_Driver/Src/stm32g4xx_hal_tim_ex.c **** /**
2173:Drivers/STM32G4xx_HAL_Driver/Src/stm32g4xx_hal_tim_ex.c ****   * @brief  Configures the TIM in master mode.
2174:Drivers/STM32G4xx_HAL_Driver/Src/stm32g4xx_hal_tim_ex.c ****   * @param  htim TIM handle.
2175:Drivers/STM32G4xx_HAL_Driver/Src/stm32g4xx_hal_tim_ex.c ****   * @param  sMasterConfig pointer to a TIM_MasterConfigTypeDef structure that
2176:Drivers/STM32G4xx_HAL_Driver/Src/stm32g4xx_hal_tim_ex.c ****   *         contains the selected trigger output (TRGO) and the Master/Slave
2177:Drivers/STM32G4xx_HAL_Driver/Src/stm32g4xx_hal_tim_ex.c ****   *         mode.
2178:Drivers/STM32G4xx_HAL_Driver/Src/stm32g4xx_hal_tim_ex.c ****   * @retval HAL status
2179:Drivers/STM32G4xx_HAL_Driver/Src/stm32g4xx_hal_tim_ex.c ****   */
2180:Drivers/STM32G4xx_HAL_Driver/Src/stm32g4xx_hal_tim_ex.c **** HAL_StatusTypeDef HAL_TIMEx_MasterConfigSynchronization(TIM_HandleTypeDef *htim,
2181:Drivers/STM32G4xx_HAL_Driver/Src/stm32g4xx_hal_tim_ex.c ****                                                         const TIM_MasterConfigTypeDef *sMasterConfi
2182:Drivers/STM32G4xx_HAL_Driver/Src/stm32g4xx_hal_tim_ex.c **** {
2183:Drivers/STM32G4xx_HAL_Driver/Src/stm32g4xx_hal_tim_ex.c ****   uint32_t tmpcr2;
2184:Drivers/STM32G4xx_HAL_Driver/Src/stm32g4xx_hal_tim_ex.c ****   uint32_t tmpsmcr;
2185:Drivers/STM32G4xx_HAL_Driver/Src/stm32g4xx_hal_tim_ex.c **** 
2186:Drivers/STM32G4xx_HAL_Driver/Src/stm32g4xx_hal_tim_ex.c ****   /* Check the parameters */
2187:Drivers/STM32G4xx_HAL_Driver/Src/stm32g4xx_hal_tim_ex.c ****   assert_param(IS_TIM_MASTER_INSTANCE(htim->Instance));
2188:Drivers/STM32G4xx_HAL_Driver/Src/stm32g4xx_hal_tim_ex.c ****   assert_param(IS_TIM_TRGO_SOURCE(sMasterConfig->MasterOutputTrigger));
2189:Drivers/STM32G4xx_HAL_Driver/Src/stm32g4xx_hal_tim_ex.c ****   assert_param(IS_TIM_MSM_STATE(sMasterConfig->MasterSlaveMode));
2190:Drivers/STM32G4xx_HAL_Driver/Src/stm32g4xx_hal_tim_ex.c **** 
2191:Drivers/STM32G4xx_HAL_Driver/Src/stm32g4xx_hal_tim_ex.c ****   /* Check input state */
2192:Drivers/STM32G4xx_HAL_Driver/Src/stm32g4xx_hal_tim_ex.c ****   __HAL_LOCK(htim);
2193:Drivers/STM32G4xx_HAL_Driver/Src/stm32g4xx_hal_tim_ex.c **** 
2194:Drivers/STM32G4xx_HAL_Driver/Src/stm32g4xx_hal_tim_ex.c ****   /* Change the handler state */
2195:Drivers/STM32G4xx_HAL_Driver/Src/stm32g4xx_hal_tim_ex.c ****   htim->State = HAL_TIM_STATE_BUSY;
2196:Drivers/STM32G4xx_HAL_Driver/Src/stm32g4xx_hal_tim_ex.c **** 
ARM GAS  /tmp/ccX78w3T.s 			page 40


2197:Drivers/STM32G4xx_HAL_Driver/Src/stm32g4xx_hal_tim_ex.c ****   /* Get the TIMx CR2 register value */
2198:Drivers/STM32G4xx_HAL_Driver/Src/stm32g4xx_hal_tim_ex.c ****   tmpcr2 = htim->Instance->CR2;
2199:Drivers/STM32G4xx_HAL_Driver/Src/stm32g4xx_hal_tim_ex.c **** 
2200:Drivers/STM32G4xx_HAL_Driver/Src/stm32g4xx_hal_tim_ex.c ****   /* Get the TIMx SMCR register value */
2201:Drivers/STM32G4xx_HAL_Driver/Src/stm32g4xx_hal_tim_ex.c ****   tmpsmcr = htim->Instance->SMCR;
2202:Drivers/STM32G4xx_HAL_Driver/Src/stm32g4xx_hal_tim_ex.c **** 
2203:Drivers/STM32G4xx_HAL_Driver/Src/stm32g4xx_hal_tim_ex.c ****   /* If the timer supports ADC synchronization through TRGO2, set the master mode selection 2 */
2204:Drivers/STM32G4xx_HAL_Driver/Src/stm32g4xx_hal_tim_ex.c ****   if (IS_TIM_TRGO2_INSTANCE(htim->Instance))
2205:Drivers/STM32G4xx_HAL_Driver/Src/stm32g4xx_hal_tim_ex.c ****   {
2206:Drivers/STM32G4xx_HAL_Driver/Src/stm32g4xx_hal_tim_ex.c ****     /* Check the parameters */
2207:Drivers/STM32G4xx_HAL_Driver/Src/stm32g4xx_hal_tim_ex.c ****     assert_param(IS_TIM_TRGO2_SOURCE(sMasterConfig->MasterOutputTrigger2));
2208:Drivers/STM32G4xx_HAL_Driver/Src/stm32g4xx_hal_tim_ex.c **** 
2209:Drivers/STM32G4xx_HAL_Driver/Src/stm32g4xx_hal_tim_ex.c ****     /* Clear the MMS2 bits */
2210:Drivers/STM32G4xx_HAL_Driver/Src/stm32g4xx_hal_tim_ex.c ****     tmpcr2 &= ~TIM_CR2_MMS2;
2211:Drivers/STM32G4xx_HAL_Driver/Src/stm32g4xx_hal_tim_ex.c ****     /* Select the TRGO2 source*/
2212:Drivers/STM32G4xx_HAL_Driver/Src/stm32g4xx_hal_tim_ex.c ****     tmpcr2 |= sMasterConfig->MasterOutputTrigger2;
2213:Drivers/STM32G4xx_HAL_Driver/Src/stm32g4xx_hal_tim_ex.c ****   }
2214:Drivers/STM32G4xx_HAL_Driver/Src/stm32g4xx_hal_tim_ex.c **** 
2215:Drivers/STM32G4xx_HAL_Driver/Src/stm32g4xx_hal_tim_ex.c ****   /* Reset the MMS Bits */
2216:Drivers/STM32G4xx_HAL_Driver/Src/stm32g4xx_hal_tim_ex.c ****   tmpcr2 &= ~TIM_CR2_MMS;
2217:Drivers/STM32G4xx_HAL_Driver/Src/stm32g4xx_hal_tim_ex.c ****   /* Select the TRGO source */
2218:Drivers/STM32G4xx_HAL_Driver/Src/stm32g4xx_hal_tim_ex.c ****   tmpcr2 |=  sMasterConfig->MasterOutputTrigger;
2219:Drivers/STM32G4xx_HAL_Driver/Src/stm32g4xx_hal_tim_ex.c **** 
2220:Drivers/STM32G4xx_HAL_Driver/Src/stm32g4xx_hal_tim_ex.c ****   /* Update TIMx CR2 */
2221:Drivers/STM32G4xx_HAL_Driver/Src/stm32g4xx_hal_tim_ex.c ****   htim->Instance->CR2 = tmpcr2;
2222:Drivers/STM32G4xx_HAL_Driver/Src/stm32g4xx_hal_tim_ex.c **** 
2223:Drivers/STM32G4xx_HAL_Driver/Src/stm32g4xx_hal_tim_ex.c ****   if (IS_TIM_SLAVE_INSTANCE(htim->Instance))
2224:Drivers/STM32G4xx_HAL_Driver/Src/stm32g4xx_hal_tim_ex.c ****   {
2225:Drivers/STM32G4xx_HAL_Driver/Src/stm32g4xx_hal_tim_ex.c ****     /* Reset the MSM Bit */
2226:Drivers/STM32G4xx_HAL_Driver/Src/stm32g4xx_hal_tim_ex.c ****     tmpsmcr &= ~TIM_SMCR_MSM;
2227:Drivers/STM32G4xx_HAL_Driver/Src/stm32g4xx_hal_tim_ex.c ****     /* Set master mode */
2228:Drivers/STM32G4xx_HAL_Driver/Src/stm32g4xx_hal_tim_ex.c ****     tmpsmcr |= sMasterConfig->MasterSlaveMode;
2229:Drivers/STM32G4xx_HAL_Driver/Src/stm32g4xx_hal_tim_ex.c **** 
2230:Drivers/STM32G4xx_HAL_Driver/Src/stm32g4xx_hal_tim_ex.c ****     /* Update TIMx SMCR */
2231:Drivers/STM32G4xx_HAL_Driver/Src/stm32g4xx_hal_tim_ex.c ****     htim->Instance->SMCR = tmpsmcr;
2232:Drivers/STM32G4xx_HAL_Driver/Src/stm32g4xx_hal_tim_ex.c ****   }
2233:Drivers/STM32G4xx_HAL_Driver/Src/stm32g4xx_hal_tim_ex.c **** 
2234:Drivers/STM32G4xx_HAL_Driver/Src/stm32g4xx_hal_tim_ex.c ****   /* Change the htim state */
2235:Drivers/STM32G4xx_HAL_Driver/Src/stm32g4xx_hal_tim_ex.c ****   htim->State = HAL_TIM_STATE_READY;
2236:Drivers/STM32G4xx_HAL_Driver/Src/stm32g4xx_hal_tim_ex.c **** 
2237:Drivers/STM32G4xx_HAL_Driver/Src/stm32g4xx_hal_tim_ex.c ****   __HAL_UNLOCK(htim);
2238:Drivers/STM32G4xx_HAL_Driver/Src/stm32g4xx_hal_tim_ex.c **** 
2239:Drivers/STM32G4xx_HAL_Driver/Src/stm32g4xx_hal_tim_ex.c ****   return HAL_OK;
2240:Drivers/STM32G4xx_HAL_Driver/Src/stm32g4xx_hal_tim_ex.c **** }
2241:Drivers/STM32G4xx_HAL_Driver/Src/stm32g4xx_hal_tim_ex.c **** 
2242:Drivers/STM32G4xx_HAL_Driver/Src/stm32g4xx_hal_tim_ex.c **** /**
2243:Drivers/STM32G4xx_HAL_Driver/Src/stm32g4xx_hal_tim_ex.c ****   * @brief  Configures the Break feature, dead time, Lock level, OSSI/OSSR State
2244:Drivers/STM32G4xx_HAL_Driver/Src/stm32g4xx_hal_tim_ex.c ****   *         and the AOE(automatic output enable).
2245:Drivers/STM32G4xx_HAL_Driver/Src/stm32g4xx_hal_tim_ex.c ****   * @param  htim TIM handle
2246:Drivers/STM32G4xx_HAL_Driver/Src/stm32g4xx_hal_tim_ex.c ****   * @param  sBreakDeadTimeConfig pointer to a TIM_ConfigBreakDeadConfigTypeDef structure that
2247:Drivers/STM32G4xx_HAL_Driver/Src/stm32g4xx_hal_tim_ex.c ****   *         contains the BDTR Register configuration  information for the TIM peripheral.
2248:Drivers/STM32G4xx_HAL_Driver/Src/stm32g4xx_hal_tim_ex.c ****   * @note   Interrupts can be generated when an active level is detected on the
2249:Drivers/STM32G4xx_HAL_Driver/Src/stm32g4xx_hal_tim_ex.c ****   *         break input, the break 2 input or the system break input. Break
2250:Drivers/STM32G4xx_HAL_Driver/Src/stm32g4xx_hal_tim_ex.c ****   *         interrupt can be enabled by calling the @ref __HAL_TIM_ENABLE_IT macro.
2251:Drivers/STM32G4xx_HAL_Driver/Src/stm32g4xx_hal_tim_ex.c ****   * @retval HAL status
2252:Drivers/STM32G4xx_HAL_Driver/Src/stm32g4xx_hal_tim_ex.c ****   */
2253:Drivers/STM32G4xx_HAL_Driver/Src/stm32g4xx_hal_tim_ex.c **** HAL_StatusTypeDef HAL_TIMEx_ConfigBreakDeadTime(TIM_HandleTypeDef *htim,
ARM GAS  /tmp/ccX78w3T.s 			page 41


2254:Drivers/STM32G4xx_HAL_Driver/Src/stm32g4xx_hal_tim_ex.c ****                                                 const TIM_BreakDeadTimeConfigTypeDef *sBreakDeadTim
2255:Drivers/STM32G4xx_HAL_Driver/Src/stm32g4xx_hal_tim_ex.c **** {
2256:Drivers/STM32G4xx_HAL_Driver/Src/stm32g4xx_hal_tim_ex.c ****   /* Keep this variable initialized to 0 as it is used to configure BDTR register */
2257:Drivers/STM32G4xx_HAL_Driver/Src/stm32g4xx_hal_tim_ex.c ****   uint32_t tmpbdtr = 0U;
2258:Drivers/STM32G4xx_HAL_Driver/Src/stm32g4xx_hal_tim_ex.c **** 
2259:Drivers/STM32G4xx_HAL_Driver/Src/stm32g4xx_hal_tim_ex.c ****   /* Check the parameters */
2260:Drivers/STM32G4xx_HAL_Driver/Src/stm32g4xx_hal_tim_ex.c ****   assert_param(IS_TIM_BREAK_INSTANCE(htim->Instance));
2261:Drivers/STM32G4xx_HAL_Driver/Src/stm32g4xx_hal_tim_ex.c ****   assert_param(IS_TIM_OSSR_STATE(sBreakDeadTimeConfig->OffStateRunMode));
2262:Drivers/STM32G4xx_HAL_Driver/Src/stm32g4xx_hal_tim_ex.c ****   assert_param(IS_TIM_OSSI_STATE(sBreakDeadTimeConfig->OffStateIDLEMode));
2263:Drivers/STM32G4xx_HAL_Driver/Src/stm32g4xx_hal_tim_ex.c ****   assert_param(IS_TIM_LOCK_LEVEL(sBreakDeadTimeConfig->LockLevel));
2264:Drivers/STM32G4xx_HAL_Driver/Src/stm32g4xx_hal_tim_ex.c ****   assert_param(IS_TIM_DEADTIME(sBreakDeadTimeConfig->DeadTime));
2265:Drivers/STM32G4xx_HAL_Driver/Src/stm32g4xx_hal_tim_ex.c ****   assert_param(IS_TIM_BREAK_STATE(sBreakDeadTimeConfig->BreakState));
2266:Drivers/STM32G4xx_HAL_Driver/Src/stm32g4xx_hal_tim_ex.c ****   assert_param(IS_TIM_BREAK_POLARITY(sBreakDeadTimeConfig->BreakPolarity));
2267:Drivers/STM32G4xx_HAL_Driver/Src/stm32g4xx_hal_tim_ex.c ****   assert_param(IS_TIM_BREAK_FILTER(sBreakDeadTimeConfig->BreakFilter));
2268:Drivers/STM32G4xx_HAL_Driver/Src/stm32g4xx_hal_tim_ex.c ****   assert_param(IS_TIM_AUTOMATIC_OUTPUT_STATE(sBreakDeadTimeConfig->AutomaticOutput));
2269:Drivers/STM32G4xx_HAL_Driver/Src/stm32g4xx_hal_tim_ex.c ****   assert_param(IS_TIM_BREAK_AFMODE(sBreakDeadTimeConfig->BreakAFMode));
2270:Drivers/STM32G4xx_HAL_Driver/Src/stm32g4xx_hal_tim_ex.c **** 
2271:Drivers/STM32G4xx_HAL_Driver/Src/stm32g4xx_hal_tim_ex.c ****   /* Check input state */
2272:Drivers/STM32G4xx_HAL_Driver/Src/stm32g4xx_hal_tim_ex.c ****   __HAL_LOCK(htim);
2273:Drivers/STM32G4xx_HAL_Driver/Src/stm32g4xx_hal_tim_ex.c **** 
2274:Drivers/STM32G4xx_HAL_Driver/Src/stm32g4xx_hal_tim_ex.c ****   /* Set the Lock level, the Break enable Bit and the Polarity, the OSSR State,
2275:Drivers/STM32G4xx_HAL_Driver/Src/stm32g4xx_hal_tim_ex.c ****      the OSSI State, the dead time value and the Automatic Output Enable Bit */
2276:Drivers/STM32G4xx_HAL_Driver/Src/stm32g4xx_hal_tim_ex.c **** 
2277:Drivers/STM32G4xx_HAL_Driver/Src/stm32g4xx_hal_tim_ex.c ****   /* Set the BDTR bits */
2278:Drivers/STM32G4xx_HAL_Driver/Src/stm32g4xx_hal_tim_ex.c ****   MODIFY_REG(tmpbdtr, TIM_BDTR_DTG, sBreakDeadTimeConfig->DeadTime);
2279:Drivers/STM32G4xx_HAL_Driver/Src/stm32g4xx_hal_tim_ex.c ****   MODIFY_REG(tmpbdtr, TIM_BDTR_LOCK, sBreakDeadTimeConfig->LockLevel);
2280:Drivers/STM32G4xx_HAL_Driver/Src/stm32g4xx_hal_tim_ex.c ****   MODIFY_REG(tmpbdtr, TIM_BDTR_OSSI, sBreakDeadTimeConfig->OffStateIDLEMode);
2281:Drivers/STM32G4xx_HAL_Driver/Src/stm32g4xx_hal_tim_ex.c ****   MODIFY_REG(tmpbdtr, TIM_BDTR_OSSR, sBreakDeadTimeConfig->OffStateRunMode);
2282:Drivers/STM32G4xx_HAL_Driver/Src/stm32g4xx_hal_tim_ex.c ****   MODIFY_REG(tmpbdtr, TIM_BDTR_BKE, sBreakDeadTimeConfig->BreakState);
2283:Drivers/STM32G4xx_HAL_Driver/Src/stm32g4xx_hal_tim_ex.c ****   MODIFY_REG(tmpbdtr, TIM_BDTR_BKP, sBreakDeadTimeConfig->BreakPolarity);
2284:Drivers/STM32G4xx_HAL_Driver/Src/stm32g4xx_hal_tim_ex.c ****   MODIFY_REG(tmpbdtr, TIM_BDTR_AOE, sBreakDeadTimeConfig->AutomaticOutput);
2285:Drivers/STM32G4xx_HAL_Driver/Src/stm32g4xx_hal_tim_ex.c ****   MODIFY_REG(tmpbdtr, TIM_BDTR_BKF, (sBreakDeadTimeConfig->BreakFilter << TIM_BDTR_BKF_Pos));
2286:Drivers/STM32G4xx_HAL_Driver/Src/stm32g4xx_hal_tim_ex.c ****   MODIFY_REG(tmpbdtr, TIM_BDTR_BKBID, sBreakDeadTimeConfig->BreakAFMode);
2287:Drivers/STM32G4xx_HAL_Driver/Src/stm32g4xx_hal_tim_ex.c **** 
2288:Drivers/STM32G4xx_HAL_Driver/Src/stm32g4xx_hal_tim_ex.c ****   if (IS_TIM_BKIN2_INSTANCE(htim->Instance))
2289:Drivers/STM32G4xx_HAL_Driver/Src/stm32g4xx_hal_tim_ex.c ****   {
2290:Drivers/STM32G4xx_HAL_Driver/Src/stm32g4xx_hal_tim_ex.c ****     /* Check the parameters */
2291:Drivers/STM32G4xx_HAL_Driver/Src/stm32g4xx_hal_tim_ex.c ****     assert_param(IS_TIM_BREAK2_STATE(sBreakDeadTimeConfig->Break2State));
2292:Drivers/STM32G4xx_HAL_Driver/Src/stm32g4xx_hal_tim_ex.c ****     assert_param(IS_TIM_BREAK2_POLARITY(sBreakDeadTimeConfig->Break2Polarity));
2293:Drivers/STM32G4xx_HAL_Driver/Src/stm32g4xx_hal_tim_ex.c ****     assert_param(IS_TIM_BREAK_FILTER(sBreakDeadTimeConfig->Break2Filter));
2294:Drivers/STM32G4xx_HAL_Driver/Src/stm32g4xx_hal_tim_ex.c ****     assert_param(IS_TIM_BREAK2_AFMODE(sBreakDeadTimeConfig->Break2AFMode));
2295:Drivers/STM32G4xx_HAL_Driver/Src/stm32g4xx_hal_tim_ex.c **** 
2296:Drivers/STM32G4xx_HAL_Driver/Src/stm32g4xx_hal_tim_ex.c ****     /* Set the BREAK2 input related BDTR bits */
2297:Drivers/STM32G4xx_HAL_Driver/Src/stm32g4xx_hal_tim_ex.c ****     MODIFY_REG(tmpbdtr, TIM_BDTR_BK2F, (sBreakDeadTimeConfig->Break2Filter << TIM_BDTR_BK2F_Pos));
2298:Drivers/STM32G4xx_HAL_Driver/Src/stm32g4xx_hal_tim_ex.c ****     MODIFY_REG(tmpbdtr, TIM_BDTR_BK2E, sBreakDeadTimeConfig->Break2State);
2299:Drivers/STM32G4xx_HAL_Driver/Src/stm32g4xx_hal_tim_ex.c ****     MODIFY_REG(tmpbdtr, TIM_BDTR_BK2P, sBreakDeadTimeConfig->Break2Polarity);
2300:Drivers/STM32G4xx_HAL_Driver/Src/stm32g4xx_hal_tim_ex.c ****     MODIFY_REG(tmpbdtr, TIM_BDTR_BK2BID, sBreakDeadTimeConfig->Break2AFMode);
2301:Drivers/STM32G4xx_HAL_Driver/Src/stm32g4xx_hal_tim_ex.c ****   }
2302:Drivers/STM32G4xx_HAL_Driver/Src/stm32g4xx_hal_tim_ex.c **** 
2303:Drivers/STM32G4xx_HAL_Driver/Src/stm32g4xx_hal_tim_ex.c ****   /* Set TIMx_BDTR */
2304:Drivers/STM32G4xx_HAL_Driver/Src/stm32g4xx_hal_tim_ex.c ****   htim->Instance->BDTR = tmpbdtr;
2305:Drivers/STM32G4xx_HAL_Driver/Src/stm32g4xx_hal_tim_ex.c **** 
2306:Drivers/STM32G4xx_HAL_Driver/Src/stm32g4xx_hal_tim_ex.c ****   __HAL_UNLOCK(htim);
2307:Drivers/STM32G4xx_HAL_Driver/Src/stm32g4xx_hal_tim_ex.c **** 
2308:Drivers/STM32G4xx_HAL_Driver/Src/stm32g4xx_hal_tim_ex.c ****   return HAL_OK;
2309:Drivers/STM32G4xx_HAL_Driver/Src/stm32g4xx_hal_tim_ex.c **** }
2310:Drivers/STM32G4xx_HAL_Driver/Src/stm32g4xx_hal_tim_ex.c **** 
ARM GAS  /tmp/ccX78w3T.s 			page 42


2311:Drivers/STM32G4xx_HAL_Driver/Src/stm32g4xx_hal_tim_ex.c **** /**
2312:Drivers/STM32G4xx_HAL_Driver/Src/stm32g4xx_hal_tim_ex.c ****   * @brief  Configures the break input source.
2313:Drivers/STM32G4xx_HAL_Driver/Src/stm32g4xx_hal_tim_ex.c ****   * @param  htim TIM handle.
2314:Drivers/STM32G4xx_HAL_Driver/Src/stm32g4xx_hal_tim_ex.c ****   * @param  BreakInput Break input to configure
2315:Drivers/STM32G4xx_HAL_Driver/Src/stm32g4xx_hal_tim_ex.c ****   *          This parameter can be one of the following values:
2316:Drivers/STM32G4xx_HAL_Driver/Src/stm32g4xx_hal_tim_ex.c ****   *            @arg TIM_BREAKINPUT_BRK: Timer break input
2317:Drivers/STM32G4xx_HAL_Driver/Src/stm32g4xx_hal_tim_ex.c ****   *            @arg TIM_BREAKINPUT_BRK2: Timer break 2 input
2318:Drivers/STM32G4xx_HAL_Driver/Src/stm32g4xx_hal_tim_ex.c ****   * @param  sBreakInputConfig Break input source configuration
2319:Drivers/STM32G4xx_HAL_Driver/Src/stm32g4xx_hal_tim_ex.c ****   * @retval HAL status
2320:Drivers/STM32G4xx_HAL_Driver/Src/stm32g4xx_hal_tim_ex.c ****   */
2321:Drivers/STM32G4xx_HAL_Driver/Src/stm32g4xx_hal_tim_ex.c **** HAL_StatusTypeDef HAL_TIMEx_ConfigBreakInput(TIM_HandleTypeDef *htim,
2322:Drivers/STM32G4xx_HAL_Driver/Src/stm32g4xx_hal_tim_ex.c ****                                              uint32_t BreakInput,
2323:Drivers/STM32G4xx_HAL_Driver/Src/stm32g4xx_hal_tim_ex.c ****                                              const TIMEx_BreakInputConfigTypeDef *sBreakInputConfig
2324:Drivers/STM32G4xx_HAL_Driver/Src/stm32g4xx_hal_tim_ex.c **** {
2325:Drivers/STM32G4xx_HAL_Driver/Src/stm32g4xx_hal_tim_ex.c ****   HAL_StatusTypeDef status = HAL_OK;
2326:Drivers/STM32G4xx_HAL_Driver/Src/stm32g4xx_hal_tim_ex.c ****   uint32_t tmporx;
2327:Drivers/STM32G4xx_HAL_Driver/Src/stm32g4xx_hal_tim_ex.c ****   uint32_t bkin_enable_mask;
2328:Drivers/STM32G4xx_HAL_Driver/Src/stm32g4xx_hal_tim_ex.c ****   uint32_t bkin_polarity_mask;
2329:Drivers/STM32G4xx_HAL_Driver/Src/stm32g4xx_hal_tim_ex.c ****   uint32_t bkin_enable_bitpos;
2330:Drivers/STM32G4xx_HAL_Driver/Src/stm32g4xx_hal_tim_ex.c ****   uint32_t bkin_polarity_bitpos;
2331:Drivers/STM32G4xx_HAL_Driver/Src/stm32g4xx_hal_tim_ex.c **** 
2332:Drivers/STM32G4xx_HAL_Driver/Src/stm32g4xx_hal_tim_ex.c ****   /* Check the parameters */
2333:Drivers/STM32G4xx_HAL_Driver/Src/stm32g4xx_hal_tim_ex.c ****   assert_param(IS_TIM_BREAK_INSTANCE(htim->Instance));
2334:Drivers/STM32G4xx_HAL_Driver/Src/stm32g4xx_hal_tim_ex.c ****   assert_param(IS_TIM_BREAKINPUT(BreakInput));
2335:Drivers/STM32G4xx_HAL_Driver/Src/stm32g4xx_hal_tim_ex.c ****   assert_param(IS_TIM_BREAKINPUTSOURCE(sBreakInputConfig->Source));
2336:Drivers/STM32G4xx_HAL_Driver/Src/stm32g4xx_hal_tim_ex.c ****   assert_param(IS_TIM_BREAKINPUTSOURCE_STATE(sBreakInputConfig->Enable));
2337:Drivers/STM32G4xx_HAL_Driver/Src/stm32g4xx_hal_tim_ex.c ****   assert_param(IS_TIM_BREAKINPUTSOURCE_POLARITY(sBreakInputConfig->Polarity));
2338:Drivers/STM32G4xx_HAL_Driver/Src/stm32g4xx_hal_tim_ex.c **** 
2339:Drivers/STM32G4xx_HAL_Driver/Src/stm32g4xx_hal_tim_ex.c ****   /* Check input state */
2340:Drivers/STM32G4xx_HAL_Driver/Src/stm32g4xx_hal_tim_ex.c ****   __HAL_LOCK(htim);
2341:Drivers/STM32G4xx_HAL_Driver/Src/stm32g4xx_hal_tim_ex.c **** 
2342:Drivers/STM32G4xx_HAL_Driver/Src/stm32g4xx_hal_tim_ex.c ****   switch (sBreakInputConfig->Source)
2343:Drivers/STM32G4xx_HAL_Driver/Src/stm32g4xx_hal_tim_ex.c ****   {
2344:Drivers/STM32G4xx_HAL_Driver/Src/stm32g4xx_hal_tim_ex.c ****     case TIM_BREAKINPUTSOURCE_BKIN:
2345:Drivers/STM32G4xx_HAL_Driver/Src/stm32g4xx_hal_tim_ex.c ****     {
2346:Drivers/STM32G4xx_HAL_Driver/Src/stm32g4xx_hal_tim_ex.c ****       bkin_enable_mask = TIM1_AF1_BKINE;
2347:Drivers/STM32G4xx_HAL_Driver/Src/stm32g4xx_hal_tim_ex.c ****       bkin_enable_bitpos = TIM1_AF1_BKINE_Pos;
2348:Drivers/STM32G4xx_HAL_Driver/Src/stm32g4xx_hal_tim_ex.c ****       bkin_polarity_mask = TIM1_AF1_BKINP;
2349:Drivers/STM32G4xx_HAL_Driver/Src/stm32g4xx_hal_tim_ex.c ****       bkin_polarity_bitpos = TIM1_AF1_BKINP_Pos;
2350:Drivers/STM32G4xx_HAL_Driver/Src/stm32g4xx_hal_tim_ex.c ****       break;
2351:Drivers/STM32G4xx_HAL_Driver/Src/stm32g4xx_hal_tim_ex.c ****     }
2352:Drivers/STM32G4xx_HAL_Driver/Src/stm32g4xx_hal_tim_ex.c ****     case TIM_BREAKINPUTSOURCE_COMP1:
2353:Drivers/STM32G4xx_HAL_Driver/Src/stm32g4xx_hal_tim_ex.c ****     {
2354:Drivers/STM32G4xx_HAL_Driver/Src/stm32g4xx_hal_tim_ex.c ****       bkin_enable_mask = TIM1_AF1_BKCMP1E;
2355:Drivers/STM32G4xx_HAL_Driver/Src/stm32g4xx_hal_tim_ex.c ****       bkin_enable_bitpos = TIM1_AF1_BKCMP1E_Pos;
2356:Drivers/STM32G4xx_HAL_Driver/Src/stm32g4xx_hal_tim_ex.c ****       bkin_polarity_mask = TIM1_AF1_BKCMP1P;
2357:Drivers/STM32G4xx_HAL_Driver/Src/stm32g4xx_hal_tim_ex.c ****       bkin_polarity_bitpos = TIM1_AF1_BKCMP1P_Pos;
2358:Drivers/STM32G4xx_HAL_Driver/Src/stm32g4xx_hal_tim_ex.c ****       break;
2359:Drivers/STM32G4xx_HAL_Driver/Src/stm32g4xx_hal_tim_ex.c ****     }
2360:Drivers/STM32G4xx_HAL_Driver/Src/stm32g4xx_hal_tim_ex.c **** #if defined (COMP2)
2361:Drivers/STM32G4xx_HAL_Driver/Src/stm32g4xx_hal_tim_ex.c ****     case TIM_BREAKINPUTSOURCE_COMP2:
2362:Drivers/STM32G4xx_HAL_Driver/Src/stm32g4xx_hal_tim_ex.c ****     {
2363:Drivers/STM32G4xx_HAL_Driver/Src/stm32g4xx_hal_tim_ex.c ****       bkin_enable_mask = TIM1_AF1_BKCMP2E;
2364:Drivers/STM32G4xx_HAL_Driver/Src/stm32g4xx_hal_tim_ex.c ****       bkin_enable_bitpos = TIM1_AF1_BKCMP2E_Pos;
2365:Drivers/STM32G4xx_HAL_Driver/Src/stm32g4xx_hal_tim_ex.c ****       bkin_polarity_mask = TIM1_AF1_BKCMP2P;
2366:Drivers/STM32G4xx_HAL_Driver/Src/stm32g4xx_hal_tim_ex.c ****       bkin_polarity_bitpos = TIM1_AF1_BKCMP2P_Pos;
2367:Drivers/STM32G4xx_HAL_Driver/Src/stm32g4xx_hal_tim_ex.c ****       break;
ARM GAS  /tmp/ccX78w3T.s 			page 43


2368:Drivers/STM32G4xx_HAL_Driver/Src/stm32g4xx_hal_tim_ex.c ****     }
2369:Drivers/STM32G4xx_HAL_Driver/Src/stm32g4xx_hal_tim_ex.c **** #endif /* COMP2 */
2370:Drivers/STM32G4xx_HAL_Driver/Src/stm32g4xx_hal_tim_ex.c ****     case TIM_BREAKINPUTSOURCE_COMP3:
2371:Drivers/STM32G4xx_HAL_Driver/Src/stm32g4xx_hal_tim_ex.c ****     {
2372:Drivers/STM32G4xx_HAL_Driver/Src/stm32g4xx_hal_tim_ex.c ****       bkin_enable_mask = TIM1_AF1_BKCMP3E;
2373:Drivers/STM32G4xx_HAL_Driver/Src/stm32g4xx_hal_tim_ex.c ****       bkin_enable_bitpos = TIM1_AF1_BKCMP3E_Pos;
2374:Drivers/STM32G4xx_HAL_Driver/Src/stm32g4xx_hal_tim_ex.c ****       bkin_polarity_mask = TIM1_AF1_BKCMP3P;
2375:Drivers/STM32G4xx_HAL_Driver/Src/stm32g4xx_hal_tim_ex.c ****       bkin_polarity_bitpos = TIM1_AF1_BKCMP3P_Pos;
2376:Drivers/STM32G4xx_HAL_Driver/Src/stm32g4xx_hal_tim_ex.c ****       break;
2377:Drivers/STM32G4xx_HAL_Driver/Src/stm32g4xx_hal_tim_ex.c ****     }
2378:Drivers/STM32G4xx_HAL_Driver/Src/stm32g4xx_hal_tim_ex.c **** #if defined (COMP4)
2379:Drivers/STM32G4xx_HAL_Driver/Src/stm32g4xx_hal_tim_ex.c ****     case TIM_BREAKINPUTSOURCE_COMP4:
2380:Drivers/STM32G4xx_HAL_Driver/Src/stm32g4xx_hal_tim_ex.c ****     {
2381:Drivers/STM32G4xx_HAL_Driver/Src/stm32g4xx_hal_tim_ex.c ****       bkin_enable_mask = TIM1_AF1_BKCMP4E;
2382:Drivers/STM32G4xx_HAL_Driver/Src/stm32g4xx_hal_tim_ex.c ****       bkin_enable_bitpos = TIM1_AF1_BKCMP4E_Pos;
2383:Drivers/STM32G4xx_HAL_Driver/Src/stm32g4xx_hal_tim_ex.c ****       bkin_polarity_mask = TIM1_AF1_BKCMP4P;
2384:Drivers/STM32G4xx_HAL_Driver/Src/stm32g4xx_hal_tim_ex.c ****       bkin_polarity_bitpos = TIM1_AF1_BKCMP4P_Pos;
2385:Drivers/STM32G4xx_HAL_Driver/Src/stm32g4xx_hal_tim_ex.c ****       break;
2386:Drivers/STM32G4xx_HAL_Driver/Src/stm32g4xx_hal_tim_ex.c ****     }
2387:Drivers/STM32G4xx_HAL_Driver/Src/stm32g4xx_hal_tim_ex.c **** #endif /* COMP4 */
2388:Drivers/STM32G4xx_HAL_Driver/Src/stm32g4xx_hal_tim_ex.c **** #if defined (COMP5)
2389:Drivers/STM32G4xx_HAL_Driver/Src/stm32g4xx_hal_tim_ex.c ****     case TIM_BREAKINPUTSOURCE_COMP5:
2390:Drivers/STM32G4xx_HAL_Driver/Src/stm32g4xx_hal_tim_ex.c ****     {
2391:Drivers/STM32G4xx_HAL_Driver/Src/stm32g4xx_hal_tim_ex.c ****       bkin_enable_mask = TIM1_AF1_BKCMP5E;
2392:Drivers/STM32G4xx_HAL_Driver/Src/stm32g4xx_hal_tim_ex.c ****       bkin_enable_bitpos = TIM1_AF1_BKCMP5E_Pos;
2393:Drivers/STM32G4xx_HAL_Driver/Src/stm32g4xx_hal_tim_ex.c ****       /* No palarity bit for this COMP. Variable bkin_polarity_mask keeps its default value 0 */
2394:Drivers/STM32G4xx_HAL_Driver/Src/stm32g4xx_hal_tim_ex.c ****       bkin_polarity_mask = 0U;
2395:Drivers/STM32G4xx_HAL_Driver/Src/stm32g4xx_hal_tim_ex.c ****       bkin_polarity_bitpos = 0U;
2396:Drivers/STM32G4xx_HAL_Driver/Src/stm32g4xx_hal_tim_ex.c ****       break;
2397:Drivers/STM32G4xx_HAL_Driver/Src/stm32g4xx_hal_tim_ex.c ****     }
2398:Drivers/STM32G4xx_HAL_Driver/Src/stm32g4xx_hal_tim_ex.c **** #endif /* COMP5 */
2399:Drivers/STM32G4xx_HAL_Driver/Src/stm32g4xx_hal_tim_ex.c **** #if defined (COMP6)
2400:Drivers/STM32G4xx_HAL_Driver/Src/stm32g4xx_hal_tim_ex.c ****     case TIM_BREAKINPUTSOURCE_COMP6:
2401:Drivers/STM32G4xx_HAL_Driver/Src/stm32g4xx_hal_tim_ex.c ****     {
2402:Drivers/STM32G4xx_HAL_Driver/Src/stm32g4xx_hal_tim_ex.c ****       bkin_enable_mask = TIM1_AF1_BKCMP6E;
2403:Drivers/STM32G4xx_HAL_Driver/Src/stm32g4xx_hal_tim_ex.c ****       bkin_enable_bitpos = TIM1_AF1_BKCMP6E_Pos;
2404:Drivers/STM32G4xx_HAL_Driver/Src/stm32g4xx_hal_tim_ex.c ****       /* No palarity bit for this COMP. Variable bkin_polarity_mask keeps its default value 0 */
2405:Drivers/STM32G4xx_HAL_Driver/Src/stm32g4xx_hal_tim_ex.c ****       bkin_polarity_mask = 0U;
2406:Drivers/STM32G4xx_HAL_Driver/Src/stm32g4xx_hal_tim_ex.c ****       bkin_polarity_bitpos = 0U;
2407:Drivers/STM32G4xx_HAL_Driver/Src/stm32g4xx_hal_tim_ex.c ****       break;
2408:Drivers/STM32G4xx_HAL_Driver/Src/stm32g4xx_hal_tim_ex.c ****     }
2409:Drivers/STM32G4xx_HAL_Driver/Src/stm32g4xx_hal_tim_ex.c **** #endif /* COMP7 */
2410:Drivers/STM32G4xx_HAL_Driver/Src/stm32g4xx_hal_tim_ex.c **** #if defined (COMP7)
2411:Drivers/STM32G4xx_HAL_Driver/Src/stm32g4xx_hal_tim_ex.c ****     case TIM_BREAKINPUTSOURCE_COMP7:
2412:Drivers/STM32G4xx_HAL_Driver/Src/stm32g4xx_hal_tim_ex.c ****     {
2413:Drivers/STM32G4xx_HAL_Driver/Src/stm32g4xx_hal_tim_ex.c ****       bkin_enable_mask = TIM1_AF1_BKCMP7E;
2414:Drivers/STM32G4xx_HAL_Driver/Src/stm32g4xx_hal_tim_ex.c ****       bkin_enable_bitpos = TIM1_AF1_BKCMP7E_Pos;
2415:Drivers/STM32G4xx_HAL_Driver/Src/stm32g4xx_hal_tim_ex.c ****       /* No palarity bit for this COMP. Variable bkin_polarity_mask keeps its default value 0 */
2416:Drivers/STM32G4xx_HAL_Driver/Src/stm32g4xx_hal_tim_ex.c ****       bkin_polarity_mask = 0U;
2417:Drivers/STM32G4xx_HAL_Driver/Src/stm32g4xx_hal_tim_ex.c ****       bkin_polarity_bitpos = 0U;
2418:Drivers/STM32G4xx_HAL_Driver/Src/stm32g4xx_hal_tim_ex.c ****       break;
2419:Drivers/STM32G4xx_HAL_Driver/Src/stm32g4xx_hal_tim_ex.c ****     }
2420:Drivers/STM32G4xx_HAL_Driver/Src/stm32g4xx_hal_tim_ex.c **** #endif /* COMP7 */
2421:Drivers/STM32G4xx_HAL_Driver/Src/stm32g4xx_hal_tim_ex.c **** 
2422:Drivers/STM32G4xx_HAL_Driver/Src/stm32g4xx_hal_tim_ex.c ****     default:
2423:Drivers/STM32G4xx_HAL_Driver/Src/stm32g4xx_hal_tim_ex.c ****     {
2424:Drivers/STM32G4xx_HAL_Driver/Src/stm32g4xx_hal_tim_ex.c ****       bkin_enable_mask = 0U;
ARM GAS  /tmp/ccX78w3T.s 			page 44


2425:Drivers/STM32G4xx_HAL_Driver/Src/stm32g4xx_hal_tim_ex.c ****       bkin_polarity_mask = 0U;
2426:Drivers/STM32G4xx_HAL_Driver/Src/stm32g4xx_hal_tim_ex.c ****       bkin_enable_bitpos = 0U;
2427:Drivers/STM32G4xx_HAL_Driver/Src/stm32g4xx_hal_tim_ex.c ****       bkin_polarity_bitpos = 0U;
2428:Drivers/STM32G4xx_HAL_Driver/Src/stm32g4xx_hal_tim_ex.c ****       break;
2429:Drivers/STM32G4xx_HAL_Driver/Src/stm32g4xx_hal_tim_ex.c ****     }
2430:Drivers/STM32G4xx_HAL_Driver/Src/stm32g4xx_hal_tim_ex.c ****   }
2431:Drivers/STM32G4xx_HAL_Driver/Src/stm32g4xx_hal_tim_ex.c **** 
2432:Drivers/STM32G4xx_HAL_Driver/Src/stm32g4xx_hal_tim_ex.c ****   switch (BreakInput)
2433:Drivers/STM32G4xx_HAL_Driver/Src/stm32g4xx_hal_tim_ex.c ****   {
2434:Drivers/STM32G4xx_HAL_Driver/Src/stm32g4xx_hal_tim_ex.c ****     case TIM_BREAKINPUT_BRK:
2435:Drivers/STM32G4xx_HAL_Driver/Src/stm32g4xx_hal_tim_ex.c ****     {
2436:Drivers/STM32G4xx_HAL_Driver/Src/stm32g4xx_hal_tim_ex.c ****       /* Get the TIMx_AF1 register value */
2437:Drivers/STM32G4xx_HAL_Driver/Src/stm32g4xx_hal_tim_ex.c ****       tmporx = htim->Instance->AF1;
2438:Drivers/STM32G4xx_HAL_Driver/Src/stm32g4xx_hal_tim_ex.c **** 
2439:Drivers/STM32G4xx_HAL_Driver/Src/stm32g4xx_hal_tim_ex.c ****       /* Enable the break input */
2440:Drivers/STM32G4xx_HAL_Driver/Src/stm32g4xx_hal_tim_ex.c ****       tmporx &= ~bkin_enable_mask;
2441:Drivers/STM32G4xx_HAL_Driver/Src/stm32g4xx_hal_tim_ex.c ****       tmporx |= (sBreakInputConfig->Enable << bkin_enable_bitpos) & bkin_enable_mask;
2442:Drivers/STM32G4xx_HAL_Driver/Src/stm32g4xx_hal_tim_ex.c **** 
2443:Drivers/STM32G4xx_HAL_Driver/Src/stm32g4xx_hal_tim_ex.c ****       /* Set the break input polarity */
2444:Drivers/STM32G4xx_HAL_Driver/Src/stm32g4xx_hal_tim_ex.c ****       tmporx &= ~bkin_polarity_mask;
2445:Drivers/STM32G4xx_HAL_Driver/Src/stm32g4xx_hal_tim_ex.c ****       tmporx |= (sBreakInputConfig->Polarity << bkin_polarity_bitpos) & bkin_polarity_mask;
2446:Drivers/STM32G4xx_HAL_Driver/Src/stm32g4xx_hal_tim_ex.c **** 
2447:Drivers/STM32G4xx_HAL_Driver/Src/stm32g4xx_hal_tim_ex.c ****       /* Set TIMx_AF1 */
2448:Drivers/STM32G4xx_HAL_Driver/Src/stm32g4xx_hal_tim_ex.c ****       htim->Instance->AF1 = tmporx;
2449:Drivers/STM32G4xx_HAL_Driver/Src/stm32g4xx_hal_tim_ex.c ****       break;
2450:Drivers/STM32G4xx_HAL_Driver/Src/stm32g4xx_hal_tim_ex.c ****     }
2451:Drivers/STM32G4xx_HAL_Driver/Src/stm32g4xx_hal_tim_ex.c ****     case TIM_BREAKINPUT_BRK2:
2452:Drivers/STM32G4xx_HAL_Driver/Src/stm32g4xx_hal_tim_ex.c ****     {
2453:Drivers/STM32G4xx_HAL_Driver/Src/stm32g4xx_hal_tim_ex.c ****       /* Get the TIMx_AF2 register value */
2454:Drivers/STM32G4xx_HAL_Driver/Src/stm32g4xx_hal_tim_ex.c ****       tmporx = htim->Instance->AF2;
2455:Drivers/STM32G4xx_HAL_Driver/Src/stm32g4xx_hal_tim_ex.c **** 
2456:Drivers/STM32G4xx_HAL_Driver/Src/stm32g4xx_hal_tim_ex.c ****       /* Enable the break input */
2457:Drivers/STM32G4xx_HAL_Driver/Src/stm32g4xx_hal_tim_ex.c ****       tmporx &= ~bkin_enable_mask;
2458:Drivers/STM32G4xx_HAL_Driver/Src/stm32g4xx_hal_tim_ex.c ****       tmporx |= (sBreakInputConfig->Enable << bkin_enable_bitpos) & bkin_enable_mask;
2459:Drivers/STM32G4xx_HAL_Driver/Src/stm32g4xx_hal_tim_ex.c **** 
2460:Drivers/STM32G4xx_HAL_Driver/Src/stm32g4xx_hal_tim_ex.c ****       /* Set the break input polarity */
2461:Drivers/STM32G4xx_HAL_Driver/Src/stm32g4xx_hal_tim_ex.c ****       tmporx &= ~bkin_polarity_mask;
2462:Drivers/STM32G4xx_HAL_Driver/Src/stm32g4xx_hal_tim_ex.c ****       tmporx |= (sBreakInputConfig->Polarity << bkin_polarity_bitpos) & bkin_polarity_mask;
2463:Drivers/STM32G4xx_HAL_Driver/Src/stm32g4xx_hal_tim_ex.c **** 
2464:Drivers/STM32G4xx_HAL_Driver/Src/stm32g4xx_hal_tim_ex.c ****       /* Set TIMx_AF2 */
2465:Drivers/STM32G4xx_HAL_Driver/Src/stm32g4xx_hal_tim_ex.c ****       htim->Instance->AF2 = tmporx;
2466:Drivers/STM32G4xx_HAL_Driver/Src/stm32g4xx_hal_tim_ex.c ****       break;
2467:Drivers/STM32G4xx_HAL_Driver/Src/stm32g4xx_hal_tim_ex.c ****     }
2468:Drivers/STM32G4xx_HAL_Driver/Src/stm32g4xx_hal_tim_ex.c ****     default:
2469:Drivers/STM32G4xx_HAL_Driver/Src/stm32g4xx_hal_tim_ex.c ****       status = HAL_ERROR;
2470:Drivers/STM32G4xx_HAL_Driver/Src/stm32g4xx_hal_tim_ex.c ****       break;
2471:Drivers/STM32G4xx_HAL_Driver/Src/stm32g4xx_hal_tim_ex.c ****   }
2472:Drivers/STM32G4xx_HAL_Driver/Src/stm32g4xx_hal_tim_ex.c **** 
2473:Drivers/STM32G4xx_HAL_Driver/Src/stm32g4xx_hal_tim_ex.c ****   __HAL_UNLOCK(htim);
2474:Drivers/STM32G4xx_HAL_Driver/Src/stm32g4xx_hal_tim_ex.c **** 
2475:Drivers/STM32G4xx_HAL_Driver/Src/stm32g4xx_hal_tim_ex.c ****   return status;
2476:Drivers/STM32G4xx_HAL_Driver/Src/stm32g4xx_hal_tim_ex.c **** }
2477:Drivers/STM32G4xx_HAL_Driver/Src/stm32g4xx_hal_tim_ex.c **** 
2478:Drivers/STM32G4xx_HAL_Driver/Src/stm32g4xx_hal_tim_ex.c **** /**
2479:Drivers/STM32G4xx_HAL_Driver/Src/stm32g4xx_hal_tim_ex.c ****   * @brief  Configures the TIMx Remapping input capabilities.
2480:Drivers/STM32G4xx_HAL_Driver/Src/stm32g4xx_hal_tim_ex.c ****   * @param  htim TIM handle.
2481:Drivers/STM32G4xx_HAL_Driver/Src/stm32g4xx_hal_tim_ex.c ****   * @param  Remap specifies the TIM remapping source.
ARM GAS  /tmp/ccX78w3T.s 			page 45


2482:Drivers/STM32G4xx_HAL_Driver/Src/stm32g4xx_hal_tim_ex.c ****   *         For TIM1, the parameter can take one of the following values:
2483:Drivers/STM32G4xx_HAL_Driver/Src/stm32g4xx_hal_tim_ex.c ****   *            @arg TIM_TIM1_ETR_GPIO           TIM1 ETR is connected to GPIO
2484:Drivers/STM32G4xx_HAL_Driver/Src/stm32g4xx_hal_tim_ex.c ****   *            @arg TIM_TIM1_ETR_COMP1          TIM1 ETR is connected to COMP1 output
2485:Drivers/STM32G4xx_HAL_Driver/Src/stm32g4xx_hal_tim_ex.c ****   *            @arg TIM_TIM1_ETR_COMP2          TIM1 ETR is connected to COMP2 output
2486:Drivers/STM32G4xx_HAL_Driver/Src/stm32g4xx_hal_tim_ex.c ****   *            @arg TIM_TIM1_ETR_COMP3          TIM1 ETR is connected to COMP3 output
2487:Drivers/STM32G4xx_HAL_Driver/Src/stm32g4xx_hal_tim_ex.c ****   *            @arg TIM_TIM1_ETR_COMP4          TIM1 ETR is connected to COMP4 output
2488:Drivers/STM32G4xx_HAL_Driver/Src/stm32g4xx_hal_tim_ex.c ****   *            @arg TIM_TIM1_ETR_COMP5          TIM1 ETR is connected to COMP5 output    (*)
2489:Drivers/STM32G4xx_HAL_Driver/Src/stm32g4xx_hal_tim_ex.c ****   *            @arg TIM_TIM1_ETR_COMP6          TIM1 ETR is connected to COMP6 output    (*)
2490:Drivers/STM32G4xx_HAL_Driver/Src/stm32g4xx_hal_tim_ex.c ****   *            @arg TIM_TIM1_ETR_COMP7          TIM1 ETR is connected to COMP7 output    (*)
2491:Drivers/STM32G4xx_HAL_Driver/Src/stm32g4xx_hal_tim_ex.c ****   *            @arg TIM_TIM1_ETR_ADC1_AWD1      TIM1 ETR is connected to ADC1 AWD1
2492:Drivers/STM32G4xx_HAL_Driver/Src/stm32g4xx_hal_tim_ex.c ****   *            @arg TIM_TIM1_ETR_ADC1_AWD2      TIM1 ETR is connected to ADC1 AWD2
2493:Drivers/STM32G4xx_HAL_Driver/Src/stm32g4xx_hal_tim_ex.c ****   *            @arg TIM_TIM1_ETR_ADC1_AWD3      TIM1 ETR is connected to ADC1 AWD3
2494:Drivers/STM32G4xx_HAL_Driver/Src/stm32g4xx_hal_tim_ex.c ****   *            @arg TIM_TIM1_ETR_ADC4_AWD1      TIM1 ETR is connected to ADC4 AWD1       (*)
2495:Drivers/STM32G4xx_HAL_Driver/Src/stm32g4xx_hal_tim_ex.c ****   *            @arg TIM_TIM1_ETR_ADC4_AWD2      TIM1 ETR is connected to ADC4 AWD2       (*)
2496:Drivers/STM32G4xx_HAL_Driver/Src/stm32g4xx_hal_tim_ex.c ****   *            @arg TIM_TIM1_ETR_ADC4_AWD3      TIM1 ETR is connected to ADC4 AWD3       (*)
2497:Drivers/STM32G4xx_HAL_Driver/Src/stm32g4xx_hal_tim_ex.c ****   *
2498:Drivers/STM32G4xx_HAL_Driver/Src/stm32g4xx_hal_tim_ex.c ****   *         For TIM2, the parameter can take one of the following values:
2499:Drivers/STM32G4xx_HAL_Driver/Src/stm32g4xx_hal_tim_ex.c ****   *            @arg TIM_TIM2_ETR_GPIO           TIM2 ETR is connected to GPIO
2500:Drivers/STM32G4xx_HAL_Driver/Src/stm32g4xx_hal_tim_ex.c ****   *            @arg TIM_TIM2_ETR_COMP1          TIM2 ETR is connected to COMP1 output
2501:Drivers/STM32G4xx_HAL_Driver/Src/stm32g4xx_hal_tim_ex.c ****   *            @arg TIM_TIM2_ETR_COMP2          TIM2 ETR is connected to COMP2 output
2502:Drivers/STM32G4xx_HAL_Driver/Src/stm32g4xx_hal_tim_ex.c ****   *            @arg TIM_TIM2_ETR_COMP3          TIM2 ETR is connected to COMP3 output
2503:Drivers/STM32G4xx_HAL_Driver/Src/stm32g4xx_hal_tim_ex.c ****   *            @arg TIM_TIM2_ETR_COMP4          TIM2 ETR is connected to COMP4 output
2504:Drivers/STM32G4xx_HAL_Driver/Src/stm32g4xx_hal_tim_ex.c ****   *            @arg TIM_TIM2_ETR_COMP5          TIM2 ETR is connected to COMP5 output    (*)
2505:Drivers/STM32G4xx_HAL_Driver/Src/stm32g4xx_hal_tim_ex.c ****   *            @arg TIM_TIM2_ETR_COMP6          TIM2 ETR is connected to COMP6 output    (*)
2506:Drivers/STM32G4xx_HAL_Driver/Src/stm32g4xx_hal_tim_ex.c ****   *            @arg TIM_TIM2_ETR_COMP7          TIM2 ETR is connected to COMP7 output    (*)
2507:Drivers/STM32G4xx_HAL_Driver/Src/stm32g4xx_hal_tim_ex.c ****   *            @arg TIM_TIM2_ETR_TIM3_ETR       TIM2 ETR is connected to TIM3 ETR pin
2508:Drivers/STM32G4xx_HAL_Driver/Src/stm32g4xx_hal_tim_ex.c ****   *            @arg TIM_TIM2_ETR_TIM4_ETR       TIM2 ETR is connected to TIM4 ETR pin
2509:Drivers/STM32G4xx_HAL_Driver/Src/stm32g4xx_hal_tim_ex.c ****   *            @arg TIM_TIM2_ETR_TIM5_ETR       TIM2 ETR is connected to TIM5 ETR pin    (*)
2510:Drivers/STM32G4xx_HAL_Driver/Src/stm32g4xx_hal_tim_ex.c ****   *            @arg TIM_TIM2_ETR_LSE
2511:Drivers/STM32G4xx_HAL_Driver/Src/stm32g4xx_hal_tim_ex.c ****   *
2512:Drivers/STM32G4xx_HAL_Driver/Src/stm32g4xx_hal_tim_ex.c ****   *         For TIM3, the parameter can take one of the following values:
2513:Drivers/STM32G4xx_HAL_Driver/Src/stm32g4xx_hal_tim_ex.c ****   *            @arg TIM_TIM3_ETR_GPIO           TIM3 ETR is connected to GPIO
2514:Drivers/STM32G4xx_HAL_Driver/Src/stm32g4xx_hal_tim_ex.c ****   *            @arg TIM_TIM3_ETR_COMP1          TIM3 ETR is connected to COMP1 output
2515:Drivers/STM32G4xx_HAL_Driver/Src/stm32g4xx_hal_tim_ex.c ****   *            @arg TIM_TIM3_ETR_COMP2          TIM3 ETR is connected to COMP2 output
2516:Drivers/STM32G4xx_HAL_Driver/Src/stm32g4xx_hal_tim_ex.c ****   *            @arg TIM_TIM3_ETR_COMP3          TIM3 ETR is connected to COMP3 output
2517:Drivers/STM32G4xx_HAL_Driver/Src/stm32g4xx_hal_tim_ex.c ****   *            @arg TIM_TIM3_ETR_COMP4          TIM3 ETR is connected to COMP4 output
2518:Drivers/STM32G4xx_HAL_Driver/Src/stm32g4xx_hal_tim_ex.c ****   *            @arg TIM_TIM3_ETR_COMP5          TIM3 ETR is connected to COMP5 output    (*)
2519:Drivers/STM32G4xx_HAL_Driver/Src/stm32g4xx_hal_tim_ex.c ****   *            @arg TIM_TIM3_ETR_COMP6          TIM3 ETR is connected to COMP6 output    (*)
2520:Drivers/STM32G4xx_HAL_Driver/Src/stm32g4xx_hal_tim_ex.c ****   *            @arg TIM_TIM3_ETR_COMP7          TIM3 ETR is connected to COMP7 output    (*)
2521:Drivers/STM32G4xx_HAL_Driver/Src/stm32g4xx_hal_tim_ex.c ****   *            @arg TIM_TIM3_ETR_TIM2_ETR       TIM3 ETR is connected to TIM2 ETR pin
2522:Drivers/STM32G4xx_HAL_Driver/Src/stm32g4xx_hal_tim_ex.c ****   *            @arg TIM_TIM3_ETR_TIM4_ETR       TIM3 ETR is connected to TIM4 ETR pin
2523:Drivers/STM32G4xx_HAL_Driver/Src/stm32g4xx_hal_tim_ex.c ****   *            @arg TIM_TIM3_ETR_ADC2_AWD1      TIM3 ETR is connected to ADC2 AWD1
2524:Drivers/STM32G4xx_HAL_Driver/Src/stm32g4xx_hal_tim_ex.c ****   *            @arg TIM_TIM3_ETR_ADC2_AWD2      TIM3 ETR is connected to ADC2 AWD2
2525:Drivers/STM32G4xx_HAL_Driver/Src/stm32g4xx_hal_tim_ex.c ****   *            @arg TIM_TIM3_ETR_ADC2_AWD3      TIM3 ETR is connected to ADC2 AWD3
2526:Drivers/STM32G4xx_HAL_Driver/Src/stm32g4xx_hal_tim_ex.c ****   *
2527:Drivers/STM32G4xx_HAL_Driver/Src/stm32g4xx_hal_tim_ex.c ****   *         For TIM4, the parameter can take one of the following values:
2528:Drivers/STM32G4xx_HAL_Driver/Src/stm32g4xx_hal_tim_ex.c ****   *            @arg TIM_TIM4_ETR_GPIO           TIM4 ETR is connected to GPIO
2529:Drivers/STM32G4xx_HAL_Driver/Src/stm32g4xx_hal_tim_ex.c ****   *            @arg TIM_TIM4_ETR_COMP1          TIM4 ETR is connected to COMP1 output
2530:Drivers/STM32G4xx_HAL_Driver/Src/stm32g4xx_hal_tim_ex.c ****   *            @arg TIM_TIM4_ETR_COMP2          TIM4 ETR is connected to COMP2 output
2531:Drivers/STM32G4xx_HAL_Driver/Src/stm32g4xx_hal_tim_ex.c ****   *            @arg TIM_TIM4_ETR_COMP3          TIM4 ETR is connected to COMP3 output
2532:Drivers/STM32G4xx_HAL_Driver/Src/stm32g4xx_hal_tim_ex.c ****   *            @arg TIM_TIM4_ETR_COMP4          TIM4 ETR is connected to COMP4 output
2533:Drivers/STM32G4xx_HAL_Driver/Src/stm32g4xx_hal_tim_ex.c ****   *            @arg TIM_TIM4_ETR_COMP5          TIM4 ETR is connected to COMP5 output    (*)
2534:Drivers/STM32G4xx_HAL_Driver/Src/stm32g4xx_hal_tim_ex.c ****   *            @arg TIM_TIM4_ETR_COMP6          TIM4 ETR is connected to COMP6 output    (*)
2535:Drivers/STM32G4xx_HAL_Driver/Src/stm32g4xx_hal_tim_ex.c ****   *            @arg TIM_TIM4_ETR_COMP7          TIM4 ETR is connected to COMP7 output    (*)
2536:Drivers/STM32G4xx_HAL_Driver/Src/stm32g4xx_hal_tim_ex.c ****   *            @arg TIM_TIM4_ETR_TIM3_ETR       TIM4 ETR is connected to TIM3 ETR pin
2537:Drivers/STM32G4xx_HAL_Driver/Src/stm32g4xx_hal_tim_ex.c ****   *            @arg TIM_TIM4_ETR_TIM5_ETR       TIM4 ETR is connected to TIM5 ETR pin    (*)
2538:Drivers/STM32G4xx_HAL_Driver/Src/stm32g4xx_hal_tim_ex.c ****   *
ARM GAS  /tmp/ccX78w3T.s 			page 46


2539:Drivers/STM32G4xx_HAL_Driver/Src/stm32g4xx_hal_tim_ex.c ****   *         For TIM5, the parameter can take one of the following values:       (**)
2540:Drivers/STM32G4xx_HAL_Driver/Src/stm32g4xx_hal_tim_ex.c ****   *            @arg TIM_TIM5_ETR_GPIO           TIM5 ETR is connected to GPIO            (*)
2541:Drivers/STM32G4xx_HAL_Driver/Src/stm32g4xx_hal_tim_ex.c ****   *            @arg TIM_TIM5_ETR_COMP1          TIM5 ETR is connected to COMP1 output    (*)
2542:Drivers/STM32G4xx_HAL_Driver/Src/stm32g4xx_hal_tim_ex.c ****   *            @arg TIM_TIM5_ETR_COMP2          TIM5 ETR is connected to COMP2 output    (*)
2543:Drivers/STM32G4xx_HAL_Driver/Src/stm32g4xx_hal_tim_ex.c ****   *            @arg TIM_TIM5_ETR_COMP3          TIM5 ETR is connected to COMP3 output    (*)
2544:Drivers/STM32G4xx_HAL_Driver/Src/stm32g4xx_hal_tim_ex.c ****   *            @arg TIM_TIM5_ETR_COMP4          TIM5 ETR is connected to COMP4 output    (*)
2545:Drivers/STM32G4xx_HAL_Driver/Src/stm32g4xx_hal_tim_ex.c ****   *            @arg TIM_TIM5_ETR_COMP5          TIM5 ETR is connected to COMP5 output    (*)
2546:Drivers/STM32G4xx_HAL_Driver/Src/stm32g4xx_hal_tim_ex.c ****   *            @arg TIM_TIM5_ETR_COMP6          TIM5 ETR is connected to COMP6 output    (*)
2547:Drivers/STM32G4xx_HAL_Driver/Src/stm32g4xx_hal_tim_ex.c ****   *            @arg TIM_TIM5_ETR_COMP7          TIM5 ETR is connected to COMP7 output    (*)
2548:Drivers/STM32G4xx_HAL_Driver/Src/stm32g4xx_hal_tim_ex.c ****   *            @arg TIM_TIM5_ETR_TIM2_ETR       TIM5 ETR is connected to TIM2 ETR pin    (*)
2549:Drivers/STM32G4xx_HAL_Driver/Src/stm32g4xx_hal_tim_ex.c ****   *            @arg TIM_TIM5_ETR_TIM3_ETR       TIM5 ETR is connected to TIM3 ETR pin    (*)
2550:Drivers/STM32G4xx_HAL_Driver/Src/stm32g4xx_hal_tim_ex.c ****   *
2551:Drivers/STM32G4xx_HAL_Driver/Src/stm32g4xx_hal_tim_ex.c ****   *         For TIM8, the parameter can take one of the following values:
2552:Drivers/STM32G4xx_HAL_Driver/Src/stm32g4xx_hal_tim_ex.c ****   *            @arg TIM_TIM8_ETR_GPIO            TIM8 ETR is connected to GPIO
2553:Drivers/STM32G4xx_HAL_Driver/Src/stm32g4xx_hal_tim_ex.c ****   *            @arg TIM_TIM8_ETR_COMP1           TIM8 ETR is connected to COMP1 output
2554:Drivers/STM32G4xx_HAL_Driver/Src/stm32g4xx_hal_tim_ex.c ****   *            @arg TIM_TIM8_ETR_COMP2           TIM8 ETR is connected to COMP2 output
2555:Drivers/STM32G4xx_HAL_Driver/Src/stm32g4xx_hal_tim_ex.c ****   *            @arg TIM_TIM8_ETR_COMP3           TIM8 ETR is connected to COMP3 output
2556:Drivers/STM32G4xx_HAL_Driver/Src/stm32g4xx_hal_tim_ex.c ****   *            @arg TIM_TIM8_ETR_COMP4           TIM8 ETR is connected to COMP4 output
2557:Drivers/STM32G4xx_HAL_Driver/Src/stm32g4xx_hal_tim_ex.c ****   *            @arg TIM_TIM8_ETR_COMP5           TIM8 ETR is connected to COMP5 output    (*)
2558:Drivers/STM32G4xx_HAL_Driver/Src/stm32g4xx_hal_tim_ex.c ****   *            @arg TIM_TIM8_ETR_COMP6           TIM8 ETR is connected to COMP6 output    (*)
2559:Drivers/STM32G4xx_HAL_Driver/Src/stm32g4xx_hal_tim_ex.c ****   *            @arg TIM_TIM8_ETR_COMP7           TIM8 ETR is connected to COMP7 output    (*)
2560:Drivers/STM32G4xx_HAL_Driver/Src/stm32g4xx_hal_tim_ex.c ****   *            @arg TIM_TIM8_ETR_ADC2_AWD1       TIM8 ETR is connected to ADC2 AWD1
2561:Drivers/STM32G4xx_HAL_Driver/Src/stm32g4xx_hal_tim_ex.c ****   *            @arg TIM_TIM8_ETR_ADC2_AWD2       TIM8 ETR is connected to ADC2 AWD2
2562:Drivers/STM32G4xx_HAL_Driver/Src/stm32g4xx_hal_tim_ex.c ****   *            @arg TIM_TIM8_ETR_ADC2_AWD3       TIM8 ETR is connected to ADC2 AWD3
2563:Drivers/STM32G4xx_HAL_Driver/Src/stm32g4xx_hal_tim_ex.c ****   *            @arg TIM_TIM8_ETR_ADC3_AWD1       TIM8 ETR is connected to ADC3 AWD1       (*)
2564:Drivers/STM32G4xx_HAL_Driver/Src/stm32g4xx_hal_tim_ex.c ****   *            @arg TIM_TIM8_ETR_ADC3_AWD2       TIM8 ETR is connected to ADC3 AWD2       (*)
2565:Drivers/STM32G4xx_HAL_Driver/Src/stm32g4xx_hal_tim_ex.c ****   *            @arg TIM_TIM8_ETR_ADC3_AWD3       TIM8 ETR is connected to ADC3 AWD3       (*)
2566:Drivers/STM32G4xx_HAL_Driver/Src/stm32g4xx_hal_tim_ex.c ****   *
2567:Drivers/STM32G4xx_HAL_Driver/Src/stm32g4xx_hal_tim_ex.c ****   *         For TIM20, the parameter can take one of the following values:       (**)
2568:Drivers/STM32G4xx_HAL_Driver/Src/stm32g4xx_hal_tim_ex.c ****   *            @arg TIM_TIM20_ETR_GPIO            TIM20 ETR is connected to GPIO
2569:Drivers/STM32G4xx_HAL_Driver/Src/stm32g4xx_hal_tim_ex.c ****   *            @arg TIM_TIM20_ETR_COMP1           TIM20 ETR is connected to COMP1 output  (*)
2570:Drivers/STM32G4xx_HAL_Driver/Src/stm32g4xx_hal_tim_ex.c ****   *            @arg TIM_TIM20_ETR_COMP2           TIM20 ETR is connected to COMP2 output  (*)
2571:Drivers/STM32G4xx_HAL_Driver/Src/stm32g4xx_hal_tim_ex.c ****   *            @arg TIM_TIM20_ETR_COMP3           TIM20 ETR is connected to COMP3 output  (*)
2572:Drivers/STM32G4xx_HAL_Driver/Src/stm32g4xx_hal_tim_ex.c ****   *            @arg TIM_TIM20_ETR_COMP4           TIM20 ETR is connected to COMP4 output  (*)
2573:Drivers/STM32G4xx_HAL_Driver/Src/stm32g4xx_hal_tim_ex.c ****   *            @arg TIM_TIM20_ETR_COMP5           TIM20 ETR is connected to COMP5 output  (*)
2574:Drivers/STM32G4xx_HAL_Driver/Src/stm32g4xx_hal_tim_ex.c ****   *            @arg TIM_TIM20_ETR_COMP6           TIM20 ETR is connected to COMP6 output  (*)
2575:Drivers/STM32G4xx_HAL_Driver/Src/stm32g4xx_hal_tim_ex.c ****   *            @arg TIM_TIM20_ETR_COMP7           TIM20 ETR is connected to COMP7 output  (*)
2576:Drivers/STM32G4xx_HAL_Driver/Src/stm32g4xx_hal_tim_ex.c ****   *            @arg TIM_TIM20_ETR_ADC3_AWD1       TIM20 ETR is connected to ADC3 AWD1     (*)
2577:Drivers/STM32G4xx_HAL_Driver/Src/stm32g4xx_hal_tim_ex.c ****   *            @arg TIM_TIM20_ETR_ADC3_AWD2       TIM20 ETR is connected to ADC3 AWD2     (*)
2578:Drivers/STM32G4xx_HAL_Driver/Src/stm32g4xx_hal_tim_ex.c ****   *            @arg TIM_TIM20_ETR_ADC3_AWD3       TIM20 ETR is connected to ADC3 AWD3     (*)
2579:Drivers/STM32G4xx_HAL_Driver/Src/stm32g4xx_hal_tim_ex.c ****   *            @arg TIM_TIM20_ETR_ADC5_AWD1       TIM20 ETR is connected to ADC5 AWD1     (*)
2580:Drivers/STM32G4xx_HAL_Driver/Src/stm32g4xx_hal_tim_ex.c ****   *            @arg TIM_TIM20_ETR_ADC5_AWD2       TIM20 ETR is connected to ADC5 AWD2     (*)
2581:Drivers/STM32G4xx_HAL_Driver/Src/stm32g4xx_hal_tim_ex.c ****   *            @arg TIM_TIM20_ETR_ADC5_AWD3       TIM20 ETR is connected to ADC5 AWD3     (*)
2582:Drivers/STM32G4xx_HAL_Driver/Src/stm32g4xx_hal_tim_ex.c ****   *
2583:Drivers/STM32G4xx_HAL_Driver/Src/stm32g4xx_hal_tim_ex.c ****   *         (*)  Value not defined in all devices. \n
2584:Drivers/STM32G4xx_HAL_Driver/Src/stm32g4xx_hal_tim_ex.c ****   *         (**) Register not available in all devices.
2585:Drivers/STM32G4xx_HAL_Driver/Src/stm32g4xx_hal_tim_ex.c ****   *
2586:Drivers/STM32G4xx_HAL_Driver/Src/stm32g4xx_hal_tim_ex.c ****   * @retval HAL status
2587:Drivers/STM32G4xx_HAL_Driver/Src/stm32g4xx_hal_tim_ex.c ****   */
2588:Drivers/STM32G4xx_HAL_Driver/Src/stm32g4xx_hal_tim_ex.c **** HAL_StatusTypeDef HAL_TIMEx_RemapConfig(TIM_HandleTypeDef *htim, uint32_t Remap)
2589:Drivers/STM32G4xx_HAL_Driver/Src/stm32g4xx_hal_tim_ex.c **** {
2590:Drivers/STM32G4xx_HAL_Driver/Src/stm32g4xx_hal_tim_ex.c ****   /* Check parameters */
2591:Drivers/STM32G4xx_HAL_Driver/Src/stm32g4xx_hal_tim_ex.c ****   assert_param(IS_TIM_REMAP_INSTANCE(htim->Instance));
2592:Drivers/STM32G4xx_HAL_Driver/Src/stm32g4xx_hal_tim_ex.c ****   assert_param(IS_TIM_REMAP(Remap));
2593:Drivers/STM32G4xx_HAL_Driver/Src/stm32g4xx_hal_tim_ex.c **** 
2594:Drivers/STM32G4xx_HAL_Driver/Src/stm32g4xx_hal_tim_ex.c ****   __HAL_LOCK(htim);
2595:Drivers/STM32G4xx_HAL_Driver/Src/stm32g4xx_hal_tim_ex.c **** 
ARM GAS  /tmp/ccX78w3T.s 			page 47


2596:Drivers/STM32G4xx_HAL_Driver/Src/stm32g4xx_hal_tim_ex.c ****   MODIFY_REG(htim->Instance->AF1, TIM1_AF1_ETRSEL_Msk, Remap);
2597:Drivers/STM32G4xx_HAL_Driver/Src/stm32g4xx_hal_tim_ex.c **** 
2598:Drivers/STM32G4xx_HAL_Driver/Src/stm32g4xx_hal_tim_ex.c ****   __HAL_UNLOCK(htim);
2599:Drivers/STM32G4xx_HAL_Driver/Src/stm32g4xx_hal_tim_ex.c **** 
2600:Drivers/STM32G4xx_HAL_Driver/Src/stm32g4xx_hal_tim_ex.c ****   return HAL_OK;
2601:Drivers/STM32G4xx_HAL_Driver/Src/stm32g4xx_hal_tim_ex.c **** }
2602:Drivers/STM32G4xx_HAL_Driver/Src/stm32g4xx_hal_tim_ex.c **** 
2603:Drivers/STM32G4xx_HAL_Driver/Src/stm32g4xx_hal_tim_ex.c **** /**
2604:Drivers/STM32G4xx_HAL_Driver/Src/stm32g4xx_hal_tim_ex.c ****   * @brief  Select the timer input source
2605:Drivers/STM32G4xx_HAL_Driver/Src/stm32g4xx_hal_tim_ex.c ****   * @param  htim TIM handle.
2606:Drivers/STM32G4xx_HAL_Driver/Src/stm32g4xx_hal_tim_ex.c ****   * @param  Channel specifies the TIM Channel
2607:Drivers/STM32G4xx_HAL_Driver/Src/stm32g4xx_hal_tim_ex.c ****   *          This parameter can be one of the following values:
2608:Drivers/STM32G4xx_HAL_Driver/Src/stm32g4xx_hal_tim_ex.c ****   *            @arg TIM_CHANNEL_1: TI1 input channel
2609:Drivers/STM32G4xx_HAL_Driver/Src/stm32g4xx_hal_tim_ex.c ****   *            @arg TIM_CHANNEL_2: TI2 input channel
2610:Drivers/STM32G4xx_HAL_Driver/Src/stm32g4xx_hal_tim_ex.c ****   *            @arg TIM_CHANNEL_3: TI3 input channel
2611:Drivers/STM32G4xx_HAL_Driver/Src/stm32g4xx_hal_tim_ex.c ****   *            @arg TIM_CHANNEL_4: TI4 input channel
2612:Drivers/STM32G4xx_HAL_Driver/Src/stm32g4xx_hal_tim_ex.c ****   * @param  TISelection specifies the timer input source
2613:Drivers/STM32G4xx_HAL_Driver/Src/stm32g4xx_hal_tim_ex.c ****   *         For TIM1 this parameter can be one of the following values:
2614:Drivers/STM32G4xx_HAL_Driver/Src/stm32g4xx_hal_tim_ex.c ****   *            @arg TIM_TIM1_TI1_GPIO:                TIM1 TI1 is connected to GPIO
2615:Drivers/STM32G4xx_HAL_Driver/Src/stm32g4xx_hal_tim_ex.c ****   *            @arg TIM_TIM1_TI1_COMP1:               TIM1 TI1 is connected to COMP1 output
2616:Drivers/STM32G4xx_HAL_Driver/Src/stm32g4xx_hal_tim_ex.c ****   *            @arg TIM_TIM1_TI1_COMP2:               TIM1 TI1 is connected to COMP2 output
2617:Drivers/STM32G4xx_HAL_Driver/Src/stm32g4xx_hal_tim_ex.c ****   *            @arg TIM_TIM1_TI1_COMP3:               TIM1 TI1 is connected to COMP3 output
2618:Drivers/STM32G4xx_HAL_Driver/Src/stm32g4xx_hal_tim_ex.c ****   *            @arg TIM_TIM1_TI1_COMP4:               TIM1 TI1 is connected to COMP4 output
2619:Drivers/STM32G4xx_HAL_Driver/Src/stm32g4xx_hal_tim_ex.c ****   *
2620:Drivers/STM32G4xx_HAL_Driver/Src/stm32g4xx_hal_tim_ex.c ****   *         For TIM2 this parameter can be one of the following values:
2621:Drivers/STM32G4xx_HAL_Driver/Src/stm32g4xx_hal_tim_ex.c ****   *            @arg TIM_TIM2_TI1_GPIO:                TIM2 TI1 is connected to GPIO
2622:Drivers/STM32G4xx_HAL_Driver/Src/stm32g4xx_hal_tim_ex.c ****   *            @arg TIM_TIM2_TI1_COMP1:               TIM2 TI1 is connected to COMP1 output
2623:Drivers/STM32G4xx_HAL_Driver/Src/stm32g4xx_hal_tim_ex.c ****   *            @arg TIM_TIM2_TI1_COMP2:               TIM2 TI1 is connected to COMP2 output
2624:Drivers/STM32G4xx_HAL_Driver/Src/stm32g4xx_hal_tim_ex.c ****   *            @arg TIM_TIM2_TI1_COMP3:               TIM2 TI1 is connected to COMP3 output
2625:Drivers/STM32G4xx_HAL_Driver/Src/stm32g4xx_hal_tim_ex.c ****   *            @arg TIM_TIM2_TI1_COMP4:               TIM2 TI1 is connected to COMP4 output
2626:Drivers/STM32G4xx_HAL_Driver/Src/stm32g4xx_hal_tim_ex.c ****   *            @arg TIM_TIM2_TI1_COMP5:               TIM2 TI1 is connected to COMP5 output     (*)
2627:Drivers/STM32G4xx_HAL_Driver/Src/stm32g4xx_hal_tim_ex.c ****   *
2628:Drivers/STM32G4xx_HAL_Driver/Src/stm32g4xx_hal_tim_ex.c ****   *            @arg TIM_TIM2_TI2_GPIO:                TIM1 TI2 is connected to GPIO
2629:Drivers/STM32G4xx_HAL_Driver/Src/stm32g4xx_hal_tim_ex.c ****   *            @arg TIM_TIM2_TI2_COMP1:               TIM2 TI2 is connected to COMP1 output
2630:Drivers/STM32G4xx_HAL_Driver/Src/stm32g4xx_hal_tim_ex.c ****   *            @arg TIM_TIM2_TI2_COMP2:               TIM2 TI2 is connected to COMP2 output
2631:Drivers/STM32G4xx_HAL_Driver/Src/stm32g4xx_hal_tim_ex.c ****   *            @arg TIM_TIM2_TI2_COMP3:               TIM2 TI2 is connected to COMP3 output
2632:Drivers/STM32G4xx_HAL_Driver/Src/stm32g4xx_hal_tim_ex.c ****   *            @arg TIM_TIM2_TI2_COMP4:               TIM2 TI2 is connected to COMP4 output
2633:Drivers/STM32G4xx_HAL_Driver/Src/stm32g4xx_hal_tim_ex.c ****   *            @arg TIM_TIM2_TI2_COMP6:               TIM2 TI2 is connected to COMP6 output     (*)
2634:Drivers/STM32G4xx_HAL_Driver/Src/stm32g4xx_hal_tim_ex.c ****   *
2635:Drivers/STM32G4xx_HAL_Driver/Src/stm32g4xx_hal_tim_ex.c ****   *            @arg TIM_TIM2_TI3_GPIO:                TIM2 TI3 is connected to GPIO
2636:Drivers/STM32G4xx_HAL_Driver/Src/stm32g4xx_hal_tim_ex.c ****   *            @arg TIM_TIM2_TI3_COMP4:               TIM2 TI3 is connected to COMP4 output
2637:Drivers/STM32G4xx_HAL_Driver/Src/stm32g4xx_hal_tim_ex.c ****   *
2638:Drivers/STM32G4xx_HAL_Driver/Src/stm32g4xx_hal_tim_ex.c ****   *            @arg TIM_TIM2_TI4_GPIO:                TIM2 TI4 is connected to GPIO
2639:Drivers/STM32G4xx_HAL_Driver/Src/stm32g4xx_hal_tim_ex.c ****   *            @arg TIM_TIM2_TI4_COMP1:               TIM2 TI4 is connected to COMP1 output
2640:Drivers/STM32G4xx_HAL_Driver/Src/stm32g4xx_hal_tim_ex.c ****   *            @arg TIM_TIM2_TI4_COMP2:               TIM2 TI4 is connected to COMP2 output
2641:Drivers/STM32G4xx_HAL_Driver/Src/stm32g4xx_hal_tim_ex.c ****   *
2642:Drivers/STM32G4xx_HAL_Driver/Src/stm32g4xx_hal_tim_ex.c ****   *         For TIM3 this parameter can be one of the following values:
2643:Drivers/STM32G4xx_HAL_Driver/Src/stm32g4xx_hal_tim_ex.c ****   *            @arg TIM_TIM3_TI1_GPIO:                TIM3 TI1 is connected to GPIO
2644:Drivers/STM32G4xx_HAL_Driver/Src/stm32g4xx_hal_tim_ex.c ****   *            @arg TIM_TIM3_TI1_COMP1:               TIM3 TI1 is connected to COMP1 output
2645:Drivers/STM32G4xx_HAL_Driver/Src/stm32g4xx_hal_tim_ex.c ****   *            @arg TIM_TIM3_TI1_COMP2:               TIM3 TI1 is connected to COMP2 output
2646:Drivers/STM32G4xx_HAL_Driver/Src/stm32g4xx_hal_tim_ex.c ****   *            @arg TIM_TIM3_TI1_COMP3:               TIM3 TI1 is connected to COMP3 output
2647:Drivers/STM32G4xx_HAL_Driver/Src/stm32g4xx_hal_tim_ex.c ****   *            @arg TIM_TIM3_TI1_COMP4:               TIM3 TI1 is connected to COMP4 output
2648:Drivers/STM32G4xx_HAL_Driver/Src/stm32g4xx_hal_tim_ex.c ****   *            @arg TIM_TIM3_TI1_COMP5:               TIM3 TI1 is connected to COMP5 output     (*)
2649:Drivers/STM32G4xx_HAL_Driver/Src/stm32g4xx_hal_tim_ex.c ****   *            @arg TIM_TIM3_TI1_COMP6:               TIM3 TI1 is connected to COMP6 output     (*)
2650:Drivers/STM32G4xx_HAL_Driver/Src/stm32g4xx_hal_tim_ex.c ****   *            @arg TIM_TIM3_TI1_COMP7:               TIM3 TI1 is connected to COMP7 output     (*)
2651:Drivers/STM32G4xx_HAL_Driver/Src/stm32g4xx_hal_tim_ex.c ****   *
2652:Drivers/STM32G4xx_HAL_Driver/Src/stm32g4xx_hal_tim_ex.c ****   *            @arg TIM_TIM3_TI2_GPIO:                TIM3 TI2 is connected to GPIO
ARM GAS  /tmp/ccX78w3T.s 			page 48


2653:Drivers/STM32G4xx_HAL_Driver/Src/stm32g4xx_hal_tim_ex.c ****   *            @arg TIM_TIM3_TI2_COMP1:               TIM3 TI2 is connected to COMP1 output
2654:Drivers/STM32G4xx_HAL_Driver/Src/stm32g4xx_hal_tim_ex.c ****   *            @arg TIM_TIM3_TI2_COMP2:               TIM3 TI2 is connected to COMP2 output
2655:Drivers/STM32G4xx_HAL_Driver/Src/stm32g4xx_hal_tim_ex.c ****   *            @arg TIM_TIM3_TI2_COMP3:               TIM3 TI2 is connected to COMP3 output
2656:Drivers/STM32G4xx_HAL_Driver/Src/stm32g4xx_hal_tim_ex.c ****   *            @arg TIM_TIM3_TI2_COMP4:               TIM3 TI2 is connected to COMP4 output
2657:Drivers/STM32G4xx_HAL_Driver/Src/stm32g4xx_hal_tim_ex.c ****   *            @arg TIM_TIM3_TI2_COMP5:               TIM3 TI2 is connected to COMP5 output     (*)
2658:Drivers/STM32G4xx_HAL_Driver/Src/stm32g4xx_hal_tim_ex.c ****   *            @arg TIM_TIM3_TI2_COMP6:               TIM3 TI2 is connected to COMP6 output     (*)
2659:Drivers/STM32G4xx_HAL_Driver/Src/stm32g4xx_hal_tim_ex.c ****   *            @arg TIM_TIM3_TI2_COMP7:               TIM3 TI2 is connected to COMP7 output     (*)
2660:Drivers/STM32G4xx_HAL_Driver/Src/stm32g4xx_hal_tim_ex.c ****   *
2661:Drivers/STM32G4xx_HAL_Driver/Src/stm32g4xx_hal_tim_ex.c ****   *            @arg TIM_TIM3_TI3_GPIO:                TIM3 TI3 is connected to GPIO
2662:Drivers/STM32G4xx_HAL_Driver/Src/stm32g4xx_hal_tim_ex.c ****   *            @arg TIM_TIM3_TI3_COMP3:               TIM3 TI3 is connected to COMP3 output
2663:Drivers/STM32G4xx_HAL_Driver/Src/stm32g4xx_hal_tim_ex.c ****   *
2664:Drivers/STM32G4xx_HAL_Driver/Src/stm32g4xx_hal_tim_ex.c ****   *         For TIM4 this parameter can be one of the following values:
2665:Drivers/STM32G4xx_HAL_Driver/Src/stm32g4xx_hal_tim_ex.c ****   *            @arg TIM_TIM4_TI1_GPIO:                TIM4 TI1 is connected to GPIO
2666:Drivers/STM32G4xx_HAL_Driver/Src/stm32g4xx_hal_tim_ex.c ****   *            @arg TIM_TIM4_TI1_COMP1:               TIM4 TI1 is connected to COMP1 output
2667:Drivers/STM32G4xx_HAL_Driver/Src/stm32g4xx_hal_tim_ex.c ****   *            @arg TIM_TIM4_TI1_COMP2:               TIM4 TI1 is connected to COMP2 output
2668:Drivers/STM32G4xx_HAL_Driver/Src/stm32g4xx_hal_tim_ex.c ****   *            @arg TIM_TIM4_TI1_COMP3:               TIM4 TI1 is connected to COMP3 output
2669:Drivers/STM32G4xx_HAL_Driver/Src/stm32g4xx_hal_tim_ex.c ****   *            @arg TIM_TIM4_TI1_COMP4:               TIM4 TI1 is connected to COMP4 output
2670:Drivers/STM32G4xx_HAL_Driver/Src/stm32g4xx_hal_tim_ex.c ****   *            @arg TIM_TIM4_TI1_COMP5:               TIM4 TI1 is connected to COMP5 output     (*)
2671:Drivers/STM32G4xx_HAL_Driver/Src/stm32g4xx_hal_tim_ex.c ****   *            @arg TIM_TIM4_TI1_COMP6:               TIM4 TI1 is connected to COMP6 output     (*)
2672:Drivers/STM32G4xx_HAL_Driver/Src/stm32g4xx_hal_tim_ex.c ****   *            @arg TIM_TIM4_TI1_COMP7:               TIM4 TI1 is connected to COMP7 output     (*)
2673:Drivers/STM32G4xx_HAL_Driver/Src/stm32g4xx_hal_tim_ex.c ****   *
2674:Drivers/STM32G4xx_HAL_Driver/Src/stm32g4xx_hal_tim_ex.c ****   *            @arg TIM_TIM4_TI2_GPIO:                TIM4 TI2 is connected to GPIO
2675:Drivers/STM32G4xx_HAL_Driver/Src/stm32g4xx_hal_tim_ex.c ****   *            @arg TIM_TIM4_TI2_COMP1:               TIM4 TI2 is connected to COMP1 output
2676:Drivers/STM32G4xx_HAL_Driver/Src/stm32g4xx_hal_tim_ex.c ****   *            @arg TIM_TIM4_TI2_COMP2:               TIM4 TI2 is connected to COMP2 output
2677:Drivers/STM32G4xx_HAL_Driver/Src/stm32g4xx_hal_tim_ex.c ****   *            @arg TIM_TIM4_TI2_COMP3:               TIM4 TI2 is connected to COMP3 output
2678:Drivers/STM32G4xx_HAL_Driver/Src/stm32g4xx_hal_tim_ex.c ****   *            @arg TIM_TIM4_TI2_COMP4:               TIM4 TI2 is connected to COMP4 output
2679:Drivers/STM32G4xx_HAL_Driver/Src/stm32g4xx_hal_tim_ex.c ****   *            @arg TIM_TIM4_TI2_COMP5:               TIM4 TI2 is connected to COMP5 output     (*)
2680:Drivers/STM32G4xx_HAL_Driver/Src/stm32g4xx_hal_tim_ex.c ****   *            @arg TIM_TIM4_TI2_COMP6:               TIM4 TI2 is connected to COMP6 output     (*)
2681:Drivers/STM32G4xx_HAL_Driver/Src/stm32g4xx_hal_tim_ex.c ****   *            @arg TIM_TIM4_TI2_COMP7:               TIM4 TI2 is connected to COMP7 output     (*)
2682:Drivers/STM32G4xx_HAL_Driver/Src/stm32g4xx_hal_tim_ex.c ****   *
2683:Drivers/STM32G4xx_HAL_Driver/Src/stm32g4xx_hal_tim_ex.c ****   *            @arg TIM_TIM4_TI3_GPIO:                TIM4 TI3 is connected to GPIO
2684:Drivers/STM32G4xx_HAL_Driver/Src/stm32g4xx_hal_tim_ex.c ****   *            @arg TIM_TIM4_TI3_COMP5:               TIM4 TI3 is connected to COMP5 output     (*)
2685:Drivers/STM32G4xx_HAL_Driver/Src/stm32g4xx_hal_tim_ex.c ****   *
2686:Drivers/STM32G4xx_HAL_Driver/Src/stm32g4xx_hal_tim_ex.c ****   *            @arg TIM_TIM4_TI4_GPIO:                TIM4 TI4 is connected to GPIO
2687:Drivers/STM32G4xx_HAL_Driver/Src/stm32g4xx_hal_tim_ex.c ****   *            @arg TIM_TIM4_TI4_COMP6:               TIM4 TI4 is connected to COMP6 output     (*)
2688:Drivers/STM32G4xx_HAL_Driver/Src/stm32g4xx_hal_tim_ex.c ****   *
2689:Drivers/STM32G4xx_HAL_Driver/Src/stm32g4xx_hal_tim_ex.c ****   *         For TIM5 this parameter can be one of the following values:    (**)
2690:Drivers/STM32G4xx_HAL_Driver/Src/stm32g4xx_hal_tim_ex.c ****   *            @arg TIM_TIM5_TI1_GPIO:                TIM5 TI1 is connected to GPIO
2691:Drivers/STM32G4xx_HAL_Driver/Src/stm32g4xx_hal_tim_ex.c ****   *            @arg TIM_TIM5_TI1_LSI:                 TIM5 TI1 is connected to LSI clock        (*)
2692:Drivers/STM32G4xx_HAL_Driver/Src/stm32g4xx_hal_tim_ex.c ****   *            @arg TIM_TIM5_TI1_LSE:                 TIM5 TI1 is connected to LSE clock        (*)
2693:Drivers/STM32G4xx_HAL_Driver/Src/stm32g4xx_hal_tim_ex.c ****   *            @arg TIM_TIM5_TI1_RTC_WK:              TIM5 TI1 is connected to RTC Wakeup       (*)
2694:Drivers/STM32G4xx_HAL_Driver/Src/stm32g4xx_hal_tim_ex.c ****   *            @arg TIM_TIM5_TI1_COMP1:               TIM5 TI1 is connected to COMP1 output     (*)
2695:Drivers/STM32G4xx_HAL_Driver/Src/stm32g4xx_hal_tim_ex.c ****   *            @arg TIM_TIM5_TI1_COMP2:               TIM5 TI1 is connected to COMP2 output     (*)
2696:Drivers/STM32G4xx_HAL_Driver/Src/stm32g4xx_hal_tim_ex.c ****   *            @arg TIM_TIM5_TI1_COMP3:               TIM5 TI1 is connected to COMP3 output     (*)
2697:Drivers/STM32G4xx_HAL_Driver/Src/stm32g4xx_hal_tim_ex.c ****   *            @arg TIM_TIM5_TI1_COMP4:               TIM5 TI1 is connected to COMP4 output     (*)
2698:Drivers/STM32G4xx_HAL_Driver/Src/stm32g4xx_hal_tim_ex.c ****   *            @arg TIM_TIM5_TI1_COMP5:               TIM5 TI1 is connected to COMP5 output     (*)
2699:Drivers/STM32G4xx_HAL_Driver/Src/stm32g4xx_hal_tim_ex.c ****   *            @arg TIM_TIM5_TI1_COMP6:               TIM5 TI1 is connected to COMP6 output     (*)
2700:Drivers/STM32G4xx_HAL_Driver/Src/stm32g4xx_hal_tim_ex.c ****   *            @arg TIM_TIM5_TI1_COMP7:               TIM5 TI1 is connected to COMP7 output     (*)
2701:Drivers/STM32G4xx_HAL_Driver/Src/stm32g4xx_hal_tim_ex.c ****   *
2702:Drivers/STM32G4xx_HAL_Driver/Src/stm32g4xx_hal_tim_ex.c ****   *            @arg TIM_TIM5_TI2_GPIO:                TIM5 TI2 is connected to GPIO
2703:Drivers/STM32G4xx_HAL_Driver/Src/stm32g4xx_hal_tim_ex.c ****   *            @arg TIM_TIM5_TI2_COMP1:               TIM5 TI2 is connected to COMP1 output
2704:Drivers/STM32G4xx_HAL_Driver/Src/stm32g4xx_hal_tim_ex.c ****   *            @arg TIM_TIM5_TI2_COMP2:               TIM5 TI2 is connected to COMP2 output
2705:Drivers/STM32G4xx_HAL_Driver/Src/stm32g4xx_hal_tim_ex.c ****   *            @arg TIM_TIM5_TI2_COMP3:               TIM5 TI2 is connected to COMP3 output
2706:Drivers/STM32G4xx_HAL_Driver/Src/stm32g4xx_hal_tim_ex.c ****   *            @arg TIM_TIM5_TI2_COMP4:               TIM5 TI2 is connected to COMP4 output
2707:Drivers/STM32G4xx_HAL_Driver/Src/stm32g4xx_hal_tim_ex.c ****   *            @arg TIM_TIM5_TI2_COMP5:               TIM5 TI2 is connected to COMP5 output     (*)
2708:Drivers/STM32G4xx_HAL_Driver/Src/stm32g4xx_hal_tim_ex.c ****   *            @arg TIM_TIM5_TI2_COMP6:               TIM5 TI2 is connected to COMP6 output     (*)
2709:Drivers/STM32G4xx_HAL_Driver/Src/stm32g4xx_hal_tim_ex.c ****   *            @arg TIM_TIM5_TI2_COMP7:               TIM5 TI2 is connected to COMP7 output     (*)
ARM GAS  /tmp/ccX78w3T.s 			page 49


2710:Drivers/STM32G4xx_HAL_Driver/Src/stm32g4xx_hal_tim_ex.c ****   *
2711:Drivers/STM32G4xx_HAL_Driver/Src/stm32g4xx_hal_tim_ex.c ****   *         For TIM8 this parameter can be one of the following values:
2712:Drivers/STM32G4xx_HAL_Driver/Src/stm32g4xx_hal_tim_ex.c ****   *            @arg TIM_TIM8_TI1_GPIO:                TIM8 TI1 is connected to GPIO
2713:Drivers/STM32G4xx_HAL_Driver/Src/stm32g4xx_hal_tim_ex.c ****   *            @arg TIM_TIM8_TI1_COMP1:               TIM8 TI1 is connected to COMP1 output
2714:Drivers/STM32G4xx_HAL_Driver/Src/stm32g4xx_hal_tim_ex.c ****   *            @arg TIM_TIM8_TI1_COMP2:               TIM8 TI1 is connected to COMP2 output
2715:Drivers/STM32G4xx_HAL_Driver/Src/stm32g4xx_hal_tim_ex.c ****   *            @arg TIM_TIM8_TI1_COMP3:               TIM8 TI1 is connected to COMP3 output
2716:Drivers/STM32G4xx_HAL_Driver/Src/stm32g4xx_hal_tim_ex.c ****   *            @arg TIM_TIM8_TI1_COMP4:               TIM8 TI1 is connected to COMP4 output
2717:Drivers/STM32G4xx_HAL_Driver/Src/stm32g4xx_hal_tim_ex.c ****   *
2718:Drivers/STM32G4xx_HAL_Driver/Src/stm32g4xx_hal_tim_ex.c ****   *         For TIM15 this parameter can be one of the following values:
2719:Drivers/STM32G4xx_HAL_Driver/Src/stm32g4xx_hal_tim_ex.c ****   *            @arg TIM_TIM15_TI1_GPIO:                TIM15 TI1 is connected to GPIO
2720:Drivers/STM32G4xx_HAL_Driver/Src/stm32g4xx_hal_tim_ex.c ****   *            @arg TIM_TIM15_TI1_LSE:                 TIM15 TI1 is connected to LSE clock
2721:Drivers/STM32G4xx_HAL_Driver/Src/stm32g4xx_hal_tim_ex.c ****   *            @arg TIM_TIM15_TI1_COMP1:               TIM15 TI1 is connected to COMP1 output
2722:Drivers/STM32G4xx_HAL_Driver/Src/stm32g4xx_hal_tim_ex.c ****   *            @arg TIM_TIM15_TI1_COMP2:               TIM15 TI1 is connected to COMP2 output
2723:Drivers/STM32G4xx_HAL_Driver/Src/stm32g4xx_hal_tim_ex.c ****   *            @arg TIM_TIM15_TI1_COMP5:               TIM15 TI1 is connected to COMP5 output     (
2724:Drivers/STM32G4xx_HAL_Driver/Src/stm32g4xx_hal_tim_ex.c ****   *            @arg TIM_TIM15_TI1_COMP7:               TIM15 TI1 is connected to COMP7 output     (
2725:Drivers/STM32G4xx_HAL_Driver/Src/stm32g4xx_hal_tim_ex.c ****   *
2726:Drivers/STM32G4xx_HAL_Driver/Src/stm32g4xx_hal_tim_ex.c ****   *            @arg TIM_TIM15_TI2_GPIO:                TIM15 TI2 is connected to GPIO
2727:Drivers/STM32G4xx_HAL_Driver/Src/stm32g4xx_hal_tim_ex.c ****   *            @arg TIM_TIM15_TI2_COMP2:               TIM15 TI2 is connected to COMP2 output
2728:Drivers/STM32G4xx_HAL_Driver/Src/stm32g4xx_hal_tim_ex.c ****   *            @arg TIM_TIM15_TI2_COMP3:               TIM15 TI2 is connected to COMP3 output
2729:Drivers/STM32G4xx_HAL_Driver/Src/stm32g4xx_hal_tim_ex.c ****   *            @arg TIM_TIM15_TI2_COMP6:               TIM15 TI2 is connected to COMP6 output     (
2730:Drivers/STM32G4xx_HAL_Driver/Src/stm32g4xx_hal_tim_ex.c ****   *            @arg TIM_TIM15_TI2_COMP7:               TIM15 TI2 is connected to COMP7 output     (
2731:Drivers/STM32G4xx_HAL_Driver/Src/stm32g4xx_hal_tim_ex.c ****   *
2732:Drivers/STM32G4xx_HAL_Driver/Src/stm32g4xx_hal_tim_ex.c ****   *         For TIM16 this parameter can be one of the following values:
2733:Drivers/STM32G4xx_HAL_Driver/Src/stm32g4xx_hal_tim_ex.c ****   *            @arg TIM_TIM16_TI1_GPIO:                TIM16 TI1 is connected to GPIO
2734:Drivers/STM32G4xx_HAL_Driver/Src/stm32g4xx_hal_tim_ex.c ****   *            @arg TIM_TIM16_TI1_COMP6:               TIM16 TI1 is connected to COMP6 output     (
2735:Drivers/STM32G4xx_HAL_Driver/Src/stm32g4xx_hal_tim_ex.c ****   *            @arg TIM_TIM16_TI1_MCO:                 TIM15 TI1 is connected to MCO output
2736:Drivers/STM32G4xx_HAL_Driver/Src/stm32g4xx_hal_tim_ex.c ****   *            @arg TIM_TIM16_TI1_HSE_32:              TIM15 TI1 is connected to HSE div 32
2737:Drivers/STM32G4xx_HAL_Driver/Src/stm32g4xx_hal_tim_ex.c ****   *            @arg TIM_TIM16_TI1_RTC_WK:              TIM15 TI1 is connected to RTC wakeup
2738:Drivers/STM32G4xx_HAL_Driver/Src/stm32g4xx_hal_tim_ex.c ****   *            @arg TIM_TIM16_TI1_LSE:                 TIM15 TI1 is connected to LSE clock
2739:Drivers/STM32G4xx_HAL_Driver/Src/stm32g4xx_hal_tim_ex.c ****   *            @arg TIM_TIM16_TI1_LSI:                 TIM15 TI1 is connected to LSI clock
2740:Drivers/STM32G4xx_HAL_Driver/Src/stm32g4xx_hal_tim_ex.c ****   *
2741:Drivers/STM32G4xx_HAL_Driver/Src/stm32g4xx_hal_tim_ex.c ****   *         For TIM17 this parameter can be one of the following values:
2742:Drivers/STM32G4xx_HAL_Driver/Src/stm32g4xx_hal_tim_ex.c ****   *            @arg TIM_TIM17_TI1_GPIO:                TIM17 TI1 is connected to GPIO
2743:Drivers/STM32G4xx_HAL_Driver/Src/stm32g4xx_hal_tim_ex.c ****   *            @arg TIM_TIM17_TI1_COMP5:               TIM17 TI1 is connected to COMP5 output     (
2744:Drivers/STM32G4xx_HAL_Driver/Src/stm32g4xx_hal_tim_ex.c ****   *            @arg TIM_TIM17_TI1_MCO:                 TIM17 TI1 is connected to MCO output
2745:Drivers/STM32G4xx_HAL_Driver/Src/stm32g4xx_hal_tim_ex.c ****   *            @arg TIM_TIM17_TI1_HSE_32:              TIM17 TI1 is connected to HSE div 32
2746:Drivers/STM32G4xx_HAL_Driver/Src/stm32g4xx_hal_tim_ex.c ****   *            @arg TIM_TIM17_TI1_RTC_WK:              TIM17 TI1 is connected to RTC wakeup
2747:Drivers/STM32G4xx_HAL_Driver/Src/stm32g4xx_hal_tim_ex.c ****   *            @arg TIM_TIM17_TI1_LSE:                 TIM17 TI1 is connected to LSE clock
2748:Drivers/STM32G4xx_HAL_Driver/Src/stm32g4xx_hal_tim_ex.c ****   *            @arg TIM_TIM17_TI1_LSI:                 TIM17 TI1 is connected to LSI clock
2749:Drivers/STM32G4xx_HAL_Driver/Src/stm32g4xx_hal_tim_ex.c **** 
2750:Drivers/STM32G4xx_HAL_Driver/Src/stm32g4xx_hal_tim_ex.c ****   *         For TIM20 this parameter can be one of the following values:    (**)
2751:Drivers/STM32G4xx_HAL_Driver/Src/stm32g4xx_hal_tim_ex.c ****   *            @arg TIM_TIM20_TI1_GPIO:                TIM20 TI1 is connected to GPIO
2752:Drivers/STM32G4xx_HAL_Driver/Src/stm32g4xx_hal_tim_ex.c ****   *            @arg TIM_TIM20_TI1_COMP1:               TIM20 TI1 is connected to COMP1 output     (
2753:Drivers/STM32G4xx_HAL_Driver/Src/stm32g4xx_hal_tim_ex.c ****   *            @arg TIM_TIM20_TI1_COMP2:               TIM20 TI1 is connected to COMP2 output     (
2754:Drivers/STM32G4xx_HAL_Driver/Src/stm32g4xx_hal_tim_ex.c ****   *            @arg TIM_TIM20_TI1_COMP3:               TIM20 TI1 is connected to COMP3 output     (
2755:Drivers/STM32G4xx_HAL_Driver/Src/stm32g4xx_hal_tim_ex.c ****   *            @arg TIM_TIM20_TI1_COMP4:               TIM20 TI1 is connected to COMP4 output     (
2756:Drivers/STM32G4xx_HAL_Driver/Src/stm32g4xx_hal_tim_ex.c ****   *
2757:Drivers/STM32G4xx_HAL_Driver/Src/stm32g4xx_hal_tim_ex.c ****   *         (*)  Value not defined in all devices. \n
2758:Drivers/STM32G4xx_HAL_Driver/Src/stm32g4xx_hal_tim_ex.c ****   *         (**) Register not available in all devices.
2759:Drivers/STM32G4xx_HAL_Driver/Src/stm32g4xx_hal_tim_ex.c ****   *
2760:Drivers/STM32G4xx_HAL_Driver/Src/stm32g4xx_hal_tim_ex.c ****   * @retval HAL status
2761:Drivers/STM32G4xx_HAL_Driver/Src/stm32g4xx_hal_tim_ex.c ****   */
2762:Drivers/STM32G4xx_HAL_Driver/Src/stm32g4xx_hal_tim_ex.c **** HAL_StatusTypeDef  HAL_TIMEx_TISelection(TIM_HandleTypeDef *htim, uint32_t TISelection, uint32_t Ch
2763:Drivers/STM32G4xx_HAL_Driver/Src/stm32g4xx_hal_tim_ex.c **** {
2764:Drivers/STM32G4xx_HAL_Driver/Src/stm32g4xx_hal_tim_ex.c ****   HAL_StatusTypeDef status = HAL_OK;
2765:Drivers/STM32G4xx_HAL_Driver/Src/stm32g4xx_hal_tim_ex.c **** 
2766:Drivers/STM32G4xx_HAL_Driver/Src/stm32g4xx_hal_tim_ex.c ****   /* Check parameters */
ARM GAS  /tmp/ccX78w3T.s 			page 50


2767:Drivers/STM32G4xx_HAL_Driver/Src/stm32g4xx_hal_tim_ex.c ****   assert_param(IS_TIM_TISEL_TIX_INSTANCE(htim->Instance, Channel));
2768:Drivers/STM32G4xx_HAL_Driver/Src/stm32g4xx_hal_tim_ex.c ****   assert_param(IS_TIM_TISEL(TISelection));
2769:Drivers/STM32G4xx_HAL_Driver/Src/stm32g4xx_hal_tim_ex.c **** 
2770:Drivers/STM32G4xx_HAL_Driver/Src/stm32g4xx_hal_tim_ex.c ****   __HAL_LOCK(htim);
2771:Drivers/STM32G4xx_HAL_Driver/Src/stm32g4xx_hal_tim_ex.c **** 
2772:Drivers/STM32G4xx_HAL_Driver/Src/stm32g4xx_hal_tim_ex.c ****   switch (Channel)
2773:Drivers/STM32G4xx_HAL_Driver/Src/stm32g4xx_hal_tim_ex.c ****   {
2774:Drivers/STM32G4xx_HAL_Driver/Src/stm32g4xx_hal_tim_ex.c ****     case TIM_CHANNEL_1:
2775:Drivers/STM32G4xx_HAL_Driver/Src/stm32g4xx_hal_tim_ex.c ****       MODIFY_REG(htim->Instance->TISEL, TIM_TISEL_TI1SEL, TISelection);
2776:Drivers/STM32G4xx_HAL_Driver/Src/stm32g4xx_hal_tim_ex.c **** 
2777:Drivers/STM32G4xx_HAL_Driver/Src/stm32g4xx_hal_tim_ex.c ****       /* If required, set OR bit to request HSE/32 clock */
2778:Drivers/STM32G4xx_HAL_Driver/Src/stm32g4xx_hal_tim_ex.c ****       if (IS_TIM_HSE32_INSTANCE(htim->Instance))
2779:Drivers/STM32G4xx_HAL_Driver/Src/stm32g4xx_hal_tim_ex.c ****       {
2780:Drivers/STM32G4xx_HAL_Driver/Src/stm32g4xx_hal_tim_ex.c ****         SET_BIT(htim->Instance->OR, TIM_OR_HSE32EN);
2781:Drivers/STM32G4xx_HAL_Driver/Src/stm32g4xx_hal_tim_ex.c ****       }
2782:Drivers/STM32G4xx_HAL_Driver/Src/stm32g4xx_hal_tim_ex.c ****       else
2783:Drivers/STM32G4xx_HAL_Driver/Src/stm32g4xx_hal_tim_ex.c ****       {
2784:Drivers/STM32G4xx_HAL_Driver/Src/stm32g4xx_hal_tim_ex.c ****         CLEAR_BIT(htim->Instance->OR, TIM_OR_HSE32EN);
2785:Drivers/STM32G4xx_HAL_Driver/Src/stm32g4xx_hal_tim_ex.c ****       }
2786:Drivers/STM32G4xx_HAL_Driver/Src/stm32g4xx_hal_tim_ex.c ****       break;
2787:Drivers/STM32G4xx_HAL_Driver/Src/stm32g4xx_hal_tim_ex.c ****     case TIM_CHANNEL_2:
2788:Drivers/STM32G4xx_HAL_Driver/Src/stm32g4xx_hal_tim_ex.c ****       MODIFY_REG(htim->Instance->TISEL, TIM_TISEL_TI2SEL, TISelection);
2789:Drivers/STM32G4xx_HAL_Driver/Src/stm32g4xx_hal_tim_ex.c ****       break;
2790:Drivers/STM32G4xx_HAL_Driver/Src/stm32g4xx_hal_tim_ex.c ****     case TIM_CHANNEL_3:
2791:Drivers/STM32G4xx_HAL_Driver/Src/stm32g4xx_hal_tim_ex.c ****       MODIFY_REG(htim->Instance->TISEL, TIM_TISEL_TI3SEL, TISelection);
2792:Drivers/STM32G4xx_HAL_Driver/Src/stm32g4xx_hal_tim_ex.c ****       break;
2793:Drivers/STM32G4xx_HAL_Driver/Src/stm32g4xx_hal_tim_ex.c ****     case TIM_CHANNEL_4:
2794:Drivers/STM32G4xx_HAL_Driver/Src/stm32g4xx_hal_tim_ex.c ****       MODIFY_REG(htim->Instance->TISEL, TIM_TISEL_TI4SEL, TISelection);
2795:Drivers/STM32G4xx_HAL_Driver/Src/stm32g4xx_hal_tim_ex.c ****       break;
2796:Drivers/STM32G4xx_HAL_Driver/Src/stm32g4xx_hal_tim_ex.c ****     default:
2797:Drivers/STM32G4xx_HAL_Driver/Src/stm32g4xx_hal_tim_ex.c ****       status = HAL_ERROR;
2798:Drivers/STM32G4xx_HAL_Driver/Src/stm32g4xx_hal_tim_ex.c ****       break;
2799:Drivers/STM32G4xx_HAL_Driver/Src/stm32g4xx_hal_tim_ex.c ****   }
2800:Drivers/STM32G4xx_HAL_Driver/Src/stm32g4xx_hal_tim_ex.c **** 
2801:Drivers/STM32G4xx_HAL_Driver/Src/stm32g4xx_hal_tim_ex.c ****   __HAL_UNLOCK(htim);
2802:Drivers/STM32G4xx_HAL_Driver/Src/stm32g4xx_hal_tim_ex.c **** 
2803:Drivers/STM32G4xx_HAL_Driver/Src/stm32g4xx_hal_tim_ex.c ****   return status;
2804:Drivers/STM32G4xx_HAL_Driver/Src/stm32g4xx_hal_tim_ex.c **** }
2805:Drivers/STM32G4xx_HAL_Driver/Src/stm32g4xx_hal_tim_ex.c **** 
2806:Drivers/STM32G4xx_HAL_Driver/Src/stm32g4xx_hal_tim_ex.c **** /**
2807:Drivers/STM32G4xx_HAL_Driver/Src/stm32g4xx_hal_tim_ex.c ****   * @brief  Group channel 5 and channel 1, 2 or 3
2808:Drivers/STM32G4xx_HAL_Driver/Src/stm32g4xx_hal_tim_ex.c ****   * @param  htim TIM handle.
2809:Drivers/STM32G4xx_HAL_Driver/Src/stm32g4xx_hal_tim_ex.c ****   * @param  Channels specifies the reference signal(s) the OC5REF is combined with.
2810:Drivers/STM32G4xx_HAL_Driver/Src/stm32g4xx_hal_tim_ex.c ****   *         This parameter can be any combination of the following values:
2811:Drivers/STM32G4xx_HAL_Driver/Src/stm32g4xx_hal_tim_ex.c ****   *         TIM_GROUPCH5_NONE: No effect of OC5REF on OC1REFC, OC2REFC and OC3REFC
2812:Drivers/STM32G4xx_HAL_Driver/Src/stm32g4xx_hal_tim_ex.c ****   *         TIM_GROUPCH5_OC1REFC: OC1REFC is the logical AND of OC1REFC and OC5REF
2813:Drivers/STM32G4xx_HAL_Driver/Src/stm32g4xx_hal_tim_ex.c ****   *         TIM_GROUPCH5_OC2REFC: OC2REFC is the logical AND of OC2REFC and OC5REF
2814:Drivers/STM32G4xx_HAL_Driver/Src/stm32g4xx_hal_tim_ex.c ****   *         TIM_GROUPCH5_OC3REFC: OC3REFC is the logical AND of OC3REFC and OC5REF
2815:Drivers/STM32G4xx_HAL_Driver/Src/stm32g4xx_hal_tim_ex.c ****   * @retval HAL status
2816:Drivers/STM32G4xx_HAL_Driver/Src/stm32g4xx_hal_tim_ex.c ****   */
2817:Drivers/STM32G4xx_HAL_Driver/Src/stm32g4xx_hal_tim_ex.c **** HAL_StatusTypeDef HAL_TIMEx_GroupChannel5(TIM_HandleTypeDef *htim, uint32_t Channels)
2818:Drivers/STM32G4xx_HAL_Driver/Src/stm32g4xx_hal_tim_ex.c **** {
2819:Drivers/STM32G4xx_HAL_Driver/Src/stm32g4xx_hal_tim_ex.c ****   /* Check parameters */
2820:Drivers/STM32G4xx_HAL_Driver/Src/stm32g4xx_hal_tim_ex.c ****   assert_param(IS_TIM_COMBINED3PHASEPWM_INSTANCE(htim->Instance));
2821:Drivers/STM32G4xx_HAL_Driver/Src/stm32g4xx_hal_tim_ex.c ****   assert_param(IS_TIM_GROUPCH5(Channels));
2822:Drivers/STM32G4xx_HAL_Driver/Src/stm32g4xx_hal_tim_ex.c **** 
2823:Drivers/STM32G4xx_HAL_Driver/Src/stm32g4xx_hal_tim_ex.c ****   /* Process Locked */
ARM GAS  /tmp/ccX78w3T.s 			page 51


2824:Drivers/STM32G4xx_HAL_Driver/Src/stm32g4xx_hal_tim_ex.c ****   __HAL_LOCK(htim);
2825:Drivers/STM32G4xx_HAL_Driver/Src/stm32g4xx_hal_tim_ex.c **** 
2826:Drivers/STM32G4xx_HAL_Driver/Src/stm32g4xx_hal_tim_ex.c ****   htim->State = HAL_TIM_STATE_BUSY;
2827:Drivers/STM32G4xx_HAL_Driver/Src/stm32g4xx_hal_tim_ex.c **** 
2828:Drivers/STM32G4xx_HAL_Driver/Src/stm32g4xx_hal_tim_ex.c ****   /* Clear GC5Cx bit fields */
2829:Drivers/STM32G4xx_HAL_Driver/Src/stm32g4xx_hal_tim_ex.c ****   htim->Instance->CCR5 &= ~(TIM_CCR5_GC5C3 | TIM_CCR5_GC5C2 | TIM_CCR5_GC5C1);
2830:Drivers/STM32G4xx_HAL_Driver/Src/stm32g4xx_hal_tim_ex.c **** 
2831:Drivers/STM32G4xx_HAL_Driver/Src/stm32g4xx_hal_tim_ex.c ****   /* Set GC5Cx bit fields */
2832:Drivers/STM32G4xx_HAL_Driver/Src/stm32g4xx_hal_tim_ex.c ****   htim->Instance->CCR5 |= Channels;
2833:Drivers/STM32G4xx_HAL_Driver/Src/stm32g4xx_hal_tim_ex.c **** 
2834:Drivers/STM32G4xx_HAL_Driver/Src/stm32g4xx_hal_tim_ex.c ****   /* Change the htim state */
2835:Drivers/STM32G4xx_HAL_Driver/Src/stm32g4xx_hal_tim_ex.c ****   htim->State = HAL_TIM_STATE_READY;
2836:Drivers/STM32G4xx_HAL_Driver/Src/stm32g4xx_hal_tim_ex.c **** 
2837:Drivers/STM32G4xx_HAL_Driver/Src/stm32g4xx_hal_tim_ex.c ****   __HAL_UNLOCK(htim);
2838:Drivers/STM32G4xx_HAL_Driver/Src/stm32g4xx_hal_tim_ex.c **** 
2839:Drivers/STM32G4xx_HAL_Driver/Src/stm32g4xx_hal_tim_ex.c ****   return HAL_OK;
2840:Drivers/STM32G4xx_HAL_Driver/Src/stm32g4xx_hal_tim_ex.c **** }
2841:Drivers/STM32G4xx_HAL_Driver/Src/stm32g4xx_hal_tim_ex.c **** 
2842:Drivers/STM32G4xx_HAL_Driver/Src/stm32g4xx_hal_tim_ex.c **** /**
2843:Drivers/STM32G4xx_HAL_Driver/Src/stm32g4xx_hal_tim_ex.c ****   * @brief  Disarm the designated break input (when it operates in bidirectional mode).
2844:Drivers/STM32G4xx_HAL_Driver/Src/stm32g4xx_hal_tim_ex.c ****   * @param  htim TIM handle.
2845:Drivers/STM32G4xx_HAL_Driver/Src/stm32g4xx_hal_tim_ex.c ****   * @param  BreakInput Break input to disarm
2846:Drivers/STM32G4xx_HAL_Driver/Src/stm32g4xx_hal_tim_ex.c ****   *          This parameter can be one of the following values:
2847:Drivers/STM32G4xx_HAL_Driver/Src/stm32g4xx_hal_tim_ex.c ****   *            @arg TIM_BREAKINPUT_BRK: Timer break input
2848:Drivers/STM32G4xx_HAL_Driver/Src/stm32g4xx_hal_tim_ex.c ****   *            @arg TIM_BREAKINPUT_BRK2: Timer break 2 input
2849:Drivers/STM32G4xx_HAL_Driver/Src/stm32g4xx_hal_tim_ex.c ****   * @note  The break input can be disarmed only when it is configured in
2850:Drivers/STM32G4xx_HAL_Driver/Src/stm32g4xx_hal_tim_ex.c ****   *        bidirectional mode and when when MOE is reset.
2851:Drivers/STM32G4xx_HAL_Driver/Src/stm32g4xx_hal_tim_ex.c ****   * @note  Purpose is to be able to have the input voltage back to high-state,
2852:Drivers/STM32G4xx_HAL_Driver/Src/stm32g4xx_hal_tim_ex.c ****   *        whatever the time constant on the output .
2853:Drivers/STM32G4xx_HAL_Driver/Src/stm32g4xx_hal_tim_ex.c ****   * @retval HAL status
2854:Drivers/STM32G4xx_HAL_Driver/Src/stm32g4xx_hal_tim_ex.c ****   */
2855:Drivers/STM32G4xx_HAL_Driver/Src/stm32g4xx_hal_tim_ex.c **** HAL_StatusTypeDef HAL_TIMEx_DisarmBreakInput(TIM_HandleTypeDef *htim, uint32_t BreakInput)
2856:Drivers/STM32G4xx_HAL_Driver/Src/stm32g4xx_hal_tim_ex.c **** {
2857:Drivers/STM32G4xx_HAL_Driver/Src/stm32g4xx_hal_tim_ex.c ****   HAL_StatusTypeDef status = HAL_OK;
2858:Drivers/STM32G4xx_HAL_Driver/Src/stm32g4xx_hal_tim_ex.c ****   uint32_t tmpbdtr;
2859:Drivers/STM32G4xx_HAL_Driver/Src/stm32g4xx_hal_tim_ex.c **** 
2860:Drivers/STM32G4xx_HAL_Driver/Src/stm32g4xx_hal_tim_ex.c ****   /* Check the parameters */
2861:Drivers/STM32G4xx_HAL_Driver/Src/stm32g4xx_hal_tim_ex.c ****   assert_param(IS_TIM_BREAK_INSTANCE(htim->Instance));
2862:Drivers/STM32G4xx_HAL_Driver/Src/stm32g4xx_hal_tim_ex.c ****   assert_param(IS_TIM_BREAKINPUT(BreakInput));
2863:Drivers/STM32G4xx_HAL_Driver/Src/stm32g4xx_hal_tim_ex.c **** 
2864:Drivers/STM32G4xx_HAL_Driver/Src/stm32g4xx_hal_tim_ex.c ****   switch (BreakInput)
2865:Drivers/STM32G4xx_HAL_Driver/Src/stm32g4xx_hal_tim_ex.c ****   {
2866:Drivers/STM32G4xx_HAL_Driver/Src/stm32g4xx_hal_tim_ex.c ****     case TIM_BREAKINPUT_BRK:
2867:Drivers/STM32G4xx_HAL_Driver/Src/stm32g4xx_hal_tim_ex.c ****     {
2868:Drivers/STM32G4xx_HAL_Driver/Src/stm32g4xx_hal_tim_ex.c ****       /* Check initial conditions */
2869:Drivers/STM32G4xx_HAL_Driver/Src/stm32g4xx_hal_tim_ex.c ****       tmpbdtr = READ_REG(htim->Instance->BDTR);
2870:Drivers/STM32G4xx_HAL_Driver/Src/stm32g4xx_hal_tim_ex.c ****       if ((READ_BIT(tmpbdtr, TIM_BDTR_BKBID) == TIM_BDTR_BKBID) &&
2871:Drivers/STM32G4xx_HAL_Driver/Src/stm32g4xx_hal_tim_ex.c ****           (READ_BIT(tmpbdtr, TIM_BDTR_MOE) == 0U))
2872:Drivers/STM32G4xx_HAL_Driver/Src/stm32g4xx_hal_tim_ex.c ****       {
2873:Drivers/STM32G4xx_HAL_Driver/Src/stm32g4xx_hal_tim_ex.c ****         /* Break input BRK is disarmed */
2874:Drivers/STM32G4xx_HAL_Driver/Src/stm32g4xx_hal_tim_ex.c ****         SET_BIT(htim->Instance->BDTR, TIM_BDTR_BKDSRM);
2875:Drivers/STM32G4xx_HAL_Driver/Src/stm32g4xx_hal_tim_ex.c ****       }
2876:Drivers/STM32G4xx_HAL_Driver/Src/stm32g4xx_hal_tim_ex.c ****       break;
2877:Drivers/STM32G4xx_HAL_Driver/Src/stm32g4xx_hal_tim_ex.c ****     }
2878:Drivers/STM32G4xx_HAL_Driver/Src/stm32g4xx_hal_tim_ex.c ****     case TIM_BREAKINPUT_BRK2:
2879:Drivers/STM32G4xx_HAL_Driver/Src/stm32g4xx_hal_tim_ex.c ****     {
2880:Drivers/STM32G4xx_HAL_Driver/Src/stm32g4xx_hal_tim_ex.c ****       /* Check initial conditions */
ARM GAS  /tmp/ccX78w3T.s 			page 52


2881:Drivers/STM32G4xx_HAL_Driver/Src/stm32g4xx_hal_tim_ex.c ****       tmpbdtr = READ_REG(htim->Instance->BDTR);
2882:Drivers/STM32G4xx_HAL_Driver/Src/stm32g4xx_hal_tim_ex.c ****       if ((READ_BIT(tmpbdtr, TIM_BDTR_BK2BID) == TIM_BDTR_BK2BID) &&
2883:Drivers/STM32G4xx_HAL_Driver/Src/stm32g4xx_hal_tim_ex.c ****           (READ_BIT(tmpbdtr, TIM_BDTR_MOE) == 0U))
2884:Drivers/STM32G4xx_HAL_Driver/Src/stm32g4xx_hal_tim_ex.c ****       {
2885:Drivers/STM32G4xx_HAL_Driver/Src/stm32g4xx_hal_tim_ex.c ****         /* Break input BRK is disarmed */
2886:Drivers/STM32G4xx_HAL_Driver/Src/stm32g4xx_hal_tim_ex.c ****         SET_BIT(htim->Instance->BDTR, TIM_BDTR_BK2DSRM);
2887:Drivers/STM32G4xx_HAL_Driver/Src/stm32g4xx_hal_tim_ex.c ****       }
2888:Drivers/STM32G4xx_HAL_Driver/Src/stm32g4xx_hal_tim_ex.c ****       break;
2889:Drivers/STM32G4xx_HAL_Driver/Src/stm32g4xx_hal_tim_ex.c ****     }
2890:Drivers/STM32G4xx_HAL_Driver/Src/stm32g4xx_hal_tim_ex.c ****     default:
2891:Drivers/STM32G4xx_HAL_Driver/Src/stm32g4xx_hal_tim_ex.c ****       status = HAL_ERROR;
2892:Drivers/STM32G4xx_HAL_Driver/Src/stm32g4xx_hal_tim_ex.c ****       break;
2893:Drivers/STM32G4xx_HAL_Driver/Src/stm32g4xx_hal_tim_ex.c ****   }
2894:Drivers/STM32G4xx_HAL_Driver/Src/stm32g4xx_hal_tim_ex.c **** 
2895:Drivers/STM32G4xx_HAL_Driver/Src/stm32g4xx_hal_tim_ex.c ****   return status;
2896:Drivers/STM32G4xx_HAL_Driver/Src/stm32g4xx_hal_tim_ex.c **** }
2897:Drivers/STM32G4xx_HAL_Driver/Src/stm32g4xx_hal_tim_ex.c **** 
2898:Drivers/STM32G4xx_HAL_Driver/Src/stm32g4xx_hal_tim_ex.c **** /**
2899:Drivers/STM32G4xx_HAL_Driver/Src/stm32g4xx_hal_tim_ex.c ****   * @brief  Arm the designated break input (when it operates in bidirectional mode).
2900:Drivers/STM32G4xx_HAL_Driver/Src/stm32g4xx_hal_tim_ex.c ****   * @param  htim TIM handle.
2901:Drivers/STM32G4xx_HAL_Driver/Src/stm32g4xx_hal_tim_ex.c ****   * @param  BreakInput Break input to arm
2902:Drivers/STM32G4xx_HAL_Driver/Src/stm32g4xx_hal_tim_ex.c ****   *          This parameter can be one of the following values:
2903:Drivers/STM32G4xx_HAL_Driver/Src/stm32g4xx_hal_tim_ex.c ****   *            @arg TIM_BREAKINPUT_BRK: Timer break input
2904:Drivers/STM32G4xx_HAL_Driver/Src/stm32g4xx_hal_tim_ex.c ****   *            @arg TIM_BREAKINPUT_BRK2: Timer break 2 input
2905:Drivers/STM32G4xx_HAL_Driver/Src/stm32g4xx_hal_tim_ex.c ****   * @note  Arming is possible at anytime, even if fault is present.
2906:Drivers/STM32G4xx_HAL_Driver/Src/stm32g4xx_hal_tim_ex.c ****   * @note  Break input is automatically armed as soon as MOE bit is set.
2907:Drivers/STM32G4xx_HAL_Driver/Src/stm32g4xx_hal_tim_ex.c ****   * @retval HAL status
2908:Drivers/STM32G4xx_HAL_Driver/Src/stm32g4xx_hal_tim_ex.c ****   */
2909:Drivers/STM32G4xx_HAL_Driver/Src/stm32g4xx_hal_tim_ex.c **** HAL_StatusTypeDef HAL_TIMEx_ReArmBreakInput(const TIM_HandleTypeDef *htim, uint32_t BreakInput)
2910:Drivers/STM32G4xx_HAL_Driver/Src/stm32g4xx_hal_tim_ex.c **** {
2911:Drivers/STM32G4xx_HAL_Driver/Src/stm32g4xx_hal_tim_ex.c ****   HAL_StatusTypeDef status = HAL_OK;
2912:Drivers/STM32G4xx_HAL_Driver/Src/stm32g4xx_hal_tim_ex.c ****   uint32_t tickstart;
2913:Drivers/STM32G4xx_HAL_Driver/Src/stm32g4xx_hal_tim_ex.c **** 
2914:Drivers/STM32G4xx_HAL_Driver/Src/stm32g4xx_hal_tim_ex.c ****   /* Check the parameters */
2915:Drivers/STM32G4xx_HAL_Driver/Src/stm32g4xx_hal_tim_ex.c ****   assert_param(IS_TIM_BREAK_INSTANCE(htim->Instance));
2916:Drivers/STM32G4xx_HAL_Driver/Src/stm32g4xx_hal_tim_ex.c ****   assert_param(IS_TIM_BREAKINPUT(BreakInput));
2917:Drivers/STM32G4xx_HAL_Driver/Src/stm32g4xx_hal_tim_ex.c **** 
2918:Drivers/STM32G4xx_HAL_Driver/Src/stm32g4xx_hal_tim_ex.c ****   switch (BreakInput)
2919:Drivers/STM32G4xx_HAL_Driver/Src/stm32g4xx_hal_tim_ex.c ****   {
2920:Drivers/STM32G4xx_HAL_Driver/Src/stm32g4xx_hal_tim_ex.c ****     case TIM_BREAKINPUT_BRK:
2921:Drivers/STM32G4xx_HAL_Driver/Src/stm32g4xx_hal_tim_ex.c ****     {
2922:Drivers/STM32G4xx_HAL_Driver/Src/stm32g4xx_hal_tim_ex.c ****       /* Check initial conditions */
2923:Drivers/STM32G4xx_HAL_Driver/Src/stm32g4xx_hal_tim_ex.c ****       if (READ_BIT(htim->Instance->BDTR, TIM_BDTR_BKBID) == TIM_BDTR_BKBID)
2924:Drivers/STM32G4xx_HAL_Driver/Src/stm32g4xx_hal_tim_ex.c ****       {
2925:Drivers/STM32G4xx_HAL_Driver/Src/stm32g4xx_hal_tim_ex.c ****         /* Break input BRK is re-armed automatically by hardware. Poll to check whether fault condi
2926:Drivers/STM32G4xx_HAL_Driver/Src/stm32g4xx_hal_tim_ex.c ****         /* Init tickstart for timeout management */
2927:Drivers/STM32G4xx_HAL_Driver/Src/stm32g4xx_hal_tim_ex.c ****         tickstart = HAL_GetTick();
2928:Drivers/STM32G4xx_HAL_Driver/Src/stm32g4xx_hal_tim_ex.c ****         while (READ_BIT(htim->Instance->BDTR, TIM_BDTR_BKDSRM) != 0UL)
2929:Drivers/STM32G4xx_HAL_Driver/Src/stm32g4xx_hal_tim_ex.c ****         {
2930:Drivers/STM32G4xx_HAL_Driver/Src/stm32g4xx_hal_tim_ex.c ****           if ((HAL_GetTick() - tickstart) > TIM_BREAKINPUT_REARM_TIMEOUT)
2931:Drivers/STM32G4xx_HAL_Driver/Src/stm32g4xx_hal_tim_ex.c ****           {
2932:Drivers/STM32G4xx_HAL_Driver/Src/stm32g4xx_hal_tim_ex.c ****             /* New check to avoid false timeout detection in case of preemption */
2933:Drivers/STM32G4xx_HAL_Driver/Src/stm32g4xx_hal_tim_ex.c ****             if (READ_BIT(htim->Instance->BDTR, TIM_BDTR_BKDSRM) != 0UL)
2934:Drivers/STM32G4xx_HAL_Driver/Src/stm32g4xx_hal_tim_ex.c ****             {
2935:Drivers/STM32G4xx_HAL_Driver/Src/stm32g4xx_hal_tim_ex.c ****               return HAL_TIMEOUT;
2936:Drivers/STM32G4xx_HAL_Driver/Src/stm32g4xx_hal_tim_ex.c ****             }
2937:Drivers/STM32G4xx_HAL_Driver/Src/stm32g4xx_hal_tim_ex.c ****           }
ARM GAS  /tmp/ccX78w3T.s 			page 53


2938:Drivers/STM32G4xx_HAL_Driver/Src/stm32g4xx_hal_tim_ex.c ****         }
2939:Drivers/STM32G4xx_HAL_Driver/Src/stm32g4xx_hal_tim_ex.c ****       }
2940:Drivers/STM32G4xx_HAL_Driver/Src/stm32g4xx_hal_tim_ex.c ****       break;
2941:Drivers/STM32G4xx_HAL_Driver/Src/stm32g4xx_hal_tim_ex.c ****     }
2942:Drivers/STM32G4xx_HAL_Driver/Src/stm32g4xx_hal_tim_ex.c **** 
2943:Drivers/STM32G4xx_HAL_Driver/Src/stm32g4xx_hal_tim_ex.c ****     case TIM_BREAKINPUT_BRK2:
2944:Drivers/STM32G4xx_HAL_Driver/Src/stm32g4xx_hal_tim_ex.c ****     {
2945:Drivers/STM32G4xx_HAL_Driver/Src/stm32g4xx_hal_tim_ex.c ****       /* Check initial conditions */
2946:Drivers/STM32G4xx_HAL_Driver/Src/stm32g4xx_hal_tim_ex.c ****       if (READ_BIT(htim->Instance->BDTR, TIM_BDTR_BK2BID) == TIM_BDTR_BK2BID)
2947:Drivers/STM32G4xx_HAL_Driver/Src/stm32g4xx_hal_tim_ex.c ****       {
2948:Drivers/STM32G4xx_HAL_Driver/Src/stm32g4xx_hal_tim_ex.c ****         /* Break input BRK2 is re-armed automatically by hardware. Poll to check whether fault cond
2949:Drivers/STM32G4xx_HAL_Driver/Src/stm32g4xx_hal_tim_ex.c ****         /* Init tickstart for timeout management */
2950:Drivers/STM32G4xx_HAL_Driver/Src/stm32g4xx_hal_tim_ex.c ****         tickstart = HAL_GetTick();
2951:Drivers/STM32G4xx_HAL_Driver/Src/stm32g4xx_hal_tim_ex.c ****         while (READ_BIT(htim->Instance->BDTR, TIM_BDTR_BK2DSRM) != 0UL)
2952:Drivers/STM32G4xx_HAL_Driver/Src/stm32g4xx_hal_tim_ex.c ****         {
2953:Drivers/STM32G4xx_HAL_Driver/Src/stm32g4xx_hal_tim_ex.c ****           if ((HAL_GetTick() - tickstart) > TIM_BREAKINPUT_REARM_TIMEOUT)
2954:Drivers/STM32G4xx_HAL_Driver/Src/stm32g4xx_hal_tim_ex.c ****           {
2955:Drivers/STM32G4xx_HAL_Driver/Src/stm32g4xx_hal_tim_ex.c ****             /* New check to avoid false timeout detection in case of preemption */
2956:Drivers/STM32G4xx_HAL_Driver/Src/stm32g4xx_hal_tim_ex.c ****             if (READ_BIT(htim->Instance->BDTR, TIM_BDTR_BK2DSRM) != 0UL)
2957:Drivers/STM32G4xx_HAL_Driver/Src/stm32g4xx_hal_tim_ex.c ****             {
2958:Drivers/STM32G4xx_HAL_Driver/Src/stm32g4xx_hal_tim_ex.c ****               return HAL_TIMEOUT;
2959:Drivers/STM32G4xx_HAL_Driver/Src/stm32g4xx_hal_tim_ex.c ****             }
2960:Drivers/STM32G4xx_HAL_Driver/Src/stm32g4xx_hal_tim_ex.c ****           }
2961:Drivers/STM32G4xx_HAL_Driver/Src/stm32g4xx_hal_tim_ex.c ****         }
2962:Drivers/STM32G4xx_HAL_Driver/Src/stm32g4xx_hal_tim_ex.c ****       }
2963:Drivers/STM32G4xx_HAL_Driver/Src/stm32g4xx_hal_tim_ex.c ****       break;
2964:Drivers/STM32G4xx_HAL_Driver/Src/stm32g4xx_hal_tim_ex.c ****     }
2965:Drivers/STM32G4xx_HAL_Driver/Src/stm32g4xx_hal_tim_ex.c ****     default:
2966:Drivers/STM32G4xx_HAL_Driver/Src/stm32g4xx_hal_tim_ex.c ****       status = HAL_ERROR;
2967:Drivers/STM32G4xx_HAL_Driver/Src/stm32g4xx_hal_tim_ex.c ****       break;
2968:Drivers/STM32G4xx_HAL_Driver/Src/stm32g4xx_hal_tim_ex.c ****   }
2969:Drivers/STM32G4xx_HAL_Driver/Src/stm32g4xx_hal_tim_ex.c **** 
2970:Drivers/STM32G4xx_HAL_Driver/Src/stm32g4xx_hal_tim_ex.c ****   return status;
2971:Drivers/STM32G4xx_HAL_Driver/Src/stm32g4xx_hal_tim_ex.c **** }
2972:Drivers/STM32G4xx_HAL_Driver/Src/stm32g4xx_hal_tim_ex.c **** 
2973:Drivers/STM32G4xx_HAL_Driver/Src/stm32g4xx_hal_tim_ex.c **** /**
2974:Drivers/STM32G4xx_HAL_Driver/Src/stm32g4xx_hal_tim_ex.c ****   * @brief  Enable dithering
2975:Drivers/STM32G4xx_HAL_Driver/Src/stm32g4xx_hal_tim_ex.c ****   * @param  htim TIM handle
2976:Drivers/STM32G4xx_HAL_Driver/Src/stm32g4xx_hal_tim_ex.c ****   * @note   Main usage is PWM mode
2977:Drivers/STM32G4xx_HAL_Driver/Src/stm32g4xx_hal_tim_ex.c ****   * @note   This function must be called when timer is stopped or disabled (CEN =0)
2978:Drivers/STM32G4xx_HAL_Driver/Src/stm32g4xx_hal_tim_ex.c ****   * @note   If dithering is activated, pay attention to ARR, CCRx, CNT interpretation:
2979:Drivers/STM32G4xx_HAL_Driver/Src/stm32g4xx_hal_tim_ex.c ****   *           - CNT: only CNT[11:0] holds the non-dithered part for 16b timers (or CNT[26:0] for 32
2980:Drivers/STM32G4xx_HAL_Driver/Src/stm32g4xx_hal_tim_ex.c ****   *           - ARR: ARR[15:4] holds the non-dithered part, and ARR[3:0] the dither part for 16b ti
2981:Drivers/STM32G4xx_HAL_Driver/Src/stm32g4xx_hal_tim_ex.c ****   *           - CCRx: CCRx[15:4] holds the non-dithered part, and CCRx[3:0] the dither part for 16b
2982:Drivers/STM32G4xx_HAL_Driver/Src/stm32g4xx_hal_tim_ex.c ****   *           - ARR and CCRx values are limited to 0xFFEF in dithering mode for 16b timers
2983:Drivers/STM32G4xx_HAL_Driver/Src/stm32g4xx_hal_tim_ex.c ****   *             (corresponds to 4094 for the integer part and 15 for the dithered part).
2984:Drivers/STM32G4xx_HAL_Driver/Src/stm32g4xx_hal_tim_ex.c ****   * @note   Macros @ref __HAL_TIM_CALC_PERIOD_DITHER() __HAL_TIM_CALC_DELAY_DITHER()  __HAL_TIM_CAL
2985:Drivers/STM32G4xx_HAL_Driver/Src/stm32g4xx_hal_tim_ex.c ****   *         can be used to calculate period (ARR) and delay (CCRx) value.
2986:Drivers/STM32G4xx_HAL_Driver/Src/stm32g4xx_hal_tim_ex.c ****   * @note   Enabling dithering, modifies automatically values of registers ARR/CCRx to keep the sam
2987:Drivers/STM32G4xx_HAL_Driver/Src/stm32g4xx_hal_tim_ex.c ****   * @note   Enabling dithering, modifies automatically values of registers ARR/CCRx to keep the sam
2988:Drivers/STM32G4xx_HAL_Driver/Src/stm32g4xx_hal_tim_ex.c ****   *         So it may be necessary to read ARR value or CCRx value with macros @ref __HAL_TIM_GET_A
2989:Drivers/STM32G4xx_HAL_Driver/Src/stm32g4xx_hal_tim_ex.c ****   *         __HAL_TIM_GET_COMPARE() and if necessary update Init structure field htim->Init.Period 
2990:Drivers/STM32G4xx_HAL_Driver/Src/stm32g4xx_hal_tim_ex.c ****   * @retval HAL status
2991:Drivers/STM32G4xx_HAL_Driver/Src/stm32g4xx_hal_tim_ex.c ****   */
2992:Drivers/STM32G4xx_HAL_Driver/Src/stm32g4xx_hal_tim_ex.c **** HAL_StatusTypeDef HAL_TIMEx_DitheringEnable(TIM_HandleTypeDef *htim)
2993:Drivers/STM32G4xx_HAL_Driver/Src/stm32g4xx_hal_tim_ex.c **** {
2994:Drivers/STM32G4xx_HAL_Driver/Src/stm32g4xx_hal_tim_ex.c ****   /* Check the parameters */
ARM GAS  /tmp/ccX78w3T.s 			page 54


2995:Drivers/STM32G4xx_HAL_Driver/Src/stm32g4xx_hal_tim_ex.c ****   assert_param(IS_TIM_INSTANCE(htim->Instance));
2996:Drivers/STM32G4xx_HAL_Driver/Src/stm32g4xx_hal_tim_ex.c **** 
2997:Drivers/STM32G4xx_HAL_Driver/Src/stm32g4xx_hal_tim_ex.c ****   SET_BIT(htim->Instance->CR1, TIM_CR1_DITHEN);
2998:Drivers/STM32G4xx_HAL_Driver/Src/stm32g4xx_hal_tim_ex.c ****   return HAL_OK;
2999:Drivers/STM32G4xx_HAL_Driver/Src/stm32g4xx_hal_tim_ex.c **** }
3000:Drivers/STM32G4xx_HAL_Driver/Src/stm32g4xx_hal_tim_ex.c **** 
3001:Drivers/STM32G4xx_HAL_Driver/Src/stm32g4xx_hal_tim_ex.c **** /**
3002:Drivers/STM32G4xx_HAL_Driver/Src/stm32g4xx_hal_tim_ex.c ****   * @brief  Disable dithering
3003:Drivers/STM32G4xx_HAL_Driver/Src/stm32g4xx_hal_tim_ex.c ****   * @param  htim TIM handle
3004:Drivers/STM32G4xx_HAL_Driver/Src/stm32g4xx_hal_tim_ex.c ****   * @note   This function must be called when timer is stopped or disabled (CEN =0)
3005:Drivers/STM32G4xx_HAL_Driver/Src/stm32g4xx_hal_tim_ex.c ****   * @note   If dithering is activated, pay attention to ARR, CCRx, CNT interpretation:
3006:Drivers/STM32G4xx_HAL_Driver/Src/stm32g4xx_hal_tim_ex.c ****   *           - CNT: only CNT[11:0] holds the non-dithered part for 16b timers (or CNT[26:0] for 32
3007:Drivers/STM32G4xx_HAL_Driver/Src/stm32g4xx_hal_tim_ex.c ****   *           - ARR: ARR[15:4] holds the non-dithered part, and ARR[3:0] the dither part for 16b ti
3008:Drivers/STM32G4xx_HAL_Driver/Src/stm32g4xx_hal_tim_ex.c ****   *           - CCRx: CCRx[15:4] holds the non-dithered part, and CCRx[3:0] the dither part for 16b
3009:Drivers/STM32G4xx_HAL_Driver/Src/stm32g4xx_hal_tim_ex.c ****   *           - ARR and CCRx values are limited to 0xFFEF in dithering mode
3010:Drivers/STM32G4xx_HAL_Driver/Src/stm32g4xx_hal_tim_ex.c ****   *             (corresponds to 4094 for the integer part and 15 for the dithered part).
3011:Drivers/STM32G4xx_HAL_Driver/Src/stm32g4xx_hal_tim_ex.c ****   * @note   Disabling dithering, modifies automatically values of registers ARR/CCRx to keep the sa
3012:Drivers/STM32G4xx_HAL_Driver/Src/stm32g4xx_hal_tim_ex.c ****   *         So it may be necessary to read ARR value or CCRx value with macros @ref __HAL_TIM_GET_A
3013:Drivers/STM32G4xx_HAL_Driver/Src/stm32g4xx_hal_tim_ex.c ****   *         __HAL_TIM_GET_COMPARE() and if necessary update Init structure field htim->Init.Period 
3014:Drivers/STM32G4xx_HAL_Driver/Src/stm32g4xx_hal_tim_ex.c ****   * @retval HAL status
3015:Drivers/STM32G4xx_HAL_Driver/Src/stm32g4xx_hal_tim_ex.c ****   */
3016:Drivers/STM32G4xx_HAL_Driver/Src/stm32g4xx_hal_tim_ex.c **** HAL_StatusTypeDef HAL_TIMEx_DitheringDisable(TIM_HandleTypeDef *htim)
3017:Drivers/STM32G4xx_HAL_Driver/Src/stm32g4xx_hal_tim_ex.c **** {
3018:Drivers/STM32G4xx_HAL_Driver/Src/stm32g4xx_hal_tim_ex.c ****   /* Check the parameters */
3019:Drivers/STM32G4xx_HAL_Driver/Src/stm32g4xx_hal_tim_ex.c ****   assert_param(IS_TIM_INSTANCE(htim->Instance));
3020:Drivers/STM32G4xx_HAL_Driver/Src/stm32g4xx_hal_tim_ex.c **** 
3021:Drivers/STM32G4xx_HAL_Driver/Src/stm32g4xx_hal_tim_ex.c ****   CLEAR_BIT(htim->Instance->CR1, TIM_CR1_DITHEN);
3022:Drivers/STM32G4xx_HAL_Driver/Src/stm32g4xx_hal_tim_ex.c ****   return HAL_OK;
3023:Drivers/STM32G4xx_HAL_Driver/Src/stm32g4xx_hal_tim_ex.c **** }
3024:Drivers/STM32G4xx_HAL_Driver/Src/stm32g4xx_hal_tim_ex.c **** 
3025:Drivers/STM32G4xx_HAL_Driver/Src/stm32g4xx_hal_tim_ex.c **** /**
3026:Drivers/STM32G4xx_HAL_Driver/Src/stm32g4xx_hal_tim_ex.c ****   * @brief  Initializes the pulse on compare pulse width and pulse prescaler
3027:Drivers/STM32G4xx_HAL_Driver/Src/stm32g4xx_hal_tim_ex.c ****   * @param  htim TIM Output Compare handle
3028:Drivers/STM32G4xx_HAL_Driver/Src/stm32g4xx_hal_tim_ex.c ****   * @param  PulseWidthPrescaler  Pulse width prescaler
3029:Drivers/STM32G4xx_HAL_Driver/Src/stm32g4xx_hal_tim_ex.c ****   *         This parameter can be a number between Min_Data = 0x0 and Max_Data = 0x7
3030:Drivers/STM32G4xx_HAL_Driver/Src/stm32g4xx_hal_tim_ex.c ****   * @param  PulseWidth  Pulse width
3031:Drivers/STM32G4xx_HAL_Driver/Src/stm32g4xx_hal_tim_ex.c ****   *         This parameter can be a number between Min_Data = 0x00 and Max_Data = 0xFF
3032:Drivers/STM32G4xx_HAL_Driver/Src/stm32g4xx_hal_tim_ex.c ****   * @retval HAL status
3033:Drivers/STM32G4xx_HAL_Driver/Src/stm32g4xx_hal_tim_ex.c ****   */
3034:Drivers/STM32G4xx_HAL_Driver/Src/stm32g4xx_hal_tim_ex.c **** HAL_StatusTypeDef HAL_TIMEx_OC_ConfigPulseOnCompare(TIM_HandleTypeDef *htim,
3035:Drivers/STM32G4xx_HAL_Driver/Src/stm32g4xx_hal_tim_ex.c ****                                                     uint32_t PulseWidthPrescaler,
3036:Drivers/STM32G4xx_HAL_Driver/Src/stm32g4xx_hal_tim_ex.c ****                                                     uint32_t PulseWidth)
3037:Drivers/STM32G4xx_HAL_Driver/Src/stm32g4xx_hal_tim_ex.c **** {
3038:Drivers/STM32G4xx_HAL_Driver/Src/stm32g4xx_hal_tim_ex.c ****   uint32_t tmpecr;
3039:Drivers/STM32G4xx_HAL_Driver/Src/stm32g4xx_hal_tim_ex.c **** 
3040:Drivers/STM32G4xx_HAL_Driver/Src/stm32g4xx_hal_tim_ex.c ****   /* Check the parameters */
3041:Drivers/STM32G4xx_HAL_Driver/Src/stm32g4xx_hal_tim_ex.c ****   assert_param(IS_TIM_PULSEONCOMPARE_INSTANCE(htim->Instance));
3042:Drivers/STM32G4xx_HAL_Driver/Src/stm32g4xx_hal_tim_ex.c ****   assert_param(IS_TIM_PULSEONCOMPARE_WIDTH(PulseWidth));
3043:Drivers/STM32G4xx_HAL_Driver/Src/stm32g4xx_hal_tim_ex.c ****   assert_param(IS_TIM_PULSEONCOMPARE_WIDTHPRESCALER(PulseWidthPrescaler));
3044:Drivers/STM32G4xx_HAL_Driver/Src/stm32g4xx_hal_tim_ex.c **** 
3045:Drivers/STM32G4xx_HAL_Driver/Src/stm32g4xx_hal_tim_ex.c ****   /* Process Locked */
3046:Drivers/STM32G4xx_HAL_Driver/Src/stm32g4xx_hal_tim_ex.c ****   __HAL_LOCK(htim);
3047:Drivers/STM32G4xx_HAL_Driver/Src/stm32g4xx_hal_tim_ex.c **** 
3048:Drivers/STM32G4xx_HAL_Driver/Src/stm32g4xx_hal_tim_ex.c ****   /* Set the TIM state */
3049:Drivers/STM32G4xx_HAL_Driver/Src/stm32g4xx_hal_tim_ex.c ****   htim->State = HAL_TIM_STATE_BUSY;
3050:Drivers/STM32G4xx_HAL_Driver/Src/stm32g4xx_hal_tim_ex.c **** 
3051:Drivers/STM32G4xx_HAL_Driver/Src/stm32g4xx_hal_tim_ex.c ****   /* Get the TIMx ECR register value */
ARM GAS  /tmp/ccX78w3T.s 			page 55


3052:Drivers/STM32G4xx_HAL_Driver/Src/stm32g4xx_hal_tim_ex.c ****   tmpecr = htim->Instance->ECR;
3053:Drivers/STM32G4xx_HAL_Driver/Src/stm32g4xx_hal_tim_ex.c ****   /* Reset the Pulse width prescaler and the Pulse width */
3054:Drivers/STM32G4xx_HAL_Driver/Src/stm32g4xx_hal_tim_ex.c ****   tmpecr &= ~(TIM_ECR_PWPRSC | TIM_ECR_PW);
3055:Drivers/STM32G4xx_HAL_Driver/Src/stm32g4xx_hal_tim_ex.c ****   /* Set the Pulse width prescaler and Pulse width*/
3056:Drivers/STM32G4xx_HAL_Driver/Src/stm32g4xx_hal_tim_ex.c ****   tmpecr |= PulseWidthPrescaler << TIM_ECR_PWPRSC_Pos;
3057:Drivers/STM32G4xx_HAL_Driver/Src/stm32g4xx_hal_tim_ex.c ****   tmpecr |= PulseWidth << TIM_ECR_PW_Pos;
3058:Drivers/STM32G4xx_HAL_Driver/Src/stm32g4xx_hal_tim_ex.c ****   /* Write to TIMx ECR */
3059:Drivers/STM32G4xx_HAL_Driver/Src/stm32g4xx_hal_tim_ex.c ****   htim->Instance->ECR = tmpecr;
3060:Drivers/STM32G4xx_HAL_Driver/Src/stm32g4xx_hal_tim_ex.c **** 
3061:Drivers/STM32G4xx_HAL_Driver/Src/stm32g4xx_hal_tim_ex.c ****   /* Change the TIM state */
3062:Drivers/STM32G4xx_HAL_Driver/Src/stm32g4xx_hal_tim_ex.c ****   htim->State = HAL_TIM_STATE_READY;
3063:Drivers/STM32G4xx_HAL_Driver/Src/stm32g4xx_hal_tim_ex.c **** 
3064:Drivers/STM32G4xx_HAL_Driver/Src/stm32g4xx_hal_tim_ex.c ****   /* Release Lock */
3065:Drivers/STM32G4xx_HAL_Driver/Src/stm32g4xx_hal_tim_ex.c ****   __HAL_UNLOCK(htim);
3066:Drivers/STM32G4xx_HAL_Driver/Src/stm32g4xx_hal_tim_ex.c **** 
3067:Drivers/STM32G4xx_HAL_Driver/Src/stm32g4xx_hal_tim_ex.c ****   return HAL_OK;
3068:Drivers/STM32G4xx_HAL_Driver/Src/stm32g4xx_hal_tim_ex.c **** }
3069:Drivers/STM32G4xx_HAL_Driver/Src/stm32g4xx_hal_tim_ex.c **** 
3070:Drivers/STM32G4xx_HAL_Driver/Src/stm32g4xx_hal_tim_ex.c **** /**
3071:Drivers/STM32G4xx_HAL_Driver/Src/stm32g4xx_hal_tim_ex.c ****   * @brief  Configure preload source of Slave Mode Selection bitfield (SMS in SMCR register)
3072:Drivers/STM32G4xx_HAL_Driver/Src/stm32g4xx_hal_tim_ex.c ****   * @param  htim TIM handle
3073:Drivers/STM32G4xx_HAL_Driver/Src/stm32g4xx_hal_tim_ex.c ****   * @param  Source Source of slave mode selection preload
3074:Drivers/STM32G4xx_HAL_Driver/Src/stm32g4xx_hal_tim_ex.c ****   *         This parameter can be one of the following values:
3075:Drivers/STM32G4xx_HAL_Driver/Src/stm32g4xx_hal_tim_ex.c ****   *            @arg TIM_SMS_PRELOAD_SOURCE_UPDATE: Timer update event is used as source of Slave Mo
3076:Drivers/STM32G4xx_HAL_Driver/Src/stm32g4xx_hal_tim_ex.c ****   *            @arg TIM_SMS_PRELOAD_SOURCE_INDEX: Timer index event is used as source of Slave Mode
3077:Drivers/STM32G4xx_HAL_Driver/Src/stm32g4xx_hal_tim_ex.c ****   * @retval HAL status
3078:Drivers/STM32G4xx_HAL_Driver/Src/stm32g4xx_hal_tim_ex.c ****   */
3079:Drivers/STM32G4xx_HAL_Driver/Src/stm32g4xx_hal_tim_ex.c **** HAL_StatusTypeDef HAL_TIMEx_ConfigSlaveModePreload(TIM_HandleTypeDef *htim, uint32_t Source)
3080:Drivers/STM32G4xx_HAL_Driver/Src/stm32g4xx_hal_tim_ex.c **** {
3081:Drivers/STM32G4xx_HAL_Driver/Src/stm32g4xx_hal_tim_ex.c ****   /* Check the parameters */
3082:Drivers/STM32G4xx_HAL_Driver/Src/stm32g4xx_hal_tim_ex.c ****   assert_param(IS_TIM_SLAVE_INSTANCE(htim->Instance));
3083:Drivers/STM32G4xx_HAL_Driver/Src/stm32g4xx_hal_tim_ex.c ****   assert_param(IS_TIM_SLAVE_PRELOAD_SOURCE(Source));
3084:Drivers/STM32G4xx_HAL_Driver/Src/stm32g4xx_hal_tim_ex.c **** 
3085:Drivers/STM32G4xx_HAL_Driver/Src/stm32g4xx_hal_tim_ex.c ****   MODIFY_REG(htim->Instance->SMCR, TIM_SMCR_SMSPS, Source);
3086:Drivers/STM32G4xx_HAL_Driver/Src/stm32g4xx_hal_tim_ex.c ****   return HAL_OK;
3087:Drivers/STM32G4xx_HAL_Driver/Src/stm32g4xx_hal_tim_ex.c **** }
3088:Drivers/STM32G4xx_HAL_Driver/Src/stm32g4xx_hal_tim_ex.c **** 
3089:Drivers/STM32G4xx_HAL_Driver/Src/stm32g4xx_hal_tim_ex.c **** /**
3090:Drivers/STM32G4xx_HAL_Driver/Src/stm32g4xx_hal_tim_ex.c ****   * @brief  Enable preload of Slave Mode Selection bitfield (SMS in SMCR register)
3091:Drivers/STM32G4xx_HAL_Driver/Src/stm32g4xx_hal_tim_ex.c ****   * @param  htim TIM handle
3092:Drivers/STM32G4xx_HAL_Driver/Src/stm32g4xx_hal_tim_ex.c ****   * @retval HAL status
3093:Drivers/STM32G4xx_HAL_Driver/Src/stm32g4xx_hal_tim_ex.c ****   */
3094:Drivers/STM32G4xx_HAL_Driver/Src/stm32g4xx_hal_tim_ex.c **** HAL_StatusTypeDef HAL_TIMEx_EnableSlaveModePreload(TIM_HandleTypeDef *htim)
3095:Drivers/STM32G4xx_HAL_Driver/Src/stm32g4xx_hal_tim_ex.c **** {
3096:Drivers/STM32G4xx_HAL_Driver/Src/stm32g4xx_hal_tim_ex.c ****   /* Check the parameters */
3097:Drivers/STM32G4xx_HAL_Driver/Src/stm32g4xx_hal_tim_ex.c ****   assert_param(IS_TIM_SLAVE_INSTANCE(htim->Instance));
3098:Drivers/STM32G4xx_HAL_Driver/Src/stm32g4xx_hal_tim_ex.c **** 
3099:Drivers/STM32G4xx_HAL_Driver/Src/stm32g4xx_hal_tim_ex.c ****   SET_BIT(htim->Instance->SMCR, TIM_SMCR_SMSPE);
3100:Drivers/STM32G4xx_HAL_Driver/Src/stm32g4xx_hal_tim_ex.c ****   return HAL_OK;
3101:Drivers/STM32G4xx_HAL_Driver/Src/stm32g4xx_hal_tim_ex.c **** }
3102:Drivers/STM32G4xx_HAL_Driver/Src/stm32g4xx_hal_tim_ex.c **** 
3103:Drivers/STM32G4xx_HAL_Driver/Src/stm32g4xx_hal_tim_ex.c **** /**
3104:Drivers/STM32G4xx_HAL_Driver/Src/stm32g4xx_hal_tim_ex.c ****   * @brief  Disable preload of Slave Mode Selection bitfield (SMS in SMCR register)
3105:Drivers/STM32G4xx_HAL_Driver/Src/stm32g4xx_hal_tim_ex.c ****   * @param  htim TIM handle
3106:Drivers/STM32G4xx_HAL_Driver/Src/stm32g4xx_hal_tim_ex.c ****   * @retval HAL status
3107:Drivers/STM32G4xx_HAL_Driver/Src/stm32g4xx_hal_tim_ex.c ****   */
3108:Drivers/STM32G4xx_HAL_Driver/Src/stm32g4xx_hal_tim_ex.c **** HAL_StatusTypeDef HAL_TIMEx_DisableSlaveModePreload(TIM_HandleTypeDef *htim)
ARM GAS  /tmp/ccX78w3T.s 			page 56


3109:Drivers/STM32G4xx_HAL_Driver/Src/stm32g4xx_hal_tim_ex.c **** {
3110:Drivers/STM32G4xx_HAL_Driver/Src/stm32g4xx_hal_tim_ex.c ****   /* Check the parameters */
3111:Drivers/STM32G4xx_HAL_Driver/Src/stm32g4xx_hal_tim_ex.c ****   assert_param(IS_TIM_SLAVE_INSTANCE(htim->Instance));
3112:Drivers/STM32G4xx_HAL_Driver/Src/stm32g4xx_hal_tim_ex.c **** 
3113:Drivers/STM32G4xx_HAL_Driver/Src/stm32g4xx_hal_tim_ex.c ****   CLEAR_BIT(htim->Instance->SMCR, TIM_SMCR_SMSPE);
3114:Drivers/STM32G4xx_HAL_Driver/Src/stm32g4xx_hal_tim_ex.c ****   return HAL_OK;
3115:Drivers/STM32G4xx_HAL_Driver/Src/stm32g4xx_hal_tim_ex.c **** }
3116:Drivers/STM32G4xx_HAL_Driver/Src/stm32g4xx_hal_tim_ex.c **** 
3117:Drivers/STM32G4xx_HAL_Driver/Src/stm32g4xx_hal_tim_ex.c **** /**
3118:Drivers/STM32G4xx_HAL_Driver/Src/stm32g4xx_hal_tim_ex.c ****   * @brief  Enable deadtime preload
3119:Drivers/STM32G4xx_HAL_Driver/Src/stm32g4xx_hal_tim_ex.c ****   * @param  htim TIM handle
3120:Drivers/STM32G4xx_HAL_Driver/Src/stm32g4xx_hal_tim_ex.c ****   * @retval HAL status
3121:Drivers/STM32G4xx_HAL_Driver/Src/stm32g4xx_hal_tim_ex.c ****   */
3122:Drivers/STM32G4xx_HAL_Driver/Src/stm32g4xx_hal_tim_ex.c **** HAL_StatusTypeDef HAL_TIMEx_EnableDeadTimePreload(TIM_HandleTypeDef *htim)
3123:Drivers/STM32G4xx_HAL_Driver/Src/stm32g4xx_hal_tim_ex.c **** {
3124:Drivers/STM32G4xx_HAL_Driver/Src/stm32g4xx_hal_tim_ex.c ****   /* Check the parameters */
3125:Drivers/STM32G4xx_HAL_Driver/Src/stm32g4xx_hal_tim_ex.c ****   assert_param(IS_TIM_BREAK_INSTANCE(htim->Instance));
3126:Drivers/STM32G4xx_HAL_Driver/Src/stm32g4xx_hal_tim_ex.c **** 
3127:Drivers/STM32G4xx_HAL_Driver/Src/stm32g4xx_hal_tim_ex.c ****   SET_BIT(htim->Instance->DTR2, TIM_DTR2_DTPE);
3128:Drivers/STM32G4xx_HAL_Driver/Src/stm32g4xx_hal_tim_ex.c ****   return HAL_OK;
3129:Drivers/STM32G4xx_HAL_Driver/Src/stm32g4xx_hal_tim_ex.c **** }
3130:Drivers/STM32G4xx_HAL_Driver/Src/stm32g4xx_hal_tim_ex.c **** 
3131:Drivers/STM32G4xx_HAL_Driver/Src/stm32g4xx_hal_tim_ex.c **** /**
3132:Drivers/STM32G4xx_HAL_Driver/Src/stm32g4xx_hal_tim_ex.c ****   * @brief  Disable deadtime preload
3133:Drivers/STM32G4xx_HAL_Driver/Src/stm32g4xx_hal_tim_ex.c ****   * @param  htim TIM handle
3134:Drivers/STM32G4xx_HAL_Driver/Src/stm32g4xx_hal_tim_ex.c ****   * @retval HAL status
3135:Drivers/STM32G4xx_HAL_Driver/Src/stm32g4xx_hal_tim_ex.c ****   */
3136:Drivers/STM32G4xx_HAL_Driver/Src/stm32g4xx_hal_tim_ex.c **** HAL_StatusTypeDef HAL_TIMEx_DisableDeadTimePreload(TIM_HandleTypeDef *htim)
3137:Drivers/STM32G4xx_HAL_Driver/Src/stm32g4xx_hal_tim_ex.c **** {
3138:Drivers/STM32G4xx_HAL_Driver/Src/stm32g4xx_hal_tim_ex.c ****   /* Check the parameters */
3139:Drivers/STM32G4xx_HAL_Driver/Src/stm32g4xx_hal_tim_ex.c ****   assert_param(IS_TIM_BREAK_INSTANCE(htim->Instance));
3140:Drivers/STM32G4xx_HAL_Driver/Src/stm32g4xx_hal_tim_ex.c **** 
3141:Drivers/STM32G4xx_HAL_Driver/Src/stm32g4xx_hal_tim_ex.c ****   CLEAR_BIT(htim->Instance->DTR2, TIM_DTR2_DTPE);
3142:Drivers/STM32G4xx_HAL_Driver/Src/stm32g4xx_hal_tim_ex.c ****   return HAL_OK;
3143:Drivers/STM32G4xx_HAL_Driver/Src/stm32g4xx_hal_tim_ex.c **** }
3144:Drivers/STM32G4xx_HAL_Driver/Src/stm32g4xx_hal_tim_ex.c **** 
3145:Drivers/STM32G4xx_HAL_Driver/Src/stm32g4xx_hal_tim_ex.c **** /**
3146:Drivers/STM32G4xx_HAL_Driver/Src/stm32g4xx_hal_tim_ex.c ****   * @brief  Configure deadtime
3147:Drivers/STM32G4xx_HAL_Driver/Src/stm32g4xx_hal_tim_ex.c ****   * @param  htim TIM handle
3148:Drivers/STM32G4xx_HAL_Driver/Src/stm32g4xx_hal_tim_ex.c ****   * @param  Deadtime Deadtime value
3149:Drivers/STM32G4xx_HAL_Driver/Src/stm32g4xx_hal_tim_ex.c ****   * @note   This parameter can be a number between Min_Data = 0x00 and Max_Data = 0xFF
3150:Drivers/STM32G4xx_HAL_Driver/Src/stm32g4xx_hal_tim_ex.c ****   * @retval HAL status
3151:Drivers/STM32G4xx_HAL_Driver/Src/stm32g4xx_hal_tim_ex.c ****   */
3152:Drivers/STM32G4xx_HAL_Driver/Src/stm32g4xx_hal_tim_ex.c **** HAL_StatusTypeDef HAL_TIMEx_ConfigDeadTime(TIM_HandleTypeDef *htim, uint32_t Deadtime)
3153:Drivers/STM32G4xx_HAL_Driver/Src/stm32g4xx_hal_tim_ex.c **** {
3154:Drivers/STM32G4xx_HAL_Driver/Src/stm32g4xx_hal_tim_ex.c ****   /* Check the parameters */
3155:Drivers/STM32G4xx_HAL_Driver/Src/stm32g4xx_hal_tim_ex.c ****   assert_param(IS_TIM_BREAK_INSTANCE(htim->Instance));
3156:Drivers/STM32G4xx_HAL_Driver/Src/stm32g4xx_hal_tim_ex.c ****   assert_param(IS_TIM_DEADTIME(Deadtime));
3157:Drivers/STM32G4xx_HAL_Driver/Src/stm32g4xx_hal_tim_ex.c **** 
3158:Drivers/STM32G4xx_HAL_Driver/Src/stm32g4xx_hal_tim_ex.c ****   MODIFY_REG(htim->Instance->BDTR, TIM_BDTR_DTG, Deadtime);
3159:Drivers/STM32G4xx_HAL_Driver/Src/stm32g4xx_hal_tim_ex.c ****   return HAL_OK;
3160:Drivers/STM32G4xx_HAL_Driver/Src/stm32g4xx_hal_tim_ex.c **** }
3161:Drivers/STM32G4xx_HAL_Driver/Src/stm32g4xx_hal_tim_ex.c **** 
3162:Drivers/STM32G4xx_HAL_Driver/Src/stm32g4xx_hal_tim_ex.c **** /**
3163:Drivers/STM32G4xx_HAL_Driver/Src/stm32g4xx_hal_tim_ex.c ****   * @brief  Configure asymmetrical deadtime
3164:Drivers/STM32G4xx_HAL_Driver/Src/stm32g4xx_hal_tim_ex.c ****   * @param  htim TIM handle
3165:Drivers/STM32G4xx_HAL_Driver/Src/stm32g4xx_hal_tim_ex.c ****   * @param  FallingDeadtime Falling edge deadtime value
ARM GAS  /tmp/ccX78w3T.s 			page 57


3166:Drivers/STM32G4xx_HAL_Driver/Src/stm32g4xx_hal_tim_ex.c ****   * @note   This parameter can be a number between Min_Data = 0x00 and Max_Data = 0xFF
3167:Drivers/STM32G4xx_HAL_Driver/Src/stm32g4xx_hal_tim_ex.c ****   * @retval HAL status
3168:Drivers/STM32G4xx_HAL_Driver/Src/stm32g4xx_hal_tim_ex.c ****   */
3169:Drivers/STM32G4xx_HAL_Driver/Src/stm32g4xx_hal_tim_ex.c **** HAL_StatusTypeDef HAL_TIMEx_ConfigAsymmetricalDeadTime(TIM_HandleTypeDef *htim, uint32_t FallingDea
3170:Drivers/STM32G4xx_HAL_Driver/Src/stm32g4xx_hal_tim_ex.c **** {
3171:Drivers/STM32G4xx_HAL_Driver/Src/stm32g4xx_hal_tim_ex.c ****   /* Check the parameters */
3172:Drivers/STM32G4xx_HAL_Driver/Src/stm32g4xx_hal_tim_ex.c ****   assert_param(IS_TIM_BREAK_INSTANCE(htim->Instance));
3173:Drivers/STM32G4xx_HAL_Driver/Src/stm32g4xx_hal_tim_ex.c ****   assert_param(IS_TIM_DEADTIME(FallingDeadtime));
3174:Drivers/STM32G4xx_HAL_Driver/Src/stm32g4xx_hal_tim_ex.c **** 
3175:Drivers/STM32G4xx_HAL_Driver/Src/stm32g4xx_hal_tim_ex.c ****   MODIFY_REG(htim->Instance->DTR2, TIM_DTR2_DTGF, FallingDeadtime);
3176:Drivers/STM32G4xx_HAL_Driver/Src/stm32g4xx_hal_tim_ex.c ****   return HAL_OK;
3177:Drivers/STM32G4xx_HAL_Driver/Src/stm32g4xx_hal_tim_ex.c **** }
3178:Drivers/STM32G4xx_HAL_Driver/Src/stm32g4xx_hal_tim_ex.c **** 
3179:Drivers/STM32G4xx_HAL_Driver/Src/stm32g4xx_hal_tim_ex.c **** /**
3180:Drivers/STM32G4xx_HAL_Driver/Src/stm32g4xx_hal_tim_ex.c ****   * @brief  Enable asymmetrical deadtime
3181:Drivers/STM32G4xx_HAL_Driver/Src/stm32g4xx_hal_tim_ex.c ****   * @param  htim TIM handle
3182:Drivers/STM32G4xx_HAL_Driver/Src/stm32g4xx_hal_tim_ex.c ****   * @retval HAL status
3183:Drivers/STM32G4xx_HAL_Driver/Src/stm32g4xx_hal_tim_ex.c ****   */
3184:Drivers/STM32G4xx_HAL_Driver/Src/stm32g4xx_hal_tim_ex.c **** HAL_StatusTypeDef HAL_TIMEx_EnableAsymmetricalDeadTime(TIM_HandleTypeDef *htim)
3185:Drivers/STM32G4xx_HAL_Driver/Src/stm32g4xx_hal_tim_ex.c **** {
3186:Drivers/STM32G4xx_HAL_Driver/Src/stm32g4xx_hal_tim_ex.c ****   /* Check the parameters */
3187:Drivers/STM32G4xx_HAL_Driver/Src/stm32g4xx_hal_tim_ex.c ****   assert_param(IS_TIM_BREAK_INSTANCE(htim->Instance));
3188:Drivers/STM32G4xx_HAL_Driver/Src/stm32g4xx_hal_tim_ex.c **** 
3189:Drivers/STM32G4xx_HAL_Driver/Src/stm32g4xx_hal_tim_ex.c ****   SET_BIT(htim->Instance->DTR2, TIM_DTR2_DTAE);
3190:Drivers/STM32G4xx_HAL_Driver/Src/stm32g4xx_hal_tim_ex.c ****   return HAL_OK;
3191:Drivers/STM32G4xx_HAL_Driver/Src/stm32g4xx_hal_tim_ex.c **** }
3192:Drivers/STM32G4xx_HAL_Driver/Src/stm32g4xx_hal_tim_ex.c **** 
3193:Drivers/STM32G4xx_HAL_Driver/Src/stm32g4xx_hal_tim_ex.c **** /**
3194:Drivers/STM32G4xx_HAL_Driver/Src/stm32g4xx_hal_tim_ex.c ****   * @brief  Disable asymmetrical deadtime
3195:Drivers/STM32G4xx_HAL_Driver/Src/stm32g4xx_hal_tim_ex.c ****   * @param  htim TIM handle
3196:Drivers/STM32G4xx_HAL_Driver/Src/stm32g4xx_hal_tim_ex.c ****   * @retval HAL status
3197:Drivers/STM32G4xx_HAL_Driver/Src/stm32g4xx_hal_tim_ex.c ****   */
3198:Drivers/STM32G4xx_HAL_Driver/Src/stm32g4xx_hal_tim_ex.c **** HAL_StatusTypeDef HAL_TIMEx_DisableAsymmetricalDeadTime(TIM_HandleTypeDef *htim)
3199:Drivers/STM32G4xx_HAL_Driver/Src/stm32g4xx_hal_tim_ex.c **** {
3200:Drivers/STM32G4xx_HAL_Driver/Src/stm32g4xx_hal_tim_ex.c ****   /* Check the parameters */
3201:Drivers/STM32G4xx_HAL_Driver/Src/stm32g4xx_hal_tim_ex.c ****   assert_param(IS_TIM_BREAK_INSTANCE(htim->Instance));
3202:Drivers/STM32G4xx_HAL_Driver/Src/stm32g4xx_hal_tim_ex.c **** 
3203:Drivers/STM32G4xx_HAL_Driver/Src/stm32g4xx_hal_tim_ex.c ****   CLEAR_BIT(htim->Instance->DTR2, TIM_DTR2_DTAE);
3204:Drivers/STM32G4xx_HAL_Driver/Src/stm32g4xx_hal_tim_ex.c ****   return HAL_OK;
3205:Drivers/STM32G4xx_HAL_Driver/Src/stm32g4xx_hal_tim_ex.c **** }
3206:Drivers/STM32G4xx_HAL_Driver/Src/stm32g4xx_hal_tim_ex.c **** 
3207:Drivers/STM32G4xx_HAL_Driver/Src/stm32g4xx_hal_tim_ex.c **** /**
3208:Drivers/STM32G4xx_HAL_Driver/Src/stm32g4xx_hal_tim_ex.c ****   * @brief  Configures the encoder index.
3209:Drivers/STM32G4xx_HAL_Driver/Src/stm32g4xx_hal_tim_ex.c ****   * @note   warning in case of encoder mode clock plus direction
3210:Drivers/STM32G4xx_HAL_Driver/Src/stm32g4xx_hal_tim_ex.c ****   *                    @ref TIM_ENCODERMODE_CLOCKPLUSDIRECTION_X1 or @ref TIM_ENCODERMODE_CLOCKPLUS
3211:Drivers/STM32G4xx_HAL_Driver/Src/stm32g4xx_hal_tim_ex.c ****   *         Direction must be set to @ref TIM_ENCODERINDEX_DIRECTION_UP_DOWN
3212:Drivers/STM32G4xx_HAL_Driver/Src/stm32g4xx_hal_tim_ex.c ****   * @param  htim TIM handle.
3213:Drivers/STM32G4xx_HAL_Driver/Src/stm32g4xx_hal_tim_ex.c ****   * @param  sEncoderIndexConfig Encoder index configuration
3214:Drivers/STM32G4xx_HAL_Driver/Src/stm32g4xx_hal_tim_ex.c ****   * @retval HAL status
3215:Drivers/STM32G4xx_HAL_Driver/Src/stm32g4xx_hal_tim_ex.c ****   */
3216:Drivers/STM32G4xx_HAL_Driver/Src/stm32g4xx_hal_tim_ex.c **** HAL_StatusTypeDef HAL_TIMEx_ConfigEncoderIndex(TIM_HandleTypeDef *htim,
3217:Drivers/STM32G4xx_HAL_Driver/Src/stm32g4xx_hal_tim_ex.c ****                                                TIMEx_EncoderIndexConfigTypeDef *sEncoderIndexConfig
3218:Drivers/STM32G4xx_HAL_Driver/Src/stm32g4xx_hal_tim_ex.c **** {
3219:Drivers/STM32G4xx_HAL_Driver/Src/stm32g4xx_hal_tim_ex.c ****   /* Check the parameters */
3220:Drivers/STM32G4xx_HAL_Driver/Src/stm32g4xx_hal_tim_ex.c ****   assert_param(IS_TIM_ENCODER_INTERFACE_INSTANCE(htim->Instance));
3221:Drivers/STM32G4xx_HAL_Driver/Src/stm32g4xx_hal_tim_ex.c ****   assert_param(IS_TIM_ENCODERINDEX_POLARITY(sEncoderIndexConfig->Polarity));
3222:Drivers/STM32G4xx_HAL_Driver/Src/stm32g4xx_hal_tim_ex.c ****   assert_param(IS_TIM_ENCODERINDEX_PRESCALER(sEncoderIndexConfig->Prescaler));
ARM GAS  /tmp/ccX78w3T.s 			page 58


3223:Drivers/STM32G4xx_HAL_Driver/Src/stm32g4xx_hal_tim_ex.c ****   assert_param(IS_TIM_ENCODERINDEX_FILTER(sEncoderIndexConfig->Filter));
3224:Drivers/STM32G4xx_HAL_Driver/Src/stm32g4xx_hal_tim_ex.c ****   assert_param(IS_FUNCTIONAL_STATE(sEncoderIndexConfig->FirstIndexEnable));
3225:Drivers/STM32G4xx_HAL_Driver/Src/stm32g4xx_hal_tim_ex.c ****   assert_param(IS_TIM_ENCODERINDEX_POSITION(sEncoderIndexConfig->Position));
3226:Drivers/STM32G4xx_HAL_Driver/Src/stm32g4xx_hal_tim_ex.c ****   assert_param(IS_TIM_ENCODERINDEX_DIRECTION(sEncoderIndexConfig->Direction));
3227:Drivers/STM32G4xx_HAL_Driver/Src/stm32g4xx_hal_tim_ex.c **** 
3228:Drivers/STM32G4xx_HAL_Driver/Src/stm32g4xx_hal_tim_ex.c ****   /* Process Locked */
3229:Drivers/STM32G4xx_HAL_Driver/Src/stm32g4xx_hal_tim_ex.c ****   __HAL_LOCK(htim);
3230:Drivers/STM32G4xx_HAL_Driver/Src/stm32g4xx_hal_tim_ex.c **** 
3231:Drivers/STM32G4xx_HAL_Driver/Src/stm32g4xx_hal_tim_ex.c ****   /* Configures the TIMx External Trigger (ETR) which is used as Index input */
3232:Drivers/STM32G4xx_HAL_Driver/Src/stm32g4xx_hal_tim_ex.c ****   TIM_ETR_SetConfig(htim->Instance,
3233:Drivers/STM32G4xx_HAL_Driver/Src/stm32g4xx_hal_tim_ex.c ****                     sEncoderIndexConfig->Prescaler,
3234:Drivers/STM32G4xx_HAL_Driver/Src/stm32g4xx_hal_tim_ex.c ****                     sEncoderIndexConfig->Polarity,
3235:Drivers/STM32G4xx_HAL_Driver/Src/stm32g4xx_hal_tim_ex.c ****                     sEncoderIndexConfig->Filter);
3236:Drivers/STM32G4xx_HAL_Driver/Src/stm32g4xx_hal_tim_ex.c **** 
3237:Drivers/STM32G4xx_HAL_Driver/Src/stm32g4xx_hal_tim_ex.c ****   /* Configures the encoder index */
3238:Drivers/STM32G4xx_HAL_Driver/Src/stm32g4xx_hal_tim_ex.c ****   MODIFY_REG(htim->Instance->ECR,
3239:Drivers/STM32G4xx_HAL_Driver/Src/stm32g4xx_hal_tim_ex.c ****              TIM_ECR_IDIR_Msk | TIM_ECR_FIDX_Msk | TIM_ECR_IPOS_Msk,
3240:Drivers/STM32G4xx_HAL_Driver/Src/stm32g4xx_hal_tim_ex.c ****              (sEncoderIndexConfig->Direction |
3241:Drivers/STM32G4xx_HAL_Driver/Src/stm32g4xx_hal_tim_ex.c ****               ((sEncoderIndexConfig->FirstIndexEnable == ENABLE) ? (0x1U << TIM_ECR_FIDX_Pos) : 0U)
3242:Drivers/STM32G4xx_HAL_Driver/Src/stm32g4xx_hal_tim_ex.c ****               sEncoderIndexConfig->Position |
3243:Drivers/STM32G4xx_HAL_Driver/Src/stm32g4xx_hal_tim_ex.c ****               TIM_ECR_IE));
3244:Drivers/STM32G4xx_HAL_Driver/Src/stm32g4xx_hal_tim_ex.c **** 
3245:Drivers/STM32G4xx_HAL_Driver/Src/stm32g4xx_hal_tim_ex.c ****   __HAL_UNLOCK(htim);
3246:Drivers/STM32G4xx_HAL_Driver/Src/stm32g4xx_hal_tim_ex.c **** 
3247:Drivers/STM32G4xx_HAL_Driver/Src/stm32g4xx_hal_tim_ex.c ****   return HAL_OK;
3248:Drivers/STM32G4xx_HAL_Driver/Src/stm32g4xx_hal_tim_ex.c **** }
3249:Drivers/STM32G4xx_HAL_Driver/Src/stm32g4xx_hal_tim_ex.c **** 
3250:Drivers/STM32G4xx_HAL_Driver/Src/stm32g4xx_hal_tim_ex.c **** /**
3251:Drivers/STM32G4xx_HAL_Driver/Src/stm32g4xx_hal_tim_ex.c ****   * @brief  Enable encoder index
3252:Drivers/STM32G4xx_HAL_Driver/Src/stm32g4xx_hal_tim_ex.c ****   * @param  htim TIM handle
3253:Drivers/STM32G4xx_HAL_Driver/Src/stm32g4xx_hal_tim_ex.c ****   * @retval HAL status
3254:Drivers/STM32G4xx_HAL_Driver/Src/stm32g4xx_hal_tim_ex.c ****   */
3255:Drivers/STM32G4xx_HAL_Driver/Src/stm32g4xx_hal_tim_ex.c **** HAL_StatusTypeDef HAL_TIMEx_EnableEncoderIndex(TIM_HandleTypeDef *htim)
3256:Drivers/STM32G4xx_HAL_Driver/Src/stm32g4xx_hal_tim_ex.c **** {
3257:Drivers/STM32G4xx_HAL_Driver/Src/stm32g4xx_hal_tim_ex.c ****   /* Check the parameters */
3258:Drivers/STM32G4xx_HAL_Driver/Src/stm32g4xx_hal_tim_ex.c ****   assert_param(IS_TIM_ENCODER_INTERFACE_INSTANCE(htim->Instance));
3259:Drivers/STM32G4xx_HAL_Driver/Src/stm32g4xx_hal_tim_ex.c **** 
3260:Drivers/STM32G4xx_HAL_Driver/Src/stm32g4xx_hal_tim_ex.c ****   SET_BIT(htim->Instance->ECR, TIM_ECR_IE);
3261:Drivers/STM32G4xx_HAL_Driver/Src/stm32g4xx_hal_tim_ex.c ****   return HAL_OK;
3262:Drivers/STM32G4xx_HAL_Driver/Src/stm32g4xx_hal_tim_ex.c **** }
3263:Drivers/STM32G4xx_HAL_Driver/Src/stm32g4xx_hal_tim_ex.c **** 
3264:Drivers/STM32G4xx_HAL_Driver/Src/stm32g4xx_hal_tim_ex.c **** /**
3265:Drivers/STM32G4xx_HAL_Driver/Src/stm32g4xx_hal_tim_ex.c ****   * @brief  Disable encoder index
3266:Drivers/STM32G4xx_HAL_Driver/Src/stm32g4xx_hal_tim_ex.c ****   * @param  htim TIM handle
3267:Drivers/STM32G4xx_HAL_Driver/Src/stm32g4xx_hal_tim_ex.c ****   * @retval HAL status
3268:Drivers/STM32G4xx_HAL_Driver/Src/stm32g4xx_hal_tim_ex.c ****   */
3269:Drivers/STM32G4xx_HAL_Driver/Src/stm32g4xx_hal_tim_ex.c **** HAL_StatusTypeDef HAL_TIMEx_DisableEncoderIndex(TIM_HandleTypeDef *htim)
3270:Drivers/STM32G4xx_HAL_Driver/Src/stm32g4xx_hal_tim_ex.c **** {
3271:Drivers/STM32G4xx_HAL_Driver/Src/stm32g4xx_hal_tim_ex.c ****   /* Check the parameters */
3272:Drivers/STM32G4xx_HAL_Driver/Src/stm32g4xx_hal_tim_ex.c ****   assert_param(IS_TIM_ENCODER_INTERFACE_INSTANCE(htim->Instance));
3273:Drivers/STM32G4xx_HAL_Driver/Src/stm32g4xx_hal_tim_ex.c **** 
3274:Drivers/STM32G4xx_HAL_Driver/Src/stm32g4xx_hal_tim_ex.c ****   CLEAR_BIT(htim->Instance->ECR, TIM_ECR_IE);
3275:Drivers/STM32G4xx_HAL_Driver/Src/stm32g4xx_hal_tim_ex.c ****   return HAL_OK;
3276:Drivers/STM32G4xx_HAL_Driver/Src/stm32g4xx_hal_tim_ex.c **** }
3277:Drivers/STM32G4xx_HAL_Driver/Src/stm32g4xx_hal_tim_ex.c **** 
3278:Drivers/STM32G4xx_HAL_Driver/Src/stm32g4xx_hal_tim_ex.c **** /**
3279:Drivers/STM32G4xx_HAL_Driver/Src/stm32g4xx_hal_tim_ex.c ****   * @brief  Enable encoder first index
ARM GAS  /tmp/ccX78w3T.s 			page 59


3280:Drivers/STM32G4xx_HAL_Driver/Src/stm32g4xx_hal_tim_ex.c ****   * @param  htim TIM handle
3281:Drivers/STM32G4xx_HAL_Driver/Src/stm32g4xx_hal_tim_ex.c ****   * @retval HAL status
3282:Drivers/STM32G4xx_HAL_Driver/Src/stm32g4xx_hal_tim_ex.c ****   */
3283:Drivers/STM32G4xx_HAL_Driver/Src/stm32g4xx_hal_tim_ex.c **** HAL_StatusTypeDef HAL_TIMEx_EnableEncoderFirstIndex(TIM_HandleTypeDef *htim)
3284:Drivers/STM32G4xx_HAL_Driver/Src/stm32g4xx_hal_tim_ex.c **** {
3285:Drivers/STM32G4xx_HAL_Driver/Src/stm32g4xx_hal_tim_ex.c ****   /* Check the parameters */
3286:Drivers/STM32G4xx_HAL_Driver/Src/stm32g4xx_hal_tim_ex.c ****   assert_param(IS_TIM_ENCODER_INTERFACE_INSTANCE(htim->Instance));
3287:Drivers/STM32G4xx_HAL_Driver/Src/stm32g4xx_hal_tim_ex.c **** 
3288:Drivers/STM32G4xx_HAL_Driver/Src/stm32g4xx_hal_tim_ex.c ****   SET_BIT(htim->Instance->ECR, TIM_ECR_FIDX);
3289:Drivers/STM32G4xx_HAL_Driver/Src/stm32g4xx_hal_tim_ex.c ****   return HAL_OK;
3290:Drivers/STM32G4xx_HAL_Driver/Src/stm32g4xx_hal_tim_ex.c **** }
3291:Drivers/STM32G4xx_HAL_Driver/Src/stm32g4xx_hal_tim_ex.c **** 
3292:Drivers/STM32G4xx_HAL_Driver/Src/stm32g4xx_hal_tim_ex.c **** /**
3293:Drivers/STM32G4xx_HAL_Driver/Src/stm32g4xx_hal_tim_ex.c ****   * @brief  Disable encoder first index
3294:Drivers/STM32G4xx_HAL_Driver/Src/stm32g4xx_hal_tim_ex.c ****   * @param  htim TIM handle
3295:Drivers/STM32G4xx_HAL_Driver/Src/stm32g4xx_hal_tim_ex.c ****   * @retval HAL status
3296:Drivers/STM32G4xx_HAL_Driver/Src/stm32g4xx_hal_tim_ex.c ****   */
3297:Drivers/STM32G4xx_HAL_Driver/Src/stm32g4xx_hal_tim_ex.c **** HAL_StatusTypeDef HAL_TIMEx_DisableEncoderFirstIndex(TIM_HandleTypeDef *htim)
3298:Drivers/STM32G4xx_HAL_Driver/Src/stm32g4xx_hal_tim_ex.c **** {
3299:Drivers/STM32G4xx_HAL_Driver/Src/stm32g4xx_hal_tim_ex.c ****   /* Check the parameters */
3300:Drivers/STM32G4xx_HAL_Driver/Src/stm32g4xx_hal_tim_ex.c ****   assert_param(IS_TIM_ENCODER_INTERFACE_INSTANCE(htim->Instance));
3301:Drivers/STM32G4xx_HAL_Driver/Src/stm32g4xx_hal_tim_ex.c **** 
3302:Drivers/STM32G4xx_HAL_Driver/Src/stm32g4xx_hal_tim_ex.c ****   CLEAR_BIT(htim->Instance->ECR, TIM_ECR_FIDX);
3303:Drivers/STM32G4xx_HAL_Driver/Src/stm32g4xx_hal_tim_ex.c ****   return HAL_OK;
3304:Drivers/STM32G4xx_HAL_Driver/Src/stm32g4xx_hal_tim_ex.c **** }
3305:Drivers/STM32G4xx_HAL_Driver/Src/stm32g4xx_hal_tim_ex.c **** 
3306:Drivers/STM32G4xx_HAL_Driver/Src/stm32g4xx_hal_tim_ex.c **** /**
3307:Drivers/STM32G4xx_HAL_Driver/Src/stm32g4xx_hal_tim_ex.c ****   * @}
3308:Drivers/STM32G4xx_HAL_Driver/Src/stm32g4xx_hal_tim_ex.c ****   */
3309:Drivers/STM32G4xx_HAL_Driver/Src/stm32g4xx_hal_tim_ex.c **** 
3310:Drivers/STM32G4xx_HAL_Driver/Src/stm32g4xx_hal_tim_ex.c **** /** @defgroup TIMEx_Exported_Functions_Group6 Extended Callbacks functions
3311:Drivers/STM32G4xx_HAL_Driver/Src/stm32g4xx_hal_tim_ex.c ****   * @brief    Extended Callbacks functions
3312:Drivers/STM32G4xx_HAL_Driver/Src/stm32g4xx_hal_tim_ex.c ****   *
3313:Drivers/STM32G4xx_HAL_Driver/Src/stm32g4xx_hal_tim_ex.c **** @verbatim
3314:Drivers/STM32G4xx_HAL_Driver/Src/stm32g4xx_hal_tim_ex.c ****   ==============================================================================
3315:Drivers/STM32G4xx_HAL_Driver/Src/stm32g4xx_hal_tim_ex.c ****                     ##### Extended Callbacks functions #####
3316:Drivers/STM32G4xx_HAL_Driver/Src/stm32g4xx_hal_tim_ex.c ****   ==============================================================================
3317:Drivers/STM32G4xx_HAL_Driver/Src/stm32g4xx_hal_tim_ex.c ****   [..]
3318:Drivers/STM32G4xx_HAL_Driver/Src/stm32g4xx_hal_tim_ex.c ****     This section provides Extended TIM callback functions:
3319:Drivers/STM32G4xx_HAL_Driver/Src/stm32g4xx_hal_tim_ex.c ****     (+) Timer Commutation callback
3320:Drivers/STM32G4xx_HAL_Driver/Src/stm32g4xx_hal_tim_ex.c ****     (+) Timer Break callback
3321:Drivers/STM32G4xx_HAL_Driver/Src/stm32g4xx_hal_tim_ex.c **** 
3322:Drivers/STM32G4xx_HAL_Driver/Src/stm32g4xx_hal_tim_ex.c **** @endverbatim
3323:Drivers/STM32G4xx_HAL_Driver/Src/stm32g4xx_hal_tim_ex.c ****   * @{
3324:Drivers/STM32G4xx_HAL_Driver/Src/stm32g4xx_hal_tim_ex.c ****   */
3325:Drivers/STM32G4xx_HAL_Driver/Src/stm32g4xx_hal_tim_ex.c **** 
3326:Drivers/STM32G4xx_HAL_Driver/Src/stm32g4xx_hal_tim_ex.c **** /**
3327:Drivers/STM32G4xx_HAL_Driver/Src/stm32g4xx_hal_tim_ex.c ****   * @brief  Commutation callback in non-blocking mode
3328:Drivers/STM32G4xx_HAL_Driver/Src/stm32g4xx_hal_tim_ex.c ****   * @param  htim TIM handle
3329:Drivers/STM32G4xx_HAL_Driver/Src/stm32g4xx_hal_tim_ex.c ****   * @retval None
3330:Drivers/STM32G4xx_HAL_Driver/Src/stm32g4xx_hal_tim_ex.c ****   */
3331:Drivers/STM32G4xx_HAL_Driver/Src/stm32g4xx_hal_tim_ex.c **** __weak void HAL_TIMEx_CommutCallback(TIM_HandleTypeDef *htim)
3332:Drivers/STM32G4xx_HAL_Driver/Src/stm32g4xx_hal_tim_ex.c **** {
3333:Drivers/STM32G4xx_HAL_Driver/Src/stm32g4xx_hal_tim_ex.c ****   /* Prevent unused argument(s) compilation warning */
3334:Drivers/STM32G4xx_HAL_Driver/Src/stm32g4xx_hal_tim_ex.c ****   UNUSED(htim);
3335:Drivers/STM32G4xx_HAL_Driver/Src/stm32g4xx_hal_tim_ex.c **** 
3336:Drivers/STM32G4xx_HAL_Driver/Src/stm32g4xx_hal_tim_ex.c ****   /* NOTE : This function should not be modified, when the callback is needed,
ARM GAS  /tmp/ccX78w3T.s 			page 60


3337:Drivers/STM32G4xx_HAL_Driver/Src/stm32g4xx_hal_tim_ex.c ****             the HAL_TIMEx_CommutCallback could be implemented in the user file
3338:Drivers/STM32G4xx_HAL_Driver/Src/stm32g4xx_hal_tim_ex.c ****    */
3339:Drivers/STM32G4xx_HAL_Driver/Src/stm32g4xx_hal_tim_ex.c **** }
3340:Drivers/STM32G4xx_HAL_Driver/Src/stm32g4xx_hal_tim_ex.c **** /**
3341:Drivers/STM32G4xx_HAL_Driver/Src/stm32g4xx_hal_tim_ex.c ****   * @brief  Commutation half complete callback in non-blocking mode
3342:Drivers/STM32G4xx_HAL_Driver/Src/stm32g4xx_hal_tim_ex.c ****   * @param  htim TIM handle
3343:Drivers/STM32G4xx_HAL_Driver/Src/stm32g4xx_hal_tim_ex.c ****   * @retval None
3344:Drivers/STM32G4xx_HAL_Driver/Src/stm32g4xx_hal_tim_ex.c ****   */
3345:Drivers/STM32G4xx_HAL_Driver/Src/stm32g4xx_hal_tim_ex.c **** __weak void HAL_TIMEx_CommutHalfCpltCallback(TIM_HandleTypeDef *htim)
3346:Drivers/STM32G4xx_HAL_Driver/Src/stm32g4xx_hal_tim_ex.c **** {
3347:Drivers/STM32G4xx_HAL_Driver/Src/stm32g4xx_hal_tim_ex.c ****   /* Prevent unused argument(s) compilation warning */
3348:Drivers/STM32G4xx_HAL_Driver/Src/stm32g4xx_hal_tim_ex.c ****   UNUSED(htim);
3349:Drivers/STM32G4xx_HAL_Driver/Src/stm32g4xx_hal_tim_ex.c **** 
3350:Drivers/STM32G4xx_HAL_Driver/Src/stm32g4xx_hal_tim_ex.c ****   /* NOTE : This function should not be modified, when the callback is needed,
3351:Drivers/STM32G4xx_HAL_Driver/Src/stm32g4xx_hal_tim_ex.c ****             the HAL_TIMEx_CommutHalfCpltCallback could be implemented in the user file
3352:Drivers/STM32G4xx_HAL_Driver/Src/stm32g4xx_hal_tim_ex.c ****    */
3353:Drivers/STM32G4xx_HAL_Driver/Src/stm32g4xx_hal_tim_ex.c **** }
3354:Drivers/STM32G4xx_HAL_Driver/Src/stm32g4xx_hal_tim_ex.c **** 
3355:Drivers/STM32G4xx_HAL_Driver/Src/stm32g4xx_hal_tim_ex.c **** /**
3356:Drivers/STM32G4xx_HAL_Driver/Src/stm32g4xx_hal_tim_ex.c ****   * @brief  Break detection callback in non-blocking mode
3357:Drivers/STM32G4xx_HAL_Driver/Src/stm32g4xx_hal_tim_ex.c ****   * @param  htim TIM handle
3358:Drivers/STM32G4xx_HAL_Driver/Src/stm32g4xx_hal_tim_ex.c ****   * @retval None
3359:Drivers/STM32G4xx_HAL_Driver/Src/stm32g4xx_hal_tim_ex.c ****   */
3360:Drivers/STM32G4xx_HAL_Driver/Src/stm32g4xx_hal_tim_ex.c **** __weak void HAL_TIMEx_BreakCallback(TIM_HandleTypeDef *htim)
3361:Drivers/STM32G4xx_HAL_Driver/Src/stm32g4xx_hal_tim_ex.c **** {
3362:Drivers/STM32G4xx_HAL_Driver/Src/stm32g4xx_hal_tim_ex.c ****   /* Prevent unused argument(s) compilation warning */
3363:Drivers/STM32G4xx_HAL_Driver/Src/stm32g4xx_hal_tim_ex.c ****   UNUSED(htim);
3364:Drivers/STM32G4xx_HAL_Driver/Src/stm32g4xx_hal_tim_ex.c **** 
3365:Drivers/STM32G4xx_HAL_Driver/Src/stm32g4xx_hal_tim_ex.c ****   /* NOTE : This function should not be modified, when the callback is needed,
3366:Drivers/STM32G4xx_HAL_Driver/Src/stm32g4xx_hal_tim_ex.c ****             the HAL_TIMEx_BreakCallback could be implemented in the user file
3367:Drivers/STM32G4xx_HAL_Driver/Src/stm32g4xx_hal_tim_ex.c ****    */
3368:Drivers/STM32G4xx_HAL_Driver/Src/stm32g4xx_hal_tim_ex.c **** }
3369:Drivers/STM32G4xx_HAL_Driver/Src/stm32g4xx_hal_tim_ex.c **** 
3370:Drivers/STM32G4xx_HAL_Driver/Src/stm32g4xx_hal_tim_ex.c **** /**
3371:Drivers/STM32G4xx_HAL_Driver/Src/stm32g4xx_hal_tim_ex.c ****   * @brief  Break2 detection callback in non blocking mode
3372:Drivers/STM32G4xx_HAL_Driver/Src/stm32g4xx_hal_tim_ex.c ****   * @param  htim: TIM handle
3373:Drivers/STM32G4xx_HAL_Driver/Src/stm32g4xx_hal_tim_ex.c ****   * @retval None
3374:Drivers/STM32G4xx_HAL_Driver/Src/stm32g4xx_hal_tim_ex.c ****   */
3375:Drivers/STM32G4xx_HAL_Driver/Src/stm32g4xx_hal_tim_ex.c **** __weak void HAL_TIMEx_Break2Callback(TIM_HandleTypeDef *htim)
3376:Drivers/STM32G4xx_HAL_Driver/Src/stm32g4xx_hal_tim_ex.c **** {
3377:Drivers/STM32G4xx_HAL_Driver/Src/stm32g4xx_hal_tim_ex.c ****   /* Prevent unused argument(s) compilation warning */
3378:Drivers/STM32G4xx_HAL_Driver/Src/stm32g4xx_hal_tim_ex.c ****   UNUSED(htim);
3379:Drivers/STM32G4xx_HAL_Driver/Src/stm32g4xx_hal_tim_ex.c **** 
3380:Drivers/STM32G4xx_HAL_Driver/Src/stm32g4xx_hal_tim_ex.c ****   /* NOTE : This function Should not be modified, when the callback is needed,
3381:Drivers/STM32G4xx_HAL_Driver/Src/stm32g4xx_hal_tim_ex.c ****             the HAL_TIMEx_Break2Callback could be implemented in the user file
3382:Drivers/STM32G4xx_HAL_Driver/Src/stm32g4xx_hal_tim_ex.c ****    */
3383:Drivers/STM32G4xx_HAL_Driver/Src/stm32g4xx_hal_tim_ex.c **** }
3384:Drivers/STM32G4xx_HAL_Driver/Src/stm32g4xx_hal_tim_ex.c **** 
3385:Drivers/STM32G4xx_HAL_Driver/Src/stm32g4xx_hal_tim_ex.c **** /**
3386:Drivers/STM32G4xx_HAL_Driver/Src/stm32g4xx_hal_tim_ex.c ****   * @brief  Encoder index callback in non-blocking mode
3387:Drivers/STM32G4xx_HAL_Driver/Src/stm32g4xx_hal_tim_ex.c ****   * @param  htim TIM handle
3388:Drivers/STM32G4xx_HAL_Driver/Src/stm32g4xx_hal_tim_ex.c ****   * @retval None
3389:Drivers/STM32G4xx_HAL_Driver/Src/stm32g4xx_hal_tim_ex.c ****   */
3390:Drivers/STM32G4xx_HAL_Driver/Src/stm32g4xx_hal_tim_ex.c **** __weak void HAL_TIMEx_EncoderIndexCallback(TIM_HandleTypeDef *htim)
3391:Drivers/STM32G4xx_HAL_Driver/Src/stm32g4xx_hal_tim_ex.c **** {
3392:Drivers/STM32G4xx_HAL_Driver/Src/stm32g4xx_hal_tim_ex.c ****   /* Prevent unused argument(s) compilation warning */
3393:Drivers/STM32G4xx_HAL_Driver/Src/stm32g4xx_hal_tim_ex.c ****   UNUSED(htim);
ARM GAS  /tmp/ccX78w3T.s 			page 61


3394:Drivers/STM32G4xx_HAL_Driver/Src/stm32g4xx_hal_tim_ex.c **** 
3395:Drivers/STM32G4xx_HAL_Driver/Src/stm32g4xx_hal_tim_ex.c ****   /* NOTE : This function should not be modified, when the callback is needed,
3396:Drivers/STM32G4xx_HAL_Driver/Src/stm32g4xx_hal_tim_ex.c ****             the HAL_TIMEx_EncoderIndexCallback could be implemented in the user file
3397:Drivers/STM32G4xx_HAL_Driver/Src/stm32g4xx_hal_tim_ex.c ****    */
3398:Drivers/STM32G4xx_HAL_Driver/Src/stm32g4xx_hal_tim_ex.c **** }
3399:Drivers/STM32G4xx_HAL_Driver/Src/stm32g4xx_hal_tim_ex.c **** 
3400:Drivers/STM32G4xx_HAL_Driver/Src/stm32g4xx_hal_tim_ex.c **** /**
3401:Drivers/STM32G4xx_HAL_Driver/Src/stm32g4xx_hal_tim_ex.c ****   * @brief  Direction change callback in non-blocking mode
3402:Drivers/STM32G4xx_HAL_Driver/Src/stm32g4xx_hal_tim_ex.c ****   * @param  htim TIM handle
3403:Drivers/STM32G4xx_HAL_Driver/Src/stm32g4xx_hal_tim_ex.c ****   * @retval None
3404:Drivers/STM32G4xx_HAL_Driver/Src/stm32g4xx_hal_tim_ex.c ****   */
3405:Drivers/STM32G4xx_HAL_Driver/Src/stm32g4xx_hal_tim_ex.c **** __weak void HAL_TIMEx_DirectionChangeCallback(TIM_HandleTypeDef *htim)
3406:Drivers/STM32G4xx_HAL_Driver/Src/stm32g4xx_hal_tim_ex.c **** {
3407:Drivers/STM32G4xx_HAL_Driver/Src/stm32g4xx_hal_tim_ex.c ****   /* Prevent unused argument(s) compilation warning */
3408:Drivers/STM32G4xx_HAL_Driver/Src/stm32g4xx_hal_tim_ex.c ****   UNUSED(htim);
3409:Drivers/STM32G4xx_HAL_Driver/Src/stm32g4xx_hal_tim_ex.c **** 
3410:Drivers/STM32G4xx_HAL_Driver/Src/stm32g4xx_hal_tim_ex.c ****   /* NOTE : This function should not be modified, when the callback is needed,
3411:Drivers/STM32G4xx_HAL_Driver/Src/stm32g4xx_hal_tim_ex.c ****             the HAL_TIMEx_DirectionChangeCallback could be implemented in the user file
3412:Drivers/STM32G4xx_HAL_Driver/Src/stm32g4xx_hal_tim_ex.c ****    */
3413:Drivers/STM32G4xx_HAL_Driver/Src/stm32g4xx_hal_tim_ex.c **** }
3414:Drivers/STM32G4xx_HAL_Driver/Src/stm32g4xx_hal_tim_ex.c **** 
3415:Drivers/STM32G4xx_HAL_Driver/Src/stm32g4xx_hal_tim_ex.c **** /**
3416:Drivers/STM32G4xx_HAL_Driver/Src/stm32g4xx_hal_tim_ex.c ****   * @brief  Index error callback in non-blocking mode
3417:Drivers/STM32G4xx_HAL_Driver/Src/stm32g4xx_hal_tim_ex.c ****   * @param  htim TIM handle
3418:Drivers/STM32G4xx_HAL_Driver/Src/stm32g4xx_hal_tim_ex.c ****   * @retval None
3419:Drivers/STM32G4xx_HAL_Driver/Src/stm32g4xx_hal_tim_ex.c ****   */
3420:Drivers/STM32G4xx_HAL_Driver/Src/stm32g4xx_hal_tim_ex.c **** __weak void HAL_TIMEx_IndexErrorCallback(TIM_HandleTypeDef *htim)
3421:Drivers/STM32G4xx_HAL_Driver/Src/stm32g4xx_hal_tim_ex.c **** {
3422:Drivers/STM32G4xx_HAL_Driver/Src/stm32g4xx_hal_tim_ex.c ****   /* Prevent unused argument(s) compilation warning */
3423:Drivers/STM32G4xx_HAL_Driver/Src/stm32g4xx_hal_tim_ex.c ****   UNUSED(htim);
3424:Drivers/STM32G4xx_HAL_Driver/Src/stm32g4xx_hal_tim_ex.c **** 
3425:Drivers/STM32G4xx_HAL_Driver/Src/stm32g4xx_hal_tim_ex.c ****   /* NOTE : This function should not be modified, when the callback is needed,
3426:Drivers/STM32G4xx_HAL_Driver/Src/stm32g4xx_hal_tim_ex.c ****             the HAL_TIMEx_IndexErrorCallback could be implemented in the user file
3427:Drivers/STM32G4xx_HAL_Driver/Src/stm32g4xx_hal_tim_ex.c ****    */
3428:Drivers/STM32G4xx_HAL_Driver/Src/stm32g4xx_hal_tim_ex.c **** }
3429:Drivers/STM32G4xx_HAL_Driver/Src/stm32g4xx_hal_tim_ex.c **** 
3430:Drivers/STM32G4xx_HAL_Driver/Src/stm32g4xx_hal_tim_ex.c **** /**
3431:Drivers/STM32G4xx_HAL_Driver/Src/stm32g4xx_hal_tim_ex.c ****   * @brief  Transition error callback in non-blocking mode
3432:Drivers/STM32G4xx_HAL_Driver/Src/stm32g4xx_hal_tim_ex.c ****   * @param  htim TIM handle
3433:Drivers/STM32G4xx_HAL_Driver/Src/stm32g4xx_hal_tim_ex.c ****   * @retval None
3434:Drivers/STM32G4xx_HAL_Driver/Src/stm32g4xx_hal_tim_ex.c ****   */
3435:Drivers/STM32G4xx_HAL_Driver/Src/stm32g4xx_hal_tim_ex.c **** __weak void HAL_TIMEx_TransitionErrorCallback(TIM_HandleTypeDef *htim)
3436:Drivers/STM32G4xx_HAL_Driver/Src/stm32g4xx_hal_tim_ex.c **** {
3437:Drivers/STM32G4xx_HAL_Driver/Src/stm32g4xx_hal_tim_ex.c ****   /* Prevent unused argument(s) compilation warning */
3438:Drivers/STM32G4xx_HAL_Driver/Src/stm32g4xx_hal_tim_ex.c ****   UNUSED(htim);
3439:Drivers/STM32G4xx_HAL_Driver/Src/stm32g4xx_hal_tim_ex.c **** 
3440:Drivers/STM32G4xx_HAL_Driver/Src/stm32g4xx_hal_tim_ex.c ****   /* NOTE : This function should not be modified, when the callback is needed,
3441:Drivers/STM32G4xx_HAL_Driver/Src/stm32g4xx_hal_tim_ex.c ****             the HAL_TIMEx_TransitionErrorCallback could be implemented in the user file
3442:Drivers/STM32G4xx_HAL_Driver/Src/stm32g4xx_hal_tim_ex.c ****    */
3443:Drivers/STM32G4xx_HAL_Driver/Src/stm32g4xx_hal_tim_ex.c **** }
3444:Drivers/STM32G4xx_HAL_Driver/Src/stm32g4xx_hal_tim_ex.c **** 
3445:Drivers/STM32G4xx_HAL_Driver/Src/stm32g4xx_hal_tim_ex.c **** /**
3446:Drivers/STM32G4xx_HAL_Driver/Src/stm32g4xx_hal_tim_ex.c ****   * @}
3447:Drivers/STM32G4xx_HAL_Driver/Src/stm32g4xx_hal_tim_ex.c ****   */
3448:Drivers/STM32G4xx_HAL_Driver/Src/stm32g4xx_hal_tim_ex.c **** 
3449:Drivers/STM32G4xx_HAL_Driver/Src/stm32g4xx_hal_tim_ex.c **** /** @defgroup TIMEx_Exported_Functions_Group7 Extended Peripheral State functions
3450:Drivers/STM32G4xx_HAL_Driver/Src/stm32g4xx_hal_tim_ex.c ****   * @brief    Extended Peripheral State functions
ARM GAS  /tmp/ccX78w3T.s 			page 62


3451:Drivers/STM32G4xx_HAL_Driver/Src/stm32g4xx_hal_tim_ex.c ****   *
3452:Drivers/STM32G4xx_HAL_Driver/Src/stm32g4xx_hal_tim_ex.c **** @verbatim
3453:Drivers/STM32G4xx_HAL_Driver/Src/stm32g4xx_hal_tim_ex.c ****   ==============================================================================
3454:Drivers/STM32G4xx_HAL_Driver/Src/stm32g4xx_hal_tim_ex.c ****                 ##### Extended Peripheral State functions #####
3455:Drivers/STM32G4xx_HAL_Driver/Src/stm32g4xx_hal_tim_ex.c ****   ==============================================================================
3456:Drivers/STM32G4xx_HAL_Driver/Src/stm32g4xx_hal_tim_ex.c ****   [..]
3457:Drivers/STM32G4xx_HAL_Driver/Src/stm32g4xx_hal_tim_ex.c ****     This subsection permits to get in run-time the status of the peripheral
3458:Drivers/STM32G4xx_HAL_Driver/Src/stm32g4xx_hal_tim_ex.c ****     and the data flow.
3459:Drivers/STM32G4xx_HAL_Driver/Src/stm32g4xx_hal_tim_ex.c **** 
3460:Drivers/STM32G4xx_HAL_Driver/Src/stm32g4xx_hal_tim_ex.c **** @endverbatim
3461:Drivers/STM32G4xx_HAL_Driver/Src/stm32g4xx_hal_tim_ex.c ****   * @{
3462:Drivers/STM32G4xx_HAL_Driver/Src/stm32g4xx_hal_tim_ex.c ****   */
3463:Drivers/STM32G4xx_HAL_Driver/Src/stm32g4xx_hal_tim_ex.c **** 
3464:Drivers/STM32G4xx_HAL_Driver/Src/stm32g4xx_hal_tim_ex.c **** /**
3465:Drivers/STM32G4xx_HAL_Driver/Src/stm32g4xx_hal_tim_ex.c ****   * @brief  Return the TIM Hall Sensor interface handle state.
3466:Drivers/STM32G4xx_HAL_Driver/Src/stm32g4xx_hal_tim_ex.c ****   * @param  htim TIM Hall Sensor handle
3467:Drivers/STM32G4xx_HAL_Driver/Src/stm32g4xx_hal_tim_ex.c ****   * @retval HAL state
3468:Drivers/STM32G4xx_HAL_Driver/Src/stm32g4xx_hal_tim_ex.c ****   */
3469:Drivers/STM32G4xx_HAL_Driver/Src/stm32g4xx_hal_tim_ex.c **** HAL_TIM_StateTypeDef HAL_TIMEx_HallSensor_GetState(const TIM_HandleTypeDef *htim)
3470:Drivers/STM32G4xx_HAL_Driver/Src/stm32g4xx_hal_tim_ex.c **** {
3471:Drivers/STM32G4xx_HAL_Driver/Src/stm32g4xx_hal_tim_ex.c ****   return htim->State;
3472:Drivers/STM32G4xx_HAL_Driver/Src/stm32g4xx_hal_tim_ex.c **** }
3473:Drivers/STM32G4xx_HAL_Driver/Src/stm32g4xx_hal_tim_ex.c **** 
3474:Drivers/STM32G4xx_HAL_Driver/Src/stm32g4xx_hal_tim_ex.c **** /**
3475:Drivers/STM32G4xx_HAL_Driver/Src/stm32g4xx_hal_tim_ex.c ****   * @brief  Return actual state of the TIM complementary channel.
3476:Drivers/STM32G4xx_HAL_Driver/Src/stm32g4xx_hal_tim_ex.c ****   * @param  htim TIM handle
3477:Drivers/STM32G4xx_HAL_Driver/Src/stm32g4xx_hal_tim_ex.c ****   * @param  ChannelN TIM Complementary channel
3478:Drivers/STM32G4xx_HAL_Driver/Src/stm32g4xx_hal_tim_ex.c ****   *          This parameter can be one of the following values:
3479:Drivers/STM32G4xx_HAL_Driver/Src/stm32g4xx_hal_tim_ex.c ****   *            @arg TIM_CHANNEL_1: TIM Channel 1 selected
3480:Drivers/STM32G4xx_HAL_Driver/Src/stm32g4xx_hal_tim_ex.c ****   *            @arg TIM_CHANNEL_2: TIM Channel 2 selected
3481:Drivers/STM32G4xx_HAL_Driver/Src/stm32g4xx_hal_tim_ex.c ****   *            @arg TIM_CHANNEL_3: TIM Channel 3 selected
3482:Drivers/STM32G4xx_HAL_Driver/Src/stm32g4xx_hal_tim_ex.c ****   *            @arg TIM_CHANNEL_4: TIM Channel 4 selected
3483:Drivers/STM32G4xx_HAL_Driver/Src/stm32g4xx_hal_tim_ex.c ****   * @retval TIM Complementary channel state
3484:Drivers/STM32G4xx_HAL_Driver/Src/stm32g4xx_hal_tim_ex.c ****   */
3485:Drivers/STM32G4xx_HAL_Driver/Src/stm32g4xx_hal_tim_ex.c **** HAL_TIM_ChannelStateTypeDef HAL_TIMEx_GetChannelNState(const TIM_HandleTypeDef *htim,  uint32_t Cha
3486:Drivers/STM32G4xx_HAL_Driver/Src/stm32g4xx_hal_tim_ex.c **** {
3487:Drivers/STM32G4xx_HAL_Driver/Src/stm32g4xx_hal_tim_ex.c ****   HAL_TIM_ChannelStateTypeDef channel_state;
3488:Drivers/STM32G4xx_HAL_Driver/Src/stm32g4xx_hal_tim_ex.c **** 
3489:Drivers/STM32G4xx_HAL_Driver/Src/stm32g4xx_hal_tim_ex.c ****   /* Check the parameters */
3490:Drivers/STM32G4xx_HAL_Driver/Src/stm32g4xx_hal_tim_ex.c ****   assert_param(IS_TIM_CCXN_INSTANCE(htim->Instance, ChannelN));
3491:Drivers/STM32G4xx_HAL_Driver/Src/stm32g4xx_hal_tim_ex.c **** 
3492:Drivers/STM32G4xx_HAL_Driver/Src/stm32g4xx_hal_tim_ex.c ****   channel_state = TIM_CHANNEL_N_STATE_GET(htim, ChannelN);
3493:Drivers/STM32G4xx_HAL_Driver/Src/stm32g4xx_hal_tim_ex.c **** 
3494:Drivers/STM32G4xx_HAL_Driver/Src/stm32g4xx_hal_tim_ex.c ****   return channel_state;
3495:Drivers/STM32G4xx_HAL_Driver/Src/stm32g4xx_hal_tim_ex.c **** }
3496:Drivers/STM32G4xx_HAL_Driver/Src/stm32g4xx_hal_tim_ex.c **** /**
3497:Drivers/STM32G4xx_HAL_Driver/Src/stm32g4xx_hal_tim_ex.c ****   * @}
3498:Drivers/STM32G4xx_HAL_Driver/Src/stm32g4xx_hal_tim_ex.c ****   */
3499:Drivers/STM32G4xx_HAL_Driver/Src/stm32g4xx_hal_tim_ex.c **** 
3500:Drivers/STM32G4xx_HAL_Driver/Src/stm32g4xx_hal_tim_ex.c **** /**
3501:Drivers/STM32G4xx_HAL_Driver/Src/stm32g4xx_hal_tim_ex.c ****   * @}
3502:Drivers/STM32G4xx_HAL_Driver/Src/stm32g4xx_hal_tim_ex.c ****   */
3503:Drivers/STM32G4xx_HAL_Driver/Src/stm32g4xx_hal_tim_ex.c **** 
3504:Drivers/STM32G4xx_HAL_Driver/Src/stm32g4xx_hal_tim_ex.c **** /* Private functions ---------------------------------------------------------*/
3505:Drivers/STM32G4xx_HAL_Driver/Src/stm32g4xx_hal_tim_ex.c **** /** @defgroup TIMEx_Private_Functions TIM Extended Private Functions
3506:Drivers/STM32G4xx_HAL_Driver/Src/stm32g4xx_hal_tim_ex.c ****   * @{
3507:Drivers/STM32G4xx_HAL_Driver/Src/stm32g4xx_hal_tim_ex.c ****   */
ARM GAS  /tmp/ccX78w3T.s 			page 63


3508:Drivers/STM32G4xx_HAL_Driver/Src/stm32g4xx_hal_tim_ex.c **** 
3509:Drivers/STM32G4xx_HAL_Driver/Src/stm32g4xx_hal_tim_ex.c **** /**
3510:Drivers/STM32G4xx_HAL_Driver/Src/stm32g4xx_hal_tim_ex.c ****   * @brief  TIM DMA Commutation callback.
3511:Drivers/STM32G4xx_HAL_Driver/Src/stm32g4xx_hal_tim_ex.c ****   * @param  hdma pointer to DMA handle.
3512:Drivers/STM32G4xx_HAL_Driver/Src/stm32g4xx_hal_tim_ex.c ****   * @retval None
3513:Drivers/STM32G4xx_HAL_Driver/Src/stm32g4xx_hal_tim_ex.c ****   */
3514:Drivers/STM32G4xx_HAL_Driver/Src/stm32g4xx_hal_tim_ex.c **** void TIMEx_DMACommutationCplt(DMA_HandleTypeDef *hdma)
3515:Drivers/STM32G4xx_HAL_Driver/Src/stm32g4xx_hal_tim_ex.c **** {
3516:Drivers/STM32G4xx_HAL_Driver/Src/stm32g4xx_hal_tim_ex.c ****   TIM_HandleTypeDef *htim = (TIM_HandleTypeDef *)((DMA_HandleTypeDef *)hdma)->Parent;
3517:Drivers/STM32G4xx_HAL_Driver/Src/stm32g4xx_hal_tim_ex.c **** 
3518:Drivers/STM32G4xx_HAL_Driver/Src/stm32g4xx_hal_tim_ex.c ****   /* Change the htim state */
3519:Drivers/STM32G4xx_HAL_Driver/Src/stm32g4xx_hal_tim_ex.c ****   htim->State = HAL_TIM_STATE_READY;
3520:Drivers/STM32G4xx_HAL_Driver/Src/stm32g4xx_hal_tim_ex.c **** 
3521:Drivers/STM32G4xx_HAL_Driver/Src/stm32g4xx_hal_tim_ex.c **** #if (USE_HAL_TIM_REGISTER_CALLBACKS == 1)
3522:Drivers/STM32G4xx_HAL_Driver/Src/stm32g4xx_hal_tim_ex.c ****   htim->CommutationCallback(htim);
3523:Drivers/STM32G4xx_HAL_Driver/Src/stm32g4xx_hal_tim_ex.c **** #else
3524:Drivers/STM32G4xx_HAL_Driver/Src/stm32g4xx_hal_tim_ex.c ****   HAL_TIMEx_CommutCallback(htim);
3525:Drivers/STM32G4xx_HAL_Driver/Src/stm32g4xx_hal_tim_ex.c **** #endif /* USE_HAL_TIM_REGISTER_CALLBACKS */
3526:Drivers/STM32G4xx_HAL_Driver/Src/stm32g4xx_hal_tim_ex.c **** }
3527:Drivers/STM32G4xx_HAL_Driver/Src/stm32g4xx_hal_tim_ex.c **** 
3528:Drivers/STM32G4xx_HAL_Driver/Src/stm32g4xx_hal_tim_ex.c **** /**
3529:Drivers/STM32G4xx_HAL_Driver/Src/stm32g4xx_hal_tim_ex.c ****   * @brief  TIM DMA Commutation half complete callback.
3530:Drivers/STM32G4xx_HAL_Driver/Src/stm32g4xx_hal_tim_ex.c ****   * @param  hdma pointer to DMA handle.
3531:Drivers/STM32G4xx_HAL_Driver/Src/stm32g4xx_hal_tim_ex.c ****   * @retval None
3532:Drivers/STM32G4xx_HAL_Driver/Src/stm32g4xx_hal_tim_ex.c ****   */
3533:Drivers/STM32G4xx_HAL_Driver/Src/stm32g4xx_hal_tim_ex.c **** void TIMEx_DMACommutationHalfCplt(DMA_HandleTypeDef *hdma)
3534:Drivers/STM32G4xx_HAL_Driver/Src/stm32g4xx_hal_tim_ex.c **** {
3535:Drivers/STM32G4xx_HAL_Driver/Src/stm32g4xx_hal_tim_ex.c ****   TIM_HandleTypeDef *htim = (TIM_HandleTypeDef *)((DMA_HandleTypeDef *)hdma)->Parent;
3536:Drivers/STM32G4xx_HAL_Driver/Src/stm32g4xx_hal_tim_ex.c **** 
3537:Drivers/STM32G4xx_HAL_Driver/Src/stm32g4xx_hal_tim_ex.c ****   /* Change the htim state */
3538:Drivers/STM32G4xx_HAL_Driver/Src/stm32g4xx_hal_tim_ex.c ****   htim->State = HAL_TIM_STATE_READY;
3539:Drivers/STM32G4xx_HAL_Driver/Src/stm32g4xx_hal_tim_ex.c **** 
3540:Drivers/STM32G4xx_HAL_Driver/Src/stm32g4xx_hal_tim_ex.c **** #if (USE_HAL_TIM_REGISTER_CALLBACKS == 1)
3541:Drivers/STM32G4xx_HAL_Driver/Src/stm32g4xx_hal_tim_ex.c ****   htim->CommutationHalfCpltCallback(htim);
3542:Drivers/STM32G4xx_HAL_Driver/Src/stm32g4xx_hal_tim_ex.c **** #else
3543:Drivers/STM32G4xx_HAL_Driver/Src/stm32g4xx_hal_tim_ex.c ****   HAL_TIMEx_CommutHalfCpltCallback(htim);
3544:Drivers/STM32G4xx_HAL_Driver/Src/stm32g4xx_hal_tim_ex.c **** #endif /* USE_HAL_TIM_REGISTER_CALLBACKS */
3545:Drivers/STM32G4xx_HAL_Driver/Src/stm32g4xx_hal_tim_ex.c **** }
3546:Drivers/STM32G4xx_HAL_Driver/Src/stm32g4xx_hal_tim_ex.c **** 
3547:Drivers/STM32G4xx_HAL_Driver/Src/stm32g4xx_hal_tim_ex.c **** 
3548:Drivers/STM32G4xx_HAL_Driver/Src/stm32g4xx_hal_tim_ex.c **** /**
3549:Drivers/STM32G4xx_HAL_Driver/Src/stm32g4xx_hal_tim_ex.c ****   * @brief  TIM DMA Delay Pulse complete callback (complementary channel).
3550:Drivers/STM32G4xx_HAL_Driver/Src/stm32g4xx_hal_tim_ex.c ****   * @param  hdma pointer to DMA handle.
3551:Drivers/STM32G4xx_HAL_Driver/Src/stm32g4xx_hal_tim_ex.c ****   * @retval None
3552:Drivers/STM32G4xx_HAL_Driver/Src/stm32g4xx_hal_tim_ex.c ****   */
3553:Drivers/STM32G4xx_HAL_Driver/Src/stm32g4xx_hal_tim_ex.c **** static void TIM_DMADelayPulseNCplt(DMA_HandleTypeDef *hdma)
3554:Drivers/STM32G4xx_HAL_Driver/Src/stm32g4xx_hal_tim_ex.c **** {
3555:Drivers/STM32G4xx_HAL_Driver/Src/stm32g4xx_hal_tim_ex.c ****   TIM_HandleTypeDef *htim = (TIM_HandleTypeDef *)((DMA_HandleTypeDef *)hdma)->Parent;
3556:Drivers/STM32G4xx_HAL_Driver/Src/stm32g4xx_hal_tim_ex.c **** 
3557:Drivers/STM32G4xx_HAL_Driver/Src/stm32g4xx_hal_tim_ex.c ****   if (hdma == htim->hdma[TIM_DMA_ID_CC1])
3558:Drivers/STM32G4xx_HAL_Driver/Src/stm32g4xx_hal_tim_ex.c ****   {
3559:Drivers/STM32G4xx_HAL_Driver/Src/stm32g4xx_hal_tim_ex.c ****     htim->Channel = HAL_TIM_ACTIVE_CHANNEL_1;
3560:Drivers/STM32G4xx_HAL_Driver/Src/stm32g4xx_hal_tim_ex.c **** 
3561:Drivers/STM32G4xx_HAL_Driver/Src/stm32g4xx_hal_tim_ex.c ****     if (hdma->Init.Mode == DMA_NORMAL)
3562:Drivers/STM32G4xx_HAL_Driver/Src/stm32g4xx_hal_tim_ex.c ****     {
3563:Drivers/STM32G4xx_HAL_Driver/Src/stm32g4xx_hal_tim_ex.c ****       TIM_CHANNEL_N_STATE_SET(htim, TIM_CHANNEL_1, HAL_TIM_CHANNEL_STATE_READY);
3564:Drivers/STM32G4xx_HAL_Driver/Src/stm32g4xx_hal_tim_ex.c ****     }
ARM GAS  /tmp/ccX78w3T.s 			page 64


3565:Drivers/STM32G4xx_HAL_Driver/Src/stm32g4xx_hal_tim_ex.c ****   }
3566:Drivers/STM32G4xx_HAL_Driver/Src/stm32g4xx_hal_tim_ex.c ****   else if (hdma == htim->hdma[TIM_DMA_ID_CC2])
3567:Drivers/STM32G4xx_HAL_Driver/Src/stm32g4xx_hal_tim_ex.c ****   {
3568:Drivers/STM32G4xx_HAL_Driver/Src/stm32g4xx_hal_tim_ex.c ****     htim->Channel = HAL_TIM_ACTIVE_CHANNEL_2;
3569:Drivers/STM32G4xx_HAL_Driver/Src/stm32g4xx_hal_tim_ex.c **** 
3570:Drivers/STM32G4xx_HAL_Driver/Src/stm32g4xx_hal_tim_ex.c ****     if (hdma->Init.Mode == DMA_NORMAL)
3571:Drivers/STM32G4xx_HAL_Driver/Src/stm32g4xx_hal_tim_ex.c ****     {
3572:Drivers/STM32G4xx_HAL_Driver/Src/stm32g4xx_hal_tim_ex.c ****       TIM_CHANNEL_N_STATE_SET(htim, TIM_CHANNEL_2, HAL_TIM_CHANNEL_STATE_READY);
3573:Drivers/STM32G4xx_HAL_Driver/Src/stm32g4xx_hal_tim_ex.c ****     }
3574:Drivers/STM32G4xx_HAL_Driver/Src/stm32g4xx_hal_tim_ex.c ****   }
3575:Drivers/STM32G4xx_HAL_Driver/Src/stm32g4xx_hal_tim_ex.c ****   else if (hdma == htim->hdma[TIM_DMA_ID_CC3])
3576:Drivers/STM32G4xx_HAL_Driver/Src/stm32g4xx_hal_tim_ex.c ****   {
3577:Drivers/STM32G4xx_HAL_Driver/Src/stm32g4xx_hal_tim_ex.c ****     htim->Channel = HAL_TIM_ACTIVE_CHANNEL_3;
3578:Drivers/STM32G4xx_HAL_Driver/Src/stm32g4xx_hal_tim_ex.c **** 
3579:Drivers/STM32G4xx_HAL_Driver/Src/stm32g4xx_hal_tim_ex.c ****     if (hdma->Init.Mode == DMA_NORMAL)
3580:Drivers/STM32G4xx_HAL_Driver/Src/stm32g4xx_hal_tim_ex.c ****     {
3581:Drivers/STM32G4xx_HAL_Driver/Src/stm32g4xx_hal_tim_ex.c ****       TIM_CHANNEL_N_STATE_SET(htim, TIM_CHANNEL_3, HAL_TIM_CHANNEL_STATE_READY);
3582:Drivers/STM32G4xx_HAL_Driver/Src/stm32g4xx_hal_tim_ex.c ****     }
3583:Drivers/STM32G4xx_HAL_Driver/Src/stm32g4xx_hal_tim_ex.c ****   }
3584:Drivers/STM32G4xx_HAL_Driver/Src/stm32g4xx_hal_tim_ex.c ****   else if (hdma == htim->hdma[TIM_DMA_ID_CC4])
3585:Drivers/STM32G4xx_HAL_Driver/Src/stm32g4xx_hal_tim_ex.c ****   {
3586:Drivers/STM32G4xx_HAL_Driver/Src/stm32g4xx_hal_tim_ex.c ****     htim->Channel = HAL_TIM_ACTIVE_CHANNEL_4;
3587:Drivers/STM32G4xx_HAL_Driver/Src/stm32g4xx_hal_tim_ex.c **** 
3588:Drivers/STM32G4xx_HAL_Driver/Src/stm32g4xx_hal_tim_ex.c ****     if (hdma->Init.Mode == DMA_NORMAL)
3589:Drivers/STM32G4xx_HAL_Driver/Src/stm32g4xx_hal_tim_ex.c ****     {
3590:Drivers/STM32G4xx_HAL_Driver/Src/stm32g4xx_hal_tim_ex.c ****       TIM_CHANNEL_N_STATE_SET(htim, TIM_CHANNEL_4, HAL_TIM_CHANNEL_STATE_READY);
3591:Drivers/STM32G4xx_HAL_Driver/Src/stm32g4xx_hal_tim_ex.c ****     }
3592:Drivers/STM32G4xx_HAL_Driver/Src/stm32g4xx_hal_tim_ex.c ****   }
3593:Drivers/STM32G4xx_HAL_Driver/Src/stm32g4xx_hal_tim_ex.c ****   else
3594:Drivers/STM32G4xx_HAL_Driver/Src/stm32g4xx_hal_tim_ex.c ****   {
3595:Drivers/STM32G4xx_HAL_Driver/Src/stm32g4xx_hal_tim_ex.c ****     /* nothing to do */
3596:Drivers/STM32G4xx_HAL_Driver/Src/stm32g4xx_hal_tim_ex.c ****   }
3597:Drivers/STM32G4xx_HAL_Driver/Src/stm32g4xx_hal_tim_ex.c **** 
3598:Drivers/STM32G4xx_HAL_Driver/Src/stm32g4xx_hal_tim_ex.c **** #if (USE_HAL_TIM_REGISTER_CALLBACKS == 1)
3599:Drivers/STM32G4xx_HAL_Driver/Src/stm32g4xx_hal_tim_ex.c ****   htim->PWM_PulseFinishedCallback(htim);
3600:Drivers/STM32G4xx_HAL_Driver/Src/stm32g4xx_hal_tim_ex.c **** #else
3601:Drivers/STM32G4xx_HAL_Driver/Src/stm32g4xx_hal_tim_ex.c ****   HAL_TIM_PWM_PulseFinishedCallback(htim);
3602:Drivers/STM32G4xx_HAL_Driver/Src/stm32g4xx_hal_tim_ex.c **** #endif /* USE_HAL_TIM_REGISTER_CALLBACKS */
3603:Drivers/STM32G4xx_HAL_Driver/Src/stm32g4xx_hal_tim_ex.c **** 
3604:Drivers/STM32G4xx_HAL_Driver/Src/stm32g4xx_hal_tim_ex.c ****   htim->Channel = HAL_TIM_ACTIVE_CHANNEL_CLEARED;
3605:Drivers/STM32G4xx_HAL_Driver/Src/stm32g4xx_hal_tim_ex.c **** }
3606:Drivers/STM32G4xx_HAL_Driver/Src/stm32g4xx_hal_tim_ex.c **** 
3607:Drivers/STM32G4xx_HAL_Driver/Src/stm32g4xx_hal_tim_ex.c **** /**
3608:Drivers/STM32G4xx_HAL_Driver/Src/stm32g4xx_hal_tim_ex.c ****   * @brief  TIM DMA error callback (complementary channel)
3609:Drivers/STM32G4xx_HAL_Driver/Src/stm32g4xx_hal_tim_ex.c ****   * @param  hdma pointer to DMA handle.
3610:Drivers/STM32G4xx_HAL_Driver/Src/stm32g4xx_hal_tim_ex.c ****   * @retval None
3611:Drivers/STM32G4xx_HAL_Driver/Src/stm32g4xx_hal_tim_ex.c ****   */
3612:Drivers/STM32G4xx_HAL_Driver/Src/stm32g4xx_hal_tim_ex.c **** static void TIM_DMAErrorCCxN(DMA_HandleTypeDef *hdma)
3613:Drivers/STM32G4xx_HAL_Driver/Src/stm32g4xx_hal_tim_ex.c **** {
3614:Drivers/STM32G4xx_HAL_Driver/Src/stm32g4xx_hal_tim_ex.c ****   TIM_HandleTypeDef *htim = (TIM_HandleTypeDef *)((DMA_HandleTypeDef *)hdma)->Parent;
3615:Drivers/STM32G4xx_HAL_Driver/Src/stm32g4xx_hal_tim_ex.c **** 
3616:Drivers/STM32G4xx_HAL_Driver/Src/stm32g4xx_hal_tim_ex.c ****   if (hdma == htim->hdma[TIM_DMA_ID_CC1])
3617:Drivers/STM32G4xx_HAL_Driver/Src/stm32g4xx_hal_tim_ex.c ****   {
3618:Drivers/STM32G4xx_HAL_Driver/Src/stm32g4xx_hal_tim_ex.c ****     htim->Channel = HAL_TIM_ACTIVE_CHANNEL_1;
3619:Drivers/STM32G4xx_HAL_Driver/Src/stm32g4xx_hal_tim_ex.c ****     TIM_CHANNEL_N_STATE_SET(htim, TIM_CHANNEL_1, HAL_TIM_CHANNEL_STATE_READY);
3620:Drivers/STM32G4xx_HAL_Driver/Src/stm32g4xx_hal_tim_ex.c ****   }
3621:Drivers/STM32G4xx_HAL_Driver/Src/stm32g4xx_hal_tim_ex.c ****   else if (hdma == htim->hdma[TIM_DMA_ID_CC2])
ARM GAS  /tmp/ccX78w3T.s 			page 65


3622:Drivers/STM32G4xx_HAL_Driver/Src/stm32g4xx_hal_tim_ex.c ****   {
3623:Drivers/STM32G4xx_HAL_Driver/Src/stm32g4xx_hal_tim_ex.c ****     htim->Channel = HAL_TIM_ACTIVE_CHANNEL_2;
3624:Drivers/STM32G4xx_HAL_Driver/Src/stm32g4xx_hal_tim_ex.c ****     TIM_CHANNEL_N_STATE_SET(htim, TIM_CHANNEL_2, HAL_TIM_CHANNEL_STATE_READY);
3625:Drivers/STM32G4xx_HAL_Driver/Src/stm32g4xx_hal_tim_ex.c ****   }
3626:Drivers/STM32G4xx_HAL_Driver/Src/stm32g4xx_hal_tim_ex.c ****   else if (hdma == htim->hdma[TIM_DMA_ID_CC3])
3627:Drivers/STM32G4xx_HAL_Driver/Src/stm32g4xx_hal_tim_ex.c ****   {
3628:Drivers/STM32G4xx_HAL_Driver/Src/stm32g4xx_hal_tim_ex.c ****     htim->Channel = HAL_TIM_ACTIVE_CHANNEL_3;
3629:Drivers/STM32G4xx_HAL_Driver/Src/stm32g4xx_hal_tim_ex.c ****     TIM_CHANNEL_N_STATE_SET(htim, TIM_CHANNEL_3, HAL_TIM_CHANNEL_STATE_READY);
3630:Drivers/STM32G4xx_HAL_Driver/Src/stm32g4xx_hal_tim_ex.c ****   }
3631:Drivers/STM32G4xx_HAL_Driver/Src/stm32g4xx_hal_tim_ex.c ****   else if (hdma == htim->hdma[TIM_DMA_ID_CC4])
3632:Drivers/STM32G4xx_HAL_Driver/Src/stm32g4xx_hal_tim_ex.c ****   {
3633:Drivers/STM32G4xx_HAL_Driver/Src/stm32g4xx_hal_tim_ex.c ****     htim->Channel = HAL_TIM_ACTIVE_CHANNEL_4;
3634:Drivers/STM32G4xx_HAL_Driver/Src/stm32g4xx_hal_tim_ex.c ****     TIM_CHANNEL_N_STATE_SET(htim, TIM_CHANNEL_4, HAL_TIM_CHANNEL_STATE_READY);
3635:Drivers/STM32G4xx_HAL_Driver/Src/stm32g4xx_hal_tim_ex.c ****   }
3636:Drivers/STM32G4xx_HAL_Driver/Src/stm32g4xx_hal_tim_ex.c ****   else
3637:Drivers/STM32G4xx_HAL_Driver/Src/stm32g4xx_hal_tim_ex.c ****   {
3638:Drivers/STM32G4xx_HAL_Driver/Src/stm32g4xx_hal_tim_ex.c ****     /* nothing to do */
3639:Drivers/STM32G4xx_HAL_Driver/Src/stm32g4xx_hal_tim_ex.c ****   }
3640:Drivers/STM32G4xx_HAL_Driver/Src/stm32g4xx_hal_tim_ex.c **** 
3641:Drivers/STM32G4xx_HAL_Driver/Src/stm32g4xx_hal_tim_ex.c **** #if (USE_HAL_TIM_REGISTER_CALLBACKS == 1)
3642:Drivers/STM32G4xx_HAL_Driver/Src/stm32g4xx_hal_tim_ex.c ****   htim->ErrorCallback(htim);
3643:Drivers/STM32G4xx_HAL_Driver/Src/stm32g4xx_hal_tim_ex.c **** #else
3644:Drivers/STM32G4xx_HAL_Driver/Src/stm32g4xx_hal_tim_ex.c ****   HAL_TIM_ErrorCallback(htim);
3645:Drivers/STM32G4xx_HAL_Driver/Src/stm32g4xx_hal_tim_ex.c **** #endif /* USE_HAL_TIM_REGISTER_CALLBACKS */
3646:Drivers/STM32G4xx_HAL_Driver/Src/stm32g4xx_hal_tim_ex.c **** 
3647:Drivers/STM32G4xx_HAL_Driver/Src/stm32g4xx_hal_tim_ex.c ****   htim->Channel = HAL_TIM_ACTIVE_CHANNEL_CLEARED;
3648:Drivers/STM32G4xx_HAL_Driver/Src/stm32g4xx_hal_tim_ex.c **** }
3649:Drivers/STM32G4xx_HAL_Driver/Src/stm32g4xx_hal_tim_ex.c **** 
3650:Drivers/STM32G4xx_HAL_Driver/Src/stm32g4xx_hal_tim_ex.c **** /**
3651:Drivers/STM32G4xx_HAL_Driver/Src/stm32g4xx_hal_tim_ex.c ****   * @brief  Enables or disables the TIM Capture Compare Channel xN.
3652:Drivers/STM32G4xx_HAL_Driver/Src/stm32g4xx_hal_tim_ex.c ****   * @param  TIMx to select the TIM peripheral
3653:Drivers/STM32G4xx_HAL_Driver/Src/stm32g4xx_hal_tim_ex.c ****   * @param  Channel specifies the TIM Channel
3654:Drivers/STM32G4xx_HAL_Driver/Src/stm32g4xx_hal_tim_ex.c ****   *          This parameter can be one of the following values:
3655:Drivers/STM32G4xx_HAL_Driver/Src/stm32g4xx_hal_tim_ex.c ****   *            @arg TIM_CHANNEL_1: TIM Channel 1 selected
3656:Drivers/STM32G4xx_HAL_Driver/Src/stm32g4xx_hal_tim_ex.c ****   *            @arg TIM_CHANNEL_2: TIM Channel 2 selected
3657:Drivers/STM32G4xx_HAL_Driver/Src/stm32g4xx_hal_tim_ex.c ****   *            @arg TIM_CHANNEL_3: TIM Channel 3 selected
3658:Drivers/STM32G4xx_HAL_Driver/Src/stm32g4xx_hal_tim_ex.c ****   *            @arg TIM_CHANNEL_4: TIM Channel 4 selected
3659:Drivers/STM32G4xx_HAL_Driver/Src/stm32g4xx_hal_tim_ex.c ****   * @param  ChannelNState specifies the TIM Channel CCxNE bit new state.
3660:Drivers/STM32G4xx_HAL_Driver/Src/stm32g4xx_hal_tim_ex.c ****   *          This parameter can be: TIM_CCxN_ENABLE or TIM_CCxN_Disable.
3661:Drivers/STM32G4xx_HAL_Driver/Src/stm32g4xx_hal_tim_ex.c ****   * @retval None
3662:Drivers/STM32G4xx_HAL_Driver/Src/stm32g4xx_hal_tim_ex.c ****   */
3663:Drivers/STM32G4xx_HAL_Driver/Src/stm32g4xx_hal_tim_ex.c **** static void TIM_CCxNChannelCmd(TIM_TypeDef *TIMx, uint32_t Channel, uint32_t ChannelNState)
3664:Drivers/STM32G4xx_HAL_Driver/Src/stm32g4xx_hal_tim_ex.c **** {
  29              		.loc 1 3664 1 view -0
  30              		.cfi_startproc
  31              		@ args = 0, pretend = 0, frame = 0
  32              		@ frame_needed = 0, uses_anonymous_args = 0
  33              		@ link register save eliminated.
3665:Drivers/STM32G4xx_HAL_Driver/Src/stm32g4xx_hal_tim_ex.c ****   uint32_t tmp;
  34              		.loc 1 3665 3 view .LVU1
3666:Drivers/STM32G4xx_HAL_Driver/Src/stm32g4xx_hal_tim_ex.c **** 
3667:Drivers/STM32G4xx_HAL_Driver/Src/stm32g4xx_hal_tim_ex.c ****   tmp = TIM_CCER_CC1NE << (Channel & 0xFU); /* 0xFU = 15 bits max shift */
  35              		.loc 1 3667 3 view .LVU2
  36              		.loc 1 3667 36 is_stmt 0 view .LVU3
  37 0000 01F00F01 		and	r1, r1, #15
  38              	.LVL1:
  39              		.loc 1 3667 7 view .LVU4
ARM GAS  /tmp/ccX78w3T.s 			page 66


  40 0004 4FF0040C 		mov	ip, #4
  41 0008 0CFA01FC 		lsl	ip, ip, r1
  42              	.LVL2:
3668:Drivers/STM32G4xx_HAL_Driver/Src/stm32g4xx_hal_tim_ex.c **** 
3669:Drivers/STM32G4xx_HAL_Driver/Src/stm32g4xx_hal_tim_ex.c ****   /* Reset the CCxNE Bit */
3670:Drivers/STM32G4xx_HAL_Driver/Src/stm32g4xx_hal_tim_ex.c ****   TIMx->CCER &=  ~tmp;
  43              		.loc 1 3670 3 is_stmt 1 view .LVU5
  44              		.loc 1 3670 7 is_stmt 0 view .LVU6
  45 000c 036A     		ldr	r3, [r0, #32]
  46              		.loc 1 3670 14 view .LVU7
  47 000e 23EA0C03 		bic	r3, r3, ip
  48 0012 0362     		str	r3, [r0, #32]
3671:Drivers/STM32G4xx_HAL_Driver/Src/stm32g4xx_hal_tim_ex.c **** 
3672:Drivers/STM32G4xx_HAL_Driver/Src/stm32g4xx_hal_tim_ex.c ****   /* Set or reset the CCxNE Bit */
3673:Drivers/STM32G4xx_HAL_Driver/Src/stm32g4xx_hal_tim_ex.c ****   TIMx->CCER |= (uint32_t)(ChannelNState << (Channel & 0xFU)); /* 0xFU = 15 bits max shift */
  49              		.loc 1 3673 3 is_stmt 1 view .LVU8
  50              		.loc 1 3673 7 is_stmt 0 view .LVU9
  51 0014 036A     		ldr	r3, [r0, #32]
  52              		.loc 1 3673 42 view .LVU10
  53 0016 8A40     		lsls	r2, r2, r1
  54              	.LVL3:
  55              		.loc 1 3673 14 view .LVU11
  56 0018 1343     		orrs	r3, r3, r2
  57 001a 0362     		str	r3, [r0, #32]
3674:Drivers/STM32G4xx_HAL_Driver/Src/stm32g4xx_hal_tim_ex.c **** }
  58              		.loc 1 3674 1 view .LVU12
  59 001c 7047     		bx	lr
  60              		.cfi_endproc
  61              	.LFE397:
  63              		.section	.text.TIM_DMAErrorCCxN,"ax",%progbits
  64              		.align	1
  65              		.syntax unified
  66              		.thumb
  67              		.thumb_func
  69              	TIM_DMAErrorCCxN:
  70              	.LVL4:
  71              	.LFB396:
3613:Drivers/STM32G4xx_HAL_Driver/Src/stm32g4xx_hal_tim_ex.c ****   TIM_HandleTypeDef *htim = (TIM_HandleTypeDef *)((DMA_HandleTypeDef *)hdma)->Parent;
  72              		.loc 1 3613 1 is_stmt 1 view -0
  73              		.cfi_startproc
  74              		@ args = 0, pretend = 0, frame = 0
  75              		@ frame_needed = 0, uses_anonymous_args = 0
3613:Drivers/STM32G4xx_HAL_Driver/Src/stm32g4xx_hal_tim_ex.c ****   TIM_HandleTypeDef *htim = (TIM_HandleTypeDef *)((DMA_HandleTypeDef *)hdma)->Parent;
  76              		.loc 1 3613 1 is_stmt 0 view .LVU14
  77 0000 10B5     		push	{r4, lr}
  78              	.LCFI0:
  79              		.cfi_def_cfa_offset 8
  80              		.cfi_offset 4, -8
  81              		.cfi_offset 14, -4
3614:Drivers/STM32G4xx_HAL_Driver/Src/stm32g4xx_hal_tim_ex.c **** 
  82              		.loc 1 3614 3 is_stmt 1 view .LVU15
3614:Drivers/STM32G4xx_HAL_Driver/Src/stm32g4xx_hal_tim_ex.c **** 
  83              		.loc 1 3614 22 is_stmt 0 view .LVU16
  84 0002 846A     		ldr	r4, [r0, #40]
  85              	.LVL5:
3616:Drivers/STM32G4xx_HAL_Driver/Src/stm32g4xx_hal_tim_ex.c ****   {
  86              		.loc 1 3616 3 is_stmt 1 view .LVU17
ARM GAS  /tmp/ccX78w3T.s 			page 67


3616:Drivers/STM32G4xx_HAL_Driver/Src/stm32g4xx_hal_tim_ex.c ****   {
  87              		.loc 1 3616 25 is_stmt 0 view .LVU18
  88 0004 636A     		ldr	r3, [r4, #36]
3616:Drivers/STM32G4xx_HAL_Driver/Src/stm32g4xx_hal_tim_ex.c ****   {
  89              		.loc 1 3616 6 view .LVU19
  90 0006 8342     		cmp	r3, r0
  91 0008 0ED0     		beq	.L8
3621:Drivers/STM32G4xx_HAL_Driver/Src/stm32g4xx_hal_tim_ex.c ****   {
  92              		.loc 1 3621 8 is_stmt 1 view .LVU20
3621:Drivers/STM32G4xx_HAL_Driver/Src/stm32g4xx_hal_tim_ex.c ****   {
  93              		.loc 1 3621 30 is_stmt 0 view .LVU21
  94 000a A36A     		ldr	r3, [r4, #40]
3621:Drivers/STM32G4xx_HAL_Driver/Src/stm32g4xx_hal_tim_ex.c ****   {
  95              		.loc 1 3621 11 view .LVU22
  96 000c 8342     		cmp	r3, r0
  97 000e 15D0     		beq	.L9
3626:Drivers/STM32G4xx_HAL_Driver/Src/stm32g4xx_hal_tim_ex.c ****   {
  98              		.loc 1 3626 8 is_stmt 1 view .LVU23
3626:Drivers/STM32G4xx_HAL_Driver/Src/stm32g4xx_hal_tim_ex.c ****   {
  99              		.loc 1 3626 30 is_stmt 0 view .LVU24
 100 0010 E36A     		ldr	r3, [r4, #44]
3626:Drivers/STM32G4xx_HAL_Driver/Src/stm32g4xx_hal_tim_ex.c ****   {
 101              		.loc 1 3626 11 view .LVU25
 102 0012 8342     		cmp	r3, r0
 103 0014 18D0     		beq	.L10
3631:Drivers/STM32G4xx_HAL_Driver/Src/stm32g4xx_hal_tim_ex.c ****   {
 104              		.loc 1 3631 8 is_stmt 1 view .LVU26
3631:Drivers/STM32G4xx_HAL_Driver/Src/stm32g4xx_hal_tim_ex.c ****   {
 105              		.loc 1 3631 30 is_stmt 0 view .LVU27
 106 0016 236B     		ldr	r3, [r4, #48]
3631:Drivers/STM32G4xx_HAL_Driver/Src/stm32g4xx_hal_tim_ex.c ****   {
 107              		.loc 1 3631 11 view .LVU28
 108 0018 8342     		cmp	r3, r0
 109 001a 09D1     		bne	.L4
3633:Drivers/STM32G4xx_HAL_Driver/Src/stm32g4xx_hal_tim_ex.c ****     TIM_CHANNEL_N_STATE_SET(htim, TIM_CHANNEL_4, HAL_TIM_CHANNEL_STATE_READY);
 110              		.loc 1 3633 5 is_stmt 1 view .LVU29
3633:Drivers/STM32G4xx_HAL_Driver/Src/stm32g4xx_hal_tim_ex.c ****     TIM_CHANNEL_N_STATE_SET(htim, TIM_CHANNEL_4, HAL_TIM_CHANNEL_STATE_READY);
 111              		.loc 1 3633 19 is_stmt 0 view .LVU30
 112 001c 0823     		movs	r3, #8
 113 001e 2377     		strb	r3, [r4, #28]
3634:Drivers/STM32G4xx_HAL_Driver/Src/stm32g4xx_hal_tim_ex.c ****   }
 114              		.loc 1 3634 5 is_stmt 1 view .LVU31
 115 0020 0123     		movs	r3, #1
 116 0022 84F84730 		strb	r3, [r4, #71]
 117 0026 03E0     		b	.L4
 118              	.L8:
3618:Drivers/STM32G4xx_HAL_Driver/Src/stm32g4xx_hal_tim_ex.c ****     TIM_CHANNEL_N_STATE_SET(htim, TIM_CHANNEL_1, HAL_TIM_CHANNEL_STATE_READY);
 119              		.loc 1 3618 5 view .LVU32
3618:Drivers/STM32G4xx_HAL_Driver/Src/stm32g4xx_hal_tim_ex.c ****     TIM_CHANNEL_N_STATE_SET(htim, TIM_CHANNEL_1, HAL_TIM_CHANNEL_STATE_READY);
 120              		.loc 1 3618 19 is_stmt 0 view .LVU33
 121 0028 0123     		movs	r3, #1
 122 002a 2377     		strb	r3, [r4, #28]
3619:Drivers/STM32G4xx_HAL_Driver/Src/stm32g4xx_hal_tim_ex.c ****   }
 123              		.loc 1 3619 5 is_stmt 1 view .LVU34
 124 002c 84F84430 		strb	r3, [r4, #68]
 125              	.L4:
3639:Drivers/STM32G4xx_HAL_Driver/Src/stm32g4xx_hal_tim_ex.c **** 
ARM GAS  /tmp/ccX78w3T.s 			page 68


 126              		.loc 1 3639 3 view .LVU35
3644:Drivers/STM32G4xx_HAL_Driver/Src/stm32g4xx_hal_tim_ex.c **** #endif /* USE_HAL_TIM_REGISTER_CALLBACKS */
 127              		.loc 1 3644 3 view .LVU36
 128 0030 2046     		mov	r0, r4
 129              	.LVL6:
3644:Drivers/STM32G4xx_HAL_Driver/Src/stm32g4xx_hal_tim_ex.c **** #endif /* USE_HAL_TIM_REGISTER_CALLBACKS */
 130              		.loc 1 3644 3 is_stmt 0 view .LVU37
 131 0032 FFF7FEFF 		bl	HAL_TIM_ErrorCallback
 132              	.LVL7:
3647:Drivers/STM32G4xx_HAL_Driver/Src/stm32g4xx_hal_tim_ex.c **** }
 133              		.loc 1 3647 3 is_stmt 1 view .LVU38
3647:Drivers/STM32G4xx_HAL_Driver/Src/stm32g4xx_hal_tim_ex.c **** }
 134              		.loc 1 3647 17 is_stmt 0 view .LVU39
 135 0036 0023     		movs	r3, #0
 136 0038 2377     		strb	r3, [r4, #28]
3648:Drivers/STM32G4xx_HAL_Driver/Src/stm32g4xx_hal_tim_ex.c **** 
 137              		.loc 1 3648 1 view .LVU40
 138 003a 10BD     		pop	{r4, pc}
 139              	.LVL8:
 140              	.L9:
3623:Drivers/STM32G4xx_HAL_Driver/Src/stm32g4xx_hal_tim_ex.c ****     TIM_CHANNEL_N_STATE_SET(htim, TIM_CHANNEL_2, HAL_TIM_CHANNEL_STATE_READY);
 141              		.loc 1 3623 5 is_stmt 1 view .LVU41
3623:Drivers/STM32G4xx_HAL_Driver/Src/stm32g4xx_hal_tim_ex.c ****     TIM_CHANNEL_N_STATE_SET(htim, TIM_CHANNEL_2, HAL_TIM_CHANNEL_STATE_READY);
 142              		.loc 1 3623 19 is_stmt 0 view .LVU42
 143 003c 0223     		movs	r3, #2
 144 003e 2377     		strb	r3, [r4, #28]
3624:Drivers/STM32G4xx_HAL_Driver/Src/stm32g4xx_hal_tim_ex.c ****   }
 145              		.loc 1 3624 5 is_stmt 1 view .LVU43
 146 0040 0123     		movs	r3, #1
 147 0042 84F84530 		strb	r3, [r4, #69]
 148 0046 F3E7     		b	.L4
 149              	.L10:
3628:Drivers/STM32G4xx_HAL_Driver/Src/stm32g4xx_hal_tim_ex.c ****     TIM_CHANNEL_N_STATE_SET(htim, TIM_CHANNEL_3, HAL_TIM_CHANNEL_STATE_READY);
 150              		.loc 1 3628 5 view .LVU44
3628:Drivers/STM32G4xx_HAL_Driver/Src/stm32g4xx_hal_tim_ex.c ****     TIM_CHANNEL_N_STATE_SET(htim, TIM_CHANNEL_3, HAL_TIM_CHANNEL_STATE_READY);
 151              		.loc 1 3628 19 is_stmt 0 view .LVU45
 152 0048 0423     		movs	r3, #4
 153 004a 2377     		strb	r3, [r4, #28]
3629:Drivers/STM32G4xx_HAL_Driver/Src/stm32g4xx_hal_tim_ex.c ****   }
 154              		.loc 1 3629 5 is_stmt 1 view .LVU46
 155 004c 0123     		movs	r3, #1
 156 004e 84F84630 		strb	r3, [r4, #70]
 157 0052 EDE7     		b	.L4
 158              		.cfi_endproc
 159              	.LFE396:
 161              		.section	.text.TIM_DMADelayPulseNCplt,"ax",%progbits
 162              		.align	1
 163              		.syntax unified
 164              		.thumb
 165              		.thumb_func
 167              	TIM_DMADelayPulseNCplt:
 168              	.LVL9:
 169              	.LFB395:
3554:Drivers/STM32G4xx_HAL_Driver/Src/stm32g4xx_hal_tim_ex.c ****   TIM_HandleTypeDef *htim = (TIM_HandleTypeDef *)((DMA_HandleTypeDef *)hdma)->Parent;
 170              		.loc 1 3554 1 view -0
 171              		.cfi_startproc
 172              		@ args = 0, pretend = 0, frame = 0
ARM GAS  /tmp/ccX78w3T.s 			page 69


 173              		@ frame_needed = 0, uses_anonymous_args = 0
3554:Drivers/STM32G4xx_HAL_Driver/Src/stm32g4xx_hal_tim_ex.c ****   TIM_HandleTypeDef *htim = (TIM_HandleTypeDef *)((DMA_HandleTypeDef *)hdma)->Parent;
 174              		.loc 1 3554 1 is_stmt 0 view .LVU48
 175 0000 10B5     		push	{r4, lr}
 176              	.LCFI1:
 177              		.cfi_def_cfa_offset 8
 178              		.cfi_offset 4, -8
 179              		.cfi_offset 14, -4
3555:Drivers/STM32G4xx_HAL_Driver/Src/stm32g4xx_hal_tim_ex.c **** 
 180              		.loc 1 3555 3 is_stmt 1 view .LVU49
3555:Drivers/STM32G4xx_HAL_Driver/Src/stm32g4xx_hal_tim_ex.c **** 
 181              		.loc 1 3555 22 is_stmt 0 view .LVU50
 182 0002 846A     		ldr	r4, [r0, #40]
 183              	.LVL10:
3557:Drivers/STM32G4xx_HAL_Driver/Src/stm32g4xx_hal_tim_ex.c ****   {
 184              		.loc 1 3557 3 is_stmt 1 view .LVU51
3557:Drivers/STM32G4xx_HAL_Driver/Src/stm32g4xx_hal_tim_ex.c ****   {
 185              		.loc 1 3557 25 is_stmt 0 view .LVU52
 186 0004 636A     		ldr	r3, [r4, #36]
3557:Drivers/STM32G4xx_HAL_Driver/Src/stm32g4xx_hal_tim_ex.c ****   {
 187              		.loc 1 3557 6 view .LVU53
 188 0006 8342     		cmp	r3, r0
 189 0008 0ED0     		beq	.L17
3566:Drivers/STM32G4xx_HAL_Driver/Src/stm32g4xx_hal_tim_ex.c ****   {
 190              		.loc 1 3566 8 is_stmt 1 view .LVU54
3566:Drivers/STM32G4xx_HAL_Driver/Src/stm32g4xx_hal_tim_ex.c ****   {
 191              		.loc 1 3566 30 is_stmt 0 view .LVU55
 192 000a A36A     		ldr	r3, [r4, #40]
3566:Drivers/STM32G4xx_HAL_Driver/Src/stm32g4xx_hal_tim_ex.c ****   {
 193              		.loc 1 3566 11 view .LVU56
 194 000c 8342     		cmp	r3, r0
 195 000e 14D0     		beq	.L18
3575:Drivers/STM32G4xx_HAL_Driver/Src/stm32g4xx_hal_tim_ex.c ****   {
 196              		.loc 1 3575 8 is_stmt 1 view .LVU57
3575:Drivers/STM32G4xx_HAL_Driver/Src/stm32g4xx_hal_tim_ex.c ****   {
 197              		.loc 1 3575 30 is_stmt 0 view .LVU58
 198 0010 E36A     		ldr	r3, [r4, #44]
3575:Drivers/STM32G4xx_HAL_Driver/Src/stm32g4xx_hal_tim_ex.c ****   {
 199              		.loc 1 3575 11 view .LVU59
 200 0012 8342     		cmp	r3, r0
 201 0014 1AD0     		beq	.L19
3584:Drivers/STM32G4xx_HAL_Driver/Src/stm32g4xx_hal_tim_ex.c ****   {
 202              		.loc 1 3584 8 is_stmt 1 view .LVU60
3584:Drivers/STM32G4xx_HAL_Driver/Src/stm32g4xx_hal_tim_ex.c ****   {
 203              		.loc 1 3584 30 is_stmt 0 view .LVU61
 204 0016 236B     		ldr	r3, [r4, #48]
3584:Drivers/STM32G4xx_HAL_Driver/Src/stm32g4xx_hal_tim_ex.c ****   {
 205              		.loc 1 3584 11 view .LVU62
 206 0018 8342     		cmp	r3, r0
 207 001a 20D0     		beq	.L20
 208              	.L13:
3596:Drivers/STM32G4xx_HAL_Driver/Src/stm32g4xx_hal_tim_ex.c **** 
 209              		.loc 1 3596 3 is_stmt 1 view .LVU63
3601:Drivers/STM32G4xx_HAL_Driver/Src/stm32g4xx_hal_tim_ex.c **** #endif /* USE_HAL_TIM_REGISTER_CALLBACKS */
 210              		.loc 1 3601 3 view .LVU64
 211 001c 2046     		mov	r0, r4
 212              	.LVL11:
ARM GAS  /tmp/ccX78w3T.s 			page 70


3601:Drivers/STM32G4xx_HAL_Driver/Src/stm32g4xx_hal_tim_ex.c **** #endif /* USE_HAL_TIM_REGISTER_CALLBACKS */
 213              		.loc 1 3601 3 is_stmt 0 view .LVU65
 214 001e FFF7FEFF 		bl	HAL_TIM_PWM_PulseFinishedCallback
 215              	.LVL12:
3604:Drivers/STM32G4xx_HAL_Driver/Src/stm32g4xx_hal_tim_ex.c **** }
 216              		.loc 1 3604 3 is_stmt 1 view .LVU66
3604:Drivers/STM32G4xx_HAL_Driver/Src/stm32g4xx_hal_tim_ex.c **** }
 217              		.loc 1 3604 17 is_stmt 0 view .LVU67
 218 0022 0023     		movs	r3, #0
 219 0024 2377     		strb	r3, [r4, #28]
3605:Drivers/STM32G4xx_HAL_Driver/Src/stm32g4xx_hal_tim_ex.c **** 
 220              		.loc 1 3605 1 view .LVU68
 221 0026 10BD     		pop	{r4, pc}
 222              	.LVL13:
 223              	.L17:
3559:Drivers/STM32G4xx_HAL_Driver/Src/stm32g4xx_hal_tim_ex.c **** 
 224              		.loc 1 3559 5 is_stmt 1 view .LVU69
3559:Drivers/STM32G4xx_HAL_Driver/Src/stm32g4xx_hal_tim_ex.c **** 
 225              		.loc 1 3559 19 is_stmt 0 view .LVU70
 226 0028 0123     		movs	r3, #1
 227 002a 2377     		strb	r3, [r4, #28]
3561:Drivers/STM32G4xx_HAL_Driver/Src/stm32g4xx_hal_tim_ex.c ****     {
 228              		.loc 1 3561 5 is_stmt 1 view .LVU71
3561:Drivers/STM32G4xx_HAL_Driver/Src/stm32g4xx_hal_tim_ex.c ****     {
 229              		.loc 1 3561 19 is_stmt 0 view .LVU72
 230 002c C369     		ldr	r3, [r0, #28]
3561:Drivers/STM32G4xx_HAL_Driver/Src/stm32g4xx_hal_tim_ex.c ****     {
 231              		.loc 1 3561 8 view .LVU73
 232 002e 002B     		cmp	r3, #0
 233 0030 F4D1     		bne	.L13
3563:Drivers/STM32G4xx_HAL_Driver/Src/stm32g4xx_hal_tim_ex.c ****     }
 234              		.loc 1 3563 7 is_stmt 1 view .LVU74
 235 0032 0123     		movs	r3, #1
 236 0034 84F84430 		strb	r3, [r4, #68]
 237 0038 F0E7     		b	.L13
 238              	.L18:
3568:Drivers/STM32G4xx_HAL_Driver/Src/stm32g4xx_hal_tim_ex.c **** 
 239              		.loc 1 3568 5 view .LVU75
3568:Drivers/STM32G4xx_HAL_Driver/Src/stm32g4xx_hal_tim_ex.c **** 
 240              		.loc 1 3568 19 is_stmt 0 view .LVU76
 241 003a 0223     		movs	r3, #2
 242 003c 2377     		strb	r3, [r4, #28]
3570:Drivers/STM32G4xx_HAL_Driver/Src/stm32g4xx_hal_tim_ex.c ****     {
 243              		.loc 1 3570 5 is_stmt 1 view .LVU77
3570:Drivers/STM32G4xx_HAL_Driver/Src/stm32g4xx_hal_tim_ex.c ****     {
 244              		.loc 1 3570 19 is_stmt 0 view .LVU78
 245 003e C369     		ldr	r3, [r0, #28]
3570:Drivers/STM32G4xx_HAL_Driver/Src/stm32g4xx_hal_tim_ex.c ****     {
 246              		.loc 1 3570 8 view .LVU79
 247 0040 002B     		cmp	r3, #0
 248 0042 EBD1     		bne	.L13
3572:Drivers/STM32G4xx_HAL_Driver/Src/stm32g4xx_hal_tim_ex.c ****     }
 249              		.loc 1 3572 7 is_stmt 1 view .LVU80
 250 0044 0123     		movs	r3, #1
 251 0046 84F84530 		strb	r3, [r4, #69]
 252 004a E7E7     		b	.L13
 253              	.L19:
ARM GAS  /tmp/ccX78w3T.s 			page 71


3577:Drivers/STM32G4xx_HAL_Driver/Src/stm32g4xx_hal_tim_ex.c **** 
 254              		.loc 1 3577 5 view .LVU81
3577:Drivers/STM32G4xx_HAL_Driver/Src/stm32g4xx_hal_tim_ex.c **** 
 255              		.loc 1 3577 19 is_stmt 0 view .LVU82
 256 004c 0423     		movs	r3, #4
 257 004e 2377     		strb	r3, [r4, #28]
3579:Drivers/STM32G4xx_HAL_Driver/Src/stm32g4xx_hal_tim_ex.c ****     {
 258              		.loc 1 3579 5 is_stmt 1 view .LVU83
3579:Drivers/STM32G4xx_HAL_Driver/Src/stm32g4xx_hal_tim_ex.c ****     {
 259              		.loc 1 3579 19 is_stmt 0 view .LVU84
 260 0050 C369     		ldr	r3, [r0, #28]
3579:Drivers/STM32G4xx_HAL_Driver/Src/stm32g4xx_hal_tim_ex.c ****     {
 261              		.loc 1 3579 8 view .LVU85
 262 0052 002B     		cmp	r3, #0
 263 0054 E2D1     		bne	.L13
3581:Drivers/STM32G4xx_HAL_Driver/Src/stm32g4xx_hal_tim_ex.c ****     }
 264              		.loc 1 3581 7 is_stmt 1 view .LVU86
 265 0056 0123     		movs	r3, #1
 266 0058 84F84630 		strb	r3, [r4, #70]
 267 005c DEE7     		b	.L13
 268              	.L20:
3586:Drivers/STM32G4xx_HAL_Driver/Src/stm32g4xx_hal_tim_ex.c **** 
 269              		.loc 1 3586 5 view .LVU87
3586:Drivers/STM32G4xx_HAL_Driver/Src/stm32g4xx_hal_tim_ex.c **** 
 270              		.loc 1 3586 19 is_stmt 0 view .LVU88
 271 005e 0823     		movs	r3, #8
 272 0060 2377     		strb	r3, [r4, #28]
3588:Drivers/STM32G4xx_HAL_Driver/Src/stm32g4xx_hal_tim_ex.c ****     {
 273              		.loc 1 3588 5 is_stmt 1 view .LVU89
3588:Drivers/STM32G4xx_HAL_Driver/Src/stm32g4xx_hal_tim_ex.c ****     {
 274              		.loc 1 3588 19 is_stmt 0 view .LVU90
 275 0062 C369     		ldr	r3, [r0, #28]
3588:Drivers/STM32G4xx_HAL_Driver/Src/stm32g4xx_hal_tim_ex.c ****     {
 276              		.loc 1 3588 8 view .LVU91
 277 0064 002B     		cmp	r3, #0
 278 0066 D9D1     		bne	.L13
3590:Drivers/STM32G4xx_HAL_Driver/Src/stm32g4xx_hal_tim_ex.c ****     }
 279              		.loc 1 3590 7 is_stmt 1 view .LVU92
 280 0068 0123     		movs	r3, #1
 281 006a 84F84730 		strb	r3, [r4, #71]
 282 006e D5E7     		b	.L13
 283              		.cfi_endproc
 284              	.LFE395:
 286              		.section	.text.HAL_TIMEx_HallSensor_MspInit,"ax",%progbits
 287              		.align	1
 288              		.weak	HAL_TIMEx_HallSensor_MspInit
 289              		.syntax unified
 290              		.thumb
 291              		.thumb_func
 293              	HAL_TIMEx_HallSensor_MspInit:
 294              	.LVL14:
 295              	.LFB331:
 305:Drivers/STM32G4xx_HAL_Driver/Src/stm32g4xx_hal_tim_ex.c ****   /* Prevent unused argument(s) compilation warning */
 296              		.loc 1 305 1 view -0
 297              		.cfi_startproc
 298              		@ args = 0, pretend = 0, frame = 0
 299              		@ frame_needed = 0, uses_anonymous_args = 0
ARM GAS  /tmp/ccX78w3T.s 			page 72


 300              		@ link register save eliminated.
 307:Drivers/STM32G4xx_HAL_Driver/Src/stm32g4xx_hal_tim_ex.c **** 
 301              		.loc 1 307 3 view .LVU94
 312:Drivers/STM32G4xx_HAL_Driver/Src/stm32g4xx_hal_tim_ex.c **** 
 302              		.loc 1 312 1 is_stmt 0 view .LVU95
 303 0000 7047     		bx	lr
 304              		.cfi_endproc
 305              	.LFE331:
 307              		.section	.text.HAL_TIMEx_HallSensor_Init,"ax",%progbits
 308              		.align	1
 309              		.global	HAL_TIMEx_HallSensor_Init
 310              		.syntax unified
 311              		.thumb
 312              		.thumb_func
 314              	HAL_TIMEx_HallSensor_Init:
 315              	.LVL15:
 316              	.LFB329:
 158:Drivers/STM32G4xx_HAL_Driver/Src/stm32g4xx_hal_tim_ex.c ****   TIM_OC_InitTypeDef OC_Config;
 317              		.loc 1 158 1 is_stmt 1 view -0
 318              		.cfi_startproc
 319              		@ args = 0, pretend = 0, frame = 32
 320              		@ frame_needed = 0, uses_anonymous_args = 0
 159:Drivers/STM32G4xx_HAL_Driver/Src/stm32g4xx_hal_tim_ex.c **** 
 321              		.loc 1 159 3 view .LVU97
 162:Drivers/STM32G4xx_HAL_Driver/Src/stm32g4xx_hal_tim_ex.c ****   {
 322              		.loc 1 162 3 view .LVU98
 162:Drivers/STM32G4xx_HAL_Driver/Src/stm32g4xx_hal_tim_ex.c ****   {
 323              		.loc 1 162 6 is_stmt 0 view .LVU99
 324 0000 0028     		cmp	r0, #0
 325 0002 6BD0     		beq	.L25
 158:Drivers/STM32G4xx_HAL_Driver/Src/stm32g4xx_hal_tim_ex.c ****   TIM_OC_InitTypeDef OC_Config;
 326              		.loc 1 158 1 view .LVU100
 327 0004 70B5     		push	{r4, r5, r6, lr}
 328              	.LCFI2:
 329              		.cfi_def_cfa_offset 16
 330              		.cfi_offset 4, -16
 331              		.cfi_offset 5, -12
 332              		.cfi_offset 6, -8
 333              		.cfi_offset 14, -4
 334 0006 88B0     		sub	sp, sp, #32
 335              	.LCFI3:
 336              		.cfi_def_cfa_offset 48
 337 0008 0E46     		mov	r6, r1
 338 000a 0446     		mov	r4, r0
 168:Drivers/STM32G4xx_HAL_Driver/Src/stm32g4xx_hal_tim_ex.c ****   assert_param(IS_TIM_COUNTER_MODE(htim->Init.CounterMode));
 339              		.loc 1 168 3 is_stmt 1 view .LVU101
 169:Drivers/STM32G4xx_HAL_Driver/Src/stm32g4xx_hal_tim_ex.c ****   assert_param(IS_TIM_CLOCKDIVISION_DIV(htim->Init.ClockDivision));
 340              		.loc 1 169 3 view .LVU102
 170:Drivers/STM32G4xx_HAL_Driver/Src/stm32g4xx_hal_tim_ex.c ****   assert_param(IS_TIM_AUTORELOAD_PRELOAD(htim->Init.AutoReloadPreload));
 341              		.loc 1 170 3 view .LVU103
 171:Drivers/STM32G4xx_HAL_Driver/Src/stm32g4xx_hal_tim_ex.c ****   assert_param(IS_TIM_IC_POLARITY(sConfig->IC1Polarity));
 342              		.loc 1 171 3 view .LVU104
 172:Drivers/STM32G4xx_HAL_Driver/Src/stm32g4xx_hal_tim_ex.c ****   assert_param(IS_TIM_PERIOD(htim, htim->Init.Period));
 343              		.loc 1 172 3 view .LVU105
 173:Drivers/STM32G4xx_HAL_Driver/Src/stm32g4xx_hal_tim_ex.c ****   assert_param(IS_TIM_IC_PRESCALER(sConfig->IC1Prescaler));
 344              		.loc 1 173 3 view .LVU106
 174:Drivers/STM32G4xx_HAL_Driver/Src/stm32g4xx_hal_tim_ex.c ****   assert_param(IS_TIM_IC_FILTER(sConfig->IC1Filter));
ARM GAS  /tmp/ccX78w3T.s 			page 73


 345              		.loc 1 174 3 view .LVU107
 175:Drivers/STM32G4xx_HAL_Driver/Src/stm32g4xx_hal_tim_ex.c **** 
 346              		.loc 1 175 3 view .LVU108
 177:Drivers/STM32G4xx_HAL_Driver/Src/stm32g4xx_hal_tim_ex.c ****   {
 347              		.loc 1 177 3 view .LVU109
 177:Drivers/STM32G4xx_HAL_Driver/Src/stm32g4xx_hal_tim_ex.c ****   {
 348              		.loc 1 177 11 is_stmt 0 view .LVU110
 349 000c 90F83D30 		ldrb	r3, [r0, #61]	@ zero_extendqisi2
 177:Drivers/STM32G4xx_HAL_Driver/Src/stm32g4xx_hal_tim_ex.c ****   {
 350              		.loc 1 177 6 view .LVU111
 351 0010 002B     		cmp	r3, #0
 352 0012 5ED0     		beq	.L30
 353              	.LVL16:
 354              	.L24:
 199:Drivers/STM32G4xx_HAL_Driver/Src/stm32g4xx_hal_tim_ex.c **** 
 355              		.loc 1 199 3 is_stmt 1 view .LVU112
 199:Drivers/STM32G4xx_HAL_Driver/Src/stm32g4xx_hal_tim_ex.c **** 
 356              		.loc 1 199 15 is_stmt 0 view .LVU113
 357 0014 0223     		movs	r3, #2
 358 0016 84F83D30 		strb	r3, [r4, #61]
 202:Drivers/STM32G4xx_HAL_Driver/Src/stm32g4xx_hal_tim_ex.c **** 
 359              		.loc 1 202 3 is_stmt 1 view .LVU114
 202:Drivers/STM32G4xx_HAL_Driver/Src/stm32g4xx_hal_tim_ex.c **** 
 360              		.loc 1 202 38 is_stmt 0 view .LVU115
 361 001a 2146     		mov	r1, r4
 202:Drivers/STM32G4xx_HAL_Driver/Src/stm32g4xx_hal_tim_ex.c **** 
 362              		.loc 1 202 3 view .LVU116
 363 001c 51F8040B 		ldr	r0, [r1], #4
 364 0020 FFF7FEFF 		bl	TIM_Base_SetConfig
 365              	.LVL17:
 205:Drivers/STM32G4xx_HAL_Driver/Src/stm32g4xx_hal_tim_ex.c **** 
 366              		.loc 1 205 3 is_stmt 1 view .LVU117
 367 0024 B368     		ldr	r3, [r6, #8]
 368 0026 0322     		movs	r2, #3
 369 0028 3168     		ldr	r1, [r6]
 370 002a 2068     		ldr	r0, [r4]
 371 002c FFF7FEFF 		bl	TIM_TI1_SetConfig
 372              	.LVL18:
 208:Drivers/STM32G4xx_HAL_Driver/Src/stm32g4xx_hal_tim_ex.c ****   /* Set the IC1PSC value */
 373              		.loc 1 208 3 view .LVU118
 208:Drivers/STM32G4xx_HAL_Driver/Src/stm32g4xx_hal_tim_ex.c ****   /* Set the IC1PSC value */
 374              		.loc 1 208 7 is_stmt 0 view .LVU119
 375 0030 2268     		ldr	r2, [r4]
 208:Drivers/STM32G4xx_HAL_Driver/Src/stm32g4xx_hal_tim_ex.c ****   /* Set the IC1PSC value */
 376              		.loc 1 208 17 view .LVU120
 377 0032 9369     		ldr	r3, [r2, #24]
 208:Drivers/STM32G4xx_HAL_Driver/Src/stm32g4xx_hal_tim_ex.c ****   /* Set the IC1PSC value */
 378              		.loc 1 208 25 view .LVU121
 379 0034 23F00C03 		bic	r3, r3, #12
 380 0038 9361     		str	r3, [r2, #24]
 210:Drivers/STM32G4xx_HAL_Driver/Src/stm32g4xx_hal_tim_ex.c **** 
 381              		.loc 1 210 3 is_stmt 1 view .LVU122
 210:Drivers/STM32G4xx_HAL_Driver/Src/stm32g4xx_hal_tim_ex.c **** 
 382              		.loc 1 210 7 is_stmt 0 view .LVU123
 383 003a 2268     		ldr	r2, [r4]
 210:Drivers/STM32G4xx_HAL_Driver/Src/stm32g4xx_hal_tim_ex.c **** 
 384              		.loc 1 210 17 view .LVU124
ARM GAS  /tmp/ccX78w3T.s 			page 74


 385 003c 9369     		ldr	r3, [r2, #24]
 210:Drivers/STM32G4xx_HAL_Driver/Src/stm32g4xx_hal_tim_ex.c **** 
 386              		.loc 1 210 35 view .LVU125
 387 003e 7168     		ldr	r1, [r6, #4]
 210:Drivers/STM32G4xx_HAL_Driver/Src/stm32g4xx_hal_tim_ex.c **** 
 388              		.loc 1 210 25 view .LVU126
 389 0040 0B43     		orrs	r3, r3, r1
 390 0042 9361     		str	r3, [r2, #24]
 213:Drivers/STM32G4xx_HAL_Driver/Src/stm32g4xx_hal_tim_ex.c **** 
 391              		.loc 1 213 3 is_stmt 1 view .LVU127
 213:Drivers/STM32G4xx_HAL_Driver/Src/stm32g4xx_hal_tim_ex.c **** 
 392              		.loc 1 213 7 is_stmt 0 view .LVU128
 393 0044 2268     		ldr	r2, [r4]
 213:Drivers/STM32G4xx_HAL_Driver/Src/stm32g4xx_hal_tim_ex.c **** 
 394              		.loc 1 213 17 view .LVU129
 395 0046 5368     		ldr	r3, [r2, #4]
 213:Drivers/STM32G4xx_HAL_Driver/Src/stm32g4xx_hal_tim_ex.c **** 
 396              		.loc 1 213 23 view .LVU130
 397 0048 43F08003 		orr	r3, r3, #128
 398 004c 5360     		str	r3, [r2, #4]
 216:Drivers/STM32G4xx_HAL_Driver/Src/stm32g4xx_hal_tim_ex.c ****   htim->Instance->SMCR |= TIM_TS_TI1F_ED;
 399              		.loc 1 216 3 is_stmt 1 view .LVU131
 216:Drivers/STM32G4xx_HAL_Driver/Src/stm32g4xx_hal_tim_ex.c ****   htim->Instance->SMCR |= TIM_TS_TI1F_ED;
 400              		.loc 1 216 7 is_stmt 0 view .LVU132
 401 004e 2268     		ldr	r2, [r4]
 216:Drivers/STM32G4xx_HAL_Driver/Src/stm32g4xx_hal_tim_ex.c ****   htim->Instance->SMCR |= TIM_TS_TI1F_ED;
 402              		.loc 1 216 17 view .LVU133
 403 0050 9368     		ldr	r3, [r2, #8]
 216:Drivers/STM32G4xx_HAL_Driver/Src/stm32g4xx_hal_tim_ex.c ****   htim->Instance->SMCR |= TIM_TS_TI1F_ED;
 404              		.loc 1 216 24 view .LVU134
 405 0052 23F44013 		bic	r3, r3, #3145728
 406 0056 23F07003 		bic	r3, r3, #112
 407 005a 9360     		str	r3, [r2, #8]
 217:Drivers/STM32G4xx_HAL_Driver/Src/stm32g4xx_hal_tim_ex.c **** 
 408              		.loc 1 217 3 is_stmt 1 view .LVU135
 217:Drivers/STM32G4xx_HAL_Driver/Src/stm32g4xx_hal_tim_ex.c **** 
 409              		.loc 1 217 7 is_stmt 0 view .LVU136
 410 005c 2268     		ldr	r2, [r4]
 217:Drivers/STM32G4xx_HAL_Driver/Src/stm32g4xx_hal_tim_ex.c **** 
 411              		.loc 1 217 17 view .LVU137
 412 005e 9368     		ldr	r3, [r2, #8]
 217:Drivers/STM32G4xx_HAL_Driver/Src/stm32g4xx_hal_tim_ex.c **** 
 413              		.loc 1 217 24 view .LVU138
 414 0060 43F04003 		orr	r3, r3, #64
 415 0064 9360     		str	r3, [r2, #8]
 220:Drivers/STM32G4xx_HAL_Driver/Src/stm32g4xx_hal_tim_ex.c ****   htim->Instance->SMCR |= TIM_SLAVEMODE_RESET;
 416              		.loc 1 220 3 is_stmt 1 view .LVU139
 220:Drivers/STM32G4xx_HAL_Driver/Src/stm32g4xx_hal_tim_ex.c ****   htim->Instance->SMCR |= TIM_SLAVEMODE_RESET;
 417              		.loc 1 220 7 is_stmt 0 view .LVU140
 418 0066 2268     		ldr	r2, [r4]
 220:Drivers/STM32G4xx_HAL_Driver/Src/stm32g4xx_hal_tim_ex.c ****   htim->Instance->SMCR |= TIM_SLAVEMODE_RESET;
 419              		.loc 1 220 17 view .LVU141
 420 0068 9368     		ldr	r3, [r2, #8]
 220:Drivers/STM32G4xx_HAL_Driver/Src/stm32g4xx_hal_tim_ex.c ****   htim->Instance->SMCR |= TIM_SLAVEMODE_RESET;
 421              		.loc 1 220 24 view .LVU142
 422 006a 23F48033 		bic	r3, r3, #65536
 423 006e 23F00703 		bic	r3, r3, #7
ARM GAS  /tmp/ccX78w3T.s 			page 75


 424 0072 9360     		str	r3, [r2, #8]
 221:Drivers/STM32G4xx_HAL_Driver/Src/stm32g4xx_hal_tim_ex.c **** 
 425              		.loc 1 221 3 is_stmt 1 view .LVU143
 221:Drivers/STM32G4xx_HAL_Driver/Src/stm32g4xx_hal_tim_ex.c **** 
 426              		.loc 1 221 7 is_stmt 0 view .LVU144
 427 0074 2268     		ldr	r2, [r4]
 221:Drivers/STM32G4xx_HAL_Driver/Src/stm32g4xx_hal_tim_ex.c **** 
 428              		.loc 1 221 17 view .LVU145
 429 0076 9368     		ldr	r3, [r2, #8]
 221:Drivers/STM32G4xx_HAL_Driver/Src/stm32g4xx_hal_tim_ex.c **** 
 430              		.loc 1 221 24 view .LVU146
 431 0078 43F00403 		orr	r3, r3, #4
 432 007c 9360     		str	r3, [r2, #8]
 224:Drivers/STM32G4xx_HAL_Driver/Src/stm32g4xx_hal_tim_ex.c ****   OC_Config.OCIdleState = TIM_OCIDLESTATE_RESET;
 433              		.loc 1 224 3 is_stmt 1 view .LVU147
 224:Drivers/STM32G4xx_HAL_Driver/Src/stm32g4xx_hal_tim_ex.c ****   OC_Config.OCIdleState = TIM_OCIDLESTATE_RESET;
 434              		.loc 1 224 24 is_stmt 0 view .LVU148
 435 007e 0025     		movs	r5, #0
 436 0080 0595     		str	r5, [sp, #20]
 225:Drivers/STM32G4xx_HAL_Driver/Src/stm32g4xx_hal_tim_ex.c ****   OC_Config.OCMode = TIM_OCMODE_PWM2;
 437              		.loc 1 225 3 is_stmt 1 view .LVU149
 225:Drivers/STM32G4xx_HAL_Driver/Src/stm32g4xx_hal_tim_ex.c ****   OC_Config.OCMode = TIM_OCMODE_PWM2;
 438              		.loc 1 225 25 is_stmt 0 view .LVU150
 439 0082 0695     		str	r5, [sp, #24]
 226:Drivers/STM32G4xx_HAL_Driver/Src/stm32g4xx_hal_tim_ex.c ****   OC_Config.OCNIdleState = TIM_OCNIDLESTATE_RESET;
 440              		.loc 1 226 3 is_stmt 1 view .LVU151
 226:Drivers/STM32G4xx_HAL_Driver/Src/stm32g4xx_hal_tim_ex.c ****   OC_Config.OCNIdleState = TIM_OCNIDLESTATE_RESET;
 441              		.loc 1 226 20 is_stmt 0 view .LVU152
 442 0084 7023     		movs	r3, #112
 443 0086 0193     		str	r3, [sp, #4]
 227:Drivers/STM32G4xx_HAL_Driver/Src/stm32g4xx_hal_tim_ex.c ****   OC_Config.OCNPolarity = TIM_OCNPOLARITY_HIGH;
 444              		.loc 1 227 3 is_stmt 1 view .LVU153
 227:Drivers/STM32G4xx_HAL_Driver/Src/stm32g4xx_hal_tim_ex.c ****   OC_Config.OCNPolarity = TIM_OCNPOLARITY_HIGH;
 445              		.loc 1 227 26 is_stmt 0 view .LVU154
 446 0088 0795     		str	r5, [sp, #28]
 228:Drivers/STM32G4xx_HAL_Driver/Src/stm32g4xx_hal_tim_ex.c ****   OC_Config.OCPolarity = TIM_OCPOLARITY_HIGH;
 447              		.loc 1 228 3 is_stmt 1 view .LVU155
 228:Drivers/STM32G4xx_HAL_Driver/Src/stm32g4xx_hal_tim_ex.c ****   OC_Config.OCPolarity = TIM_OCPOLARITY_HIGH;
 448              		.loc 1 228 25 is_stmt 0 view .LVU156
 449 008a 0495     		str	r5, [sp, #16]
 229:Drivers/STM32G4xx_HAL_Driver/Src/stm32g4xx_hal_tim_ex.c ****   OC_Config.Pulse = sConfig->Commutation_Delay;
 450              		.loc 1 229 3 is_stmt 1 view .LVU157
 229:Drivers/STM32G4xx_HAL_Driver/Src/stm32g4xx_hal_tim_ex.c ****   OC_Config.Pulse = sConfig->Commutation_Delay;
 451              		.loc 1 229 24 is_stmt 0 view .LVU158
 452 008c 0395     		str	r5, [sp, #12]
 230:Drivers/STM32G4xx_HAL_Driver/Src/stm32g4xx_hal_tim_ex.c **** 
 453              		.loc 1 230 3 is_stmt 1 view .LVU159
 230:Drivers/STM32G4xx_HAL_Driver/Src/stm32g4xx_hal_tim_ex.c **** 
 454              		.loc 1 230 28 is_stmt 0 view .LVU160
 455 008e F368     		ldr	r3, [r6, #12]
 230:Drivers/STM32G4xx_HAL_Driver/Src/stm32g4xx_hal_tim_ex.c **** 
 456              		.loc 1 230 19 view .LVU161
 457 0090 0293     		str	r3, [sp, #8]
 232:Drivers/STM32G4xx_HAL_Driver/Src/stm32g4xx_hal_tim_ex.c **** 
 458              		.loc 1 232 3 is_stmt 1 view .LVU162
 459 0092 01A9     		add	r1, sp, #4
 460 0094 2068     		ldr	r0, [r4]
ARM GAS  /tmp/ccX78w3T.s 			page 76


 461 0096 FFF7FEFF 		bl	TIM_OC2_SetConfig
 462              	.LVL19:
 236:Drivers/STM32G4xx_HAL_Driver/Src/stm32g4xx_hal_tim_ex.c ****   htim->Instance->CR2 |= TIM_TRGO_OC2REF;
 463              		.loc 1 236 3 view .LVU163
 236:Drivers/STM32G4xx_HAL_Driver/Src/stm32g4xx_hal_tim_ex.c ****   htim->Instance->CR2 |= TIM_TRGO_OC2REF;
 464              		.loc 1 236 7 is_stmt 0 view .LVU164
 465 009a 2268     		ldr	r2, [r4]
 236:Drivers/STM32G4xx_HAL_Driver/Src/stm32g4xx_hal_tim_ex.c ****   htim->Instance->CR2 |= TIM_TRGO_OC2REF;
 466              		.loc 1 236 17 view .LVU165
 467 009c 5368     		ldr	r3, [r2, #4]
 236:Drivers/STM32G4xx_HAL_Driver/Src/stm32g4xx_hal_tim_ex.c ****   htim->Instance->CR2 |= TIM_TRGO_OC2REF;
 468              		.loc 1 236 23 view .LVU166
 469 009e 23F00073 		bic	r3, r3, #33554432
 470 00a2 23F07003 		bic	r3, r3, #112
 471 00a6 5360     		str	r3, [r2, #4]
 237:Drivers/STM32G4xx_HAL_Driver/Src/stm32g4xx_hal_tim_ex.c **** 
 472              		.loc 1 237 3 is_stmt 1 view .LVU167
 237:Drivers/STM32G4xx_HAL_Driver/Src/stm32g4xx_hal_tim_ex.c **** 
 473              		.loc 1 237 7 is_stmt 0 view .LVU168
 474 00a8 2268     		ldr	r2, [r4]
 237:Drivers/STM32G4xx_HAL_Driver/Src/stm32g4xx_hal_tim_ex.c **** 
 475              		.loc 1 237 17 view .LVU169
 476 00aa 5368     		ldr	r3, [r2, #4]
 237:Drivers/STM32G4xx_HAL_Driver/Src/stm32g4xx_hal_tim_ex.c **** 
 477              		.loc 1 237 23 view .LVU170
 478 00ac 43F05003 		orr	r3, r3, #80
 479 00b0 5360     		str	r3, [r2, #4]
 240:Drivers/STM32G4xx_HAL_Driver/Src/stm32g4xx_hal_tim_ex.c **** 
 480              		.loc 1 240 3 is_stmt 1 view .LVU171
 240:Drivers/STM32G4xx_HAL_Driver/Src/stm32g4xx_hal_tim_ex.c **** 
 481              		.loc 1 240 23 is_stmt 0 view .LVU172
 482 00b2 0123     		movs	r3, #1
 483 00b4 84F84830 		strb	r3, [r4, #72]
 243:Drivers/STM32G4xx_HAL_Driver/Src/stm32g4xx_hal_tim_ex.c ****   TIM_CHANNEL_STATE_SET(htim, TIM_CHANNEL_2, HAL_TIM_CHANNEL_STATE_READY);
 484              		.loc 1 243 3 is_stmt 1 view .LVU173
 485 00b8 84F83E30 		strb	r3, [r4, #62]
 244:Drivers/STM32G4xx_HAL_Driver/Src/stm32g4xx_hal_tim_ex.c ****   TIM_CHANNEL_N_STATE_SET(htim, TIM_CHANNEL_1, HAL_TIM_CHANNEL_STATE_READY);
 486              		.loc 1 244 3 view .LVU174
 487 00bc 84F83F30 		strb	r3, [r4, #63]
 245:Drivers/STM32G4xx_HAL_Driver/Src/stm32g4xx_hal_tim_ex.c ****   TIM_CHANNEL_N_STATE_SET(htim, TIM_CHANNEL_2, HAL_TIM_CHANNEL_STATE_READY);
 488              		.loc 1 245 3 view .LVU175
 489 00c0 84F84430 		strb	r3, [r4, #68]
 246:Drivers/STM32G4xx_HAL_Driver/Src/stm32g4xx_hal_tim_ex.c **** 
 490              		.loc 1 246 3 view .LVU176
 491 00c4 84F84530 		strb	r3, [r4, #69]
 249:Drivers/STM32G4xx_HAL_Driver/Src/stm32g4xx_hal_tim_ex.c **** 
 492              		.loc 1 249 3 view .LVU177
 249:Drivers/STM32G4xx_HAL_Driver/Src/stm32g4xx_hal_tim_ex.c **** 
 493              		.loc 1 249 15 is_stmt 0 view .LVU178
 494 00c8 84F83D30 		strb	r3, [r4, #61]
 251:Drivers/STM32G4xx_HAL_Driver/Src/stm32g4xx_hal_tim_ex.c **** }
 495              		.loc 1 251 3 is_stmt 1 view .LVU179
 251:Drivers/STM32G4xx_HAL_Driver/Src/stm32g4xx_hal_tim_ex.c **** }
 496              		.loc 1 251 10 is_stmt 0 view .LVU180
 497 00cc 2846     		mov	r0, r5
 252:Drivers/STM32G4xx_HAL_Driver/Src/stm32g4xx_hal_tim_ex.c **** 
 498              		.loc 1 252 1 view .LVU181
ARM GAS  /tmp/ccX78w3T.s 			page 77


 499 00ce 08B0     		add	sp, sp, #32
 500              	.LCFI4:
 501              		.cfi_remember_state
 502              		.cfi_def_cfa_offset 16
 503              		@ sp needed
 504 00d0 70BD     		pop	{r4, r5, r6, pc}
 505              	.LVL20:
 506              	.L30:
 507              	.LCFI5:
 508              		.cfi_restore_state
 180:Drivers/STM32G4xx_HAL_Driver/Src/stm32g4xx_hal_tim_ex.c **** 
 509              		.loc 1 180 5 is_stmt 1 view .LVU182
 180:Drivers/STM32G4xx_HAL_Driver/Src/stm32g4xx_hal_tim_ex.c **** 
 510              		.loc 1 180 16 is_stmt 0 view .LVU183
 511 00d2 80F83C30 		strb	r3, [r0, #60]
 194:Drivers/STM32G4xx_HAL_Driver/Src/stm32g4xx_hal_tim_ex.c **** #endif /* USE_HAL_TIM_REGISTER_CALLBACKS */
 512              		.loc 1 194 5 is_stmt 1 view .LVU184
 513 00d6 FFF7FEFF 		bl	HAL_TIMEx_HallSensor_MspInit
 514              	.LVL21:
 194:Drivers/STM32G4xx_HAL_Driver/Src/stm32g4xx_hal_tim_ex.c **** #endif /* USE_HAL_TIM_REGISTER_CALLBACKS */
 515              		.loc 1 194 5 is_stmt 0 view .LVU185
 516 00da 9BE7     		b	.L24
 517              	.LVL22:
 518              	.L25:
 519              	.LCFI6:
 520              		.cfi_def_cfa_offset 0
 521              		.cfi_restore 4
 522              		.cfi_restore 5
 523              		.cfi_restore 6
 524              		.cfi_restore 14
 164:Drivers/STM32G4xx_HAL_Driver/Src/stm32g4xx_hal_tim_ex.c ****   }
 525              		.loc 1 164 12 view .LVU186
 526 00dc 0120     		movs	r0, #1
 527              	.LVL23:
 252:Drivers/STM32G4xx_HAL_Driver/Src/stm32g4xx_hal_tim_ex.c **** 
 528              		.loc 1 252 1 view .LVU187
 529 00de 7047     		bx	lr
 530              		.cfi_endproc
 531              	.LFE329:
 533              		.section	.text.HAL_TIMEx_HallSensor_MspDeInit,"ax",%progbits
 534              		.align	1
 535              		.weak	HAL_TIMEx_HallSensor_MspDeInit
 536              		.syntax unified
 537              		.thumb
 538              		.thumb_func
 540              	HAL_TIMEx_HallSensor_MspDeInit:
 541              	.LVL24:
 542              	.LFB332:
 320:Drivers/STM32G4xx_HAL_Driver/Src/stm32g4xx_hal_tim_ex.c ****   /* Prevent unused argument(s) compilation warning */
 543              		.loc 1 320 1 is_stmt 1 view -0
 544              		.cfi_startproc
 545              		@ args = 0, pretend = 0, frame = 0
 546              		@ frame_needed = 0, uses_anonymous_args = 0
 547              		@ link register save eliminated.
 322:Drivers/STM32G4xx_HAL_Driver/Src/stm32g4xx_hal_tim_ex.c **** 
 548              		.loc 1 322 3 view .LVU189
 327:Drivers/STM32G4xx_HAL_Driver/Src/stm32g4xx_hal_tim_ex.c **** 
ARM GAS  /tmp/ccX78w3T.s 			page 78


 549              		.loc 1 327 1 is_stmt 0 view .LVU190
 550 0000 7047     		bx	lr
 551              		.cfi_endproc
 552              	.LFE332:
 554              		.section	.text.HAL_TIMEx_HallSensor_DeInit,"ax",%progbits
 555              		.align	1
 556              		.global	HAL_TIMEx_HallSensor_DeInit
 557              		.syntax unified
 558              		.thumb
 559              		.thumb_func
 561              	HAL_TIMEx_HallSensor_DeInit:
 562              	.LVL25:
 563              	.LFB330:
 260:Drivers/STM32G4xx_HAL_Driver/Src/stm32g4xx_hal_tim_ex.c ****   /* Check the parameters */
 564              		.loc 1 260 1 is_stmt 1 view -0
 565              		.cfi_startproc
 566              		@ args = 0, pretend = 0, frame = 0
 567              		@ frame_needed = 0, uses_anonymous_args = 0
 260:Drivers/STM32G4xx_HAL_Driver/Src/stm32g4xx_hal_tim_ex.c ****   /* Check the parameters */
 568              		.loc 1 260 1 is_stmt 0 view .LVU192
 569 0000 10B5     		push	{r4, lr}
 570              	.LCFI7:
 571              		.cfi_def_cfa_offset 8
 572              		.cfi_offset 4, -8
 573              		.cfi_offset 14, -4
 574 0002 0446     		mov	r4, r0
 262:Drivers/STM32G4xx_HAL_Driver/Src/stm32g4xx_hal_tim_ex.c **** 
 575              		.loc 1 262 3 is_stmt 1 view .LVU193
 264:Drivers/STM32G4xx_HAL_Driver/Src/stm32g4xx_hal_tim_ex.c **** 
 576              		.loc 1 264 3 view .LVU194
 264:Drivers/STM32G4xx_HAL_Driver/Src/stm32g4xx_hal_tim_ex.c **** 
 577              		.loc 1 264 15 is_stmt 0 view .LVU195
 578 0004 0223     		movs	r3, #2
 579 0006 80F83D30 		strb	r3, [r0, #61]
 267:Drivers/STM32G4xx_HAL_Driver/Src/stm32g4xx_hal_tim_ex.c **** 
 580              		.loc 1 267 3 is_stmt 1 view .LVU196
 267:Drivers/STM32G4xx_HAL_Driver/Src/stm32g4xx_hal_tim_ex.c **** 
 581              		.loc 1 267 3 view .LVU197
 582 000a 0268     		ldr	r2, [r0]
 583 000c 136A     		ldr	r3, [r2, #32]
 584 000e 03F01133 		and	r3, r3, #286331153
 585 0012 23F08853 		bic	r3, r3, #285212672
 586 0016 43B9     		cbnz	r3, .L33
 267:Drivers/STM32G4xx_HAL_Driver/Src/stm32g4xx_hal_tim_ex.c **** 
 587              		.loc 1 267 3 discriminator 1 view .LVU198
 588 0018 116A     		ldr	r1, [r2, #32]
 589 001a 44F24443 		movw	r3, #17476
 590 001e 1942     		tst	r1, r3
 591 0020 03D1     		bne	.L33
 267:Drivers/STM32G4xx_HAL_Driver/Src/stm32g4xx_hal_tim_ex.c **** 
 592              		.loc 1 267 3 discriminator 2 view .LVU199
 593 0022 1368     		ldr	r3, [r2]
 594 0024 23F00103 		bic	r3, r3, #1
 595 0028 1360     		str	r3, [r2]
 596              	.L33:
 267:Drivers/STM32G4xx_HAL_Driver/Src/stm32g4xx_hal_tim_ex.c **** 
 597              		.loc 1 267 3 discriminator 3 view .LVU200
ARM GAS  /tmp/ccX78w3T.s 			page 79


 278:Drivers/STM32G4xx_HAL_Driver/Src/stm32g4xx_hal_tim_ex.c **** #endif /* USE_HAL_TIM_REGISTER_CALLBACKS */
 598              		.loc 1 278 3 view .LVU201
 599 002a 2046     		mov	r0, r4
 600              	.LVL26:
 278:Drivers/STM32G4xx_HAL_Driver/Src/stm32g4xx_hal_tim_ex.c **** #endif /* USE_HAL_TIM_REGISTER_CALLBACKS */
 601              		.loc 1 278 3 is_stmt 0 view .LVU202
 602 002c FFF7FEFF 		bl	HAL_TIMEx_HallSensor_MspDeInit
 603              	.LVL27:
 282:Drivers/STM32G4xx_HAL_Driver/Src/stm32g4xx_hal_tim_ex.c **** 
 604              		.loc 1 282 3 is_stmt 1 view .LVU203
 282:Drivers/STM32G4xx_HAL_Driver/Src/stm32g4xx_hal_tim_ex.c **** 
 605              		.loc 1 282 23 is_stmt 0 view .LVU204
 606 0030 0020     		movs	r0, #0
 607 0032 84F84800 		strb	r0, [r4, #72]
 285:Drivers/STM32G4xx_HAL_Driver/Src/stm32g4xx_hal_tim_ex.c ****   TIM_CHANNEL_STATE_SET(htim, TIM_CHANNEL_2, HAL_TIM_CHANNEL_STATE_RESET);
 608              		.loc 1 285 3 is_stmt 1 view .LVU205
 609 0036 84F83E00 		strb	r0, [r4, #62]
 286:Drivers/STM32G4xx_HAL_Driver/Src/stm32g4xx_hal_tim_ex.c ****   TIM_CHANNEL_N_STATE_SET(htim, TIM_CHANNEL_1, HAL_TIM_CHANNEL_STATE_RESET);
 610              		.loc 1 286 3 view .LVU206
 611 003a 84F83F00 		strb	r0, [r4, #63]
 287:Drivers/STM32G4xx_HAL_Driver/Src/stm32g4xx_hal_tim_ex.c ****   TIM_CHANNEL_N_STATE_SET(htim, TIM_CHANNEL_2, HAL_TIM_CHANNEL_STATE_RESET);
 612              		.loc 1 287 3 view .LVU207
 613 003e 84F84400 		strb	r0, [r4, #68]
 288:Drivers/STM32G4xx_HAL_Driver/Src/stm32g4xx_hal_tim_ex.c **** 
 614              		.loc 1 288 3 view .LVU208
 615 0042 84F84500 		strb	r0, [r4, #69]
 291:Drivers/STM32G4xx_HAL_Driver/Src/stm32g4xx_hal_tim_ex.c **** 
 616              		.loc 1 291 3 view .LVU209
 291:Drivers/STM32G4xx_HAL_Driver/Src/stm32g4xx_hal_tim_ex.c **** 
 617              		.loc 1 291 15 is_stmt 0 view .LVU210
 618 0046 84F83D00 		strb	r0, [r4, #61]
 294:Drivers/STM32G4xx_HAL_Driver/Src/stm32g4xx_hal_tim_ex.c **** 
 619              		.loc 1 294 3 is_stmt 1 view .LVU211
 294:Drivers/STM32G4xx_HAL_Driver/Src/stm32g4xx_hal_tim_ex.c **** 
 620              		.loc 1 294 3 view .LVU212
 621 004a 84F83C00 		strb	r0, [r4, #60]
 294:Drivers/STM32G4xx_HAL_Driver/Src/stm32g4xx_hal_tim_ex.c **** 
 622              		.loc 1 294 3 view .LVU213
 296:Drivers/STM32G4xx_HAL_Driver/Src/stm32g4xx_hal_tim_ex.c **** }
 623              		.loc 1 296 3 view .LVU214
 297:Drivers/STM32G4xx_HAL_Driver/Src/stm32g4xx_hal_tim_ex.c **** 
 624              		.loc 1 297 1 is_stmt 0 view .LVU215
 625 004e 10BD     		pop	{r4, pc}
 297:Drivers/STM32G4xx_HAL_Driver/Src/stm32g4xx_hal_tim_ex.c **** 
 626              		.loc 1 297 1 view .LVU216
 627              		.cfi_endproc
 628              	.LFE330:
 630              		.section	.text.HAL_TIMEx_HallSensor_Start,"ax",%progbits
 631              		.align	1
 632              		.global	HAL_TIMEx_HallSensor_Start
 633              		.syntax unified
 634              		.thumb
 635              		.thumb_func
 637              	HAL_TIMEx_HallSensor_Start:
 638              	.LVL28:
 639              	.LFB333:
 335:Drivers/STM32G4xx_HAL_Driver/Src/stm32g4xx_hal_tim_ex.c ****   uint32_t tmpsmcr;
ARM GAS  /tmp/ccX78w3T.s 			page 80


 640              		.loc 1 335 1 is_stmt 1 view -0
 641              		.cfi_startproc
 642              		@ args = 0, pretend = 0, frame = 0
 643              		@ frame_needed = 0, uses_anonymous_args = 0
 335:Drivers/STM32G4xx_HAL_Driver/Src/stm32g4xx_hal_tim_ex.c ****   uint32_t tmpsmcr;
 644              		.loc 1 335 1 is_stmt 0 view .LVU218
 645 0000 10B5     		push	{r4, lr}
 646              	.LCFI8:
 647              		.cfi_def_cfa_offset 8
 648              		.cfi_offset 4, -8
 649              		.cfi_offset 14, -4
 650 0002 0446     		mov	r4, r0
 336:Drivers/STM32G4xx_HAL_Driver/Src/stm32g4xx_hal_tim_ex.c ****   HAL_TIM_ChannelStateTypeDef channel_1_state = TIM_CHANNEL_STATE_GET(htim, TIM_CHANNEL_1);
 651              		.loc 1 336 3 is_stmt 1 view .LVU219
 337:Drivers/STM32G4xx_HAL_Driver/Src/stm32g4xx_hal_tim_ex.c ****   HAL_TIM_ChannelStateTypeDef channel_2_state = TIM_CHANNEL_STATE_GET(htim, TIM_CHANNEL_2);
 652              		.loc 1 337 3 view .LVU220
 337:Drivers/STM32G4xx_HAL_Driver/Src/stm32g4xx_hal_tim_ex.c ****   HAL_TIM_ChannelStateTypeDef channel_2_state = TIM_CHANNEL_STATE_GET(htim, TIM_CHANNEL_2);
 653              		.loc 1 337 31 is_stmt 0 view .LVU221
 654 0004 90F83E00 		ldrb	r0, [r0, #62]	@ zero_extendqisi2
 655              	.LVL29:
 338:Drivers/STM32G4xx_HAL_Driver/Src/stm32g4xx_hal_tim_ex.c ****   HAL_TIM_ChannelStateTypeDef complementary_channel_1_state = TIM_CHANNEL_N_STATE_GET(htim, TIM_CHA
 656              		.loc 1 338 3 is_stmt 1 view .LVU222
 338:Drivers/STM32G4xx_HAL_Driver/Src/stm32g4xx_hal_tim_ex.c ****   HAL_TIM_ChannelStateTypeDef complementary_channel_1_state = TIM_CHANNEL_N_STATE_GET(htim, TIM_CHA
 657              		.loc 1 338 31 is_stmt 0 view .LVU223
 658 0008 94F83F30 		ldrb	r3, [r4, #63]	@ zero_extendqisi2
 659              	.LVL30:
 339:Drivers/STM32G4xx_HAL_Driver/Src/stm32g4xx_hal_tim_ex.c ****   HAL_TIM_ChannelStateTypeDef complementary_channel_2_state = TIM_CHANNEL_N_STATE_GET(htim, TIM_CHA
 660              		.loc 1 339 3 is_stmt 1 view .LVU224
 339:Drivers/STM32G4xx_HAL_Driver/Src/stm32g4xx_hal_tim_ex.c ****   HAL_TIM_ChannelStateTypeDef complementary_channel_2_state = TIM_CHANNEL_N_STATE_GET(htim, TIM_CHA
 661              		.loc 1 339 31 is_stmt 0 view .LVU225
 662 000c 94F84420 		ldrb	r2, [r4, #68]	@ zero_extendqisi2
 663              	.LVL31:
 340:Drivers/STM32G4xx_HAL_Driver/Src/stm32g4xx_hal_tim_ex.c **** 
 664              		.loc 1 340 3 is_stmt 1 view .LVU226
 340:Drivers/STM32G4xx_HAL_Driver/Src/stm32g4xx_hal_tim_ex.c **** 
 665              		.loc 1 340 31 is_stmt 0 view .LVU227
 666 0010 94F84510 		ldrb	r1, [r4, #69]	@ zero_extendqisi2
 667              	.LVL32:
 343:Drivers/STM32G4xx_HAL_Driver/Src/stm32g4xx_hal_tim_ex.c **** 
 668              		.loc 1 343 3 is_stmt 1 view .LVU228
 346:Drivers/STM32G4xx_HAL_Driver/Src/stm32g4xx_hal_tim_ex.c ****       || (channel_2_state != HAL_TIM_CHANNEL_STATE_READY)
 669              		.loc 1 346 3 view .LVU229
 346:Drivers/STM32G4xx_HAL_Driver/Src/stm32g4xx_hal_tim_ex.c ****       || (channel_2_state != HAL_TIM_CHANNEL_STATE_READY)
 670              		.loc 1 346 6 is_stmt 0 view .LVU230
 671 0014 0128     		cmp	r0, #1
 672 0016 3ED1     		bne	.L40
 347:Drivers/STM32G4xx_HAL_Driver/Src/stm32g4xx_hal_tim_ex.c ****       || (complementary_channel_1_state != HAL_TIM_CHANNEL_STATE_READY)
 673              		.loc 1 347 7 view .LVU231
 674 0018 012B     		cmp	r3, #1
 675 001a 3DD1     		bne	.L36
 348:Drivers/STM32G4xx_HAL_Driver/Src/stm32g4xx_hal_tim_ex.c ****       || (complementary_channel_2_state != HAL_TIM_CHANNEL_STATE_READY))
 676              		.loc 1 348 7 view .LVU232
 677 001c 012A     		cmp	r2, #1
 678 001e 3CD1     		bne	.L41
 349:Drivers/STM32G4xx_HAL_Driver/Src/stm32g4xx_hal_tim_ex.c ****   {
 679              		.loc 1 349 7 view .LVU233
 680 0020 0129     		cmp	r1, #1
ARM GAS  /tmp/ccX78w3T.s 			page 81


 681 0022 01D0     		beq	.L44
 351:Drivers/STM32G4xx_HAL_Driver/Src/stm32g4xx_hal_tim_ex.c ****   }
 682              		.loc 1 351 12 view .LVU234
 683 0024 1046     		mov	r0, r2
 684              	.LVL33:
 351:Drivers/STM32G4xx_HAL_Driver/Src/stm32g4xx_hal_tim_ex.c ****   }
 685              		.loc 1 351 12 view .LVU235
 686 0026 37E0     		b	.L36
 687              	.LVL34:
 688              	.L44:
 355:Drivers/STM32G4xx_HAL_Driver/Src/stm32g4xx_hal_tim_ex.c ****   TIM_CHANNEL_STATE_SET(htim, TIM_CHANNEL_2, HAL_TIM_CHANNEL_STATE_BUSY);
 689              		.loc 1 355 3 is_stmt 1 view .LVU236
 690 0028 0223     		movs	r3, #2
 691              	.LVL35:
 355:Drivers/STM32G4xx_HAL_Driver/Src/stm32g4xx_hal_tim_ex.c ****   TIM_CHANNEL_STATE_SET(htim, TIM_CHANNEL_2, HAL_TIM_CHANNEL_STATE_BUSY);
 692              		.loc 1 355 3 is_stmt 0 view .LVU237
 693 002a 84F83E30 		strb	r3, [r4, #62]
 356:Drivers/STM32G4xx_HAL_Driver/Src/stm32g4xx_hal_tim_ex.c ****   TIM_CHANNEL_N_STATE_SET(htim, TIM_CHANNEL_1, HAL_TIM_CHANNEL_STATE_BUSY);
 694              		.loc 1 356 3 is_stmt 1 view .LVU238
 695 002e 84F83F30 		strb	r3, [r4, #63]
 357:Drivers/STM32G4xx_HAL_Driver/Src/stm32g4xx_hal_tim_ex.c ****   TIM_CHANNEL_N_STATE_SET(htim, TIM_CHANNEL_2, HAL_TIM_CHANNEL_STATE_BUSY);
 696              		.loc 1 357 3 view .LVU239
 697 0032 84F84430 		strb	r3, [r4, #68]
 358:Drivers/STM32G4xx_HAL_Driver/Src/stm32g4xx_hal_tim_ex.c **** 
 698              		.loc 1 358 3 view .LVU240
 699 0036 84F84530 		strb	r3, [r4, #69]
 363:Drivers/STM32G4xx_HAL_Driver/Src/stm32g4xx_hal_tim_ex.c **** 
 700              		.loc 1 363 3 view .LVU241
 701 003a 0021     		movs	r1, #0
 702              	.LVL36:
 363:Drivers/STM32G4xx_HAL_Driver/Src/stm32g4xx_hal_tim_ex.c **** 
 703              		.loc 1 363 3 is_stmt 0 view .LVU242
 704 003c 2068     		ldr	r0, [r4]
 705              	.LVL37:
 363:Drivers/STM32G4xx_HAL_Driver/Src/stm32g4xx_hal_tim_ex.c **** 
 706              		.loc 1 363 3 view .LVU243
 707 003e FFF7FEFF 		bl	TIM_CCxChannelCmd
 708              	.LVL38:
 366:Drivers/STM32G4xx_HAL_Driver/Src/stm32g4xx_hal_tim_ex.c ****   {
 709              		.loc 1 366 3 is_stmt 1 view .LVU244
 366:Drivers/STM32G4xx_HAL_Driver/Src/stm32g4xx_hal_tim_ex.c ****   {
 710              		.loc 1 366 7 is_stmt 0 view .LVU245
 711 0042 2368     		ldr	r3, [r4]
 366:Drivers/STM32G4xx_HAL_Driver/Src/stm32g4xx_hal_tim_ex.c ****   {
 712              		.loc 1 366 6 view .LVU246
 713 0044 164A     		ldr	r2, .L45
 714 0046 9342     		cmp	r3, r2
 715 0048 17D0     		beq	.L37
 366:Drivers/STM32G4xx_HAL_Driver/Src/stm32g4xx_hal_tim_ex.c ****   {
 716              		.loc 1 366 7 discriminator 1 view .LVU247
 717 004a B3F1804F 		cmp	r3, #1073741824
 718 004e 14D0     		beq	.L37
 366:Drivers/STM32G4xx_HAL_Driver/Src/stm32g4xx_hal_tim_ex.c ****   {
 719              		.loc 1 366 7 discriminator 2 view .LVU248
 720 0050 A2F59432 		sub	r2, r2, #75776
 721 0054 9342     		cmp	r3, r2
 722 0056 10D0     		beq	.L37
ARM GAS  /tmp/ccX78w3T.s 			page 82


 366:Drivers/STM32G4xx_HAL_Driver/Src/stm32g4xx_hal_tim_ex.c ****   {
 723              		.loc 1 366 7 discriminator 3 view .LVU249
 724 0058 02F58062 		add	r2, r2, #1024
 725 005c 9342     		cmp	r3, r2
 726 005e 0CD0     		beq	.L37
 366:Drivers/STM32G4xx_HAL_Driver/Src/stm32g4xx_hal_tim_ex.c ****   {
 727              		.loc 1 366 7 discriminator 4 view .LVU250
 728 0060 02F59632 		add	r2, r2, #76800
 729 0064 9342     		cmp	r3, r2
 730 0066 08D0     		beq	.L37
 366:Drivers/STM32G4xx_HAL_Driver/Src/stm32g4xx_hal_tim_ex.c ****   {
 731              		.loc 1 366 7 discriminator 5 view .LVU251
 732 0068 02F54062 		add	r2, r2, #3072
 733 006c 9342     		cmp	r3, r2
 734 006e 04D0     		beq	.L37
 376:Drivers/STM32G4xx_HAL_Driver/Src/stm32g4xx_hal_tim_ex.c ****   }
 735              		.loc 1 376 5 is_stmt 1 view .LVU252
 736 0070 1A68     		ldr	r2, [r3]
 737 0072 42F00102 		orr	r2, r2, #1
 738 0076 1A60     		str	r2, [r3]
 739 0078 0BE0     		b	.L39
 740              	.L37:
 368:Drivers/STM32G4xx_HAL_Driver/Src/stm32g4xx_hal_tim_ex.c ****     if (!IS_TIM_SLAVEMODE_TRIGGER_ENABLED(tmpsmcr))
 741              		.loc 1 368 5 view .LVU253
 368:Drivers/STM32G4xx_HAL_Driver/Src/stm32g4xx_hal_tim_ex.c ****     if (!IS_TIM_SLAVEMODE_TRIGGER_ENABLED(tmpsmcr))
 742              		.loc 1 368 29 is_stmt 0 view .LVU254
 743 007a 9968     		ldr	r1, [r3, #8]
 368:Drivers/STM32G4xx_HAL_Driver/Src/stm32g4xx_hal_tim_ex.c ****     if (!IS_TIM_SLAVEMODE_TRIGGER_ENABLED(tmpsmcr))
 744              		.loc 1 368 13 view .LVU255
 745 007c 094A     		ldr	r2, .L45+4
 746 007e 0A40     		ands	r2, r2, r1
 747              	.LVL39:
 369:Drivers/STM32G4xx_HAL_Driver/Src/stm32g4xx_hal_tim_ex.c ****     {
 748              		.loc 1 369 5 is_stmt 1 view .LVU256
 369:Drivers/STM32G4xx_HAL_Driver/Src/stm32g4xx_hal_tim_ex.c ****     {
 749              		.loc 1 369 8 is_stmt 0 view .LVU257
 750 0080 062A     		cmp	r2, #6
 751 0082 06D0     		beq	.L39
 369:Drivers/STM32G4xx_HAL_Driver/Src/stm32g4xx_hal_tim_ex.c ****     {
 752              		.loc 1 369 9 discriminator 1 view .LVU258
 753 0084 B2F5803F 		cmp	r2, #65536
 754 0088 03D0     		beq	.L39
 371:Drivers/STM32G4xx_HAL_Driver/Src/stm32g4xx_hal_tim_ex.c ****     }
 755              		.loc 1 371 7 is_stmt 1 view .LVU259
 756 008a 1A68     		ldr	r2, [r3]
 757              	.LVL40:
 371:Drivers/STM32G4xx_HAL_Driver/Src/stm32g4xx_hal_tim_ex.c ****     }
 758              		.loc 1 371 7 is_stmt 0 view .LVU260
 759 008c 42F00102 		orr	r2, r2, #1
 760 0090 1A60     		str	r2, [r3]
 761              	.LVL41:
 762              	.L39:
 380:Drivers/STM32G4xx_HAL_Driver/Src/stm32g4xx_hal_tim_ex.c **** }
 763              		.loc 1 380 10 view .LVU261
 764 0092 0020     		movs	r0, #0
 765 0094 00E0     		b	.L36
 766              	.LVL42:
ARM GAS  /tmp/ccX78w3T.s 			page 83


 767              	.L40:
 351:Drivers/STM32G4xx_HAL_Driver/Src/stm32g4xx_hal_tim_ex.c ****   }
 768              		.loc 1 351 12 view .LVU262
 769 0096 0120     		movs	r0, #1
 770              	.LVL43:
 771              	.L36:
 381:Drivers/STM32G4xx_HAL_Driver/Src/stm32g4xx_hal_tim_ex.c **** 
 772              		.loc 1 381 1 view .LVU263
 773 0098 10BD     		pop	{r4, pc}
 774              	.LVL44:
 775              	.L41:
 351:Drivers/STM32G4xx_HAL_Driver/Src/stm32g4xx_hal_tim_ex.c ****   }
 776              		.loc 1 351 12 view .LVU264
 777 009a 1846     		mov	r0, r3
 778              	.LVL45:
 351:Drivers/STM32G4xx_HAL_Driver/Src/stm32g4xx_hal_tim_ex.c ****   }
 779              		.loc 1 351 12 view .LVU265
 780 009c FCE7     		b	.L36
 781              	.L46:
 782 009e 00BF     		.align	2
 783              	.L45:
 784 00a0 002C0140 		.word	1073818624
 785 00a4 07000100 		.word	65543
 786              		.cfi_endproc
 787              	.LFE333:
 789              		.section	.text.HAL_TIMEx_HallSensor_Stop,"ax",%progbits
 790              		.align	1
 791              		.global	HAL_TIMEx_HallSensor_Stop
 792              		.syntax unified
 793              		.thumb
 794              		.thumb_func
 796              	HAL_TIMEx_HallSensor_Stop:
 797              	.LVL46:
 798              	.LFB334:
 389:Drivers/STM32G4xx_HAL_Driver/Src/stm32g4xx_hal_tim_ex.c ****   /* Check the parameters */
 799              		.loc 1 389 1 is_stmt 1 view -0
 800              		.cfi_startproc
 801              		@ args = 0, pretend = 0, frame = 0
 802              		@ frame_needed = 0, uses_anonymous_args = 0
 389:Drivers/STM32G4xx_HAL_Driver/Src/stm32g4xx_hal_tim_ex.c ****   /* Check the parameters */
 803              		.loc 1 389 1 is_stmt 0 view .LVU267
 804 0000 10B5     		push	{r4, lr}
 805              	.LCFI9:
 806              		.cfi_def_cfa_offset 8
 807              		.cfi_offset 4, -8
 808              		.cfi_offset 14, -4
 809 0002 0446     		mov	r4, r0
 391:Drivers/STM32G4xx_HAL_Driver/Src/stm32g4xx_hal_tim_ex.c **** 
 810              		.loc 1 391 3 is_stmt 1 view .LVU268
 396:Drivers/STM32G4xx_HAL_Driver/Src/stm32g4xx_hal_tim_ex.c **** 
 811              		.loc 1 396 3 view .LVU269
 812 0004 0022     		movs	r2, #0
 813 0006 1146     		mov	r1, r2
 814 0008 0068     		ldr	r0, [r0]
 815              	.LVL47:
 396:Drivers/STM32G4xx_HAL_Driver/Src/stm32g4xx_hal_tim_ex.c **** 
 816              		.loc 1 396 3 is_stmt 0 view .LVU270
ARM GAS  /tmp/ccX78w3T.s 			page 84


 817 000a FFF7FEFF 		bl	TIM_CCxChannelCmd
 818              	.LVL48:
 399:Drivers/STM32G4xx_HAL_Driver/Src/stm32g4xx_hal_tim_ex.c **** 
 819              		.loc 1 399 3 is_stmt 1 view .LVU271
 399:Drivers/STM32G4xx_HAL_Driver/Src/stm32g4xx_hal_tim_ex.c **** 
 820              		.loc 1 399 3 view .LVU272
 821 000e 2268     		ldr	r2, [r4]
 822 0010 136A     		ldr	r3, [r2, #32]
 823 0012 03F01133 		and	r3, r3, #286331153
 824 0016 23F08853 		bic	r3, r3, #285212672
 825 001a 43B9     		cbnz	r3, .L48
 399:Drivers/STM32G4xx_HAL_Driver/Src/stm32g4xx_hal_tim_ex.c **** 
 826              		.loc 1 399 3 discriminator 1 view .LVU273
 827 001c 116A     		ldr	r1, [r2, #32]
 828 001e 44F24443 		movw	r3, #17476
 829 0022 1942     		tst	r1, r3
 830 0024 03D1     		bne	.L48
 399:Drivers/STM32G4xx_HAL_Driver/Src/stm32g4xx_hal_tim_ex.c **** 
 831              		.loc 1 399 3 discriminator 2 view .LVU274
 832 0026 1368     		ldr	r3, [r2]
 833 0028 23F00103 		bic	r3, r3, #1
 834 002c 1360     		str	r3, [r2]
 835              	.L48:
 399:Drivers/STM32G4xx_HAL_Driver/Src/stm32g4xx_hal_tim_ex.c **** 
 836              		.loc 1 399 3 discriminator 3 view .LVU275
 402:Drivers/STM32G4xx_HAL_Driver/Src/stm32g4xx_hal_tim_ex.c ****   TIM_CHANNEL_STATE_SET(htim, TIM_CHANNEL_2, HAL_TIM_CHANNEL_STATE_READY);
 837              		.loc 1 402 3 view .LVU276
 838 002e 0123     		movs	r3, #1
 839 0030 84F83E30 		strb	r3, [r4, #62]
 403:Drivers/STM32G4xx_HAL_Driver/Src/stm32g4xx_hal_tim_ex.c ****   TIM_CHANNEL_N_STATE_SET(htim, TIM_CHANNEL_1, HAL_TIM_CHANNEL_STATE_READY);
 840              		.loc 1 403 3 view .LVU277
 841 0034 84F83F30 		strb	r3, [r4, #63]
 404:Drivers/STM32G4xx_HAL_Driver/Src/stm32g4xx_hal_tim_ex.c ****   TIM_CHANNEL_N_STATE_SET(htim, TIM_CHANNEL_2, HAL_TIM_CHANNEL_STATE_READY);
 842              		.loc 1 404 3 view .LVU278
 843 0038 84F84430 		strb	r3, [r4, #68]
 405:Drivers/STM32G4xx_HAL_Driver/Src/stm32g4xx_hal_tim_ex.c **** 
 844              		.loc 1 405 3 view .LVU279
 845 003c 84F84530 		strb	r3, [r4, #69]
 408:Drivers/STM32G4xx_HAL_Driver/Src/stm32g4xx_hal_tim_ex.c **** }
 846              		.loc 1 408 3 view .LVU280
 409:Drivers/STM32G4xx_HAL_Driver/Src/stm32g4xx_hal_tim_ex.c **** 
 847              		.loc 1 409 1 is_stmt 0 view .LVU281
 848 0040 0020     		movs	r0, #0
 849 0042 10BD     		pop	{r4, pc}
 409:Drivers/STM32G4xx_HAL_Driver/Src/stm32g4xx_hal_tim_ex.c **** 
 850              		.loc 1 409 1 view .LVU282
 851              		.cfi_endproc
 852              	.LFE334:
 854              		.section	.text.HAL_TIMEx_HallSensor_Start_IT,"ax",%progbits
 855              		.align	1
 856              		.global	HAL_TIMEx_HallSensor_Start_IT
 857              		.syntax unified
 858              		.thumb
 859              		.thumb_func
 861              	HAL_TIMEx_HallSensor_Start_IT:
 862              	.LVL49:
 863              	.LFB335:
ARM GAS  /tmp/ccX78w3T.s 			page 85


 417:Drivers/STM32G4xx_HAL_Driver/Src/stm32g4xx_hal_tim_ex.c ****   uint32_t tmpsmcr;
 864              		.loc 1 417 1 is_stmt 1 view -0
 865              		.cfi_startproc
 866              		@ args = 0, pretend = 0, frame = 0
 867              		@ frame_needed = 0, uses_anonymous_args = 0
 417:Drivers/STM32G4xx_HAL_Driver/Src/stm32g4xx_hal_tim_ex.c ****   uint32_t tmpsmcr;
 868              		.loc 1 417 1 is_stmt 0 view .LVU284
 869 0000 10B5     		push	{r4, lr}
 870              	.LCFI10:
 871              		.cfi_def_cfa_offset 8
 872              		.cfi_offset 4, -8
 873              		.cfi_offset 14, -4
 874 0002 0446     		mov	r4, r0
 418:Drivers/STM32G4xx_HAL_Driver/Src/stm32g4xx_hal_tim_ex.c ****   HAL_TIM_ChannelStateTypeDef channel_1_state = TIM_CHANNEL_STATE_GET(htim, TIM_CHANNEL_1);
 875              		.loc 1 418 3 is_stmt 1 view .LVU285
 419:Drivers/STM32G4xx_HAL_Driver/Src/stm32g4xx_hal_tim_ex.c ****   HAL_TIM_ChannelStateTypeDef channel_2_state = TIM_CHANNEL_STATE_GET(htim, TIM_CHANNEL_2);
 876              		.loc 1 419 3 view .LVU286
 419:Drivers/STM32G4xx_HAL_Driver/Src/stm32g4xx_hal_tim_ex.c ****   HAL_TIM_ChannelStateTypeDef channel_2_state = TIM_CHANNEL_STATE_GET(htim, TIM_CHANNEL_2);
 877              		.loc 1 419 31 is_stmt 0 view .LVU287
 878 0004 90F83E00 		ldrb	r0, [r0, #62]	@ zero_extendqisi2
 879              	.LVL50:
 420:Drivers/STM32G4xx_HAL_Driver/Src/stm32g4xx_hal_tim_ex.c ****   HAL_TIM_ChannelStateTypeDef complementary_channel_1_state = TIM_CHANNEL_N_STATE_GET(htim, TIM_CHA
 880              		.loc 1 420 3 is_stmt 1 view .LVU288
 420:Drivers/STM32G4xx_HAL_Driver/Src/stm32g4xx_hal_tim_ex.c ****   HAL_TIM_ChannelStateTypeDef complementary_channel_1_state = TIM_CHANNEL_N_STATE_GET(htim, TIM_CHA
 881              		.loc 1 420 31 is_stmt 0 view .LVU289
 882 0008 94F83F30 		ldrb	r3, [r4, #63]	@ zero_extendqisi2
 883              	.LVL51:
 421:Drivers/STM32G4xx_HAL_Driver/Src/stm32g4xx_hal_tim_ex.c ****   HAL_TIM_ChannelStateTypeDef complementary_channel_2_state = TIM_CHANNEL_N_STATE_GET(htim, TIM_CHA
 884              		.loc 1 421 3 is_stmt 1 view .LVU290
 421:Drivers/STM32G4xx_HAL_Driver/Src/stm32g4xx_hal_tim_ex.c ****   HAL_TIM_ChannelStateTypeDef complementary_channel_2_state = TIM_CHANNEL_N_STATE_GET(htim, TIM_CHA
 885              		.loc 1 421 31 is_stmt 0 view .LVU291
 886 000c 94F84420 		ldrb	r2, [r4, #68]	@ zero_extendqisi2
 887              	.LVL52:
 422:Drivers/STM32G4xx_HAL_Driver/Src/stm32g4xx_hal_tim_ex.c **** 
 888              		.loc 1 422 3 is_stmt 1 view .LVU292
 422:Drivers/STM32G4xx_HAL_Driver/Src/stm32g4xx_hal_tim_ex.c **** 
 889              		.loc 1 422 31 is_stmt 0 view .LVU293
 890 0010 94F84510 		ldrb	r1, [r4, #69]	@ zero_extendqisi2
 891              	.LVL53:
 425:Drivers/STM32G4xx_HAL_Driver/Src/stm32g4xx_hal_tim_ex.c **** 
 892              		.loc 1 425 3 is_stmt 1 view .LVU294
 428:Drivers/STM32G4xx_HAL_Driver/Src/stm32g4xx_hal_tim_ex.c ****       || (channel_2_state != HAL_TIM_CHANNEL_STATE_READY)
 893              		.loc 1 428 3 view .LVU295
 428:Drivers/STM32G4xx_HAL_Driver/Src/stm32g4xx_hal_tim_ex.c ****       || (channel_2_state != HAL_TIM_CHANNEL_STATE_READY)
 894              		.loc 1 428 6 is_stmt 0 view .LVU296
 895 0014 0128     		cmp	r0, #1
 896 0016 44D1     		bne	.L55
 429:Drivers/STM32G4xx_HAL_Driver/Src/stm32g4xx_hal_tim_ex.c ****       || (complementary_channel_1_state != HAL_TIM_CHANNEL_STATE_READY)
 897              		.loc 1 429 7 view .LVU297
 898 0018 012B     		cmp	r3, #1
 899 001a 43D1     		bne	.L51
 430:Drivers/STM32G4xx_HAL_Driver/Src/stm32g4xx_hal_tim_ex.c ****       || (complementary_channel_2_state != HAL_TIM_CHANNEL_STATE_READY))
 900              		.loc 1 430 7 view .LVU298
 901 001c 012A     		cmp	r2, #1
 902 001e 42D1     		bne	.L56
 431:Drivers/STM32G4xx_HAL_Driver/Src/stm32g4xx_hal_tim_ex.c ****   {
 903              		.loc 1 431 7 view .LVU299
ARM GAS  /tmp/ccX78w3T.s 			page 86


 904 0020 0129     		cmp	r1, #1
 905 0022 01D0     		beq	.L59
 433:Drivers/STM32G4xx_HAL_Driver/Src/stm32g4xx_hal_tim_ex.c ****   }
 906              		.loc 1 433 12 view .LVU300
 907 0024 1046     		mov	r0, r2
 908              	.LVL54:
 433:Drivers/STM32G4xx_HAL_Driver/Src/stm32g4xx_hal_tim_ex.c ****   }
 909              		.loc 1 433 12 view .LVU301
 910 0026 3DE0     		b	.L51
 911              	.LVL55:
 912              	.L59:
 437:Drivers/STM32G4xx_HAL_Driver/Src/stm32g4xx_hal_tim_ex.c ****   TIM_CHANNEL_STATE_SET(htim, TIM_CHANNEL_2, HAL_TIM_CHANNEL_STATE_BUSY);
 913              		.loc 1 437 3 is_stmt 1 view .LVU302
 914 0028 0223     		movs	r3, #2
 915              	.LVL56:
 437:Drivers/STM32G4xx_HAL_Driver/Src/stm32g4xx_hal_tim_ex.c ****   TIM_CHANNEL_STATE_SET(htim, TIM_CHANNEL_2, HAL_TIM_CHANNEL_STATE_BUSY);
 916              		.loc 1 437 3 is_stmt 0 view .LVU303
 917 002a 84F83E30 		strb	r3, [r4, #62]
 438:Drivers/STM32G4xx_HAL_Driver/Src/stm32g4xx_hal_tim_ex.c ****   TIM_CHANNEL_N_STATE_SET(htim, TIM_CHANNEL_1, HAL_TIM_CHANNEL_STATE_BUSY);
 918              		.loc 1 438 3 is_stmt 1 view .LVU304
 919 002e 84F83F30 		strb	r3, [r4, #63]
 439:Drivers/STM32G4xx_HAL_Driver/Src/stm32g4xx_hal_tim_ex.c ****   TIM_CHANNEL_N_STATE_SET(htim, TIM_CHANNEL_2, HAL_TIM_CHANNEL_STATE_BUSY);
 920              		.loc 1 439 3 view .LVU305
 921 0032 84F84430 		strb	r3, [r4, #68]
 440:Drivers/STM32G4xx_HAL_Driver/Src/stm32g4xx_hal_tim_ex.c **** 
 922              		.loc 1 440 3 view .LVU306
 923 0036 84F84530 		strb	r3, [r4, #69]
 443:Drivers/STM32G4xx_HAL_Driver/Src/stm32g4xx_hal_tim_ex.c **** 
 924              		.loc 1 443 3 view .LVU307
 925 003a 2268     		ldr	r2, [r4]
 926              	.LVL57:
 443:Drivers/STM32G4xx_HAL_Driver/Src/stm32g4xx_hal_tim_ex.c **** 
 927              		.loc 1 443 3 is_stmt 0 view .LVU308
 928 003c D368     		ldr	r3, [r2, #12]
 929 003e 43F00203 		orr	r3, r3, #2
 930 0042 D360     		str	r3, [r2, #12]
 448:Drivers/STM32G4xx_HAL_Driver/Src/stm32g4xx_hal_tim_ex.c **** 
 931              		.loc 1 448 3 is_stmt 1 view .LVU309
 932 0044 0122     		movs	r2, #1
 933 0046 0021     		movs	r1, #0
 934              	.LVL58:
 448:Drivers/STM32G4xx_HAL_Driver/Src/stm32g4xx_hal_tim_ex.c **** 
 935              		.loc 1 448 3 is_stmt 0 view .LVU310
 936 0048 2068     		ldr	r0, [r4]
 937              	.LVL59:
 448:Drivers/STM32G4xx_HAL_Driver/Src/stm32g4xx_hal_tim_ex.c **** 
 938              		.loc 1 448 3 view .LVU311
 939 004a FFF7FEFF 		bl	TIM_CCxChannelCmd
 940              	.LVL60:
 451:Drivers/STM32G4xx_HAL_Driver/Src/stm32g4xx_hal_tim_ex.c ****   {
 941              		.loc 1 451 3 is_stmt 1 view .LVU312
 451:Drivers/STM32G4xx_HAL_Driver/Src/stm32g4xx_hal_tim_ex.c ****   {
 942              		.loc 1 451 7 is_stmt 0 view .LVU313
 943 004e 2368     		ldr	r3, [r4]
 451:Drivers/STM32G4xx_HAL_Driver/Src/stm32g4xx_hal_tim_ex.c ****   {
 944              		.loc 1 451 6 view .LVU314
 945 0050 164A     		ldr	r2, .L60
ARM GAS  /tmp/ccX78w3T.s 			page 87


 946 0052 9342     		cmp	r3, r2
 947 0054 17D0     		beq	.L52
 451:Drivers/STM32G4xx_HAL_Driver/Src/stm32g4xx_hal_tim_ex.c ****   {
 948              		.loc 1 451 7 discriminator 1 view .LVU315
 949 0056 B3F1804F 		cmp	r3, #1073741824
 950 005a 14D0     		beq	.L52
 451:Drivers/STM32G4xx_HAL_Driver/Src/stm32g4xx_hal_tim_ex.c ****   {
 951              		.loc 1 451 7 discriminator 2 view .LVU316
 952 005c A2F59432 		sub	r2, r2, #75776
 953 0060 9342     		cmp	r3, r2
 954 0062 10D0     		beq	.L52
 451:Drivers/STM32G4xx_HAL_Driver/Src/stm32g4xx_hal_tim_ex.c ****   {
 955              		.loc 1 451 7 discriminator 3 view .LVU317
 956 0064 02F58062 		add	r2, r2, #1024
 957 0068 9342     		cmp	r3, r2
 958 006a 0CD0     		beq	.L52
 451:Drivers/STM32G4xx_HAL_Driver/Src/stm32g4xx_hal_tim_ex.c ****   {
 959              		.loc 1 451 7 discriminator 4 view .LVU318
 960 006c 02F59632 		add	r2, r2, #76800
 961 0070 9342     		cmp	r3, r2
 962 0072 08D0     		beq	.L52
 451:Drivers/STM32G4xx_HAL_Driver/Src/stm32g4xx_hal_tim_ex.c ****   {
 963              		.loc 1 451 7 discriminator 5 view .LVU319
 964 0074 02F54062 		add	r2, r2, #3072
 965 0078 9342     		cmp	r3, r2
 966 007a 04D0     		beq	.L52
 461:Drivers/STM32G4xx_HAL_Driver/Src/stm32g4xx_hal_tim_ex.c ****   }
 967              		.loc 1 461 5 is_stmt 1 view .LVU320
 968 007c 1A68     		ldr	r2, [r3]
 969 007e 42F00102 		orr	r2, r2, #1
 970 0082 1A60     		str	r2, [r3]
 971 0084 0BE0     		b	.L54
 972              	.L52:
 453:Drivers/STM32G4xx_HAL_Driver/Src/stm32g4xx_hal_tim_ex.c ****     if (!IS_TIM_SLAVEMODE_TRIGGER_ENABLED(tmpsmcr))
 973              		.loc 1 453 5 view .LVU321
 453:Drivers/STM32G4xx_HAL_Driver/Src/stm32g4xx_hal_tim_ex.c ****     if (!IS_TIM_SLAVEMODE_TRIGGER_ENABLED(tmpsmcr))
 974              		.loc 1 453 29 is_stmt 0 view .LVU322
 975 0086 9968     		ldr	r1, [r3, #8]
 453:Drivers/STM32G4xx_HAL_Driver/Src/stm32g4xx_hal_tim_ex.c ****     if (!IS_TIM_SLAVEMODE_TRIGGER_ENABLED(tmpsmcr))
 976              		.loc 1 453 13 view .LVU323
 977 0088 094A     		ldr	r2, .L60+4
 978 008a 0A40     		ands	r2, r2, r1
 979              	.LVL61:
 454:Drivers/STM32G4xx_HAL_Driver/Src/stm32g4xx_hal_tim_ex.c ****     {
 980              		.loc 1 454 5 is_stmt 1 view .LVU324
 454:Drivers/STM32G4xx_HAL_Driver/Src/stm32g4xx_hal_tim_ex.c ****     {
 981              		.loc 1 454 8 is_stmt 0 view .LVU325
 982 008c 062A     		cmp	r2, #6
 983 008e 06D0     		beq	.L54
 454:Drivers/STM32G4xx_HAL_Driver/Src/stm32g4xx_hal_tim_ex.c ****     {
 984              		.loc 1 454 9 discriminator 1 view .LVU326
 985 0090 B2F5803F 		cmp	r2, #65536
 986 0094 03D0     		beq	.L54
 456:Drivers/STM32G4xx_HAL_Driver/Src/stm32g4xx_hal_tim_ex.c ****     }
 987              		.loc 1 456 7 is_stmt 1 view .LVU327
 988 0096 1A68     		ldr	r2, [r3]
 989              	.LVL62:
ARM GAS  /tmp/ccX78w3T.s 			page 88


 456:Drivers/STM32G4xx_HAL_Driver/Src/stm32g4xx_hal_tim_ex.c ****     }
 990              		.loc 1 456 7 is_stmt 0 view .LVU328
 991 0098 42F00102 		orr	r2, r2, #1
 992 009c 1A60     		str	r2, [r3]
 993              	.LVL63:
 994              	.L54:
 465:Drivers/STM32G4xx_HAL_Driver/Src/stm32g4xx_hal_tim_ex.c **** }
 995              		.loc 1 465 10 view .LVU329
 996 009e 0020     		movs	r0, #0
 997 00a0 00E0     		b	.L51
 998              	.LVL64:
 999              	.L55:
 433:Drivers/STM32G4xx_HAL_Driver/Src/stm32g4xx_hal_tim_ex.c ****   }
 1000              		.loc 1 433 12 view .LVU330
 1001 00a2 0120     		movs	r0, #1
 1002              	.LVL65:
 1003              	.L51:
 466:Drivers/STM32G4xx_HAL_Driver/Src/stm32g4xx_hal_tim_ex.c **** 
 1004              		.loc 1 466 1 view .LVU331
 1005 00a4 10BD     		pop	{r4, pc}
 1006              	.LVL66:
 1007              	.L56:
 433:Drivers/STM32G4xx_HAL_Driver/Src/stm32g4xx_hal_tim_ex.c ****   }
 1008              		.loc 1 433 12 view .LVU332
 1009 00a6 1846     		mov	r0, r3
 1010              	.LVL67:
 433:Drivers/STM32G4xx_HAL_Driver/Src/stm32g4xx_hal_tim_ex.c ****   }
 1011              		.loc 1 433 12 view .LVU333
 1012 00a8 FCE7     		b	.L51
 1013              	.L61:
 1014 00aa 00BF     		.align	2
 1015              	.L60:
 1016 00ac 002C0140 		.word	1073818624
 1017 00b0 07000100 		.word	65543
 1018              		.cfi_endproc
 1019              	.LFE335:
 1021              		.section	.text.HAL_TIMEx_HallSensor_Stop_IT,"ax",%progbits
 1022              		.align	1
 1023              		.global	HAL_TIMEx_HallSensor_Stop_IT
 1024              		.syntax unified
 1025              		.thumb
 1026              		.thumb_func
 1028              	HAL_TIMEx_HallSensor_Stop_IT:
 1029              	.LVL68:
 1030              	.LFB336:
 474:Drivers/STM32G4xx_HAL_Driver/Src/stm32g4xx_hal_tim_ex.c ****   /* Check the parameters */
 1031              		.loc 1 474 1 is_stmt 1 view -0
 1032              		.cfi_startproc
 1033              		@ args = 0, pretend = 0, frame = 0
 1034              		@ frame_needed = 0, uses_anonymous_args = 0
 474:Drivers/STM32G4xx_HAL_Driver/Src/stm32g4xx_hal_tim_ex.c ****   /* Check the parameters */
 1035              		.loc 1 474 1 is_stmt 0 view .LVU335
 1036 0000 10B5     		push	{r4, lr}
 1037              	.LCFI11:
 1038              		.cfi_def_cfa_offset 8
 1039              		.cfi_offset 4, -8
 1040              		.cfi_offset 14, -4
ARM GAS  /tmp/ccX78w3T.s 			page 89


 1041 0002 0446     		mov	r4, r0
 476:Drivers/STM32G4xx_HAL_Driver/Src/stm32g4xx_hal_tim_ex.c **** 
 1042              		.loc 1 476 3 is_stmt 1 view .LVU336
 481:Drivers/STM32G4xx_HAL_Driver/Src/stm32g4xx_hal_tim_ex.c **** 
 1043              		.loc 1 481 3 view .LVU337
 1044 0004 0022     		movs	r2, #0
 1045 0006 1146     		mov	r1, r2
 1046 0008 0068     		ldr	r0, [r0]
 1047              	.LVL69:
 481:Drivers/STM32G4xx_HAL_Driver/Src/stm32g4xx_hal_tim_ex.c **** 
 1048              		.loc 1 481 3 is_stmt 0 view .LVU338
 1049 000a FFF7FEFF 		bl	TIM_CCxChannelCmd
 1050              	.LVL70:
 484:Drivers/STM32G4xx_HAL_Driver/Src/stm32g4xx_hal_tim_ex.c **** 
 1051              		.loc 1 484 3 is_stmt 1 view .LVU339
 1052 000e 2268     		ldr	r2, [r4]
 1053 0010 D368     		ldr	r3, [r2, #12]
 1054 0012 23F00203 		bic	r3, r3, #2
 1055 0016 D360     		str	r3, [r2, #12]
 487:Drivers/STM32G4xx_HAL_Driver/Src/stm32g4xx_hal_tim_ex.c **** 
 1056              		.loc 1 487 3 view .LVU340
 487:Drivers/STM32G4xx_HAL_Driver/Src/stm32g4xx_hal_tim_ex.c **** 
 1057              		.loc 1 487 3 view .LVU341
 1058 0018 2268     		ldr	r2, [r4]
 1059 001a 136A     		ldr	r3, [r2, #32]
 1060 001c 03F01133 		and	r3, r3, #286331153
 1061 0020 23F08853 		bic	r3, r3, #285212672
 1062 0024 43B9     		cbnz	r3, .L63
 487:Drivers/STM32G4xx_HAL_Driver/Src/stm32g4xx_hal_tim_ex.c **** 
 1063              		.loc 1 487 3 discriminator 1 view .LVU342
 1064 0026 116A     		ldr	r1, [r2, #32]
 1065 0028 44F24443 		movw	r3, #17476
 1066 002c 1942     		tst	r1, r3
 1067 002e 03D1     		bne	.L63
 487:Drivers/STM32G4xx_HAL_Driver/Src/stm32g4xx_hal_tim_ex.c **** 
 1068              		.loc 1 487 3 discriminator 2 view .LVU343
 1069 0030 1368     		ldr	r3, [r2]
 1070 0032 23F00103 		bic	r3, r3, #1
 1071 0036 1360     		str	r3, [r2]
 1072              	.L63:
 487:Drivers/STM32G4xx_HAL_Driver/Src/stm32g4xx_hal_tim_ex.c **** 
 1073              		.loc 1 487 3 discriminator 3 view .LVU344
 490:Drivers/STM32G4xx_HAL_Driver/Src/stm32g4xx_hal_tim_ex.c ****   TIM_CHANNEL_STATE_SET(htim, TIM_CHANNEL_2, HAL_TIM_CHANNEL_STATE_READY);
 1074              		.loc 1 490 3 view .LVU345
 1075 0038 0123     		movs	r3, #1
 1076 003a 84F83E30 		strb	r3, [r4, #62]
 491:Drivers/STM32G4xx_HAL_Driver/Src/stm32g4xx_hal_tim_ex.c ****   TIM_CHANNEL_N_STATE_SET(htim, TIM_CHANNEL_1, HAL_TIM_CHANNEL_STATE_READY);
 1077              		.loc 1 491 3 view .LVU346
 1078 003e 84F83F30 		strb	r3, [r4, #63]
 492:Drivers/STM32G4xx_HAL_Driver/Src/stm32g4xx_hal_tim_ex.c ****   TIM_CHANNEL_N_STATE_SET(htim, TIM_CHANNEL_2, HAL_TIM_CHANNEL_STATE_READY);
 1079              		.loc 1 492 3 view .LVU347
 1080 0042 84F84430 		strb	r3, [r4, #68]
 493:Drivers/STM32G4xx_HAL_Driver/Src/stm32g4xx_hal_tim_ex.c **** 
 1081              		.loc 1 493 3 view .LVU348
 1082 0046 84F84530 		strb	r3, [r4, #69]
 496:Drivers/STM32G4xx_HAL_Driver/Src/stm32g4xx_hal_tim_ex.c **** }
 1083              		.loc 1 496 3 view .LVU349
ARM GAS  /tmp/ccX78w3T.s 			page 90


 497:Drivers/STM32G4xx_HAL_Driver/Src/stm32g4xx_hal_tim_ex.c **** 
 1084              		.loc 1 497 1 is_stmt 0 view .LVU350
 1085 004a 0020     		movs	r0, #0
 1086 004c 10BD     		pop	{r4, pc}
 497:Drivers/STM32G4xx_HAL_Driver/Src/stm32g4xx_hal_tim_ex.c **** 
 1087              		.loc 1 497 1 view .LVU351
 1088              		.cfi_endproc
 1089              	.LFE336:
 1091              		.section	.text.HAL_TIMEx_HallSensor_Start_DMA,"ax",%progbits
 1092              		.align	1
 1093              		.global	HAL_TIMEx_HallSensor_Start_DMA
 1094              		.syntax unified
 1095              		.thumb
 1096              		.thumb_func
 1098              	HAL_TIMEx_HallSensor_Start_DMA:
 1099              	.LVL71:
 1100              	.LFB337:
 507:Drivers/STM32G4xx_HAL_Driver/Src/stm32g4xx_hal_tim_ex.c ****   uint32_t tmpsmcr;
 1101              		.loc 1 507 1 is_stmt 1 view -0
 1102              		.cfi_startproc
 1103              		@ args = 0, pretend = 0, frame = 0
 1104              		@ frame_needed = 0, uses_anonymous_args = 0
 507:Drivers/STM32G4xx_HAL_Driver/Src/stm32g4xx_hal_tim_ex.c ****   uint32_t tmpsmcr;
 1105              		.loc 1 507 1 is_stmt 0 view .LVU353
 1106 0000 F8B5     		push	{r3, r4, r5, r6, r7, lr}
 1107              	.LCFI12:
 1108              		.cfi_def_cfa_offset 24
 1109              		.cfi_offset 3, -24
 1110              		.cfi_offset 4, -20
 1111              		.cfi_offset 5, -16
 1112              		.cfi_offset 6, -12
 1113              		.cfi_offset 7, -8
 1114              		.cfi_offset 14, -4
 1115 0002 0446     		mov	r4, r0
 508:Drivers/STM32G4xx_HAL_Driver/Src/stm32g4xx_hal_tim_ex.c ****   HAL_TIM_ChannelStateTypeDef channel_1_state = TIM_CHANNEL_STATE_GET(htim, TIM_CHANNEL_1);
 1116              		.loc 1 508 3 is_stmt 1 view .LVU354
 509:Drivers/STM32G4xx_HAL_Driver/Src/stm32g4xx_hal_tim_ex.c ****   HAL_TIM_ChannelStateTypeDef complementary_channel_1_state = TIM_CHANNEL_N_STATE_GET(htim, TIM_CHA
 1117              		.loc 1 509 3 view .LVU355
 509:Drivers/STM32G4xx_HAL_Driver/Src/stm32g4xx_hal_tim_ex.c ****   HAL_TIM_ChannelStateTypeDef complementary_channel_1_state = TIM_CHANNEL_N_STATE_GET(htim, TIM_CHA
 1118              		.loc 1 509 31 is_stmt 0 view .LVU356
 1119 0004 90F83E00 		ldrb	r0, [r0, #62]	@ zero_extendqisi2
 1120              	.LVL72:
 510:Drivers/STM32G4xx_HAL_Driver/Src/stm32g4xx_hal_tim_ex.c **** 
 1121              		.loc 1 510 3 is_stmt 1 view .LVU357
 510:Drivers/STM32G4xx_HAL_Driver/Src/stm32g4xx_hal_tim_ex.c **** 
 1122              		.loc 1 510 31 is_stmt 0 view .LVU358
 1123 0008 94F84450 		ldrb	r5, [r4, #68]	@ zero_extendqisi2
 1124              	.LVL73:
 513:Drivers/STM32G4xx_HAL_Driver/Src/stm32g4xx_hal_tim_ex.c **** 
 1125              		.loc 1 513 3 is_stmt 1 view .LVU359
 516:Drivers/STM32G4xx_HAL_Driver/Src/stm32g4xx_hal_tim_ex.c ****       || (complementary_channel_1_state == HAL_TIM_CHANNEL_STATE_BUSY))
 1126              		.loc 1 516 3 view .LVU360
 516:Drivers/STM32G4xx_HAL_Driver/Src/stm32g4xx_hal_tim_ex.c ****       || (complementary_channel_1_state == HAL_TIM_CHANNEL_STATE_BUSY))
 1127              		.loc 1 516 6 is_stmt 0 view .LVU361
 1128 000c 0228     		cmp	r0, #2
 1129 000e 56D0     		beq	.L68
 517:Drivers/STM32G4xx_HAL_Driver/Src/stm32g4xx_hal_tim_ex.c ****   {
ARM GAS  /tmp/ccX78w3T.s 			page 91


 1130              		.loc 1 517 7 view .LVU362
 1131 0010 022D     		cmp	r5, #2
 1132 0012 07D0     		beq	.L70
 521:Drivers/STM32G4xx_HAL_Driver/Src/stm32g4xx_hal_tim_ex.c ****            && (complementary_channel_1_state == HAL_TIM_CHANNEL_STATE_READY))
 1133              		.loc 1 521 8 is_stmt 1 view .LVU363
 521:Drivers/STM32G4xx_HAL_Driver/Src/stm32g4xx_hal_tim_ex.c ****            && (complementary_channel_1_state == HAL_TIM_CHANNEL_STATE_READY))
 1134              		.loc 1 521 11 is_stmt 0 view .LVU364
 1135 0014 0128     		cmp	r0, #1
 1136 0016 51D1     		bne	.L74
 522:Drivers/STM32G4xx_HAL_Driver/Src/stm32g4xx_hal_tim_ex.c ****   {
 1137              		.loc 1 522 12 view .LVU365
 1138 0018 012D     		cmp	r5, #1
 1139 001a 50D1     		bne	.L68
 524:Drivers/STM32G4xx_HAL_Driver/Src/stm32g4xx_hal_tim_ex.c ****     {
 1140              		.loc 1 524 5 is_stmt 1 view .LVU366
 524:Drivers/STM32G4xx_HAL_Driver/Src/stm32g4xx_hal_tim_ex.c ****     {
 1141              		.loc 1 524 8 is_stmt 0 view .LVU367
 1142 001c 0E46     		mov	r6, r1
 1143 001e 09B1     		cbz	r1, .L70
 524:Drivers/STM32G4xx_HAL_Driver/Src/stm32g4xx_hal_tim_ex.c ****     {
 1144              		.loc 1 524 25 discriminator 1 view .LVU368
 1145 0020 1746     		mov	r7, r2
 1146 0022 0AB9     		cbnz	r2, .L76
 1147              	.LVL74:
 1148              	.L70:
 519:Drivers/STM32G4xx_HAL_Driver/Src/stm32g4xx_hal_tim_ex.c ****   }
 1149              		.loc 1 519 12 view .LVU369
 1150 0024 2846     		mov	r0, r5
 1151 0026 4AE0     		b	.L68
 1152              	.LVL75:
 1153              	.L76:
 530:Drivers/STM32G4xx_HAL_Driver/Src/stm32g4xx_hal_tim_ex.c ****       TIM_CHANNEL_N_STATE_SET(htim, TIM_CHANNEL_1, HAL_TIM_CHANNEL_STATE_BUSY);
 1154              		.loc 1 530 7 is_stmt 1 view .LVU370
 1155 0028 0223     		movs	r3, #2
 1156 002a 84F83E30 		strb	r3, [r4, #62]
 531:Drivers/STM32G4xx_HAL_Driver/Src/stm32g4xx_hal_tim_ex.c ****     }
 1157              		.loc 1 531 7 view .LVU371
 1158 002e 84F84430 		strb	r3, [r4, #68]
 542:Drivers/STM32G4xx_HAL_Driver/Src/stm32g4xx_hal_tim_ex.c **** 
 1159              		.loc 1 542 3 view .LVU372
 1160 0032 0122     		movs	r2, #1
 1161              	.LVL76:
 542:Drivers/STM32G4xx_HAL_Driver/Src/stm32g4xx_hal_tim_ex.c **** 
 1162              		.loc 1 542 3 is_stmt 0 view .LVU373
 1163 0034 0021     		movs	r1, #0
 1164              	.LVL77:
 542:Drivers/STM32G4xx_HAL_Driver/Src/stm32g4xx_hal_tim_ex.c **** 
 1165              		.loc 1 542 3 view .LVU374
 1166 0036 2068     		ldr	r0, [r4]
 1167              	.LVL78:
 542:Drivers/STM32G4xx_HAL_Driver/Src/stm32g4xx_hal_tim_ex.c **** 
 1168              		.loc 1 542 3 view .LVU375
 1169 0038 FFF7FEFF 		bl	TIM_CCxChannelCmd
 1170              	.LVL79:
 545:Drivers/STM32G4xx_HAL_Driver/Src/stm32g4xx_hal_tim_ex.c ****   htim->hdma[TIM_DMA_ID_CC1]->XferHalfCpltCallback = TIM_DMACaptureHalfCplt;
 1171              		.loc 1 545 3 is_stmt 1 view .LVU376
 545:Drivers/STM32G4xx_HAL_Driver/Src/stm32g4xx_hal_tim_ex.c ****   htim->hdma[TIM_DMA_ID_CC1]->XferHalfCpltCallback = TIM_DMACaptureHalfCplt;
ARM GAS  /tmp/ccX78w3T.s 			page 92


 1172              		.loc 1 545 13 is_stmt 0 view .LVU377
 1173 003c 636A     		ldr	r3, [r4, #36]
 545:Drivers/STM32G4xx_HAL_Driver/Src/stm32g4xx_hal_tim_ex.c ****   htim->hdma[TIM_DMA_ID_CC1]->XferHalfCpltCallback = TIM_DMACaptureHalfCplt;
 1174              		.loc 1 545 48 view .LVU378
 1175 003e 204A     		ldr	r2, .L77
 1176 0040 DA62     		str	r2, [r3, #44]
 546:Drivers/STM32G4xx_HAL_Driver/Src/stm32g4xx_hal_tim_ex.c ****   /* Set the DMA error callback */
 1177              		.loc 1 546 3 is_stmt 1 view .LVU379
 546:Drivers/STM32G4xx_HAL_Driver/Src/stm32g4xx_hal_tim_ex.c ****   /* Set the DMA error callback */
 1178              		.loc 1 546 13 is_stmt 0 view .LVU380
 1179 0042 636A     		ldr	r3, [r4, #36]
 546:Drivers/STM32G4xx_HAL_Driver/Src/stm32g4xx_hal_tim_ex.c ****   /* Set the DMA error callback */
 1180              		.loc 1 546 52 view .LVU381
 1181 0044 1F4A     		ldr	r2, .L77+4
 1182 0046 1A63     		str	r2, [r3, #48]
 548:Drivers/STM32G4xx_HAL_Driver/Src/stm32g4xx_hal_tim_ex.c **** 
 1183              		.loc 1 548 3 is_stmt 1 view .LVU382
 548:Drivers/STM32G4xx_HAL_Driver/Src/stm32g4xx_hal_tim_ex.c **** 
 1184              		.loc 1 548 13 is_stmt 0 view .LVU383
 1185 0048 636A     		ldr	r3, [r4, #36]
 548:Drivers/STM32G4xx_HAL_Driver/Src/stm32g4xx_hal_tim_ex.c **** 
 1186              		.loc 1 548 49 view .LVU384
 1187 004a 1F4A     		ldr	r2, .L77+8
 1188 004c 5A63     		str	r2, [r3, #52]
 551:Drivers/STM32G4xx_HAL_Driver/Src/stm32g4xx_hal_tim_ex.c ****   {
 1189              		.loc 1 551 3 is_stmt 1 view .LVU385
 551:Drivers/STM32G4xx_HAL_Driver/Src/stm32g4xx_hal_tim_ex.c ****   {
 1190              		.loc 1 551 67 is_stmt 0 view .LVU386
 1191 004e 2168     		ldr	r1, [r4]
 551:Drivers/STM32G4xx_HAL_Driver/Src/stm32g4xx_hal_tim_ex.c ****   {
 1192              		.loc 1 551 7 view .LVU387
 1193 0050 3B46     		mov	r3, r7
 1194 0052 3246     		mov	r2, r6
 1195 0054 3431     		adds	r1, r1, #52
 1196 0056 606A     		ldr	r0, [r4, #36]
 1197 0058 FFF7FEFF 		bl	HAL_DMA_Start_IT
 1198              	.LVL80:
 551:Drivers/STM32G4xx_HAL_Driver/Src/stm32g4xx_hal_tim_ex.c ****   {
 1199              		.loc 1 551 6 discriminator 1 view .LVU388
 1200 005c 0028     		cmp	r0, #0
 1201 005e E1D1     		bne	.L70
 557:Drivers/STM32G4xx_HAL_Driver/Src/stm32g4xx_hal_tim_ex.c **** 
 1202              		.loc 1 557 3 is_stmt 1 view .LVU389
 1203 0060 2268     		ldr	r2, [r4]
 1204 0062 D368     		ldr	r3, [r2, #12]
 1205 0064 43F40073 		orr	r3, r3, #512
 1206 0068 D360     		str	r3, [r2, #12]
 560:Drivers/STM32G4xx_HAL_Driver/Src/stm32g4xx_hal_tim_ex.c ****   {
 1207              		.loc 1 560 3 view .LVU390
 560:Drivers/STM32G4xx_HAL_Driver/Src/stm32g4xx_hal_tim_ex.c ****   {
 1208              		.loc 1 560 7 is_stmt 0 view .LVU391
 1209 006a 2368     		ldr	r3, [r4]
 560:Drivers/STM32G4xx_HAL_Driver/Src/stm32g4xx_hal_tim_ex.c ****   {
 1210              		.loc 1 560 6 view .LVU392
 1211 006c 174A     		ldr	r2, .L77+12
 1212 006e 9342     		cmp	r3, r2
 1213 0070 17D0     		beq	.L71
ARM GAS  /tmp/ccX78w3T.s 			page 93


 560:Drivers/STM32G4xx_HAL_Driver/Src/stm32g4xx_hal_tim_ex.c ****   {
 1214              		.loc 1 560 7 discriminator 1 view .LVU393
 1215 0072 B3F1804F 		cmp	r3, #1073741824
 1216 0076 14D0     		beq	.L71
 560:Drivers/STM32G4xx_HAL_Driver/Src/stm32g4xx_hal_tim_ex.c ****   {
 1217              		.loc 1 560 7 discriminator 2 view .LVU394
 1218 0078 A2F59432 		sub	r2, r2, #75776
 1219 007c 9342     		cmp	r3, r2
 1220 007e 10D0     		beq	.L71
 560:Drivers/STM32G4xx_HAL_Driver/Src/stm32g4xx_hal_tim_ex.c ****   {
 1221              		.loc 1 560 7 discriminator 3 view .LVU395
 1222 0080 02F58062 		add	r2, r2, #1024
 1223 0084 9342     		cmp	r3, r2
 1224 0086 0CD0     		beq	.L71
 560:Drivers/STM32G4xx_HAL_Driver/Src/stm32g4xx_hal_tim_ex.c ****   {
 1225              		.loc 1 560 7 discriminator 4 view .LVU396
 1226 0088 02F59632 		add	r2, r2, #76800
 1227 008c 9342     		cmp	r3, r2
 1228 008e 08D0     		beq	.L71
 560:Drivers/STM32G4xx_HAL_Driver/Src/stm32g4xx_hal_tim_ex.c ****   {
 1229              		.loc 1 560 7 discriminator 5 view .LVU397
 1230 0090 02F54062 		add	r2, r2, #3072
 1231 0094 9342     		cmp	r3, r2
 1232 0096 04D0     		beq	.L71
 570:Drivers/STM32G4xx_HAL_Driver/Src/stm32g4xx_hal_tim_ex.c ****   }
 1233              		.loc 1 570 5 is_stmt 1 view .LVU398
 1234 0098 1A68     		ldr	r2, [r3]
 1235 009a 42F00102 		orr	r2, r2, #1
 1236 009e 1A60     		str	r2, [r3]
 1237 00a0 0DE0     		b	.L68
 1238              	.L71:
 562:Drivers/STM32G4xx_HAL_Driver/Src/stm32g4xx_hal_tim_ex.c ****     if (!IS_TIM_SLAVEMODE_TRIGGER_ENABLED(tmpsmcr))
 1239              		.loc 1 562 5 view .LVU399
 562:Drivers/STM32G4xx_HAL_Driver/Src/stm32g4xx_hal_tim_ex.c ****     if (!IS_TIM_SLAVEMODE_TRIGGER_ENABLED(tmpsmcr))
 1240              		.loc 1 562 29 is_stmt 0 view .LVU400
 1241 00a2 9968     		ldr	r1, [r3, #8]
 562:Drivers/STM32G4xx_HAL_Driver/Src/stm32g4xx_hal_tim_ex.c ****     if (!IS_TIM_SLAVEMODE_TRIGGER_ENABLED(tmpsmcr))
 1242              		.loc 1 562 13 view .LVU401
 1243 00a4 0A4A     		ldr	r2, .L77+16
 1244 00a6 0A40     		ands	r2, r2, r1
 1245              	.LVL81:
 563:Drivers/STM32G4xx_HAL_Driver/Src/stm32g4xx_hal_tim_ex.c ****     {
 1246              		.loc 1 563 5 is_stmt 1 view .LVU402
 563:Drivers/STM32G4xx_HAL_Driver/Src/stm32g4xx_hal_tim_ex.c ****     {
 1247              		.loc 1 563 8 is_stmt 0 view .LVU403
 1248 00a8 062A     		cmp	r2, #6
 1249 00aa 08D0     		beq	.L68
 563:Drivers/STM32G4xx_HAL_Driver/Src/stm32g4xx_hal_tim_ex.c ****     {
 1250              		.loc 1 563 9 discriminator 1 view .LVU404
 1251 00ac B2F5803F 		cmp	r2, #65536
 1252 00b0 05D0     		beq	.L68
 565:Drivers/STM32G4xx_HAL_Driver/Src/stm32g4xx_hal_tim_ex.c ****     }
 1253              		.loc 1 565 7 is_stmt 1 view .LVU405
 1254 00b2 1A68     		ldr	r2, [r3]
 1255              	.LVL82:
 565:Drivers/STM32G4xx_HAL_Driver/Src/stm32g4xx_hal_tim_ex.c ****     }
 1256              		.loc 1 565 7 is_stmt 0 view .LVU406
ARM GAS  /tmp/ccX78w3T.s 			page 94


 1257 00b4 42F00102 		orr	r2, r2, #1
 1258 00b8 1A60     		str	r2, [r3]
 1259 00ba 00E0     		b	.L68
 1260              	.LVL83:
 1261              	.L74:
 536:Drivers/STM32G4xx_HAL_Driver/Src/stm32g4xx_hal_tim_ex.c ****   }
 1262              		.loc 1 536 12 view .LVU407
 1263 00bc 0120     		movs	r0, #1
 1264              	.LVL84:
 1265              	.L68:
 575:Drivers/STM32G4xx_HAL_Driver/Src/stm32g4xx_hal_tim_ex.c **** 
 1266              		.loc 1 575 1 view .LVU408
 1267 00be F8BD     		pop	{r3, r4, r5, r6, r7, pc}
 1268              	.LVL85:
 1269              	.L78:
 575:Drivers/STM32G4xx_HAL_Driver/Src/stm32g4xx_hal_tim_ex.c **** 
 1270              		.loc 1 575 1 view .LVU409
 1271              		.align	2
 1272              	.L77:
 1273 00c0 00000000 		.word	TIM_DMACaptureCplt
 1274 00c4 00000000 		.word	TIM_DMACaptureHalfCplt
 1275 00c8 00000000 		.word	TIM_DMAError
 1276 00cc 002C0140 		.word	1073818624
 1277 00d0 07000100 		.word	65543
 1278              		.cfi_endproc
 1279              	.LFE337:
 1281              		.section	.text.HAL_TIMEx_HallSensor_Stop_DMA,"ax",%progbits
 1282              		.align	1
 1283              		.global	HAL_TIMEx_HallSensor_Stop_DMA
 1284              		.syntax unified
 1285              		.thumb
 1286              		.thumb_func
 1288              	HAL_TIMEx_HallSensor_Stop_DMA:
 1289              	.LVL86:
 1290              	.LFB338:
 583:Drivers/STM32G4xx_HAL_Driver/Src/stm32g4xx_hal_tim_ex.c ****   /* Check the parameters */
 1291              		.loc 1 583 1 is_stmt 1 view -0
 1292              		.cfi_startproc
 1293              		@ args = 0, pretend = 0, frame = 0
 1294              		@ frame_needed = 0, uses_anonymous_args = 0
 583:Drivers/STM32G4xx_HAL_Driver/Src/stm32g4xx_hal_tim_ex.c ****   /* Check the parameters */
 1295              		.loc 1 583 1 is_stmt 0 view .LVU411
 1296 0000 10B5     		push	{r4, lr}
 1297              	.LCFI13:
 1298              		.cfi_def_cfa_offset 8
 1299              		.cfi_offset 4, -8
 1300              		.cfi_offset 14, -4
 1301 0002 0446     		mov	r4, r0
 585:Drivers/STM32G4xx_HAL_Driver/Src/stm32g4xx_hal_tim_ex.c **** 
 1302              		.loc 1 585 3 is_stmt 1 view .LVU412
 590:Drivers/STM32G4xx_HAL_Driver/Src/stm32g4xx_hal_tim_ex.c **** 
 1303              		.loc 1 590 3 view .LVU413
 1304 0004 0022     		movs	r2, #0
 1305 0006 1146     		mov	r1, r2
 1306 0008 0068     		ldr	r0, [r0]
 1307              	.LVL87:
 590:Drivers/STM32G4xx_HAL_Driver/Src/stm32g4xx_hal_tim_ex.c **** 
ARM GAS  /tmp/ccX78w3T.s 			page 95


 1308              		.loc 1 590 3 is_stmt 0 view .LVU414
 1309 000a FFF7FEFF 		bl	TIM_CCxChannelCmd
 1310              	.LVL88:
 594:Drivers/STM32G4xx_HAL_Driver/Src/stm32g4xx_hal_tim_ex.c **** 
 1311              		.loc 1 594 3 is_stmt 1 view .LVU415
 1312 000e 2268     		ldr	r2, [r4]
 1313 0010 D368     		ldr	r3, [r2, #12]
 1314 0012 23F40073 		bic	r3, r3, #512
 1315 0016 D360     		str	r3, [r2, #12]
 596:Drivers/STM32G4xx_HAL_Driver/Src/stm32g4xx_hal_tim_ex.c **** 
 1316              		.loc 1 596 3 view .LVU416
 596:Drivers/STM32G4xx_HAL_Driver/Src/stm32g4xx_hal_tim_ex.c **** 
 1317              		.loc 1 596 9 is_stmt 0 view .LVU417
 1318 0018 606A     		ldr	r0, [r4, #36]
 1319 001a FFF7FEFF 		bl	HAL_DMA_Abort_IT
 1320              	.LVL89:
 599:Drivers/STM32G4xx_HAL_Driver/Src/stm32g4xx_hal_tim_ex.c **** 
 1321              		.loc 1 599 3 is_stmt 1 view .LVU418
 599:Drivers/STM32G4xx_HAL_Driver/Src/stm32g4xx_hal_tim_ex.c **** 
 1322              		.loc 1 599 3 view .LVU419
 1323 001e 2268     		ldr	r2, [r4]
 1324 0020 136A     		ldr	r3, [r2, #32]
 1325 0022 03F01133 		and	r3, r3, #286331153
 1326 0026 23F08853 		bic	r3, r3, #285212672
 1327 002a 43B9     		cbnz	r3, .L80
 599:Drivers/STM32G4xx_HAL_Driver/Src/stm32g4xx_hal_tim_ex.c **** 
 1328              		.loc 1 599 3 discriminator 1 view .LVU420
 1329 002c 116A     		ldr	r1, [r2, #32]
 1330 002e 44F24443 		movw	r3, #17476
 1331 0032 1942     		tst	r1, r3
 1332 0034 03D1     		bne	.L80
 599:Drivers/STM32G4xx_HAL_Driver/Src/stm32g4xx_hal_tim_ex.c **** 
 1333              		.loc 1 599 3 discriminator 2 view .LVU421
 1334 0036 1368     		ldr	r3, [r2]
 1335 0038 23F00103 		bic	r3, r3, #1
 1336 003c 1360     		str	r3, [r2]
 1337              	.L80:
 599:Drivers/STM32G4xx_HAL_Driver/Src/stm32g4xx_hal_tim_ex.c **** 
 1338              		.loc 1 599 3 discriminator 3 view .LVU422
 602:Drivers/STM32G4xx_HAL_Driver/Src/stm32g4xx_hal_tim_ex.c ****   TIM_CHANNEL_N_STATE_SET(htim, TIM_CHANNEL_1, HAL_TIM_CHANNEL_STATE_READY);
 1339              		.loc 1 602 3 view .LVU423
 1340 003e 0123     		movs	r3, #1
 1341 0040 84F83E30 		strb	r3, [r4, #62]
 603:Drivers/STM32G4xx_HAL_Driver/Src/stm32g4xx_hal_tim_ex.c **** 
 1342              		.loc 1 603 3 view .LVU424
 1343 0044 84F84430 		strb	r3, [r4, #68]
 606:Drivers/STM32G4xx_HAL_Driver/Src/stm32g4xx_hal_tim_ex.c **** }
 1344              		.loc 1 606 3 view .LVU425
 607:Drivers/STM32G4xx_HAL_Driver/Src/stm32g4xx_hal_tim_ex.c **** 
 1345              		.loc 1 607 1 is_stmt 0 view .LVU426
 1346 0048 0020     		movs	r0, #0
 1347 004a 10BD     		pop	{r4, pc}
 607:Drivers/STM32G4xx_HAL_Driver/Src/stm32g4xx_hal_tim_ex.c **** 
 1348              		.loc 1 607 1 view .LVU427
 1349              		.cfi_endproc
 1350              	.LFE338:
 1352              		.section	.text.HAL_TIMEx_OCN_Start,"ax",%progbits
ARM GAS  /tmp/ccX78w3T.s 			page 96


 1353              		.align	1
 1354              		.global	HAL_TIMEx_OCN_Start
 1355              		.syntax unified
 1356              		.thumb
 1357              		.thumb_func
 1359              	HAL_TIMEx_OCN_Start:
 1360              	.LVL90:
 1361              	.LFB339:
 646:Drivers/STM32G4xx_HAL_Driver/Src/stm32g4xx_hal_tim_ex.c ****   uint32_t tmpsmcr;
 1362              		.loc 1 646 1 is_stmt 1 view -0
 1363              		.cfi_startproc
 1364              		@ args = 0, pretend = 0, frame = 0
 1365              		@ frame_needed = 0, uses_anonymous_args = 0
 646:Drivers/STM32G4xx_HAL_Driver/Src/stm32g4xx_hal_tim_ex.c ****   uint32_t tmpsmcr;
 1366              		.loc 1 646 1 is_stmt 0 view .LVU429
 1367 0000 10B5     		push	{r4, lr}
 1368              	.LCFI14:
 1369              		.cfi_def_cfa_offset 8
 1370              		.cfi_offset 4, -8
 1371              		.cfi_offset 14, -4
 1372 0002 0446     		mov	r4, r0
 647:Drivers/STM32G4xx_HAL_Driver/Src/stm32g4xx_hal_tim_ex.c **** 
 1373              		.loc 1 647 3 is_stmt 1 view .LVU430
 650:Drivers/STM32G4xx_HAL_Driver/Src/stm32g4xx_hal_tim_ex.c **** 
 1374              		.loc 1 650 3 view .LVU431
 653:Drivers/STM32G4xx_HAL_Driver/Src/stm32g4xx_hal_tim_ex.c ****   {
 1375              		.loc 1 653 3 view .LVU432
 653:Drivers/STM32G4xx_HAL_Driver/Src/stm32g4xx_hal_tim_ex.c ****   {
 1376              		.loc 1 653 46 is_stmt 0 view .LVU433
 1377 0004 0846     		mov	r0, r1
 1378              	.LVL91:
 653:Drivers/STM32G4xx_HAL_Driver/Src/stm32g4xx_hal_tim_ex.c ****   {
 1379              		.loc 1 653 46 view .LVU434
 1380 0006 0029     		cmp	r1, #0
 1381 0008 31D1     		bne	.L83
 653:Drivers/STM32G4xx_HAL_Driver/Src/stm32g4xx_hal_tim_ex.c ****   {
 1382              		.loc 1 653 7 discriminator 1 view .LVU435
 1383 000a 94F84430 		ldrb	r3, [r4, #68]	@ zero_extendqisi2
 653:Drivers/STM32G4xx_HAL_Driver/Src/stm32g4xx_hal_tim_ex.c ****   {
 1384              		.loc 1 653 46 discriminator 1 view .LVU436
 1385 000e 013B     		subs	r3, r3, #1
 1386 0010 18BF     		it	ne
 1387 0012 0123     		movne	r3, #1
 1388              	.L84:
 653:Drivers/STM32G4xx_HAL_Driver/Src/stm32g4xx_hal_tim_ex.c ****   {
 1389              		.loc 1 653 6 discriminator 7 view .LVU437
 1390 0014 002B     		cmp	r3, #0
 1391 0016 5ED1     		bne	.L95
 659:Drivers/STM32G4xx_HAL_Driver/Src/stm32g4xx_hal_tim_ex.c **** 
 1392              		.loc 1 659 3 is_stmt 1 view .LVU438
 1393 0018 0028     		cmp	r0, #0
 1394 001a 3ED1     		bne	.L88
 659:Drivers/STM32G4xx_HAL_Driver/Src/stm32g4xx_hal_tim_ex.c **** 
 1395              		.loc 1 659 3 is_stmt 0 discriminator 1 view .LVU439
 1396 001c 0223     		movs	r3, #2
 1397 001e 84F84430 		strb	r3, [r4, #68]
 1398              	.L89:
ARM GAS  /tmp/ccX78w3T.s 			page 97


 662:Drivers/STM32G4xx_HAL_Driver/Src/stm32g4xx_hal_tim_ex.c **** 
 1399              		.loc 1 662 3 is_stmt 1 view .LVU440
 1400 0022 0422     		movs	r2, #4
 1401 0024 0146     		mov	r1, r0
 1402              	.LVL92:
 662:Drivers/STM32G4xx_HAL_Driver/Src/stm32g4xx_hal_tim_ex.c **** 
 1403              		.loc 1 662 3 is_stmt 0 view .LVU441
 1404 0026 2068     		ldr	r0, [r4]
 1405              	.LVL93:
 662:Drivers/STM32G4xx_HAL_Driver/Src/stm32g4xx_hal_tim_ex.c **** 
 1406              		.loc 1 662 3 view .LVU442
 1407 0028 FFF7FEFF 		bl	TIM_CCxNChannelCmd
 1408              	.LVL94:
 665:Drivers/STM32G4xx_HAL_Driver/Src/stm32g4xx_hal_tim_ex.c **** 
 1409              		.loc 1 665 3 is_stmt 1 view .LVU443
 1410 002c 2268     		ldr	r2, [r4]
 1411 002e 536C     		ldr	r3, [r2, #68]
 1412 0030 43F40043 		orr	r3, r3, #32768
 1413 0034 5364     		str	r3, [r2, #68]
 668:Drivers/STM32G4xx_HAL_Driver/Src/stm32g4xx_hal_tim_ex.c ****   {
 1414              		.loc 1 668 3 view .LVU444
 668:Drivers/STM32G4xx_HAL_Driver/Src/stm32g4xx_hal_tim_ex.c ****   {
 1415              		.loc 1 668 7 is_stmt 0 view .LVU445
 1416 0036 2368     		ldr	r3, [r4]
 668:Drivers/STM32G4xx_HAL_Driver/Src/stm32g4xx_hal_tim_ex.c ****   {
 1417              		.loc 1 668 6 view .LVU446
 1418 0038 284A     		ldr	r2, .L101
 1419 003a 9342     		cmp	r3, r2
 1420 003c 3DD0     		beq	.L92
 668:Drivers/STM32G4xx_HAL_Driver/Src/stm32g4xx_hal_tim_ex.c ****   {
 1421              		.loc 1 668 7 discriminator 1 view .LVU447
 1422 003e B3F1804F 		cmp	r3, #1073741824
 1423 0042 3AD0     		beq	.L92
 668:Drivers/STM32G4xx_HAL_Driver/Src/stm32g4xx_hal_tim_ex.c ****   {
 1424              		.loc 1 668 7 discriminator 2 view .LVU448
 1425 0044 A2F59432 		sub	r2, r2, #75776
 1426 0048 9342     		cmp	r3, r2
 1427 004a 36D0     		beq	.L92
 668:Drivers/STM32G4xx_HAL_Driver/Src/stm32g4xx_hal_tim_ex.c ****   {
 1428              		.loc 1 668 7 discriminator 3 view .LVU449
 1429 004c 02F58062 		add	r2, r2, #1024
 1430 0050 9342     		cmp	r3, r2
 1431 0052 32D0     		beq	.L92
 668:Drivers/STM32G4xx_HAL_Driver/Src/stm32g4xx_hal_tim_ex.c ****   {
 1432              		.loc 1 668 7 discriminator 4 view .LVU450
 1433 0054 02F59632 		add	r2, r2, #76800
 1434 0058 9342     		cmp	r3, r2
 1435 005a 2ED0     		beq	.L92
 668:Drivers/STM32G4xx_HAL_Driver/Src/stm32g4xx_hal_tim_ex.c ****   {
 1436              		.loc 1 668 7 discriminator 5 view .LVU451
 1437 005c 02F54062 		add	r2, r2, #3072
 1438 0060 9342     		cmp	r3, r2
 1439 0062 2AD0     		beq	.L92
 678:Drivers/STM32G4xx_HAL_Driver/Src/stm32g4xx_hal_tim_ex.c ****   }
 1440              		.loc 1 678 5 is_stmt 1 view .LVU452
 1441 0064 1A68     		ldr	r2, [r3]
 1442 0066 42F00102 		orr	r2, r2, #1
ARM GAS  /tmp/ccX78w3T.s 			page 98


 1443 006a 1A60     		str	r2, [r3]
 1444 006c 31E0     		b	.L94
 1445              	.LVL95:
 1446              	.L83:
 653:Drivers/STM32G4xx_HAL_Driver/Src/stm32g4xx_hal_tim_ex.c ****   {
 1447              		.loc 1 653 46 is_stmt 0 discriminator 2 view .LVU453
 1448 006e 0429     		cmp	r1, #4
 1449 0070 07D0     		beq	.L97
 653:Drivers/STM32G4xx_HAL_Driver/Src/stm32g4xx_hal_tim_ex.c ****   {
 1450              		.loc 1 653 46 discriminator 4 view .LVU454
 1451 0072 0829     		cmp	r1, #8
 1452 0074 0BD0     		beq	.L98
 653:Drivers/STM32G4xx_HAL_Driver/Src/stm32g4xx_hal_tim_ex.c ****   {
 1453              		.loc 1 653 7 discriminator 6 view .LVU455
 1454 0076 94F84730 		ldrb	r3, [r4, #71]	@ zero_extendqisi2
 653:Drivers/STM32G4xx_HAL_Driver/Src/stm32g4xx_hal_tim_ex.c ****   {
 1455              		.loc 1 653 46 discriminator 6 view .LVU456
 1456 007a 013B     		subs	r3, r3, #1
 1457 007c 18BF     		it	ne
 1458 007e 0123     		movne	r3, #1
 1459 0080 C8E7     		b	.L84
 1460              	.L97:
 653:Drivers/STM32G4xx_HAL_Driver/Src/stm32g4xx_hal_tim_ex.c ****   {
 1461              		.loc 1 653 7 discriminator 3 view .LVU457
 1462 0082 94F84530 		ldrb	r3, [r4, #69]	@ zero_extendqisi2
 653:Drivers/STM32G4xx_HAL_Driver/Src/stm32g4xx_hal_tim_ex.c ****   {
 1463              		.loc 1 653 46 discriminator 3 view .LVU458
 1464 0086 013B     		subs	r3, r3, #1
 1465 0088 18BF     		it	ne
 1466 008a 0123     		movne	r3, #1
 1467 008c C2E7     		b	.L84
 1468              	.L98:
 653:Drivers/STM32G4xx_HAL_Driver/Src/stm32g4xx_hal_tim_ex.c ****   {
 1469              		.loc 1 653 7 discriminator 5 view .LVU459
 1470 008e 94F84630 		ldrb	r3, [r4, #70]	@ zero_extendqisi2
 653:Drivers/STM32G4xx_HAL_Driver/Src/stm32g4xx_hal_tim_ex.c ****   {
 1471              		.loc 1 653 46 discriminator 5 view .LVU460
 1472 0092 013B     		subs	r3, r3, #1
 1473 0094 18BF     		it	ne
 1474 0096 0123     		movne	r3, #1
 1475 0098 BCE7     		b	.L84
 1476              	.L88:
 659:Drivers/STM32G4xx_HAL_Driver/Src/stm32g4xx_hal_tim_ex.c **** 
 1477              		.loc 1 659 3 discriminator 2 view .LVU461
 1478 009a 0428     		cmp	r0, #4
 1479 009c 05D0     		beq	.L99
 659:Drivers/STM32G4xx_HAL_Driver/Src/stm32g4xx_hal_tim_ex.c **** 
 1480              		.loc 1 659 3 discriminator 4 view .LVU462
 1481 009e 0828     		cmp	r0, #8
 1482 00a0 07D0     		beq	.L100
 659:Drivers/STM32G4xx_HAL_Driver/Src/stm32g4xx_hal_tim_ex.c **** 
 1483              		.loc 1 659 3 discriminator 6 view .LVU463
 1484 00a2 0223     		movs	r3, #2
 1485 00a4 84F84730 		strb	r3, [r4, #71]
 1486 00a8 BBE7     		b	.L89
 1487              	.L99:
 659:Drivers/STM32G4xx_HAL_Driver/Src/stm32g4xx_hal_tim_ex.c **** 
ARM GAS  /tmp/ccX78w3T.s 			page 99


 1488              		.loc 1 659 3 discriminator 3 view .LVU464
 1489 00aa 0223     		movs	r3, #2
 1490 00ac 84F84530 		strb	r3, [r4, #69]
 1491 00b0 B7E7     		b	.L89
 1492              	.L100:
 659:Drivers/STM32G4xx_HAL_Driver/Src/stm32g4xx_hal_tim_ex.c **** 
 1493              		.loc 1 659 3 discriminator 5 view .LVU465
 1494 00b2 0223     		movs	r3, #2
 1495 00b4 84F84630 		strb	r3, [r4, #70]
 1496 00b8 B3E7     		b	.L89
 1497              	.LVL96:
 1498              	.L92:
 670:Drivers/STM32G4xx_HAL_Driver/Src/stm32g4xx_hal_tim_ex.c ****     if (!IS_TIM_SLAVEMODE_TRIGGER_ENABLED(tmpsmcr))
 1499              		.loc 1 670 5 is_stmt 1 view .LVU466
 670:Drivers/STM32G4xx_HAL_Driver/Src/stm32g4xx_hal_tim_ex.c ****     if (!IS_TIM_SLAVEMODE_TRIGGER_ENABLED(tmpsmcr))
 1500              		.loc 1 670 29 is_stmt 0 view .LVU467
 1501 00ba 9968     		ldr	r1, [r3, #8]
 670:Drivers/STM32G4xx_HAL_Driver/Src/stm32g4xx_hal_tim_ex.c ****     if (!IS_TIM_SLAVEMODE_TRIGGER_ENABLED(tmpsmcr))
 1502              		.loc 1 670 13 view .LVU468
 1503 00bc 084A     		ldr	r2, .L101+4
 1504 00be 0A40     		ands	r2, r2, r1
 1505              	.LVL97:
 671:Drivers/STM32G4xx_HAL_Driver/Src/stm32g4xx_hal_tim_ex.c ****     {
 1506              		.loc 1 671 5 is_stmt 1 view .LVU469
 671:Drivers/STM32G4xx_HAL_Driver/Src/stm32g4xx_hal_tim_ex.c ****     {
 1507              		.loc 1 671 8 is_stmt 0 view .LVU470
 1508 00c0 062A     		cmp	r2, #6
 1509 00c2 06D0     		beq	.L94
 671:Drivers/STM32G4xx_HAL_Driver/Src/stm32g4xx_hal_tim_ex.c ****     {
 1510              		.loc 1 671 9 discriminator 1 view .LVU471
 1511 00c4 B2F5803F 		cmp	r2, #65536
 1512 00c8 03D0     		beq	.L94
 673:Drivers/STM32G4xx_HAL_Driver/Src/stm32g4xx_hal_tim_ex.c ****     }
 1513              		.loc 1 673 7 is_stmt 1 view .LVU472
 1514 00ca 1A68     		ldr	r2, [r3]
 1515              	.LVL98:
 673:Drivers/STM32G4xx_HAL_Driver/Src/stm32g4xx_hal_tim_ex.c ****     }
 1516              		.loc 1 673 7 is_stmt 0 view .LVU473
 1517 00cc 42F00102 		orr	r2, r2, #1
 1518 00d0 1A60     		str	r2, [r3]
 1519              	.LVL99:
 1520              	.L94:
 682:Drivers/STM32G4xx_HAL_Driver/Src/stm32g4xx_hal_tim_ex.c **** }
 1521              		.loc 1 682 10 view .LVU474
 1522 00d2 0020     		movs	r0, #0
 1523              	.L87:
 683:Drivers/STM32G4xx_HAL_Driver/Src/stm32g4xx_hal_tim_ex.c **** 
 1524              		.loc 1 683 1 view .LVU475
 1525 00d4 10BD     		pop	{r4, pc}
 1526              	.LVL100:
 1527              	.L95:
 655:Drivers/STM32G4xx_HAL_Driver/Src/stm32g4xx_hal_tim_ex.c ****   }
 1528              		.loc 1 655 12 view .LVU476
 1529 00d6 0120     		movs	r0, #1
 1530              	.LVL101:
 655:Drivers/STM32G4xx_HAL_Driver/Src/stm32g4xx_hal_tim_ex.c ****   }
 1531              		.loc 1 655 12 view .LVU477
ARM GAS  /tmp/ccX78w3T.s 			page 100


 1532 00d8 FCE7     		b	.L87
 1533              	.L102:
 1534 00da 00BF     		.align	2
 1535              	.L101:
 1536 00dc 002C0140 		.word	1073818624
 1537 00e0 07000100 		.word	65543
 1538              		.cfi_endproc
 1539              	.LFE339:
 1541              		.section	.text.HAL_TIMEx_OCN_Stop,"ax",%progbits
 1542              		.align	1
 1543              		.global	HAL_TIMEx_OCN_Stop
 1544              		.syntax unified
 1545              		.thumb
 1546              		.thumb_func
 1548              	HAL_TIMEx_OCN_Stop:
 1549              	.LVL102:
 1550              	.LFB340:
 698:Drivers/STM32G4xx_HAL_Driver/Src/stm32g4xx_hal_tim_ex.c ****   /* Check the parameters */
 1551              		.loc 1 698 1 is_stmt 1 view -0
 1552              		.cfi_startproc
 1553              		@ args = 0, pretend = 0, frame = 0
 1554              		@ frame_needed = 0, uses_anonymous_args = 0
 698:Drivers/STM32G4xx_HAL_Driver/Src/stm32g4xx_hal_tim_ex.c ****   /* Check the parameters */
 1555              		.loc 1 698 1 is_stmt 0 view .LVU479
 1556 0000 38B5     		push	{r3, r4, r5, lr}
 1557              	.LCFI15:
 1558              		.cfi_def_cfa_offset 16
 1559              		.cfi_offset 3, -16
 1560              		.cfi_offset 4, -12
 1561              		.cfi_offset 5, -8
 1562              		.cfi_offset 14, -4
 1563 0002 0446     		mov	r4, r0
 1564 0004 0D46     		mov	r5, r1
 700:Drivers/STM32G4xx_HAL_Driver/Src/stm32g4xx_hal_tim_ex.c **** 
 1565              		.loc 1 700 3 is_stmt 1 view .LVU480
 703:Drivers/STM32G4xx_HAL_Driver/Src/stm32g4xx_hal_tim_ex.c **** 
 1566              		.loc 1 703 3 view .LVU481
 1567 0006 0022     		movs	r2, #0
 1568 0008 0068     		ldr	r0, [r0]
 1569              	.LVL103:
 703:Drivers/STM32G4xx_HAL_Driver/Src/stm32g4xx_hal_tim_ex.c **** 
 1570              		.loc 1 703 3 is_stmt 0 view .LVU482
 1571 000a FFF7FEFF 		bl	TIM_CCxNChannelCmd
 1572              	.LVL104:
 706:Drivers/STM32G4xx_HAL_Driver/Src/stm32g4xx_hal_tim_ex.c **** 
 1573              		.loc 1 706 3 is_stmt 1 view .LVU483
 706:Drivers/STM32G4xx_HAL_Driver/Src/stm32g4xx_hal_tim_ex.c **** 
 1574              		.loc 1 706 3 view .LVU484
 1575 000e 2268     		ldr	r2, [r4]
 1576 0010 136A     		ldr	r3, [r2, #32]
 1577 0012 03F01133 		and	r3, r3, #286331153
 1578 0016 23F08853 		bic	r3, r3, #285212672
 1579 001a 43B9     		cbnz	r3, .L104
 706:Drivers/STM32G4xx_HAL_Driver/Src/stm32g4xx_hal_tim_ex.c **** 
 1580              		.loc 1 706 3 discriminator 1 view .LVU485
 1581 001c 116A     		ldr	r1, [r2, #32]
 1582 001e 44F24443 		movw	r3, #17476
ARM GAS  /tmp/ccX78w3T.s 			page 101


 1583 0022 1942     		tst	r1, r3
 1584 0024 03D1     		bne	.L104
 706:Drivers/STM32G4xx_HAL_Driver/Src/stm32g4xx_hal_tim_ex.c **** 
 1585              		.loc 1 706 3 discriminator 2 view .LVU486
 1586 0026 536C     		ldr	r3, [r2, #68]
 1587 0028 23F40043 		bic	r3, r3, #32768
 1588 002c 5364     		str	r3, [r2, #68]
 1589              	.L104:
 706:Drivers/STM32G4xx_HAL_Driver/Src/stm32g4xx_hal_tim_ex.c **** 
 1590              		.loc 1 706 3 discriminator 3 view .LVU487
 709:Drivers/STM32G4xx_HAL_Driver/Src/stm32g4xx_hal_tim_ex.c **** 
 1591              		.loc 1 709 3 view .LVU488
 709:Drivers/STM32G4xx_HAL_Driver/Src/stm32g4xx_hal_tim_ex.c **** 
 1592              		.loc 1 709 3 view .LVU489
 1593 002e 2268     		ldr	r2, [r4]
 1594 0030 136A     		ldr	r3, [r2, #32]
 1595 0032 03F01133 		and	r3, r3, #286331153
 1596 0036 23F08853 		bic	r3, r3, #285212672
 1597 003a 43B9     		cbnz	r3, .L105
 709:Drivers/STM32G4xx_HAL_Driver/Src/stm32g4xx_hal_tim_ex.c **** 
 1598              		.loc 1 709 3 discriminator 1 view .LVU490
 1599 003c 116A     		ldr	r1, [r2, #32]
 1600 003e 44F24443 		movw	r3, #17476
 1601 0042 1942     		tst	r1, r3
 1602 0044 03D1     		bne	.L105
 709:Drivers/STM32G4xx_HAL_Driver/Src/stm32g4xx_hal_tim_ex.c **** 
 1603              		.loc 1 709 3 discriminator 2 view .LVU491
 1604 0046 1368     		ldr	r3, [r2]
 1605 0048 23F00103 		bic	r3, r3, #1
 1606 004c 1360     		str	r3, [r2]
 1607              	.L105:
 709:Drivers/STM32G4xx_HAL_Driver/Src/stm32g4xx_hal_tim_ex.c **** 
 1608              		.loc 1 709 3 discriminator 3 view .LVU492
 712:Drivers/STM32G4xx_HAL_Driver/Src/stm32g4xx_hal_tim_ex.c **** 
 1609              		.loc 1 712 3 view .LVU493
 1610 004e 25B9     		cbnz	r5, .L106
 712:Drivers/STM32G4xx_HAL_Driver/Src/stm32g4xx_hal_tim_ex.c **** 
 1611              		.loc 1 712 3 is_stmt 0 discriminator 1 view .LVU494
 1612 0050 0123     		movs	r3, #1
 1613 0052 84F84430 		strb	r3, [r4, #68]
 1614              	.L107:
 715:Drivers/STM32G4xx_HAL_Driver/Src/stm32g4xx_hal_tim_ex.c **** }
 1615              		.loc 1 715 3 is_stmt 1 view .LVU495
 716:Drivers/STM32G4xx_HAL_Driver/Src/stm32g4xx_hal_tim_ex.c **** 
 1616              		.loc 1 716 1 is_stmt 0 view .LVU496
 1617 0056 0020     		movs	r0, #0
 1618 0058 38BD     		pop	{r3, r4, r5, pc}
 1619              	.LVL105:
 1620              	.L106:
 712:Drivers/STM32G4xx_HAL_Driver/Src/stm32g4xx_hal_tim_ex.c **** 
 1621              		.loc 1 712 3 discriminator 2 view .LVU497
 1622 005a 042D     		cmp	r5, #4
 1623 005c 05D0     		beq	.L111
 712:Drivers/STM32G4xx_HAL_Driver/Src/stm32g4xx_hal_tim_ex.c **** 
 1624              		.loc 1 712 3 discriminator 4 view .LVU498
 1625 005e 082D     		cmp	r5, #8
 1626 0060 07D0     		beq	.L112
ARM GAS  /tmp/ccX78w3T.s 			page 102


 712:Drivers/STM32G4xx_HAL_Driver/Src/stm32g4xx_hal_tim_ex.c **** 
 1627              		.loc 1 712 3 discriminator 6 view .LVU499
 1628 0062 0123     		movs	r3, #1
 1629 0064 84F84730 		strb	r3, [r4, #71]
 1630 0068 F5E7     		b	.L107
 1631              	.L111:
 712:Drivers/STM32G4xx_HAL_Driver/Src/stm32g4xx_hal_tim_ex.c **** 
 1632              		.loc 1 712 3 discriminator 3 view .LVU500
 1633 006a 0123     		movs	r3, #1
 1634 006c 84F84530 		strb	r3, [r4, #69]
 1635 0070 F1E7     		b	.L107
 1636              	.L112:
 712:Drivers/STM32G4xx_HAL_Driver/Src/stm32g4xx_hal_tim_ex.c **** 
 1637              		.loc 1 712 3 discriminator 5 view .LVU501
 1638 0072 0123     		movs	r3, #1
 1639 0074 84F84630 		strb	r3, [r4, #70]
 1640 0078 EDE7     		b	.L107
 1641              		.cfi_endproc
 1642              	.LFE340:
 1644              		.section	.text.HAL_TIMEx_OCN_Start_IT,"ax",%progbits
 1645              		.align	1
 1646              		.global	HAL_TIMEx_OCN_Start_IT
 1647              		.syntax unified
 1648              		.thumb
 1649              		.thumb_func
 1651              	HAL_TIMEx_OCN_Start_IT:
 1652              	.LVL106:
 1653              	.LFB341:
 731:Drivers/STM32G4xx_HAL_Driver/Src/stm32g4xx_hal_tim_ex.c ****   HAL_StatusTypeDef status = HAL_OK;
 1654              		.loc 1 731 1 is_stmt 1 view -0
 1655              		.cfi_startproc
 1656              		@ args = 0, pretend = 0, frame = 0
 1657              		@ frame_needed = 0, uses_anonymous_args = 0
 731:Drivers/STM32G4xx_HAL_Driver/Src/stm32g4xx_hal_tim_ex.c ****   HAL_StatusTypeDef status = HAL_OK;
 1658              		.loc 1 731 1 is_stmt 0 view .LVU503
 1659 0000 10B5     		push	{r4, lr}
 1660              	.LCFI16:
 1661              		.cfi_def_cfa_offset 8
 1662              		.cfi_offset 4, -8
 1663              		.cfi_offset 14, -4
 1664 0002 0446     		mov	r4, r0
 732:Drivers/STM32G4xx_HAL_Driver/Src/stm32g4xx_hal_tim_ex.c ****   uint32_t tmpsmcr;
 1665              		.loc 1 732 3 is_stmt 1 view .LVU504
 1666              	.LVL107:
 733:Drivers/STM32G4xx_HAL_Driver/Src/stm32g4xx_hal_tim_ex.c **** 
 1667              		.loc 1 733 3 view .LVU505
 736:Drivers/STM32G4xx_HAL_Driver/Src/stm32g4xx_hal_tim_ex.c **** 
 1668              		.loc 1 736 3 view .LVU506
 739:Drivers/STM32G4xx_HAL_Driver/Src/stm32g4xx_hal_tim_ex.c ****   {
 1669              		.loc 1 739 3 view .LVU507
 739:Drivers/STM32G4xx_HAL_Driver/Src/stm32g4xx_hal_tim_ex.c ****   {
 1670              		.loc 1 739 46 is_stmt 0 view .LVU508
 1671 0004 0846     		mov	r0, r1
 1672              	.LVL108:
 739:Drivers/STM32G4xx_HAL_Driver/Src/stm32g4xx_hal_tim_ex.c ****   {
 1673              		.loc 1 739 46 view .LVU509
 1674 0006 0029     		cmp	r1, #0
ARM GAS  /tmp/ccX78w3T.s 			page 103


 1675 0008 3CD1     		bne	.L114
 739:Drivers/STM32G4xx_HAL_Driver/Src/stm32g4xx_hal_tim_ex.c ****   {
 1676              		.loc 1 739 7 discriminator 1 view .LVU510
 1677 000a 94F84430 		ldrb	r3, [r4, #68]	@ zero_extendqisi2
 739:Drivers/STM32G4xx_HAL_Driver/Src/stm32g4xx_hal_tim_ex.c ****   {
 1678              		.loc 1 739 46 discriminator 1 view .LVU511
 1679 000e 013B     		subs	r3, r3, #1
 1680 0010 18BF     		it	ne
 1681 0012 0123     		movne	r3, #1
 1682              	.L115:
 739:Drivers/STM32G4xx_HAL_Driver/Src/stm32g4xx_hal_tim_ex.c ****   {
 1683              		.loc 1 739 6 discriminator 7 view .LVU512
 1684 0014 002B     		cmp	r3, #0
 1685 0016 40F09780 		bne	.L118
 745:Drivers/STM32G4xx_HAL_Driver/Src/stm32g4xx_hal_tim_ex.c **** 
 1686              		.loc 1 745 3 is_stmt 1 view .LVU513
 1687 001a 0028     		cmp	r0, #0
 1688 001c 48D1     		bne	.L119
 745:Drivers/STM32G4xx_HAL_Driver/Src/stm32g4xx_hal_tim_ex.c **** 
 1689              		.loc 1 745 3 is_stmt 0 discriminator 1 view .LVU514
 1690 001e 0223     		movs	r3, #2
 1691 0020 84F84430 		strb	r3, [r4, #68]
 747:Drivers/STM32G4xx_HAL_Driver/Src/stm32g4xx_hal_tim_ex.c ****   {
 1692              		.loc 1 747 3 is_stmt 1 view .LVU515
 1693              	.L120:
 752:Drivers/STM32G4xx_HAL_Driver/Src/stm32g4xx_hal_tim_ex.c ****       break;
 1694              		.loc 1 752 7 view .LVU516
 1695 0024 2268     		ldr	r2, [r4]
 1696 0026 D368     		ldr	r3, [r2, #12]
 1697 0028 43F00203 		orr	r3, r3, #2
 1698 002c D360     		str	r3, [r2, #12]
 753:Drivers/STM32G4xx_HAL_Driver/Src/stm32g4xx_hal_tim_ex.c ****     }
 1699              		.loc 1 753 7 view .LVU517
 783:Drivers/STM32G4xx_HAL_Driver/Src/stm32g4xx_hal_tim_ex.c ****   {
 1700              		.loc 1 783 3 view .LVU518
 1701              	.L127:
 786:Drivers/STM32G4xx_HAL_Driver/Src/stm32g4xx_hal_tim_ex.c **** 
 1702              		.loc 1 786 5 view .LVU519
 1703 002e 2268     		ldr	r2, [r4]
 1704 0030 D368     		ldr	r3, [r2, #12]
 1705 0032 43F08003 		orr	r3, r3, #128
 1706 0036 D360     		str	r3, [r2, #12]
 789:Drivers/STM32G4xx_HAL_Driver/Src/stm32g4xx_hal_tim_ex.c **** 
 1707              		.loc 1 789 5 view .LVU520
 1708 0038 0422     		movs	r2, #4
 1709 003a 0146     		mov	r1, r0
 1710              	.LVL109:
 789:Drivers/STM32G4xx_HAL_Driver/Src/stm32g4xx_hal_tim_ex.c **** 
 1711              		.loc 1 789 5 is_stmt 0 view .LVU521
 1712 003c 2068     		ldr	r0, [r4]
 1713              	.LVL110:
 789:Drivers/STM32G4xx_HAL_Driver/Src/stm32g4xx_hal_tim_ex.c **** 
 1714              		.loc 1 789 5 view .LVU522
 1715 003e FFF7FEFF 		bl	TIM_CCxNChannelCmd
 1716              	.LVL111:
 792:Drivers/STM32G4xx_HAL_Driver/Src/stm32g4xx_hal_tim_ex.c **** 
 1717              		.loc 1 792 5 is_stmt 1 view .LVU523
ARM GAS  /tmp/ccX78w3T.s 			page 104


 1718 0042 2268     		ldr	r2, [r4]
 1719 0044 536C     		ldr	r3, [r2, #68]
 1720 0046 43F40043 		orr	r3, r3, #32768
 1721 004a 5364     		str	r3, [r2, #68]
 795:Drivers/STM32G4xx_HAL_Driver/Src/stm32g4xx_hal_tim_ex.c ****     {
 1722              		.loc 1 795 5 view .LVU524
 795:Drivers/STM32G4xx_HAL_Driver/Src/stm32g4xx_hal_tim_ex.c ****     {
 1723              		.loc 1 795 9 is_stmt 0 view .LVU525
 1724 004c 2368     		ldr	r3, [r4]
 795:Drivers/STM32G4xx_HAL_Driver/Src/stm32g4xx_hal_tim_ex.c ****     {
 1725              		.loc 1 795 8 view .LVU526
 1726 004e 3F4A     		ldr	r2, .L142
 1727 0050 9342     		cmp	r3, r2
 1728 0052 6BD0     		beq	.L128
 795:Drivers/STM32G4xx_HAL_Driver/Src/stm32g4xx_hal_tim_ex.c ****     {
 1729              		.loc 1 795 9 discriminator 1 view .LVU527
 1730 0054 B3F1804F 		cmp	r3, #1073741824
 1731 0058 68D0     		beq	.L128
 795:Drivers/STM32G4xx_HAL_Driver/Src/stm32g4xx_hal_tim_ex.c ****     {
 1732              		.loc 1 795 9 discriminator 2 view .LVU528
 1733 005a A2F59432 		sub	r2, r2, #75776
 1734 005e 9342     		cmp	r3, r2
 1735 0060 64D0     		beq	.L128
 795:Drivers/STM32G4xx_HAL_Driver/Src/stm32g4xx_hal_tim_ex.c ****     {
 1736              		.loc 1 795 9 discriminator 3 view .LVU529
 1737 0062 02F58062 		add	r2, r2, #1024
 1738 0066 9342     		cmp	r3, r2
 1739 0068 60D0     		beq	.L128
 795:Drivers/STM32G4xx_HAL_Driver/Src/stm32g4xx_hal_tim_ex.c ****     {
 1740              		.loc 1 795 9 discriminator 4 view .LVU530
 1741 006a 02F59632 		add	r2, r2, #76800
 1742 006e 9342     		cmp	r3, r2
 1743 0070 5CD0     		beq	.L128
 795:Drivers/STM32G4xx_HAL_Driver/Src/stm32g4xx_hal_tim_ex.c ****     {
 1744              		.loc 1 795 9 discriminator 5 view .LVU531
 1745 0072 02F54062 		add	r2, r2, #3072
 1746 0076 9342     		cmp	r3, r2
 1747 0078 58D0     		beq	.L128
 805:Drivers/STM32G4xx_HAL_Driver/Src/stm32g4xx_hal_tim_ex.c ****     }
 1748              		.loc 1 805 7 is_stmt 1 view .LVU532
 1749 007a 1A68     		ldr	r2, [r3]
 1750 007c 42F00102 		orr	r2, r2, #1
 1751 0080 1A60     		str	r2, [r3]
 1752 0082 5FE0     		b	.L130
 1753              	.LVL112:
 1754              	.L114:
 739:Drivers/STM32G4xx_HAL_Driver/Src/stm32g4xx_hal_tim_ex.c ****   {
 1755              		.loc 1 739 46 is_stmt 0 discriminator 2 view .LVU533
 1756 0084 0429     		cmp	r1, #4
 1757 0086 07D0     		beq	.L138
 739:Drivers/STM32G4xx_HAL_Driver/Src/stm32g4xx_hal_tim_ex.c ****   {
 1758              		.loc 1 739 46 discriminator 4 view .LVU534
 1759 0088 0829     		cmp	r1, #8
 1760 008a 0BD0     		beq	.L139
 739:Drivers/STM32G4xx_HAL_Driver/Src/stm32g4xx_hal_tim_ex.c ****   {
 1761              		.loc 1 739 7 discriminator 6 view .LVU535
 1762 008c 94F84730 		ldrb	r3, [r4, #71]	@ zero_extendqisi2
ARM GAS  /tmp/ccX78w3T.s 			page 105


 739:Drivers/STM32G4xx_HAL_Driver/Src/stm32g4xx_hal_tim_ex.c ****   {
 1763              		.loc 1 739 46 discriminator 6 view .LVU536
 1764 0090 013B     		subs	r3, r3, #1
 1765 0092 18BF     		it	ne
 1766 0094 0123     		movne	r3, #1
 1767 0096 BDE7     		b	.L115
 1768              	.L138:
 739:Drivers/STM32G4xx_HAL_Driver/Src/stm32g4xx_hal_tim_ex.c ****   {
 1769              		.loc 1 739 7 discriminator 3 view .LVU537
 1770 0098 94F84530 		ldrb	r3, [r4, #69]	@ zero_extendqisi2
 739:Drivers/STM32G4xx_HAL_Driver/Src/stm32g4xx_hal_tim_ex.c ****   {
 1771              		.loc 1 739 46 discriminator 3 view .LVU538
 1772 009c 013B     		subs	r3, r3, #1
 1773 009e 18BF     		it	ne
 1774 00a0 0123     		movne	r3, #1
 1775 00a2 B7E7     		b	.L115
 1776              	.L139:
 739:Drivers/STM32G4xx_HAL_Driver/Src/stm32g4xx_hal_tim_ex.c ****   {
 1777              		.loc 1 739 7 discriminator 5 view .LVU539
 1778 00a4 94F84630 		ldrb	r3, [r4, #70]	@ zero_extendqisi2
 739:Drivers/STM32G4xx_HAL_Driver/Src/stm32g4xx_hal_tim_ex.c ****   {
 1779              		.loc 1 739 46 discriminator 5 view .LVU540
 1780 00a8 013B     		subs	r3, r3, #1
 1781 00aa 18BF     		it	ne
 1782 00ac 0123     		movne	r3, #1
 1783 00ae B1E7     		b	.L115
 1784              	.L119:
 745:Drivers/STM32G4xx_HAL_Driver/Src/stm32g4xx_hal_tim_ex.c **** 
 1785              		.loc 1 745 3 discriminator 2 view .LVU541
 1786 00b0 0428     		cmp	r0, #4
 1787 00b2 23D0     		beq	.L140
 745:Drivers/STM32G4xx_HAL_Driver/Src/stm32g4xx_hal_tim_ex.c **** 
 1788              		.loc 1 745 3 discriminator 4 view .LVU542
 1789 00b4 0828     		cmp	r0, #8
 1790 00b6 2AD0     		beq	.L141
 745:Drivers/STM32G4xx_HAL_Driver/Src/stm32g4xx_hal_tim_ex.c **** 
 1791              		.loc 1 745 3 discriminator 6 view .LVU543
 1792 00b8 0223     		movs	r3, #2
 1793 00ba 84F84730 		strb	r3, [r4, #71]
 747:Drivers/STM32G4xx_HAL_Driver/Src/stm32g4xx_hal_tim_ex.c ****   {
 1794              		.loc 1 747 3 is_stmt 1 view .LVU544
 1795 00be 0C28     		cmp	r0, #12
 1796 00c0 42D8     		bhi	.L118
 1797 00c2 01A3     		adr	r3, .L126
 1798 00c4 53F820F0 		ldr	pc, [r3, r0, lsl #2]
 1799              		.p2align 2
 1800              	.L126:
 1801 00c8 25000000 		.word	.L120+1
 1802 00cc 49010000 		.word	.L118+1
 1803 00d0 49010000 		.word	.L118+1
 1804 00d4 49010000 		.word	.L118+1
 1805 00d8 03010000 		.word	.L122+1
 1806 00dc 49010000 		.word	.L118+1
 1807 00e0 49010000 		.word	.L118+1
 1808 00e4 49010000 		.word	.L118+1
 1809 00e8 15010000 		.word	.L124+1
 1810 00ec 49010000 		.word	.L118+1
ARM GAS  /tmp/ccX78w3T.s 			page 106


 1811 00f0 49010000 		.word	.L118+1
 1812 00f4 49010000 		.word	.L118+1
 1813 00f8 21010000 		.word	.L125+1
 1814              		.p2align 1
 1815              	.L140:
 745:Drivers/STM32G4xx_HAL_Driver/Src/stm32g4xx_hal_tim_ex.c **** 
 1816              		.loc 1 745 3 is_stmt 0 discriminator 3 view .LVU545
 1817 00fc 0223     		movs	r3, #2
 1818 00fe 84F84530 		strb	r3, [r4, #69]
 747:Drivers/STM32G4xx_HAL_Driver/Src/stm32g4xx_hal_tim_ex.c ****   {
 1819              		.loc 1 747 3 is_stmt 1 view .LVU546
 1820              	.L122:
 759:Drivers/STM32G4xx_HAL_Driver/Src/stm32g4xx_hal_tim_ex.c ****       break;
 1821              		.loc 1 759 7 view .LVU547
 1822 0102 2268     		ldr	r2, [r4]
 1823 0104 D368     		ldr	r3, [r2, #12]
 1824 0106 43F00403 		orr	r3, r3, #4
 1825 010a D360     		str	r3, [r2, #12]
 760:Drivers/STM32G4xx_HAL_Driver/Src/stm32g4xx_hal_tim_ex.c ****     }
 1826              		.loc 1 760 7 view .LVU548
 783:Drivers/STM32G4xx_HAL_Driver/Src/stm32g4xx_hal_tim_ex.c ****   {
 1827              		.loc 1 783 3 view .LVU549
 1828 010c 8FE7     		b	.L127
 1829              	.L141:
 745:Drivers/STM32G4xx_HAL_Driver/Src/stm32g4xx_hal_tim_ex.c **** 
 1830              		.loc 1 745 3 is_stmt 0 discriminator 5 view .LVU550
 1831 010e 0223     		movs	r3, #2
 1832 0110 84F84630 		strb	r3, [r4, #70]
 747:Drivers/STM32G4xx_HAL_Driver/Src/stm32g4xx_hal_tim_ex.c ****   {
 1833              		.loc 1 747 3 is_stmt 1 view .LVU551
 1834              	.L124:
 766:Drivers/STM32G4xx_HAL_Driver/Src/stm32g4xx_hal_tim_ex.c ****       break;
 1835              		.loc 1 766 7 view .LVU552
 1836 0114 2268     		ldr	r2, [r4]
 1837 0116 D368     		ldr	r3, [r2, #12]
 1838 0118 43F00803 		orr	r3, r3, #8
 1839 011c D360     		str	r3, [r2, #12]
 767:Drivers/STM32G4xx_HAL_Driver/Src/stm32g4xx_hal_tim_ex.c ****     }
 1840              		.loc 1 767 7 view .LVU553
 783:Drivers/STM32G4xx_HAL_Driver/Src/stm32g4xx_hal_tim_ex.c ****   {
 1841              		.loc 1 783 3 view .LVU554
 1842 011e 86E7     		b	.L127
 1843              	.L125:
 774:Drivers/STM32G4xx_HAL_Driver/Src/stm32g4xx_hal_tim_ex.c ****       break;
 1844              		.loc 1 774 7 view .LVU555
 1845 0120 2268     		ldr	r2, [r4]
 1846 0122 D368     		ldr	r3, [r2, #12]
 1847 0124 43F01003 		orr	r3, r3, #16
 1848 0128 D360     		str	r3, [r2, #12]
 775:Drivers/STM32G4xx_HAL_Driver/Src/stm32g4xx_hal_tim_ex.c ****     }
 1849              		.loc 1 775 7 view .LVU556
 783:Drivers/STM32G4xx_HAL_Driver/Src/stm32g4xx_hal_tim_ex.c ****   {
 1850              		.loc 1 783 3 view .LVU557
 1851 012a 80E7     		b	.L127
 1852              	.LVL113:
 1853              	.L128:
 797:Drivers/STM32G4xx_HAL_Driver/Src/stm32g4xx_hal_tim_ex.c ****       if (!IS_TIM_SLAVEMODE_TRIGGER_ENABLED(tmpsmcr))
ARM GAS  /tmp/ccX78w3T.s 			page 107


 1854              		.loc 1 797 7 view .LVU558
 797:Drivers/STM32G4xx_HAL_Driver/Src/stm32g4xx_hal_tim_ex.c ****       if (!IS_TIM_SLAVEMODE_TRIGGER_ENABLED(tmpsmcr))
 1855              		.loc 1 797 31 is_stmt 0 view .LVU559
 1856 012c 9968     		ldr	r1, [r3, #8]
 797:Drivers/STM32G4xx_HAL_Driver/Src/stm32g4xx_hal_tim_ex.c ****       if (!IS_TIM_SLAVEMODE_TRIGGER_ENABLED(tmpsmcr))
 1857              		.loc 1 797 15 view .LVU560
 1858 012e 084A     		ldr	r2, .L142+4
 1859 0130 0A40     		ands	r2, r2, r1
 1860              	.LVL114:
 798:Drivers/STM32G4xx_HAL_Driver/Src/stm32g4xx_hal_tim_ex.c ****       {
 1861              		.loc 1 798 7 is_stmt 1 view .LVU561
 798:Drivers/STM32G4xx_HAL_Driver/Src/stm32g4xx_hal_tim_ex.c ****       {
 1862              		.loc 1 798 10 is_stmt 0 view .LVU562
 1863 0132 062A     		cmp	r2, #6
 1864 0134 06D0     		beq	.L130
 798:Drivers/STM32G4xx_HAL_Driver/Src/stm32g4xx_hal_tim_ex.c ****       {
 1865              		.loc 1 798 11 discriminator 1 view .LVU563
 1866 0136 B2F5803F 		cmp	r2, #65536
 1867 013a 03D0     		beq	.L130
 800:Drivers/STM32G4xx_HAL_Driver/Src/stm32g4xx_hal_tim_ex.c ****       }
 1868              		.loc 1 800 9 is_stmt 1 view .LVU564
 1869 013c 1A68     		ldr	r2, [r3]
 1870              	.LVL115:
 800:Drivers/STM32G4xx_HAL_Driver/Src/stm32g4xx_hal_tim_ex.c ****       }
 1871              		.loc 1 800 9 is_stmt 0 view .LVU565
 1872 013e 42F00102 		orr	r2, r2, #1
 1873 0142 1A60     		str	r2, [r3]
 1874              	.LVL116:
 1875              	.L130:
 810:Drivers/STM32G4xx_HAL_Driver/Src/stm32g4xx_hal_tim_ex.c **** }
 1876              		.loc 1 810 10 view .LVU566
 1877 0144 0020     		movs	r0, #0
 1878              	.L132:
 1879              	.LVL117:
 811:Drivers/STM32G4xx_HAL_Driver/Src/stm32g4xx_hal_tim_ex.c **** 
 1880              		.loc 1 811 1 view .LVU567
 1881 0146 10BD     		pop	{r4, pc}
 1882              	.LVL118:
 1883              	.L118:
 741:Drivers/STM32G4xx_HAL_Driver/Src/stm32g4xx_hal_tim_ex.c ****   }
 1884              		.loc 1 741 12 view .LVU568
 1885 0148 0120     		movs	r0, #1
 1886              	.LVL119:
 741:Drivers/STM32G4xx_HAL_Driver/Src/stm32g4xx_hal_tim_ex.c ****   }
 1887              		.loc 1 741 12 view .LVU569
 1888 014a FCE7     		b	.L132
 1889              	.L143:
 1890              		.align	2
 1891              	.L142:
 1892 014c 002C0140 		.word	1073818624
 1893 0150 07000100 		.word	65543
 1894              		.cfi_endproc
 1895              	.LFE341:
 1897              		.section	.text.HAL_TIMEx_OCN_Stop_IT,"ax",%progbits
 1898              		.align	1
 1899              		.global	HAL_TIMEx_OCN_Stop_IT
 1900              		.syntax unified
ARM GAS  /tmp/ccX78w3T.s 			page 108


 1901              		.thumb
 1902              		.thumb_func
 1904              	HAL_TIMEx_OCN_Stop_IT:
 1905              	.LVL120:
 1906              	.LFB342:
 826:Drivers/STM32G4xx_HAL_Driver/Src/stm32g4xx_hal_tim_ex.c ****   HAL_StatusTypeDef status = HAL_OK;
 1907              		.loc 1 826 1 is_stmt 1 view -0
 1908              		.cfi_startproc
 1909              		@ args = 0, pretend = 0, frame = 0
 1910              		@ frame_needed = 0, uses_anonymous_args = 0
 826:Drivers/STM32G4xx_HAL_Driver/Src/stm32g4xx_hal_tim_ex.c ****   HAL_StatusTypeDef status = HAL_OK;
 1911              		.loc 1 826 1 is_stmt 0 view .LVU571
 1912 0000 38B5     		push	{r3, r4, r5, lr}
 1913              	.LCFI17:
 1914              		.cfi_def_cfa_offset 16
 1915              		.cfi_offset 3, -16
 1916              		.cfi_offset 4, -12
 1917              		.cfi_offset 5, -8
 1918              		.cfi_offset 14, -4
 1919 0002 0546     		mov	r5, r0
 1920 0004 0C46     		mov	r4, r1
 827:Drivers/STM32G4xx_HAL_Driver/Src/stm32g4xx_hal_tim_ex.c ****   uint32_t tmpccer;
 1921              		.loc 1 827 3 is_stmt 1 view .LVU572
 1922              	.LVL121:
 828:Drivers/STM32G4xx_HAL_Driver/Src/stm32g4xx_hal_tim_ex.c **** 
 1923              		.loc 1 828 3 view .LVU573
 831:Drivers/STM32G4xx_HAL_Driver/Src/stm32g4xx_hal_tim_ex.c **** 
 1924              		.loc 1 831 3 view .LVU574
 833:Drivers/STM32G4xx_HAL_Driver/Src/stm32g4xx_hal_tim_ex.c ****   {
 1925              		.loc 1 833 3 view .LVU575
 1926 0006 0C29     		cmp	r1, #12
 1927 0008 64D8     		bhi	.L159
 1928 000a DFE801F0 		tbb	[pc, r1]
 1929              	.L147:
 1930 000e 07       		.byte	(.L150-.L147)/2
 1931 000f 63       		.byte	(.L159-.L147)/2
 1932 0010 63       		.byte	(.L159-.L147)/2
 1933 0011 63       		.byte	(.L159-.L147)/2
 1934 0012 41       		.byte	(.L149-.L147)/2
 1935 0013 63       		.byte	(.L159-.L147)/2
 1936 0014 63       		.byte	(.L159-.L147)/2
 1937 0015 63       		.byte	(.L159-.L147)/2
 1938 0016 47       		.byte	(.L148-.L147)/2
 1939 0017 63       		.byte	(.L159-.L147)/2
 1940 0018 63       		.byte	(.L159-.L147)/2
 1941 0019 63       		.byte	(.L159-.L147)/2
 1942 001a 4D       		.byte	(.L146-.L147)/2
 1943 001b 00       		.p2align 1
 1944              	.L150:
 838:Drivers/STM32G4xx_HAL_Driver/Src/stm32g4xx_hal_tim_ex.c ****       break;
 1945              		.loc 1 838 7 view .LVU576
 1946 001c 0268     		ldr	r2, [r0]
 1947 001e D368     		ldr	r3, [r2, #12]
 1948 0020 23F00203 		bic	r3, r3, #2
 1949 0024 D360     		str	r3, [r2, #12]
 839:Drivers/STM32G4xx_HAL_Driver/Src/stm32g4xx_hal_tim_ex.c ****     }
 1950              		.loc 1 839 7 view .LVU577
ARM GAS  /tmp/ccX78w3T.s 			page 109


 868:Drivers/STM32G4xx_HAL_Driver/Src/stm32g4xx_hal_tim_ex.c ****   {
 1951              		.loc 1 868 3 view .LVU578
 1952              	.L151:
 871:Drivers/STM32G4xx_HAL_Driver/Src/stm32g4xx_hal_tim_ex.c **** 
 1953              		.loc 1 871 5 view .LVU579
 1954 0026 0022     		movs	r2, #0
 1955 0028 2146     		mov	r1, r4
 1956              	.LVL122:
 871:Drivers/STM32G4xx_HAL_Driver/Src/stm32g4xx_hal_tim_ex.c **** 
 1957              		.loc 1 871 5 is_stmt 0 view .LVU580
 1958 002a 2868     		ldr	r0, [r5]
 1959              	.LVL123:
 871:Drivers/STM32G4xx_HAL_Driver/Src/stm32g4xx_hal_tim_ex.c **** 
 1960              		.loc 1 871 5 view .LVU581
 1961 002c FFF7FEFF 		bl	TIM_CCxNChannelCmd
 1962              	.LVL124:
 874:Drivers/STM32G4xx_HAL_Driver/Src/stm32g4xx_hal_tim_ex.c ****     if ((tmpccer & TIM_CCER_CCxNE_MASK) == (uint32_t)RESET)
 1963              		.loc 1 874 5 is_stmt 1 view .LVU582
 874:Drivers/STM32G4xx_HAL_Driver/Src/stm32g4xx_hal_tim_ex.c ****     if ((tmpccer & TIM_CCER_CCxNE_MASK) == (uint32_t)RESET)
 1964              		.loc 1 874 19 is_stmt 0 view .LVU583
 1965 0030 2B68     		ldr	r3, [r5]
 874:Drivers/STM32G4xx_HAL_Driver/Src/stm32g4xx_hal_tim_ex.c ****     if ((tmpccer & TIM_CCER_CCxNE_MASK) == (uint32_t)RESET)
 1966              		.loc 1 874 13 view .LVU584
 1967 0032 196A     		ldr	r1, [r3, #32]
 1968              	.LVL125:
 875:Drivers/STM32G4xx_HAL_Driver/Src/stm32g4xx_hal_tim_ex.c ****     {
 1969              		.loc 1 875 5 is_stmt 1 view .LVU585
 875:Drivers/STM32G4xx_HAL_Driver/Src/stm32g4xx_hal_tim_ex.c ****     {
 1970              		.loc 1 875 8 is_stmt 0 view .LVU586
 1971 0034 44F24442 		movw	r2, #17476
 1972 0038 1142     		tst	r1, r2
 1973 003a 03D1     		bne	.L152
 877:Drivers/STM32G4xx_HAL_Driver/Src/stm32g4xx_hal_tim_ex.c ****     }
 1974              		.loc 1 877 7 is_stmt 1 view .LVU587
 1975 003c DA68     		ldr	r2, [r3, #12]
 1976 003e 22F08002 		bic	r2, r2, #128
 1977 0042 DA60     		str	r2, [r3, #12]
 1978              	.L152:
 881:Drivers/STM32G4xx_HAL_Driver/Src/stm32g4xx_hal_tim_ex.c **** 
 1979              		.loc 1 881 5 view .LVU588
 881:Drivers/STM32G4xx_HAL_Driver/Src/stm32g4xx_hal_tim_ex.c **** 
 1980              		.loc 1 881 5 view .LVU589
 1981 0044 2A68     		ldr	r2, [r5]
 1982 0046 136A     		ldr	r3, [r2, #32]
 1983 0048 03F01133 		and	r3, r3, #286331153
 1984 004c 23F08853 		bic	r3, r3, #285212672
 1985 0050 43B9     		cbnz	r3, .L153
 881:Drivers/STM32G4xx_HAL_Driver/Src/stm32g4xx_hal_tim_ex.c **** 
 1986              		.loc 1 881 5 discriminator 1 view .LVU590
 1987 0052 116A     		ldr	r1, [r2, #32]
 1988              	.LVL126:
 881:Drivers/STM32G4xx_HAL_Driver/Src/stm32g4xx_hal_tim_ex.c **** 
 1989              		.loc 1 881 5 is_stmt 0 discriminator 1 view .LVU591
 1990 0054 44F24443 		movw	r3, #17476
 1991 0058 1942     		tst	r1, r3
 1992 005a 03D1     		bne	.L153
 881:Drivers/STM32G4xx_HAL_Driver/Src/stm32g4xx_hal_tim_ex.c **** 
ARM GAS  /tmp/ccX78w3T.s 			page 110


 1993              		.loc 1 881 5 is_stmt 1 discriminator 2 view .LVU592
 1994 005c 536C     		ldr	r3, [r2, #68]
 1995 005e 23F40043 		bic	r3, r3, #32768
 1996 0062 5364     		str	r3, [r2, #68]
 1997              	.L153:
 881:Drivers/STM32G4xx_HAL_Driver/Src/stm32g4xx_hal_tim_ex.c **** 
 1998              		.loc 1 881 5 discriminator 3 view .LVU593
 884:Drivers/STM32G4xx_HAL_Driver/Src/stm32g4xx_hal_tim_ex.c **** 
 1999              		.loc 1 884 5 view .LVU594
 884:Drivers/STM32G4xx_HAL_Driver/Src/stm32g4xx_hal_tim_ex.c **** 
 2000              		.loc 1 884 5 view .LVU595
 2001 0064 2A68     		ldr	r2, [r5]
 2002 0066 136A     		ldr	r3, [r2, #32]
 2003 0068 03F01133 		and	r3, r3, #286331153
 2004 006c 23F08853 		bic	r3, r3, #285212672
 2005 0070 43B9     		cbnz	r3, .L154
 884:Drivers/STM32G4xx_HAL_Driver/Src/stm32g4xx_hal_tim_ex.c **** 
 2006              		.loc 1 884 5 discriminator 1 view .LVU596
 2007 0072 116A     		ldr	r1, [r2, #32]
 2008 0074 44F24443 		movw	r3, #17476
 2009 0078 1942     		tst	r1, r3
 2010 007a 03D1     		bne	.L154
 884:Drivers/STM32G4xx_HAL_Driver/Src/stm32g4xx_hal_tim_ex.c **** 
 2011              		.loc 1 884 5 discriminator 2 view .LVU597
 2012 007c 1368     		ldr	r3, [r2]
 2013 007e 23F00103 		bic	r3, r3, #1
 2014 0082 1360     		str	r3, [r2]
 2015              	.L154:
 884:Drivers/STM32G4xx_HAL_Driver/Src/stm32g4xx_hal_tim_ex.c **** 
 2016              		.loc 1 884 5 discriminator 3 view .LVU598
 887:Drivers/STM32G4xx_HAL_Driver/Src/stm32g4xx_hal_tim_ex.c ****   }
 2017              		.loc 1 887 5 view .LVU599
 2018 0084 B4B9     		cbnz	r4, .L155
 887:Drivers/STM32G4xx_HAL_Driver/Src/stm32g4xx_hal_tim_ex.c ****   }
 2019              		.loc 1 887 5 is_stmt 0 discriminator 1 view .LVU600
 2020 0086 0123     		movs	r3, #1
 2021 0088 85F84430 		strb	r3, [r5, #68]
 2022              	.L157:
 833:Drivers/STM32G4xx_HAL_Driver/Src/stm32g4xx_hal_tim_ex.c ****   {
 2023              		.loc 1 833 3 view .LVU601
 2024 008c 0020     		movs	r0, #0
 2025 008e 22E0     		b	.L145
 2026              	.LVL127:
 2027              	.L149:
 845:Drivers/STM32G4xx_HAL_Driver/Src/stm32g4xx_hal_tim_ex.c ****       break;
 2028              		.loc 1 845 7 is_stmt 1 view .LVU602
 2029 0090 0268     		ldr	r2, [r0]
 2030 0092 D368     		ldr	r3, [r2, #12]
 2031 0094 23F00403 		bic	r3, r3, #4
 2032 0098 D360     		str	r3, [r2, #12]
 846:Drivers/STM32G4xx_HAL_Driver/Src/stm32g4xx_hal_tim_ex.c ****     }
 2033              		.loc 1 846 7 view .LVU603
 868:Drivers/STM32G4xx_HAL_Driver/Src/stm32g4xx_hal_tim_ex.c ****   {
 2034              		.loc 1 868 3 view .LVU604
 2035 009a C4E7     		b	.L151
 2036              	.L148:
 852:Drivers/STM32G4xx_HAL_Driver/Src/stm32g4xx_hal_tim_ex.c ****       break;
ARM GAS  /tmp/ccX78w3T.s 			page 111


 2037              		.loc 1 852 7 view .LVU605
 2038 009c 0268     		ldr	r2, [r0]
 2039 009e D368     		ldr	r3, [r2, #12]
 2040 00a0 23F00803 		bic	r3, r3, #8
 2041 00a4 D360     		str	r3, [r2, #12]
 853:Drivers/STM32G4xx_HAL_Driver/Src/stm32g4xx_hal_tim_ex.c ****     }
 2042              		.loc 1 853 7 view .LVU606
 868:Drivers/STM32G4xx_HAL_Driver/Src/stm32g4xx_hal_tim_ex.c ****   {
 2043              		.loc 1 868 3 view .LVU607
 2044 00a6 BEE7     		b	.L151
 2045              	.L146:
 859:Drivers/STM32G4xx_HAL_Driver/Src/stm32g4xx_hal_tim_ex.c ****       break;
 2046              		.loc 1 859 7 view .LVU608
 2047 00a8 0268     		ldr	r2, [r0]
 2048 00aa D368     		ldr	r3, [r2, #12]
 2049 00ac 23F01003 		bic	r3, r3, #16
 2050 00b0 D360     		str	r3, [r2, #12]
 860:Drivers/STM32G4xx_HAL_Driver/Src/stm32g4xx_hal_tim_ex.c ****     }
 2051              		.loc 1 860 7 view .LVU609
 868:Drivers/STM32G4xx_HAL_Driver/Src/stm32g4xx_hal_tim_ex.c ****   {
 2052              		.loc 1 868 3 view .LVU610
 2053 00b2 B8E7     		b	.L151
 2054              	.LVL128:
 2055              	.L155:
 887:Drivers/STM32G4xx_HAL_Driver/Src/stm32g4xx_hal_tim_ex.c ****   }
 2056              		.loc 1 887 5 is_stmt 0 discriminator 2 view .LVU611
 2057 00b4 042C     		cmp	r4, #4
 2058 00b6 05D0     		beq	.L161
 887:Drivers/STM32G4xx_HAL_Driver/Src/stm32g4xx_hal_tim_ex.c ****   }
 2059              		.loc 1 887 5 discriminator 4 view .LVU612
 2060 00b8 082C     		cmp	r4, #8
 2061 00ba 07D0     		beq	.L162
 887:Drivers/STM32G4xx_HAL_Driver/Src/stm32g4xx_hal_tim_ex.c ****   }
 2062              		.loc 1 887 5 discriminator 6 view .LVU613
 2063 00bc 0123     		movs	r3, #1
 2064 00be 85F84730 		strb	r3, [r5, #71]
 2065 00c2 E3E7     		b	.L157
 2066              	.L161:
 887:Drivers/STM32G4xx_HAL_Driver/Src/stm32g4xx_hal_tim_ex.c ****   }
 2067              		.loc 1 887 5 discriminator 3 view .LVU614
 2068 00c4 0123     		movs	r3, #1
 2069 00c6 85F84530 		strb	r3, [r5, #69]
 2070 00ca DFE7     		b	.L157
 2071              	.L162:
 887:Drivers/STM32G4xx_HAL_Driver/Src/stm32g4xx_hal_tim_ex.c ****   }
 2072              		.loc 1 887 5 discriminator 5 view .LVU615
 2073 00cc 0123     		movs	r3, #1
 2074 00ce 85F84630 		strb	r3, [r5, #70]
 2075 00d2 DBE7     		b	.L157
 2076              	.LVL129:
 2077              	.L159:
 833:Drivers/STM32G4xx_HAL_Driver/Src/stm32g4xx_hal_tim_ex.c ****   {
 2078              		.loc 1 833 3 view .LVU616
 2079 00d4 0120     		movs	r0, #1
 2080              	.LVL130:
 2081              	.L145:
 891:Drivers/STM32G4xx_HAL_Driver/Src/stm32g4xx_hal_tim_ex.c **** }
ARM GAS  /tmp/ccX78w3T.s 			page 112


 2082              		.loc 1 891 3 is_stmt 1 view .LVU617
 892:Drivers/STM32G4xx_HAL_Driver/Src/stm32g4xx_hal_tim_ex.c **** 
 2083              		.loc 1 892 1 is_stmt 0 view .LVU618
 2084 00d6 38BD     		pop	{r3, r4, r5, pc}
 892:Drivers/STM32G4xx_HAL_Driver/Src/stm32g4xx_hal_tim_ex.c **** 
 2085              		.loc 1 892 1 view .LVU619
 2086              		.cfi_endproc
 2087              	.LFE342:
 2089              		.section	.text.HAL_TIMEx_OCN_Start_DMA,"ax",%progbits
 2090              		.align	1
 2091              		.global	HAL_TIMEx_OCN_Start_DMA
 2092              		.syntax unified
 2093              		.thumb
 2094              		.thumb_func
 2096              	HAL_TIMEx_OCN_Start_DMA:
 2097              	.LVL131:
 2098              	.LFB343:
 910:Drivers/STM32G4xx_HAL_Driver/Src/stm32g4xx_hal_tim_ex.c ****   HAL_StatusTypeDef status = HAL_OK;
 2099              		.loc 1 910 1 is_stmt 1 view -0
 2100              		.cfi_startproc
 2101              		@ args = 0, pretend = 0, frame = 0
 2102              		@ frame_needed = 0, uses_anonymous_args = 0
 910:Drivers/STM32G4xx_HAL_Driver/Src/stm32g4xx_hal_tim_ex.c ****   HAL_StatusTypeDef status = HAL_OK;
 2103              		.loc 1 910 1 is_stmt 0 view .LVU621
 2104 0000 38B5     		push	{r3, r4, r5, lr}
 2105              	.LCFI18:
 2106              		.cfi_def_cfa_offset 16
 2107              		.cfi_offset 3, -16
 2108              		.cfi_offset 4, -12
 2109              		.cfi_offset 5, -8
 2110              		.cfi_offset 14, -4
 2111 0002 0446     		mov	r4, r0
 2112 0004 9446     		mov	ip, r2
 911:Drivers/STM32G4xx_HAL_Driver/Src/stm32g4xx_hal_tim_ex.c ****   uint32_t tmpsmcr;
 2113              		.loc 1 911 3 is_stmt 1 view .LVU622
 2114              	.LVL132:
 912:Drivers/STM32G4xx_HAL_Driver/Src/stm32g4xx_hal_tim_ex.c **** 
 2115              		.loc 1 912 3 view .LVU623
 915:Drivers/STM32G4xx_HAL_Driver/Src/stm32g4xx_hal_tim_ex.c **** 
 2116              		.loc 1 915 3 view .LVU624
 918:Drivers/STM32G4xx_HAL_Driver/Src/stm32g4xx_hal_tim_ex.c ****   {
 2117              		.loc 1 918 3 view .LVU625
 918:Drivers/STM32G4xx_HAL_Driver/Src/stm32g4xx_hal_tim_ex.c ****   {
 2118              		.loc 1 918 46 is_stmt 0 view .LVU626
 2119 0006 0D46     		mov	r5, r1
 2120 0008 0029     		cmp	r1, #0
 2121 000a 62D1     		bne	.L164
 918:Drivers/STM32G4xx_HAL_Driver/Src/stm32g4xx_hal_tim_ex.c ****   {
 2122              		.loc 1 918 7 discriminator 1 view .LVU627
 2123 000c 90F84400 		ldrb	r0, [r0, #68]	@ zero_extendqisi2
 2124              	.LVL133:
 918:Drivers/STM32G4xx_HAL_Driver/Src/stm32g4xx_hal_tim_ex.c ****   {
 2125              		.loc 1 918 46 discriminator 1 view .LVU628
 2126 0010 0228     		cmp	r0, #2
 2127 0012 14BF     		ite	ne
 2128 0014 0020     		movne	r0, #0
 2129 0016 0120     		moveq	r0, #1
ARM GAS  /tmp/ccX78w3T.s 			page 113


 2130              	.L165:
 918:Drivers/STM32G4xx_HAL_Driver/Src/stm32g4xx_hal_tim_ex.c ****   {
 2131              		.loc 1 918 6 discriminator 7 view .LVU629
 2132 0018 0028     		cmp	r0, #0
 2133 001a 40F00C81 		bne	.L187
 922:Drivers/STM32G4xx_HAL_Driver/Src/stm32g4xx_hal_tim_ex.c ****   {
 2134              		.loc 1 922 8 is_stmt 1 view .LVU630
 922:Drivers/STM32G4xx_HAL_Driver/Src/stm32g4xx_hal_tim_ex.c ****   {
 2135              		.loc 1 922 51 is_stmt 0 view .LVU631
 2136 001e 002D     		cmp	r5, #0
 2137 0020 70D1     		bne	.L169
 922:Drivers/STM32G4xx_HAL_Driver/Src/stm32g4xx_hal_tim_ex.c ****   {
 2138              		.loc 1 922 12 discriminator 1 view .LVU632
 2139 0022 94F84420 		ldrb	r2, [r4, #68]	@ zero_extendqisi2
 2140              	.LVL134:
 922:Drivers/STM32G4xx_HAL_Driver/Src/stm32g4xx_hal_tim_ex.c ****   {
 2141              		.loc 1 922 51 discriminator 1 view .LVU633
 2142 0026 012A     		cmp	r2, #1
 2143 0028 14BF     		ite	ne
 2144 002a 0022     		movne	r2, #0
 2145 002c 0122     		moveq	r2, #1
 2146              	.L170:
 922:Drivers/STM32G4xx_HAL_Driver/Src/stm32g4xx_hal_tim_ex.c ****   {
 2147              		.loc 1 922 11 discriminator 7 view .LVU634
 2148 002e 002A     		cmp	r2, #0
 2149 0030 00F0FF80 		beq	.L173
 924:Drivers/STM32G4xx_HAL_Driver/Src/stm32g4xx_hal_tim_ex.c ****     {
 2150              		.loc 1 924 5 is_stmt 1 view .LVU635
 924:Drivers/STM32G4xx_HAL_Driver/Src/stm32g4xx_hal_tim_ex.c ****     {
 2151              		.loc 1 924 8 is_stmt 0 view .LVU636
 2152 0034 BCF1000F 		cmp	ip, #0
 2153 0038 00F0FB80 		beq	.L173
 924:Drivers/STM32G4xx_HAL_Driver/Src/stm32g4xx_hal_tim_ex.c ****     {
 2154              		.loc 1 924 25 discriminator 1 view .LVU637
 2155 003c 002B     		cmp	r3, #0
 2156 003e 00F0F880 		beq	.L173
 930:Drivers/STM32G4xx_HAL_Driver/Src/stm32g4xx_hal_tim_ex.c ****     }
 2157              		.loc 1 930 7 is_stmt 1 view .LVU638
 2158 0042 002D     		cmp	r5, #0
 2159 0044 77D1     		bne	.L174
 930:Drivers/STM32G4xx_HAL_Driver/Src/stm32g4xx_hal_tim_ex.c ****     }
 2160              		.loc 1 930 7 is_stmt 0 discriminator 1 view .LVU639
 2161 0046 0222     		movs	r2, #2
 2162 0048 84F84420 		strb	r2, [r4, #68]
 938:Drivers/STM32G4xx_HAL_Driver/Src/stm32g4xx_hal_tim_ex.c ****   {
 2163              		.loc 1 938 3 is_stmt 1 view .LVU640
 2164              	.L175:
 943:Drivers/STM32G4xx_HAL_Driver/Src/stm32g4xx_hal_tim_ex.c ****       htim->hdma[TIM_DMA_ID_CC1]->XferHalfCpltCallback = TIM_DMADelayPulseHalfCplt;
 2165              		.loc 1 943 7 view .LVU641
 943:Drivers/STM32G4xx_HAL_Driver/Src/stm32g4xx_hal_tim_ex.c ****       htim->hdma[TIM_DMA_ID_CC1]->XferHalfCpltCallback = TIM_DMADelayPulseHalfCplt;
 2166              		.loc 1 943 17 is_stmt 0 view .LVU642
 2167 004c 626A     		ldr	r2, [r4, #36]
 943:Drivers/STM32G4xx_HAL_Driver/Src/stm32g4xx_hal_tim_ex.c ****       htim->hdma[TIM_DMA_ID_CC1]->XferHalfCpltCallback = TIM_DMADelayPulseHalfCplt;
 2168              		.loc 1 943 52 view .LVU643
 2169 004e 7B49     		ldr	r1, .L199
 2170              	.LVL135:
 943:Drivers/STM32G4xx_HAL_Driver/Src/stm32g4xx_hal_tim_ex.c ****       htim->hdma[TIM_DMA_ID_CC1]->XferHalfCpltCallback = TIM_DMADelayPulseHalfCplt;
ARM GAS  /tmp/ccX78w3T.s 			page 114


 2171              		.loc 1 943 52 view .LVU644
 2172 0050 D162     		str	r1, [r2, #44]
 944:Drivers/STM32G4xx_HAL_Driver/Src/stm32g4xx_hal_tim_ex.c **** 
 2173              		.loc 1 944 7 is_stmt 1 view .LVU645
 944:Drivers/STM32G4xx_HAL_Driver/Src/stm32g4xx_hal_tim_ex.c **** 
 2174              		.loc 1 944 17 is_stmt 0 view .LVU646
 2175 0052 626A     		ldr	r2, [r4, #36]
 944:Drivers/STM32G4xx_HAL_Driver/Src/stm32g4xx_hal_tim_ex.c **** 
 2176              		.loc 1 944 56 view .LVU647
 2177 0054 7A49     		ldr	r1, .L199+4
 2178 0056 1163     		str	r1, [r2, #48]
 947:Drivers/STM32G4xx_HAL_Driver/Src/stm32g4xx_hal_tim_ex.c **** 
 2179              		.loc 1 947 7 is_stmt 1 view .LVU648
 947:Drivers/STM32G4xx_HAL_Driver/Src/stm32g4xx_hal_tim_ex.c **** 
 2180              		.loc 1 947 17 is_stmt 0 view .LVU649
 2181 0058 626A     		ldr	r2, [r4, #36]
 947:Drivers/STM32G4xx_HAL_Driver/Src/stm32g4xx_hal_tim_ex.c **** 
 2182              		.loc 1 947 53 view .LVU650
 2183 005a 7A49     		ldr	r1, .L199+8
 2184 005c 5163     		str	r1, [r2, #52]
 950:Drivers/STM32G4xx_HAL_Driver/Src/stm32g4xx_hal_tim_ex.c ****                            Length) != HAL_OK)
 2185              		.loc 1 950 7 is_stmt 1 view .LVU651
 950:Drivers/STM32G4xx_HAL_Driver/Src/stm32g4xx_hal_tim_ex.c ****                            Length) != HAL_OK)
 2186              		.loc 1 950 88 is_stmt 0 view .LVU652
 2187 005e 2268     		ldr	r2, [r4]
 950:Drivers/STM32G4xx_HAL_Driver/Src/stm32g4xx_hal_tim_ex.c ****                            Length) != HAL_OK)
 2188              		.loc 1 950 11 view .LVU653
 2189 0060 3432     		adds	r2, r2, #52
 2190 0062 6146     		mov	r1, ip
 2191 0064 606A     		ldr	r0, [r4, #36]
 2192 0066 FFF7FEFF 		bl	HAL_DMA_Start_IT
 2193              	.LVL136:
 950:Drivers/STM32G4xx_HAL_Driver/Src/stm32g4xx_hal_tim_ex.c ****                            Length) != HAL_OK)
 2194              		.loc 1 950 10 discriminator 1 view .LVU654
 2195 006a 0028     		cmp	r0, #0
 2196 006c 40F0E180 		bne	.L173
 957:Drivers/STM32G4xx_HAL_Driver/Src/stm32g4xx_hal_tim_ex.c ****       break;
 2197              		.loc 1 957 7 is_stmt 1 view .LVU655
 2198 0070 2268     		ldr	r2, [r4]
 2199 0072 D368     		ldr	r3, [r2, #12]
 2200 0074 43F40073 		orr	r3, r3, #512
 2201 0078 D360     		str	r3, [r2, #12]
 958:Drivers/STM32G4xx_HAL_Driver/Src/stm32g4xx_hal_tim_ex.c ****     }
 2202              		.loc 1 958 7 view .LVU656
1029:Drivers/STM32G4xx_HAL_Driver/Src/stm32g4xx_hal_tim_ex.c ****   {
 2203              		.loc 1 1029 3 view .LVU657
 2204              	.L182:
1032:Drivers/STM32G4xx_HAL_Driver/Src/stm32g4xx_hal_tim_ex.c **** 
 2205              		.loc 1 1032 5 view .LVU658
 2206 007a 0422     		movs	r2, #4
 2207 007c 2946     		mov	r1, r5
 2208 007e 2068     		ldr	r0, [r4]
 2209 0080 FFF7FEFF 		bl	TIM_CCxNChannelCmd
 2210              	.LVL137:
1035:Drivers/STM32G4xx_HAL_Driver/Src/stm32g4xx_hal_tim_ex.c **** 
 2211              		.loc 1 1035 5 view .LVU659
 2212 0084 2268     		ldr	r2, [r4]
ARM GAS  /tmp/ccX78w3T.s 			page 115


 2213 0086 536C     		ldr	r3, [r2, #68]
 2214 0088 43F40043 		orr	r3, r3, #32768
 2215 008c 5364     		str	r3, [r2, #68]
1038:Drivers/STM32G4xx_HAL_Driver/Src/stm32g4xx_hal_tim_ex.c ****     {
 2216              		.loc 1 1038 5 view .LVU660
1038:Drivers/STM32G4xx_HAL_Driver/Src/stm32g4xx_hal_tim_ex.c ****     {
 2217              		.loc 1 1038 9 is_stmt 0 view .LVU661
 2218 008e 2368     		ldr	r3, [r4]
1038:Drivers/STM32G4xx_HAL_Driver/Src/stm32g4xx_hal_tim_ex.c ****     {
 2219              		.loc 1 1038 8 view .LVU662
 2220 0090 6D4A     		ldr	r2, .L199+12
 2221 0092 9342     		cmp	r3, r2
 2222 0094 00F0BF80 		beq	.L183
1038:Drivers/STM32G4xx_HAL_Driver/Src/stm32g4xx_hal_tim_ex.c ****     {
 2223              		.loc 1 1038 9 discriminator 1 view .LVU663
 2224 0098 B3F1804F 		cmp	r3, #1073741824
 2225 009c 00F0BB80 		beq	.L183
1038:Drivers/STM32G4xx_HAL_Driver/Src/stm32g4xx_hal_tim_ex.c ****     {
 2226              		.loc 1 1038 9 discriminator 2 view .LVU664
 2227 00a0 A2F59432 		sub	r2, r2, #75776
 2228 00a4 9342     		cmp	r3, r2
 2229 00a6 00F0B680 		beq	.L183
1038:Drivers/STM32G4xx_HAL_Driver/Src/stm32g4xx_hal_tim_ex.c ****     {
 2230              		.loc 1 1038 9 discriminator 3 view .LVU665
 2231 00aa 02F58062 		add	r2, r2, #1024
 2232 00ae 9342     		cmp	r3, r2
 2233 00b0 00F0B180 		beq	.L183
1038:Drivers/STM32G4xx_HAL_Driver/Src/stm32g4xx_hal_tim_ex.c ****     {
 2234              		.loc 1 1038 9 discriminator 4 view .LVU666
 2235 00b4 02F59632 		add	r2, r2, #76800
 2236 00b8 9342     		cmp	r3, r2
 2237 00ba 00F0AC80 		beq	.L183
1038:Drivers/STM32G4xx_HAL_Driver/Src/stm32g4xx_hal_tim_ex.c ****     {
 2238              		.loc 1 1038 9 discriminator 5 view .LVU667
 2239 00be 02F54062 		add	r2, r2, #3072
 2240 00c2 9342     		cmp	r3, r2
 2241 00c4 00F0A780 		beq	.L183
1048:Drivers/STM32G4xx_HAL_Driver/Src/stm32g4xx_hal_tim_ex.c ****     }
 2242              		.loc 1 1048 7 is_stmt 1 view .LVU668
 2243 00c8 1A68     		ldr	r2, [r3]
 2244 00ca 42F00102 		orr	r2, r2, #1
 2245 00ce 1A60     		str	r2, [r3]
 2246 00d0 ADE0     		b	.L185
 2247              	.LVL138:
 2248              	.L164:
 918:Drivers/STM32G4xx_HAL_Driver/Src/stm32g4xx_hal_tim_ex.c ****   {
 2249              		.loc 1 918 46 is_stmt 0 discriminator 2 view .LVU669
 2250 00d2 0429     		cmp	r1, #4
 2251 00d4 08D0     		beq	.L193
 918:Drivers/STM32G4xx_HAL_Driver/Src/stm32g4xx_hal_tim_ex.c ****   {
 2252              		.loc 1 918 46 discriminator 4 view .LVU670
 2253 00d6 0829     		cmp	r1, #8
 2254 00d8 0DD0     		beq	.L194
 918:Drivers/STM32G4xx_HAL_Driver/Src/stm32g4xx_hal_tim_ex.c ****   {
 2255              		.loc 1 918 7 discriminator 6 view .LVU671
 2256 00da 90F84700 		ldrb	r0, [r0, #71]	@ zero_extendqisi2
 2257              	.LVL139:
ARM GAS  /tmp/ccX78w3T.s 			page 116


 918:Drivers/STM32G4xx_HAL_Driver/Src/stm32g4xx_hal_tim_ex.c ****   {
 2258              		.loc 1 918 46 discriminator 6 view .LVU672
 2259 00de 0228     		cmp	r0, #2
 2260 00e0 14BF     		ite	ne
 2261 00e2 0020     		movne	r0, #0
 2262 00e4 0120     		moveq	r0, #1
 2263 00e6 97E7     		b	.L165
 2264              	.LVL140:
 2265              	.L193:
 918:Drivers/STM32G4xx_HAL_Driver/Src/stm32g4xx_hal_tim_ex.c ****   {
 2266              		.loc 1 918 7 discriminator 3 view .LVU673
 2267 00e8 90F84500 		ldrb	r0, [r0, #69]	@ zero_extendqisi2
 2268              	.LVL141:
 918:Drivers/STM32G4xx_HAL_Driver/Src/stm32g4xx_hal_tim_ex.c ****   {
 2269              		.loc 1 918 46 discriminator 3 view .LVU674
 2270 00ec 0228     		cmp	r0, #2
 2271 00ee 14BF     		ite	ne
 2272 00f0 0020     		movne	r0, #0
 2273 00f2 0120     		moveq	r0, #1
 2274 00f4 90E7     		b	.L165
 2275              	.LVL142:
 2276              	.L194:
 918:Drivers/STM32G4xx_HAL_Driver/Src/stm32g4xx_hal_tim_ex.c ****   {
 2277              		.loc 1 918 7 discriminator 5 view .LVU675
 2278 00f6 90F84600 		ldrb	r0, [r0, #70]	@ zero_extendqisi2
 2279              	.LVL143:
 918:Drivers/STM32G4xx_HAL_Driver/Src/stm32g4xx_hal_tim_ex.c ****   {
 2280              		.loc 1 918 46 discriminator 5 view .LVU676
 2281 00fa 0228     		cmp	r0, #2
 2282 00fc 14BF     		ite	ne
 2283 00fe 0020     		movne	r0, #0
 2284 0100 0120     		moveq	r0, #1
 2285 0102 89E7     		b	.L165
 2286              	.L169:
 922:Drivers/STM32G4xx_HAL_Driver/Src/stm32g4xx_hal_tim_ex.c ****   {
 2287              		.loc 1 922 51 discriminator 2 view .LVU677
 2288 0104 042D     		cmp	r5, #4
 2289 0106 08D0     		beq	.L195
 922:Drivers/STM32G4xx_HAL_Driver/Src/stm32g4xx_hal_tim_ex.c ****   {
 2290              		.loc 1 922 51 discriminator 4 view .LVU678
 2291 0108 082D     		cmp	r5, #8
 2292 010a 0DD0     		beq	.L196
 922:Drivers/STM32G4xx_HAL_Driver/Src/stm32g4xx_hal_tim_ex.c ****   {
 2293              		.loc 1 922 12 discriminator 6 view .LVU679
 2294 010c 94F84720 		ldrb	r2, [r4, #71]	@ zero_extendqisi2
 2295              	.LVL144:
 922:Drivers/STM32G4xx_HAL_Driver/Src/stm32g4xx_hal_tim_ex.c ****   {
 2296              		.loc 1 922 51 discriminator 6 view .LVU680
 2297 0110 012A     		cmp	r2, #1
 2298 0112 14BF     		ite	ne
 2299 0114 0022     		movne	r2, #0
 2300 0116 0122     		moveq	r2, #1
 2301 0118 89E7     		b	.L170
 2302              	.LVL145:
 2303              	.L195:
 922:Drivers/STM32G4xx_HAL_Driver/Src/stm32g4xx_hal_tim_ex.c ****   {
 2304              		.loc 1 922 12 discriminator 3 view .LVU681
ARM GAS  /tmp/ccX78w3T.s 			page 117


 2305 011a 94F84520 		ldrb	r2, [r4, #69]	@ zero_extendqisi2
 2306              	.LVL146:
 922:Drivers/STM32G4xx_HAL_Driver/Src/stm32g4xx_hal_tim_ex.c ****   {
 2307              		.loc 1 922 51 discriminator 3 view .LVU682
 2308 011e 012A     		cmp	r2, #1
 2309 0120 14BF     		ite	ne
 2310 0122 0022     		movne	r2, #0
 2311 0124 0122     		moveq	r2, #1
 2312 0126 82E7     		b	.L170
 2313              	.LVL147:
 2314              	.L196:
 922:Drivers/STM32G4xx_HAL_Driver/Src/stm32g4xx_hal_tim_ex.c ****   {
 2315              		.loc 1 922 12 discriminator 5 view .LVU683
 2316 0128 94F84620 		ldrb	r2, [r4, #70]	@ zero_extendqisi2
 2317              	.LVL148:
 922:Drivers/STM32G4xx_HAL_Driver/Src/stm32g4xx_hal_tim_ex.c ****   {
 2318              		.loc 1 922 51 discriminator 5 view .LVU684
 2319 012c 012A     		cmp	r2, #1
 2320 012e 14BF     		ite	ne
 2321 0130 0022     		movne	r2, #0
 2322 0132 0122     		moveq	r2, #1
 2323 0134 7BE7     		b	.L170
 2324              	.L174:
 930:Drivers/STM32G4xx_HAL_Driver/Src/stm32g4xx_hal_tim_ex.c ****     }
 2325              		.loc 1 930 7 discriminator 2 view .LVU685
 2326 0136 042D     		cmp	r5, #4
 2327 0138 24D0     		beq	.L197
 930:Drivers/STM32G4xx_HAL_Driver/Src/stm32g4xx_hal_tim_ex.c ****     }
 2328              		.loc 1 930 7 discriminator 4 view .LVU686
 2329 013a 082D     		cmp	r5, #8
 2330 013c 3CD0     		beq	.L198
 930:Drivers/STM32G4xx_HAL_Driver/Src/stm32g4xx_hal_tim_ex.c ****     }
 2331              		.loc 1 930 7 discriminator 6 view .LVU687
 2332 013e 0222     		movs	r2, #2
 2333 0140 84F84720 		strb	r2, [r4, #71]
 938:Drivers/STM32G4xx_HAL_Driver/Src/stm32g4xx_hal_tim_ex.c ****   {
 2334              		.loc 1 938 3 is_stmt 1 view .LVU688
 2335 0144 0C2D     		cmp	r5, #12
 2336 0146 74D8     		bhi	.L173
 2337 0148 01A2     		adr	r2, .L181
 2338 014a 52F825F0 		ldr	pc, [r2, r5, lsl #2]
 2339 014e 00BF     		.p2align 2
 2340              	.L181:
 2341 0150 4D000000 		.word	.L175+1
 2342 0154 33020000 		.word	.L173+1
 2343 0158 33020000 		.word	.L173+1
 2344 015c 33020000 		.word	.L173+1
 2345 0160 8B010000 		.word	.L177+1
 2346 0164 33020000 		.word	.L173+1
 2347 0168 33020000 		.word	.L173+1
 2348 016c 33020000 		.word	.L173+1
 2349 0170 BF010000 		.word	.L179+1
 2350 0174 33020000 		.word	.L173+1
 2351 0178 33020000 		.word	.L173+1
 2352 017c 33020000 		.word	.L173+1
 2353 0180 EB010000 		.word	.L180+1
 2354              		.p2align 1
ARM GAS  /tmp/ccX78w3T.s 			page 118


 2355              	.L197:
 930:Drivers/STM32G4xx_HAL_Driver/Src/stm32g4xx_hal_tim_ex.c ****     }
 2356              		.loc 1 930 7 is_stmt 0 discriminator 3 view .LVU689
 2357 0184 0222     		movs	r2, #2
 2358 0186 84F84520 		strb	r2, [r4, #69]
 938:Drivers/STM32G4xx_HAL_Driver/Src/stm32g4xx_hal_tim_ex.c ****   {
 2359              		.loc 1 938 3 is_stmt 1 view .LVU690
 2360              	.L177:
 964:Drivers/STM32G4xx_HAL_Driver/Src/stm32g4xx_hal_tim_ex.c ****       htim->hdma[TIM_DMA_ID_CC2]->XferHalfCpltCallback = TIM_DMADelayPulseHalfCplt;
 2361              		.loc 1 964 7 view .LVU691
 964:Drivers/STM32G4xx_HAL_Driver/Src/stm32g4xx_hal_tim_ex.c ****       htim->hdma[TIM_DMA_ID_CC2]->XferHalfCpltCallback = TIM_DMADelayPulseHalfCplt;
 2362              		.loc 1 964 17 is_stmt 0 view .LVU692
 2363 018a A26A     		ldr	r2, [r4, #40]
 964:Drivers/STM32G4xx_HAL_Driver/Src/stm32g4xx_hal_tim_ex.c ****       htim->hdma[TIM_DMA_ID_CC2]->XferHalfCpltCallback = TIM_DMADelayPulseHalfCplt;
 2364              		.loc 1 964 52 view .LVU693
 2365 018c 2B49     		ldr	r1, .L199
 2366              	.LVL149:
 964:Drivers/STM32G4xx_HAL_Driver/Src/stm32g4xx_hal_tim_ex.c ****       htim->hdma[TIM_DMA_ID_CC2]->XferHalfCpltCallback = TIM_DMADelayPulseHalfCplt;
 2367              		.loc 1 964 52 view .LVU694
 2368 018e D162     		str	r1, [r2, #44]
 965:Drivers/STM32G4xx_HAL_Driver/Src/stm32g4xx_hal_tim_ex.c **** 
 2369              		.loc 1 965 7 is_stmt 1 view .LVU695
 965:Drivers/STM32G4xx_HAL_Driver/Src/stm32g4xx_hal_tim_ex.c **** 
 2370              		.loc 1 965 17 is_stmt 0 view .LVU696
 2371 0190 A26A     		ldr	r2, [r4, #40]
 965:Drivers/STM32G4xx_HAL_Driver/Src/stm32g4xx_hal_tim_ex.c **** 
 2372              		.loc 1 965 56 view .LVU697
 2373 0192 2B49     		ldr	r1, .L199+4
 2374 0194 1163     		str	r1, [r2, #48]
 968:Drivers/STM32G4xx_HAL_Driver/Src/stm32g4xx_hal_tim_ex.c **** 
 2375              		.loc 1 968 7 is_stmt 1 view .LVU698
 968:Drivers/STM32G4xx_HAL_Driver/Src/stm32g4xx_hal_tim_ex.c **** 
 2376              		.loc 1 968 17 is_stmt 0 view .LVU699
 2377 0196 A26A     		ldr	r2, [r4, #40]
 968:Drivers/STM32G4xx_HAL_Driver/Src/stm32g4xx_hal_tim_ex.c **** 
 2378              		.loc 1 968 53 view .LVU700
 2379 0198 2A49     		ldr	r1, .L199+8
 2380 019a 5163     		str	r1, [r2, #52]
 971:Drivers/STM32G4xx_HAL_Driver/Src/stm32g4xx_hal_tim_ex.c ****                            Length) != HAL_OK)
 2381              		.loc 1 971 7 is_stmt 1 view .LVU701
 971:Drivers/STM32G4xx_HAL_Driver/Src/stm32g4xx_hal_tim_ex.c ****                            Length) != HAL_OK)
 2382              		.loc 1 971 88 is_stmt 0 view .LVU702
 2383 019c 2268     		ldr	r2, [r4]
 971:Drivers/STM32G4xx_HAL_Driver/Src/stm32g4xx_hal_tim_ex.c ****                            Length) != HAL_OK)
 2384              		.loc 1 971 11 view .LVU703
 2385 019e 3832     		adds	r2, r2, #56
 2386 01a0 6146     		mov	r1, ip
 2387 01a2 A06A     		ldr	r0, [r4, #40]
 2388 01a4 FFF7FEFF 		bl	HAL_DMA_Start_IT
 2389              	.LVL150:
 971:Drivers/STM32G4xx_HAL_Driver/Src/stm32g4xx_hal_tim_ex.c ****                            Length) != HAL_OK)
 2390              		.loc 1 971 10 discriminator 1 view .LVU704
 2391 01a8 0028     		cmp	r0, #0
 2392 01aa 42D1     		bne	.L173
 978:Drivers/STM32G4xx_HAL_Driver/Src/stm32g4xx_hal_tim_ex.c ****       break;
 2393              		.loc 1 978 7 is_stmt 1 view .LVU705
 2394 01ac 2268     		ldr	r2, [r4]
ARM GAS  /tmp/ccX78w3T.s 			page 119


 2395 01ae D368     		ldr	r3, [r2, #12]
 2396 01b0 43F48063 		orr	r3, r3, #1024
 2397 01b4 D360     		str	r3, [r2, #12]
 979:Drivers/STM32G4xx_HAL_Driver/Src/stm32g4xx_hal_tim_ex.c ****     }
 2398              		.loc 1 979 7 view .LVU706
1029:Drivers/STM32G4xx_HAL_Driver/Src/stm32g4xx_hal_tim_ex.c ****   {
 2399              		.loc 1 1029 3 view .LVU707
 2400 01b6 60E7     		b	.L182
 2401              	.LVL151:
 2402              	.L198:
 930:Drivers/STM32G4xx_HAL_Driver/Src/stm32g4xx_hal_tim_ex.c ****     }
 2403              		.loc 1 930 7 is_stmt 0 discriminator 5 view .LVU708
 2404 01b8 0222     		movs	r2, #2
 2405 01ba 84F84620 		strb	r2, [r4, #70]
 938:Drivers/STM32G4xx_HAL_Driver/Src/stm32g4xx_hal_tim_ex.c ****   {
 2406              		.loc 1 938 3 is_stmt 1 view .LVU709
 2407              	.L179:
 985:Drivers/STM32G4xx_HAL_Driver/Src/stm32g4xx_hal_tim_ex.c ****       htim->hdma[TIM_DMA_ID_CC3]->XferHalfCpltCallback = TIM_DMADelayPulseHalfCplt;
 2408              		.loc 1 985 7 view .LVU710
 985:Drivers/STM32G4xx_HAL_Driver/Src/stm32g4xx_hal_tim_ex.c ****       htim->hdma[TIM_DMA_ID_CC3]->XferHalfCpltCallback = TIM_DMADelayPulseHalfCplt;
 2409              		.loc 1 985 17 is_stmt 0 view .LVU711
 2410 01be E26A     		ldr	r2, [r4, #44]
 985:Drivers/STM32G4xx_HAL_Driver/Src/stm32g4xx_hal_tim_ex.c ****       htim->hdma[TIM_DMA_ID_CC3]->XferHalfCpltCallback = TIM_DMADelayPulseHalfCplt;
 2411              		.loc 1 985 52 view .LVU712
 2412 01c0 1E49     		ldr	r1, .L199
 2413              	.LVL152:
 985:Drivers/STM32G4xx_HAL_Driver/Src/stm32g4xx_hal_tim_ex.c ****       htim->hdma[TIM_DMA_ID_CC3]->XferHalfCpltCallback = TIM_DMADelayPulseHalfCplt;
 2414              		.loc 1 985 52 view .LVU713
 2415 01c2 D162     		str	r1, [r2, #44]
 986:Drivers/STM32G4xx_HAL_Driver/Src/stm32g4xx_hal_tim_ex.c **** 
 2416              		.loc 1 986 7 is_stmt 1 view .LVU714
 986:Drivers/STM32G4xx_HAL_Driver/Src/stm32g4xx_hal_tim_ex.c **** 
 2417              		.loc 1 986 17 is_stmt 0 view .LVU715
 2418 01c4 E26A     		ldr	r2, [r4, #44]
 986:Drivers/STM32G4xx_HAL_Driver/Src/stm32g4xx_hal_tim_ex.c **** 
 2419              		.loc 1 986 56 view .LVU716
 2420 01c6 1E49     		ldr	r1, .L199+4
 2421 01c8 1163     		str	r1, [r2, #48]
 989:Drivers/STM32G4xx_HAL_Driver/Src/stm32g4xx_hal_tim_ex.c **** 
 2422              		.loc 1 989 7 is_stmt 1 view .LVU717
 989:Drivers/STM32G4xx_HAL_Driver/Src/stm32g4xx_hal_tim_ex.c **** 
 2423              		.loc 1 989 17 is_stmt 0 view .LVU718
 2424 01ca E26A     		ldr	r2, [r4, #44]
 989:Drivers/STM32G4xx_HAL_Driver/Src/stm32g4xx_hal_tim_ex.c **** 
 2425              		.loc 1 989 53 view .LVU719
 2426 01cc 1D49     		ldr	r1, .L199+8
 2427 01ce 5163     		str	r1, [r2, #52]
 992:Drivers/STM32G4xx_HAL_Driver/Src/stm32g4xx_hal_tim_ex.c ****                            Length) != HAL_OK)
 2428              		.loc 1 992 7 is_stmt 1 view .LVU720
 992:Drivers/STM32G4xx_HAL_Driver/Src/stm32g4xx_hal_tim_ex.c ****                            Length) != HAL_OK)
 2429              		.loc 1 992 88 is_stmt 0 view .LVU721
 2430 01d0 2268     		ldr	r2, [r4]
 992:Drivers/STM32G4xx_HAL_Driver/Src/stm32g4xx_hal_tim_ex.c ****                            Length) != HAL_OK)
 2431              		.loc 1 992 11 view .LVU722
 2432 01d2 3C32     		adds	r2, r2, #60
 2433 01d4 6146     		mov	r1, ip
 2434 01d6 E06A     		ldr	r0, [r4, #44]
ARM GAS  /tmp/ccX78w3T.s 			page 120


 2435 01d8 FFF7FEFF 		bl	HAL_DMA_Start_IT
 2436              	.LVL153:
 992:Drivers/STM32G4xx_HAL_Driver/Src/stm32g4xx_hal_tim_ex.c ****                            Length) != HAL_OK)
 2437              		.loc 1 992 10 discriminator 1 view .LVU723
 2438 01dc 48BB     		cbnz	r0, .L173
 999:Drivers/STM32G4xx_HAL_Driver/Src/stm32g4xx_hal_tim_ex.c ****       break;
 2439              		.loc 1 999 7 is_stmt 1 view .LVU724
 2440 01de 2268     		ldr	r2, [r4]
 2441 01e0 D368     		ldr	r3, [r2, #12]
 2442 01e2 43F40063 		orr	r3, r3, #2048
 2443 01e6 D360     		str	r3, [r2, #12]
1000:Drivers/STM32G4xx_HAL_Driver/Src/stm32g4xx_hal_tim_ex.c ****     }
 2444              		.loc 1 1000 7 view .LVU725
1029:Drivers/STM32G4xx_HAL_Driver/Src/stm32g4xx_hal_tim_ex.c ****   {
 2445              		.loc 1 1029 3 view .LVU726
 2446 01e8 47E7     		b	.L182
 2447              	.LVL154:
 2448              	.L180:
1006:Drivers/STM32G4xx_HAL_Driver/Src/stm32g4xx_hal_tim_ex.c ****       htim->hdma[TIM_DMA_ID_CC4]->XferHalfCpltCallback = TIM_DMADelayPulseHalfCplt;
 2449              		.loc 1 1006 7 view .LVU727
1006:Drivers/STM32G4xx_HAL_Driver/Src/stm32g4xx_hal_tim_ex.c ****       htim->hdma[TIM_DMA_ID_CC4]->XferHalfCpltCallback = TIM_DMADelayPulseHalfCplt;
 2450              		.loc 1 1006 17 is_stmt 0 view .LVU728
 2451 01ea 226B     		ldr	r2, [r4, #48]
1006:Drivers/STM32G4xx_HAL_Driver/Src/stm32g4xx_hal_tim_ex.c ****       htim->hdma[TIM_DMA_ID_CC4]->XferHalfCpltCallback = TIM_DMADelayPulseHalfCplt;
 2452              		.loc 1 1006 52 view .LVU729
 2453 01ec 1349     		ldr	r1, .L199
 2454              	.LVL155:
1006:Drivers/STM32G4xx_HAL_Driver/Src/stm32g4xx_hal_tim_ex.c ****       htim->hdma[TIM_DMA_ID_CC4]->XferHalfCpltCallback = TIM_DMADelayPulseHalfCplt;
 2455              		.loc 1 1006 52 view .LVU730
 2456 01ee D162     		str	r1, [r2, #44]
1007:Drivers/STM32G4xx_HAL_Driver/Src/stm32g4xx_hal_tim_ex.c **** 
 2457              		.loc 1 1007 7 is_stmt 1 view .LVU731
1007:Drivers/STM32G4xx_HAL_Driver/Src/stm32g4xx_hal_tim_ex.c **** 
 2458              		.loc 1 1007 17 is_stmt 0 view .LVU732
 2459 01f0 226B     		ldr	r2, [r4, #48]
1007:Drivers/STM32G4xx_HAL_Driver/Src/stm32g4xx_hal_tim_ex.c **** 
 2460              		.loc 1 1007 56 view .LVU733
 2461 01f2 1349     		ldr	r1, .L199+4
 2462 01f4 1163     		str	r1, [r2, #48]
1010:Drivers/STM32G4xx_HAL_Driver/Src/stm32g4xx_hal_tim_ex.c **** 
 2463              		.loc 1 1010 7 is_stmt 1 view .LVU734
1010:Drivers/STM32G4xx_HAL_Driver/Src/stm32g4xx_hal_tim_ex.c **** 
 2464              		.loc 1 1010 17 is_stmt 0 view .LVU735
 2465 01f6 226B     		ldr	r2, [r4, #48]
1010:Drivers/STM32G4xx_HAL_Driver/Src/stm32g4xx_hal_tim_ex.c **** 
 2466              		.loc 1 1010 53 view .LVU736
 2467 01f8 1249     		ldr	r1, .L199+8
 2468 01fa 5163     		str	r1, [r2, #52]
1013:Drivers/STM32G4xx_HAL_Driver/Src/stm32g4xx_hal_tim_ex.c ****                            Length) != HAL_OK)
 2469              		.loc 1 1013 7 is_stmt 1 view .LVU737
1013:Drivers/STM32G4xx_HAL_Driver/Src/stm32g4xx_hal_tim_ex.c ****                            Length) != HAL_OK)
 2470              		.loc 1 1013 88 is_stmt 0 view .LVU738
 2471 01fc 2268     		ldr	r2, [r4]
1013:Drivers/STM32G4xx_HAL_Driver/Src/stm32g4xx_hal_tim_ex.c ****                            Length) != HAL_OK)
 2472              		.loc 1 1013 11 view .LVU739
 2473 01fe 4032     		adds	r2, r2, #64
 2474 0200 6146     		mov	r1, ip
ARM GAS  /tmp/ccX78w3T.s 			page 121


 2475 0202 206B     		ldr	r0, [r4, #48]
 2476 0204 FFF7FEFF 		bl	HAL_DMA_Start_IT
 2477              	.LVL156:
1013:Drivers/STM32G4xx_HAL_Driver/Src/stm32g4xx_hal_tim_ex.c ****                            Length) != HAL_OK)
 2478              		.loc 1 1013 10 discriminator 1 view .LVU740
 2479 0208 98B9     		cbnz	r0, .L173
1020:Drivers/STM32G4xx_HAL_Driver/Src/stm32g4xx_hal_tim_ex.c ****       break;
 2480              		.loc 1 1020 7 is_stmt 1 view .LVU741
 2481 020a 2268     		ldr	r2, [r4]
 2482 020c D368     		ldr	r3, [r2, #12]
 2483 020e 43F48053 		orr	r3, r3, #4096
 2484 0212 D360     		str	r3, [r2, #12]
1021:Drivers/STM32G4xx_HAL_Driver/Src/stm32g4xx_hal_tim_ex.c ****     }
 2485              		.loc 1 1021 7 view .LVU742
1029:Drivers/STM32G4xx_HAL_Driver/Src/stm32g4xx_hal_tim_ex.c ****   {
 2486              		.loc 1 1029 3 view .LVU743
 2487 0214 31E7     		b	.L182
 2488              	.L183:
1040:Drivers/STM32G4xx_HAL_Driver/Src/stm32g4xx_hal_tim_ex.c ****       if (!IS_TIM_SLAVEMODE_TRIGGER_ENABLED(tmpsmcr))
 2489              		.loc 1 1040 7 view .LVU744
1040:Drivers/STM32G4xx_HAL_Driver/Src/stm32g4xx_hal_tim_ex.c ****       if (!IS_TIM_SLAVEMODE_TRIGGER_ENABLED(tmpsmcr))
 2490              		.loc 1 1040 31 is_stmt 0 view .LVU745
 2491 0216 9968     		ldr	r1, [r3, #8]
1040:Drivers/STM32G4xx_HAL_Driver/Src/stm32g4xx_hal_tim_ex.c ****       if (!IS_TIM_SLAVEMODE_TRIGGER_ENABLED(tmpsmcr))
 2492              		.loc 1 1040 15 view .LVU746
 2493 0218 0C4A     		ldr	r2, .L199+16
 2494 021a 0A40     		ands	r2, r2, r1
 2495              	.LVL157:
1041:Drivers/STM32G4xx_HAL_Driver/Src/stm32g4xx_hal_tim_ex.c ****       {
 2496              		.loc 1 1041 7 is_stmt 1 view .LVU747
1041:Drivers/STM32G4xx_HAL_Driver/Src/stm32g4xx_hal_tim_ex.c ****       {
 2497              		.loc 1 1041 10 is_stmt 0 view .LVU748
 2498 021c 062A     		cmp	r2, #6
 2499 021e 06D0     		beq	.L185
1041:Drivers/STM32G4xx_HAL_Driver/Src/stm32g4xx_hal_tim_ex.c ****       {
 2500              		.loc 1 1041 11 discriminator 1 view .LVU749
 2501 0220 B2F5803F 		cmp	r2, #65536
 2502 0224 03D0     		beq	.L185
1043:Drivers/STM32G4xx_HAL_Driver/Src/stm32g4xx_hal_tim_ex.c ****       }
 2503              		.loc 1 1043 9 is_stmt 1 view .LVU750
 2504 0226 1A68     		ldr	r2, [r3]
 2505              	.LVL158:
1043:Drivers/STM32G4xx_HAL_Driver/Src/stm32g4xx_hal_tim_ex.c ****       }
 2506              		.loc 1 1043 9 is_stmt 0 view .LVU751
 2507 0228 42F00102 		orr	r2, r2, #1
 2508 022c 1A60     		str	r2, [r3]
 2509              	.LVL159:
 2510              	.L185:
1053:Drivers/STM32G4xx_HAL_Driver/Src/stm32g4xx_hal_tim_ex.c **** }
 2511              		.loc 1 1053 10 view .LVU752
 2512 022e 0020     		movs	r0, #0
 2513 0230 00E0     		b	.L168
 2514              	.L173:
 926:Drivers/STM32G4xx_HAL_Driver/Src/stm32g4xx_hal_tim_ex.c ****     }
 2515              		.loc 1 926 14 view .LVU753
 2516 0232 0120     		movs	r0, #1
 2517              	.L168:
ARM GAS  /tmp/ccX78w3T.s 			page 122


 2518              	.LVL160:
1054:Drivers/STM32G4xx_HAL_Driver/Src/stm32g4xx_hal_tim_ex.c **** 
 2519              		.loc 1 1054 1 view .LVU754
 2520 0234 38BD     		pop	{r3, r4, r5, pc}
 2521              	.LVL161:
 2522              	.L187:
 920:Drivers/STM32G4xx_HAL_Driver/Src/stm32g4xx_hal_tim_ex.c ****   }
 2523              		.loc 1 920 12 view .LVU755
 2524 0236 0220     		movs	r0, #2
 2525 0238 FCE7     		b	.L168
 2526              	.L200:
 2527 023a 00BF     		.align	2
 2528              	.L199:
 2529 023c 00000000 		.word	TIM_DMADelayPulseNCplt
 2530 0240 00000000 		.word	TIM_DMADelayPulseHalfCplt
 2531 0244 00000000 		.word	TIM_DMAErrorCCxN
 2532 0248 002C0140 		.word	1073818624
 2533 024c 07000100 		.word	65543
 2534              		.cfi_endproc
 2535              	.LFE343:
 2537              		.section	.text.HAL_TIMEx_OCN_Stop_DMA,"ax",%progbits
 2538              		.align	1
 2539              		.global	HAL_TIMEx_OCN_Stop_DMA
 2540              		.syntax unified
 2541              		.thumb
 2542              		.thumb_func
 2544              	HAL_TIMEx_OCN_Stop_DMA:
 2545              	.LVL162:
 2546              	.LFB344:
1069:Drivers/STM32G4xx_HAL_Driver/Src/stm32g4xx_hal_tim_ex.c ****   HAL_StatusTypeDef status = HAL_OK;
 2547              		.loc 1 1069 1 is_stmt 1 view -0
 2548              		.cfi_startproc
 2549              		@ args = 0, pretend = 0, frame = 0
 2550              		@ frame_needed = 0, uses_anonymous_args = 0
1069:Drivers/STM32G4xx_HAL_Driver/Src/stm32g4xx_hal_tim_ex.c ****   HAL_StatusTypeDef status = HAL_OK;
 2551              		.loc 1 1069 1 is_stmt 0 view .LVU757
 2552 0000 38B5     		push	{r3, r4, r5, lr}
 2553              	.LCFI19:
 2554              		.cfi_def_cfa_offset 16
 2555              		.cfi_offset 3, -16
 2556              		.cfi_offset 4, -12
 2557              		.cfi_offset 5, -8
 2558              		.cfi_offset 14, -4
 2559 0002 0546     		mov	r5, r0
 2560 0004 0C46     		mov	r4, r1
1070:Drivers/STM32G4xx_HAL_Driver/Src/stm32g4xx_hal_tim_ex.c **** 
 2561              		.loc 1 1070 3 is_stmt 1 view .LVU758
 2562              	.LVL163:
1073:Drivers/STM32G4xx_HAL_Driver/Src/stm32g4xx_hal_tim_ex.c **** 
 2563              		.loc 1 1073 3 view .LVU759
1075:Drivers/STM32G4xx_HAL_Driver/Src/stm32g4xx_hal_tim_ex.c ****   {
 2564              		.loc 1 1075 3 view .LVU760
 2565 0006 0C29     		cmp	r1, #12
 2566 0008 66D8     		bhi	.L215
 2567 000a DFE801F0 		tbb	[pc, r1]
 2568              	.L204:
 2569 000e 07       		.byte	(.L207-.L204)/2
ARM GAS  /tmp/ccX78w3T.s 			page 123


 2570 000f 65       		.byte	(.L215-.L204)/2
 2571 0010 65       		.byte	(.L215-.L204)/2
 2572 0011 65       		.byte	(.L215-.L204)/2
 2573 0012 3A       		.byte	(.L206-.L204)/2
 2574 0013 65       		.byte	(.L215-.L204)/2
 2575 0014 65       		.byte	(.L215-.L204)/2
 2576 0015 65       		.byte	(.L215-.L204)/2
 2577 0016 43       		.byte	(.L205-.L204)/2
 2578 0017 65       		.byte	(.L215-.L204)/2
 2579 0018 65       		.byte	(.L215-.L204)/2
 2580 0019 65       		.byte	(.L215-.L204)/2
 2581 001a 4C       		.byte	(.L203-.L204)/2
 2582 001b 00       		.p2align 1
 2583              	.L207:
1080:Drivers/STM32G4xx_HAL_Driver/Src/stm32g4xx_hal_tim_ex.c ****       (void)HAL_DMA_Abort_IT(htim->hdma[TIM_DMA_ID_CC1]);
 2584              		.loc 1 1080 7 view .LVU761
 2585 001c 0268     		ldr	r2, [r0]
 2586 001e D368     		ldr	r3, [r2, #12]
 2587 0020 23F40073 		bic	r3, r3, #512
 2588 0024 D360     		str	r3, [r2, #12]
1081:Drivers/STM32G4xx_HAL_Driver/Src/stm32g4xx_hal_tim_ex.c ****       break;
 2589              		.loc 1 1081 7 view .LVU762
1081:Drivers/STM32G4xx_HAL_Driver/Src/stm32g4xx_hal_tim_ex.c ****       break;
 2590              		.loc 1 1081 13 is_stmt 0 view .LVU763
 2591 0026 406A     		ldr	r0, [r0, #36]
 2592              	.LVL164:
1081:Drivers/STM32G4xx_HAL_Driver/Src/stm32g4xx_hal_tim_ex.c ****       break;
 2593              		.loc 1 1081 13 view .LVU764
 2594 0028 FFF7FEFF 		bl	HAL_DMA_Abort_IT
 2595              	.LVL165:
1082:Drivers/STM32G4xx_HAL_Driver/Src/stm32g4xx_hal_tim_ex.c ****     }
 2596              		.loc 1 1082 7 is_stmt 1 view .LVU765
1114:Drivers/STM32G4xx_HAL_Driver/Src/stm32g4xx_hal_tim_ex.c ****   {
 2597              		.loc 1 1114 3 view .LVU766
 2598              	.L208:
1117:Drivers/STM32G4xx_HAL_Driver/Src/stm32g4xx_hal_tim_ex.c **** 
 2599              		.loc 1 1117 5 view .LVU767
 2600 002c 0022     		movs	r2, #0
 2601 002e 2146     		mov	r1, r4
 2602 0030 2868     		ldr	r0, [r5]
 2603 0032 FFF7FEFF 		bl	TIM_CCxNChannelCmd
 2604              	.LVL166:
1120:Drivers/STM32G4xx_HAL_Driver/Src/stm32g4xx_hal_tim_ex.c **** 
 2605              		.loc 1 1120 5 view .LVU768
1120:Drivers/STM32G4xx_HAL_Driver/Src/stm32g4xx_hal_tim_ex.c **** 
 2606              		.loc 1 1120 5 view .LVU769
 2607 0036 2A68     		ldr	r2, [r5]
 2608 0038 136A     		ldr	r3, [r2, #32]
 2609 003a 03F01133 		and	r3, r3, #286331153
 2610 003e 23F08853 		bic	r3, r3, #285212672
 2611 0042 43B9     		cbnz	r3, .L209
1120:Drivers/STM32G4xx_HAL_Driver/Src/stm32g4xx_hal_tim_ex.c **** 
 2612              		.loc 1 1120 5 discriminator 1 view .LVU770
 2613 0044 116A     		ldr	r1, [r2, #32]
 2614 0046 44F24443 		movw	r3, #17476
 2615 004a 1942     		tst	r1, r3
 2616 004c 03D1     		bne	.L209
ARM GAS  /tmp/ccX78w3T.s 			page 124


1120:Drivers/STM32G4xx_HAL_Driver/Src/stm32g4xx_hal_tim_ex.c **** 
 2617              		.loc 1 1120 5 discriminator 2 view .LVU771
 2618 004e 536C     		ldr	r3, [r2, #68]
 2619 0050 23F40043 		bic	r3, r3, #32768
 2620 0054 5364     		str	r3, [r2, #68]
 2621              	.L209:
1120:Drivers/STM32G4xx_HAL_Driver/Src/stm32g4xx_hal_tim_ex.c **** 
 2622              		.loc 1 1120 5 discriminator 3 view .LVU772
1123:Drivers/STM32G4xx_HAL_Driver/Src/stm32g4xx_hal_tim_ex.c **** 
 2623              		.loc 1 1123 5 view .LVU773
1123:Drivers/STM32G4xx_HAL_Driver/Src/stm32g4xx_hal_tim_ex.c **** 
 2624              		.loc 1 1123 5 view .LVU774
 2625 0056 2A68     		ldr	r2, [r5]
 2626 0058 136A     		ldr	r3, [r2, #32]
 2627 005a 03F01133 		and	r3, r3, #286331153
 2628 005e 23F08853 		bic	r3, r3, #285212672
 2629 0062 43B9     		cbnz	r3, .L210
1123:Drivers/STM32G4xx_HAL_Driver/Src/stm32g4xx_hal_tim_ex.c **** 
 2630              		.loc 1 1123 5 discriminator 1 view .LVU775
 2631 0064 116A     		ldr	r1, [r2, #32]
 2632 0066 44F24443 		movw	r3, #17476
 2633 006a 1942     		tst	r1, r3
 2634 006c 03D1     		bne	.L210
1123:Drivers/STM32G4xx_HAL_Driver/Src/stm32g4xx_hal_tim_ex.c **** 
 2635              		.loc 1 1123 5 discriminator 2 view .LVU776
 2636 006e 1368     		ldr	r3, [r2]
 2637 0070 23F00103 		bic	r3, r3, #1
 2638 0074 1360     		str	r3, [r2]
 2639              	.L210:
1123:Drivers/STM32G4xx_HAL_Driver/Src/stm32g4xx_hal_tim_ex.c **** 
 2640              		.loc 1 1123 5 discriminator 3 view .LVU777
1126:Drivers/STM32G4xx_HAL_Driver/Src/stm32g4xx_hal_tim_ex.c ****   }
 2641              		.loc 1 1126 5 view .LVU778
 2642 0076 FCB9     		cbnz	r4, .L211
1126:Drivers/STM32G4xx_HAL_Driver/Src/stm32g4xx_hal_tim_ex.c ****   }
 2643              		.loc 1 1126 5 is_stmt 0 discriminator 1 view .LVU779
 2644 0078 0123     		movs	r3, #1
 2645 007a 85F84430 		strb	r3, [r5, #68]
 2646              	.L213:
1075:Drivers/STM32G4xx_HAL_Driver/Src/stm32g4xx_hal_tim_ex.c ****   {
 2647              		.loc 1 1075 3 view .LVU780
 2648 007e 0020     		movs	r0, #0
 2649 0080 2BE0     		b	.L202
 2650              	.LVL167:
 2651              	.L206:
1088:Drivers/STM32G4xx_HAL_Driver/Src/stm32g4xx_hal_tim_ex.c ****       (void)HAL_DMA_Abort_IT(htim->hdma[TIM_DMA_ID_CC2]);
 2652              		.loc 1 1088 7 is_stmt 1 view .LVU781
 2653 0082 0268     		ldr	r2, [r0]
 2654 0084 D368     		ldr	r3, [r2, #12]
 2655 0086 23F48063 		bic	r3, r3, #1024
 2656 008a D360     		str	r3, [r2, #12]
1089:Drivers/STM32G4xx_HAL_Driver/Src/stm32g4xx_hal_tim_ex.c ****       break;
 2657              		.loc 1 1089 7 view .LVU782
1089:Drivers/STM32G4xx_HAL_Driver/Src/stm32g4xx_hal_tim_ex.c ****       break;
 2658              		.loc 1 1089 13 is_stmt 0 view .LVU783
 2659 008c 806A     		ldr	r0, [r0, #40]
 2660              	.LVL168:
ARM GAS  /tmp/ccX78w3T.s 			page 125


1089:Drivers/STM32G4xx_HAL_Driver/Src/stm32g4xx_hal_tim_ex.c ****       break;
 2661              		.loc 1 1089 13 view .LVU784
 2662 008e FFF7FEFF 		bl	HAL_DMA_Abort_IT
 2663              	.LVL169:
1090:Drivers/STM32G4xx_HAL_Driver/Src/stm32g4xx_hal_tim_ex.c ****     }
 2664              		.loc 1 1090 7 is_stmt 1 view .LVU785
1114:Drivers/STM32G4xx_HAL_Driver/Src/stm32g4xx_hal_tim_ex.c ****   {
 2665              		.loc 1 1114 3 view .LVU786
 2666 0092 CBE7     		b	.L208
 2667              	.LVL170:
 2668              	.L205:
1096:Drivers/STM32G4xx_HAL_Driver/Src/stm32g4xx_hal_tim_ex.c ****       (void)HAL_DMA_Abort_IT(htim->hdma[TIM_DMA_ID_CC3]);
 2669              		.loc 1 1096 7 view .LVU787
 2670 0094 0268     		ldr	r2, [r0]
 2671 0096 D368     		ldr	r3, [r2, #12]
 2672 0098 23F40063 		bic	r3, r3, #2048
 2673 009c D360     		str	r3, [r2, #12]
1097:Drivers/STM32G4xx_HAL_Driver/Src/stm32g4xx_hal_tim_ex.c ****       break;
 2674              		.loc 1 1097 7 view .LVU788
1097:Drivers/STM32G4xx_HAL_Driver/Src/stm32g4xx_hal_tim_ex.c ****       break;
 2675              		.loc 1 1097 13 is_stmt 0 view .LVU789
 2676 009e C06A     		ldr	r0, [r0, #44]
 2677              	.LVL171:
1097:Drivers/STM32G4xx_HAL_Driver/Src/stm32g4xx_hal_tim_ex.c ****       break;
 2678              		.loc 1 1097 13 view .LVU790
 2679 00a0 FFF7FEFF 		bl	HAL_DMA_Abort_IT
 2680              	.LVL172:
1098:Drivers/STM32G4xx_HAL_Driver/Src/stm32g4xx_hal_tim_ex.c ****     }
 2681              		.loc 1 1098 7 is_stmt 1 view .LVU791
1114:Drivers/STM32G4xx_HAL_Driver/Src/stm32g4xx_hal_tim_ex.c ****   {
 2682              		.loc 1 1114 3 view .LVU792
 2683 00a4 C2E7     		b	.L208
 2684              	.LVL173:
 2685              	.L203:
1104:Drivers/STM32G4xx_HAL_Driver/Src/stm32g4xx_hal_tim_ex.c ****       (void)HAL_DMA_Abort_IT(htim->hdma[TIM_DMA_ID_CC4]);
 2686              		.loc 1 1104 7 view .LVU793
 2687 00a6 0268     		ldr	r2, [r0]
 2688 00a8 D368     		ldr	r3, [r2, #12]
 2689 00aa 23F48053 		bic	r3, r3, #4096
 2690 00ae D360     		str	r3, [r2, #12]
1105:Drivers/STM32G4xx_HAL_Driver/Src/stm32g4xx_hal_tim_ex.c ****       break;
 2691              		.loc 1 1105 7 view .LVU794
1105:Drivers/STM32G4xx_HAL_Driver/Src/stm32g4xx_hal_tim_ex.c ****       break;
 2692              		.loc 1 1105 13 is_stmt 0 view .LVU795
 2693 00b0 006B     		ldr	r0, [r0, #48]
 2694              	.LVL174:
1105:Drivers/STM32G4xx_HAL_Driver/Src/stm32g4xx_hal_tim_ex.c ****       break;
 2695              		.loc 1 1105 13 view .LVU796
 2696 00b2 FFF7FEFF 		bl	HAL_DMA_Abort_IT
 2697              	.LVL175:
1106:Drivers/STM32G4xx_HAL_Driver/Src/stm32g4xx_hal_tim_ex.c ****     }
 2698              		.loc 1 1106 7 is_stmt 1 view .LVU797
1114:Drivers/STM32G4xx_HAL_Driver/Src/stm32g4xx_hal_tim_ex.c ****   {
 2699              		.loc 1 1114 3 view .LVU798
 2700 00b6 B9E7     		b	.L208
 2701              	.L211:
1126:Drivers/STM32G4xx_HAL_Driver/Src/stm32g4xx_hal_tim_ex.c ****   }
ARM GAS  /tmp/ccX78w3T.s 			page 126


 2702              		.loc 1 1126 5 is_stmt 0 discriminator 2 view .LVU799
 2703 00b8 042C     		cmp	r4, #4
 2704 00ba 05D0     		beq	.L217
1126:Drivers/STM32G4xx_HAL_Driver/Src/stm32g4xx_hal_tim_ex.c ****   }
 2705              		.loc 1 1126 5 discriminator 4 view .LVU800
 2706 00bc 082C     		cmp	r4, #8
 2707 00be 07D0     		beq	.L218
1126:Drivers/STM32G4xx_HAL_Driver/Src/stm32g4xx_hal_tim_ex.c ****   }
 2708              		.loc 1 1126 5 discriminator 6 view .LVU801
 2709 00c0 0123     		movs	r3, #1
 2710 00c2 85F84730 		strb	r3, [r5, #71]
 2711 00c6 DAE7     		b	.L213
 2712              	.L217:
1126:Drivers/STM32G4xx_HAL_Driver/Src/stm32g4xx_hal_tim_ex.c ****   }
 2713              		.loc 1 1126 5 discriminator 3 view .LVU802
 2714 00c8 0123     		movs	r3, #1
 2715 00ca 85F84530 		strb	r3, [r5, #69]
 2716 00ce D6E7     		b	.L213
 2717              	.L218:
1126:Drivers/STM32G4xx_HAL_Driver/Src/stm32g4xx_hal_tim_ex.c ****   }
 2718              		.loc 1 1126 5 discriminator 5 view .LVU803
 2719 00d0 0123     		movs	r3, #1
 2720 00d2 85F84630 		strb	r3, [r5, #70]
 2721 00d6 D2E7     		b	.L213
 2722              	.LVL176:
 2723              	.L215:
1075:Drivers/STM32G4xx_HAL_Driver/Src/stm32g4xx_hal_tim_ex.c ****   {
 2724              		.loc 1 1075 3 view .LVU804
 2725 00d8 0120     		movs	r0, #1
 2726              	.LVL177:
 2727              	.L202:
1130:Drivers/STM32G4xx_HAL_Driver/Src/stm32g4xx_hal_tim_ex.c **** }
 2728              		.loc 1 1130 3 is_stmt 1 view .LVU805
1131:Drivers/STM32G4xx_HAL_Driver/Src/stm32g4xx_hal_tim_ex.c **** 
 2729              		.loc 1 1131 1 is_stmt 0 view .LVU806
 2730 00da 38BD     		pop	{r3, r4, r5, pc}
1131:Drivers/STM32G4xx_HAL_Driver/Src/stm32g4xx_hal_tim_ex.c **** 
 2731              		.loc 1 1131 1 view .LVU807
 2732              		.cfi_endproc
 2733              	.LFE344:
 2735              		.section	.text.HAL_TIMEx_PWMN_Start,"ax",%progbits
 2736              		.align	1
 2737              		.global	HAL_TIMEx_PWMN_Start
 2738              		.syntax unified
 2739              		.thumb
 2740              		.thumb_func
 2742              	HAL_TIMEx_PWMN_Start:
 2743              	.LVL178:
 2744              	.LFB345:
1168:Drivers/STM32G4xx_HAL_Driver/Src/stm32g4xx_hal_tim_ex.c ****   uint32_t tmpsmcr;
 2745              		.loc 1 1168 1 is_stmt 1 view -0
 2746              		.cfi_startproc
 2747              		@ args = 0, pretend = 0, frame = 0
 2748              		@ frame_needed = 0, uses_anonymous_args = 0
1168:Drivers/STM32G4xx_HAL_Driver/Src/stm32g4xx_hal_tim_ex.c ****   uint32_t tmpsmcr;
 2749              		.loc 1 1168 1 is_stmt 0 view .LVU809
 2750 0000 10B5     		push	{r4, lr}
ARM GAS  /tmp/ccX78w3T.s 			page 127


 2751              	.LCFI20:
 2752              		.cfi_def_cfa_offset 8
 2753              		.cfi_offset 4, -8
 2754              		.cfi_offset 14, -4
 2755 0002 0446     		mov	r4, r0
1169:Drivers/STM32G4xx_HAL_Driver/Src/stm32g4xx_hal_tim_ex.c **** 
 2756              		.loc 1 1169 3 is_stmt 1 view .LVU810
1172:Drivers/STM32G4xx_HAL_Driver/Src/stm32g4xx_hal_tim_ex.c **** 
 2757              		.loc 1 1172 3 view .LVU811
1175:Drivers/STM32G4xx_HAL_Driver/Src/stm32g4xx_hal_tim_ex.c ****   {
 2758              		.loc 1 1175 3 view .LVU812
1175:Drivers/STM32G4xx_HAL_Driver/Src/stm32g4xx_hal_tim_ex.c ****   {
 2759              		.loc 1 1175 46 is_stmt 0 view .LVU813
 2760 0004 0846     		mov	r0, r1
 2761              	.LVL179:
1175:Drivers/STM32G4xx_HAL_Driver/Src/stm32g4xx_hal_tim_ex.c ****   {
 2762              		.loc 1 1175 46 view .LVU814
 2763 0006 0029     		cmp	r1, #0
 2764 0008 31D1     		bne	.L220
1175:Drivers/STM32G4xx_HAL_Driver/Src/stm32g4xx_hal_tim_ex.c ****   {
 2765              		.loc 1 1175 7 discriminator 1 view .LVU815
 2766 000a 94F84430 		ldrb	r3, [r4, #68]	@ zero_extendqisi2
1175:Drivers/STM32G4xx_HAL_Driver/Src/stm32g4xx_hal_tim_ex.c ****   {
 2767              		.loc 1 1175 46 discriminator 1 view .LVU816
 2768 000e 013B     		subs	r3, r3, #1
 2769 0010 18BF     		it	ne
 2770 0012 0123     		movne	r3, #1
 2771              	.L221:
1175:Drivers/STM32G4xx_HAL_Driver/Src/stm32g4xx_hal_tim_ex.c ****   {
 2772              		.loc 1 1175 6 discriminator 7 view .LVU817
 2773 0014 002B     		cmp	r3, #0
 2774 0016 5ED1     		bne	.L232
1181:Drivers/STM32G4xx_HAL_Driver/Src/stm32g4xx_hal_tim_ex.c **** 
 2775              		.loc 1 1181 3 is_stmt 1 view .LVU818
 2776 0018 0028     		cmp	r0, #0
 2777 001a 3ED1     		bne	.L225
1181:Drivers/STM32G4xx_HAL_Driver/Src/stm32g4xx_hal_tim_ex.c **** 
 2778              		.loc 1 1181 3 is_stmt 0 discriminator 1 view .LVU819
 2779 001c 0223     		movs	r3, #2
 2780 001e 84F84430 		strb	r3, [r4, #68]
 2781              	.L226:
1184:Drivers/STM32G4xx_HAL_Driver/Src/stm32g4xx_hal_tim_ex.c **** 
 2782              		.loc 1 1184 3 is_stmt 1 view .LVU820
 2783 0022 0422     		movs	r2, #4
 2784 0024 0146     		mov	r1, r0
 2785              	.LVL180:
1184:Drivers/STM32G4xx_HAL_Driver/Src/stm32g4xx_hal_tim_ex.c **** 
 2786              		.loc 1 1184 3 is_stmt 0 view .LVU821
 2787 0026 2068     		ldr	r0, [r4]
 2788              	.LVL181:
1184:Drivers/STM32G4xx_HAL_Driver/Src/stm32g4xx_hal_tim_ex.c **** 
 2789              		.loc 1 1184 3 view .LVU822
 2790 0028 FFF7FEFF 		bl	TIM_CCxNChannelCmd
 2791              	.LVL182:
1187:Drivers/STM32G4xx_HAL_Driver/Src/stm32g4xx_hal_tim_ex.c **** 
 2792              		.loc 1 1187 3 is_stmt 1 view .LVU823
 2793 002c 2268     		ldr	r2, [r4]
ARM GAS  /tmp/ccX78w3T.s 			page 128


 2794 002e 536C     		ldr	r3, [r2, #68]
 2795 0030 43F40043 		orr	r3, r3, #32768
 2796 0034 5364     		str	r3, [r2, #68]
1190:Drivers/STM32G4xx_HAL_Driver/Src/stm32g4xx_hal_tim_ex.c ****   {
 2797              		.loc 1 1190 3 view .LVU824
1190:Drivers/STM32G4xx_HAL_Driver/Src/stm32g4xx_hal_tim_ex.c ****   {
 2798              		.loc 1 1190 7 is_stmt 0 view .LVU825
 2799 0036 2368     		ldr	r3, [r4]
1190:Drivers/STM32G4xx_HAL_Driver/Src/stm32g4xx_hal_tim_ex.c ****   {
 2800              		.loc 1 1190 6 view .LVU826
 2801 0038 284A     		ldr	r2, .L238
 2802 003a 9342     		cmp	r3, r2
 2803 003c 3DD0     		beq	.L229
1190:Drivers/STM32G4xx_HAL_Driver/Src/stm32g4xx_hal_tim_ex.c ****   {
 2804              		.loc 1 1190 7 discriminator 1 view .LVU827
 2805 003e B3F1804F 		cmp	r3, #1073741824
 2806 0042 3AD0     		beq	.L229
1190:Drivers/STM32G4xx_HAL_Driver/Src/stm32g4xx_hal_tim_ex.c ****   {
 2807              		.loc 1 1190 7 discriminator 2 view .LVU828
 2808 0044 A2F59432 		sub	r2, r2, #75776
 2809 0048 9342     		cmp	r3, r2
 2810 004a 36D0     		beq	.L229
1190:Drivers/STM32G4xx_HAL_Driver/Src/stm32g4xx_hal_tim_ex.c ****   {
 2811              		.loc 1 1190 7 discriminator 3 view .LVU829
 2812 004c 02F58062 		add	r2, r2, #1024
 2813 0050 9342     		cmp	r3, r2
 2814 0052 32D0     		beq	.L229
1190:Drivers/STM32G4xx_HAL_Driver/Src/stm32g4xx_hal_tim_ex.c ****   {
 2815              		.loc 1 1190 7 discriminator 4 view .LVU830
 2816 0054 02F59632 		add	r2, r2, #76800
 2817 0058 9342     		cmp	r3, r2
 2818 005a 2ED0     		beq	.L229
1190:Drivers/STM32G4xx_HAL_Driver/Src/stm32g4xx_hal_tim_ex.c ****   {
 2819              		.loc 1 1190 7 discriminator 5 view .LVU831
 2820 005c 02F54062 		add	r2, r2, #3072
 2821 0060 9342     		cmp	r3, r2
 2822 0062 2AD0     		beq	.L229
1200:Drivers/STM32G4xx_HAL_Driver/Src/stm32g4xx_hal_tim_ex.c ****   }
 2823              		.loc 1 1200 5 is_stmt 1 view .LVU832
 2824 0064 1A68     		ldr	r2, [r3]
 2825 0066 42F00102 		orr	r2, r2, #1
 2826 006a 1A60     		str	r2, [r3]
 2827 006c 31E0     		b	.L231
 2828              	.LVL183:
 2829              	.L220:
1175:Drivers/STM32G4xx_HAL_Driver/Src/stm32g4xx_hal_tim_ex.c ****   {
 2830              		.loc 1 1175 46 is_stmt 0 discriminator 2 view .LVU833
 2831 006e 0429     		cmp	r1, #4
 2832 0070 07D0     		beq	.L234
1175:Drivers/STM32G4xx_HAL_Driver/Src/stm32g4xx_hal_tim_ex.c ****   {
 2833              		.loc 1 1175 46 discriminator 4 view .LVU834
 2834 0072 0829     		cmp	r1, #8
 2835 0074 0BD0     		beq	.L235
1175:Drivers/STM32G4xx_HAL_Driver/Src/stm32g4xx_hal_tim_ex.c ****   {
 2836              		.loc 1 1175 7 discriminator 6 view .LVU835
 2837 0076 94F84730 		ldrb	r3, [r4, #71]	@ zero_extendqisi2
1175:Drivers/STM32G4xx_HAL_Driver/Src/stm32g4xx_hal_tim_ex.c ****   {
ARM GAS  /tmp/ccX78w3T.s 			page 129


 2838              		.loc 1 1175 46 discriminator 6 view .LVU836
 2839 007a 013B     		subs	r3, r3, #1
 2840 007c 18BF     		it	ne
 2841 007e 0123     		movne	r3, #1
 2842 0080 C8E7     		b	.L221
 2843              	.L234:
1175:Drivers/STM32G4xx_HAL_Driver/Src/stm32g4xx_hal_tim_ex.c ****   {
 2844              		.loc 1 1175 7 discriminator 3 view .LVU837
 2845 0082 94F84530 		ldrb	r3, [r4, #69]	@ zero_extendqisi2
1175:Drivers/STM32G4xx_HAL_Driver/Src/stm32g4xx_hal_tim_ex.c ****   {
 2846              		.loc 1 1175 46 discriminator 3 view .LVU838
 2847 0086 013B     		subs	r3, r3, #1
 2848 0088 18BF     		it	ne
 2849 008a 0123     		movne	r3, #1
 2850 008c C2E7     		b	.L221
 2851              	.L235:
1175:Drivers/STM32G4xx_HAL_Driver/Src/stm32g4xx_hal_tim_ex.c ****   {
 2852              		.loc 1 1175 7 discriminator 5 view .LVU839
 2853 008e 94F84630 		ldrb	r3, [r4, #70]	@ zero_extendqisi2
1175:Drivers/STM32G4xx_HAL_Driver/Src/stm32g4xx_hal_tim_ex.c ****   {
 2854              		.loc 1 1175 46 discriminator 5 view .LVU840
 2855 0092 013B     		subs	r3, r3, #1
 2856 0094 18BF     		it	ne
 2857 0096 0123     		movne	r3, #1
 2858 0098 BCE7     		b	.L221
 2859              	.L225:
1181:Drivers/STM32G4xx_HAL_Driver/Src/stm32g4xx_hal_tim_ex.c **** 
 2860              		.loc 1 1181 3 discriminator 2 view .LVU841
 2861 009a 0428     		cmp	r0, #4
 2862 009c 05D0     		beq	.L236
1181:Drivers/STM32G4xx_HAL_Driver/Src/stm32g4xx_hal_tim_ex.c **** 
 2863              		.loc 1 1181 3 discriminator 4 view .LVU842
 2864 009e 0828     		cmp	r0, #8
 2865 00a0 07D0     		beq	.L237
1181:Drivers/STM32G4xx_HAL_Driver/Src/stm32g4xx_hal_tim_ex.c **** 
 2866              		.loc 1 1181 3 discriminator 6 view .LVU843
 2867 00a2 0223     		movs	r3, #2
 2868 00a4 84F84730 		strb	r3, [r4, #71]
 2869 00a8 BBE7     		b	.L226
 2870              	.L236:
1181:Drivers/STM32G4xx_HAL_Driver/Src/stm32g4xx_hal_tim_ex.c **** 
 2871              		.loc 1 1181 3 discriminator 3 view .LVU844
 2872 00aa 0223     		movs	r3, #2
 2873 00ac 84F84530 		strb	r3, [r4, #69]
 2874 00b0 B7E7     		b	.L226
 2875              	.L237:
1181:Drivers/STM32G4xx_HAL_Driver/Src/stm32g4xx_hal_tim_ex.c **** 
 2876              		.loc 1 1181 3 discriminator 5 view .LVU845
 2877 00b2 0223     		movs	r3, #2
 2878 00b4 84F84630 		strb	r3, [r4, #70]
 2879 00b8 B3E7     		b	.L226
 2880              	.LVL184:
 2881              	.L229:
1192:Drivers/STM32G4xx_HAL_Driver/Src/stm32g4xx_hal_tim_ex.c ****     if (!IS_TIM_SLAVEMODE_TRIGGER_ENABLED(tmpsmcr))
 2882              		.loc 1 1192 5 is_stmt 1 view .LVU846
1192:Drivers/STM32G4xx_HAL_Driver/Src/stm32g4xx_hal_tim_ex.c ****     if (!IS_TIM_SLAVEMODE_TRIGGER_ENABLED(tmpsmcr))
 2883              		.loc 1 1192 29 is_stmt 0 view .LVU847
ARM GAS  /tmp/ccX78w3T.s 			page 130


 2884 00ba 9968     		ldr	r1, [r3, #8]
1192:Drivers/STM32G4xx_HAL_Driver/Src/stm32g4xx_hal_tim_ex.c ****     if (!IS_TIM_SLAVEMODE_TRIGGER_ENABLED(tmpsmcr))
 2885              		.loc 1 1192 13 view .LVU848
 2886 00bc 084A     		ldr	r2, .L238+4
 2887 00be 0A40     		ands	r2, r2, r1
 2888              	.LVL185:
1193:Drivers/STM32G4xx_HAL_Driver/Src/stm32g4xx_hal_tim_ex.c ****     {
 2889              		.loc 1 1193 5 is_stmt 1 view .LVU849
1193:Drivers/STM32G4xx_HAL_Driver/Src/stm32g4xx_hal_tim_ex.c ****     {
 2890              		.loc 1 1193 8 is_stmt 0 view .LVU850
 2891 00c0 062A     		cmp	r2, #6
 2892 00c2 06D0     		beq	.L231
1193:Drivers/STM32G4xx_HAL_Driver/Src/stm32g4xx_hal_tim_ex.c ****     {
 2893              		.loc 1 1193 9 discriminator 1 view .LVU851
 2894 00c4 B2F5803F 		cmp	r2, #65536
 2895 00c8 03D0     		beq	.L231
1195:Drivers/STM32G4xx_HAL_Driver/Src/stm32g4xx_hal_tim_ex.c ****     }
 2896              		.loc 1 1195 7 is_stmt 1 view .LVU852
 2897 00ca 1A68     		ldr	r2, [r3]
 2898              	.LVL186:
1195:Drivers/STM32G4xx_HAL_Driver/Src/stm32g4xx_hal_tim_ex.c ****     }
 2899              		.loc 1 1195 7 is_stmt 0 view .LVU853
 2900 00cc 42F00102 		orr	r2, r2, #1
 2901 00d0 1A60     		str	r2, [r3]
 2902              	.LVL187:
 2903              	.L231:
1204:Drivers/STM32G4xx_HAL_Driver/Src/stm32g4xx_hal_tim_ex.c **** }
 2904              		.loc 1 1204 10 view .LVU854
 2905 00d2 0020     		movs	r0, #0
 2906              	.L224:
1205:Drivers/STM32G4xx_HAL_Driver/Src/stm32g4xx_hal_tim_ex.c **** 
 2907              		.loc 1 1205 1 view .LVU855
 2908 00d4 10BD     		pop	{r4, pc}
 2909              	.LVL188:
 2910              	.L232:
1177:Drivers/STM32G4xx_HAL_Driver/Src/stm32g4xx_hal_tim_ex.c ****   }
 2911              		.loc 1 1177 12 view .LVU856
 2912 00d6 0120     		movs	r0, #1
 2913              	.LVL189:
1177:Drivers/STM32G4xx_HAL_Driver/Src/stm32g4xx_hal_tim_ex.c ****   }
 2914              		.loc 1 1177 12 view .LVU857
 2915 00d8 FCE7     		b	.L224
 2916              	.L239:
 2917 00da 00BF     		.align	2
 2918              	.L238:
 2919 00dc 002C0140 		.word	1073818624
 2920 00e0 07000100 		.word	65543
 2921              		.cfi_endproc
 2922              	.LFE345:
 2924              		.section	.text.HAL_TIMEx_PWMN_Stop,"ax",%progbits
 2925              		.align	1
 2926              		.global	HAL_TIMEx_PWMN_Stop
 2927              		.syntax unified
 2928              		.thumb
 2929              		.thumb_func
 2931              	HAL_TIMEx_PWMN_Stop:
 2932              	.LVL190:
ARM GAS  /tmp/ccX78w3T.s 			page 131


 2933              	.LFB346:
1219:Drivers/STM32G4xx_HAL_Driver/Src/stm32g4xx_hal_tim_ex.c ****   /* Check the parameters */
 2934              		.loc 1 1219 1 is_stmt 1 view -0
 2935              		.cfi_startproc
 2936              		@ args = 0, pretend = 0, frame = 0
 2937              		@ frame_needed = 0, uses_anonymous_args = 0
1219:Drivers/STM32G4xx_HAL_Driver/Src/stm32g4xx_hal_tim_ex.c ****   /* Check the parameters */
 2938              		.loc 1 1219 1 is_stmt 0 view .LVU859
 2939 0000 38B5     		push	{r3, r4, r5, lr}
 2940              	.LCFI21:
 2941              		.cfi_def_cfa_offset 16
 2942              		.cfi_offset 3, -16
 2943              		.cfi_offset 4, -12
 2944              		.cfi_offset 5, -8
 2945              		.cfi_offset 14, -4
 2946 0002 0446     		mov	r4, r0
 2947 0004 0D46     		mov	r5, r1
1221:Drivers/STM32G4xx_HAL_Driver/Src/stm32g4xx_hal_tim_ex.c **** 
 2948              		.loc 1 1221 3 is_stmt 1 view .LVU860
1224:Drivers/STM32G4xx_HAL_Driver/Src/stm32g4xx_hal_tim_ex.c **** 
 2949              		.loc 1 1224 3 view .LVU861
 2950 0006 0022     		movs	r2, #0
 2951 0008 0068     		ldr	r0, [r0]
 2952              	.LVL191:
1224:Drivers/STM32G4xx_HAL_Driver/Src/stm32g4xx_hal_tim_ex.c **** 
 2953              		.loc 1 1224 3 is_stmt 0 view .LVU862
 2954 000a FFF7FEFF 		bl	TIM_CCxNChannelCmd
 2955              	.LVL192:
1227:Drivers/STM32G4xx_HAL_Driver/Src/stm32g4xx_hal_tim_ex.c **** 
 2956              		.loc 1 1227 3 is_stmt 1 view .LVU863
1227:Drivers/STM32G4xx_HAL_Driver/Src/stm32g4xx_hal_tim_ex.c **** 
 2957              		.loc 1 1227 3 view .LVU864
 2958 000e 2268     		ldr	r2, [r4]
 2959 0010 136A     		ldr	r3, [r2, #32]
 2960 0012 03F01133 		and	r3, r3, #286331153
 2961 0016 23F08853 		bic	r3, r3, #285212672
 2962 001a 43B9     		cbnz	r3, .L241
1227:Drivers/STM32G4xx_HAL_Driver/Src/stm32g4xx_hal_tim_ex.c **** 
 2963              		.loc 1 1227 3 discriminator 1 view .LVU865
 2964 001c 116A     		ldr	r1, [r2, #32]
 2965 001e 44F24443 		movw	r3, #17476
 2966 0022 1942     		tst	r1, r3
 2967 0024 03D1     		bne	.L241
1227:Drivers/STM32G4xx_HAL_Driver/Src/stm32g4xx_hal_tim_ex.c **** 
 2968              		.loc 1 1227 3 discriminator 2 view .LVU866
 2969 0026 536C     		ldr	r3, [r2, #68]
 2970 0028 23F40043 		bic	r3, r3, #32768
 2971 002c 5364     		str	r3, [r2, #68]
 2972              	.L241:
1227:Drivers/STM32G4xx_HAL_Driver/Src/stm32g4xx_hal_tim_ex.c **** 
 2973              		.loc 1 1227 3 discriminator 3 view .LVU867
1230:Drivers/STM32G4xx_HAL_Driver/Src/stm32g4xx_hal_tim_ex.c **** 
 2974              		.loc 1 1230 3 view .LVU868
1230:Drivers/STM32G4xx_HAL_Driver/Src/stm32g4xx_hal_tim_ex.c **** 
 2975              		.loc 1 1230 3 view .LVU869
 2976 002e 2268     		ldr	r2, [r4]
 2977 0030 136A     		ldr	r3, [r2, #32]
ARM GAS  /tmp/ccX78w3T.s 			page 132


 2978 0032 03F01133 		and	r3, r3, #286331153
 2979 0036 23F08853 		bic	r3, r3, #285212672
 2980 003a 43B9     		cbnz	r3, .L242
1230:Drivers/STM32G4xx_HAL_Driver/Src/stm32g4xx_hal_tim_ex.c **** 
 2981              		.loc 1 1230 3 discriminator 1 view .LVU870
 2982 003c 116A     		ldr	r1, [r2, #32]
 2983 003e 44F24443 		movw	r3, #17476
 2984 0042 1942     		tst	r1, r3
 2985 0044 03D1     		bne	.L242
1230:Drivers/STM32G4xx_HAL_Driver/Src/stm32g4xx_hal_tim_ex.c **** 
 2986              		.loc 1 1230 3 discriminator 2 view .LVU871
 2987 0046 1368     		ldr	r3, [r2]
 2988 0048 23F00103 		bic	r3, r3, #1
 2989 004c 1360     		str	r3, [r2]
 2990              	.L242:
1230:Drivers/STM32G4xx_HAL_Driver/Src/stm32g4xx_hal_tim_ex.c **** 
 2991              		.loc 1 1230 3 discriminator 3 view .LVU872
1233:Drivers/STM32G4xx_HAL_Driver/Src/stm32g4xx_hal_tim_ex.c **** 
 2992              		.loc 1 1233 3 view .LVU873
 2993 004e 25B9     		cbnz	r5, .L243
1233:Drivers/STM32G4xx_HAL_Driver/Src/stm32g4xx_hal_tim_ex.c **** 
 2994              		.loc 1 1233 3 is_stmt 0 discriminator 1 view .LVU874
 2995 0050 0123     		movs	r3, #1
 2996 0052 84F84430 		strb	r3, [r4, #68]
 2997              	.L244:
1236:Drivers/STM32G4xx_HAL_Driver/Src/stm32g4xx_hal_tim_ex.c **** }
 2998              		.loc 1 1236 3 is_stmt 1 view .LVU875
1237:Drivers/STM32G4xx_HAL_Driver/Src/stm32g4xx_hal_tim_ex.c **** 
 2999              		.loc 1 1237 1 is_stmt 0 view .LVU876
 3000 0056 0020     		movs	r0, #0
 3001 0058 38BD     		pop	{r3, r4, r5, pc}
 3002              	.LVL193:
 3003              	.L243:
1233:Drivers/STM32G4xx_HAL_Driver/Src/stm32g4xx_hal_tim_ex.c **** 
 3004              		.loc 1 1233 3 discriminator 2 view .LVU877
 3005 005a 042D     		cmp	r5, #4
 3006 005c 05D0     		beq	.L248
1233:Drivers/STM32G4xx_HAL_Driver/Src/stm32g4xx_hal_tim_ex.c **** 
 3007              		.loc 1 1233 3 discriminator 4 view .LVU878
 3008 005e 082D     		cmp	r5, #8
 3009 0060 07D0     		beq	.L249
1233:Drivers/STM32G4xx_HAL_Driver/Src/stm32g4xx_hal_tim_ex.c **** 
 3010              		.loc 1 1233 3 discriminator 6 view .LVU879
 3011 0062 0123     		movs	r3, #1
 3012 0064 84F84730 		strb	r3, [r4, #71]
 3013 0068 F5E7     		b	.L244
 3014              	.L248:
1233:Drivers/STM32G4xx_HAL_Driver/Src/stm32g4xx_hal_tim_ex.c **** 
 3015              		.loc 1 1233 3 discriminator 3 view .LVU880
 3016 006a 0123     		movs	r3, #1
 3017 006c 84F84530 		strb	r3, [r4, #69]
 3018 0070 F1E7     		b	.L244
 3019              	.L249:
1233:Drivers/STM32G4xx_HAL_Driver/Src/stm32g4xx_hal_tim_ex.c **** 
 3020              		.loc 1 1233 3 discriminator 5 view .LVU881
 3021 0072 0123     		movs	r3, #1
 3022 0074 84F84630 		strb	r3, [r4, #70]
ARM GAS  /tmp/ccX78w3T.s 			page 133


 3023 0078 EDE7     		b	.L244
 3024              		.cfi_endproc
 3025              	.LFE346:
 3027              		.section	.text.HAL_TIMEx_PWMN_Start_IT,"ax",%progbits
 3028              		.align	1
 3029              		.global	HAL_TIMEx_PWMN_Start_IT
 3030              		.syntax unified
 3031              		.thumb
 3032              		.thumb_func
 3034              	HAL_TIMEx_PWMN_Start_IT:
 3035              	.LVL194:
 3036              	.LFB347:
1252:Drivers/STM32G4xx_HAL_Driver/Src/stm32g4xx_hal_tim_ex.c ****   HAL_StatusTypeDef status = HAL_OK;
 3037              		.loc 1 1252 1 is_stmt 1 view -0
 3038              		.cfi_startproc
 3039              		@ args = 0, pretend = 0, frame = 0
 3040              		@ frame_needed = 0, uses_anonymous_args = 0
1252:Drivers/STM32G4xx_HAL_Driver/Src/stm32g4xx_hal_tim_ex.c ****   HAL_StatusTypeDef status = HAL_OK;
 3041              		.loc 1 1252 1 is_stmt 0 view .LVU883
 3042 0000 10B5     		push	{r4, lr}
 3043              	.LCFI22:
 3044              		.cfi_def_cfa_offset 8
 3045              		.cfi_offset 4, -8
 3046              		.cfi_offset 14, -4
 3047 0002 0446     		mov	r4, r0
1253:Drivers/STM32G4xx_HAL_Driver/Src/stm32g4xx_hal_tim_ex.c ****   uint32_t tmpsmcr;
 3048              		.loc 1 1253 3 is_stmt 1 view .LVU884
 3049              	.LVL195:
1254:Drivers/STM32G4xx_HAL_Driver/Src/stm32g4xx_hal_tim_ex.c **** 
 3050              		.loc 1 1254 3 view .LVU885
1257:Drivers/STM32G4xx_HAL_Driver/Src/stm32g4xx_hal_tim_ex.c **** 
 3051              		.loc 1 1257 3 view .LVU886
1260:Drivers/STM32G4xx_HAL_Driver/Src/stm32g4xx_hal_tim_ex.c ****   {
 3052              		.loc 1 1260 3 view .LVU887
1260:Drivers/STM32G4xx_HAL_Driver/Src/stm32g4xx_hal_tim_ex.c ****   {
 3053              		.loc 1 1260 46 is_stmt 0 view .LVU888
 3054 0004 0846     		mov	r0, r1
 3055              	.LVL196:
1260:Drivers/STM32G4xx_HAL_Driver/Src/stm32g4xx_hal_tim_ex.c ****   {
 3056              		.loc 1 1260 46 view .LVU889
 3057 0006 0029     		cmp	r1, #0
 3058 0008 3CD1     		bne	.L251
1260:Drivers/STM32G4xx_HAL_Driver/Src/stm32g4xx_hal_tim_ex.c ****   {
 3059              		.loc 1 1260 7 discriminator 1 view .LVU890
 3060 000a 94F84430 		ldrb	r3, [r4, #68]	@ zero_extendqisi2
1260:Drivers/STM32G4xx_HAL_Driver/Src/stm32g4xx_hal_tim_ex.c ****   {
 3061              		.loc 1 1260 46 discriminator 1 view .LVU891
 3062 000e 013B     		subs	r3, r3, #1
 3063 0010 18BF     		it	ne
 3064 0012 0123     		movne	r3, #1
 3065              	.L252:
1260:Drivers/STM32G4xx_HAL_Driver/Src/stm32g4xx_hal_tim_ex.c ****   {
 3066              		.loc 1 1260 6 discriminator 7 view .LVU892
 3067 0014 002B     		cmp	r3, #0
 3068 0016 40F09780 		bne	.L255
1266:Drivers/STM32G4xx_HAL_Driver/Src/stm32g4xx_hal_tim_ex.c **** 
 3069              		.loc 1 1266 3 is_stmt 1 view .LVU893
ARM GAS  /tmp/ccX78w3T.s 			page 134


 3070 001a 0028     		cmp	r0, #0
 3071 001c 48D1     		bne	.L256
1266:Drivers/STM32G4xx_HAL_Driver/Src/stm32g4xx_hal_tim_ex.c **** 
 3072              		.loc 1 1266 3 is_stmt 0 discriminator 1 view .LVU894
 3073 001e 0223     		movs	r3, #2
 3074 0020 84F84430 		strb	r3, [r4, #68]
1268:Drivers/STM32G4xx_HAL_Driver/Src/stm32g4xx_hal_tim_ex.c ****   {
 3075              		.loc 1 1268 3 is_stmt 1 view .LVU895
 3076              	.L257:
1273:Drivers/STM32G4xx_HAL_Driver/Src/stm32g4xx_hal_tim_ex.c ****       break;
 3077              		.loc 1 1273 7 view .LVU896
 3078 0024 2268     		ldr	r2, [r4]
 3079 0026 D368     		ldr	r3, [r2, #12]
 3080 0028 43F00203 		orr	r3, r3, #2
 3081 002c D360     		str	r3, [r2, #12]
1274:Drivers/STM32G4xx_HAL_Driver/Src/stm32g4xx_hal_tim_ex.c ****     }
 3082              		.loc 1 1274 7 view .LVU897
1303:Drivers/STM32G4xx_HAL_Driver/Src/stm32g4xx_hal_tim_ex.c ****   {
 3083              		.loc 1 1303 3 view .LVU898
 3084              	.L264:
1306:Drivers/STM32G4xx_HAL_Driver/Src/stm32g4xx_hal_tim_ex.c **** 
 3085              		.loc 1 1306 5 view .LVU899
 3086 002e 2268     		ldr	r2, [r4]
 3087 0030 D368     		ldr	r3, [r2, #12]
 3088 0032 43F08003 		orr	r3, r3, #128
 3089 0036 D360     		str	r3, [r2, #12]
1309:Drivers/STM32G4xx_HAL_Driver/Src/stm32g4xx_hal_tim_ex.c **** 
 3090              		.loc 1 1309 5 view .LVU900
 3091 0038 0422     		movs	r2, #4
 3092 003a 0146     		mov	r1, r0
 3093              	.LVL197:
1309:Drivers/STM32G4xx_HAL_Driver/Src/stm32g4xx_hal_tim_ex.c **** 
 3094              		.loc 1 1309 5 is_stmt 0 view .LVU901
 3095 003c 2068     		ldr	r0, [r4]
 3096              	.LVL198:
1309:Drivers/STM32G4xx_HAL_Driver/Src/stm32g4xx_hal_tim_ex.c **** 
 3097              		.loc 1 1309 5 view .LVU902
 3098 003e FFF7FEFF 		bl	TIM_CCxNChannelCmd
 3099              	.LVL199:
1312:Drivers/STM32G4xx_HAL_Driver/Src/stm32g4xx_hal_tim_ex.c **** 
 3100              		.loc 1 1312 5 is_stmt 1 view .LVU903
 3101 0042 2268     		ldr	r2, [r4]
 3102 0044 536C     		ldr	r3, [r2, #68]
 3103 0046 43F40043 		orr	r3, r3, #32768
 3104 004a 5364     		str	r3, [r2, #68]
1315:Drivers/STM32G4xx_HAL_Driver/Src/stm32g4xx_hal_tim_ex.c ****     {
 3105              		.loc 1 1315 5 view .LVU904
1315:Drivers/STM32G4xx_HAL_Driver/Src/stm32g4xx_hal_tim_ex.c ****     {
 3106              		.loc 1 1315 9 is_stmt 0 view .LVU905
 3107 004c 2368     		ldr	r3, [r4]
1315:Drivers/STM32G4xx_HAL_Driver/Src/stm32g4xx_hal_tim_ex.c ****     {
 3108              		.loc 1 1315 8 view .LVU906
 3109 004e 3F4A     		ldr	r2, .L279
 3110 0050 9342     		cmp	r3, r2
 3111 0052 6BD0     		beq	.L265
1315:Drivers/STM32G4xx_HAL_Driver/Src/stm32g4xx_hal_tim_ex.c ****     {
 3112              		.loc 1 1315 9 discriminator 1 view .LVU907
ARM GAS  /tmp/ccX78w3T.s 			page 135


 3113 0054 B3F1804F 		cmp	r3, #1073741824
 3114 0058 68D0     		beq	.L265
1315:Drivers/STM32G4xx_HAL_Driver/Src/stm32g4xx_hal_tim_ex.c ****     {
 3115              		.loc 1 1315 9 discriminator 2 view .LVU908
 3116 005a A2F59432 		sub	r2, r2, #75776
 3117 005e 9342     		cmp	r3, r2
 3118 0060 64D0     		beq	.L265
1315:Drivers/STM32G4xx_HAL_Driver/Src/stm32g4xx_hal_tim_ex.c ****     {
 3119              		.loc 1 1315 9 discriminator 3 view .LVU909
 3120 0062 02F58062 		add	r2, r2, #1024
 3121 0066 9342     		cmp	r3, r2
 3122 0068 60D0     		beq	.L265
1315:Drivers/STM32G4xx_HAL_Driver/Src/stm32g4xx_hal_tim_ex.c ****     {
 3123              		.loc 1 1315 9 discriminator 4 view .LVU910
 3124 006a 02F59632 		add	r2, r2, #76800
 3125 006e 9342     		cmp	r3, r2
 3126 0070 5CD0     		beq	.L265
1315:Drivers/STM32G4xx_HAL_Driver/Src/stm32g4xx_hal_tim_ex.c ****     {
 3127              		.loc 1 1315 9 discriminator 5 view .LVU911
 3128 0072 02F54062 		add	r2, r2, #3072
 3129 0076 9342     		cmp	r3, r2
 3130 0078 58D0     		beq	.L265
1325:Drivers/STM32G4xx_HAL_Driver/Src/stm32g4xx_hal_tim_ex.c ****     }
 3131              		.loc 1 1325 7 is_stmt 1 view .LVU912
 3132 007a 1A68     		ldr	r2, [r3]
 3133 007c 42F00102 		orr	r2, r2, #1
 3134 0080 1A60     		str	r2, [r3]
 3135 0082 5FE0     		b	.L267
 3136              	.LVL200:
 3137              	.L251:
1260:Drivers/STM32G4xx_HAL_Driver/Src/stm32g4xx_hal_tim_ex.c ****   {
 3138              		.loc 1 1260 46 is_stmt 0 discriminator 2 view .LVU913
 3139 0084 0429     		cmp	r1, #4
 3140 0086 07D0     		beq	.L275
1260:Drivers/STM32G4xx_HAL_Driver/Src/stm32g4xx_hal_tim_ex.c ****   {
 3141              		.loc 1 1260 46 discriminator 4 view .LVU914
 3142 0088 0829     		cmp	r1, #8
 3143 008a 0BD0     		beq	.L276
1260:Drivers/STM32G4xx_HAL_Driver/Src/stm32g4xx_hal_tim_ex.c ****   {
 3144              		.loc 1 1260 7 discriminator 6 view .LVU915
 3145 008c 94F84730 		ldrb	r3, [r4, #71]	@ zero_extendqisi2
1260:Drivers/STM32G4xx_HAL_Driver/Src/stm32g4xx_hal_tim_ex.c ****   {
 3146              		.loc 1 1260 46 discriminator 6 view .LVU916
 3147 0090 013B     		subs	r3, r3, #1
 3148 0092 18BF     		it	ne
 3149 0094 0123     		movne	r3, #1
 3150 0096 BDE7     		b	.L252
 3151              	.L275:
1260:Drivers/STM32G4xx_HAL_Driver/Src/stm32g4xx_hal_tim_ex.c ****   {
 3152              		.loc 1 1260 7 discriminator 3 view .LVU917
 3153 0098 94F84530 		ldrb	r3, [r4, #69]	@ zero_extendqisi2
1260:Drivers/STM32G4xx_HAL_Driver/Src/stm32g4xx_hal_tim_ex.c ****   {
 3154              		.loc 1 1260 46 discriminator 3 view .LVU918
 3155 009c 013B     		subs	r3, r3, #1
 3156 009e 18BF     		it	ne
 3157 00a0 0123     		movne	r3, #1
 3158 00a2 B7E7     		b	.L252
ARM GAS  /tmp/ccX78w3T.s 			page 136


 3159              	.L276:
1260:Drivers/STM32G4xx_HAL_Driver/Src/stm32g4xx_hal_tim_ex.c ****   {
 3160              		.loc 1 1260 7 discriminator 5 view .LVU919
 3161 00a4 94F84630 		ldrb	r3, [r4, #70]	@ zero_extendqisi2
1260:Drivers/STM32G4xx_HAL_Driver/Src/stm32g4xx_hal_tim_ex.c ****   {
 3162              		.loc 1 1260 46 discriminator 5 view .LVU920
 3163 00a8 013B     		subs	r3, r3, #1
 3164 00aa 18BF     		it	ne
 3165 00ac 0123     		movne	r3, #1
 3166 00ae B1E7     		b	.L252
 3167              	.L256:
1266:Drivers/STM32G4xx_HAL_Driver/Src/stm32g4xx_hal_tim_ex.c **** 
 3168              		.loc 1 1266 3 discriminator 2 view .LVU921
 3169 00b0 0428     		cmp	r0, #4
 3170 00b2 23D0     		beq	.L277
1266:Drivers/STM32G4xx_HAL_Driver/Src/stm32g4xx_hal_tim_ex.c **** 
 3171              		.loc 1 1266 3 discriminator 4 view .LVU922
 3172 00b4 0828     		cmp	r0, #8
 3173 00b6 2AD0     		beq	.L278
1266:Drivers/STM32G4xx_HAL_Driver/Src/stm32g4xx_hal_tim_ex.c **** 
 3174              		.loc 1 1266 3 discriminator 6 view .LVU923
 3175 00b8 0223     		movs	r3, #2
 3176 00ba 84F84730 		strb	r3, [r4, #71]
1268:Drivers/STM32G4xx_HAL_Driver/Src/stm32g4xx_hal_tim_ex.c ****   {
 3177              		.loc 1 1268 3 is_stmt 1 view .LVU924
 3178 00be 0C28     		cmp	r0, #12
 3179 00c0 42D8     		bhi	.L255
 3180 00c2 01A3     		adr	r3, .L263
 3181 00c4 53F820F0 		ldr	pc, [r3, r0, lsl #2]
 3182              		.p2align 2
 3183              	.L263:
 3184 00c8 25000000 		.word	.L257+1
 3185 00cc 49010000 		.word	.L255+1
 3186 00d0 49010000 		.word	.L255+1
 3187 00d4 49010000 		.word	.L255+1
 3188 00d8 03010000 		.word	.L259+1
 3189 00dc 49010000 		.word	.L255+1
 3190 00e0 49010000 		.word	.L255+1
 3191 00e4 49010000 		.word	.L255+1
 3192 00e8 15010000 		.word	.L261+1
 3193 00ec 49010000 		.word	.L255+1
 3194 00f0 49010000 		.word	.L255+1
 3195 00f4 49010000 		.word	.L255+1
 3196 00f8 21010000 		.word	.L262+1
 3197              		.p2align 1
 3198              	.L277:
1266:Drivers/STM32G4xx_HAL_Driver/Src/stm32g4xx_hal_tim_ex.c **** 
 3199              		.loc 1 1266 3 is_stmt 0 discriminator 3 view .LVU925
 3200 00fc 0223     		movs	r3, #2
 3201 00fe 84F84530 		strb	r3, [r4, #69]
1268:Drivers/STM32G4xx_HAL_Driver/Src/stm32g4xx_hal_tim_ex.c ****   {
 3202              		.loc 1 1268 3 is_stmt 1 view .LVU926
 3203              	.L259:
1280:Drivers/STM32G4xx_HAL_Driver/Src/stm32g4xx_hal_tim_ex.c ****       break;
 3204              		.loc 1 1280 7 view .LVU927
 3205 0102 2268     		ldr	r2, [r4]
 3206 0104 D368     		ldr	r3, [r2, #12]
ARM GAS  /tmp/ccX78w3T.s 			page 137


 3207 0106 43F00403 		orr	r3, r3, #4
 3208 010a D360     		str	r3, [r2, #12]
1281:Drivers/STM32G4xx_HAL_Driver/Src/stm32g4xx_hal_tim_ex.c ****     }
 3209              		.loc 1 1281 7 view .LVU928
1303:Drivers/STM32G4xx_HAL_Driver/Src/stm32g4xx_hal_tim_ex.c ****   {
 3210              		.loc 1 1303 3 view .LVU929
 3211 010c 8FE7     		b	.L264
 3212              	.L278:
1266:Drivers/STM32G4xx_HAL_Driver/Src/stm32g4xx_hal_tim_ex.c **** 
 3213              		.loc 1 1266 3 is_stmt 0 discriminator 5 view .LVU930
 3214 010e 0223     		movs	r3, #2
 3215 0110 84F84630 		strb	r3, [r4, #70]
1268:Drivers/STM32G4xx_HAL_Driver/Src/stm32g4xx_hal_tim_ex.c ****   {
 3216              		.loc 1 1268 3 is_stmt 1 view .LVU931
 3217              	.L261:
1287:Drivers/STM32G4xx_HAL_Driver/Src/stm32g4xx_hal_tim_ex.c ****       break;
 3218              		.loc 1 1287 7 view .LVU932
 3219 0114 2268     		ldr	r2, [r4]
 3220 0116 D368     		ldr	r3, [r2, #12]
 3221 0118 43F00803 		orr	r3, r3, #8
 3222 011c D360     		str	r3, [r2, #12]
1288:Drivers/STM32G4xx_HAL_Driver/Src/stm32g4xx_hal_tim_ex.c ****     }
 3223              		.loc 1 1288 7 view .LVU933
1303:Drivers/STM32G4xx_HAL_Driver/Src/stm32g4xx_hal_tim_ex.c ****   {
 3224              		.loc 1 1303 3 view .LVU934
 3225 011e 86E7     		b	.L264
 3226              	.L262:
1294:Drivers/STM32G4xx_HAL_Driver/Src/stm32g4xx_hal_tim_ex.c ****       break;
 3227              		.loc 1 1294 7 view .LVU935
 3228 0120 2268     		ldr	r2, [r4]
 3229 0122 D368     		ldr	r3, [r2, #12]
 3230 0124 43F01003 		orr	r3, r3, #16
 3231 0128 D360     		str	r3, [r2, #12]
1295:Drivers/STM32G4xx_HAL_Driver/Src/stm32g4xx_hal_tim_ex.c ****     }
 3232              		.loc 1 1295 7 view .LVU936
1303:Drivers/STM32G4xx_HAL_Driver/Src/stm32g4xx_hal_tim_ex.c ****   {
 3233              		.loc 1 1303 3 view .LVU937
 3234 012a 80E7     		b	.L264
 3235              	.LVL201:
 3236              	.L265:
1317:Drivers/STM32G4xx_HAL_Driver/Src/stm32g4xx_hal_tim_ex.c ****       if (!IS_TIM_SLAVEMODE_TRIGGER_ENABLED(tmpsmcr))
 3237              		.loc 1 1317 7 view .LVU938
1317:Drivers/STM32G4xx_HAL_Driver/Src/stm32g4xx_hal_tim_ex.c ****       if (!IS_TIM_SLAVEMODE_TRIGGER_ENABLED(tmpsmcr))
 3238              		.loc 1 1317 31 is_stmt 0 view .LVU939
 3239 012c 9968     		ldr	r1, [r3, #8]
1317:Drivers/STM32G4xx_HAL_Driver/Src/stm32g4xx_hal_tim_ex.c ****       if (!IS_TIM_SLAVEMODE_TRIGGER_ENABLED(tmpsmcr))
 3240              		.loc 1 1317 15 view .LVU940
 3241 012e 084A     		ldr	r2, .L279+4
 3242 0130 0A40     		ands	r2, r2, r1
 3243              	.LVL202:
1318:Drivers/STM32G4xx_HAL_Driver/Src/stm32g4xx_hal_tim_ex.c ****       {
 3244              		.loc 1 1318 7 is_stmt 1 view .LVU941
1318:Drivers/STM32G4xx_HAL_Driver/Src/stm32g4xx_hal_tim_ex.c ****       {
 3245              		.loc 1 1318 10 is_stmt 0 view .LVU942
 3246 0132 062A     		cmp	r2, #6
 3247 0134 06D0     		beq	.L267
1318:Drivers/STM32G4xx_HAL_Driver/Src/stm32g4xx_hal_tim_ex.c ****       {
ARM GAS  /tmp/ccX78w3T.s 			page 138


 3248              		.loc 1 1318 11 discriminator 1 view .LVU943
 3249 0136 B2F5803F 		cmp	r2, #65536
 3250 013a 03D0     		beq	.L267
1320:Drivers/STM32G4xx_HAL_Driver/Src/stm32g4xx_hal_tim_ex.c ****       }
 3251              		.loc 1 1320 9 is_stmt 1 view .LVU944
 3252 013c 1A68     		ldr	r2, [r3]
 3253              	.LVL203:
1320:Drivers/STM32G4xx_HAL_Driver/Src/stm32g4xx_hal_tim_ex.c ****       }
 3254              		.loc 1 1320 9 is_stmt 0 view .LVU945
 3255 013e 42F00102 		orr	r2, r2, #1
 3256 0142 1A60     		str	r2, [r3]
 3257              	.LVL204:
 3258              	.L267:
1330:Drivers/STM32G4xx_HAL_Driver/Src/stm32g4xx_hal_tim_ex.c **** }
 3259              		.loc 1 1330 10 view .LVU946
 3260 0144 0020     		movs	r0, #0
 3261              	.L269:
 3262              	.LVL205:
1331:Drivers/STM32G4xx_HAL_Driver/Src/stm32g4xx_hal_tim_ex.c **** 
 3263              		.loc 1 1331 1 view .LVU947
 3264 0146 10BD     		pop	{r4, pc}
 3265              	.LVL206:
 3266              	.L255:
1262:Drivers/STM32G4xx_HAL_Driver/Src/stm32g4xx_hal_tim_ex.c ****   }
 3267              		.loc 1 1262 12 view .LVU948
 3268 0148 0120     		movs	r0, #1
 3269              	.LVL207:
1262:Drivers/STM32G4xx_HAL_Driver/Src/stm32g4xx_hal_tim_ex.c ****   }
 3270              		.loc 1 1262 12 view .LVU949
 3271 014a FCE7     		b	.L269
 3272              	.L280:
 3273              		.align	2
 3274              	.L279:
 3275 014c 002C0140 		.word	1073818624
 3276 0150 07000100 		.word	65543
 3277              		.cfi_endproc
 3278              	.LFE347:
 3280              		.section	.text.HAL_TIMEx_PWMN_Stop_IT,"ax",%progbits
 3281              		.align	1
 3282              		.global	HAL_TIMEx_PWMN_Stop_IT
 3283              		.syntax unified
 3284              		.thumb
 3285              		.thumb_func
 3287              	HAL_TIMEx_PWMN_Stop_IT:
 3288              	.LVL208:
 3289              	.LFB348:
1346:Drivers/STM32G4xx_HAL_Driver/Src/stm32g4xx_hal_tim_ex.c ****   HAL_StatusTypeDef status = HAL_OK;
 3290              		.loc 1 1346 1 is_stmt 1 view -0
 3291              		.cfi_startproc
 3292              		@ args = 0, pretend = 0, frame = 0
 3293              		@ frame_needed = 0, uses_anonymous_args = 0
1346:Drivers/STM32G4xx_HAL_Driver/Src/stm32g4xx_hal_tim_ex.c ****   HAL_StatusTypeDef status = HAL_OK;
 3294              		.loc 1 1346 1 is_stmt 0 view .LVU951
 3295 0000 38B5     		push	{r3, r4, r5, lr}
 3296              	.LCFI23:
 3297              		.cfi_def_cfa_offset 16
 3298              		.cfi_offset 3, -16
ARM GAS  /tmp/ccX78w3T.s 			page 139


 3299              		.cfi_offset 4, -12
 3300              		.cfi_offset 5, -8
 3301              		.cfi_offset 14, -4
 3302 0002 0546     		mov	r5, r0
 3303 0004 0C46     		mov	r4, r1
1347:Drivers/STM32G4xx_HAL_Driver/Src/stm32g4xx_hal_tim_ex.c ****   uint32_t tmpccer;
 3304              		.loc 1 1347 3 is_stmt 1 view .LVU952
 3305              	.LVL209:
1348:Drivers/STM32G4xx_HAL_Driver/Src/stm32g4xx_hal_tim_ex.c **** 
 3306              		.loc 1 1348 3 view .LVU953
1351:Drivers/STM32G4xx_HAL_Driver/Src/stm32g4xx_hal_tim_ex.c **** 
 3307              		.loc 1 1351 3 view .LVU954
1353:Drivers/STM32G4xx_HAL_Driver/Src/stm32g4xx_hal_tim_ex.c ****   {
 3308              		.loc 1 1353 3 view .LVU955
 3309 0006 0C29     		cmp	r1, #12
 3310 0008 64D8     		bhi	.L296
 3311 000a DFE801F0 		tbb	[pc, r1]
 3312              	.L284:
 3313 000e 07       		.byte	(.L287-.L284)/2
 3314 000f 63       		.byte	(.L296-.L284)/2
 3315 0010 63       		.byte	(.L296-.L284)/2
 3316 0011 63       		.byte	(.L296-.L284)/2
 3317 0012 41       		.byte	(.L286-.L284)/2
 3318 0013 63       		.byte	(.L296-.L284)/2
 3319 0014 63       		.byte	(.L296-.L284)/2
 3320 0015 63       		.byte	(.L296-.L284)/2
 3321 0016 47       		.byte	(.L285-.L284)/2
 3322 0017 63       		.byte	(.L296-.L284)/2
 3323 0018 63       		.byte	(.L296-.L284)/2
 3324 0019 63       		.byte	(.L296-.L284)/2
 3325 001a 4D       		.byte	(.L283-.L284)/2
 3326 001b 00       		.p2align 1
 3327              	.L287:
1358:Drivers/STM32G4xx_HAL_Driver/Src/stm32g4xx_hal_tim_ex.c ****       break;
 3328              		.loc 1 1358 7 view .LVU956
 3329 001c 0268     		ldr	r2, [r0]
 3330 001e D368     		ldr	r3, [r2, #12]
 3331 0020 23F00203 		bic	r3, r3, #2
 3332 0024 D360     		str	r3, [r2, #12]
1359:Drivers/STM32G4xx_HAL_Driver/Src/stm32g4xx_hal_tim_ex.c ****     }
 3333              		.loc 1 1359 7 view .LVU957
1388:Drivers/STM32G4xx_HAL_Driver/Src/stm32g4xx_hal_tim_ex.c ****   {
 3334              		.loc 1 1388 3 view .LVU958
 3335              	.L288:
1391:Drivers/STM32G4xx_HAL_Driver/Src/stm32g4xx_hal_tim_ex.c **** 
 3336              		.loc 1 1391 5 view .LVU959
 3337 0026 0022     		movs	r2, #0
 3338 0028 2146     		mov	r1, r4
 3339              	.LVL210:
1391:Drivers/STM32G4xx_HAL_Driver/Src/stm32g4xx_hal_tim_ex.c **** 
 3340              		.loc 1 1391 5 is_stmt 0 view .LVU960
 3341 002a 2868     		ldr	r0, [r5]
 3342              	.LVL211:
1391:Drivers/STM32G4xx_HAL_Driver/Src/stm32g4xx_hal_tim_ex.c **** 
 3343              		.loc 1 1391 5 view .LVU961
 3344 002c FFF7FEFF 		bl	TIM_CCxNChannelCmd
 3345              	.LVL212:
ARM GAS  /tmp/ccX78w3T.s 			page 140


1394:Drivers/STM32G4xx_HAL_Driver/Src/stm32g4xx_hal_tim_ex.c ****     if ((tmpccer & TIM_CCER_CCxNE_MASK) == (uint32_t)RESET)
 3346              		.loc 1 1394 5 is_stmt 1 view .LVU962
1394:Drivers/STM32G4xx_HAL_Driver/Src/stm32g4xx_hal_tim_ex.c ****     if ((tmpccer & TIM_CCER_CCxNE_MASK) == (uint32_t)RESET)
 3347              		.loc 1 1394 19 is_stmt 0 view .LVU963
 3348 0030 2B68     		ldr	r3, [r5]
1394:Drivers/STM32G4xx_HAL_Driver/Src/stm32g4xx_hal_tim_ex.c ****     if ((tmpccer & TIM_CCER_CCxNE_MASK) == (uint32_t)RESET)
 3349              		.loc 1 1394 13 view .LVU964
 3350 0032 196A     		ldr	r1, [r3, #32]
 3351              	.LVL213:
1395:Drivers/STM32G4xx_HAL_Driver/Src/stm32g4xx_hal_tim_ex.c ****     {
 3352              		.loc 1 1395 5 is_stmt 1 view .LVU965
1395:Drivers/STM32G4xx_HAL_Driver/Src/stm32g4xx_hal_tim_ex.c ****     {
 3353              		.loc 1 1395 8 is_stmt 0 view .LVU966
 3354 0034 44F24442 		movw	r2, #17476
 3355 0038 1142     		tst	r1, r2
 3356 003a 03D1     		bne	.L289
1397:Drivers/STM32G4xx_HAL_Driver/Src/stm32g4xx_hal_tim_ex.c ****     }
 3357              		.loc 1 1397 7 is_stmt 1 view .LVU967
 3358 003c DA68     		ldr	r2, [r3, #12]
 3359 003e 22F08002 		bic	r2, r2, #128
 3360 0042 DA60     		str	r2, [r3, #12]
 3361              	.L289:
1401:Drivers/STM32G4xx_HAL_Driver/Src/stm32g4xx_hal_tim_ex.c **** 
 3362              		.loc 1 1401 5 view .LVU968
1401:Drivers/STM32G4xx_HAL_Driver/Src/stm32g4xx_hal_tim_ex.c **** 
 3363              		.loc 1 1401 5 view .LVU969
 3364 0044 2A68     		ldr	r2, [r5]
 3365 0046 136A     		ldr	r3, [r2, #32]
 3366 0048 03F01133 		and	r3, r3, #286331153
 3367 004c 23F08853 		bic	r3, r3, #285212672
 3368 0050 43B9     		cbnz	r3, .L290
1401:Drivers/STM32G4xx_HAL_Driver/Src/stm32g4xx_hal_tim_ex.c **** 
 3369              		.loc 1 1401 5 discriminator 1 view .LVU970
 3370 0052 116A     		ldr	r1, [r2, #32]
 3371              	.LVL214:
1401:Drivers/STM32G4xx_HAL_Driver/Src/stm32g4xx_hal_tim_ex.c **** 
 3372              		.loc 1 1401 5 is_stmt 0 discriminator 1 view .LVU971
 3373 0054 44F24443 		movw	r3, #17476
 3374 0058 1942     		tst	r1, r3
 3375 005a 03D1     		bne	.L290
1401:Drivers/STM32G4xx_HAL_Driver/Src/stm32g4xx_hal_tim_ex.c **** 
 3376              		.loc 1 1401 5 is_stmt 1 discriminator 2 view .LVU972
 3377 005c 536C     		ldr	r3, [r2, #68]
 3378 005e 23F40043 		bic	r3, r3, #32768
 3379 0062 5364     		str	r3, [r2, #68]
 3380              	.L290:
1401:Drivers/STM32G4xx_HAL_Driver/Src/stm32g4xx_hal_tim_ex.c **** 
 3381              		.loc 1 1401 5 discriminator 3 view .LVU973
1404:Drivers/STM32G4xx_HAL_Driver/Src/stm32g4xx_hal_tim_ex.c **** 
 3382              		.loc 1 1404 5 view .LVU974
1404:Drivers/STM32G4xx_HAL_Driver/Src/stm32g4xx_hal_tim_ex.c **** 
 3383              		.loc 1 1404 5 view .LVU975
 3384 0064 2A68     		ldr	r2, [r5]
 3385 0066 136A     		ldr	r3, [r2, #32]
 3386 0068 03F01133 		and	r3, r3, #286331153
 3387 006c 23F08853 		bic	r3, r3, #285212672
 3388 0070 43B9     		cbnz	r3, .L291
ARM GAS  /tmp/ccX78w3T.s 			page 141


1404:Drivers/STM32G4xx_HAL_Driver/Src/stm32g4xx_hal_tim_ex.c **** 
 3389              		.loc 1 1404 5 discriminator 1 view .LVU976
 3390 0072 116A     		ldr	r1, [r2, #32]
 3391 0074 44F24443 		movw	r3, #17476
 3392 0078 1942     		tst	r1, r3
 3393 007a 03D1     		bne	.L291
1404:Drivers/STM32G4xx_HAL_Driver/Src/stm32g4xx_hal_tim_ex.c **** 
 3394              		.loc 1 1404 5 discriminator 2 view .LVU977
 3395 007c 1368     		ldr	r3, [r2]
 3396 007e 23F00103 		bic	r3, r3, #1
 3397 0082 1360     		str	r3, [r2]
 3398              	.L291:
1404:Drivers/STM32G4xx_HAL_Driver/Src/stm32g4xx_hal_tim_ex.c **** 
 3399              		.loc 1 1404 5 discriminator 3 view .LVU978
1407:Drivers/STM32G4xx_HAL_Driver/Src/stm32g4xx_hal_tim_ex.c ****   }
 3400              		.loc 1 1407 5 view .LVU979
 3401 0084 B4B9     		cbnz	r4, .L292
1407:Drivers/STM32G4xx_HAL_Driver/Src/stm32g4xx_hal_tim_ex.c ****   }
 3402              		.loc 1 1407 5 is_stmt 0 discriminator 1 view .LVU980
 3403 0086 0123     		movs	r3, #1
 3404 0088 85F84430 		strb	r3, [r5, #68]
 3405              	.L294:
1353:Drivers/STM32G4xx_HAL_Driver/Src/stm32g4xx_hal_tim_ex.c ****   {
 3406              		.loc 1 1353 3 view .LVU981
 3407 008c 0020     		movs	r0, #0
 3408 008e 22E0     		b	.L282
 3409              	.LVL215:
 3410              	.L286:
1365:Drivers/STM32G4xx_HAL_Driver/Src/stm32g4xx_hal_tim_ex.c ****       break;
 3411              		.loc 1 1365 7 is_stmt 1 view .LVU982
 3412 0090 0268     		ldr	r2, [r0]
 3413 0092 D368     		ldr	r3, [r2, #12]
 3414 0094 23F00403 		bic	r3, r3, #4
 3415 0098 D360     		str	r3, [r2, #12]
1366:Drivers/STM32G4xx_HAL_Driver/Src/stm32g4xx_hal_tim_ex.c ****     }
 3416              		.loc 1 1366 7 view .LVU983
1388:Drivers/STM32G4xx_HAL_Driver/Src/stm32g4xx_hal_tim_ex.c ****   {
 3417              		.loc 1 1388 3 view .LVU984
 3418 009a C4E7     		b	.L288
 3419              	.L285:
1372:Drivers/STM32G4xx_HAL_Driver/Src/stm32g4xx_hal_tim_ex.c ****       break;
 3420              		.loc 1 1372 7 view .LVU985
 3421 009c 0268     		ldr	r2, [r0]
 3422 009e D368     		ldr	r3, [r2, #12]
 3423 00a0 23F00803 		bic	r3, r3, #8
 3424 00a4 D360     		str	r3, [r2, #12]
1373:Drivers/STM32G4xx_HAL_Driver/Src/stm32g4xx_hal_tim_ex.c ****     }
 3425              		.loc 1 1373 7 view .LVU986
1388:Drivers/STM32G4xx_HAL_Driver/Src/stm32g4xx_hal_tim_ex.c ****   {
 3426              		.loc 1 1388 3 view .LVU987
 3427 00a6 BEE7     		b	.L288
 3428              	.L283:
1379:Drivers/STM32G4xx_HAL_Driver/Src/stm32g4xx_hal_tim_ex.c ****       break;
 3429              		.loc 1 1379 7 view .LVU988
 3430 00a8 0268     		ldr	r2, [r0]
 3431 00aa D368     		ldr	r3, [r2, #12]
 3432 00ac 23F01003 		bic	r3, r3, #16
ARM GAS  /tmp/ccX78w3T.s 			page 142


 3433 00b0 D360     		str	r3, [r2, #12]
1380:Drivers/STM32G4xx_HAL_Driver/Src/stm32g4xx_hal_tim_ex.c ****     }
 3434              		.loc 1 1380 7 view .LVU989
1388:Drivers/STM32G4xx_HAL_Driver/Src/stm32g4xx_hal_tim_ex.c ****   {
 3435              		.loc 1 1388 3 view .LVU990
 3436 00b2 B8E7     		b	.L288
 3437              	.LVL216:
 3438              	.L292:
1407:Drivers/STM32G4xx_HAL_Driver/Src/stm32g4xx_hal_tim_ex.c ****   }
 3439              		.loc 1 1407 5 is_stmt 0 discriminator 2 view .LVU991
 3440 00b4 042C     		cmp	r4, #4
 3441 00b6 05D0     		beq	.L298
1407:Drivers/STM32G4xx_HAL_Driver/Src/stm32g4xx_hal_tim_ex.c ****   }
 3442              		.loc 1 1407 5 discriminator 4 view .LVU992
 3443 00b8 082C     		cmp	r4, #8
 3444 00ba 07D0     		beq	.L299
1407:Drivers/STM32G4xx_HAL_Driver/Src/stm32g4xx_hal_tim_ex.c ****   }
 3445              		.loc 1 1407 5 discriminator 6 view .LVU993
 3446 00bc 0123     		movs	r3, #1
 3447 00be 85F84730 		strb	r3, [r5, #71]
 3448 00c2 E3E7     		b	.L294
 3449              	.L298:
1407:Drivers/STM32G4xx_HAL_Driver/Src/stm32g4xx_hal_tim_ex.c ****   }
 3450              		.loc 1 1407 5 discriminator 3 view .LVU994
 3451 00c4 0123     		movs	r3, #1
 3452 00c6 85F84530 		strb	r3, [r5, #69]
 3453 00ca DFE7     		b	.L294
 3454              	.L299:
1407:Drivers/STM32G4xx_HAL_Driver/Src/stm32g4xx_hal_tim_ex.c ****   }
 3455              		.loc 1 1407 5 discriminator 5 view .LVU995
 3456 00cc 0123     		movs	r3, #1
 3457 00ce 85F84630 		strb	r3, [r5, #70]
 3458 00d2 DBE7     		b	.L294
 3459              	.LVL217:
 3460              	.L296:
1353:Drivers/STM32G4xx_HAL_Driver/Src/stm32g4xx_hal_tim_ex.c ****   {
 3461              		.loc 1 1353 3 view .LVU996
 3462 00d4 0120     		movs	r0, #1
 3463              	.LVL218:
 3464              	.L282:
1411:Drivers/STM32G4xx_HAL_Driver/Src/stm32g4xx_hal_tim_ex.c **** }
 3465              		.loc 1 1411 3 is_stmt 1 view .LVU997
1412:Drivers/STM32G4xx_HAL_Driver/Src/stm32g4xx_hal_tim_ex.c **** 
 3466              		.loc 1 1412 1 is_stmt 0 view .LVU998
 3467 00d6 38BD     		pop	{r3, r4, r5, pc}
1412:Drivers/STM32G4xx_HAL_Driver/Src/stm32g4xx_hal_tim_ex.c **** 
 3468              		.loc 1 1412 1 view .LVU999
 3469              		.cfi_endproc
 3470              	.LFE348:
 3472              		.section	.text.HAL_TIMEx_PWMN_Start_DMA,"ax",%progbits
 3473              		.align	1
 3474              		.global	HAL_TIMEx_PWMN_Start_DMA
 3475              		.syntax unified
 3476              		.thumb
 3477              		.thumb_func
 3479              	HAL_TIMEx_PWMN_Start_DMA:
 3480              	.LVL219:
ARM GAS  /tmp/ccX78w3T.s 			page 143


 3481              	.LFB349:
1430:Drivers/STM32G4xx_HAL_Driver/Src/stm32g4xx_hal_tim_ex.c ****   HAL_StatusTypeDef status = HAL_OK;
 3482              		.loc 1 1430 1 is_stmt 1 view -0
 3483              		.cfi_startproc
 3484              		@ args = 0, pretend = 0, frame = 0
 3485              		@ frame_needed = 0, uses_anonymous_args = 0
1430:Drivers/STM32G4xx_HAL_Driver/Src/stm32g4xx_hal_tim_ex.c ****   HAL_StatusTypeDef status = HAL_OK;
 3486              		.loc 1 1430 1 is_stmt 0 view .LVU1001
 3487 0000 38B5     		push	{r3, r4, r5, lr}
 3488              	.LCFI24:
 3489              		.cfi_def_cfa_offset 16
 3490              		.cfi_offset 3, -16
 3491              		.cfi_offset 4, -12
 3492              		.cfi_offset 5, -8
 3493              		.cfi_offset 14, -4
 3494 0002 0446     		mov	r4, r0
 3495 0004 9446     		mov	ip, r2
1431:Drivers/STM32G4xx_HAL_Driver/Src/stm32g4xx_hal_tim_ex.c ****   uint32_t tmpsmcr;
 3496              		.loc 1 1431 3 is_stmt 1 view .LVU1002
 3497              	.LVL220:
1432:Drivers/STM32G4xx_HAL_Driver/Src/stm32g4xx_hal_tim_ex.c **** 
 3498              		.loc 1 1432 3 view .LVU1003
1435:Drivers/STM32G4xx_HAL_Driver/Src/stm32g4xx_hal_tim_ex.c **** 
 3499              		.loc 1 1435 3 view .LVU1004
1438:Drivers/STM32G4xx_HAL_Driver/Src/stm32g4xx_hal_tim_ex.c ****   {
 3500              		.loc 1 1438 3 view .LVU1005
1438:Drivers/STM32G4xx_HAL_Driver/Src/stm32g4xx_hal_tim_ex.c ****   {
 3501              		.loc 1 1438 46 is_stmt 0 view .LVU1006
 3502 0006 0D46     		mov	r5, r1
 3503 0008 0029     		cmp	r1, #0
 3504 000a 62D1     		bne	.L301
1438:Drivers/STM32G4xx_HAL_Driver/Src/stm32g4xx_hal_tim_ex.c ****   {
 3505              		.loc 1 1438 7 discriminator 1 view .LVU1007
 3506 000c 90F84400 		ldrb	r0, [r0, #68]	@ zero_extendqisi2
 3507              	.LVL221:
1438:Drivers/STM32G4xx_HAL_Driver/Src/stm32g4xx_hal_tim_ex.c ****   {
 3508              		.loc 1 1438 46 discriminator 1 view .LVU1008
 3509 0010 0228     		cmp	r0, #2
 3510 0012 14BF     		ite	ne
 3511 0014 0020     		movne	r0, #0
 3512 0016 0120     		moveq	r0, #1
 3513              	.L302:
1438:Drivers/STM32G4xx_HAL_Driver/Src/stm32g4xx_hal_tim_ex.c ****   {
 3514              		.loc 1 1438 6 discriminator 7 view .LVU1009
 3515 0018 0028     		cmp	r0, #0
 3516 001a 40F00C81 		bne	.L324
1442:Drivers/STM32G4xx_HAL_Driver/Src/stm32g4xx_hal_tim_ex.c ****   {
 3517              		.loc 1 1442 8 is_stmt 1 view .LVU1010
1442:Drivers/STM32G4xx_HAL_Driver/Src/stm32g4xx_hal_tim_ex.c ****   {
 3518              		.loc 1 1442 51 is_stmt 0 view .LVU1011
 3519 001e 002D     		cmp	r5, #0
 3520 0020 70D1     		bne	.L306
1442:Drivers/STM32G4xx_HAL_Driver/Src/stm32g4xx_hal_tim_ex.c ****   {
 3521              		.loc 1 1442 12 discriminator 1 view .LVU1012
 3522 0022 94F84420 		ldrb	r2, [r4, #68]	@ zero_extendqisi2
 3523              	.LVL222:
1442:Drivers/STM32G4xx_HAL_Driver/Src/stm32g4xx_hal_tim_ex.c ****   {
ARM GAS  /tmp/ccX78w3T.s 			page 144


 3524              		.loc 1 1442 51 discriminator 1 view .LVU1013
 3525 0026 012A     		cmp	r2, #1
 3526 0028 14BF     		ite	ne
 3527 002a 0022     		movne	r2, #0
 3528 002c 0122     		moveq	r2, #1
 3529              	.L307:
1442:Drivers/STM32G4xx_HAL_Driver/Src/stm32g4xx_hal_tim_ex.c ****   {
 3530              		.loc 1 1442 11 discriminator 7 view .LVU1014
 3531 002e 002A     		cmp	r2, #0
 3532 0030 00F0FF80 		beq	.L310
1444:Drivers/STM32G4xx_HAL_Driver/Src/stm32g4xx_hal_tim_ex.c ****     {
 3533              		.loc 1 1444 5 is_stmt 1 view .LVU1015
1444:Drivers/STM32G4xx_HAL_Driver/Src/stm32g4xx_hal_tim_ex.c ****     {
 3534              		.loc 1 1444 8 is_stmt 0 view .LVU1016
 3535 0034 BCF1000F 		cmp	ip, #0
 3536 0038 00F0FB80 		beq	.L310
1444:Drivers/STM32G4xx_HAL_Driver/Src/stm32g4xx_hal_tim_ex.c ****     {
 3537              		.loc 1 1444 25 discriminator 1 view .LVU1017
 3538 003c 002B     		cmp	r3, #0
 3539 003e 00F0F880 		beq	.L310
1450:Drivers/STM32G4xx_HAL_Driver/Src/stm32g4xx_hal_tim_ex.c ****     }
 3540              		.loc 1 1450 7 is_stmt 1 view .LVU1018
 3541 0042 002D     		cmp	r5, #0
 3542 0044 77D1     		bne	.L311
1450:Drivers/STM32G4xx_HAL_Driver/Src/stm32g4xx_hal_tim_ex.c ****     }
 3543              		.loc 1 1450 7 is_stmt 0 discriminator 1 view .LVU1019
 3544 0046 0222     		movs	r2, #2
 3545 0048 84F84420 		strb	r2, [r4, #68]
1458:Drivers/STM32G4xx_HAL_Driver/Src/stm32g4xx_hal_tim_ex.c ****   {
 3546              		.loc 1 1458 3 is_stmt 1 view .LVU1020
 3547              	.L312:
1463:Drivers/STM32G4xx_HAL_Driver/Src/stm32g4xx_hal_tim_ex.c ****       htim->hdma[TIM_DMA_ID_CC1]->XferHalfCpltCallback = TIM_DMADelayPulseHalfCplt;
 3548              		.loc 1 1463 7 view .LVU1021
1463:Drivers/STM32G4xx_HAL_Driver/Src/stm32g4xx_hal_tim_ex.c ****       htim->hdma[TIM_DMA_ID_CC1]->XferHalfCpltCallback = TIM_DMADelayPulseHalfCplt;
 3549              		.loc 1 1463 17 is_stmt 0 view .LVU1022
 3550 004c 626A     		ldr	r2, [r4, #36]
1463:Drivers/STM32G4xx_HAL_Driver/Src/stm32g4xx_hal_tim_ex.c ****       htim->hdma[TIM_DMA_ID_CC1]->XferHalfCpltCallback = TIM_DMADelayPulseHalfCplt;
 3551              		.loc 1 1463 52 view .LVU1023
 3552 004e 7B49     		ldr	r1, .L336
 3553              	.LVL223:
1463:Drivers/STM32G4xx_HAL_Driver/Src/stm32g4xx_hal_tim_ex.c ****       htim->hdma[TIM_DMA_ID_CC1]->XferHalfCpltCallback = TIM_DMADelayPulseHalfCplt;
 3554              		.loc 1 1463 52 view .LVU1024
 3555 0050 D162     		str	r1, [r2, #44]
1464:Drivers/STM32G4xx_HAL_Driver/Src/stm32g4xx_hal_tim_ex.c **** 
 3556              		.loc 1 1464 7 is_stmt 1 view .LVU1025
1464:Drivers/STM32G4xx_HAL_Driver/Src/stm32g4xx_hal_tim_ex.c **** 
 3557              		.loc 1 1464 17 is_stmt 0 view .LVU1026
 3558 0052 626A     		ldr	r2, [r4, #36]
1464:Drivers/STM32G4xx_HAL_Driver/Src/stm32g4xx_hal_tim_ex.c **** 
 3559              		.loc 1 1464 56 view .LVU1027
 3560 0054 7A49     		ldr	r1, .L336+4
 3561 0056 1163     		str	r1, [r2, #48]
1467:Drivers/STM32G4xx_HAL_Driver/Src/stm32g4xx_hal_tim_ex.c **** 
 3562              		.loc 1 1467 7 is_stmt 1 view .LVU1028
1467:Drivers/STM32G4xx_HAL_Driver/Src/stm32g4xx_hal_tim_ex.c **** 
 3563              		.loc 1 1467 17 is_stmt 0 view .LVU1029
 3564 0058 626A     		ldr	r2, [r4, #36]
ARM GAS  /tmp/ccX78w3T.s 			page 145


1467:Drivers/STM32G4xx_HAL_Driver/Src/stm32g4xx_hal_tim_ex.c **** 
 3565              		.loc 1 1467 53 view .LVU1030
 3566 005a 7A49     		ldr	r1, .L336+8
 3567 005c 5163     		str	r1, [r2, #52]
1470:Drivers/STM32G4xx_HAL_Driver/Src/stm32g4xx_hal_tim_ex.c ****                            Length) != HAL_OK)
 3568              		.loc 1 1470 7 is_stmt 1 view .LVU1031
1470:Drivers/STM32G4xx_HAL_Driver/Src/stm32g4xx_hal_tim_ex.c ****                            Length) != HAL_OK)
 3569              		.loc 1 1470 88 is_stmt 0 view .LVU1032
 3570 005e 2268     		ldr	r2, [r4]
1470:Drivers/STM32G4xx_HAL_Driver/Src/stm32g4xx_hal_tim_ex.c ****                            Length) != HAL_OK)
 3571              		.loc 1 1470 11 view .LVU1033
 3572 0060 3432     		adds	r2, r2, #52
 3573 0062 6146     		mov	r1, ip
 3574 0064 606A     		ldr	r0, [r4, #36]
 3575 0066 FFF7FEFF 		bl	HAL_DMA_Start_IT
 3576              	.LVL224:
1470:Drivers/STM32G4xx_HAL_Driver/Src/stm32g4xx_hal_tim_ex.c ****                            Length) != HAL_OK)
 3577              		.loc 1 1470 10 discriminator 1 view .LVU1034
 3578 006a 0028     		cmp	r0, #0
 3579 006c 40F0E180 		bne	.L310
1477:Drivers/STM32G4xx_HAL_Driver/Src/stm32g4xx_hal_tim_ex.c ****       break;
 3580              		.loc 1 1477 7 is_stmt 1 view .LVU1035
 3581 0070 2268     		ldr	r2, [r4]
 3582 0072 D368     		ldr	r3, [r2, #12]
 3583 0074 43F40073 		orr	r3, r3, #512
 3584 0078 D360     		str	r3, [r2, #12]
1478:Drivers/STM32G4xx_HAL_Driver/Src/stm32g4xx_hal_tim_ex.c ****     }
 3585              		.loc 1 1478 7 view .LVU1036
1549:Drivers/STM32G4xx_HAL_Driver/Src/stm32g4xx_hal_tim_ex.c ****   {
 3586              		.loc 1 1549 3 view .LVU1037
 3587              	.L319:
1552:Drivers/STM32G4xx_HAL_Driver/Src/stm32g4xx_hal_tim_ex.c **** 
 3588              		.loc 1 1552 5 view .LVU1038
 3589 007a 0422     		movs	r2, #4
 3590 007c 2946     		mov	r1, r5
 3591 007e 2068     		ldr	r0, [r4]
 3592 0080 FFF7FEFF 		bl	TIM_CCxNChannelCmd
 3593              	.LVL225:
1555:Drivers/STM32G4xx_HAL_Driver/Src/stm32g4xx_hal_tim_ex.c **** 
 3594              		.loc 1 1555 5 view .LVU1039
 3595 0084 2268     		ldr	r2, [r4]
 3596 0086 536C     		ldr	r3, [r2, #68]
 3597 0088 43F40043 		orr	r3, r3, #32768
 3598 008c 5364     		str	r3, [r2, #68]
1558:Drivers/STM32G4xx_HAL_Driver/Src/stm32g4xx_hal_tim_ex.c ****     {
 3599              		.loc 1 1558 5 view .LVU1040
1558:Drivers/STM32G4xx_HAL_Driver/Src/stm32g4xx_hal_tim_ex.c ****     {
 3600              		.loc 1 1558 9 is_stmt 0 view .LVU1041
 3601 008e 2368     		ldr	r3, [r4]
1558:Drivers/STM32G4xx_HAL_Driver/Src/stm32g4xx_hal_tim_ex.c ****     {
 3602              		.loc 1 1558 8 view .LVU1042
 3603 0090 6D4A     		ldr	r2, .L336+12
 3604 0092 9342     		cmp	r3, r2
 3605 0094 00F0BF80 		beq	.L320
1558:Drivers/STM32G4xx_HAL_Driver/Src/stm32g4xx_hal_tim_ex.c ****     {
 3606              		.loc 1 1558 9 discriminator 1 view .LVU1043
 3607 0098 B3F1804F 		cmp	r3, #1073741824
ARM GAS  /tmp/ccX78w3T.s 			page 146


 3608 009c 00F0BB80 		beq	.L320
1558:Drivers/STM32G4xx_HAL_Driver/Src/stm32g4xx_hal_tim_ex.c ****     {
 3609              		.loc 1 1558 9 discriminator 2 view .LVU1044
 3610 00a0 A2F59432 		sub	r2, r2, #75776
 3611 00a4 9342     		cmp	r3, r2
 3612 00a6 00F0B680 		beq	.L320
1558:Drivers/STM32G4xx_HAL_Driver/Src/stm32g4xx_hal_tim_ex.c ****     {
 3613              		.loc 1 1558 9 discriminator 3 view .LVU1045
 3614 00aa 02F58062 		add	r2, r2, #1024
 3615 00ae 9342     		cmp	r3, r2
 3616 00b0 00F0B180 		beq	.L320
1558:Drivers/STM32G4xx_HAL_Driver/Src/stm32g4xx_hal_tim_ex.c ****     {
 3617              		.loc 1 1558 9 discriminator 4 view .LVU1046
 3618 00b4 02F59632 		add	r2, r2, #76800
 3619 00b8 9342     		cmp	r3, r2
 3620 00ba 00F0AC80 		beq	.L320
1558:Drivers/STM32G4xx_HAL_Driver/Src/stm32g4xx_hal_tim_ex.c ****     {
 3621              		.loc 1 1558 9 discriminator 5 view .LVU1047
 3622 00be 02F54062 		add	r2, r2, #3072
 3623 00c2 9342     		cmp	r3, r2
 3624 00c4 00F0A780 		beq	.L320
1568:Drivers/STM32G4xx_HAL_Driver/Src/stm32g4xx_hal_tim_ex.c ****     }
 3625              		.loc 1 1568 7 is_stmt 1 view .LVU1048
 3626 00c8 1A68     		ldr	r2, [r3]
 3627 00ca 42F00102 		orr	r2, r2, #1
 3628 00ce 1A60     		str	r2, [r3]
 3629 00d0 ADE0     		b	.L322
 3630              	.LVL226:
 3631              	.L301:
1438:Drivers/STM32G4xx_HAL_Driver/Src/stm32g4xx_hal_tim_ex.c ****   {
 3632              		.loc 1 1438 46 is_stmt 0 discriminator 2 view .LVU1049
 3633 00d2 0429     		cmp	r1, #4
 3634 00d4 08D0     		beq	.L330
1438:Drivers/STM32G4xx_HAL_Driver/Src/stm32g4xx_hal_tim_ex.c ****   {
 3635              		.loc 1 1438 46 discriminator 4 view .LVU1050
 3636 00d6 0829     		cmp	r1, #8
 3637 00d8 0DD0     		beq	.L331
1438:Drivers/STM32G4xx_HAL_Driver/Src/stm32g4xx_hal_tim_ex.c ****   {
 3638              		.loc 1 1438 7 discriminator 6 view .LVU1051
 3639 00da 90F84700 		ldrb	r0, [r0, #71]	@ zero_extendqisi2
 3640              	.LVL227:
1438:Drivers/STM32G4xx_HAL_Driver/Src/stm32g4xx_hal_tim_ex.c ****   {
 3641              		.loc 1 1438 46 discriminator 6 view .LVU1052
 3642 00de 0228     		cmp	r0, #2
 3643 00e0 14BF     		ite	ne
 3644 00e2 0020     		movne	r0, #0
 3645 00e4 0120     		moveq	r0, #1
 3646 00e6 97E7     		b	.L302
 3647              	.LVL228:
 3648              	.L330:
1438:Drivers/STM32G4xx_HAL_Driver/Src/stm32g4xx_hal_tim_ex.c ****   {
 3649              		.loc 1 1438 7 discriminator 3 view .LVU1053
 3650 00e8 90F84500 		ldrb	r0, [r0, #69]	@ zero_extendqisi2
 3651              	.LVL229:
1438:Drivers/STM32G4xx_HAL_Driver/Src/stm32g4xx_hal_tim_ex.c ****   {
 3652              		.loc 1 1438 46 discriminator 3 view .LVU1054
 3653 00ec 0228     		cmp	r0, #2
ARM GAS  /tmp/ccX78w3T.s 			page 147


 3654 00ee 14BF     		ite	ne
 3655 00f0 0020     		movne	r0, #0
 3656 00f2 0120     		moveq	r0, #1
 3657 00f4 90E7     		b	.L302
 3658              	.LVL230:
 3659              	.L331:
1438:Drivers/STM32G4xx_HAL_Driver/Src/stm32g4xx_hal_tim_ex.c ****   {
 3660              		.loc 1 1438 7 discriminator 5 view .LVU1055
 3661 00f6 90F84600 		ldrb	r0, [r0, #70]	@ zero_extendqisi2
 3662              	.LVL231:
1438:Drivers/STM32G4xx_HAL_Driver/Src/stm32g4xx_hal_tim_ex.c ****   {
 3663              		.loc 1 1438 46 discriminator 5 view .LVU1056
 3664 00fa 0228     		cmp	r0, #2
 3665 00fc 14BF     		ite	ne
 3666 00fe 0020     		movne	r0, #0
 3667 0100 0120     		moveq	r0, #1
 3668 0102 89E7     		b	.L302
 3669              	.L306:
1442:Drivers/STM32G4xx_HAL_Driver/Src/stm32g4xx_hal_tim_ex.c ****   {
 3670              		.loc 1 1442 51 discriminator 2 view .LVU1057
 3671 0104 042D     		cmp	r5, #4
 3672 0106 08D0     		beq	.L332
1442:Drivers/STM32G4xx_HAL_Driver/Src/stm32g4xx_hal_tim_ex.c ****   {
 3673              		.loc 1 1442 51 discriminator 4 view .LVU1058
 3674 0108 082D     		cmp	r5, #8
 3675 010a 0DD0     		beq	.L333
1442:Drivers/STM32G4xx_HAL_Driver/Src/stm32g4xx_hal_tim_ex.c ****   {
 3676              		.loc 1 1442 12 discriminator 6 view .LVU1059
 3677 010c 94F84720 		ldrb	r2, [r4, #71]	@ zero_extendqisi2
 3678              	.LVL232:
1442:Drivers/STM32G4xx_HAL_Driver/Src/stm32g4xx_hal_tim_ex.c ****   {
 3679              		.loc 1 1442 51 discriminator 6 view .LVU1060
 3680 0110 012A     		cmp	r2, #1
 3681 0112 14BF     		ite	ne
 3682 0114 0022     		movne	r2, #0
 3683 0116 0122     		moveq	r2, #1
 3684 0118 89E7     		b	.L307
 3685              	.LVL233:
 3686              	.L332:
1442:Drivers/STM32G4xx_HAL_Driver/Src/stm32g4xx_hal_tim_ex.c ****   {
 3687              		.loc 1 1442 12 discriminator 3 view .LVU1061
 3688 011a 94F84520 		ldrb	r2, [r4, #69]	@ zero_extendqisi2
 3689              	.LVL234:
1442:Drivers/STM32G4xx_HAL_Driver/Src/stm32g4xx_hal_tim_ex.c ****   {
 3690              		.loc 1 1442 51 discriminator 3 view .LVU1062
 3691 011e 012A     		cmp	r2, #1
 3692 0120 14BF     		ite	ne
 3693 0122 0022     		movne	r2, #0
 3694 0124 0122     		moveq	r2, #1
 3695 0126 82E7     		b	.L307
 3696              	.LVL235:
 3697              	.L333:
1442:Drivers/STM32G4xx_HAL_Driver/Src/stm32g4xx_hal_tim_ex.c ****   {
 3698              		.loc 1 1442 12 discriminator 5 view .LVU1063
 3699 0128 94F84620 		ldrb	r2, [r4, #70]	@ zero_extendqisi2
 3700              	.LVL236:
1442:Drivers/STM32G4xx_HAL_Driver/Src/stm32g4xx_hal_tim_ex.c ****   {
ARM GAS  /tmp/ccX78w3T.s 			page 148


 3701              		.loc 1 1442 51 discriminator 5 view .LVU1064
 3702 012c 012A     		cmp	r2, #1
 3703 012e 14BF     		ite	ne
 3704 0130 0022     		movne	r2, #0
 3705 0132 0122     		moveq	r2, #1
 3706 0134 7BE7     		b	.L307
 3707              	.L311:
1450:Drivers/STM32G4xx_HAL_Driver/Src/stm32g4xx_hal_tim_ex.c ****     }
 3708              		.loc 1 1450 7 discriminator 2 view .LVU1065
 3709 0136 042D     		cmp	r5, #4
 3710 0138 24D0     		beq	.L334
1450:Drivers/STM32G4xx_HAL_Driver/Src/stm32g4xx_hal_tim_ex.c ****     }
 3711              		.loc 1 1450 7 discriminator 4 view .LVU1066
 3712 013a 082D     		cmp	r5, #8
 3713 013c 3CD0     		beq	.L335
1450:Drivers/STM32G4xx_HAL_Driver/Src/stm32g4xx_hal_tim_ex.c ****     }
 3714              		.loc 1 1450 7 discriminator 6 view .LVU1067
 3715 013e 0222     		movs	r2, #2
 3716 0140 84F84720 		strb	r2, [r4, #71]
1458:Drivers/STM32G4xx_HAL_Driver/Src/stm32g4xx_hal_tim_ex.c ****   {
 3717              		.loc 1 1458 3 is_stmt 1 view .LVU1068
 3718 0144 0C2D     		cmp	r5, #12
 3719 0146 74D8     		bhi	.L310
 3720 0148 01A2     		adr	r2, .L318
 3721 014a 52F825F0 		ldr	pc, [r2, r5, lsl #2]
 3722 014e 00BF     		.p2align 2
 3723              	.L318:
 3724 0150 4D000000 		.word	.L312+1
 3725 0154 33020000 		.word	.L310+1
 3726 0158 33020000 		.word	.L310+1
 3727 015c 33020000 		.word	.L310+1
 3728 0160 8B010000 		.word	.L314+1
 3729 0164 33020000 		.word	.L310+1
 3730 0168 33020000 		.word	.L310+1
 3731 016c 33020000 		.word	.L310+1
 3732 0170 BF010000 		.word	.L316+1
 3733 0174 33020000 		.word	.L310+1
 3734 0178 33020000 		.word	.L310+1
 3735 017c 33020000 		.word	.L310+1
 3736 0180 EB010000 		.word	.L317+1
 3737              		.p2align 1
 3738              	.L334:
1450:Drivers/STM32G4xx_HAL_Driver/Src/stm32g4xx_hal_tim_ex.c ****     }
 3739              		.loc 1 1450 7 is_stmt 0 discriminator 3 view .LVU1069
 3740 0184 0222     		movs	r2, #2
 3741 0186 84F84520 		strb	r2, [r4, #69]
1458:Drivers/STM32G4xx_HAL_Driver/Src/stm32g4xx_hal_tim_ex.c ****   {
 3742              		.loc 1 1458 3 is_stmt 1 view .LVU1070
 3743              	.L314:
1484:Drivers/STM32G4xx_HAL_Driver/Src/stm32g4xx_hal_tim_ex.c ****       htim->hdma[TIM_DMA_ID_CC2]->XferHalfCpltCallback = TIM_DMADelayPulseHalfCplt;
 3744              		.loc 1 1484 7 view .LVU1071
1484:Drivers/STM32G4xx_HAL_Driver/Src/stm32g4xx_hal_tim_ex.c ****       htim->hdma[TIM_DMA_ID_CC2]->XferHalfCpltCallback = TIM_DMADelayPulseHalfCplt;
 3745              		.loc 1 1484 17 is_stmt 0 view .LVU1072
 3746 018a A26A     		ldr	r2, [r4, #40]
1484:Drivers/STM32G4xx_HAL_Driver/Src/stm32g4xx_hal_tim_ex.c ****       htim->hdma[TIM_DMA_ID_CC2]->XferHalfCpltCallback = TIM_DMADelayPulseHalfCplt;
 3747              		.loc 1 1484 52 view .LVU1073
 3748 018c 2B49     		ldr	r1, .L336
ARM GAS  /tmp/ccX78w3T.s 			page 149


 3749              	.LVL237:
1484:Drivers/STM32G4xx_HAL_Driver/Src/stm32g4xx_hal_tim_ex.c ****       htim->hdma[TIM_DMA_ID_CC2]->XferHalfCpltCallback = TIM_DMADelayPulseHalfCplt;
 3750              		.loc 1 1484 52 view .LVU1074
 3751 018e D162     		str	r1, [r2, #44]
1485:Drivers/STM32G4xx_HAL_Driver/Src/stm32g4xx_hal_tim_ex.c **** 
 3752              		.loc 1 1485 7 is_stmt 1 view .LVU1075
1485:Drivers/STM32G4xx_HAL_Driver/Src/stm32g4xx_hal_tim_ex.c **** 
 3753              		.loc 1 1485 17 is_stmt 0 view .LVU1076
 3754 0190 A26A     		ldr	r2, [r4, #40]
1485:Drivers/STM32G4xx_HAL_Driver/Src/stm32g4xx_hal_tim_ex.c **** 
 3755              		.loc 1 1485 56 view .LVU1077
 3756 0192 2B49     		ldr	r1, .L336+4
 3757 0194 1163     		str	r1, [r2, #48]
1488:Drivers/STM32G4xx_HAL_Driver/Src/stm32g4xx_hal_tim_ex.c **** 
 3758              		.loc 1 1488 7 is_stmt 1 view .LVU1078
1488:Drivers/STM32G4xx_HAL_Driver/Src/stm32g4xx_hal_tim_ex.c **** 
 3759              		.loc 1 1488 17 is_stmt 0 view .LVU1079
 3760 0196 A26A     		ldr	r2, [r4, #40]
1488:Drivers/STM32G4xx_HAL_Driver/Src/stm32g4xx_hal_tim_ex.c **** 
 3761              		.loc 1 1488 53 view .LVU1080
 3762 0198 2A49     		ldr	r1, .L336+8
 3763 019a 5163     		str	r1, [r2, #52]
1491:Drivers/STM32G4xx_HAL_Driver/Src/stm32g4xx_hal_tim_ex.c ****                            Length) != HAL_OK)
 3764              		.loc 1 1491 7 is_stmt 1 view .LVU1081
1491:Drivers/STM32G4xx_HAL_Driver/Src/stm32g4xx_hal_tim_ex.c ****                            Length) != HAL_OK)
 3765              		.loc 1 1491 88 is_stmt 0 view .LVU1082
 3766 019c 2268     		ldr	r2, [r4]
1491:Drivers/STM32G4xx_HAL_Driver/Src/stm32g4xx_hal_tim_ex.c ****                            Length) != HAL_OK)
 3767              		.loc 1 1491 11 view .LVU1083
 3768 019e 3832     		adds	r2, r2, #56
 3769 01a0 6146     		mov	r1, ip
 3770 01a2 A06A     		ldr	r0, [r4, #40]
 3771 01a4 FFF7FEFF 		bl	HAL_DMA_Start_IT
 3772              	.LVL238:
1491:Drivers/STM32G4xx_HAL_Driver/Src/stm32g4xx_hal_tim_ex.c ****                            Length) != HAL_OK)
 3773              		.loc 1 1491 10 discriminator 1 view .LVU1084
 3774 01a8 0028     		cmp	r0, #0
 3775 01aa 42D1     		bne	.L310
1498:Drivers/STM32G4xx_HAL_Driver/Src/stm32g4xx_hal_tim_ex.c ****       break;
 3776              		.loc 1 1498 7 is_stmt 1 view .LVU1085
 3777 01ac 2268     		ldr	r2, [r4]
 3778 01ae D368     		ldr	r3, [r2, #12]
 3779 01b0 43F48063 		orr	r3, r3, #1024
 3780 01b4 D360     		str	r3, [r2, #12]
1499:Drivers/STM32G4xx_HAL_Driver/Src/stm32g4xx_hal_tim_ex.c ****     }
 3781              		.loc 1 1499 7 view .LVU1086
1549:Drivers/STM32G4xx_HAL_Driver/Src/stm32g4xx_hal_tim_ex.c ****   {
 3782              		.loc 1 1549 3 view .LVU1087
 3783 01b6 60E7     		b	.L319
 3784              	.LVL239:
 3785              	.L335:
1450:Drivers/STM32G4xx_HAL_Driver/Src/stm32g4xx_hal_tim_ex.c ****     }
 3786              		.loc 1 1450 7 is_stmt 0 discriminator 5 view .LVU1088
 3787 01b8 0222     		movs	r2, #2
 3788 01ba 84F84620 		strb	r2, [r4, #70]
1458:Drivers/STM32G4xx_HAL_Driver/Src/stm32g4xx_hal_tim_ex.c ****   {
 3789              		.loc 1 1458 3 is_stmt 1 view .LVU1089
ARM GAS  /tmp/ccX78w3T.s 			page 150


 3790              	.L316:
1505:Drivers/STM32G4xx_HAL_Driver/Src/stm32g4xx_hal_tim_ex.c ****       htim->hdma[TIM_DMA_ID_CC3]->XferHalfCpltCallback = TIM_DMADelayPulseHalfCplt;
 3791              		.loc 1 1505 7 view .LVU1090
1505:Drivers/STM32G4xx_HAL_Driver/Src/stm32g4xx_hal_tim_ex.c ****       htim->hdma[TIM_DMA_ID_CC3]->XferHalfCpltCallback = TIM_DMADelayPulseHalfCplt;
 3792              		.loc 1 1505 17 is_stmt 0 view .LVU1091
 3793 01be E26A     		ldr	r2, [r4, #44]
1505:Drivers/STM32G4xx_HAL_Driver/Src/stm32g4xx_hal_tim_ex.c ****       htim->hdma[TIM_DMA_ID_CC3]->XferHalfCpltCallback = TIM_DMADelayPulseHalfCplt;
 3794              		.loc 1 1505 52 view .LVU1092
 3795 01c0 1E49     		ldr	r1, .L336
 3796              	.LVL240:
1505:Drivers/STM32G4xx_HAL_Driver/Src/stm32g4xx_hal_tim_ex.c ****       htim->hdma[TIM_DMA_ID_CC3]->XferHalfCpltCallback = TIM_DMADelayPulseHalfCplt;
 3797              		.loc 1 1505 52 view .LVU1093
 3798 01c2 D162     		str	r1, [r2, #44]
1506:Drivers/STM32G4xx_HAL_Driver/Src/stm32g4xx_hal_tim_ex.c **** 
 3799              		.loc 1 1506 7 is_stmt 1 view .LVU1094
1506:Drivers/STM32G4xx_HAL_Driver/Src/stm32g4xx_hal_tim_ex.c **** 
 3800              		.loc 1 1506 17 is_stmt 0 view .LVU1095
 3801 01c4 E26A     		ldr	r2, [r4, #44]
1506:Drivers/STM32G4xx_HAL_Driver/Src/stm32g4xx_hal_tim_ex.c **** 
 3802              		.loc 1 1506 56 view .LVU1096
 3803 01c6 1E49     		ldr	r1, .L336+4
 3804 01c8 1163     		str	r1, [r2, #48]
1509:Drivers/STM32G4xx_HAL_Driver/Src/stm32g4xx_hal_tim_ex.c **** 
 3805              		.loc 1 1509 7 is_stmt 1 view .LVU1097
1509:Drivers/STM32G4xx_HAL_Driver/Src/stm32g4xx_hal_tim_ex.c **** 
 3806              		.loc 1 1509 17 is_stmt 0 view .LVU1098
 3807 01ca E26A     		ldr	r2, [r4, #44]
1509:Drivers/STM32G4xx_HAL_Driver/Src/stm32g4xx_hal_tim_ex.c **** 
 3808              		.loc 1 1509 53 view .LVU1099
 3809 01cc 1D49     		ldr	r1, .L336+8
 3810 01ce 5163     		str	r1, [r2, #52]
1512:Drivers/STM32G4xx_HAL_Driver/Src/stm32g4xx_hal_tim_ex.c ****                            Length) != HAL_OK)
 3811              		.loc 1 1512 7 is_stmt 1 view .LVU1100
1512:Drivers/STM32G4xx_HAL_Driver/Src/stm32g4xx_hal_tim_ex.c ****                            Length) != HAL_OK)
 3812              		.loc 1 1512 88 is_stmt 0 view .LVU1101
 3813 01d0 2268     		ldr	r2, [r4]
1512:Drivers/STM32G4xx_HAL_Driver/Src/stm32g4xx_hal_tim_ex.c ****                            Length) != HAL_OK)
 3814              		.loc 1 1512 11 view .LVU1102
 3815 01d2 3C32     		adds	r2, r2, #60
 3816 01d4 6146     		mov	r1, ip
 3817 01d6 E06A     		ldr	r0, [r4, #44]
 3818 01d8 FFF7FEFF 		bl	HAL_DMA_Start_IT
 3819              	.LVL241:
1512:Drivers/STM32G4xx_HAL_Driver/Src/stm32g4xx_hal_tim_ex.c ****                            Length) != HAL_OK)
 3820              		.loc 1 1512 10 discriminator 1 view .LVU1103
 3821 01dc 48BB     		cbnz	r0, .L310
1519:Drivers/STM32G4xx_HAL_Driver/Src/stm32g4xx_hal_tim_ex.c ****       break;
 3822              		.loc 1 1519 7 is_stmt 1 view .LVU1104
 3823 01de 2268     		ldr	r2, [r4]
 3824 01e0 D368     		ldr	r3, [r2, #12]
 3825 01e2 43F40063 		orr	r3, r3, #2048
 3826 01e6 D360     		str	r3, [r2, #12]
1520:Drivers/STM32G4xx_HAL_Driver/Src/stm32g4xx_hal_tim_ex.c ****     }
 3827              		.loc 1 1520 7 view .LVU1105
1549:Drivers/STM32G4xx_HAL_Driver/Src/stm32g4xx_hal_tim_ex.c ****   {
 3828              		.loc 1 1549 3 view .LVU1106
 3829 01e8 47E7     		b	.L319
ARM GAS  /tmp/ccX78w3T.s 			page 151


 3830              	.LVL242:
 3831              	.L317:
1526:Drivers/STM32G4xx_HAL_Driver/Src/stm32g4xx_hal_tim_ex.c ****       htim->hdma[TIM_DMA_ID_CC4]->XferHalfCpltCallback = TIM_DMADelayPulseHalfCplt;
 3832              		.loc 1 1526 7 view .LVU1107
1526:Drivers/STM32G4xx_HAL_Driver/Src/stm32g4xx_hal_tim_ex.c ****       htim->hdma[TIM_DMA_ID_CC4]->XferHalfCpltCallback = TIM_DMADelayPulseHalfCplt;
 3833              		.loc 1 1526 17 is_stmt 0 view .LVU1108
 3834 01ea 226B     		ldr	r2, [r4, #48]
1526:Drivers/STM32G4xx_HAL_Driver/Src/stm32g4xx_hal_tim_ex.c ****       htim->hdma[TIM_DMA_ID_CC4]->XferHalfCpltCallback = TIM_DMADelayPulseHalfCplt;
 3835              		.loc 1 1526 52 view .LVU1109
 3836 01ec 1349     		ldr	r1, .L336
 3837              	.LVL243:
1526:Drivers/STM32G4xx_HAL_Driver/Src/stm32g4xx_hal_tim_ex.c ****       htim->hdma[TIM_DMA_ID_CC4]->XferHalfCpltCallback = TIM_DMADelayPulseHalfCplt;
 3838              		.loc 1 1526 52 view .LVU1110
 3839 01ee D162     		str	r1, [r2, #44]
1527:Drivers/STM32G4xx_HAL_Driver/Src/stm32g4xx_hal_tim_ex.c **** 
 3840              		.loc 1 1527 7 is_stmt 1 view .LVU1111
1527:Drivers/STM32G4xx_HAL_Driver/Src/stm32g4xx_hal_tim_ex.c **** 
 3841              		.loc 1 1527 17 is_stmt 0 view .LVU1112
 3842 01f0 226B     		ldr	r2, [r4, #48]
1527:Drivers/STM32G4xx_HAL_Driver/Src/stm32g4xx_hal_tim_ex.c **** 
 3843              		.loc 1 1527 56 view .LVU1113
 3844 01f2 1349     		ldr	r1, .L336+4
 3845 01f4 1163     		str	r1, [r2, #48]
1530:Drivers/STM32G4xx_HAL_Driver/Src/stm32g4xx_hal_tim_ex.c **** 
 3846              		.loc 1 1530 7 is_stmt 1 view .LVU1114
1530:Drivers/STM32G4xx_HAL_Driver/Src/stm32g4xx_hal_tim_ex.c **** 
 3847              		.loc 1 1530 17 is_stmt 0 view .LVU1115
 3848 01f6 226B     		ldr	r2, [r4, #48]
1530:Drivers/STM32G4xx_HAL_Driver/Src/stm32g4xx_hal_tim_ex.c **** 
 3849              		.loc 1 1530 53 view .LVU1116
 3850 01f8 1249     		ldr	r1, .L336+8
 3851 01fa 5163     		str	r1, [r2, #52]
1533:Drivers/STM32G4xx_HAL_Driver/Src/stm32g4xx_hal_tim_ex.c ****                            Length) != HAL_OK)
 3852              		.loc 1 1533 7 is_stmt 1 view .LVU1117
1533:Drivers/STM32G4xx_HAL_Driver/Src/stm32g4xx_hal_tim_ex.c ****                            Length) != HAL_OK)
 3853              		.loc 1 1533 88 is_stmt 0 view .LVU1118
 3854 01fc 2268     		ldr	r2, [r4]
1533:Drivers/STM32G4xx_HAL_Driver/Src/stm32g4xx_hal_tim_ex.c ****                            Length) != HAL_OK)
 3855              		.loc 1 1533 11 view .LVU1119
 3856 01fe 4032     		adds	r2, r2, #64
 3857 0200 6146     		mov	r1, ip
 3858 0202 206B     		ldr	r0, [r4, #48]
 3859 0204 FFF7FEFF 		bl	HAL_DMA_Start_IT
 3860              	.LVL244:
1533:Drivers/STM32G4xx_HAL_Driver/Src/stm32g4xx_hal_tim_ex.c ****                            Length) != HAL_OK)
 3861              		.loc 1 1533 10 discriminator 1 view .LVU1120
 3862 0208 98B9     		cbnz	r0, .L310
1540:Drivers/STM32G4xx_HAL_Driver/Src/stm32g4xx_hal_tim_ex.c ****       break;
 3863              		.loc 1 1540 7 is_stmt 1 view .LVU1121
 3864 020a 2268     		ldr	r2, [r4]
 3865 020c D368     		ldr	r3, [r2, #12]
 3866 020e 43F48053 		orr	r3, r3, #4096
 3867 0212 D360     		str	r3, [r2, #12]
1541:Drivers/STM32G4xx_HAL_Driver/Src/stm32g4xx_hal_tim_ex.c ****     }
 3868              		.loc 1 1541 7 view .LVU1122
1549:Drivers/STM32G4xx_HAL_Driver/Src/stm32g4xx_hal_tim_ex.c ****   {
 3869              		.loc 1 1549 3 view .LVU1123
ARM GAS  /tmp/ccX78w3T.s 			page 152


 3870 0214 31E7     		b	.L319
 3871              	.L320:
1560:Drivers/STM32G4xx_HAL_Driver/Src/stm32g4xx_hal_tim_ex.c ****       if (!IS_TIM_SLAVEMODE_TRIGGER_ENABLED(tmpsmcr))
 3872              		.loc 1 1560 7 view .LVU1124
1560:Drivers/STM32G4xx_HAL_Driver/Src/stm32g4xx_hal_tim_ex.c ****       if (!IS_TIM_SLAVEMODE_TRIGGER_ENABLED(tmpsmcr))
 3873              		.loc 1 1560 31 is_stmt 0 view .LVU1125
 3874 0216 9968     		ldr	r1, [r3, #8]
1560:Drivers/STM32G4xx_HAL_Driver/Src/stm32g4xx_hal_tim_ex.c ****       if (!IS_TIM_SLAVEMODE_TRIGGER_ENABLED(tmpsmcr))
 3875              		.loc 1 1560 15 view .LVU1126
 3876 0218 0C4A     		ldr	r2, .L336+16
 3877 021a 0A40     		ands	r2, r2, r1
 3878              	.LVL245:
1561:Drivers/STM32G4xx_HAL_Driver/Src/stm32g4xx_hal_tim_ex.c ****       {
 3879              		.loc 1 1561 7 is_stmt 1 view .LVU1127
1561:Drivers/STM32G4xx_HAL_Driver/Src/stm32g4xx_hal_tim_ex.c ****       {
 3880              		.loc 1 1561 10 is_stmt 0 view .LVU1128
 3881 021c 062A     		cmp	r2, #6
 3882 021e 06D0     		beq	.L322
1561:Drivers/STM32G4xx_HAL_Driver/Src/stm32g4xx_hal_tim_ex.c ****       {
 3883              		.loc 1 1561 11 discriminator 1 view .LVU1129
 3884 0220 B2F5803F 		cmp	r2, #65536
 3885 0224 03D0     		beq	.L322
1563:Drivers/STM32G4xx_HAL_Driver/Src/stm32g4xx_hal_tim_ex.c ****       }
 3886              		.loc 1 1563 9 is_stmt 1 view .LVU1130
 3887 0226 1A68     		ldr	r2, [r3]
 3888              	.LVL246:
1563:Drivers/STM32G4xx_HAL_Driver/Src/stm32g4xx_hal_tim_ex.c ****       }
 3889              		.loc 1 1563 9 is_stmt 0 view .LVU1131
 3890 0228 42F00102 		orr	r2, r2, #1
 3891 022c 1A60     		str	r2, [r3]
 3892              	.LVL247:
 3893              	.L322:
1573:Drivers/STM32G4xx_HAL_Driver/Src/stm32g4xx_hal_tim_ex.c **** }
 3894              		.loc 1 1573 10 view .LVU1132
 3895 022e 0020     		movs	r0, #0
 3896 0230 00E0     		b	.L305
 3897              	.L310:
1446:Drivers/STM32G4xx_HAL_Driver/Src/stm32g4xx_hal_tim_ex.c ****     }
 3898              		.loc 1 1446 14 view .LVU1133
 3899 0232 0120     		movs	r0, #1
 3900              	.L305:
 3901              	.LVL248:
1574:Drivers/STM32G4xx_HAL_Driver/Src/stm32g4xx_hal_tim_ex.c **** 
 3902              		.loc 1 1574 1 view .LVU1134
 3903 0234 38BD     		pop	{r3, r4, r5, pc}
 3904              	.LVL249:
 3905              	.L324:
1440:Drivers/STM32G4xx_HAL_Driver/Src/stm32g4xx_hal_tim_ex.c ****   }
 3906              		.loc 1 1440 12 view .LVU1135
 3907 0236 0220     		movs	r0, #2
 3908 0238 FCE7     		b	.L305
 3909              	.L337:
 3910 023a 00BF     		.align	2
 3911              	.L336:
 3912 023c 00000000 		.word	TIM_DMADelayPulseNCplt
 3913 0240 00000000 		.word	TIM_DMADelayPulseHalfCplt
 3914 0244 00000000 		.word	TIM_DMAErrorCCxN
ARM GAS  /tmp/ccX78w3T.s 			page 153


 3915 0248 002C0140 		.word	1073818624
 3916 024c 07000100 		.word	65543
 3917              		.cfi_endproc
 3918              	.LFE349:
 3920              		.section	.text.HAL_TIMEx_PWMN_Stop_DMA,"ax",%progbits
 3921              		.align	1
 3922              		.global	HAL_TIMEx_PWMN_Stop_DMA
 3923              		.syntax unified
 3924              		.thumb
 3925              		.thumb_func
 3927              	HAL_TIMEx_PWMN_Stop_DMA:
 3928              	.LVL250:
 3929              	.LFB350:
1589:Drivers/STM32G4xx_HAL_Driver/Src/stm32g4xx_hal_tim_ex.c ****   HAL_StatusTypeDef status = HAL_OK;
 3930              		.loc 1 1589 1 is_stmt 1 view -0
 3931              		.cfi_startproc
 3932              		@ args = 0, pretend = 0, frame = 0
 3933              		@ frame_needed = 0, uses_anonymous_args = 0
1589:Drivers/STM32G4xx_HAL_Driver/Src/stm32g4xx_hal_tim_ex.c ****   HAL_StatusTypeDef status = HAL_OK;
 3934              		.loc 1 1589 1 is_stmt 0 view .LVU1137
 3935 0000 38B5     		push	{r3, r4, r5, lr}
 3936              	.LCFI25:
 3937              		.cfi_def_cfa_offset 16
 3938              		.cfi_offset 3, -16
 3939              		.cfi_offset 4, -12
 3940              		.cfi_offset 5, -8
 3941              		.cfi_offset 14, -4
 3942 0002 0546     		mov	r5, r0
 3943 0004 0C46     		mov	r4, r1
1590:Drivers/STM32G4xx_HAL_Driver/Src/stm32g4xx_hal_tim_ex.c **** 
 3944              		.loc 1 1590 3 is_stmt 1 view .LVU1138
 3945              	.LVL251:
1593:Drivers/STM32G4xx_HAL_Driver/Src/stm32g4xx_hal_tim_ex.c **** 
 3946              		.loc 1 1593 3 view .LVU1139
1595:Drivers/STM32G4xx_HAL_Driver/Src/stm32g4xx_hal_tim_ex.c ****   {
 3947              		.loc 1 1595 3 view .LVU1140
 3948 0006 0C29     		cmp	r1, #12
 3949 0008 66D8     		bhi	.L352
 3950 000a DFE801F0 		tbb	[pc, r1]
 3951              	.L341:
 3952 000e 07       		.byte	(.L344-.L341)/2
 3953 000f 65       		.byte	(.L352-.L341)/2
 3954 0010 65       		.byte	(.L352-.L341)/2
 3955 0011 65       		.byte	(.L352-.L341)/2
 3956 0012 3A       		.byte	(.L343-.L341)/2
 3957 0013 65       		.byte	(.L352-.L341)/2
 3958 0014 65       		.byte	(.L352-.L341)/2
 3959 0015 65       		.byte	(.L352-.L341)/2
 3960 0016 43       		.byte	(.L342-.L341)/2
 3961 0017 65       		.byte	(.L352-.L341)/2
 3962 0018 65       		.byte	(.L352-.L341)/2
 3963 0019 65       		.byte	(.L352-.L341)/2
 3964 001a 4C       		.byte	(.L340-.L341)/2
 3965 001b 00       		.p2align 1
 3966              	.L344:
1600:Drivers/STM32G4xx_HAL_Driver/Src/stm32g4xx_hal_tim_ex.c ****       (void)HAL_DMA_Abort_IT(htim->hdma[TIM_DMA_ID_CC1]);
 3967              		.loc 1 1600 7 view .LVU1141
ARM GAS  /tmp/ccX78w3T.s 			page 154


 3968 001c 0268     		ldr	r2, [r0]
 3969 001e D368     		ldr	r3, [r2, #12]
 3970 0020 23F40073 		bic	r3, r3, #512
 3971 0024 D360     		str	r3, [r2, #12]
1601:Drivers/STM32G4xx_HAL_Driver/Src/stm32g4xx_hal_tim_ex.c ****       break;
 3972              		.loc 1 1601 7 view .LVU1142
1601:Drivers/STM32G4xx_HAL_Driver/Src/stm32g4xx_hal_tim_ex.c ****       break;
 3973              		.loc 1 1601 13 is_stmt 0 view .LVU1143
 3974 0026 406A     		ldr	r0, [r0, #36]
 3975              	.LVL252:
1601:Drivers/STM32G4xx_HAL_Driver/Src/stm32g4xx_hal_tim_ex.c ****       break;
 3976              		.loc 1 1601 13 view .LVU1144
 3977 0028 FFF7FEFF 		bl	HAL_DMA_Abort_IT
 3978              	.LVL253:
1602:Drivers/STM32G4xx_HAL_Driver/Src/stm32g4xx_hal_tim_ex.c ****     }
 3979              		.loc 1 1602 7 is_stmt 1 view .LVU1145
1634:Drivers/STM32G4xx_HAL_Driver/Src/stm32g4xx_hal_tim_ex.c ****   {
 3980              		.loc 1 1634 3 view .LVU1146
 3981              	.L345:
1637:Drivers/STM32G4xx_HAL_Driver/Src/stm32g4xx_hal_tim_ex.c **** 
 3982              		.loc 1 1637 5 view .LVU1147
 3983 002c 0022     		movs	r2, #0
 3984 002e 2146     		mov	r1, r4
 3985 0030 2868     		ldr	r0, [r5]
 3986 0032 FFF7FEFF 		bl	TIM_CCxNChannelCmd
 3987              	.LVL254:
1640:Drivers/STM32G4xx_HAL_Driver/Src/stm32g4xx_hal_tim_ex.c **** 
 3988              		.loc 1 1640 5 view .LVU1148
1640:Drivers/STM32G4xx_HAL_Driver/Src/stm32g4xx_hal_tim_ex.c **** 
 3989              		.loc 1 1640 5 view .LVU1149
 3990 0036 2A68     		ldr	r2, [r5]
 3991 0038 136A     		ldr	r3, [r2, #32]
 3992 003a 03F01133 		and	r3, r3, #286331153
 3993 003e 23F08853 		bic	r3, r3, #285212672
 3994 0042 43B9     		cbnz	r3, .L346
1640:Drivers/STM32G4xx_HAL_Driver/Src/stm32g4xx_hal_tim_ex.c **** 
 3995              		.loc 1 1640 5 discriminator 1 view .LVU1150
 3996 0044 116A     		ldr	r1, [r2, #32]
 3997 0046 44F24443 		movw	r3, #17476
 3998 004a 1942     		tst	r1, r3
 3999 004c 03D1     		bne	.L346
1640:Drivers/STM32G4xx_HAL_Driver/Src/stm32g4xx_hal_tim_ex.c **** 
 4000              		.loc 1 1640 5 discriminator 2 view .LVU1151
 4001 004e 536C     		ldr	r3, [r2, #68]
 4002 0050 23F40043 		bic	r3, r3, #32768
 4003 0054 5364     		str	r3, [r2, #68]
 4004              	.L346:
1640:Drivers/STM32G4xx_HAL_Driver/Src/stm32g4xx_hal_tim_ex.c **** 
 4005              		.loc 1 1640 5 discriminator 3 view .LVU1152
1643:Drivers/STM32G4xx_HAL_Driver/Src/stm32g4xx_hal_tim_ex.c **** 
 4006              		.loc 1 1643 5 view .LVU1153
1643:Drivers/STM32G4xx_HAL_Driver/Src/stm32g4xx_hal_tim_ex.c **** 
 4007              		.loc 1 1643 5 view .LVU1154
 4008 0056 2A68     		ldr	r2, [r5]
 4009 0058 136A     		ldr	r3, [r2, #32]
 4010 005a 03F01133 		and	r3, r3, #286331153
 4011 005e 23F08853 		bic	r3, r3, #285212672
ARM GAS  /tmp/ccX78w3T.s 			page 155


 4012 0062 43B9     		cbnz	r3, .L347
1643:Drivers/STM32G4xx_HAL_Driver/Src/stm32g4xx_hal_tim_ex.c **** 
 4013              		.loc 1 1643 5 discriminator 1 view .LVU1155
 4014 0064 116A     		ldr	r1, [r2, #32]
 4015 0066 44F24443 		movw	r3, #17476
 4016 006a 1942     		tst	r1, r3
 4017 006c 03D1     		bne	.L347
1643:Drivers/STM32G4xx_HAL_Driver/Src/stm32g4xx_hal_tim_ex.c **** 
 4018              		.loc 1 1643 5 discriminator 2 view .LVU1156
 4019 006e 1368     		ldr	r3, [r2]
 4020 0070 23F00103 		bic	r3, r3, #1
 4021 0074 1360     		str	r3, [r2]
 4022              	.L347:
1643:Drivers/STM32G4xx_HAL_Driver/Src/stm32g4xx_hal_tim_ex.c **** 
 4023              		.loc 1 1643 5 discriminator 3 view .LVU1157
1646:Drivers/STM32G4xx_HAL_Driver/Src/stm32g4xx_hal_tim_ex.c ****   }
 4024              		.loc 1 1646 5 view .LVU1158
 4025 0076 FCB9     		cbnz	r4, .L348
1646:Drivers/STM32G4xx_HAL_Driver/Src/stm32g4xx_hal_tim_ex.c ****   }
 4026              		.loc 1 1646 5 is_stmt 0 discriminator 1 view .LVU1159
 4027 0078 0123     		movs	r3, #1
 4028 007a 85F84430 		strb	r3, [r5, #68]
 4029              	.L350:
1595:Drivers/STM32G4xx_HAL_Driver/Src/stm32g4xx_hal_tim_ex.c ****   {
 4030              		.loc 1 1595 3 view .LVU1160
 4031 007e 0020     		movs	r0, #0
 4032 0080 2BE0     		b	.L339
 4033              	.LVL255:
 4034              	.L343:
1608:Drivers/STM32G4xx_HAL_Driver/Src/stm32g4xx_hal_tim_ex.c ****       (void)HAL_DMA_Abort_IT(htim->hdma[TIM_DMA_ID_CC2]);
 4035              		.loc 1 1608 7 is_stmt 1 view .LVU1161
 4036 0082 0268     		ldr	r2, [r0]
 4037 0084 D368     		ldr	r3, [r2, #12]
 4038 0086 23F48063 		bic	r3, r3, #1024
 4039 008a D360     		str	r3, [r2, #12]
1609:Drivers/STM32G4xx_HAL_Driver/Src/stm32g4xx_hal_tim_ex.c ****       break;
 4040              		.loc 1 1609 7 view .LVU1162
1609:Drivers/STM32G4xx_HAL_Driver/Src/stm32g4xx_hal_tim_ex.c ****       break;
 4041              		.loc 1 1609 13 is_stmt 0 view .LVU1163
 4042 008c 806A     		ldr	r0, [r0, #40]
 4043              	.LVL256:
1609:Drivers/STM32G4xx_HAL_Driver/Src/stm32g4xx_hal_tim_ex.c ****       break;
 4044              		.loc 1 1609 13 view .LVU1164
 4045 008e FFF7FEFF 		bl	HAL_DMA_Abort_IT
 4046              	.LVL257:
1610:Drivers/STM32G4xx_HAL_Driver/Src/stm32g4xx_hal_tim_ex.c ****     }
 4047              		.loc 1 1610 7 is_stmt 1 view .LVU1165
1634:Drivers/STM32G4xx_HAL_Driver/Src/stm32g4xx_hal_tim_ex.c ****   {
 4048              		.loc 1 1634 3 view .LVU1166
 4049 0092 CBE7     		b	.L345
 4050              	.LVL258:
 4051              	.L342:
1616:Drivers/STM32G4xx_HAL_Driver/Src/stm32g4xx_hal_tim_ex.c ****       (void)HAL_DMA_Abort_IT(htim->hdma[TIM_DMA_ID_CC3]);
 4052              		.loc 1 1616 7 view .LVU1167
 4053 0094 0268     		ldr	r2, [r0]
 4054 0096 D368     		ldr	r3, [r2, #12]
 4055 0098 23F40063 		bic	r3, r3, #2048
ARM GAS  /tmp/ccX78w3T.s 			page 156


 4056 009c D360     		str	r3, [r2, #12]
1617:Drivers/STM32G4xx_HAL_Driver/Src/stm32g4xx_hal_tim_ex.c ****       break;
 4057              		.loc 1 1617 7 view .LVU1168
1617:Drivers/STM32G4xx_HAL_Driver/Src/stm32g4xx_hal_tim_ex.c ****       break;
 4058              		.loc 1 1617 13 is_stmt 0 view .LVU1169
 4059 009e C06A     		ldr	r0, [r0, #44]
 4060              	.LVL259:
1617:Drivers/STM32G4xx_HAL_Driver/Src/stm32g4xx_hal_tim_ex.c ****       break;
 4061              		.loc 1 1617 13 view .LVU1170
 4062 00a0 FFF7FEFF 		bl	HAL_DMA_Abort_IT
 4063              	.LVL260:
1618:Drivers/STM32G4xx_HAL_Driver/Src/stm32g4xx_hal_tim_ex.c ****     }
 4064              		.loc 1 1618 7 is_stmt 1 view .LVU1171
1634:Drivers/STM32G4xx_HAL_Driver/Src/stm32g4xx_hal_tim_ex.c ****   {
 4065              		.loc 1 1634 3 view .LVU1172
 4066 00a4 C2E7     		b	.L345
 4067              	.LVL261:
 4068              	.L340:
1624:Drivers/STM32G4xx_HAL_Driver/Src/stm32g4xx_hal_tim_ex.c ****       (void)HAL_DMA_Abort_IT(htim->hdma[TIM_DMA_ID_CC4]);
 4069              		.loc 1 1624 7 view .LVU1173
 4070 00a6 0268     		ldr	r2, [r0]
 4071 00a8 D368     		ldr	r3, [r2, #12]
 4072 00aa 23F48053 		bic	r3, r3, #4096
 4073 00ae D360     		str	r3, [r2, #12]
1625:Drivers/STM32G4xx_HAL_Driver/Src/stm32g4xx_hal_tim_ex.c ****       break;
 4074              		.loc 1 1625 7 view .LVU1174
1625:Drivers/STM32G4xx_HAL_Driver/Src/stm32g4xx_hal_tim_ex.c ****       break;
 4075              		.loc 1 1625 13 is_stmt 0 view .LVU1175
 4076 00b0 006B     		ldr	r0, [r0, #48]
 4077              	.LVL262:
1625:Drivers/STM32G4xx_HAL_Driver/Src/stm32g4xx_hal_tim_ex.c ****       break;
 4078              		.loc 1 1625 13 view .LVU1176
 4079 00b2 FFF7FEFF 		bl	HAL_DMA_Abort_IT
 4080              	.LVL263:
1626:Drivers/STM32G4xx_HAL_Driver/Src/stm32g4xx_hal_tim_ex.c ****     }
 4081              		.loc 1 1626 7 is_stmt 1 view .LVU1177
1634:Drivers/STM32G4xx_HAL_Driver/Src/stm32g4xx_hal_tim_ex.c ****   {
 4082              		.loc 1 1634 3 view .LVU1178
 4083 00b6 B9E7     		b	.L345
 4084              	.L348:
1646:Drivers/STM32G4xx_HAL_Driver/Src/stm32g4xx_hal_tim_ex.c ****   }
 4085              		.loc 1 1646 5 is_stmt 0 discriminator 2 view .LVU1179
 4086 00b8 042C     		cmp	r4, #4
 4087 00ba 05D0     		beq	.L354
1646:Drivers/STM32G4xx_HAL_Driver/Src/stm32g4xx_hal_tim_ex.c ****   }
 4088              		.loc 1 1646 5 discriminator 4 view .LVU1180
 4089 00bc 082C     		cmp	r4, #8
 4090 00be 07D0     		beq	.L355
1646:Drivers/STM32G4xx_HAL_Driver/Src/stm32g4xx_hal_tim_ex.c ****   }
 4091              		.loc 1 1646 5 discriminator 6 view .LVU1181
 4092 00c0 0123     		movs	r3, #1
 4093 00c2 85F84730 		strb	r3, [r5, #71]
 4094 00c6 DAE7     		b	.L350
 4095              	.L354:
1646:Drivers/STM32G4xx_HAL_Driver/Src/stm32g4xx_hal_tim_ex.c ****   }
 4096              		.loc 1 1646 5 discriminator 3 view .LVU1182
 4097 00c8 0123     		movs	r3, #1
ARM GAS  /tmp/ccX78w3T.s 			page 157


 4098 00ca 85F84530 		strb	r3, [r5, #69]
 4099 00ce D6E7     		b	.L350
 4100              	.L355:
1646:Drivers/STM32G4xx_HAL_Driver/Src/stm32g4xx_hal_tim_ex.c ****   }
 4101              		.loc 1 1646 5 discriminator 5 view .LVU1183
 4102 00d0 0123     		movs	r3, #1
 4103 00d2 85F84630 		strb	r3, [r5, #70]
 4104 00d6 D2E7     		b	.L350
 4105              	.LVL264:
 4106              	.L352:
1595:Drivers/STM32G4xx_HAL_Driver/Src/stm32g4xx_hal_tim_ex.c ****   {
 4107              		.loc 1 1595 3 view .LVU1184
 4108 00d8 0120     		movs	r0, #1
 4109              	.LVL265:
 4110              	.L339:
1650:Drivers/STM32G4xx_HAL_Driver/Src/stm32g4xx_hal_tim_ex.c **** }
 4111              		.loc 1 1650 3 is_stmt 1 view .LVU1185
1651:Drivers/STM32G4xx_HAL_Driver/Src/stm32g4xx_hal_tim_ex.c **** 
 4112              		.loc 1 1651 1 is_stmt 0 view .LVU1186
 4113 00da 38BD     		pop	{r3, r4, r5, pc}
1651:Drivers/STM32G4xx_HAL_Driver/Src/stm32g4xx_hal_tim_ex.c **** 
 4114              		.loc 1 1651 1 view .LVU1187
 4115              		.cfi_endproc
 4116              	.LFE350:
 4118              		.section	.text.HAL_TIMEx_OnePulseN_Start,"ax",%progbits
 4119              		.align	1
 4120              		.global	HAL_TIMEx_OnePulseN_Start
 4121              		.syntax unified
 4122              		.thumb
 4123              		.thumb_func
 4125              	HAL_TIMEx_OnePulseN_Start:
 4126              	.LVL266:
 4127              	.LFB351:
1688:Drivers/STM32G4xx_HAL_Driver/Src/stm32g4xx_hal_tim_ex.c ****   uint32_t input_channel = (OutputChannel == TIM_CHANNEL_1) ? TIM_CHANNEL_2 : TIM_CHANNEL_1;
 4128              		.loc 1 1688 1 is_stmt 1 view -0
 4129              		.cfi_startproc
 4130              		@ args = 0, pretend = 0, frame = 0
 4131              		@ frame_needed = 0, uses_anonymous_args = 0
1688:Drivers/STM32G4xx_HAL_Driver/Src/stm32g4xx_hal_tim_ex.c ****   uint32_t input_channel = (OutputChannel == TIM_CHANNEL_1) ? TIM_CHANNEL_2 : TIM_CHANNEL_1;
 4132              		.loc 1 1688 1 is_stmt 0 view .LVU1189
 4133 0000 38B5     		push	{r3, r4, r5, lr}
 4134              	.LCFI26:
 4135              		.cfi_def_cfa_offset 16
 4136              		.cfi_offset 3, -16
 4137              		.cfi_offset 4, -12
 4138              		.cfi_offset 5, -8
 4139              		.cfi_offset 14, -4
 4140 0002 0446     		mov	r4, r0
1689:Drivers/STM32G4xx_HAL_Driver/Src/stm32g4xx_hal_tim_ex.c ****   HAL_TIM_ChannelStateTypeDef channel_1_state = TIM_CHANNEL_STATE_GET(htim, TIM_CHANNEL_1);
 4141              		.loc 1 1689 3 is_stmt 1 view .LVU1190
1689:Drivers/STM32G4xx_HAL_Driver/Src/stm32g4xx_hal_tim_ex.c ****   HAL_TIM_ChannelStateTypeDef channel_1_state = TIM_CHANNEL_STATE_GET(htim, TIM_CHANNEL_1);
 4142              		.loc 1 1689 77 is_stmt 0 view .LVU1191
 4143 0004 8E46     		mov	lr, r1
 4144 0006 A1B9     		cbnz	r1, .L359
1689:Drivers/STM32G4xx_HAL_Driver/Src/stm32g4xx_hal_tim_ex.c ****   HAL_TIM_ChannelStateTypeDef channel_1_state = TIM_CHANNEL_STATE_GET(htim, TIM_CHANNEL_1);
 4145              		.loc 1 1689 12 discriminator 1 view .LVU1192
 4146 0008 0423     		movs	r3, #4
ARM GAS  /tmp/ccX78w3T.s 			page 158


 4147 000a 1D46     		mov	r5, r3
 4148              	.L357:
 4149              	.LVL267:
1690:Drivers/STM32G4xx_HAL_Driver/Src/stm32g4xx_hal_tim_ex.c ****   HAL_TIM_ChannelStateTypeDef channel_2_state = TIM_CHANNEL_STATE_GET(htim, TIM_CHANNEL_2);
 4150              		.loc 1 1690 3 is_stmt 1 view .LVU1193
1690:Drivers/STM32G4xx_HAL_Driver/Src/stm32g4xx_hal_tim_ex.c ****   HAL_TIM_ChannelStateTypeDef channel_2_state = TIM_CHANNEL_STATE_GET(htim, TIM_CHANNEL_2);
 4151              		.loc 1 1690 31 is_stmt 0 view .LVU1194
 4152 000c 94F83E00 		ldrb	r0, [r4, #62]	@ zero_extendqisi2
 4153              	.LVL268:
1691:Drivers/STM32G4xx_HAL_Driver/Src/stm32g4xx_hal_tim_ex.c ****   HAL_TIM_ChannelStateTypeDef complementary_channel_1_state = TIM_CHANNEL_N_STATE_GET(htim, TIM_CHA
 4154              		.loc 1 1691 3 is_stmt 1 view .LVU1195
1691:Drivers/STM32G4xx_HAL_Driver/Src/stm32g4xx_hal_tim_ex.c ****   HAL_TIM_ChannelStateTypeDef complementary_channel_1_state = TIM_CHANNEL_N_STATE_GET(htim, TIM_CHA
 4155              		.loc 1 1691 31 is_stmt 0 view .LVU1196
 4156 0010 94F83F30 		ldrb	r3, [r4, #63]	@ zero_extendqisi2
 4157              	.LVL269:
1692:Drivers/STM32G4xx_HAL_Driver/Src/stm32g4xx_hal_tim_ex.c ****   HAL_TIM_ChannelStateTypeDef complementary_channel_2_state = TIM_CHANNEL_N_STATE_GET(htim, TIM_CHA
 4158              		.loc 1 1692 3 is_stmt 1 view .LVU1197
1692:Drivers/STM32G4xx_HAL_Driver/Src/stm32g4xx_hal_tim_ex.c ****   HAL_TIM_ChannelStateTypeDef complementary_channel_2_state = TIM_CHANNEL_N_STATE_GET(htim, TIM_CHA
 4159              		.loc 1 1692 31 is_stmt 0 view .LVU1198
 4160 0014 94F84420 		ldrb	r2, [r4, #68]	@ zero_extendqisi2
 4161              	.LVL270:
1693:Drivers/STM32G4xx_HAL_Driver/Src/stm32g4xx_hal_tim_ex.c **** 
 4162              		.loc 1 1693 3 is_stmt 1 view .LVU1199
1693:Drivers/STM32G4xx_HAL_Driver/Src/stm32g4xx_hal_tim_ex.c **** 
 4163              		.loc 1 1693 31 is_stmt 0 view .LVU1200
 4164 0018 94F845C0 		ldrb	ip, [r4, #69]	@ zero_extendqisi2
 4165              	.LVL271:
1696:Drivers/STM32G4xx_HAL_Driver/Src/stm32g4xx_hal_tim_ex.c **** 
 4166              		.loc 1 1696 3 is_stmt 1 view .LVU1201
1699:Drivers/STM32G4xx_HAL_Driver/Src/stm32g4xx_hal_tim_ex.c ****       || (channel_2_state != HAL_TIM_CHANNEL_STATE_READY)
 4167              		.loc 1 1699 3 view .LVU1202
1699:Drivers/STM32G4xx_HAL_Driver/Src/stm32g4xx_hal_tim_ex.c ****       || (channel_2_state != HAL_TIM_CHANNEL_STATE_READY)
 4168              		.loc 1 1699 6 is_stmt 0 view .LVU1203
 4169 001c 0128     		cmp	r0, #1
 4170 001e 25D1     		bne	.L360
1700:Drivers/STM32G4xx_HAL_Driver/Src/stm32g4xx_hal_tim_ex.c ****       || (complementary_channel_1_state != HAL_TIM_CHANNEL_STATE_READY)
 4171              		.loc 1 1700 7 view .LVU1204
 4172 0020 012B     		cmp	r3, #1
 4173 0022 24D1     		bne	.L358
1701:Drivers/STM32G4xx_HAL_Driver/Src/stm32g4xx_hal_tim_ex.c ****       || (complementary_channel_2_state != HAL_TIM_CHANNEL_STATE_READY))
 4174              		.loc 1 1701 7 view .LVU1205
 4175 0024 012A     		cmp	r2, #1
 4176 0026 23D1     		bne	.L361
1702:Drivers/STM32G4xx_HAL_Driver/Src/stm32g4xx_hal_tim_ex.c ****   {
 4177              		.loc 1 1702 7 view .LVU1206
 4178 0028 BCF1010F 		cmp	ip, #1
 4179 002c 04D0     		beq	.L364
1704:Drivers/STM32G4xx_HAL_Driver/Src/stm32g4xx_hal_tim_ex.c ****   }
 4180              		.loc 1 1704 12 view .LVU1207
 4181 002e 1046     		mov	r0, r2
 4182              	.LVL272:
1704:Drivers/STM32G4xx_HAL_Driver/Src/stm32g4xx_hal_tim_ex.c ****   }
 4183              		.loc 1 1704 12 view .LVU1208
 4184 0030 1DE0     		b	.L358
 4185              	.LVL273:
 4186              	.L359:
1689:Drivers/STM32G4xx_HAL_Driver/Src/stm32g4xx_hal_tim_ex.c ****   HAL_TIM_ChannelStateTypeDef channel_1_state = TIM_CHANNEL_STATE_GET(htim, TIM_CHANNEL_1);
ARM GAS  /tmp/ccX78w3T.s 			page 159


 4187              		.loc 1 1689 12 discriminator 2 view .LVU1209
 4188 0032 0023     		movs	r3, #0
 4189 0034 1D46     		mov	r5, r3
 4190 0036 E9E7     		b	.L357
 4191              	.LVL274:
 4192              	.L364:
1708:Drivers/STM32G4xx_HAL_Driver/Src/stm32g4xx_hal_tim_ex.c ****   TIM_CHANNEL_STATE_SET(htim, TIM_CHANNEL_2, HAL_TIM_CHANNEL_STATE_BUSY);
 4193              		.loc 1 1708 3 is_stmt 1 view .LVU1210
 4194 0038 0223     		movs	r3, #2
 4195              	.LVL275:
1708:Drivers/STM32G4xx_HAL_Driver/Src/stm32g4xx_hal_tim_ex.c ****   TIM_CHANNEL_STATE_SET(htim, TIM_CHANNEL_2, HAL_TIM_CHANNEL_STATE_BUSY);
 4196              		.loc 1 1708 3 is_stmt 0 view .LVU1211
 4197 003a 84F83E30 		strb	r3, [r4, #62]
1709:Drivers/STM32G4xx_HAL_Driver/Src/stm32g4xx_hal_tim_ex.c ****   TIM_CHANNEL_N_STATE_SET(htim, TIM_CHANNEL_1, HAL_TIM_CHANNEL_STATE_BUSY);
 4198              		.loc 1 1709 3 is_stmt 1 view .LVU1212
 4199 003e 84F83F30 		strb	r3, [r4, #63]
1710:Drivers/STM32G4xx_HAL_Driver/Src/stm32g4xx_hal_tim_ex.c ****   TIM_CHANNEL_N_STATE_SET(htim, TIM_CHANNEL_2, HAL_TIM_CHANNEL_STATE_BUSY);
 4200              		.loc 1 1710 3 view .LVU1213
 4201 0042 84F84430 		strb	r3, [r4, #68]
1711:Drivers/STM32G4xx_HAL_Driver/Src/stm32g4xx_hal_tim_ex.c **** 
 4202              		.loc 1 1711 3 view .LVU1214
 4203 0046 84F84530 		strb	r3, [r4, #69]
1714:Drivers/STM32G4xx_HAL_Driver/Src/stm32g4xx_hal_tim_ex.c ****   TIM_CCxChannelCmd(htim->Instance, input_channel, TIM_CCx_ENABLE);
 4204              		.loc 1 1714 3 view .LVU1215
 4205 004a 0422     		movs	r2, #4
 4206              	.LVL276:
1714:Drivers/STM32G4xx_HAL_Driver/Src/stm32g4xx_hal_tim_ex.c ****   TIM_CCxChannelCmd(htim->Instance, input_channel, TIM_CCx_ENABLE);
 4207              		.loc 1 1714 3 is_stmt 0 view .LVU1216
 4208 004c 7146     		mov	r1, lr
 4209              	.LVL277:
1714:Drivers/STM32G4xx_HAL_Driver/Src/stm32g4xx_hal_tim_ex.c ****   TIM_CCxChannelCmd(htim->Instance, input_channel, TIM_CCx_ENABLE);
 4210              		.loc 1 1714 3 view .LVU1217
 4211 004e 2068     		ldr	r0, [r4]
 4212              	.LVL278:
1714:Drivers/STM32G4xx_HAL_Driver/Src/stm32g4xx_hal_tim_ex.c ****   TIM_CCxChannelCmd(htim->Instance, input_channel, TIM_CCx_ENABLE);
 4213              		.loc 1 1714 3 view .LVU1218
 4214 0050 FFF7FEFF 		bl	TIM_CCxNChannelCmd
 4215              	.LVL279:
1715:Drivers/STM32G4xx_HAL_Driver/Src/stm32g4xx_hal_tim_ex.c **** 
 4216              		.loc 1 1715 3 is_stmt 1 view .LVU1219
 4217 0054 0122     		movs	r2, #1
 4218 0056 2946     		mov	r1, r5
 4219 0058 2068     		ldr	r0, [r4]
 4220 005a FFF7FEFF 		bl	TIM_CCxChannelCmd
 4221              	.LVL280:
1718:Drivers/STM32G4xx_HAL_Driver/Src/stm32g4xx_hal_tim_ex.c **** 
 4222              		.loc 1 1718 3 view .LVU1220
 4223 005e 2268     		ldr	r2, [r4]
 4224 0060 536C     		ldr	r3, [r2, #68]
 4225 0062 43F40043 		orr	r3, r3, #32768
 4226 0066 5364     		str	r3, [r2, #68]
1721:Drivers/STM32G4xx_HAL_Driver/Src/stm32g4xx_hal_tim_ex.c **** }
 4227              		.loc 1 1721 3 view .LVU1221
1721:Drivers/STM32G4xx_HAL_Driver/Src/stm32g4xx_hal_tim_ex.c **** }
 4228              		.loc 1 1721 10 is_stmt 0 view .LVU1222
 4229 0068 0020     		movs	r0, #0
 4230 006a 00E0     		b	.L358
ARM GAS  /tmp/ccX78w3T.s 			page 160


 4231              	.LVL281:
 4232              	.L360:
1704:Drivers/STM32G4xx_HAL_Driver/Src/stm32g4xx_hal_tim_ex.c ****   }
 4233              		.loc 1 1704 12 view .LVU1223
 4234 006c 0120     		movs	r0, #1
 4235              	.LVL282:
 4236              	.L358:
1722:Drivers/STM32G4xx_HAL_Driver/Src/stm32g4xx_hal_tim_ex.c **** 
 4237              		.loc 1 1722 1 view .LVU1224
 4238 006e 38BD     		pop	{r3, r4, r5, pc}
 4239              	.LVL283:
 4240              	.L361:
1704:Drivers/STM32G4xx_HAL_Driver/Src/stm32g4xx_hal_tim_ex.c ****   }
 4241              		.loc 1 1704 12 view .LVU1225
 4242 0070 1846     		mov	r0, r3
 4243              	.LVL284:
1704:Drivers/STM32G4xx_HAL_Driver/Src/stm32g4xx_hal_tim_ex.c ****   }
 4244              		.loc 1 1704 12 view .LVU1226
 4245 0072 FCE7     		b	.L358
 4246              		.cfi_endproc
 4247              	.LFE351:
 4249              		.section	.text.HAL_TIMEx_OnePulseN_Stop,"ax",%progbits
 4250              		.align	1
 4251              		.global	HAL_TIMEx_OnePulseN_Stop
 4252              		.syntax unified
 4253              		.thumb
 4254              		.thumb_func
 4256              	HAL_TIMEx_OnePulseN_Stop:
 4257              	.LVL285:
 4258              	.LFB352:
1737:Drivers/STM32G4xx_HAL_Driver/Src/stm32g4xx_hal_tim_ex.c ****   uint32_t input_channel = (OutputChannel == TIM_CHANNEL_1) ? TIM_CHANNEL_2 : TIM_CHANNEL_1;
 4259              		.loc 1 1737 1 is_stmt 1 view -0
 4260              		.cfi_startproc
 4261              		@ args = 0, pretend = 0, frame = 0
 4262              		@ frame_needed = 0, uses_anonymous_args = 0
1737:Drivers/STM32G4xx_HAL_Driver/Src/stm32g4xx_hal_tim_ex.c ****   uint32_t input_channel = (OutputChannel == TIM_CHANNEL_1) ? TIM_CHANNEL_2 : TIM_CHANNEL_1;
 4263              		.loc 1 1737 1 is_stmt 0 view .LVU1228
 4264 0000 38B5     		push	{r3, r4, r5, lr}
 4265              	.LCFI27:
 4266              		.cfi_def_cfa_offset 16
 4267              		.cfi_offset 3, -16
 4268              		.cfi_offset 4, -12
 4269              		.cfi_offset 5, -8
 4270              		.cfi_offset 14, -4
 4271 0002 0446     		mov	r4, r0
1738:Drivers/STM32G4xx_HAL_Driver/Src/stm32g4xx_hal_tim_ex.c **** 
 4272              		.loc 1 1738 3 is_stmt 1 view .LVU1229
1738:Drivers/STM32G4xx_HAL_Driver/Src/stm32g4xx_hal_tim_ex.c **** 
 4273              		.loc 1 1738 77 is_stmt 0 view .LVU1230
 4274 0004 0029     		cmp	r1, #0
 4275 0006 35D1     		bne	.L369
1738:Drivers/STM32G4xx_HAL_Driver/Src/stm32g4xx_hal_tim_ex.c **** 
 4276              		.loc 1 1738 12 discriminator 1 view .LVU1231
 4277 0008 0423     		movs	r3, #4
 4278 000a 1D46     		mov	r5, r3
 4279              	.L366:
 4280              	.LVL286:
ARM GAS  /tmp/ccX78w3T.s 			page 161


1741:Drivers/STM32G4xx_HAL_Driver/Src/stm32g4xx_hal_tim_ex.c **** 
 4281              		.loc 1 1741 3 is_stmt 1 view .LVU1232
1744:Drivers/STM32G4xx_HAL_Driver/Src/stm32g4xx_hal_tim_ex.c ****   TIM_CCxChannelCmd(htim->Instance, input_channel, TIM_CCx_DISABLE);
 4282              		.loc 1 1744 3 view .LVU1233
 4283 000c 0022     		movs	r2, #0
 4284 000e 2068     		ldr	r0, [r4]
 4285              	.LVL287:
1744:Drivers/STM32G4xx_HAL_Driver/Src/stm32g4xx_hal_tim_ex.c ****   TIM_CCxChannelCmd(htim->Instance, input_channel, TIM_CCx_DISABLE);
 4286              		.loc 1 1744 3 is_stmt 0 view .LVU1234
 4287 0010 FFF7FEFF 		bl	TIM_CCxNChannelCmd
 4288              	.LVL288:
1745:Drivers/STM32G4xx_HAL_Driver/Src/stm32g4xx_hal_tim_ex.c **** 
 4289              		.loc 1 1745 3 is_stmt 1 view .LVU1235
 4290 0014 0022     		movs	r2, #0
 4291 0016 2946     		mov	r1, r5
 4292 0018 2068     		ldr	r0, [r4]
 4293 001a FFF7FEFF 		bl	TIM_CCxChannelCmd
 4294              	.LVL289:
1748:Drivers/STM32G4xx_HAL_Driver/Src/stm32g4xx_hal_tim_ex.c **** 
 4295              		.loc 1 1748 3 view .LVU1236
1748:Drivers/STM32G4xx_HAL_Driver/Src/stm32g4xx_hal_tim_ex.c **** 
 4296              		.loc 1 1748 3 view .LVU1237
 4297 001e 2268     		ldr	r2, [r4]
 4298 0020 136A     		ldr	r3, [r2, #32]
 4299 0022 03F01133 		and	r3, r3, #286331153
 4300 0026 23F08853 		bic	r3, r3, #285212672
 4301 002a 43B9     		cbnz	r3, .L367
1748:Drivers/STM32G4xx_HAL_Driver/Src/stm32g4xx_hal_tim_ex.c **** 
 4302              		.loc 1 1748 3 discriminator 1 view .LVU1238
 4303 002c 116A     		ldr	r1, [r2, #32]
 4304 002e 44F24443 		movw	r3, #17476
 4305 0032 1942     		tst	r1, r3
 4306 0034 03D1     		bne	.L367
1748:Drivers/STM32G4xx_HAL_Driver/Src/stm32g4xx_hal_tim_ex.c **** 
 4307              		.loc 1 1748 3 discriminator 2 view .LVU1239
 4308 0036 536C     		ldr	r3, [r2, #68]
 4309 0038 23F40043 		bic	r3, r3, #32768
 4310 003c 5364     		str	r3, [r2, #68]
 4311              	.L367:
1748:Drivers/STM32G4xx_HAL_Driver/Src/stm32g4xx_hal_tim_ex.c **** 
 4312              		.loc 1 1748 3 discriminator 3 view .LVU1240
1751:Drivers/STM32G4xx_HAL_Driver/Src/stm32g4xx_hal_tim_ex.c **** 
 4313              		.loc 1 1751 3 view .LVU1241
1751:Drivers/STM32G4xx_HAL_Driver/Src/stm32g4xx_hal_tim_ex.c **** 
 4314              		.loc 1 1751 3 view .LVU1242
 4315 003e 2268     		ldr	r2, [r4]
 4316 0040 136A     		ldr	r3, [r2, #32]
 4317 0042 03F01133 		and	r3, r3, #286331153
 4318 0046 23F08853 		bic	r3, r3, #285212672
 4319 004a 43B9     		cbnz	r3, .L368
1751:Drivers/STM32G4xx_HAL_Driver/Src/stm32g4xx_hal_tim_ex.c **** 
 4320              		.loc 1 1751 3 discriminator 1 view .LVU1243
 4321 004c 116A     		ldr	r1, [r2, #32]
 4322 004e 44F24443 		movw	r3, #17476
 4323 0052 1942     		tst	r1, r3
 4324 0054 03D1     		bne	.L368
1751:Drivers/STM32G4xx_HAL_Driver/Src/stm32g4xx_hal_tim_ex.c **** 
ARM GAS  /tmp/ccX78w3T.s 			page 162


 4325              		.loc 1 1751 3 discriminator 2 view .LVU1244
 4326 0056 1368     		ldr	r3, [r2]
 4327 0058 23F00103 		bic	r3, r3, #1
 4328 005c 1360     		str	r3, [r2]
 4329              	.L368:
1751:Drivers/STM32G4xx_HAL_Driver/Src/stm32g4xx_hal_tim_ex.c **** 
 4330              		.loc 1 1751 3 discriminator 3 view .LVU1245
1754:Drivers/STM32G4xx_HAL_Driver/Src/stm32g4xx_hal_tim_ex.c ****   TIM_CHANNEL_STATE_SET(htim, TIM_CHANNEL_2, HAL_TIM_CHANNEL_STATE_READY);
 4331              		.loc 1 1754 3 view .LVU1246
 4332 005e 0123     		movs	r3, #1
 4333 0060 84F83E30 		strb	r3, [r4, #62]
1755:Drivers/STM32G4xx_HAL_Driver/Src/stm32g4xx_hal_tim_ex.c ****   TIM_CHANNEL_N_STATE_SET(htim, TIM_CHANNEL_1, HAL_TIM_CHANNEL_STATE_READY);
 4334              		.loc 1 1755 3 view .LVU1247
 4335 0064 84F83F30 		strb	r3, [r4, #63]
1756:Drivers/STM32G4xx_HAL_Driver/Src/stm32g4xx_hal_tim_ex.c ****   TIM_CHANNEL_N_STATE_SET(htim, TIM_CHANNEL_2, HAL_TIM_CHANNEL_STATE_READY);
 4336              		.loc 1 1756 3 view .LVU1248
 4337 0068 84F84430 		strb	r3, [r4, #68]
1757:Drivers/STM32G4xx_HAL_Driver/Src/stm32g4xx_hal_tim_ex.c **** 
 4338              		.loc 1 1757 3 view .LVU1249
 4339 006c 84F84530 		strb	r3, [r4, #69]
1760:Drivers/STM32G4xx_HAL_Driver/Src/stm32g4xx_hal_tim_ex.c **** }
 4340              		.loc 1 1760 3 view .LVU1250
1761:Drivers/STM32G4xx_HAL_Driver/Src/stm32g4xx_hal_tim_ex.c **** 
 4341              		.loc 1 1761 1 is_stmt 0 view .LVU1251
 4342 0070 0020     		movs	r0, #0
 4343 0072 38BD     		pop	{r3, r4, r5, pc}
 4344              	.LVL290:
 4345              	.L369:
1738:Drivers/STM32G4xx_HAL_Driver/Src/stm32g4xx_hal_tim_ex.c **** 
 4346              		.loc 1 1738 12 discriminator 2 view .LVU1252
 4347 0074 0023     		movs	r3, #0
 4348 0076 1D46     		mov	r5, r3
 4349 0078 C8E7     		b	.L366
 4350              		.cfi_endproc
 4351              	.LFE352:
 4353              		.section	.text.HAL_TIMEx_OnePulseN_Start_IT,"ax",%progbits
 4354              		.align	1
 4355              		.global	HAL_TIMEx_OnePulseN_Start_IT
 4356              		.syntax unified
 4357              		.thumb
 4358              		.thumb_func
 4360              	HAL_TIMEx_OnePulseN_Start_IT:
 4361              	.LVL291:
 4362              	.LFB353:
1776:Drivers/STM32G4xx_HAL_Driver/Src/stm32g4xx_hal_tim_ex.c ****   uint32_t input_channel = (OutputChannel == TIM_CHANNEL_1) ? TIM_CHANNEL_2 : TIM_CHANNEL_1;
 4363              		.loc 1 1776 1 is_stmt 1 view -0
 4364              		.cfi_startproc
 4365              		@ args = 0, pretend = 0, frame = 0
 4366              		@ frame_needed = 0, uses_anonymous_args = 0
1776:Drivers/STM32G4xx_HAL_Driver/Src/stm32g4xx_hal_tim_ex.c ****   uint32_t input_channel = (OutputChannel == TIM_CHANNEL_1) ? TIM_CHANNEL_2 : TIM_CHANNEL_1;
 4367              		.loc 1 1776 1 is_stmt 0 view .LVU1254
 4368 0000 38B5     		push	{r3, r4, r5, lr}
 4369              	.LCFI28:
 4370              		.cfi_def_cfa_offset 16
 4371              		.cfi_offset 3, -16
 4372              		.cfi_offset 4, -12
 4373              		.cfi_offset 5, -8
ARM GAS  /tmp/ccX78w3T.s 			page 163


 4374              		.cfi_offset 14, -4
 4375 0002 0446     		mov	r4, r0
1777:Drivers/STM32G4xx_HAL_Driver/Src/stm32g4xx_hal_tim_ex.c ****   HAL_TIM_ChannelStateTypeDef channel_1_state = TIM_CHANNEL_STATE_GET(htim, TIM_CHANNEL_1);
 4376              		.loc 1 1777 3 is_stmt 1 view .LVU1255
1777:Drivers/STM32G4xx_HAL_Driver/Src/stm32g4xx_hal_tim_ex.c ****   HAL_TIM_ChannelStateTypeDef channel_1_state = TIM_CHANNEL_STATE_GET(htim, TIM_CHANNEL_1);
 4377              		.loc 1 1777 77 is_stmt 0 view .LVU1256
 4378 0004 8E46     		mov	lr, r1
 4379 0006 A1B9     		cbnz	r1, .L374
1777:Drivers/STM32G4xx_HAL_Driver/Src/stm32g4xx_hal_tim_ex.c ****   HAL_TIM_ChannelStateTypeDef channel_1_state = TIM_CHANNEL_STATE_GET(htim, TIM_CHANNEL_1);
 4380              		.loc 1 1777 12 discriminator 1 view .LVU1257
 4381 0008 0423     		movs	r3, #4
 4382 000a 1D46     		mov	r5, r3
 4383              	.L372:
 4384              	.LVL292:
1778:Drivers/STM32G4xx_HAL_Driver/Src/stm32g4xx_hal_tim_ex.c ****   HAL_TIM_ChannelStateTypeDef channel_2_state = TIM_CHANNEL_STATE_GET(htim, TIM_CHANNEL_2);
 4385              		.loc 1 1778 3 is_stmt 1 view .LVU1258
1778:Drivers/STM32G4xx_HAL_Driver/Src/stm32g4xx_hal_tim_ex.c ****   HAL_TIM_ChannelStateTypeDef channel_2_state = TIM_CHANNEL_STATE_GET(htim, TIM_CHANNEL_2);
 4386              		.loc 1 1778 31 is_stmt 0 view .LVU1259
 4387 000c 94F83E00 		ldrb	r0, [r4, #62]	@ zero_extendqisi2
 4388              	.LVL293:
1779:Drivers/STM32G4xx_HAL_Driver/Src/stm32g4xx_hal_tim_ex.c ****   HAL_TIM_ChannelStateTypeDef complementary_channel_1_state = TIM_CHANNEL_N_STATE_GET(htim, TIM_CHA
 4389              		.loc 1 1779 3 is_stmt 1 view .LVU1260
1779:Drivers/STM32G4xx_HAL_Driver/Src/stm32g4xx_hal_tim_ex.c ****   HAL_TIM_ChannelStateTypeDef complementary_channel_1_state = TIM_CHANNEL_N_STATE_GET(htim, TIM_CHA
 4390              		.loc 1 1779 31 is_stmt 0 view .LVU1261
 4391 0010 94F83F30 		ldrb	r3, [r4, #63]	@ zero_extendqisi2
 4392              	.LVL294:
1780:Drivers/STM32G4xx_HAL_Driver/Src/stm32g4xx_hal_tim_ex.c ****   HAL_TIM_ChannelStateTypeDef complementary_channel_2_state = TIM_CHANNEL_N_STATE_GET(htim, TIM_CHA
 4393              		.loc 1 1780 3 is_stmt 1 view .LVU1262
1780:Drivers/STM32G4xx_HAL_Driver/Src/stm32g4xx_hal_tim_ex.c ****   HAL_TIM_ChannelStateTypeDef complementary_channel_2_state = TIM_CHANNEL_N_STATE_GET(htim, TIM_CHA
 4394              		.loc 1 1780 31 is_stmt 0 view .LVU1263
 4395 0014 94F84420 		ldrb	r2, [r4, #68]	@ zero_extendqisi2
 4396              	.LVL295:
1781:Drivers/STM32G4xx_HAL_Driver/Src/stm32g4xx_hal_tim_ex.c **** 
 4397              		.loc 1 1781 3 is_stmt 1 view .LVU1264
1781:Drivers/STM32G4xx_HAL_Driver/Src/stm32g4xx_hal_tim_ex.c **** 
 4398              		.loc 1 1781 31 is_stmt 0 view .LVU1265
 4399 0018 94F845C0 		ldrb	ip, [r4, #69]	@ zero_extendqisi2
 4400              	.LVL296:
1784:Drivers/STM32G4xx_HAL_Driver/Src/stm32g4xx_hal_tim_ex.c **** 
 4401              		.loc 1 1784 3 is_stmt 1 view .LVU1266
1787:Drivers/STM32G4xx_HAL_Driver/Src/stm32g4xx_hal_tim_ex.c ****       || (channel_2_state != HAL_TIM_CHANNEL_STATE_READY)
 4402              		.loc 1 1787 3 view .LVU1267
1787:Drivers/STM32G4xx_HAL_Driver/Src/stm32g4xx_hal_tim_ex.c ****       || (channel_2_state != HAL_TIM_CHANNEL_STATE_READY)
 4403              		.loc 1 1787 6 is_stmt 0 view .LVU1268
 4404 001c 0128     		cmp	r0, #1
 4405 001e 2FD1     		bne	.L375
1788:Drivers/STM32G4xx_HAL_Driver/Src/stm32g4xx_hal_tim_ex.c ****       || (complementary_channel_1_state != HAL_TIM_CHANNEL_STATE_READY)
 4406              		.loc 1 1788 7 view .LVU1269
 4407 0020 012B     		cmp	r3, #1
 4408 0022 2ED1     		bne	.L373
1789:Drivers/STM32G4xx_HAL_Driver/Src/stm32g4xx_hal_tim_ex.c ****       || (complementary_channel_2_state != HAL_TIM_CHANNEL_STATE_READY))
 4409              		.loc 1 1789 7 view .LVU1270
 4410 0024 012A     		cmp	r2, #1
 4411 0026 2DD1     		bne	.L376
1790:Drivers/STM32G4xx_HAL_Driver/Src/stm32g4xx_hal_tim_ex.c ****   {
 4412              		.loc 1 1790 7 view .LVU1271
 4413 0028 BCF1010F 		cmp	ip, #1
ARM GAS  /tmp/ccX78w3T.s 			page 164


 4414 002c 04D0     		beq	.L379
1792:Drivers/STM32G4xx_HAL_Driver/Src/stm32g4xx_hal_tim_ex.c ****   }
 4415              		.loc 1 1792 12 view .LVU1272
 4416 002e 1046     		mov	r0, r2
 4417              	.LVL297:
1792:Drivers/STM32G4xx_HAL_Driver/Src/stm32g4xx_hal_tim_ex.c ****   }
 4418              		.loc 1 1792 12 view .LVU1273
 4419 0030 27E0     		b	.L373
 4420              	.LVL298:
 4421              	.L374:
1777:Drivers/STM32G4xx_HAL_Driver/Src/stm32g4xx_hal_tim_ex.c ****   HAL_TIM_ChannelStateTypeDef channel_1_state = TIM_CHANNEL_STATE_GET(htim, TIM_CHANNEL_1);
 4422              		.loc 1 1777 12 discriminator 2 view .LVU1274
 4423 0032 0023     		movs	r3, #0
 4424 0034 1D46     		mov	r5, r3
 4425 0036 E9E7     		b	.L372
 4426              	.LVL299:
 4427              	.L379:
1796:Drivers/STM32G4xx_HAL_Driver/Src/stm32g4xx_hal_tim_ex.c ****   TIM_CHANNEL_STATE_SET(htim, TIM_CHANNEL_2, HAL_TIM_CHANNEL_STATE_BUSY);
 4428              		.loc 1 1796 3 is_stmt 1 view .LVU1275
 4429 0038 0223     		movs	r3, #2
 4430              	.LVL300:
1796:Drivers/STM32G4xx_HAL_Driver/Src/stm32g4xx_hal_tim_ex.c ****   TIM_CHANNEL_STATE_SET(htim, TIM_CHANNEL_2, HAL_TIM_CHANNEL_STATE_BUSY);
 4431              		.loc 1 1796 3 is_stmt 0 view .LVU1276
 4432 003a 84F83E30 		strb	r3, [r4, #62]
1797:Drivers/STM32G4xx_HAL_Driver/Src/stm32g4xx_hal_tim_ex.c ****   TIM_CHANNEL_N_STATE_SET(htim, TIM_CHANNEL_1, HAL_TIM_CHANNEL_STATE_BUSY);
 4433              		.loc 1 1797 3 is_stmt 1 view .LVU1277
 4434 003e 84F83F30 		strb	r3, [r4, #63]
1798:Drivers/STM32G4xx_HAL_Driver/Src/stm32g4xx_hal_tim_ex.c ****   TIM_CHANNEL_N_STATE_SET(htim, TIM_CHANNEL_2, HAL_TIM_CHANNEL_STATE_BUSY);
 4435              		.loc 1 1798 3 view .LVU1278
 4436 0042 84F84430 		strb	r3, [r4, #68]
1799:Drivers/STM32G4xx_HAL_Driver/Src/stm32g4xx_hal_tim_ex.c **** 
 4437              		.loc 1 1799 3 view .LVU1279
 4438 0046 84F84530 		strb	r3, [r4, #69]
1802:Drivers/STM32G4xx_HAL_Driver/Src/stm32g4xx_hal_tim_ex.c **** 
 4439              		.loc 1 1802 3 view .LVU1280
 4440 004a 2268     		ldr	r2, [r4]
 4441              	.LVL301:
1802:Drivers/STM32G4xx_HAL_Driver/Src/stm32g4xx_hal_tim_ex.c **** 
 4442              		.loc 1 1802 3 is_stmt 0 view .LVU1281
 4443 004c D368     		ldr	r3, [r2, #12]
 4444 004e 43F00203 		orr	r3, r3, #2
 4445 0052 D360     		str	r3, [r2, #12]
1805:Drivers/STM32G4xx_HAL_Driver/Src/stm32g4xx_hal_tim_ex.c **** 
 4446              		.loc 1 1805 3 is_stmt 1 view .LVU1282
 4447 0054 2268     		ldr	r2, [r4]
 4448 0056 D368     		ldr	r3, [r2, #12]
 4449 0058 43F00403 		orr	r3, r3, #4
 4450 005c D360     		str	r3, [r2, #12]
1808:Drivers/STM32G4xx_HAL_Driver/Src/stm32g4xx_hal_tim_ex.c ****   TIM_CCxChannelCmd(htim->Instance, input_channel, TIM_CCx_ENABLE);
 4451              		.loc 1 1808 3 view .LVU1283
 4452 005e 0422     		movs	r2, #4
 4453 0060 7146     		mov	r1, lr
 4454              	.LVL302:
1808:Drivers/STM32G4xx_HAL_Driver/Src/stm32g4xx_hal_tim_ex.c ****   TIM_CCxChannelCmd(htim->Instance, input_channel, TIM_CCx_ENABLE);
 4455              		.loc 1 1808 3 is_stmt 0 view .LVU1284
 4456 0062 2068     		ldr	r0, [r4]
 4457              	.LVL303:
ARM GAS  /tmp/ccX78w3T.s 			page 165


1808:Drivers/STM32G4xx_HAL_Driver/Src/stm32g4xx_hal_tim_ex.c ****   TIM_CCxChannelCmd(htim->Instance, input_channel, TIM_CCx_ENABLE);
 4458              		.loc 1 1808 3 view .LVU1285
 4459 0064 FFF7FEFF 		bl	TIM_CCxNChannelCmd
 4460              	.LVL304:
1809:Drivers/STM32G4xx_HAL_Driver/Src/stm32g4xx_hal_tim_ex.c **** 
 4461              		.loc 1 1809 3 is_stmt 1 view .LVU1286
 4462 0068 0122     		movs	r2, #1
 4463 006a 2946     		mov	r1, r5
 4464 006c 2068     		ldr	r0, [r4]
 4465 006e FFF7FEFF 		bl	TIM_CCxChannelCmd
 4466              	.LVL305:
1812:Drivers/STM32G4xx_HAL_Driver/Src/stm32g4xx_hal_tim_ex.c **** 
 4467              		.loc 1 1812 3 view .LVU1287
 4468 0072 2268     		ldr	r2, [r4]
 4469 0074 536C     		ldr	r3, [r2, #68]
 4470 0076 43F40043 		orr	r3, r3, #32768
 4471 007a 5364     		str	r3, [r2, #68]
1815:Drivers/STM32G4xx_HAL_Driver/Src/stm32g4xx_hal_tim_ex.c **** }
 4472              		.loc 1 1815 3 view .LVU1288
1815:Drivers/STM32G4xx_HAL_Driver/Src/stm32g4xx_hal_tim_ex.c **** }
 4473              		.loc 1 1815 10 is_stmt 0 view .LVU1289
 4474 007c 0020     		movs	r0, #0
 4475 007e 00E0     		b	.L373
 4476              	.LVL306:
 4477              	.L375:
1792:Drivers/STM32G4xx_HAL_Driver/Src/stm32g4xx_hal_tim_ex.c ****   }
 4478              		.loc 1 1792 12 view .LVU1290
 4479 0080 0120     		movs	r0, #1
 4480              	.LVL307:
 4481              	.L373:
1816:Drivers/STM32G4xx_HAL_Driver/Src/stm32g4xx_hal_tim_ex.c **** 
 4482              		.loc 1 1816 1 view .LVU1291
 4483 0082 38BD     		pop	{r3, r4, r5, pc}
 4484              	.LVL308:
 4485              	.L376:
1792:Drivers/STM32G4xx_HAL_Driver/Src/stm32g4xx_hal_tim_ex.c ****   }
 4486              		.loc 1 1792 12 view .LVU1292
 4487 0084 1846     		mov	r0, r3
 4488              	.LVL309:
1792:Drivers/STM32G4xx_HAL_Driver/Src/stm32g4xx_hal_tim_ex.c ****   }
 4489              		.loc 1 1792 12 view .LVU1293
 4490 0086 FCE7     		b	.L373
 4491              		.cfi_endproc
 4492              	.LFE353:
 4494              		.section	.text.HAL_TIMEx_OnePulseN_Stop_IT,"ax",%progbits
 4495              		.align	1
 4496              		.global	HAL_TIMEx_OnePulseN_Stop_IT
 4497              		.syntax unified
 4498              		.thumb
 4499              		.thumb_func
 4501              	HAL_TIMEx_OnePulseN_Stop_IT:
 4502              	.LVL310:
 4503              	.LFB354:
1831:Drivers/STM32G4xx_HAL_Driver/Src/stm32g4xx_hal_tim_ex.c ****   uint32_t input_channel = (OutputChannel == TIM_CHANNEL_1) ? TIM_CHANNEL_2 : TIM_CHANNEL_1;
 4504              		.loc 1 1831 1 is_stmt 1 view -0
 4505              		.cfi_startproc
 4506              		@ args = 0, pretend = 0, frame = 0
ARM GAS  /tmp/ccX78w3T.s 			page 166


 4507              		@ frame_needed = 0, uses_anonymous_args = 0
1831:Drivers/STM32G4xx_HAL_Driver/Src/stm32g4xx_hal_tim_ex.c ****   uint32_t input_channel = (OutputChannel == TIM_CHANNEL_1) ? TIM_CHANNEL_2 : TIM_CHANNEL_1;
 4508              		.loc 1 1831 1 is_stmt 0 view .LVU1295
 4509 0000 38B5     		push	{r3, r4, r5, lr}
 4510              	.LCFI29:
 4511              		.cfi_def_cfa_offset 16
 4512              		.cfi_offset 3, -16
 4513              		.cfi_offset 4, -12
 4514              		.cfi_offset 5, -8
 4515              		.cfi_offset 14, -4
 4516 0002 0446     		mov	r4, r0
1832:Drivers/STM32G4xx_HAL_Driver/Src/stm32g4xx_hal_tim_ex.c **** 
 4517              		.loc 1 1832 3 is_stmt 1 view .LVU1296
1832:Drivers/STM32G4xx_HAL_Driver/Src/stm32g4xx_hal_tim_ex.c **** 
 4518              		.loc 1 1832 77 is_stmt 0 view .LVU1297
 4519 0004 0029     		cmp	r1, #0
 4520 0006 3FD1     		bne	.L384
1832:Drivers/STM32G4xx_HAL_Driver/Src/stm32g4xx_hal_tim_ex.c **** 
 4521              		.loc 1 1832 12 discriminator 1 view .LVU1298
 4522 0008 0423     		movs	r3, #4
 4523 000a 1D46     		mov	r5, r3
 4524              	.L381:
 4525              	.LVL311:
1835:Drivers/STM32G4xx_HAL_Driver/Src/stm32g4xx_hal_tim_ex.c **** 
 4526              		.loc 1 1835 3 is_stmt 1 view .LVU1299
1838:Drivers/STM32G4xx_HAL_Driver/Src/stm32g4xx_hal_tim_ex.c **** 
 4527              		.loc 1 1838 3 view .LVU1300
 4528 000c 2268     		ldr	r2, [r4]
 4529 000e D368     		ldr	r3, [r2, #12]
 4530 0010 23F00203 		bic	r3, r3, #2
 4531 0014 D360     		str	r3, [r2, #12]
1841:Drivers/STM32G4xx_HAL_Driver/Src/stm32g4xx_hal_tim_ex.c **** 
 4532              		.loc 1 1841 3 view .LVU1301
 4533 0016 2268     		ldr	r2, [r4]
 4534 0018 D368     		ldr	r3, [r2, #12]
 4535 001a 23F00403 		bic	r3, r3, #4
 4536 001e D360     		str	r3, [r2, #12]
1844:Drivers/STM32G4xx_HAL_Driver/Src/stm32g4xx_hal_tim_ex.c ****   TIM_CCxChannelCmd(htim->Instance, input_channel, TIM_CCx_DISABLE);
 4537              		.loc 1 1844 3 view .LVU1302
 4538 0020 0022     		movs	r2, #0
 4539 0022 2068     		ldr	r0, [r4]
 4540              	.LVL312:
1844:Drivers/STM32G4xx_HAL_Driver/Src/stm32g4xx_hal_tim_ex.c ****   TIM_CCxChannelCmd(htim->Instance, input_channel, TIM_CCx_DISABLE);
 4541              		.loc 1 1844 3 is_stmt 0 view .LVU1303
 4542 0024 FFF7FEFF 		bl	TIM_CCxNChannelCmd
 4543              	.LVL313:
1845:Drivers/STM32G4xx_HAL_Driver/Src/stm32g4xx_hal_tim_ex.c **** 
 4544              		.loc 1 1845 3 is_stmt 1 view .LVU1304
 4545 0028 0022     		movs	r2, #0
 4546 002a 2946     		mov	r1, r5
 4547 002c 2068     		ldr	r0, [r4]
 4548 002e FFF7FEFF 		bl	TIM_CCxChannelCmd
 4549              	.LVL314:
1848:Drivers/STM32G4xx_HAL_Driver/Src/stm32g4xx_hal_tim_ex.c **** 
 4550              		.loc 1 1848 3 view .LVU1305
1848:Drivers/STM32G4xx_HAL_Driver/Src/stm32g4xx_hal_tim_ex.c **** 
 4551              		.loc 1 1848 3 view .LVU1306
ARM GAS  /tmp/ccX78w3T.s 			page 167


 4552 0032 2268     		ldr	r2, [r4]
 4553 0034 136A     		ldr	r3, [r2, #32]
 4554 0036 03F01133 		and	r3, r3, #286331153
 4555 003a 23F08853 		bic	r3, r3, #285212672
 4556 003e 43B9     		cbnz	r3, .L382
1848:Drivers/STM32G4xx_HAL_Driver/Src/stm32g4xx_hal_tim_ex.c **** 
 4557              		.loc 1 1848 3 discriminator 1 view .LVU1307
 4558 0040 116A     		ldr	r1, [r2, #32]
 4559 0042 44F24443 		movw	r3, #17476
 4560 0046 1942     		tst	r1, r3
 4561 0048 03D1     		bne	.L382
1848:Drivers/STM32G4xx_HAL_Driver/Src/stm32g4xx_hal_tim_ex.c **** 
 4562              		.loc 1 1848 3 discriminator 2 view .LVU1308
 4563 004a 536C     		ldr	r3, [r2, #68]
 4564 004c 23F40043 		bic	r3, r3, #32768
 4565 0050 5364     		str	r3, [r2, #68]
 4566              	.L382:
1848:Drivers/STM32G4xx_HAL_Driver/Src/stm32g4xx_hal_tim_ex.c **** 
 4567              		.loc 1 1848 3 discriminator 3 view .LVU1309
1851:Drivers/STM32G4xx_HAL_Driver/Src/stm32g4xx_hal_tim_ex.c **** 
 4568              		.loc 1 1851 3 view .LVU1310
1851:Drivers/STM32G4xx_HAL_Driver/Src/stm32g4xx_hal_tim_ex.c **** 
 4569              		.loc 1 1851 3 view .LVU1311
 4570 0052 2268     		ldr	r2, [r4]
 4571 0054 136A     		ldr	r3, [r2, #32]
 4572 0056 03F01133 		and	r3, r3, #286331153
 4573 005a 23F08853 		bic	r3, r3, #285212672
 4574 005e 43B9     		cbnz	r3, .L383
1851:Drivers/STM32G4xx_HAL_Driver/Src/stm32g4xx_hal_tim_ex.c **** 
 4575              		.loc 1 1851 3 discriminator 1 view .LVU1312
 4576 0060 116A     		ldr	r1, [r2, #32]
 4577 0062 44F24443 		movw	r3, #17476
 4578 0066 1942     		tst	r1, r3
 4579 0068 03D1     		bne	.L383
1851:Drivers/STM32G4xx_HAL_Driver/Src/stm32g4xx_hal_tim_ex.c **** 
 4580              		.loc 1 1851 3 discriminator 2 view .LVU1313
 4581 006a 1368     		ldr	r3, [r2]
 4582 006c 23F00103 		bic	r3, r3, #1
 4583 0070 1360     		str	r3, [r2]
 4584              	.L383:
1851:Drivers/STM32G4xx_HAL_Driver/Src/stm32g4xx_hal_tim_ex.c **** 
 4585              		.loc 1 1851 3 discriminator 3 view .LVU1314
1854:Drivers/STM32G4xx_HAL_Driver/Src/stm32g4xx_hal_tim_ex.c ****   TIM_CHANNEL_STATE_SET(htim, TIM_CHANNEL_2, HAL_TIM_CHANNEL_STATE_READY);
 4586              		.loc 1 1854 3 view .LVU1315
 4587 0072 0123     		movs	r3, #1
 4588 0074 84F83E30 		strb	r3, [r4, #62]
1855:Drivers/STM32G4xx_HAL_Driver/Src/stm32g4xx_hal_tim_ex.c ****   TIM_CHANNEL_N_STATE_SET(htim, TIM_CHANNEL_1, HAL_TIM_CHANNEL_STATE_READY);
 4589              		.loc 1 1855 3 view .LVU1316
 4590 0078 84F83F30 		strb	r3, [r4, #63]
1856:Drivers/STM32G4xx_HAL_Driver/Src/stm32g4xx_hal_tim_ex.c ****   TIM_CHANNEL_N_STATE_SET(htim, TIM_CHANNEL_2, HAL_TIM_CHANNEL_STATE_READY);
 4591              		.loc 1 1856 3 view .LVU1317
 4592 007c 84F84430 		strb	r3, [r4, #68]
1857:Drivers/STM32G4xx_HAL_Driver/Src/stm32g4xx_hal_tim_ex.c **** 
 4593              		.loc 1 1857 3 view .LVU1318
 4594 0080 84F84530 		strb	r3, [r4, #69]
1860:Drivers/STM32G4xx_HAL_Driver/Src/stm32g4xx_hal_tim_ex.c **** }
 4595              		.loc 1 1860 3 view .LVU1319
ARM GAS  /tmp/ccX78w3T.s 			page 168


1861:Drivers/STM32G4xx_HAL_Driver/Src/stm32g4xx_hal_tim_ex.c **** 
 4596              		.loc 1 1861 1 is_stmt 0 view .LVU1320
 4597 0084 0020     		movs	r0, #0
 4598 0086 38BD     		pop	{r3, r4, r5, pc}
 4599              	.LVL315:
 4600              	.L384:
1832:Drivers/STM32G4xx_HAL_Driver/Src/stm32g4xx_hal_tim_ex.c **** 
 4601              		.loc 1 1832 12 discriminator 2 view .LVU1321
 4602 0088 0023     		movs	r3, #0
 4603 008a 1D46     		mov	r5, r3
 4604 008c BEE7     		b	.L381
 4605              		.cfi_endproc
 4606              	.LFE354:
 4608              		.section	.text.HAL_TIMEx_ConfigCommutEvent,"ax",%progbits
 4609              		.align	1
 4610              		.global	HAL_TIMEx_ConfigCommutEvent
 4611              		.syntax unified
 4612              		.thumb
 4613              		.thumb_func
 4615              	HAL_TIMEx_ConfigCommutEvent:
 4616              	.LVL316:
 4617              	.LFB355:
1926:Drivers/STM32G4xx_HAL_Driver/Src/stm32g4xx_hal_tim_ex.c ****   /* Check the parameters */
 4618              		.loc 1 1926 1 is_stmt 1 view -0
 4619              		.cfi_startproc
 4620              		@ args = 0, pretend = 0, frame = 0
 4621              		@ frame_needed = 0, uses_anonymous_args = 0
 4622              		@ link register save eliminated.
1926:Drivers/STM32G4xx_HAL_Driver/Src/stm32g4xx_hal_tim_ex.c ****   /* Check the parameters */
 4623              		.loc 1 1926 1 is_stmt 0 view .LVU1323
 4624 0000 0346     		mov	r3, r0
1928:Drivers/STM32G4xx_HAL_Driver/Src/stm32g4xx_hal_tim_ex.c ****   assert_param(IS_TIM_INTERNAL_TRIGGEREVENT_INSTANCE(htim->Instance, InputTrigger));
 4625              		.loc 1 1928 3 is_stmt 1 view .LVU1324
1929:Drivers/STM32G4xx_HAL_Driver/Src/stm32g4xx_hal_tim_ex.c **** 
 4626              		.loc 1 1929 3 view .LVU1325
1931:Drivers/STM32G4xx_HAL_Driver/Src/stm32g4xx_hal_tim_ex.c **** 
 4627              		.loc 1 1931 3 view .LVU1326
1931:Drivers/STM32G4xx_HAL_Driver/Src/stm32g4xx_hal_tim_ex.c **** 
 4628              		.loc 1 1931 3 view .LVU1327
 4629 0002 90F83C00 		ldrb	r0, [r0, #60]	@ zero_extendqisi2
 4630              	.LVL317:
1931:Drivers/STM32G4xx_HAL_Driver/Src/stm32g4xx_hal_tim_ex.c **** 
 4631              		.loc 1 1931 3 is_stmt 0 view .LVU1328
 4632 0006 0128     		cmp	r0, #1
 4633 0008 4BD0     		beq	.L393
1931:Drivers/STM32G4xx_HAL_Driver/Src/stm32g4xx_hal_tim_ex.c **** 
 4634              		.loc 1 1931 3 is_stmt 1 discriminator 2 view .LVU1329
 4635 000a 0120     		movs	r0, #1
 4636 000c 83F83C00 		strb	r0, [r3, #60]
1931:Drivers/STM32G4xx_HAL_Driver/Src/stm32g4xx_hal_tim_ex.c **** 
 4637              		.loc 1 1931 3 discriminator 2 view .LVU1330
1953:Drivers/STM32G4xx_HAL_Driver/Src/stm32g4xx_hal_tim_ex.c ****       (InputTrigger == TIM_TS_ITR2)  || (InputTrigger == TIM_TS_ITR3) ||
 4638              		.loc 1 1953 3 view .LVU1331
 4639 0010 B1F1101F 		cmp	r1, #1048592
 4640 0014 06D0     		beq	.L388
 4641 0016 35D8     		bhi	.L389
 4642 0018 2029     		cmp	r1, #32
ARM GAS  /tmp/ccX78w3T.s 			page 169


 4643 001a 03D0     		beq	.L388
 4644 001c 2FD8     		bhi	.L390
 4645 001e 09B1     		cbz	r1, .L388
 4646 0020 1029     		cmp	r1, #16
 4647 0022 10D1     		bne	.L391
 4648              	.L388:
1961:Drivers/STM32G4xx_HAL_Driver/Src/stm32g4xx_hal_tim_ex.c ****     htim->Instance->SMCR |= InputTrigger;
 4649              		.loc 1 1961 5 view .LVU1332
1961:Drivers/STM32G4xx_HAL_Driver/Src/stm32g4xx_hal_tim_ex.c ****     htim->Instance->SMCR |= InputTrigger;
 4650              		.loc 1 1961 9 is_stmt 0 view .LVU1333
 4651 0024 D3F800C0 		ldr	ip, [r3]
1961:Drivers/STM32G4xx_HAL_Driver/Src/stm32g4xx_hal_tim_ex.c ****     htim->Instance->SMCR |= InputTrigger;
 4652              		.loc 1 1961 19 view .LVU1334
 4653 0028 DCF80800 		ldr	r0, [ip, #8]
1961:Drivers/STM32G4xx_HAL_Driver/Src/stm32g4xx_hal_tim_ex.c ****     htim->Instance->SMCR |= InputTrigger;
 4654              		.loc 1 1961 26 view .LVU1335
 4655 002c 20F44010 		bic	r0, r0, #3145728
 4656 0030 20F07000 		bic	r0, r0, #112
 4657 0034 CCF80800 		str	r0, [ip, #8]
1962:Drivers/STM32G4xx_HAL_Driver/Src/stm32g4xx_hal_tim_ex.c ****   }
 4658              		.loc 1 1962 5 is_stmt 1 view .LVU1336
1962:Drivers/STM32G4xx_HAL_Driver/Src/stm32g4xx_hal_tim_ex.c ****   }
 4659              		.loc 1 1962 9 is_stmt 0 view .LVU1337
 4660 0038 D3F800C0 		ldr	ip, [r3]
1962:Drivers/STM32G4xx_HAL_Driver/Src/stm32g4xx_hal_tim_ex.c ****   }
 4661              		.loc 1 1962 19 view .LVU1338
 4662 003c DCF80800 		ldr	r0, [ip, #8]
1962:Drivers/STM32G4xx_HAL_Driver/Src/stm32g4xx_hal_tim_ex.c ****   }
 4663              		.loc 1 1962 26 view .LVU1339
 4664 0040 0143     		orrs	r1, r1, r0
 4665              	.LVL318:
1962:Drivers/STM32G4xx_HAL_Driver/Src/stm32g4xx_hal_tim_ex.c ****   }
 4666              		.loc 1 1962 26 view .LVU1340
 4667 0042 CCF80810 		str	r1, [ip, #8]
 4668              	.L391:
1966:Drivers/STM32G4xx_HAL_Driver/Src/stm32g4xx_hal_tim_ex.c ****   /* Select the Commutation event source */
 4669              		.loc 1 1966 3 is_stmt 1 view .LVU1341
1966:Drivers/STM32G4xx_HAL_Driver/Src/stm32g4xx_hal_tim_ex.c ****   /* Select the Commutation event source */
 4670              		.loc 1 1966 7 is_stmt 0 view .LVU1342
 4671 0046 1868     		ldr	r0, [r3]
1966:Drivers/STM32G4xx_HAL_Driver/Src/stm32g4xx_hal_tim_ex.c ****   /* Select the Commutation event source */
 4672              		.loc 1 1966 17 view .LVU1343
 4673 0048 4168     		ldr	r1, [r0, #4]
1966:Drivers/STM32G4xx_HAL_Driver/Src/stm32g4xx_hal_tim_ex.c ****   /* Select the Commutation event source */
 4674              		.loc 1 1966 23 view .LVU1344
 4675 004a 41F00101 		orr	r1, r1, #1
 4676 004e 4160     		str	r1, [r0, #4]
1968:Drivers/STM32G4xx_HAL_Driver/Src/stm32g4xx_hal_tim_ex.c ****   htim->Instance->CR2 |= CommutationSource;
 4677              		.loc 1 1968 3 is_stmt 1 view .LVU1345
1968:Drivers/STM32G4xx_HAL_Driver/Src/stm32g4xx_hal_tim_ex.c ****   htim->Instance->CR2 |= CommutationSource;
 4678              		.loc 1 1968 7 is_stmt 0 view .LVU1346
 4679 0050 1868     		ldr	r0, [r3]
1968:Drivers/STM32G4xx_HAL_Driver/Src/stm32g4xx_hal_tim_ex.c ****   htim->Instance->CR2 |= CommutationSource;
 4680              		.loc 1 1968 17 view .LVU1347
 4681 0052 4168     		ldr	r1, [r0, #4]
1968:Drivers/STM32G4xx_HAL_Driver/Src/stm32g4xx_hal_tim_ex.c ****   htim->Instance->CR2 |= CommutationSource;
 4682              		.loc 1 1968 23 view .LVU1348
ARM GAS  /tmp/ccX78w3T.s 			page 170


 4683 0054 21F00401 		bic	r1, r1, #4
 4684 0058 4160     		str	r1, [r0, #4]
1969:Drivers/STM32G4xx_HAL_Driver/Src/stm32g4xx_hal_tim_ex.c **** 
 4685              		.loc 1 1969 3 is_stmt 1 view .LVU1349
1969:Drivers/STM32G4xx_HAL_Driver/Src/stm32g4xx_hal_tim_ex.c **** 
 4686              		.loc 1 1969 7 is_stmt 0 view .LVU1350
 4687 005a 1868     		ldr	r0, [r3]
1969:Drivers/STM32G4xx_HAL_Driver/Src/stm32g4xx_hal_tim_ex.c **** 
 4688              		.loc 1 1969 17 view .LVU1351
 4689 005c 4168     		ldr	r1, [r0, #4]
1969:Drivers/STM32G4xx_HAL_Driver/Src/stm32g4xx_hal_tim_ex.c **** 
 4690              		.loc 1 1969 23 view .LVU1352
 4691 005e 0A43     		orrs	r2, r2, r1
 4692              	.LVL319:
1969:Drivers/STM32G4xx_HAL_Driver/Src/stm32g4xx_hal_tim_ex.c **** 
 4693              		.loc 1 1969 23 view .LVU1353
 4694 0060 4260     		str	r2, [r0, #4]
1972:Drivers/STM32G4xx_HAL_Driver/Src/stm32g4xx_hal_tim_ex.c **** 
 4695              		.loc 1 1972 3 is_stmt 1 view .LVU1354
 4696 0062 1968     		ldr	r1, [r3]
 4697 0064 CA68     		ldr	r2, [r1, #12]
 4698 0066 22F02002 		bic	r2, r2, #32
 4699 006a CA60     		str	r2, [r1, #12]
1975:Drivers/STM32G4xx_HAL_Driver/Src/stm32g4xx_hal_tim_ex.c **** 
 4700              		.loc 1 1975 3 view .LVU1355
 4701 006c 1968     		ldr	r1, [r3]
 4702 006e CA68     		ldr	r2, [r1, #12]
 4703 0070 22F40052 		bic	r2, r2, #8192
 4704 0074 CA60     		str	r2, [r1, #12]
1977:Drivers/STM32G4xx_HAL_Driver/Src/stm32g4xx_hal_tim_ex.c **** 
 4705              		.loc 1 1977 3 view .LVU1356
1977:Drivers/STM32G4xx_HAL_Driver/Src/stm32g4xx_hal_tim_ex.c **** 
 4706              		.loc 1 1977 3 view .LVU1357
 4707 0076 0020     		movs	r0, #0
 4708 0078 83F83C00 		strb	r0, [r3, #60]
1977:Drivers/STM32G4xx_HAL_Driver/Src/stm32g4xx_hal_tim_ex.c **** 
 4709              		.loc 1 1977 3 view .LVU1358
1979:Drivers/STM32G4xx_HAL_Driver/Src/stm32g4xx_hal_tim_ex.c **** }
 4710              		.loc 1 1979 3 view .LVU1359
1979:Drivers/STM32G4xx_HAL_Driver/Src/stm32g4xx_hal_tim_ex.c **** }
 4711              		.loc 1 1979 10 is_stmt 0 view .LVU1360
 4712 007c 7047     		bx	lr
 4713              	.LVL320:
 4714              	.L390:
1979:Drivers/STM32G4xx_HAL_Driver/Src/stm32g4xx_hal_tim_ex.c **** }
 4715              		.loc 1 1979 10 view .LVU1361
 4716 007e 3029     		cmp	r1, #48
 4717 0080 E1D1     		bne	.L391
 4718 0082 CFE7     		b	.L388
 4719              	.L389:
1979:Drivers/STM32G4xx_HAL_Driver/Src/stm32g4xx_hal_tim_ex.c **** }
 4720              		.loc 1 1979 10 view .LVU1362
 4721 0084 0848     		ldr	r0, .L394
 4722 0086 8142     		cmp	r1, r0
 4723 0088 CCD0     		beq	.L388
 4724 008a 06D8     		bhi	.L392
 4725 008c 2038     		subs	r0, r0, #32
ARM GAS  /tmp/ccX78w3T.s 			page 171


 4726 008e 8142     		cmp	r1, r0
 4727 0090 C8D0     		beq	.L388
 4728 0092 1030     		adds	r0, r0, #16
 4729 0094 8142     		cmp	r1, r0
 4730 0096 D6D1     		bne	.L391
 4731 0098 C4E7     		b	.L388
 4732              	.L392:
 4733 009a 0448     		ldr	r0, .L394+4
 4734 009c 8142     		cmp	r1, r0
 4735 009e D2D1     		bne	.L391
 4736 00a0 C0E7     		b	.L388
 4737              	.L393:
1931:Drivers/STM32G4xx_HAL_Driver/Src/stm32g4xx_hal_tim_ex.c **** 
 4738              		.loc 1 1931 3 discriminator 1 view .LVU1363
 4739 00a2 0220     		movs	r0, #2
1980:Drivers/STM32G4xx_HAL_Driver/Src/stm32g4xx_hal_tim_ex.c **** 
 4740              		.loc 1 1980 1 view .LVU1364
 4741 00a4 7047     		bx	lr
 4742              	.L395:
 4743 00a6 00BF     		.align	2
 4744              	.L394:
 4745 00a8 40001000 		.word	1048640
 4746 00ac 70001000 		.word	1048688
 4747              		.cfi_endproc
 4748              	.LFE355:
 4750              		.section	.text.HAL_TIMEx_ConfigCommutEvent_IT,"ax",%progbits
 4751              		.align	1
 4752              		.global	HAL_TIMEx_ConfigCommutEvent_IT
 4753              		.syntax unified
 4754              		.thumb
 4755              		.thumb_func
 4757              	HAL_TIMEx_ConfigCommutEvent_IT:
 4758              	.LVL321:
 4759              	.LFB356:
2017:Drivers/STM32G4xx_HAL_Driver/Src/stm32g4xx_hal_tim_ex.c ****   /* Check the parameters */
 4760              		.loc 1 2017 1 is_stmt 1 view -0
 4761              		.cfi_startproc
 4762              		@ args = 0, pretend = 0, frame = 0
 4763              		@ frame_needed = 0, uses_anonymous_args = 0
 4764              		@ link register save eliminated.
2017:Drivers/STM32G4xx_HAL_Driver/Src/stm32g4xx_hal_tim_ex.c ****   /* Check the parameters */
 4765              		.loc 1 2017 1 is_stmt 0 view .LVU1366
 4766 0000 0346     		mov	r3, r0
2019:Drivers/STM32G4xx_HAL_Driver/Src/stm32g4xx_hal_tim_ex.c ****   assert_param(IS_TIM_INTERNAL_TRIGGEREVENT_INSTANCE(htim->Instance, InputTrigger));
 4767              		.loc 1 2019 3 is_stmt 1 view .LVU1367
2020:Drivers/STM32G4xx_HAL_Driver/Src/stm32g4xx_hal_tim_ex.c **** 
 4768              		.loc 1 2020 3 view .LVU1368
2022:Drivers/STM32G4xx_HAL_Driver/Src/stm32g4xx_hal_tim_ex.c **** 
 4769              		.loc 1 2022 3 view .LVU1369
2022:Drivers/STM32G4xx_HAL_Driver/Src/stm32g4xx_hal_tim_ex.c **** 
 4770              		.loc 1 2022 3 view .LVU1370
 4771 0002 90F83C00 		ldrb	r0, [r0, #60]	@ zero_extendqisi2
 4772              	.LVL322:
2022:Drivers/STM32G4xx_HAL_Driver/Src/stm32g4xx_hal_tim_ex.c **** 
 4773              		.loc 1 2022 3 is_stmt 0 view .LVU1371
 4774 0006 0128     		cmp	r0, #1
 4775 0008 4BD0     		beq	.L403
ARM GAS  /tmp/ccX78w3T.s 			page 172


2022:Drivers/STM32G4xx_HAL_Driver/Src/stm32g4xx_hal_tim_ex.c **** 
 4776              		.loc 1 2022 3 is_stmt 1 discriminator 2 view .LVU1372
 4777 000a 0120     		movs	r0, #1
 4778 000c 83F83C00 		strb	r0, [r3, #60]
2022:Drivers/STM32G4xx_HAL_Driver/Src/stm32g4xx_hal_tim_ex.c **** 
 4779              		.loc 1 2022 3 discriminator 2 view .LVU1373
2044:Drivers/STM32G4xx_HAL_Driver/Src/stm32g4xx_hal_tim_ex.c ****       (InputTrigger == TIM_TS_ITR2)  || (InputTrigger == TIM_TS_ITR3) ||
 4780              		.loc 1 2044 3 view .LVU1374
 4781 0010 B1F1101F 		cmp	r1, #1048592
 4782 0014 06D0     		beq	.L398
 4783 0016 35D8     		bhi	.L399
 4784 0018 2029     		cmp	r1, #32
 4785 001a 03D0     		beq	.L398
 4786 001c 2FD8     		bhi	.L400
 4787 001e 09B1     		cbz	r1, .L398
 4788 0020 1029     		cmp	r1, #16
 4789 0022 10D1     		bne	.L401
 4790              	.L398:
2052:Drivers/STM32G4xx_HAL_Driver/Src/stm32g4xx_hal_tim_ex.c ****     htim->Instance->SMCR |= InputTrigger;
 4791              		.loc 1 2052 5 view .LVU1375
2052:Drivers/STM32G4xx_HAL_Driver/Src/stm32g4xx_hal_tim_ex.c ****     htim->Instance->SMCR |= InputTrigger;
 4792              		.loc 1 2052 9 is_stmt 0 view .LVU1376
 4793 0024 D3F800C0 		ldr	ip, [r3]
2052:Drivers/STM32G4xx_HAL_Driver/Src/stm32g4xx_hal_tim_ex.c ****     htim->Instance->SMCR |= InputTrigger;
 4794              		.loc 1 2052 19 view .LVU1377
 4795 0028 DCF80800 		ldr	r0, [ip, #8]
2052:Drivers/STM32G4xx_HAL_Driver/Src/stm32g4xx_hal_tim_ex.c ****     htim->Instance->SMCR |= InputTrigger;
 4796              		.loc 1 2052 26 view .LVU1378
 4797 002c 20F44010 		bic	r0, r0, #3145728
 4798 0030 20F07000 		bic	r0, r0, #112
 4799 0034 CCF80800 		str	r0, [ip, #8]
2053:Drivers/STM32G4xx_HAL_Driver/Src/stm32g4xx_hal_tim_ex.c ****   }
 4800              		.loc 1 2053 5 is_stmt 1 view .LVU1379
2053:Drivers/STM32G4xx_HAL_Driver/Src/stm32g4xx_hal_tim_ex.c ****   }
 4801              		.loc 1 2053 9 is_stmt 0 view .LVU1380
 4802 0038 D3F800C0 		ldr	ip, [r3]
2053:Drivers/STM32G4xx_HAL_Driver/Src/stm32g4xx_hal_tim_ex.c ****   }
 4803              		.loc 1 2053 19 view .LVU1381
 4804 003c DCF80800 		ldr	r0, [ip, #8]
2053:Drivers/STM32G4xx_HAL_Driver/Src/stm32g4xx_hal_tim_ex.c ****   }
 4805              		.loc 1 2053 26 view .LVU1382
 4806 0040 0143     		orrs	r1, r1, r0
 4807              	.LVL323:
2053:Drivers/STM32G4xx_HAL_Driver/Src/stm32g4xx_hal_tim_ex.c ****   }
 4808              		.loc 1 2053 26 view .LVU1383
 4809 0042 CCF80810 		str	r1, [ip, #8]
 4810              	.L401:
2057:Drivers/STM32G4xx_HAL_Driver/Src/stm32g4xx_hal_tim_ex.c ****   /* Select the Commutation event source */
 4811              		.loc 1 2057 3 is_stmt 1 view .LVU1384
2057:Drivers/STM32G4xx_HAL_Driver/Src/stm32g4xx_hal_tim_ex.c ****   /* Select the Commutation event source */
 4812              		.loc 1 2057 7 is_stmt 0 view .LVU1385
 4813 0046 1868     		ldr	r0, [r3]
2057:Drivers/STM32G4xx_HAL_Driver/Src/stm32g4xx_hal_tim_ex.c ****   /* Select the Commutation event source */
 4814              		.loc 1 2057 17 view .LVU1386
 4815 0048 4168     		ldr	r1, [r0, #4]
2057:Drivers/STM32G4xx_HAL_Driver/Src/stm32g4xx_hal_tim_ex.c ****   /* Select the Commutation event source */
 4816              		.loc 1 2057 23 view .LVU1387
ARM GAS  /tmp/ccX78w3T.s 			page 173


 4817 004a 41F00101 		orr	r1, r1, #1
 4818 004e 4160     		str	r1, [r0, #4]
2059:Drivers/STM32G4xx_HAL_Driver/Src/stm32g4xx_hal_tim_ex.c ****   htim->Instance->CR2 |= CommutationSource;
 4819              		.loc 1 2059 3 is_stmt 1 view .LVU1388
2059:Drivers/STM32G4xx_HAL_Driver/Src/stm32g4xx_hal_tim_ex.c ****   htim->Instance->CR2 |= CommutationSource;
 4820              		.loc 1 2059 7 is_stmt 0 view .LVU1389
 4821 0050 1868     		ldr	r0, [r3]
2059:Drivers/STM32G4xx_HAL_Driver/Src/stm32g4xx_hal_tim_ex.c ****   htim->Instance->CR2 |= CommutationSource;
 4822              		.loc 1 2059 17 view .LVU1390
 4823 0052 4168     		ldr	r1, [r0, #4]
2059:Drivers/STM32G4xx_HAL_Driver/Src/stm32g4xx_hal_tim_ex.c ****   htim->Instance->CR2 |= CommutationSource;
 4824              		.loc 1 2059 23 view .LVU1391
 4825 0054 21F00401 		bic	r1, r1, #4
 4826 0058 4160     		str	r1, [r0, #4]
2060:Drivers/STM32G4xx_HAL_Driver/Src/stm32g4xx_hal_tim_ex.c **** 
 4827              		.loc 1 2060 3 is_stmt 1 view .LVU1392
2060:Drivers/STM32G4xx_HAL_Driver/Src/stm32g4xx_hal_tim_ex.c **** 
 4828              		.loc 1 2060 7 is_stmt 0 view .LVU1393
 4829 005a 1868     		ldr	r0, [r3]
2060:Drivers/STM32G4xx_HAL_Driver/Src/stm32g4xx_hal_tim_ex.c **** 
 4830              		.loc 1 2060 17 view .LVU1394
 4831 005c 4168     		ldr	r1, [r0, #4]
2060:Drivers/STM32G4xx_HAL_Driver/Src/stm32g4xx_hal_tim_ex.c **** 
 4832              		.loc 1 2060 23 view .LVU1395
 4833 005e 0A43     		orrs	r2, r2, r1
 4834              	.LVL324:
2060:Drivers/STM32G4xx_HAL_Driver/Src/stm32g4xx_hal_tim_ex.c **** 
 4835              		.loc 1 2060 23 view .LVU1396
 4836 0060 4260     		str	r2, [r0, #4]
2063:Drivers/STM32G4xx_HAL_Driver/Src/stm32g4xx_hal_tim_ex.c **** 
 4837              		.loc 1 2063 3 is_stmt 1 view .LVU1397
 4838 0062 1968     		ldr	r1, [r3]
 4839 0064 CA68     		ldr	r2, [r1, #12]
 4840 0066 22F40052 		bic	r2, r2, #8192
 4841 006a CA60     		str	r2, [r1, #12]
2066:Drivers/STM32G4xx_HAL_Driver/Src/stm32g4xx_hal_tim_ex.c **** 
 4842              		.loc 1 2066 3 view .LVU1398
 4843 006c 1968     		ldr	r1, [r3]
 4844 006e CA68     		ldr	r2, [r1, #12]
 4845 0070 42F02002 		orr	r2, r2, #32
 4846 0074 CA60     		str	r2, [r1, #12]
2068:Drivers/STM32G4xx_HAL_Driver/Src/stm32g4xx_hal_tim_ex.c **** 
 4847              		.loc 1 2068 3 view .LVU1399
2068:Drivers/STM32G4xx_HAL_Driver/Src/stm32g4xx_hal_tim_ex.c **** 
 4848              		.loc 1 2068 3 view .LVU1400
 4849 0076 0020     		movs	r0, #0
 4850 0078 83F83C00 		strb	r0, [r3, #60]
2068:Drivers/STM32G4xx_HAL_Driver/Src/stm32g4xx_hal_tim_ex.c **** 
 4851              		.loc 1 2068 3 view .LVU1401
2070:Drivers/STM32G4xx_HAL_Driver/Src/stm32g4xx_hal_tim_ex.c **** }
 4852              		.loc 1 2070 3 view .LVU1402
2070:Drivers/STM32G4xx_HAL_Driver/Src/stm32g4xx_hal_tim_ex.c **** }
 4853              		.loc 1 2070 10 is_stmt 0 view .LVU1403
 4854 007c 7047     		bx	lr
 4855              	.LVL325:
 4856              	.L400:
2070:Drivers/STM32G4xx_HAL_Driver/Src/stm32g4xx_hal_tim_ex.c **** }
ARM GAS  /tmp/ccX78w3T.s 			page 174


 4857              		.loc 1 2070 10 view .LVU1404
 4858 007e 3029     		cmp	r1, #48
 4859 0080 E1D1     		bne	.L401
 4860 0082 CFE7     		b	.L398
 4861              	.L399:
2070:Drivers/STM32G4xx_HAL_Driver/Src/stm32g4xx_hal_tim_ex.c **** }
 4862              		.loc 1 2070 10 view .LVU1405
 4863 0084 0848     		ldr	r0, .L404
 4864 0086 8142     		cmp	r1, r0
 4865 0088 CCD0     		beq	.L398
 4866 008a 06D8     		bhi	.L402
 4867 008c 2038     		subs	r0, r0, #32
 4868 008e 8142     		cmp	r1, r0
 4869 0090 C8D0     		beq	.L398
 4870 0092 1030     		adds	r0, r0, #16
 4871 0094 8142     		cmp	r1, r0
 4872 0096 D6D1     		bne	.L401
 4873 0098 C4E7     		b	.L398
 4874              	.L402:
 4875 009a 0448     		ldr	r0, .L404+4
 4876 009c 8142     		cmp	r1, r0
 4877 009e D2D1     		bne	.L401
 4878 00a0 C0E7     		b	.L398
 4879              	.L403:
2022:Drivers/STM32G4xx_HAL_Driver/Src/stm32g4xx_hal_tim_ex.c **** 
 4880              		.loc 1 2022 3 discriminator 1 view .LVU1406
 4881 00a2 0220     		movs	r0, #2
2071:Drivers/STM32G4xx_HAL_Driver/Src/stm32g4xx_hal_tim_ex.c **** 
 4882              		.loc 1 2071 1 view .LVU1407
 4883 00a4 7047     		bx	lr
 4884              	.L405:
 4885 00a6 00BF     		.align	2
 4886              	.L404:
 4887 00a8 40001000 		.word	1048640
 4888 00ac 70001000 		.word	1048688
 4889              		.cfi_endproc
 4890              	.LFE356:
 4892              		.section	.text.HAL_TIMEx_ConfigCommutEvent_DMA,"ax",%progbits
 4893              		.align	1
 4894              		.global	HAL_TIMEx_ConfigCommutEvent_DMA
 4895              		.syntax unified
 4896              		.thumb
 4897              		.thumb_func
 4899              	HAL_TIMEx_ConfigCommutEvent_DMA:
 4900              	.LVL326:
 4901              	.LFB357:
2109:Drivers/STM32G4xx_HAL_Driver/Src/stm32g4xx_hal_tim_ex.c ****   /* Check the parameters */
 4902              		.loc 1 2109 1 is_stmt 1 view -0
 4903              		.cfi_startproc
 4904              		@ args = 0, pretend = 0, frame = 0
 4905              		@ frame_needed = 0, uses_anonymous_args = 0
 4906              		@ link register save eliminated.
2109:Drivers/STM32G4xx_HAL_Driver/Src/stm32g4xx_hal_tim_ex.c ****   /* Check the parameters */
 4907              		.loc 1 2109 1 is_stmt 0 view .LVU1409
 4908 0000 0346     		mov	r3, r0
2111:Drivers/STM32G4xx_HAL_Driver/Src/stm32g4xx_hal_tim_ex.c ****   assert_param(IS_TIM_INTERNAL_TRIGGEREVENT_INSTANCE(htim->Instance, InputTrigger));
 4909              		.loc 1 2111 3 is_stmt 1 view .LVU1410
ARM GAS  /tmp/ccX78w3T.s 			page 175


2112:Drivers/STM32G4xx_HAL_Driver/Src/stm32g4xx_hal_tim_ex.c **** 
 4910              		.loc 1 2112 3 view .LVU1411
2114:Drivers/STM32G4xx_HAL_Driver/Src/stm32g4xx_hal_tim_ex.c **** 
 4911              		.loc 1 2114 3 view .LVU1412
2114:Drivers/STM32G4xx_HAL_Driver/Src/stm32g4xx_hal_tim_ex.c **** 
 4912              		.loc 1 2114 3 view .LVU1413
 4913 0002 90F83C00 		ldrb	r0, [r0, #60]	@ zero_extendqisi2
 4914              	.LVL327:
2114:Drivers/STM32G4xx_HAL_Driver/Src/stm32g4xx_hal_tim_ex.c **** 
 4915              		.loc 1 2114 3 is_stmt 0 view .LVU1414
 4916 0006 0128     		cmp	r0, #1
 4917 0008 54D0     		beq	.L413
2114:Drivers/STM32G4xx_HAL_Driver/Src/stm32g4xx_hal_tim_ex.c **** 
 4918              		.loc 1 2114 3 is_stmt 1 discriminator 2 view .LVU1415
 4919 000a 0120     		movs	r0, #1
 4920 000c 83F83C00 		strb	r0, [r3, #60]
2114:Drivers/STM32G4xx_HAL_Driver/Src/stm32g4xx_hal_tim_ex.c **** 
 4921              		.loc 1 2114 3 discriminator 2 view .LVU1416
2136:Drivers/STM32G4xx_HAL_Driver/Src/stm32g4xx_hal_tim_ex.c ****       (InputTrigger == TIM_TS_ITR2)  || (InputTrigger == TIM_TS_ITR3) ||
 4922              		.loc 1 2136 3 view .LVU1417
 4923 0010 B1F1101F 		cmp	r1, #1048592
 4924 0014 06D0     		beq	.L408
 4925 0016 3ED8     		bhi	.L409
 4926 0018 2029     		cmp	r1, #32
 4927 001a 03D0     		beq	.L408
 4928 001c 38D8     		bhi	.L410
 4929 001e 09B1     		cbz	r1, .L408
 4930 0020 1029     		cmp	r1, #16
 4931 0022 10D1     		bne	.L411
 4932              	.L408:
2144:Drivers/STM32G4xx_HAL_Driver/Src/stm32g4xx_hal_tim_ex.c ****     htim->Instance->SMCR |= InputTrigger;
 4933              		.loc 1 2144 5 view .LVU1418
2144:Drivers/STM32G4xx_HAL_Driver/Src/stm32g4xx_hal_tim_ex.c ****     htim->Instance->SMCR |= InputTrigger;
 4934              		.loc 1 2144 9 is_stmt 0 view .LVU1419
 4935 0024 D3F800C0 		ldr	ip, [r3]
2144:Drivers/STM32G4xx_HAL_Driver/Src/stm32g4xx_hal_tim_ex.c ****     htim->Instance->SMCR |= InputTrigger;
 4936              		.loc 1 2144 19 view .LVU1420
 4937 0028 DCF80800 		ldr	r0, [ip, #8]
2144:Drivers/STM32G4xx_HAL_Driver/Src/stm32g4xx_hal_tim_ex.c ****     htim->Instance->SMCR |= InputTrigger;
 4938              		.loc 1 2144 26 view .LVU1421
 4939 002c 20F44010 		bic	r0, r0, #3145728
 4940 0030 20F07000 		bic	r0, r0, #112
 4941 0034 CCF80800 		str	r0, [ip, #8]
2145:Drivers/STM32G4xx_HAL_Driver/Src/stm32g4xx_hal_tim_ex.c ****   }
 4942              		.loc 1 2145 5 is_stmt 1 view .LVU1422
2145:Drivers/STM32G4xx_HAL_Driver/Src/stm32g4xx_hal_tim_ex.c ****   }
 4943              		.loc 1 2145 9 is_stmt 0 view .LVU1423
 4944 0038 D3F800C0 		ldr	ip, [r3]
2145:Drivers/STM32G4xx_HAL_Driver/Src/stm32g4xx_hal_tim_ex.c ****   }
 4945              		.loc 1 2145 19 view .LVU1424
 4946 003c DCF80800 		ldr	r0, [ip, #8]
2145:Drivers/STM32G4xx_HAL_Driver/Src/stm32g4xx_hal_tim_ex.c ****   }
 4947              		.loc 1 2145 26 view .LVU1425
 4948 0040 0143     		orrs	r1, r1, r0
 4949              	.LVL328:
2145:Drivers/STM32G4xx_HAL_Driver/Src/stm32g4xx_hal_tim_ex.c ****   }
 4950              		.loc 1 2145 26 view .LVU1426
ARM GAS  /tmp/ccX78w3T.s 			page 176


 4951 0042 CCF80810 		str	r1, [ip, #8]
 4952              	.L411:
2149:Drivers/STM32G4xx_HAL_Driver/Src/stm32g4xx_hal_tim_ex.c ****   /* Select the Commutation event source */
 4953              		.loc 1 2149 3 is_stmt 1 view .LVU1427
2149:Drivers/STM32G4xx_HAL_Driver/Src/stm32g4xx_hal_tim_ex.c ****   /* Select the Commutation event source */
 4954              		.loc 1 2149 7 is_stmt 0 view .LVU1428
 4955 0046 1868     		ldr	r0, [r3]
2149:Drivers/STM32G4xx_HAL_Driver/Src/stm32g4xx_hal_tim_ex.c ****   /* Select the Commutation event source */
 4956              		.loc 1 2149 17 view .LVU1429
 4957 0048 4168     		ldr	r1, [r0, #4]
2149:Drivers/STM32G4xx_HAL_Driver/Src/stm32g4xx_hal_tim_ex.c ****   /* Select the Commutation event source */
 4958              		.loc 1 2149 23 view .LVU1430
 4959 004a 41F00101 		orr	r1, r1, #1
 4960 004e 4160     		str	r1, [r0, #4]
2151:Drivers/STM32G4xx_HAL_Driver/Src/stm32g4xx_hal_tim_ex.c ****   htim->Instance->CR2 |= CommutationSource;
 4961              		.loc 1 2151 3 is_stmt 1 view .LVU1431
2151:Drivers/STM32G4xx_HAL_Driver/Src/stm32g4xx_hal_tim_ex.c ****   htim->Instance->CR2 |= CommutationSource;
 4962              		.loc 1 2151 7 is_stmt 0 view .LVU1432
 4963 0050 1868     		ldr	r0, [r3]
2151:Drivers/STM32G4xx_HAL_Driver/Src/stm32g4xx_hal_tim_ex.c ****   htim->Instance->CR2 |= CommutationSource;
 4964              		.loc 1 2151 17 view .LVU1433
 4965 0052 4168     		ldr	r1, [r0, #4]
2151:Drivers/STM32G4xx_HAL_Driver/Src/stm32g4xx_hal_tim_ex.c ****   htim->Instance->CR2 |= CommutationSource;
 4966              		.loc 1 2151 23 view .LVU1434
 4967 0054 21F00401 		bic	r1, r1, #4
 4968 0058 4160     		str	r1, [r0, #4]
2152:Drivers/STM32G4xx_HAL_Driver/Src/stm32g4xx_hal_tim_ex.c **** 
 4969              		.loc 1 2152 3 is_stmt 1 view .LVU1435
2152:Drivers/STM32G4xx_HAL_Driver/Src/stm32g4xx_hal_tim_ex.c **** 
 4970              		.loc 1 2152 7 is_stmt 0 view .LVU1436
 4971 005a 1868     		ldr	r0, [r3]
2152:Drivers/STM32G4xx_HAL_Driver/Src/stm32g4xx_hal_tim_ex.c **** 
 4972              		.loc 1 2152 17 view .LVU1437
 4973 005c 4168     		ldr	r1, [r0, #4]
2152:Drivers/STM32G4xx_HAL_Driver/Src/stm32g4xx_hal_tim_ex.c **** 
 4974              		.loc 1 2152 23 view .LVU1438
 4975 005e 0A43     		orrs	r2, r2, r1
 4976              	.LVL329:
2152:Drivers/STM32G4xx_HAL_Driver/Src/stm32g4xx_hal_tim_ex.c **** 
 4977              		.loc 1 2152 23 view .LVU1439
 4978 0060 4260     		str	r2, [r0, #4]
2156:Drivers/STM32G4xx_HAL_Driver/Src/stm32g4xx_hal_tim_ex.c ****   htim->hdma[TIM_DMA_ID_COMMUTATION]->XferHalfCpltCallback = TIMEx_DMACommutationHalfCplt;
 4979              		.loc 1 2156 3 is_stmt 1 view .LVU1440
2156:Drivers/STM32G4xx_HAL_Driver/Src/stm32g4xx_hal_tim_ex.c ****   htim->hdma[TIM_DMA_ID_COMMUTATION]->XferHalfCpltCallback = TIMEx_DMACommutationHalfCplt;
 4980              		.loc 1 2156 13 is_stmt 0 view .LVU1441
 4981 0062 5A6B     		ldr	r2, [r3, #52]
2156:Drivers/STM32G4xx_HAL_Driver/Src/stm32g4xx_hal_tim_ex.c ****   htim->hdma[TIM_DMA_ID_COMMUTATION]->XferHalfCpltCallback = TIMEx_DMACommutationHalfCplt;
 4982              		.loc 1 2156 56 view .LVU1442
 4983 0064 1449     		ldr	r1, .L414
 4984 0066 D162     		str	r1, [r2, #44]
2157:Drivers/STM32G4xx_HAL_Driver/Src/stm32g4xx_hal_tim_ex.c ****   /* Set the DMA error callback */
 4985              		.loc 1 2157 3 is_stmt 1 view .LVU1443
2157:Drivers/STM32G4xx_HAL_Driver/Src/stm32g4xx_hal_tim_ex.c ****   /* Set the DMA error callback */
 4986              		.loc 1 2157 13 is_stmt 0 view .LVU1444
 4987 0068 5A6B     		ldr	r2, [r3, #52]
2157:Drivers/STM32G4xx_HAL_Driver/Src/stm32g4xx_hal_tim_ex.c ****   /* Set the DMA error callback */
 4988              		.loc 1 2157 60 view .LVU1445
ARM GAS  /tmp/ccX78w3T.s 			page 177


 4989 006a 1449     		ldr	r1, .L414+4
 4990 006c 1163     		str	r1, [r2, #48]
2159:Drivers/STM32G4xx_HAL_Driver/Src/stm32g4xx_hal_tim_ex.c **** 
 4991              		.loc 1 2159 3 is_stmt 1 view .LVU1446
2159:Drivers/STM32G4xx_HAL_Driver/Src/stm32g4xx_hal_tim_ex.c **** 
 4992              		.loc 1 2159 13 is_stmt 0 view .LVU1447
 4993 006e 5A6B     		ldr	r2, [r3, #52]
2159:Drivers/STM32G4xx_HAL_Driver/Src/stm32g4xx_hal_tim_ex.c **** 
 4994              		.loc 1 2159 57 view .LVU1448
 4995 0070 1349     		ldr	r1, .L414+8
 4996 0072 5163     		str	r1, [r2, #52]
2162:Drivers/STM32G4xx_HAL_Driver/Src/stm32g4xx_hal_tim_ex.c **** 
 4997              		.loc 1 2162 3 is_stmt 1 view .LVU1449
 4998 0074 1968     		ldr	r1, [r3]
 4999 0076 CA68     		ldr	r2, [r1, #12]
 5000 0078 22F02002 		bic	r2, r2, #32
 5001 007c CA60     		str	r2, [r1, #12]
2165:Drivers/STM32G4xx_HAL_Driver/Src/stm32g4xx_hal_tim_ex.c **** 
 5002              		.loc 1 2165 3 view .LVU1450
 5003 007e 1968     		ldr	r1, [r3]
 5004 0080 CA68     		ldr	r2, [r1, #12]
 5005 0082 42F40052 		orr	r2, r2, #8192
 5006 0086 CA60     		str	r2, [r1, #12]
2167:Drivers/STM32G4xx_HAL_Driver/Src/stm32g4xx_hal_tim_ex.c **** 
 5007              		.loc 1 2167 3 view .LVU1451
2167:Drivers/STM32G4xx_HAL_Driver/Src/stm32g4xx_hal_tim_ex.c **** 
 5008              		.loc 1 2167 3 view .LVU1452
 5009 0088 0020     		movs	r0, #0
 5010 008a 83F83C00 		strb	r0, [r3, #60]
2167:Drivers/STM32G4xx_HAL_Driver/Src/stm32g4xx_hal_tim_ex.c **** 
 5011              		.loc 1 2167 3 view .LVU1453
2169:Drivers/STM32G4xx_HAL_Driver/Src/stm32g4xx_hal_tim_ex.c **** }
 5012              		.loc 1 2169 3 view .LVU1454
2169:Drivers/STM32G4xx_HAL_Driver/Src/stm32g4xx_hal_tim_ex.c **** }
 5013              		.loc 1 2169 10 is_stmt 0 view .LVU1455
 5014 008e 7047     		bx	lr
 5015              	.LVL330:
 5016              	.L410:
2169:Drivers/STM32G4xx_HAL_Driver/Src/stm32g4xx_hal_tim_ex.c **** }
 5017              		.loc 1 2169 10 view .LVU1456
 5018 0090 3029     		cmp	r1, #48
 5019 0092 D8D1     		bne	.L411
 5020 0094 C6E7     		b	.L408
 5021              	.L409:
2169:Drivers/STM32G4xx_HAL_Driver/Src/stm32g4xx_hal_tim_ex.c **** }
 5022              		.loc 1 2169 10 view .LVU1457
 5023 0096 0B48     		ldr	r0, .L414+12
 5024 0098 8142     		cmp	r1, r0
 5025 009a C3D0     		beq	.L408
 5026 009c 06D8     		bhi	.L412
 5027 009e 2038     		subs	r0, r0, #32
 5028 00a0 8142     		cmp	r1, r0
 5029 00a2 BFD0     		beq	.L408
 5030 00a4 1030     		adds	r0, r0, #16
 5031 00a6 8142     		cmp	r1, r0
 5032 00a8 CDD1     		bne	.L411
 5033 00aa BBE7     		b	.L408
ARM GAS  /tmp/ccX78w3T.s 			page 178


 5034              	.L412:
 5035 00ac 0648     		ldr	r0, .L414+16
 5036 00ae 8142     		cmp	r1, r0
 5037 00b0 C9D1     		bne	.L411
 5038 00b2 B7E7     		b	.L408
 5039              	.L413:
2114:Drivers/STM32G4xx_HAL_Driver/Src/stm32g4xx_hal_tim_ex.c **** 
 5040              		.loc 1 2114 3 discriminator 1 view .LVU1458
 5041 00b4 0220     		movs	r0, #2
2170:Drivers/STM32G4xx_HAL_Driver/Src/stm32g4xx_hal_tim_ex.c **** 
 5042              		.loc 1 2170 1 view .LVU1459
 5043 00b6 7047     		bx	lr
 5044              	.L415:
 5045              		.align	2
 5046              	.L414:
 5047 00b8 00000000 		.word	TIMEx_DMACommutationCplt
 5048 00bc 00000000 		.word	TIMEx_DMACommutationHalfCplt
 5049 00c0 00000000 		.word	TIM_DMAError
 5050 00c4 40001000 		.word	1048640
 5051 00c8 70001000 		.word	1048688
 5052              		.cfi_endproc
 5053              	.LFE357:
 5055              		.section	.text.HAL_TIMEx_MasterConfigSynchronization,"ax",%progbits
 5056              		.align	1
 5057              		.global	HAL_TIMEx_MasterConfigSynchronization
 5058              		.syntax unified
 5059              		.thumb
 5060              		.thumb_func
 5062              	HAL_TIMEx_MasterConfigSynchronization:
 5063              	.LVL331:
 5064              	.LFB358:
2182:Drivers/STM32G4xx_HAL_Driver/Src/stm32g4xx_hal_tim_ex.c ****   uint32_t tmpcr2;
 5065              		.loc 1 2182 1 is_stmt 1 view -0
 5066              		.cfi_startproc
 5067              		@ args = 0, pretend = 0, frame = 0
 5068              		@ frame_needed = 0, uses_anonymous_args = 0
2183:Drivers/STM32G4xx_HAL_Driver/Src/stm32g4xx_hal_tim_ex.c ****   uint32_t tmpsmcr;
 5069              		.loc 1 2183 3 view .LVU1461
2184:Drivers/STM32G4xx_HAL_Driver/Src/stm32g4xx_hal_tim_ex.c **** 
 5070              		.loc 1 2184 3 view .LVU1462
2187:Drivers/STM32G4xx_HAL_Driver/Src/stm32g4xx_hal_tim_ex.c ****   assert_param(IS_TIM_TRGO_SOURCE(sMasterConfig->MasterOutputTrigger));
 5071              		.loc 1 2187 3 view .LVU1463
2188:Drivers/STM32G4xx_HAL_Driver/Src/stm32g4xx_hal_tim_ex.c ****   assert_param(IS_TIM_MSM_STATE(sMasterConfig->MasterSlaveMode));
 5072              		.loc 1 2188 3 view .LVU1464
2189:Drivers/STM32G4xx_HAL_Driver/Src/stm32g4xx_hal_tim_ex.c **** 
 5073              		.loc 1 2189 3 view .LVU1465
2192:Drivers/STM32G4xx_HAL_Driver/Src/stm32g4xx_hal_tim_ex.c **** 
 5074              		.loc 1 2192 3 view .LVU1466
2192:Drivers/STM32G4xx_HAL_Driver/Src/stm32g4xx_hal_tim_ex.c **** 
 5075              		.loc 1 2192 3 view .LVU1467
 5076 0000 90F83C20 		ldrb	r2, [r0, #60]	@ zero_extendqisi2
 5077 0004 012A     		cmp	r2, #1
 5078 0006 42D0     		beq	.L422
2182:Drivers/STM32G4xx_HAL_Driver/Src/stm32g4xx_hal_tim_ex.c ****   uint32_t tmpcr2;
 5079              		.loc 1 2182 1 is_stmt 0 view .LVU1468
 5080 0008 10B5     		push	{r4, lr}
 5081              	.LCFI30:
ARM GAS  /tmp/ccX78w3T.s 			page 179


 5082              		.cfi_def_cfa_offset 8
 5083              		.cfi_offset 4, -8
 5084              		.cfi_offset 14, -4
 5085 000a 0346     		mov	r3, r0
2192:Drivers/STM32G4xx_HAL_Driver/Src/stm32g4xx_hal_tim_ex.c **** 
 5086              		.loc 1 2192 3 is_stmt 1 discriminator 2 view .LVU1469
 5087 000c 0122     		movs	r2, #1
 5088 000e 80F83C20 		strb	r2, [r0, #60]
2192:Drivers/STM32G4xx_HAL_Driver/Src/stm32g4xx_hal_tim_ex.c **** 
 5089              		.loc 1 2192 3 discriminator 2 view .LVU1470
2195:Drivers/STM32G4xx_HAL_Driver/Src/stm32g4xx_hal_tim_ex.c **** 
 5090              		.loc 1 2195 3 view .LVU1471
2195:Drivers/STM32G4xx_HAL_Driver/Src/stm32g4xx_hal_tim_ex.c **** 
 5091              		.loc 1 2195 15 is_stmt 0 view .LVU1472
 5092 0012 0222     		movs	r2, #2
 5093 0014 80F83D20 		strb	r2, [r0, #61]
2198:Drivers/STM32G4xx_HAL_Driver/Src/stm32g4xx_hal_tim_ex.c **** 
 5094              		.loc 1 2198 3 is_stmt 1 view .LVU1473
2198:Drivers/STM32G4xx_HAL_Driver/Src/stm32g4xx_hal_tim_ex.c **** 
 5095              		.loc 1 2198 16 is_stmt 0 view .LVU1474
 5096 0018 0068     		ldr	r0, [r0]
 5097              	.LVL332:
2198:Drivers/STM32G4xx_HAL_Driver/Src/stm32g4xx_hal_tim_ex.c **** 
 5098              		.loc 1 2198 10 view .LVU1475
 5099 001a 4268     		ldr	r2, [r0, #4]
 5100              	.LVL333:
2201:Drivers/STM32G4xx_HAL_Driver/Src/stm32g4xx_hal_tim_ex.c **** 
 5101              		.loc 1 2201 3 is_stmt 1 view .LVU1476
2201:Drivers/STM32G4xx_HAL_Driver/Src/stm32g4xx_hal_tim_ex.c **** 
 5102              		.loc 1 2201 11 is_stmt 0 view .LVU1477
 5103 001c D0F808C0 		ldr	ip, [r0, #8]
 5104              	.LVL334:
2204:Drivers/STM32G4xx_HAL_Driver/Src/stm32g4xx_hal_tim_ex.c ****   {
 5105              		.loc 1 2204 3 is_stmt 1 view .LVU1478
2204:Drivers/STM32G4xx_HAL_Driver/Src/stm32g4xx_hal_tim_ex.c ****   {
 5106              		.loc 1 2204 6 is_stmt 0 view .LVU1479
 5107 0020 DFF870E0 		ldr	lr, .L427
 5108 0024 7045     		cmp	r0, lr
 5109 0026 03D0     		beq	.L418
2204:Drivers/STM32G4xx_HAL_Driver/Src/stm32g4xx_hal_tim_ex.c ****   {
 5110              		.loc 1 2204 7 discriminator 1 view .LVU1480
 5111 0028 0EF5006E 		add	lr, lr, #2048
 5112 002c 7045     		cmp	r0, lr
 5113 002e 03D1     		bne	.L419
 5114              	.L418:
2207:Drivers/STM32G4xx_HAL_Driver/Src/stm32g4xx_hal_tim_ex.c **** 
 5115              		.loc 1 2207 5 is_stmt 1 view .LVU1481
2210:Drivers/STM32G4xx_HAL_Driver/Src/stm32g4xx_hal_tim_ex.c ****     /* Select the TRGO2 source*/
 5116              		.loc 1 2210 5 view .LVU1482
2210:Drivers/STM32G4xx_HAL_Driver/Src/stm32g4xx_hal_tim_ex.c ****     /* Select the TRGO2 source*/
 5117              		.loc 1 2210 12 is_stmt 0 view .LVU1483
 5118 0030 22F47002 		bic	r2, r2, #15728640
 5119              	.LVL335:
2212:Drivers/STM32G4xx_HAL_Driver/Src/stm32g4xx_hal_tim_ex.c ****   }
 5120              		.loc 1 2212 5 is_stmt 1 view .LVU1484
2212:Drivers/STM32G4xx_HAL_Driver/Src/stm32g4xx_hal_tim_ex.c ****   }
 5121              		.loc 1 2212 12 is_stmt 0 view .LVU1485
ARM GAS  /tmp/ccX78w3T.s 			page 180


 5122 0034 4C68     		ldr	r4, [r1, #4]
 5123 0036 2243     		orrs	r2, r2, r4
 5124              	.LVL336:
 5125              	.L419:
2216:Drivers/STM32G4xx_HAL_Driver/Src/stm32g4xx_hal_tim_ex.c ****   /* Select the TRGO source */
 5126              		.loc 1 2216 3 is_stmt 1 view .LVU1486
2216:Drivers/STM32G4xx_HAL_Driver/Src/stm32g4xx_hal_tim_ex.c ****   /* Select the TRGO source */
 5127              		.loc 1 2216 10 is_stmt 0 view .LVU1487
 5128 0038 22F00072 		bic	r2, r2, #33554432
 5129              	.LVL337:
2216:Drivers/STM32G4xx_HAL_Driver/Src/stm32g4xx_hal_tim_ex.c ****   /* Select the TRGO source */
 5130              		.loc 1 2216 10 view .LVU1488
 5131 003c 22F07002 		bic	r2, r2, #112
 5132              	.LVL338:
2218:Drivers/STM32G4xx_HAL_Driver/Src/stm32g4xx_hal_tim_ex.c **** 
 5133              		.loc 1 2218 3 is_stmt 1 view .LVU1489
2218:Drivers/STM32G4xx_HAL_Driver/Src/stm32g4xx_hal_tim_ex.c **** 
 5134              		.loc 1 2218 10 is_stmt 0 view .LVU1490
 5135 0040 0C68     		ldr	r4, [r1]
 5136 0042 2243     		orrs	r2, r2, r4
 5137              	.LVL339:
2221:Drivers/STM32G4xx_HAL_Driver/Src/stm32g4xx_hal_tim_ex.c **** 
 5138              		.loc 1 2221 3 is_stmt 1 view .LVU1491
2221:Drivers/STM32G4xx_HAL_Driver/Src/stm32g4xx_hal_tim_ex.c **** 
 5139              		.loc 1 2221 23 is_stmt 0 view .LVU1492
 5140 0044 4260     		str	r2, [r0, #4]
2223:Drivers/STM32G4xx_HAL_Driver/Src/stm32g4xx_hal_tim_ex.c ****   {
 5141              		.loc 1 2223 3 is_stmt 1 view .LVU1493
2223:Drivers/STM32G4xx_HAL_Driver/Src/stm32g4xx_hal_tim_ex.c ****   {
 5142              		.loc 1 2223 7 is_stmt 0 view .LVU1494
 5143 0046 1A68     		ldr	r2, [r3]
 5144              	.LVL340:
2223:Drivers/STM32G4xx_HAL_Driver/Src/stm32g4xx_hal_tim_ex.c ****   {
 5145              		.loc 1 2223 6 view .LVU1495
 5146 0048 1248     		ldr	r0, .L427
 5147              	.LVL341:
2223:Drivers/STM32G4xx_HAL_Driver/Src/stm32g4xx_hal_tim_ex.c ****   {
 5148              		.loc 1 2223 6 view .LVU1496
 5149 004a 8242     		cmp	r2, r0
 5150 004c 12D0     		beq	.L420
2223:Drivers/STM32G4xx_HAL_Driver/Src/stm32g4xx_hal_tim_ex.c ****   {
 5151              		.loc 1 2223 7 discriminator 1 view .LVU1497
 5152 004e B2F1804F 		cmp	r2, #1073741824
 5153 0052 0FD0     		beq	.L420
2223:Drivers/STM32G4xx_HAL_Driver/Src/stm32g4xx_hal_tim_ex.c ****   {
 5154              		.loc 1 2223 7 discriminator 2 view .LVU1498
 5155 0054 A0F59430 		sub	r0, r0, #75776
 5156 0058 8242     		cmp	r2, r0
 5157 005a 0BD0     		beq	.L420
2223:Drivers/STM32G4xx_HAL_Driver/Src/stm32g4xx_hal_tim_ex.c ****   {
 5158              		.loc 1 2223 7 discriminator 3 view .LVU1499
 5159 005c 00F58060 		add	r0, r0, #1024
 5160 0060 8242     		cmp	r2, r0
 5161 0062 07D0     		beq	.L420
2223:Drivers/STM32G4xx_HAL_Driver/Src/stm32g4xx_hal_tim_ex.c ****   {
 5162              		.loc 1 2223 7 discriminator 4 view .LVU1500
 5163 0064 00F59630 		add	r0, r0, #76800
ARM GAS  /tmp/ccX78w3T.s 			page 181


 5164 0068 8242     		cmp	r2, r0
 5165 006a 03D0     		beq	.L420
2223:Drivers/STM32G4xx_HAL_Driver/Src/stm32g4xx_hal_tim_ex.c ****   {
 5166              		.loc 1 2223 7 discriminator 5 view .LVU1501
 5167 006c 00F54060 		add	r0, r0, #3072
 5168 0070 8242     		cmp	r2, r0
 5169 0072 05D1     		bne	.L421
 5170              	.L420:
2226:Drivers/STM32G4xx_HAL_Driver/Src/stm32g4xx_hal_tim_ex.c ****     /* Set master mode */
 5171              		.loc 1 2226 5 is_stmt 1 view .LVU1502
2226:Drivers/STM32G4xx_HAL_Driver/Src/stm32g4xx_hal_tim_ex.c ****     /* Set master mode */
 5172              		.loc 1 2226 13 is_stmt 0 view .LVU1503
 5173 0074 2CF0800C 		bic	ip, ip, #128
 5174              	.LVL342:
2228:Drivers/STM32G4xx_HAL_Driver/Src/stm32g4xx_hal_tim_ex.c **** 
 5175              		.loc 1 2228 5 is_stmt 1 view .LVU1504
2228:Drivers/STM32G4xx_HAL_Driver/Src/stm32g4xx_hal_tim_ex.c **** 
 5176              		.loc 1 2228 29 is_stmt 0 view .LVU1505
 5177 0078 8968     		ldr	r1, [r1, #8]
 5178              	.LVL343:
2228:Drivers/STM32G4xx_HAL_Driver/Src/stm32g4xx_hal_tim_ex.c **** 
 5179              		.loc 1 2228 13 view .LVU1506
 5180 007a 41EA0C01 		orr	r1, r1, ip
 5181              	.LVL344:
2231:Drivers/STM32G4xx_HAL_Driver/Src/stm32g4xx_hal_tim_ex.c ****   }
 5182              		.loc 1 2231 5 is_stmt 1 view .LVU1507
2231:Drivers/STM32G4xx_HAL_Driver/Src/stm32g4xx_hal_tim_ex.c ****   }
 5183              		.loc 1 2231 26 is_stmt 0 view .LVU1508
 5184 007e 9160     		str	r1, [r2, #8]
 5185              	.LVL345:
 5186              	.L421:
2235:Drivers/STM32G4xx_HAL_Driver/Src/stm32g4xx_hal_tim_ex.c **** 
 5187              		.loc 1 2235 3 is_stmt 1 view .LVU1509
2235:Drivers/STM32G4xx_HAL_Driver/Src/stm32g4xx_hal_tim_ex.c **** 
 5188              		.loc 1 2235 15 is_stmt 0 view .LVU1510
 5189 0080 0122     		movs	r2, #1
 5190 0082 83F83D20 		strb	r2, [r3, #61]
2237:Drivers/STM32G4xx_HAL_Driver/Src/stm32g4xx_hal_tim_ex.c **** 
 5191              		.loc 1 2237 3 is_stmt 1 view .LVU1511
2237:Drivers/STM32G4xx_HAL_Driver/Src/stm32g4xx_hal_tim_ex.c **** 
 5192              		.loc 1 2237 3 view .LVU1512
 5193 0086 0020     		movs	r0, #0
 5194 0088 83F83C00 		strb	r0, [r3, #60]
2237:Drivers/STM32G4xx_HAL_Driver/Src/stm32g4xx_hal_tim_ex.c **** 
 5195              		.loc 1 2237 3 view .LVU1513
2239:Drivers/STM32G4xx_HAL_Driver/Src/stm32g4xx_hal_tim_ex.c **** }
 5196              		.loc 1 2239 3 view .LVU1514
2240:Drivers/STM32G4xx_HAL_Driver/Src/stm32g4xx_hal_tim_ex.c **** 
 5197              		.loc 1 2240 1 is_stmt 0 view .LVU1515
 5198 008c 10BD     		pop	{r4, pc}
 5199              	.LVL346:
 5200              	.L422:
 5201              	.LCFI31:
 5202              		.cfi_def_cfa_offset 0
 5203              		.cfi_restore 4
 5204              		.cfi_restore 14
2192:Drivers/STM32G4xx_HAL_Driver/Src/stm32g4xx_hal_tim_ex.c **** 
ARM GAS  /tmp/ccX78w3T.s 			page 182


 5205              		.loc 1 2192 3 discriminator 1 view .LVU1516
 5206 008e 0220     		movs	r0, #2
 5207              	.LVL347:
2240:Drivers/STM32G4xx_HAL_Driver/Src/stm32g4xx_hal_tim_ex.c **** 
 5208              		.loc 1 2240 1 view .LVU1517
 5209 0090 7047     		bx	lr
 5210              	.L428:
 5211 0092 00BF     		.align	2
 5212              	.L427:
 5213 0094 002C0140 		.word	1073818624
 5214              		.cfi_endproc
 5215              	.LFE358:
 5217              		.section	.text.HAL_TIMEx_ConfigBreakDeadTime,"ax",%progbits
 5218              		.align	1
 5219              		.global	HAL_TIMEx_ConfigBreakDeadTime
 5220              		.syntax unified
 5221              		.thumb
 5222              		.thumb_func
 5224              	HAL_TIMEx_ConfigBreakDeadTime:
 5225              	.LVL348:
 5226              	.LFB359:
2255:Drivers/STM32G4xx_HAL_Driver/Src/stm32g4xx_hal_tim_ex.c ****   /* Keep this variable initialized to 0 as it is used to configure BDTR register */
 5227              		.loc 1 2255 1 is_stmt 1 view -0
 5228              		.cfi_startproc
 5229              		@ args = 0, pretend = 0, frame = 0
 5230              		@ frame_needed = 0, uses_anonymous_args = 0
 5231              		@ link register save eliminated.
2257:Drivers/STM32G4xx_HAL_Driver/Src/stm32g4xx_hal_tim_ex.c **** 
 5232              		.loc 1 2257 3 view .LVU1519
2260:Drivers/STM32G4xx_HAL_Driver/Src/stm32g4xx_hal_tim_ex.c ****   assert_param(IS_TIM_OSSR_STATE(sBreakDeadTimeConfig->OffStateRunMode));
 5233              		.loc 1 2260 3 view .LVU1520
2261:Drivers/STM32G4xx_HAL_Driver/Src/stm32g4xx_hal_tim_ex.c ****   assert_param(IS_TIM_OSSI_STATE(sBreakDeadTimeConfig->OffStateIDLEMode));
 5234              		.loc 1 2261 3 view .LVU1521
2262:Drivers/STM32G4xx_HAL_Driver/Src/stm32g4xx_hal_tim_ex.c ****   assert_param(IS_TIM_LOCK_LEVEL(sBreakDeadTimeConfig->LockLevel));
 5235              		.loc 1 2262 3 view .LVU1522
2263:Drivers/STM32G4xx_HAL_Driver/Src/stm32g4xx_hal_tim_ex.c ****   assert_param(IS_TIM_DEADTIME(sBreakDeadTimeConfig->DeadTime));
 5236              		.loc 1 2263 3 view .LVU1523
2264:Drivers/STM32G4xx_HAL_Driver/Src/stm32g4xx_hal_tim_ex.c ****   assert_param(IS_TIM_BREAK_STATE(sBreakDeadTimeConfig->BreakState));
 5237              		.loc 1 2264 3 view .LVU1524
2265:Drivers/STM32G4xx_HAL_Driver/Src/stm32g4xx_hal_tim_ex.c ****   assert_param(IS_TIM_BREAK_POLARITY(sBreakDeadTimeConfig->BreakPolarity));
 5238              		.loc 1 2265 3 view .LVU1525
2266:Drivers/STM32G4xx_HAL_Driver/Src/stm32g4xx_hal_tim_ex.c ****   assert_param(IS_TIM_BREAK_FILTER(sBreakDeadTimeConfig->BreakFilter));
 5239              		.loc 1 2266 3 view .LVU1526
2267:Drivers/STM32G4xx_HAL_Driver/Src/stm32g4xx_hal_tim_ex.c ****   assert_param(IS_TIM_AUTOMATIC_OUTPUT_STATE(sBreakDeadTimeConfig->AutomaticOutput));
 5240              		.loc 1 2267 3 view .LVU1527
2268:Drivers/STM32G4xx_HAL_Driver/Src/stm32g4xx_hal_tim_ex.c ****   assert_param(IS_TIM_BREAK_AFMODE(sBreakDeadTimeConfig->BreakAFMode));
 5241              		.loc 1 2268 3 view .LVU1528
2269:Drivers/STM32G4xx_HAL_Driver/Src/stm32g4xx_hal_tim_ex.c **** 
 5242              		.loc 1 2269 3 view .LVU1529
2272:Drivers/STM32G4xx_HAL_Driver/Src/stm32g4xx_hal_tim_ex.c **** 
 5243              		.loc 1 2272 3 view .LVU1530
2272:Drivers/STM32G4xx_HAL_Driver/Src/stm32g4xx_hal_tim_ex.c **** 
 5244              		.loc 1 2272 3 view .LVU1531
 5245 0000 90F83C30 		ldrb	r3, [r0, #60]	@ zero_extendqisi2
 5246 0004 012B     		cmp	r3, #1
 5247 0006 4BD0     		beq	.L433
 5248 0008 0246     		mov	r2, r0
ARM GAS  /tmp/ccX78w3T.s 			page 183


2272:Drivers/STM32G4xx_HAL_Driver/Src/stm32g4xx_hal_tim_ex.c **** 
 5249              		.loc 1 2272 3 discriminator 2 view .LVU1532
 5250 000a 0123     		movs	r3, #1
 5251 000c 80F83C30 		strb	r3, [r0, #60]
2272:Drivers/STM32G4xx_HAL_Driver/Src/stm32g4xx_hal_tim_ex.c **** 
 5252              		.loc 1 2272 3 discriminator 2 view .LVU1533
2278:Drivers/STM32G4xx_HAL_Driver/Src/stm32g4xx_hal_tim_ex.c ****   MODIFY_REG(tmpbdtr, TIM_BDTR_LOCK, sBreakDeadTimeConfig->LockLevel);
 5253              		.loc 1 2278 3 view .LVU1534
 5254 0010 CB68     		ldr	r3, [r1, #12]
 5255              	.LVL349:
2279:Drivers/STM32G4xx_HAL_Driver/Src/stm32g4xx_hal_tim_ex.c ****   MODIFY_REG(tmpbdtr, TIM_BDTR_OSSI, sBreakDeadTimeConfig->OffStateIDLEMode);
 5256              		.loc 1 2279 3 view .LVU1535
 5257 0012 23F44073 		bic	r3, r3, #768
 5258              	.LVL350:
2279:Drivers/STM32G4xx_HAL_Driver/Src/stm32g4xx_hal_tim_ex.c ****   MODIFY_REG(tmpbdtr, TIM_BDTR_OSSI, sBreakDeadTimeConfig->OffStateIDLEMode);
 5259              		.loc 1 2279 3 is_stmt 0 view .LVU1536
 5260 0016 8868     		ldr	r0, [r1, #8]
 5261              	.LVL351:
2279:Drivers/STM32G4xx_HAL_Driver/Src/stm32g4xx_hal_tim_ex.c ****   MODIFY_REG(tmpbdtr, TIM_BDTR_OSSI, sBreakDeadTimeConfig->OffStateIDLEMode);
 5262              		.loc 1 2279 3 view .LVU1537
 5263 0018 0343     		orrs	r3, r3, r0
 5264              	.LVL352:
2280:Drivers/STM32G4xx_HAL_Driver/Src/stm32g4xx_hal_tim_ex.c ****   MODIFY_REG(tmpbdtr, TIM_BDTR_OSSR, sBreakDeadTimeConfig->OffStateRunMode);
 5265              		.loc 1 2280 3 is_stmt 1 view .LVU1538
 5266 001a 23F48063 		bic	r3, r3, #1024
 5267              	.LVL353:
2280:Drivers/STM32G4xx_HAL_Driver/Src/stm32g4xx_hal_tim_ex.c ****   MODIFY_REG(tmpbdtr, TIM_BDTR_OSSR, sBreakDeadTimeConfig->OffStateRunMode);
 5268              		.loc 1 2280 3 is_stmt 0 view .LVU1539
 5269 001e 4868     		ldr	r0, [r1, #4]
 5270              	.LVL354:
2280:Drivers/STM32G4xx_HAL_Driver/Src/stm32g4xx_hal_tim_ex.c ****   MODIFY_REG(tmpbdtr, TIM_BDTR_OSSR, sBreakDeadTimeConfig->OffStateRunMode);
 5271              		.loc 1 2280 3 view .LVU1540
 5272 0020 0343     		orrs	r3, r3, r0
 5273              	.LVL355:
2281:Drivers/STM32G4xx_HAL_Driver/Src/stm32g4xx_hal_tim_ex.c ****   MODIFY_REG(tmpbdtr, TIM_BDTR_BKE, sBreakDeadTimeConfig->BreakState);
 5274              		.loc 1 2281 3 is_stmt 1 view .LVU1541
 5275 0022 23F40063 		bic	r3, r3, #2048
 5276              	.LVL356:
2281:Drivers/STM32G4xx_HAL_Driver/Src/stm32g4xx_hal_tim_ex.c ****   MODIFY_REG(tmpbdtr, TIM_BDTR_BKE, sBreakDeadTimeConfig->BreakState);
 5277              		.loc 1 2281 3 is_stmt 0 view .LVU1542
 5278 0026 0868     		ldr	r0, [r1]
 5279              	.LVL357:
2281:Drivers/STM32G4xx_HAL_Driver/Src/stm32g4xx_hal_tim_ex.c ****   MODIFY_REG(tmpbdtr, TIM_BDTR_BKE, sBreakDeadTimeConfig->BreakState);
 5280              		.loc 1 2281 3 view .LVU1543
 5281 0028 0343     		orrs	r3, r3, r0
 5282              	.LVL358:
2282:Drivers/STM32G4xx_HAL_Driver/Src/stm32g4xx_hal_tim_ex.c ****   MODIFY_REG(tmpbdtr, TIM_BDTR_BKP, sBreakDeadTimeConfig->BreakPolarity);
 5283              		.loc 1 2282 3 is_stmt 1 view .LVU1544
 5284 002a 23F48053 		bic	r3, r3, #4096
 5285              	.LVL359:
2282:Drivers/STM32G4xx_HAL_Driver/Src/stm32g4xx_hal_tim_ex.c ****   MODIFY_REG(tmpbdtr, TIM_BDTR_BKP, sBreakDeadTimeConfig->BreakPolarity);
 5286              		.loc 1 2282 3 is_stmt 0 view .LVU1545
 5287 002e 0869     		ldr	r0, [r1, #16]
 5288              	.LVL360:
2282:Drivers/STM32G4xx_HAL_Driver/Src/stm32g4xx_hal_tim_ex.c ****   MODIFY_REG(tmpbdtr, TIM_BDTR_BKP, sBreakDeadTimeConfig->BreakPolarity);
 5289              		.loc 1 2282 3 view .LVU1546
 5290 0030 0343     		orrs	r3, r3, r0
ARM GAS  /tmp/ccX78w3T.s 			page 184


 5291              	.LVL361:
2283:Drivers/STM32G4xx_HAL_Driver/Src/stm32g4xx_hal_tim_ex.c ****   MODIFY_REG(tmpbdtr, TIM_BDTR_AOE, sBreakDeadTimeConfig->AutomaticOutput);
 5292              		.loc 1 2283 3 is_stmt 1 view .LVU1547
 5293 0032 23F40053 		bic	r3, r3, #8192
 5294              	.LVL362:
2283:Drivers/STM32G4xx_HAL_Driver/Src/stm32g4xx_hal_tim_ex.c ****   MODIFY_REG(tmpbdtr, TIM_BDTR_AOE, sBreakDeadTimeConfig->AutomaticOutput);
 5295              		.loc 1 2283 3 is_stmt 0 view .LVU1548
 5296 0036 4869     		ldr	r0, [r1, #20]
 5297              	.LVL363:
2283:Drivers/STM32G4xx_HAL_Driver/Src/stm32g4xx_hal_tim_ex.c ****   MODIFY_REG(tmpbdtr, TIM_BDTR_AOE, sBreakDeadTimeConfig->AutomaticOutput);
 5298              		.loc 1 2283 3 view .LVU1549
 5299 0038 0343     		orrs	r3, r3, r0
 5300              	.LVL364:
2284:Drivers/STM32G4xx_HAL_Driver/Src/stm32g4xx_hal_tim_ex.c ****   MODIFY_REG(tmpbdtr, TIM_BDTR_BKF, (sBreakDeadTimeConfig->BreakFilter << TIM_BDTR_BKF_Pos));
 5301              		.loc 1 2284 3 is_stmt 1 view .LVU1550
 5302 003a 23F48043 		bic	r3, r3, #16384
 5303              	.LVL365:
2284:Drivers/STM32G4xx_HAL_Driver/Src/stm32g4xx_hal_tim_ex.c ****   MODIFY_REG(tmpbdtr, TIM_BDTR_BKF, (sBreakDeadTimeConfig->BreakFilter << TIM_BDTR_BKF_Pos));
 5304              		.loc 1 2284 3 is_stmt 0 view .LVU1551
 5305 003e 086B     		ldr	r0, [r1, #48]
 5306              	.LVL366:
2284:Drivers/STM32G4xx_HAL_Driver/Src/stm32g4xx_hal_tim_ex.c ****   MODIFY_REG(tmpbdtr, TIM_BDTR_BKF, (sBreakDeadTimeConfig->BreakFilter << TIM_BDTR_BKF_Pos));
 5307              		.loc 1 2284 3 view .LVU1552
 5308 0040 0343     		orrs	r3, r3, r0
 5309              	.LVL367:
2285:Drivers/STM32G4xx_HAL_Driver/Src/stm32g4xx_hal_tim_ex.c ****   MODIFY_REG(tmpbdtr, TIM_BDTR_BKBID, sBreakDeadTimeConfig->BreakAFMode);
 5310              		.loc 1 2285 3 is_stmt 1 view .LVU1553
 5311 0042 23F47023 		bic	r3, r3, #983040
 5312              	.LVL368:
2285:Drivers/STM32G4xx_HAL_Driver/Src/stm32g4xx_hal_tim_ex.c ****   MODIFY_REG(tmpbdtr, TIM_BDTR_BKBID, sBreakDeadTimeConfig->BreakAFMode);
 5313              		.loc 1 2285 3 is_stmt 0 view .LVU1554
 5314 0046 8869     		ldr	r0, [r1, #24]
 5315              	.LVL369:
2285:Drivers/STM32G4xx_HAL_Driver/Src/stm32g4xx_hal_tim_ex.c ****   MODIFY_REG(tmpbdtr, TIM_BDTR_BKBID, sBreakDeadTimeConfig->BreakAFMode);
 5316              		.loc 1 2285 3 view .LVU1555
 5317 0048 43EA0043 		orr	r3, r3, r0, lsl #16
 5318              	.LVL370:
2286:Drivers/STM32G4xx_HAL_Driver/Src/stm32g4xx_hal_tim_ex.c **** 
 5319              		.loc 1 2286 3 is_stmt 1 view .LVU1556
 5320 004c 23F08053 		bic	r3, r3, #268435456
 5321              	.LVL371:
2286:Drivers/STM32G4xx_HAL_Driver/Src/stm32g4xx_hal_tim_ex.c **** 
 5322              		.loc 1 2286 3 is_stmt 0 view .LVU1557
 5323 0050 C869     		ldr	r0, [r1, #28]
 5324              	.LVL372:
2286:Drivers/STM32G4xx_HAL_Driver/Src/stm32g4xx_hal_tim_ex.c **** 
 5325              		.loc 1 2286 3 view .LVU1558
 5326 0052 0343     		orrs	r3, r3, r0
 5327              	.LVL373:
2288:Drivers/STM32G4xx_HAL_Driver/Src/stm32g4xx_hal_tim_ex.c ****   {
 5328              		.loc 1 2288 3 is_stmt 1 view .LVU1559
2288:Drivers/STM32G4xx_HAL_Driver/Src/stm32g4xx_hal_tim_ex.c ****   {
 5329              		.loc 1 2288 7 is_stmt 0 view .LVU1560
 5330 0054 1068     		ldr	r0, [r2]
2288:Drivers/STM32G4xx_HAL_Driver/Src/stm32g4xx_hal_tim_ex.c ****   {
 5331              		.loc 1 2288 6 view .LVU1561
 5332 0056 DFF84CC0 		ldr	ip, .L438
ARM GAS  /tmp/ccX78w3T.s 			page 185


 5333 005a 6045     		cmp	r0, ip
 5334 005c 08D0     		beq	.L431
2288:Drivers/STM32G4xx_HAL_Driver/Src/stm32g4xx_hal_tim_ex.c ****   {
 5335              		.loc 1 2288 7 discriminator 1 view .LVU1562
 5336 005e 0CF5006C 		add	ip, ip, #2048
 5337 0062 6045     		cmp	r0, ip
 5338 0064 04D0     		beq	.L431
2304:Drivers/STM32G4xx_HAL_Driver/Src/stm32g4xx_hal_tim_ex.c **** 
 5339              		.loc 1 2304 3 is_stmt 1 view .LVU1563
2304:Drivers/STM32G4xx_HAL_Driver/Src/stm32g4xx_hal_tim_ex.c **** 
 5340              		.loc 1 2304 24 is_stmt 0 view .LVU1564
 5341 0066 4364     		str	r3, [r0, #68]
2306:Drivers/STM32G4xx_HAL_Driver/Src/stm32g4xx_hal_tim_ex.c **** 
 5342              		.loc 1 2306 3 is_stmt 1 view .LVU1565
2306:Drivers/STM32G4xx_HAL_Driver/Src/stm32g4xx_hal_tim_ex.c **** 
 5343              		.loc 1 2306 3 view .LVU1566
 5344 0068 0020     		movs	r0, #0
 5345 006a 82F83C00 		strb	r0, [r2, #60]
2306:Drivers/STM32G4xx_HAL_Driver/Src/stm32g4xx_hal_tim_ex.c **** 
 5346              		.loc 1 2306 3 view .LVU1567
2308:Drivers/STM32G4xx_HAL_Driver/Src/stm32g4xx_hal_tim_ex.c **** }
 5347              		.loc 1 2308 3 view .LVU1568
2309:Drivers/STM32G4xx_HAL_Driver/Src/stm32g4xx_hal_tim_ex.c **** 
 5348              		.loc 1 2309 1 is_stmt 0 view .LVU1569
 5349 006e 7047     		bx	lr
 5350              	.L431:
2255:Drivers/STM32G4xx_HAL_Driver/Src/stm32g4xx_hal_tim_ex.c ****   /* Keep this variable initialized to 0 as it is used to configure BDTR register */
 5351              		.loc 1 2255 1 view .LVU1570
 5352 0070 10B4     		push	{r4}
 5353              	.LCFI32:
 5354              		.cfi_def_cfa_offset 4
 5355              		.cfi_offset 4, -4
2291:Drivers/STM32G4xx_HAL_Driver/Src/stm32g4xx_hal_tim_ex.c ****     assert_param(IS_TIM_BREAK2_POLARITY(sBreakDeadTimeConfig->Break2Polarity));
 5356              		.loc 1 2291 5 is_stmt 1 view .LVU1571
2292:Drivers/STM32G4xx_HAL_Driver/Src/stm32g4xx_hal_tim_ex.c ****     assert_param(IS_TIM_BREAK_FILTER(sBreakDeadTimeConfig->Break2Filter));
 5357              		.loc 1 2292 5 view .LVU1572
2293:Drivers/STM32G4xx_HAL_Driver/Src/stm32g4xx_hal_tim_ex.c ****     assert_param(IS_TIM_BREAK2_AFMODE(sBreakDeadTimeConfig->Break2AFMode));
 5358              		.loc 1 2293 5 view .LVU1573
2294:Drivers/STM32G4xx_HAL_Driver/Src/stm32g4xx_hal_tim_ex.c **** 
 5359              		.loc 1 2294 5 view .LVU1574
2297:Drivers/STM32G4xx_HAL_Driver/Src/stm32g4xx_hal_tim_ex.c ****     MODIFY_REG(tmpbdtr, TIM_BDTR_BK2E, sBreakDeadTimeConfig->Break2State);
 5360              		.loc 1 2297 5 view .LVU1575
 5361 0072 23F47003 		bic	r3, r3, #15728640
 5362              	.LVL374:
2297:Drivers/STM32G4xx_HAL_Driver/Src/stm32g4xx_hal_tim_ex.c ****     MODIFY_REG(tmpbdtr, TIM_BDTR_BK2E, sBreakDeadTimeConfig->Break2State);
 5363              		.loc 1 2297 5 is_stmt 0 view .LVU1576
 5364 0076 8C6A     		ldr	r4, [r1, #40]
 5365 0078 43EA0453 		orr	r3, r3, r4, lsl #20
 5366              	.LVL375:
2298:Drivers/STM32G4xx_HAL_Driver/Src/stm32g4xx_hal_tim_ex.c ****     MODIFY_REG(tmpbdtr, TIM_BDTR_BK2P, sBreakDeadTimeConfig->Break2Polarity);
 5367              		.loc 1 2298 5 is_stmt 1 view .LVU1577
 5368 007c 23F08073 		bic	r3, r3, #16777216
 5369              	.LVL376:
2298:Drivers/STM32G4xx_HAL_Driver/Src/stm32g4xx_hal_tim_ex.c ****     MODIFY_REG(tmpbdtr, TIM_BDTR_BK2P, sBreakDeadTimeConfig->Break2Polarity);
 5370              		.loc 1 2298 5 is_stmt 0 view .LVU1578
 5371 0080 0C6A     		ldr	r4, [r1, #32]
 5372              	.LVL377:
ARM GAS  /tmp/ccX78w3T.s 			page 186


2298:Drivers/STM32G4xx_HAL_Driver/Src/stm32g4xx_hal_tim_ex.c ****     MODIFY_REG(tmpbdtr, TIM_BDTR_BK2P, sBreakDeadTimeConfig->Break2Polarity);
 5373              		.loc 1 2298 5 view .LVU1579
 5374 0082 2343     		orrs	r3, r3, r4
 5375              	.LVL378:
2299:Drivers/STM32G4xx_HAL_Driver/Src/stm32g4xx_hal_tim_ex.c ****     MODIFY_REG(tmpbdtr, TIM_BDTR_BK2BID, sBreakDeadTimeConfig->Break2AFMode);
 5376              		.loc 1 2299 5 is_stmt 1 view .LVU1580
 5377 0084 23F00073 		bic	r3, r3, #33554432
 5378              	.LVL379:
2299:Drivers/STM32G4xx_HAL_Driver/Src/stm32g4xx_hal_tim_ex.c ****     MODIFY_REG(tmpbdtr, TIM_BDTR_BK2BID, sBreakDeadTimeConfig->Break2AFMode);
 5379              		.loc 1 2299 5 is_stmt 0 view .LVU1581
 5380 0088 4C6A     		ldr	r4, [r1, #36]
 5381              	.LVL380:
2299:Drivers/STM32G4xx_HAL_Driver/Src/stm32g4xx_hal_tim_ex.c ****     MODIFY_REG(tmpbdtr, TIM_BDTR_BK2BID, sBreakDeadTimeConfig->Break2AFMode);
 5382              		.loc 1 2299 5 view .LVU1582
 5383 008a 2343     		orrs	r3, r3, r4
 5384              	.LVL381:
2300:Drivers/STM32G4xx_HAL_Driver/Src/stm32g4xx_hal_tim_ex.c ****   }
 5385              		.loc 1 2300 5 is_stmt 1 view .LVU1583
 5386 008c 23F00053 		bic	r3, r3, #536870912
 5387              	.LVL382:
2300:Drivers/STM32G4xx_HAL_Driver/Src/stm32g4xx_hal_tim_ex.c ****   }
 5388              		.loc 1 2300 5 is_stmt 0 view .LVU1584
 5389 0090 C96A     		ldr	r1, [r1, #44]
 5390              	.LVL383:
2300:Drivers/STM32G4xx_HAL_Driver/Src/stm32g4xx_hal_tim_ex.c ****   }
 5391              		.loc 1 2300 5 view .LVU1585
 5392 0092 0B43     		orrs	r3, r3, r1
 5393              	.LVL384:
2304:Drivers/STM32G4xx_HAL_Driver/Src/stm32g4xx_hal_tim_ex.c **** 
 5394              		.loc 1 2304 3 is_stmt 1 view .LVU1586
2304:Drivers/STM32G4xx_HAL_Driver/Src/stm32g4xx_hal_tim_ex.c **** 
 5395              		.loc 1 2304 24 is_stmt 0 view .LVU1587
 5396 0094 4364     		str	r3, [r0, #68]
2306:Drivers/STM32G4xx_HAL_Driver/Src/stm32g4xx_hal_tim_ex.c **** 
 5397              		.loc 1 2306 3 is_stmt 1 view .LVU1588
2306:Drivers/STM32G4xx_HAL_Driver/Src/stm32g4xx_hal_tim_ex.c **** 
 5398              		.loc 1 2306 3 view .LVU1589
 5399 0096 0020     		movs	r0, #0
 5400 0098 82F83C00 		strb	r0, [r2, #60]
2306:Drivers/STM32G4xx_HAL_Driver/Src/stm32g4xx_hal_tim_ex.c **** 
 5401              		.loc 1 2306 3 view .LVU1590
2308:Drivers/STM32G4xx_HAL_Driver/Src/stm32g4xx_hal_tim_ex.c **** }
 5402              		.loc 1 2308 3 view .LVU1591
2309:Drivers/STM32G4xx_HAL_Driver/Src/stm32g4xx_hal_tim_ex.c **** 
 5403              		.loc 1 2309 1 is_stmt 0 view .LVU1592
 5404 009c 10BC     		pop	{r4}
 5405              	.LCFI33:
 5406              		.cfi_restore 4
 5407              		.cfi_def_cfa_offset 0
 5408 009e 7047     		bx	lr
 5409              	.LVL385:
 5410              	.L433:
2272:Drivers/STM32G4xx_HAL_Driver/Src/stm32g4xx_hal_tim_ex.c **** 
 5411              		.loc 1 2272 3 discriminator 1 view .LVU1593
 5412 00a0 0220     		movs	r0, #2
 5413              	.LVL386:
2272:Drivers/STM32G4xx_HAL_Driver/Src/stm32g4xx_hal_tim_ex.c **** 
ARM GAS  /tmp/ccX78w3T.s 			page 187


 5414              		.loc 1 2272 3 discriminator 1 view .LVU1594
 5415 00a2 7047     		bx	lr
 5416              	.L439:
 5417              		.align	2
 5418              	.L438:
 5419 00a4 002C0140 		.word	1073818624
 5420              		.cfi_endproc
 5421              	.LFE359:
 5423              		.section	.text.HAL_TIMEx_ConfigBreakInput,"ax",%progbits
 5424              		.align	1
 5425              		.global	HAL_TIMEx_ConfigBreakInput
 5426              		.syntax unified
 5427              		.thumb
 5428              		.thumb_func
 5430              	HAL_TIMEx_ConfigBreakInput:
 5431              	.LVL387:
 5432              	.LFB360:
2324:Drivers/STM32G4xx_HAL_Driver/Src/stm32g4xx_hal_tim_ex.c ****   HAL_StatusTypeDef status = HAL_OK;
 5433              		.loc 1 2324 1 is_stmt 1 view -0
 5434              		.cfi_startproc
 5435              		@ args = 0, pretend = 0, frame = 0
 5436              		@ frame_needed = 0, uses_anonymous_args = 0
2324:Drivers/STM32G4xx_HAL_Driver/Src/stm32g4xx_hal_tim_ex.c ****   HAL_StatusTypeDef status = HAL_OK;
 5437              		.loc 1 2324 1 is_stmt 0 view .LVU1596
 5438 0000 0346     		mov	r3, r0
2325:Drivers/STM32G4xx_HAL_Driver/Src/stm32g4xx_hal_tim_ex.c ****   uint32_t tmporx;
 5439              		.loc 1 2325 3 is_stmt 1 view .LVU1597
 5440              	.LVL388:
2326:Drivers/STM32G4xx_HAL_Driver/Src/stm32g4xx_hal_tim_ex.c ****   uint32_t bkin_enable_mask;
 5441              		.loc 1 2326 3 view .LVU1598
2327:Drivers/STM32G4xx_HAL_Driver/Src/stm32g4xx_hal_tim_ex.c ****   uint32_t bkin_polarity_mask;
 5442              		.loc 1 2327 3 view .LVU1599
2328:Drivers/STM32G4xx_HAL_Driver/Src/stm32g4xx_hal_tim_ex.c ****   uint32_t bkin_enable_bitpos;
 5443              		.loc 1 2328 3 view .LVU1600
2329:Drivers/STM32G4xx_HAL_Driver/Src/stm32g4xx_hal_tim_ex.c ****   uint32_t bkin_polarity_bitpos;
 5444              		.loc 1 2329 3 view .LVU1601
2330:Drivers/STM32G4xx_HAL_Driver/Src/stm32g4xx_hal_tim_ex.c **** 
 5445              		.loc 1 2330 3 view .LVU1602
2333:Drivers/STM32G4xx_HAL_Driver/Src/stm32g4xx_hal_tim_ex.c ****   assert_param(IS_TIM_BREAKINPUT(BreakInput));
 5446              		.loc 1 2333 3 view .LVU1603
2334:Drivers/STM32G4xx_HAL_Driver/Src/stm32g4xx_hal_tim_ex.c ****   assert_param(IS_TIM_BREAKINPUTSOURCE(sBreakInputConfig->Source));
 5447              		.loc 1 2334 3 view .LVU1604
2335:Drivers/STM32G4xx_HAL_Driver/Src/stm32g4xx_hal_tim_ex.c ****   assert_param(IS_TIM_BREAKINPUTSOURCE_STATE(sBreakInputConfig->Enable));
 5448              		.loc 1 2335 3 view .LVU1605
2336:Drivers/STM32G4xx_HAL_Driver/Src/stm32g4xx_hal_tim_ex.c ****   assert_param(IS_TIM_BREAKINPUTSOURCE_POLARITY(sBreakInputConfig->Polarity));
 5449              		.loc 1 2336 3 view .LVU1606
2337:Drivers/STM32G4xx_HAL_Driver/Src/stm32g4xx_hal_tim_ex.c **** 
 5450              		.loc 1 2337 3 view .LVU1607
2340:Drivers/STM32G4xx_HAL_Driver/Src/stm32g4xx_hal_tim_ex.c **** 
 5451              		.loc 1 2340 3 view .LVU1608
2340:Drivers/STM32G4xx_HAL_Driver/Src/stm32g4xx_hal_tim_ex.c **** 
 5452              		.loc 1 2340 3 view .LVU1609
 5453 0002 90F83C00 		ldrb	r0, [r0, #60]	@ zero_extendqisi2
 5454              	.LVL389:
2340:Drivers/STM32G4xx_HAL_Driver/Src/stm32g4xx_hal_tim_ex.c **** 
 5455              		.loc 1 2340 3 is_stmt 0 view .LVU1610
 5456 0006 0128     		cmp	r0, #1
ARM GAS  /tmp/ccX78w3T.s 			page 188


 5457 0008 6AD0     		beq	.L453
2324:Drivers/STM32G4xx_HAL_Driver/Src/stm32g4xx_hal_tim_ex.c ****   HAL_StatusTypeDef status = HAL_OK;
 5458              		.loc 1 2324 1 view .LVU1611
 5459 000a 70B5     		push	{r4, r5, r6, lr}
 5460              	.LCFI34:
 5461              		.cfi_def_cfa_offset 16
 5462              		.cfi_offset 4, -16
 5463              		.cfi_offset 5, -12
 5464              		.cfi_offset 6, -8
 5465              		.cfi_offset 14, -4
2340:Drivers/STM32G4xx_HAL_Driver/Src/stm32g4xx_hal_tim_ex.c **** 
 5466              		.loc 1 2340 3 is_stmt 1 discriminator 2 view .LVU1612
 5467 000c 0120     		movs	r0, #1
 5468 000e 83F83C00 		strb	r0, [r3, #60]
2340:Drivers/STM32G4xx_HAL_Driver/Src/stm32g4xx_hal_tim_ex.c **** 
 5469              		.loc 1 2340 3 discriminator 2 view .LVU1613
2342:Drivers/STM32G4xx_HAL_Driver/Src/stm32g4xx_hal_tim_ex.c ****   {
 5470              		.loc 1 2342 3 view .LVU1614
2342:Drivers/STM32G4xx_HAL_Driver/Src/stm32g4xx_hal_tim_ex.c ****   {
 5471              		.loc 1 2342 28 is_stmt 0 view .LVU1615
 5472 0012 D2F800C0 		ldr	ip, [r2]
2342:Drivers/STM32G4xx_HAL_Driver/Src/stm32g4xx_hal_tim_ex.c ****   {
 5473              		.loc 1 2342 3 view .LVU1616
 5474 0016 0CF1FF30 		add	r0, ip, #-1
 5475 001a 0F28     		cmp	r0, #15
 5476 001c 25D8     		bhi	.L442
 5477 001e DFE800F0 		tbb	[pc, r0]
 5478              	.L444:
 5479 0022 08       		.byte	(.L448-.L444)/2
 5480 0023 2E       		.byte	(.L454-.L444)/2
 5481 0024 24       		.byte	(.L442-.L444)/2
 5482 0025 0F       		.byte	(.L446-.L444)/2
 5483 0026 24       		.byte	(.L442-.L444)/2
 5484 0027 24       		.byte	(.L442-.L444)/2
 5485 0028 24       		.byte	(.L442-.L444)/2
 5486 0029 16       		.byte	(.L445-.L444)/2
 5487 002a 24       		.byte	(.L442-.L444)/2
 5488 002b 24       		.byte	(.L442-.L444)/2
 5489 002c 24       		.byte	(.L442-.L444)/2
 5490 002d 24       		.byte	(.L442-.L444)/2
 5491 002e 24       		.byte	(.L442-.L444)/2
 5492 002f 24       		.byte	(.L442-.L444)/2
 5493 0030 24       		.byte	(.L442-.L444)/2
 5494 0031 1D       		.byte	(.L443-.L444)/2
 5495              		.p2align 1
 5496              	.L448:
 5497 0032 0920     		movs	r0, #9
 5498 0034 0024     		movs	r4, #0
 5499 0036 2646     		mov	r6, r4
 5500 0038 4FF40074 		mov	r4, #512
 5501 003c 2546     		mov	r5, r4
 5502 003e 18E0     		b	.L447
 5503              	.L446:
2363:Drivers/STM32G4xx_HAL_Driver/Src/stm32g4xx_hal_tim_ex.c ****       bkin_enable_bitpos = TIM1_AF1_BKCMP2E_Pos;
 5504              		.loc 1 2363 7 is_stmt 1 view .LVU1617
 5505              	.LVL390:
2364:Drivers/STM32G4xx_HAL_Driver/Src/stm32g4xx_hal_tim_ex.c ****       bkin_polarity_mask = TIM1_AF1_BKCMP2P;
ARM GAS  /tmp/ccX78w3T.s 			page 189


 5506              		.loc 1 2364 7 view .LVU1618
2365:Drivers/STM32G4xx_HAL_Driver/Src/stm32g4xx_hal_tim_ex.c ****       bkin_polarity_bitpos = TIM1_AF1_BKCMP2P_Pos;
 5507              		.loc 1 2365 7 view .LVU1619
2366:Drivers/STM32G4xx_HAL_Driver/Src/stm32g4xx_hal_tim_ex.c ****       break;
 5508              		.loc 1 2366 7 view .LVU1620
2367:Drivers/STM32G4xx_HAL_Driver/Src/stm32g4xx_hal_tim_ex.c ****     }
 5509              		.loc 1 2367 7 view .LVU1621
2366:Drivers/STM32G4xx_HAL_Driver/Src/stm32g4xx_hal_tim_ex.c ****       break;
 5510              		.loc 1 2366 28 is_stmt 0 view .LVU1622
 5511 0040 0B20     		movs	r0, #11
2364:Drivers/STM32G4xx_HAL_Driver/Src/stm32g4xx_hal_tim_ex.c ****       bkin_polarity_mask = TIM1_AF1_BKCMP2P;
 5512              		.loc 1 2364 26 view .LVU1623
 5513 0042 0224     		movs	r4, #2
 5514 0044 2646     		mov	r6, r4
2365:Drivers/STM32G4xx_HAL_Driver/Src/stm32g4xx_hal_tim_ex.c ****       bkin_polarity_bitpos = TIM1_AF1_BKCMP2P_Pos;
 5515              		.loc 1 2365 26 view .LVU1624
 5516 0046 4FF40064 		mov	r4, #2048
 5517 004a 2546     		mov	r5, r4
2367:Drivers/STM32G4xx_HAL_Driver/Src/stm32g4xx_hal_tim_ex.c ****     }
 5518              		.loc 1 2367 7 view .LVU1625
 5519 004c 11E0     		b	.L447
 5520              	.LVL391:
 5521              	.L445:
2372:Drivers/STM32G4xx_HAL_Driver/Src/stm32g4xx_hal_tim_ex.c ****       bkin_enable_bitpos = TIM1_AF1_BKCMP3E_Pos;
 5522              		.loc 1 2372 7 is_stmt 1 view .LVU1626
2373:Drivers/STM32G4xx_HAL_Driver/Src/stm32g4xx_hal_tim_ex.c ****       bkin_polarity_mask = TIM1_AF1_BKCMP3P;
 5523              		.loc 1 2373 7 view .LVU1627
2374:Drivers/STM32G4xx_HAL_Driver/Src/stm32g4xx_hal_tim_ex.c ****       bkin_polarity_bitpos = TIM1_AF1_BKCMP3P_Pos;
 5524              		.loc 1 2374 7 view .LVU1628
2375:Drivers/STM32G4xx_HAL_Driver/Src/stm32g4xx_hal_tim_ex.c ****       break;
 5525              		.loc 1 2375 7 view .LVU1629
2376:Drivers/STM32G4xx_HAL_Driver/Src/stm32g4xx_hal_tim_ex.c ****     }
 5526              		.loc 1 2376 7 view .LVU1630
2375:Drivers/STM32G4xx_HAL_Driver/Src/stm32g4xx_hal_tim_ex.c ****       break;
 5527              		.loc 1 2375 28 is_stmt 0 view .LVU1631
 5528 004e 0C20     		movs	r0, #12
2373:Drivers/STM32G4xx_HAL_Driver/Src/stm32g4xx_hal_tim_ex.c ****       bkin_polarity_mask = TIM1_AF1_BKCMP3P;
 5529              		.loc 1 2373 26 view .LVU1632
 5530 0050 0324     		movs	r4, #3
 5531 0052 2646     		mov	r6, r4
2374:Drivers/STM32G4xx_HAL_Driver/Src/stm32g4xx_hal_tim_ex.c ****       bkin_polarity_bitpos = TIM1_AF1_BKCMP3P_Pos;
 5532              		.loc 1 2374 26 view .LVU1633
 5533 0054 4FF48054 		mov	r4, #4096
 5534 0058 2546     		mov	r5, r4
2376:Drivers/STM32G4xx_HAL_Driver/Src/stm32g4xx_hal_tim_ex.c ****     }
 5535              		.loc 1 2376 7 view .LVU1634
 5536 005a 0AE0     		b	.L447
 5537              	.LVL392:
 5538              	.L443:
2381:Drivers/STM32G4xx_HAL_Driver/Src/stm32g4xx_hal_tim_ex.c ****       bkin_enable_bitpos = TIM1_AF1_BKCMP4E_Pos;
 5539              		.loc 1 2381 7 is_stmt 1 view .LVU1635
2382:Drivers/STM32G4xx_HAL_Driver/Src/stm32g4xx_hal_tim_ex.c ****       bkin_polarity_mask = TIM1_AF1_BKCMP4P;
 5540              		.loc 1 2382 7 view .LVU1636
2383:Drivers/STM32G4xx_HAL_Driver/Src/stm32g4xx_hal_tim_ex.c ****       bkin_polarity_bitpos = TIM1_AF1_BKCMP4P_Pos;
 5541              		.loc 1 2383 7 view .LVU1637
2384:Drivers/STM32G4xx_HAL_Driver/Src/stm32g4xx_hal_tim_ex.c ****       break;
 5542              		.loc 1 2384 7 view .LVU1638
ARM GAS  /tmp/ccX78w3T.s 			page 190


2385:Drivers/STM32G4xx_HAL_Driver/Src/stm32g4xx_hal_tim_ex.c ****     }
 5543              		.loc 1 2385 7 view .LVU1639
2384:Drivers/STM32G4xx_HAL_Driver/Src/stm32g4xx_hal_tim_ex.c ****       break;
 5544              		.loc 1 2384 28 is_stmt 0 view .LVU1640
 5545 005c 0D20     		movs	r0, #13
2382:Drivers/STM32G4xx_HAL_Driver/Src/stm32g4xx_hal_tim_ex.c ****       bkin_polarity_mask = TIM1_AF1_BKCMP4P;
 5546              		.loc 1 2382 26 view .LVU1641
 5547 005e 0424     		movs	r4, #4
 5548 0060 2646     		mov	r6, r4
2383:Drivers/STM32G4xx_HAL_Driver/Src/stm32g4xx_hal_tim_ex.c ****       bkin_polarity_bitpos = TIM1_AF1_BKCMP4P_Pos;
 5549              		.loc 1 2383 26 view .LVU1642
 5550 0062 4FF40054 		mov	r4, #8192
 5551 0066 2546     		mov	r5, r4
2385:Drivers/STM32G4xx_HAL_Driver/Src/stm32g4xx_hal_tim_ex.c ****     }
 5552              		.loc 1 2385 7 view .LVU1643
 5553 0068 03E0     		b	.L447
 5554              	.LVL393:
 5555              	.L442:
2424:Drivers/STM32G4xx_HAL_Driver/Src/stm32g4xx_hal_tim_ex.c ****       bkin_polarity_mask = 0U;
 5556              		.loc 1 2424 7 is_stmt 1 view .LVU1644
2425:Drivers/STM32G4xx_HAL_Driver/Src/stm32g4xx_hal_tim_ex.c ****       bkin_enable_bitpos = 0U;
 5557              		.loc 1 2425 7 view .LVU1645
2426:Drivers/STM32G4xx_HAL_Driver/Src/stm32g4xx_hal_tim_ex.c ****       bkin_polarity_bitpos = 0U;
 5558              		.loc 1 2426 7 view .LVU1646
2427:Drivers/STM32G4xx_HAL_Driver/Src/stm32g4xx_hal_tim_ex.c ****       break;
 5559              		.loc 1 2427 7 view .LVU1647
2428:Drivers/STM32G4xx_HAL_Driver/Src/stm32g4xx_hal_tim_ex.c ****     }
 5560              		.loc 1 2428 7 view .LVU1648
2427:Drivers/STM32G4xx_HAL_Driver/Src/stm32g4xx_hal_tim_ex.c ****       break;
 5561              		.loc 1 2427 28 is_stmt 0 view .LVU1649
 5562 006a 0020     		movs	r0, #0
2426:Drivers/STM32G4xx_HAL_Driver/Src/stm32g4xx_hal_tim_ex.c ****       bkin_polarity_bitpos = 0U;
 5563              		.loc 1 2426 26 view .LVU1650
 5564 006c 0646     		mov	r6, r0
2425:Drivers/STM32G4xx_HAL_Driver/Src/stm32g4xx_hal_tim_ex.c ****       bkin_enable_bitpos = 0U;
 5565              		.loc 1 2425 26 view .LVU1651
 5566 006e 0546     		mov	r5, r0
2424:Drivers/STM32G4xx_HAL_Driver/Src/stm32g4xx_hal_tim_ex.c ****       bkin_polarity_mask = 0U;
 5567              		.loc 1 2424 24 view .LVU1652
 5568 0070 8446     		mov	ip, r0
 5569              	.LVL394:
 5570              	.L447:
2432:Drivers/STM32G4xx_HAL_Driver/Src/stm32g4xx_hal_tim_ex.c ****   {
 5571              		.loc 1 2432 3 is_stmt 1 view .LVU1653
 5572 0072 0129     		cmp	r1, #1
 5573 0074 0AD0     		beq	.L449
 5574 0076 0229     		cmp	r1, #2
 5575 0078 1FD0     		beq	.L450
 5576 007a 0120     		movs	r0, #1
 5577              	.LVL395:
2432:Drivers/STM32G4xx_HAL_Driver/Src/stm32g4xx_hal_tim_ex.c ****   {
 5578              		.loc 1 2432 3 is_stmt 0 view .LVU1654
 5579 007c 19E0     		b	.L451
 5580              	.LVL396:
 5581              	.L454:
2357:Drivers/STM32G4xx_HAL_Driver/Src/stm32g4xx_hal_tim_ex.c ****       break;
 5582              		.loc 1 2357 28 view .LVU1655
ARM GAS  /tmp/ccX78w3T.s 			page 191


 5583 007e 0A20     		movs	r0, #10
2355:Drivers/STM32G4xx_HAL_Driver/Src/stm32g4xx_hal_tim_ex.c ****       bkin_polarity_mask = TIM1_AF1_BKCMP1P;
 5584              		.loc 1 2355 26 view .LVU1656
 5585 0080 0124     		movs	r4, #1
 5586 0082 2646     		mov	r6, r4
2356:Drivers/STM32G4xx_HAL_Driver/Src/stm32g4xx_hal_tim_ex.c ****       bkin_polarity_bitpos = TIM1_AF1_BKCMP1P_Pos;
 5587              		.loc 1 2356 26 view .LVU1657
 5588 0084 4FF48064 		mov	r4, #1024
 5589 0088 2546     		mov	r5, r4
 5590 008a F2E7     		b	.L447
 5591              	.LVL397:
 5592              	.L449:
2437:Drivers/STM32G4xx_HAL_Driver/Src/stm32g4xx_hal_tim_ex.c **** 
 5593              		.loc 1 2437 7 is_stmt 1 view .LVU1658
2437:Drivers/STM32G4xx_HAL_Driver/Src/stm32g4xx_hal_tim_ex.c **** 
 5594              		.loc 1 2437 14 is_stmt 0 view .LVU1659
 5595 008c 1968     		ldr	r1, [r3]
 5596              	.LVL398:
2437:Drivers/STM32G4xx_HAL_Driver/Src/stm32g4xx_hal_tim_ex.c **** 
 5597              		.loc 1 2437 14 view .LVU1660
 5598 008e D1F860E0 		ldr	lr, [r1, #96]
2440:Drivers/STM32G4xx_HAL_Driver/Src/stm32g4xx_hal_tim_ex.c ****       tmporx |= (sBreakInputConfig->Enable << bkin_enable_bitpos) & bkin_enable_mask;
 5599              		.loc 1 2440 7 is_stmt 1 view .LVU1661
 5600              	.LVL399:
2441:Drivers/STM32G4xx_HAL_Driver/Src/stm32g4xx_hal_tim_ex.c **** 
 5601              		.loc 1 2441 7 view .LVU1662
2441:Drivers/STM32G4xx_HAL_Driver/Src/stm32g4xx_hal_tim_ex.c **** 
 5602              		.loc 1 2441 35 is_stmt 0 view .LVU1663
 5603 0092 5168     		ldr	r1, [r2, #4]
2441:Drivers/STM32G4xx_HAL_Driver/Src/stm32g4xx_hal_tim_ex.c **** 
 5604              		.loc 1 2441 44 view .LVU1664
 5605 0094 B140     		lsls	r1, r1, r6
 5606 0096 81EA0E01 		eor	r1, r1, lr
 5607 009a 01EA0C01 		and	r1, r1, ip
2441:Drivers/STM32G4xx_HAL_Driver/Src/stm32g4xx_hal_tim_ex.c **** 
 5608              		.loc 1 2441 14 view .LVU1665
 5609 009e 81EA0E01 		eor	r1, r1, lr
2444:Drivers/STM32G4xx_HAL_Driver/Src/stm32g4xx_hal_tim_ex.c ****       tmporx |= (sBreakInputConfig->Polarity << bkin_polarity_bitpos) & bkin_polarity_mask;
 5610              		.loc 1 2444 7 is_stmt 1 view .LVU1666
 5611              	.LVL400:
2445:Drivers/STM32G4xx_HAL_Driver/Src/stm32g4xx_hal_tim_ex.c **** 
 5612              		.loc 1 2445 7 view .LVU1667
2445:Drivers/STM32G4xx_HAL_Driver/Src/stm32g4xx_hal_tim_ex.c **** 
 5613              		.loc 1 2445 35 is_stmt 0 view .LVU1668
 5614 00a2 9268     		ldr	r2, [r2, #8]
 5615              	.LVL401:
2445:Drivers/STM32G4xx_HAL_Driver/Src/stm32g4xx_hal_tim_ex.c **** 
 5616              		.loc 1 2445 46 view .LVU1669
 5617 00a4 8240     		lsls	r2, r2, r0
 5618 00a6 4A40     		eors	r2, r2, r1
 5619 00a8 2A40     		ands	r2, r2, r5
2445:Drivers/STM32G4xx_HAL_Driver/Src/stm32g4xx_hal_tim_ex.c **** 
 5620              		.loc 1 2445 14 view .LVU1670
 5621 00aa 4A40     		eors	r2, r2, r1
 5622              	.LVL402:
2448:Drivers/STM32G4xx_HAL_Driver/Src/stm32g4xx_hal_tim_ex.c ****       break;
 5623              		.loc 1 2448 7 is_stmt 1 view .LVU1671
ARM GAS  /tmp/ccX78w3T.s 			page 192


2448:Drivers/STM32G4xx_HAL_Driver/Src/stm32g4xx_hal_tim_ex.c ****       break;
 5624              		.loc 1 2448 27 is_stmt 0 view .LVU1672
 5625 00ac 1968     		ldr	r1, [r3]
 5626 00ae 0A66     		str	r2, [r1, #96]
2449:Drivers/STM32G4xx_HAL_Driver/Src/stm32g4xx_hal_tim_ex.c ****     }
 5627              		.loc 1 2449 7 is_stmt 1 view .LVU1673
 5628              	.L452:
2325:Drivers/STM32G4xx_HAL_Driver/Src/stm32g4xx_hal_tim_ex.c ****   uint32_t tmporx;
 5629              		.loc 1 2325 21 is_stmt 0 view .LVU1674
 5630 00b0 0020     		movs	r0, #0
 5631              	.LVL403:
 5632              	.L451:
2473:Drivers/STM32G4xx_HAL_Driver/Src/stm32g4xx_hal_tim_ex.c **** 
 5633              		.loc 1 2473 3 is_stmt 1 view .LVU1675
2473:Drivers/STM32G4xx_HAL_Driver/Src/stm32g4xx_hal_tim_ex.c **** 
 5634              		.loc 1 2473 3 view .LVU1676
 5635 00b2 0022     		movs	r2, #0
 5636 00b4 83F83C20 		strb	r2, [r3, #60]
2473:Drivers/STM32G4xx_HAL_Driver/Src/stm32g4xx_hal_tim_ex.c **** 
 5637              		.loc 1 2473 3 view .LVU1677
2475:Drivers/STM32G4xx_HAL_Driver/Src/stm32g4xx_hal_tim_ex.c **** }
 5638              		.loc 1 2475 3 view .LVU1678
2476:Drivers/STM32G4xx_HAL_Driver/Src/stm32g4xx_hal_tim_ex.c **** 
 5639              		.loc 1 2476 1 is_stmt 0 view .LVU1679
 5640 00b8 70BD     		pop	{r4, r5, r6, pc}
 5641              	.LVL404:
 5642              	.L450:
2454:Drivers/STM32G4xx_HAL_Driver/Src/stm32g4xx_hal_tim_ex.c **** 
 5643              		.loc 1 2454 7 is_stmt 1 view .LVU1680
2454:Drivers/STM32G4xx_HAL_Driver/Src/stm32g4xx_hal_tim_ex.c **** 
 5644              		.loc 1 2454 14 is_stmt 0 view .LVU1681
 5645 00ba 1968     		ldr	r1, [r3]
 5646              	.LVL405:
2454:Drivers/STM32G4xx_HAL_Driver/Src/stm32g4xx_hal_tim_ex.c **** 
 5647              		.loc 1 2454 14 view .LVU1682
 5648 00bc D1F864E0 		ldr	lr, [r1, #100]
2457:Drivers/STM32G4xx_HAL_Driver/Src/stm32g4xx_hal_tim_ex.c ****       tmporx |= (sBreakInputConfig->Enable << bkin_enable_bitpos) & bkin_enable_mask;
 5649              		.loc 1 2457 7 is_stmt 1 view .LVU1683
 5650              	.LVL406:
2458:Drivers/STM32G4xx_HAL_Driver/Src/stm32g4xx_hal_tim_ex.c **** 
 5651              		.loc 1 2458 7 view .LVU1684
2458:Drivers/STM32G4xx_HAL_Driver/Src/stm32g4xx_hal_tim_ex.c **** 
 5652              		.loc 1 2458 35 is_stmt 0 view .LVU1685
 5653 00c0 5168     		ldr	r1, [r2, #4]
2458:Drivers/STM32G4xx_HAL_Driver/Src/stm32g4xx_hal_tim_ex.c **** 
 5654              		.loc 1 2458 44 view .LVU1686
 5655 00c2 B140     		lsls	r1, r1, r6
 5656 00c4 81EA0E01 		eor	r1, r1, lr
 5657 00c8 01EA0C01 		and	r1, r1, ip
2458:Drivers/STM32G4xx_HAL_Driver/Src/stm32g4xx_hal_tim_ex.c **** 
 5658              		.loc 1 2458 14 view .LVU1687
 5659 00cc 8EEA0101 		eor	r1, lr, r1
2461:Drivers/STM32G4xx_HAL_Driver/Src/stm32g4xx_hal_tim_ex.c ****       tmporx |= (sBreakInputConfig->Polarity << bkin_polarity_bitpos) & bkin_polarity_mask;
 5660              		.loc 1 2461 7 is_stmt 1 view .LVU1688
 5661              	.LVL407:
2462:Drivers/STM32G4xx_HAL_Driver/Src/stm32g4xx_hal_tim_ex.c **** 
 5662              		.loc 1 2462 7 view .LVU1689
ARM GAS  /tmp/ccX78w3T.s 			page 193


2462:Drivers/STM32G4xx_HAL_Driver/Src/stm32g4xx_hal_tim_ex.c **** 
 5663              		.loc 1 2462 35 is_stmt 0 view .LVU1690
 5664 00d0 9268     		ldr	r2, [r2, #8]
 5665              	.LVL408:
2462:Drivers/STM32G4xx_HAL_Driver/Src/stm32g4xx_hal_tim_ex.c **** 
 5666              		.loc 1 2462 46 view .LVU1691
 5667 00d2 8240     		lsls	r2, r2, r0
 5668 00d4 4A40     		eors	r2, r2, r1
 5669 00d6 2A40     		ands	r2, r2, r5
2462:Drivers/STM32G4xx_HAL_Driver/Src/stm32g4xx_hal_tim_ex.c **** 
 5670              		.loc 1 2462 14 view .LVU1692
 5671 00d8 4A40     		eors	r2, r2, r1
 5672              	.LVL409:
2465:Drivers/STM32G4xx_HAL_Driver/Src/stm32g4xx_hal_tim_ex.c ****       break;
 5673              		.loc 1 2465 7 is_stmt 1 view .LVU1693
2465:Drivers/STM32G4xx_HAL_Driver/Src/stm32g4xx_hal_tim_ex.c ****       break;
 5674              		.loc 1 2465 27 is_stmt 0 view .LVU1694
 5675 00da 1968     		ldr	r1, [r3]
 5676 00dc 4A66     		str	r2, [r1, #100]
2466:Drivers/STM32G4xx_HAL_Driver/Src/stm32g4xx_hal_tim_ex.c ****     }
 5677              		.loc 1 2466 7 is_stmt 1 view .LVU1695
 5678 00de E7E7     		b	.L452
 5679              	.LVL410:
 5680              	.L453:
 5681              	.LCFI35:
 5682              		.cfi_def_cfa_offset 0
 5683              		.cfi_restore 4
 5684              		.cfi_restore 5
 5685              		.cfi_restore 6
 5686              		.cfi_restore 14
2340:Drivers/STM32G4xx_HAL_Driver/Src/stm32g4xx_hal_tim_ex.c **** 
 5687              		.loc 1 2340 3 is_stmt 0 discriminator 1 view .LVU1696
 5688 00e0 0220     		movs	r0, #2
2476:Drivers/STM32G4xx_HAL_Driver/Src/stm32g4xx_hal_tim_ex.c **** 
 5689              		.loc 1 2476 1 view .LVU1697
 5690 00e2 7047     		bx	lr
 5691              		.cfi_endproc
 5692              	.LFE360:
 5694              		.section	.text.HAL_TIMEx_RemapConfig,"ax",%progbits
 5695              		.align	1
 5696              		.global	HAL_TIMEx_RemapConfig
 5697              		.syntax unified
 5698              		.thumb
 5699              		.thumb_func
 5701              	HAL_TIMEx_RemapConfig:
 5702              	.LVL411:
 5703              	.LFB361:
2589:Drivers/STM32G4xx_HAL_Driver/Src/stm32g4xx_hal_tim_ex.c ****   /* Check parameters */
 5704              		.loc 1 2589 1 is_stmt 1 view -0
 5705              		.cfi_startproc
 5706              		@ args = 0, pretend = 0, frame = 0
 5707              		@ frame_needed = 0, uses_anonymous_args = 0
 5708              		@ link register save eliminated.
2591:Drivers/STM32G4xx_HAL_Driver/Src/stm32g4xx_hal_tim_ex.c ****   assert_param(IS_TIM_REMAP(Remap));
 5709              		.loc 1 2591 3 view .LVU1699
2592:Drivers/STM32G4xx_HAL_Driver/Src/stm32g4xx_hal_tim_ex.c **** 
 5710              		.loc 1 2592 3 view .LVU1700
ARM GAS  /tmp/ccX78w3T.s 			page 194


2594:Drivers/STM32G4xx_HAL_Driver/Src/stm32g4xx_hal_tim_ex.c **** 
 5711              		.loc 1 2594 3 view .LVU1701
2594:Drivers/STM32G4xx_HAL_Driver/Src/stm32g4xx_hal_tim_ex.c **** 
 5712              		.loc 1 2594 3 view .LVU1702
 5713 0000 90F83C30 		ldrb	r3, [r0, #60]	@ zero_extendqisi2
 5714 0004 012B     		cmp	r3, #1
 5715 0006 0DD0     		beq	.L461
2594:Drivers/STM32G4xx_HAL_Driver/Src/stm32g4xx_hal_tim_ex.c **** 
 5716              		.loc 1 2594 3 discriminator 2 view .LVU1703
 5717 0008 0123     		movs	r3, #1
 5718 000a 80F83C30 		strb	r3, [r0, #60]
2594:Drivers/STM32G4xx_HAL_Driver/Src/stm32g4xx_hal_tim_ex.c **** 
 5719              		.loc 1 2594 3 discriminator 2 view .LVU1704
2596:Drivers/STM32G4xx_HAL_Driver/Src/stm32g4xx_hal_tim_ex.c **** 
 5720              		.loc 1 2596 3 view .LVU1705
 5721 000e 0268     		ldr	r2, [r0]
 5722 0010 136E     		ldr	r3, [r2, #96]
 5723 0012 23F47033 		bic	r3, r3, #245760
 5724 0016 1943     		orrs	r1, r1, r3
 5725              	.LVL412:
2596:Drivers/STM32G4xx_HAL_Driver/Src/stm32g4xx_hal_tim_ex.c **** 
 5726              		.loc 1 2596 3 is_stmt 0 view .LVU1706
 5727 0018 1166     		str	r1, [r2, #96]
2598:Drivers/STM32G4xx_HAL_Driver/Src/stm32g4xx_hal_tim_ex.c **** 
 5728              		.loc 1 2598 3 is_stmt 1 view .LVU1707
2598:Drivers/STM32G4xx_HAL_Driver/Src/stm32g4xx_hal_tim_ex.c **** 
 5729              		.loc 1 2598 3 view .LVU1708
 5730 001a 0023     		movs	r3, #0
 5731 001c 80F83C30 		strb	r3, [r0, #60]
2598:Drivers/STM32G4xx_HAL_Driver/Src/stm32g4xx_hal_tim_ex.c **** 
 5732              		.loc 1 2598 3 view .LVU1709
2600:Drivers/STM32G4xx_HAL_Driver/Src/stm32g4xx_hal_tim_ex.c **** }
 5733              		.loc 1 2600 3 view .LVU1710
2600:Drivers/STM32G4xx_HAL_Driver/Src/stm32g4xx_hal_tim_ex.c **** }
 5734              		.loc 1 2600 10 is_stmt 0 view .LVU1711
 5735 0020 1846     		mov	r0, r3
 5736              	.LVL413:
2600:Drivers/STM32G4xx_HAL_Driver/Src/stm32g4xx_hal_tim_ex.c **** }
 5737              		.loc 1 2600 10 view .LVU1712
 5738 0022 7047     		bx	lr
 5739              	.LVL414:
 5740              	.L461:
2594:Drivers/STM32G4xx_HAL_Driver/Src/stm32g4xx_hal_tim_ex.c **** 
 5741              		.loc 1 2594 3 discriminator 1 view .LVU1713
 5742 0024 0220     		movs	r0, #2
 5743              	.LVL415:
2601:Drivers/STM32G4xx_HAL_Driver/Src/stm32g4xx_hal_tim_ex.c **** 
 5744              		.loc 1 2601 1 view .LVU1714
 5745 0026 7047     		bx	lr
 5746              		.cfi_endproc
 5747              	.LFE361:
 5749              		.section	.text.HAL_TIMEx_TISelection,"ax",%progbits
 5750              		.align	1
 5751              		.global	HAL_TIMEx_TISelection
 5752              		.syntax unified
 5753              		.thumb
 5754              		.thumb_func
ARM GAS  /tmp/ccX78w3T.s 			page 195


 5756              	HAL_TIMEx_TISelection:
 5757              	.LVL416:
 5758              	.LFB362:
2763:Drivers/STM32G4xx_HAL_Driver/Src/stm32g4xx_hal_tim_ex.c ****   HAL_StatusTypeDef status = HAL_OK;
 5759              		.loc 1 2763 1 is_stmt 1 view -0
 5760              		.cfi_startproc
 5761              		@ args = 0, pretend = 0, frame = 0
 5762              		@ frame_needed = 0, uses_anonymous_args = 0
 5763              		@ link register save eliminated.
2763:Drivers/STM32G4xx_HAL_Driver/Src/stm32g4xx_hal_tim_ex.c ****   HAL_StatusTypeDef status = HAL_OK;
 5764              		.loc 1 2763 1 is_stmt 0 view .LVU1716
 5765 0000 0346     		mov	r3, r0
2764:Drivers/STM32G4xx_HAL_Driver/Src/stm32g4xx_hal_tim_ex.c **** 
 5766              		.loc 1 2764 3 is_stmt 1 view .LVU1717
 5767              	.LVL417:
2767:Drivers/STM32G4xx_HAL_Driver/Src/stm32g4xx_hal_tim_ex.c ****   assert_param(IS_TIM_TISEL(TISelection));
 5768              		.loc 1 2767 3 view .LVU1718
2768:Drivers/STM32G4xx_HAL_Driver/Src/stm32g4xx_hal_tim_ex.c **** 
 5769              		.loc 1 2768 3 view .LVU1719
2770:Drivers/STM32G4xx_HAL_Driver/Src/stm32g4xx_hal_tim_ex.c **** 
 5770              		.loc 1 2770 3 view .LVU1720
2770:Drivers/STM32G4xx_HAL_Driver/Src/stm32g4xx_hal_tim_ex.c **** 
 5771              		.loc 1 2770 3 view .LVU1721
 5772 0002 90F83C00 		ldrb	r0, [r0, #60]	@ zero_extendqisi2
 5773              	.LVL418:
2770:Drivers/STM32G4xx_HAL_Driver/Src/stm32g4xx_hal_tim_ex.c **** 
 5774              		.loc 1 2770 3 is_stmt 0 view .LVU1722
 5775 0006 0128     		cmp	r0, #1
 5776 0008 40D0     		beq	.L473
2770:Drivers/STM32G4xx_HAL_Driver/Src/stm32g4xx_hal_tim_ex.c **** 
 5777              		.loc 1 2770 3 is_stmt 1 discriminator 2 view .LVU1723
 5778 000a 0120     		movs	r0, #1
 5779 000c 83F83C00 		strb	r0, [r3, #60]
2770:Drivers/STM32G4xx_HAL_Driver/Src/stm32g4xx_hal_tim_ex.c **** 
 5780              		.loc 1 2770 3 discriminator 2 view .LVU1724
2772:Drivers/STM32G4xx_HAL_Driver/Src/stm32g4xx_hal_tim_ex.c ****   {
 5781              		.loc 1 2772 3 view .LVU1725
 5782 0010 0C2A     		cmp	r2, #12
 5783 0012 36D8     		bhi	.L474
 5784 0014 DFE802F0 		tbb	[pc, r2]
 5785              	.L466:
 5786 0018 07       		.byte	(.L469-.L466)/2
 5787 0019 35       		.byte	(.L474-.L466)/2
 5788 001a 35       		.byte	(.L474-.L466)/2
 5789 001b 35       		.byte	(.L474-.L466)/2
 5790 001c 1F       		.byte	(.L468-.L466)/2
 5791 001d 35       		.byte	(.L474-.L466)/2
 5792 001e 35       		.byte	(.L474-.L466)/2
 5793 001f 35       		.byte	(.L474-.L466)/2
 5794 0020 27       		.byte	(.L467-.L466)/2
 5795 0021 35       		.byte	(.L474-.L466)/2
 5796 0022 35       		.byte	(.L474-.L466)/2
 5797 0023 35       		.byte	(.L474-.L466)/2
 5798 0024 2E       		.byte	(.L465-.L466)/2
 5799 0025 00       		.p2align 1
 5800              	.L469:
2775:Drivers/STM32G4xx_HAL_Driver/Src/stm32g4xx_hal_tim_ex.c **** 
ARM GAS  /tmp/ccX78w3T.s 			page 196


 5801              		.loc 1 2775 7 view .LVU1726
 5802 0026 1868     		ldr	r0, [r3]
 5803 0028 C26D     		ldr	r2, [r0, #92]
 5804              	.LVL419:
2775:Drivers/STM32G4xx_HAL_Driver/Src/stm32g4xx_hal_tim_ex.c **** 
 5805              		.loc 1 2775 7 is_stmt 0 view .LVU1727
 5806 002a 22F00F02 		bic	r2, r2, #15
 5807 002e 0A43     		orrs	r2, r2, r1
 5808 0030 C265     		str	r2, [r0, #92]
2778:Drivers/STM32G4xx_HAL_Driver/Src/stm32g4xx_hal_tim_ex.c ****       {
 5809              		.loc 1 2778 7 is_stmt 1 view .LVU1728
2778:Drivers/STM32G4xx_HAL_Driver/Src/stm32g4xx_hal_tim_ex.c ****       {
 5810              		.loc 1 2778 11 is_stmt 0 view .LVU1729
 5811 0032 1A68     		ldr	r2, [r3]
2778:Drivers/STM32G4xx_HAL_Driver/Src/stm32g4xx_hal_tim_ex.c ****       {
 5812              		.loc 1 2778 10 view .LVU1730
 5813 0034 1649     		ldr	r1, .L475
 5814              	.LVL420:
2778:Drivers/STM32G4xx_HAL_Driver/Src/stm32g4xx_hal_tim_ex.c ****       {
 5815              		.loc 1 2778 10 view .LVU1731
 5816 0036 8A42     		cmp	r2, r1
 5817 0038 08D0     		beq	.L470
2778:Drivers/STM32G4xx_HAL_Driver/Src/stm32g4xx_hal_tim_ex.c ****       {
 5818              		.loc 1 2778 11 discriminator 1 view .LVU1732
 5819 003a 01F58061 		add	r1, r1, #1024
 5820 003e 8A42     		cmp	r2, r1
 5821 0040 04D0     		beq	.L470
2784:Drivers/STM32G4xx_HAL_Driver/Src/stm32g4xx_hal_tim_ex.c ****       }
 5822              		.loc 1 2784 9 is_stmt 1 view .LVU1733
 5823 0042 916E     		ldr	r1, [r2, #104]
 5824 0044 21F00101 		bic	r1, r1, #1
 5825 0048 9166     		str	r1, [r2, #104]
 5826 004a 0AE0     		b	.L472
 5827              	.L470:
2780:Drivers/STM32G4xx_HAL_Driver/Src/stm32g4xx_hal_tim_ex.c ****       }
 5828              		.loc 1 2780 9 view .LVU1734
 5829 004c 916E     		ldr	r1, [r2, #104]
 5830 004e 41F00101 		orr	r1, r1, #1
 5831 0052 9166     		str	r1, [r2, #104]
 5832 0054 05E0     		b	.L472
 5833              	.LVL421:
 5834              	.L468:
2788:Drivers/STM32G4xx_HAL_Driver/Src/stm32g4xx_hal_tim_ex.c ****       break;
 5835              		.loc 1 2788 7 view .LVU1735
 5836 0056 1868     		ldr	r0, [r3]
 5837 0058 C26D     		ldr	r2, [r0, #92]
 5838              	.LVL422:
2788:Drivers/STM32G4xx_HAL_Driver/Src/stm32g4xx_hal_tim_ex.c ****       break;
 5839              		.loc 1 2788 7 is_stmt 0 view .LVU1736
 5840 005a 22F47062 		bic	r2, r2, #3840
 5841 005e 0A43     		orrs	r2, r2, r1
 5842 0060 C265     		str	r2, [r0, #92]
2789:Drivers/STM32G4xx_HAL_Driver/Src/stm32g4xx_hal_tim_ex.c ****     case TIM_CHANNEL_3:
 5843              		.loc 1 2789 7 is_stmt 1 view .LVU1737
 5844              	.LVL423:
 5845              	.L472:
2764:Drivers/STM32G4xx_HAL_Driver/Src/stm32g4xx_hal_tim_ex.c **** 
ARM GAS  /tmp/ccX78w3T.s 			page 197


 5846              		.loc 1 2764 21 is_stmt 0 view .LVU1738
 5847 0062 0020     		movs	r0, #0
 5848 0064 0EE0     		b	.L464
 5849              	.LVL424:
 5850              	.L467:
2791:Drivers/STM32G4xx_HAL_Driver/Src/stm32g4xx_hal_tim_ex.c ****       break;
 5851              		.loc 1 2791 7 is_stmt 1 view .LVU1739
 5852 0066 1868     		ldr	r0, [r3]
 5853 0068 C26D     		ldr	r2, [r0, #92]
 5854              	.LVL425:
2791:Drivers/STM32G4xx_HAL_Driver/Src/stm32g4xx_hal_tim_ex.c ****       break;
 5855              		.loc 1 2791 7 is_stmt 0 view .LVU1740
 5856 006a 22F47022 		bic	r2, r2, #983040
 5857 006e 0A43     		orrs	r2, r2, r1
 5858 0070 C265     		str	r2, [r0, #92]
2792:Drivers/STM32G4xx_HAL_Driver/Src/stm32g4xx_hal_tim_ex.c ****     case TIM_CHANNEL_4:
 5859              		.loc 1 2792 7 is_stmt 1 view .LVU1741
 5860 0072 F6E7     		b	.L472
 5861              	.LVL426:
 5862              	.L465:
2794:Drivers/STM32G4xx_HAL_Driver/Src/stm32g4xx_hal_tim_ex.c ****       break;
 5863              		.loc 1 2794 7 view .LVU1742
 5864 0074 1868     		ldr	r0, [r3]
 5865 0076 C26D     		ldr	r2, [r0, #92]
 5866              	.LVL427:
2794:Drivers/STM32G4xx_HAL_Driver/Src/stm32g4xx_hal_tim_ex.c ****       break;
 5867              		.loc 1 2794 7 is_stmt 0 view .LVU1743
 5868 0078 22F07062 		bic	r2, r2, #251658240
 5869 007c 0A43     		orrs	r2, r2, r1
 5870 007e C265     		str	r2, [r0, #92]
2795:Drivers/STM32G4xx_HAL_Driver/Src/stm32g4xx_hal_tim_ex.c ****     default:
 5871              		.loc 1 2795 7 is_stmt 1 view .LVU1744
 5872 0080 EFE7     		b	.L472
 5873              	.LVL428:
 5874              	.L474:
2772:Drivers/STM32G4xx_HAL_Driver/Src/stm32g4xx_hal_tim_ex.c ****   {
 5875              		.loc 1 2772 3 is_stmt 0 view .LVU1745
 5876 0082 0120     		movs	r0, #1
 5877              	.LVL429:
 5878              	.L464:
2801:Drivers/STM32G4xx_HAL_Driver/Src/stm32g4xx_hal_tim_ex.c **** 
 5879              		.loc 1 2801 3 is_stmt 1 view .LVU1746
2801:Drivers/STM32G4xx_HAL_Driver/Src/stm32g4xx_hal_tim_ex.c **** 
 5880              		.loc 1 2801 3 view .LVU1747
 5881 0084 0022     		movs	r2, #0
 5882 0086 83F83C20 		strb	r2, [r3, #60]
2801:Drivers/STM32G4xx_HAL_Driver/Src/stm32g4xx_hal_tim_ex.c **** 
 5883              		.loc 1 2801 3 view .LVU1748
2803:Drivers/STM32G4xx_HAL_Driver/Src/stm32g4xx_hal_tim_ex.c **** }
 5884              		.loc 1 2803 3 view .LVU1749
2803:Drivers/STM32G4xx_HAL_Driver/Src/stm32g4xx_hal_tim_ex.c **** }
 5885              		.loc 1 2803 10 is_stmt 0 view .LVU1750
 5886 008a 7047     		bx	lr
 5887              	.LVL430:
 5888              	.L473:
2770:Drivers/STM32G4xx_HAL_Driver/Src/stm32g4xx_hal_tim_ex.c **** 
 5889              		.loc 1 2770 3 discriminator 1 view .LVU1751
ARM GAS  /tmp/ccX78w3T.s 			page 198


 5890 008c 0220     		movs	r0, #2
2804:Drivers/STM32G4xx_HAL_Driver/Src/stm32g4xx_hal_tim_ex.c **** 
 5891              		.loc 1 2804 1 view .LVU1752
 5892 008e 7047     		bx	lr
 5893              	.L476:
 5894              		.align	2
 5895              	.L475:
 5896 0090 00440140 		.word	1073824768
 5897              		.cfi_endproc
 5898              	.LFE362:
 5900              		.section	.text.HAL_TIMEx_GroupChannel5,"ax",%progbits
 5901              		.align	1
 5902              		.global	HAL_TIMEx_GroupChannel5
 5903              		.syntax unified
 5904              		.thumb
 5905              		.thumb_func
 5907              	HAL_TIMEx_GroupChannel5:
 5908              	.LVL431:
 5909              	.LFB363:
2818:Drivers/STM32G4xx_HAL_Driver/Src/stm32g4xx_hal_tim_ex.c ****   /* Check parameters */
 5910              		.loc 1 2818 1 is_stmt 1 view -0
 5911              		.cfi_startproc
 5912              		@ args = 0, pretend = 0, frame = 0
 5913              		@ frame_needed = 0, uses_anonymous_args = 0
 5914              		@ link register save eliminated.
2820:Drivers/STM32G4xx_HAL_Driver/Src/stm32g4xx_hal_tim_ex.c ****   assert_param(IS_TIM_GROUPCH5(Channels));
 5915              		.loc 1 2820 3 view .LVU1754
2821:Drivers/STM32G4xx_HAL_Driver/Src/stm32g4xx_hal_tim_ex.c **** 
 5916              		.loc 1 2821 3 view .LVU1755
2824:Drivers/STM32G4xx_HAL_Driver/Src/stm32g4xx_hal_tim_ex.c **** 
 5917              		.loc 1 2824 3 view .LVU1756
2824:Drivers/STM32G4xx_HAL_Driver/Src/stm32g4xx_hal_tim_ex.c **** 
 5918              		.loc 1 2824 3 view .LVU1757
 5919 0000 90F83C30 		ldrb	r3, [r0, #60]	@ zero_extendqisi2
 5920 0004 012B     		cmp	r3, #1
 5921 0006 1BD0     		beq	.L479
2824:Drivers/STM32G4xx_HAL_Driver/Src/stm32g4xx_hal_tim_ex.c **** 
 5922              		.loc 1 2824 3 discriminator 2 view .LVU1758
 5923 0008 0122     		movs	r2, #1
 5924 000a 80F83C20 		strb	r2, [r0, #60]
2824:Drivers/STM32G4xx_HAL_Driver/Src/stm32g4xx_hal_tim_ex.c **** 
 5925              		.loc 1 2824 3 discriminator 2 view .LVU1759
2826:Drivers/STM32G4xx_HAL_Driver/Src/stm32g4xx_hal_tim_ex.c **** 
 5926              		.loc 1 2826 3 view .LVU1760
2826:Drivers/STM32G4xx_HAL_Driver/Src/stm32g4xx_hal_tim_ex.c **** 
 5927              		.loc 1 2826 15 is_stmt 0 view .LVU1761
 5928 000e 0223     		movs	r3, #2
 5929 0010 80F83D30 		strb	r3, [r0, #61]
2829:Drivers/STM32G4xx_HAL_Driver/Src/stm32g4xx_hal_tim_ex.c **** 
 5930              		.loc 1 2829 3 is_stmt 1 view .LVU1762
2829:Drivers/STM32G4xx_HAL_Driver/Src/stm32g4xx_hal_tim_ex.c **** 
 5931              		.loc 1 2829 7 is_stmt 0 view .LVU1763
 5932 0014 D0F800C0 		ldr	ip, [r0]
2829:Drivers/STM32G4xx_HAL_Driver/Src/stm32g4xx_hal_tim_ex.c **** 
 5933              		.loc 1 2829 17 view .LVU1764
 5934 0018 DCF84830 		ldr	r3, [ip, #72]
2829:Drivers/STM32G4xx_HAL_Driver/Src/stm32g4xx_hal_tim_ex.c **** 
ARM GAS  /tmp/ccX78w3T.s 			page 199


 5935              		.loc 1 2829 24 view .LVU1765
 5936 001c 23F06043 		bic	r3, r3, #-536870912
 5937 0020 CCF84830 		str	r3, [ip, #72]
2832:Drivers/STM32G4xx_HAL_Driver/Src/stm32g4xx_hal_tim_ex.c **** 
 5938              		.loc 1 2832 3 is_stmt 1 view .LVU1766
2832:Drivers/STM32G4xx_HAL_Driver/Src/stm32g4xx_hal_tim_ex.c **** 
 5939              		.loc 1 2832 7 is_stmt 0 view .LVU1767
 5940 0024 D0F800C0 		ldr	ip, [r0]
2832:Drivers/STM32G4xx_HAL_Driver/Src/stm32g4xx_hal_tim_ex.c **** 
 5941              		.loc 1 2832 17 view .LVU1768
 5942 0028 DCF84830 		ldr	r3, [ip, #72]
2832:Drivers/STM32G4xx_HAL_Driver/Src/stm32g4xx_hal_tim_ex.c **** 
 5943              		.loc 1 2832 24 view .LVU1769
 5944 002c 0B43     		orrs	r3, r3, r1
 5945 002e CCF84830 		str	r3, [ip, #72]
2835:Drivers/STM32G4xx_HAL_Driver/Src/stm32g4xx_hal_tim_ex.c **** 
 5946              		.loc 1 2835 3 is_stmt 1 view .LVU1770
2835:Drivers/STM32G4xx_HAL_Driver/Src/stm32g4xx_hal_tim_ex.c **** 
 5947              		.loc 1 2835 15 is_stmt 0 view .LVU1771
 5948 0032 80F83D20 		strb	r2, [r0, #61]
2837:Drivers/STM32G4xx_HAL_Driver/Src/stm32g4xx_hal_tim_ex.c **** 
 5949              		.loc 1 2837 3 is_stmt 1 view .LVU1772
2837:Drivers/STM32G4xx_HAL_Driver/Src/stm32g4xx_hal_tim_ex.c **** 
 5950              		.loc 1 2837 3 view .LVU1773
 5951 0036 0023     		movs	r3, #0
 5952 0038 80F83C30 		strb	r3, [r0, #60]
2837:Drivers/STM32G4xx_HAL_Driver/Src/stm32g4xx_hal_tim_ex.c **** 
 5953              		.loc 1 2837 3 view .LVU1774
2839:Drivers/STM32G4xx_HAL_Driver/Src/stm32g4xx_hal_tim_ex.c **** }
 5954              		.loc 1 2839 3 view .LVU1775
2839:Drivers/STM32G4xx_HAL_Driver/Src/stm32g4xx_hal_tim_ex.c **** }
 5955              		.loc 1 2839 10 is_stmt 0 view .LVU1776
 5956 003c 1846     		mov	r0, r3
 5957              	.LVL432:
2839:Drivers/STM32G4xx_HAL_Driver/Src/stm32g4xx_hal_tim_ex.c **** }
 5958              		.loc 1 2839 10 view .LVU1777
 5959 003e 7047     		bx	lr
 5960              	.LVL433:
 5961              	.L479:
2824:Drivers/STM32G4xx_HAL_Driver/Src/stm32g4xx_hal_tim_ex.c **** 
 5962              		.loc 1 2824 3 discriminator 1 view .LVU1778
 5963 0040 0220     		movs	r0, #2
 5964              	.LVL434:
2840:Drivers/STM32G4xx_HAL_Driver/Src/stm32g4xx_hal_tim_ex.c **** 
 5965              		.loc 1 2840 1 view .LVU1779
 5966 0042 7047     		bx	lr
 5967              		.cfi_endproc
 5968              	.LFE363:
 5970              		.section	.text.HAL_TIMEx_DisarmBreakInput,"ax",%progbits
 5971              		.align	1
 5972              		.global	HAL_TIMEx_DisarmBreakInput
 5973              		.syntax unified
 5974              		.thumb
 5975              		.thumb_func
 5977              	HAL_TIMEx_DisarmBreakInput:
 5978              	.LVL435:
 5979              	.LFB364:
ARM GAS  /tmp/ccX78w3T.s 			page 200


2856:Drivers/STM32G4xx_HAL_Driver/Src/stm32g4xx_hal_tim_ex.c ****   HAL_StatusTypeDef status = HAL_OK;
 5980              		.loc 1 2856 1 is_stmt 1 view -0
 5981              		.cfi_startproc
 5982              		@ args = 0, pretend = 0, frame = 0
 5983              		@ frame_needed = 0, uses_anonymous_args = 0
 5984              		@ link register save eliminated.
2857:Drivers/STM32G4xx_HAL_Driver/Src/stm32g4xx_hal_tim_ex.c ****   uint32_t tmpbdtr;
 5985              		.loc 1 2857 3 view .LVU1781
2858:Drivers/STM32G4xx_HAL_Driver/Src/stm32g4xx_hal_tim_ex.c **** 
 5986              		.loc 1 2858 3 view .LVU1782
2861:Drivers/STM32G4xx_HAL_Driver/Src/stm32g4xx_hal_tim_ex.c ****   assert_param(IS_TIM_BREAKINPUT(BreakInput));
 5987              		.loc 1 2861 3 view .LVU1783
2862:Drivers/STM32G4xx_HAL_Driver/Src/stm32g4xx_hal_tim_ex.c **** 
 5988              		.loc 1 2862 3 view .LVU1784
2864:Drivers/STM32G4xx_HAL_Driver/Src/stm32g4xx_hal_tim_ex.c ****   {
 5989              		.loc 1 2864 3 view .LVU1785
 5990 0000 0129     		cmp	r1, #1
 5991 0002 03D0     		beq	.L481
 5992 0004 0229     		cmp	r1, #2
 5993 0006 10D0     		beq	.L482
 5994 0008 0120     		movs	r0, #1
 5995              	.LVL436:
2864:Drivers/STM32G4xx_HAL_Driver/Src/stm32g4xx_hal_tim_ex.c ****   {
 5996              		.loc 1 2864 3 is_stmt 0 view .LVU1786
 5997 000a 7047     		bx	lr
 5998              	.LVL437:
 5999              	.L481:
2869:Drivers/STM32G4xx_HAL_Driver/Src/stm32g4xx_hal_tim_ex.c ****       if ((READ_BIT(tmpbdtr, TIM_BDTR_BKBID) == TIM_BDTR_BKBID) &&
 6000              		.loc 1 2869 7 is_stmt 1 view .LVU1787
2869:Drivers/STM32G4xx_HAL_Driver/Src/stm32g4xx_hal_tim_ex.c ****       if ((READ_BIT(tmpbdtr, TIM_BDTR_BKBID) == TIM_BDTR_BKBID) &&
 6001              		.loc 1 2869 17 is_stmt 0 view .LVU1788
 6002 000c 0368     		ldr	r3, [r0]
2869:Drivers/STM32G4xx_HAL_Driver/Src/stm32g4xx_hal_tim_ex.c ****       if ((READ_BIT(tmpbdtr, TIM_BDTR_BKBID) == TIM_BDTR_BKBID) &&
 6003              		.loc 1 2869 15 view .LVU1789
 6004 000e 5A6C     		ldr	r2, [r3, #68]
 6005              	.LVL438:
2870:Drivers/STM32G4xx_HAL_Driver/Src/stm32g4xx_hal_tim_ex.c ****           (READ_BIT(tmpbdtr, TIM_BDTR_MOE) == 0U))
 6006              		.loc 1 2870 7 is_stmt 1 view .LVU1790
2870:Drivers/STM32G4xx_HAL_Driver/Src/stm32g4xx_hal_tim_ex.c ****           (READ_BIT(tmpbdtr, TIM_BDTR_MOE) == 0U))
 6007              		.loc 1 2870 10 is_stmt 0 view .LVU1791
 6008 0010 12F0805F 		tst	r2, #268435456
 6009 0014 02D0     		beq	.L484
2870:Drivers/STM32G4xx_HAL_Driver/Src/stm32g4xx_hal_tim_ex.c ****           (READ_BIT(tmpbdtr, TIM_BDTR_MOE) == 0U))
 6010              		.loc 1 2870 65 discriminator 1 view .LVU1792
 6011 0016 12F4004F 		tst	r2, #32768
 6012 001a 01D0     		beq	.L485
 6013              	.LVL439:
 6014              	.L484:
2857:Drivers/STM32G4xx_HAL_Driver/Src/stm32g4xx_hal_tim_ex.c ****   uint32_t tmpbdtr;
 6015              		.loc 1 2857 21 view .LVU1793
 6016 001c 0020     		movs	r0, #0
 6017              	.LVL440:
2895:Drivers/STM32G4xx_HAL_Driver/Src/stm32g4xx_hal_tim_ex.c **** }
 6018              		.loc 1 2895 3 is_stmt 1 view .LVU1794
2896:Drivers/STM32G4xx_HAL_Driver/Src/stm32g4xx_hal_tim_ex.c **** 
 6019              		.loc 1 2896 1 is_stmt 0 view .LVU1795
 6020 001e 7047     		bx	lr
ARM GAS  /tmp/ccX78w3T.s 			page 201


 6021              	.LVL441:
 6022              	.L485:
2874:Drivers/STM32G4xx_HAL_Driver/Src/stm32g4xx_hal_tim_ex.c ****       }
 6023              		.loc 1 2874 9 is_stmt 1 view .LVU1796
 6024 0020 5A6C     		ldr	r2, [r3, #68]
 6025              	.LVL442:
2874:Drivers/STM32G4xx_HAL_Driver/Src/stm32g4xx_hal_tim_ex.c ****       }
 6026              		.loc 1 2874 9 is_stmt 0 view .LVU1797
 6027 0022 42F08062 		orr	r2, r2, #67108864
 6028 0026 5A64     		str	r2, [r3, #68]
 6029 0028 F8E7     		b	.L484
 6030              	.LVL443:
 6031              	.L482:
2881:Drivers/STM32G4xx_HAL_Driver/Src/stm32g4xx_hal_tim_ex.c ****       if ((READ_BIT(tmpbdtr, TIM_BDTR_BK2BID) == TIM_BDTR_BK2BID) &&
 6032              		.loc 1 2881 7 is_stmt 1 view .LVU1798
2881:Drivers/STM32G4xx_HAL_Driver/Src/stm32g4xx_hal_tim_ex.c ****       if ((READ_BIT(tmpbdtr, TIM_BDTR_BK2BID) == TIM_BDTR_BK2BID) &&
 6033              		.loc 1 2881 17 is_stmt 0 view .LVU1799
 6034 002a 0368     		ldr	r3, [r0]
2881:Drivers/STM32G4xx_HAL_Driver/Src/stm32g4xx_hal_tim_ex.c ****       if ((READ_BIT(tmpbdtr, TIM_BDTR_BK2BID) == TIM_BDTR_BK2BID) &&
 6035              		.loc 1 2881 15 view .LVU1800
 6036 002c 5A6C     		ldr	r2, [r3, #68]
 6037              	.LVL444:
2882:Drivers/STM32G4xx_HAL_Driver/Src/stm32g4xx_hal_tim_ex.c ****           (READ_BIT(tmpbdtr, TIM_BDTR_MOE) == 0U))
 6038              		.loc 1 2882 7 is_stmt 1 view .LVU1801
2882:Drivers/STM32G4xx_HAL_Driver/Src/stm32g4xx_hal_tim_ex.c ****           (READ_BIT(tmpbdtr, TIM_BDTR_MOE) == 0U))
 6039              		.loc 1 2882 10 is_stmt 0 view .LVU1802
 6040 002e 12F0005F 		tst	r2, #536870912
 6041 0032 F3D0     		beq	.L484
2882:Drivers/STM32G4xx_HAL_Driver/Src/stm32g4xx_hal_tim_ex.c ****           (READ_BIT(tmpbdtr, TIM_BDTR_MOE) == 0U))
 6042              		.loc 1 2882 67 discriminator 1 view .LVU1803
 6043 0034 12F4004F 		tst	r2, #32768
 6044 0038 F0D1     		bne	.L484
2886:Drivers/STM32G4xx_HAL_Driver/Src/stm32g4xx_hal_tim_ex.c ****       }
 6045              		.loc 1 2886 9 is_stmt 1 view .LVU1804
 6046 003a 5A6C     		ldr	r2, [r3, #68]
 6047              	.LVL445:
2886:Drivers/STM32G4xx_HAL_Driver/Src/stm32g4xx_hal_tim_ex.c ****       }
 6048              		.loc 1 2886 9 is_stmt 0 view .LVU1805
 6049 003c 42F00062 		orr	r2, r2, #134217728
 6050 0040 5A64     		str	r2, [r3, #68]
 6051 0042 EBE7     		b	.L484
 6052              		.cfi_endproc
 6053              	.LFE364:
 6055              		.section	.text.HAL_TIMEx_ReArmBreakInput,"ax",%progbits
 6056              		.align	1
 6057              		.global	HAL_TIMEx_ReArmBreakInput
 6058              		.syntax unified
 6059              		.thumb
 6060              		.thumb_func
 6062              	HAL_TIMEx_ReArmBreakInput:
 6063              	.LVL446:
 6064              	.LFB365:
2910:Drivers/STM32G4xx_HAL_Driver/Src/stm32g4xx_hal_tim_ex.c ****   HAL_StatusTypeDef status = HAL_OK;
 6065              		.loc 1 2910 1 is_stmt 1 view -0
 6066              		.cfi_startproc
 6067              		@ args = 0, pretend = 0, frame = 0
 6068              		@ frame_needed = 0, uses_anonymous_args = 0
ARM GAS  /tmp/ccX78w3T.s 			page 202


2910:Drivers/STM32G4xx_HAL_Driver/Src/stm32g4xx_hal_tim_ex.c ****   HAL_StatusTypeDef status = HAL_OK;
 6069              		.loc 1 2910 1 is_stmt 0 view .LVU1807
 6070 0000 38B5     		push	{r3, r4, r5, lr}
 6071              	.LCFI36:
 6072              		.cfi_def_cfa_offset 16
 6073              		.cfi_offset 3, -16
 6074              		.cfi_offset 4, -12
 6075              		.cfi_offset 5, -8
 6076              		.cfi_offset 14, -4
 6077 0002 0446     		mov	r4, r0
2911:Drivers/STM32G4xx_HAL_Driver/Src/stm32g4xx_hal_tim_ex.c ****   uint32_t tickstart;
 6078              		.loc 1 2911 3 is_stmt 1 view .LVU1808
 6079              	.LVL447:
2912:Drivers/STM32G4xx_HAL_Driver/Src/stm32g4xx_hal_tim_ex.c **** 
 6080              		.loc 1 2912 3 view .LVU1809
2915:Drivers/STM32G4xx_HAL_Driver/Src/stm32g4xx_hal_tim_ex.c ****   assert_param(IS_TIM_BREAKINPUT(BreakInput));
 6081              		.loc 1 2915 3 view .LVU1810
2916:Drivers/STM32G4xx_HAL_Driver/Src/stm32g4xx_hal_tim_ex.c **** 
 6082              		.loc 1 2916 3 view .LVU1811
2918:Drivers/STM32G4xx_HAL_Driver/Src/stm32g4xx_hal_tim_ex.c ****   {
 6083              		.loc 1 2918 3 view .LVU1812
 6084 0004 0129     		cmp	r1, #1
 6085 0006 03D0     		beq	.L487
 6086 0008 0229     		cmp	r1, #2
 6087 000a 1CD0     		beq	.L488
 6088 000c 0120     		movs	r0, #1
 6089              	.LVL448:
2918:Drivers/STM32G4xx_HAL_Driver/Src/stm32g4xx_hal_tim_ex.c ****   {
 6090              		.loc 1 2918 3 is_stmt 0 view .LVU1813
 6091 000e 05E0     		b	.L489
 6092              	.LVL449:
 6093              	.L487:
2923:Drivers/STM32G4xx_HAL_Driver/Src/stm32g4xx_hal_tim_ex.c ****       {
 6094              		.loc 1 2923 7 is_stmt 1 view .LVU1814
2923:Drivers/STM32G4xx_HAL_Driver/Src/stm32g4xx_hal_tim_ex.c ****       {
 6095              		.loc 1 2923 11 is_stmt 0 view .LVU1815
 6096 0010 0368     		ldr	r3, [r0]
 6097 0012 5B6C     		ldr	r3, [r3, #68]
2923:Drivers/STM32G4xx_HAL_Driver/Src/stm32g4xx_hal_tim_ex.c ****       {
 6098              		.loc 1 2923 10 view .LVU1816
 6099 0014 13F0805F 		tst	r3, #268435456
 6100 0018 01D1     		bne	.L499
 6101              	.LVL450:
 6102              	.L490:
2911:Drivers/STM32G4xx_HAL_Driver/Src/stm32g4xx_hal_tim_ex.c ****   uint32_t tickstart;
 6103              		.loc 1 2911 21 view .LVU1817
 6104 001a 0020     		movs	r0, #0
 6105              	.L489:
 6106              	.LVL451:
2971:Drivers/STM32G4xx_HAL_Driver/Src/stm32g4xx_hal_tim_ex.c **** 
 6107              		.loc 1 2971 1 view .LVU1818
 6108 001c 38BD     		pop	{r3, r4, r5, pc}
 6109              	.LVL452:
 6110              	.L499:
2927:Drivers/STM32G4xx_HAL_Driver/Src/stm32g4xx_hal_tim_ex.c ****         while (READ_BIT(htim->Instance->BDTR, TIM_BDTR_BKDSRM) != 0UL)
 6111              		.loc 1 2927 9 is_stmt 1 view .LVU1819
2927:Drivers/STM32G4xx_HAL_Driver/Src/stm32g4xx_hal_tim_ex.c ****         while (READ_BIT(htim->Instance->BDTR, TIM_BDTR_BKDSRM) != 0UL)
ARM GAS  /tmp/ccX78w3T.s 			page 203


 6112              		.loc 1 2927 21 is_stmt 0 view .LVU1820
 6113 001e FFF7FEFF 		bl	HAL_GetTick
 6114              	.LVL453:
2927:Drivers/STM32G4xx_HAL_Driver/Src/stm32g4xx_hal_tim_ex.c ****         while (READ_BIT(htim->Instance->BDTR, TIM_BDTR_BKDSRM) != 0UL)
 6115              		.loc 1 2927 21 view .LVU1821
 6116 0022 0546     		mov	r5, r0
 6117              	.LVL454:
2928:Drivers/STM32G4xx_HAL_Driver/Src/stm32g4xx_hal_tim_ex.c ****         {
 6118              		.loc 1 2928 9 is_stmt 1 view .LVU1822
 6119              	.L491:
2928:Drivers/STM32G4xx_HAL_Driver/Src/stm32g4xx_hal_tim_ex.c ****         {
 6120              		.loc 1 2928 64 discriminator 1 view .LVU1823
2928:Drivers/STM32G4xx_HAL_Driver/Src/stm32g4xx_hal_tim_ex.c ****         {
 6121              		.loc 1 2928 16 is_stmt 0 discriminator 1 view .LVU1824
 6122 0024 2368     		ldr	r3, [r4]
 6123 0026 5B6C     		ldr	r3, [r3, #68]
2928:Drivers/STM32G4xx_HAL_Driver/Src/stm32g4xx_hal_tim_ex.c ****         {
 6124              		.loc 1 2928 64 discriminator 1 view .LVU1825
 6125 0028 13F0806F 		tst	r3, #67108864
 6126 002c F5D0     		beq	.L490
2930:Drivers/STM32G4xx_HAL_Driver/Src/stm32g4xx_hal_tim_ex.c ****           {
 6127              		.loc 1 2930 11 is_stmt 1 view .LVU1826
2930:Drivers/STM32G4xx_HAL_Driver/Src/stm32g4xx_hal_tim_ex.c ****           {
 6128              		.loc 1 2930 16 is_stmt 0 view .LVU1827
 6129 002e FFF7FEFF 		bl	HAL_GetTick
 6130              	.LVL455:
2930:Drivers/STM32G4xx_HAL_Driver/Src/stm32g4xx_hal_tim_ex.c ****           {
 6131              		.loc 1 2930 30 discriminator 1 view .LVU1828
 6132 0032 401B     		subs	r0, r0, r5
2930:Drivers/STM32G4xx_HAL_Driver/Src/stm32g4xx_hal_tim_ex.c ****           {
 6133              		.loc 1 2930 14 discriminator 1 view .LVU1829
 6134 0034 0528     		cmp	r0, #5
 6135 0036 F5D9     		bls	.L491
2933:Drivers/STM32G4xx_HAL_Driver/Src/stm32g4xx_hal_tim_ex.c ****             {
 6136              		.loc 1 2933 13 is_stmt 1 view .LVU1830
2933:Drivers/STM32G4xx_HAL_Driver/Src/stm32g4xx_hal_tim_ex.c ****             {
 6137              		.loc 1 2933 17 is_stmt 0 view .LVU1831
 6138 0038 2368     		ldr	r3, [r4]
 6139 003a 5B6C     		ldr	r3, [r3, #68]
2933:Drivers/STM32G4xx_HAL_Driver/Src/stm32g4xx_hal_tim_ex.c ****             {
 6140              		.loc 1 2933 16 view .LVU1832
 6141 003c 13F0806F 		tst	r3, #67108864
 6142 0040 F0D0     		beq	.L491
 6143              	.L496:
2935:Drivers/STM32G4xx_HAL_Driver/Src/stm32g4xx_hal_tim_ex.c ****             }
 6144              		.loc 1 2935 22 view .LVU1833
 6145 0042 0320     		movs	r0, #3
 6146 0044 EAE7     		b	.L489
 6147              	.LVL456:
 6148              	.L488:
2946:Drivers/STM32G4xx_HAL_Driver/Src/stm32g4xx_hal_tim_ex.c ****       {
 6149              		.loc 1 2946 7 is_stmt 1 view .LVU1834
2946:Drivers/STM32G4xx_HAL_Driver/Src/stm32g4xx_hal_tim_ex.c ****       {
 6150              		.loc 1 2946 11 is_stmt 0 view .LVU1835
 6151 0046 0368     		ldr	r3, [r0]
 6152 0048 5B6C     		ldr	r3, [r3, #68]
2946:Drivers/STM32G4xx_HAL_Driver/Src/stm32g4xx_hal_tim_ex.c ****       {
ARM GAS  /tmp/ccX78w3T.s 			page 204


 6153              		.loc 1 2946 10 view .LVU1836
 6154 004a 13F0005F 		tst	r3, #536870912
 6155 004e E4D0     		beq	.L490
2950:Drivers/STM32G4xx_HAL_Driver/Src/stm32g4xx_hal_tim_ex.c ****         while (READ_BIT(htim->Instance->BDTR, TIM_BDTR_BK2DSRM) != 0UL)
 6156              		.loc 1 2950 9 is_stmt 1 view .LVU1837
2950:Drivers/STM32G4xx_HAL_Driver/Src/stm32g4xx_hal_tim_ex.c ****         while (READ_BIT(htim->Instance->BDTR, TIM_BDTR_BK2DSRM) != 0UL)
 6157              		.loc 1 2950 21 is_stmt 0 view .LVU1838
 6158 0050 FFF7FEFF 		bl	HAL_GetTick
 6159              	.LVL457:
2950:Drivers/STM32G4xx_HAL_Driver/Src/stm32g4xx_hal_tim_ex.c ****         while (READ_BIT(htim->Instance->BDTR, TIM_BDTR_BK2DSRM) != 0UL)
 6160              		.loc 1 2950 21 view .LVU1839
 6161 0054 0546     		mov	r5, r0
 6162              	.LVL458:
2951:Drivers/STM32G4xx_HAL_Driver/Src/stm32g4xx_hal_tim_ex.c ****         {
 6163              		.loc 1 2951 9 is_stmt 1 view .LVU1840
 6164              	.L494:
2951:Drivers/STM32G4xx_HAL_Driver/Src/stm32g4xx_hal_tim_ex.c ****         {
 6165              		.loc 1 2951 65 discriminator 1 view .LVU1841
2951:Drivers/STM32G4xx_HAL_Driver/Src/stm32g4xx_hal_tim_ex.c ****         {
 6166              		.loc 1 2951 16 is_stmt 0 discriminator 1 view .LVU1842
 6167 0056 2368     		ldr	r3, [r4]
 6168 0058 5B6C     		ldr	r3, [r3, #68]
2951:Drivers/STM32G4xx_HAL_Driver/Src/stm32g4xx_hal_tim_ex.c ****         {
 6169              		.loc 1 2951 65 discriminator 1 view .LVU1843
 6170 005a 13F0006F 		tst	r3, #134217728
 6171 005e DCD0     		beq	.L490
2953:Drivers/STM32G4xx_HAL_Driver/Src/stm32g4xx_hal_tim_ex.c ****           {
 6172              		.loc 1 2953 11 is_stmt 1 view .LVU1844
2953:Drivers/STM32G4xx_HAL_Driver/Src/stm32g4xx_hal_tim_ex.c ****           {
 6173              		.loc 1 2953 16 is_stmt 0 view .LVU1845
 6174 0060 FFF7FEFF 		bl	HAL_GetTick
 6175              	.LVL459:
2953:Drivers/STM32G4xx_HAL_Driver/Src/stm32g4xx_hal_tim_ex.c ****           {
 6176              		.loc 1 2953 30 discriminator 1 view .LVU1846
 6177 0064 401B     		subs	r0, r0, r5
2953:Drivers/STM32G4xx_HAL_Driver/Src/stm32g4xx_hal_tim_ex.c ****           {
 6178              		.loc 1 2953 14 discriminator 1 view .LVU1847
 6179 0066 0528     		cmp	r0, #5
 6180 0068 F5D9     		bls	.L494
2956:Drivers/STM32G4xx_HAL_Driver/Src/stm32g4xx_hal_tim_ex.c ****             {
 6181              		.loc 1 2956 13 is_stmt 1 view .LVU1848
2956:Drivers/STM32G4xx_HAL_Driver/Src/stm32g4xx_hal_tim_ex.c ****             {
 6182              		.loc 1 2956 17 is_stmt 0 view .LVU1849
 6183 006a 2368     		ldr	r3, [r4]
 6184 006c 5B6C     		ldr	r3, [r3, #68]
2956:Drivers/STM32G4xx_HAL_Driver/Src/stm32g4xx_hal_tim_ex.c ****             {
 6185              		.loc 1 2956 16 view .LVU1850
 6186 006e 13F0006F 		tst	r3, #134217728
 6187 0072 F0D0     		beq	.L494
 6188 0074 E5E7     		b	.L496
 6189              		.cfi_endproc
 6190              	.LFE365:
 6192              		.section	.text.HAL_TIMEx_DitheringEnable,"ax",%progbits
 6193              		.align	1
 6194              		.global	HAL_TIMEx_DitheringEnable
 6195              		.syntax unified
 6196              		.thumb
ARM GAS  /tmp/ccX78w3T.s 			page 205


 6197              		.thumb_func
 6199              	HAL_TIMEx_DitheringEnable:
 6200              	.LVL460:
 6201              	.LFB366:
2993:Drivers/STM32G4xx_HAL_Driver/Src/stm32g4xx_hal_tim_ex.c ****   /* Check the parameters */
 6202              		.loc 1 2993 1 is_stmt 1 view -0
 6203              		.cfi_startproc
 6204              		@ args = 0, pretend = 0, frame = 0
 6205              		@ frame_needed = 0, uses_anonymous_args = 0
 6206              		@ link register save eliminated.
2995:Drivers/STM32G4xx_HAL_Driver/Src/stm32g4xx_hal_tim_ex.c **** 
 6207              		.loc 1 2995 3 view .LVU1852
2997:Drivers/STM32G4xx_HAL_Driver/Src/stm32g4xx_hal_tim_ex.c ****   return HAL_OK;
 6208              		.loc 1 2997 3 view .LVU1853
 6209 0000 0268     		ldr	r2, [r0]
 6210 0002 1368     		ldr	r3, [r2]
 6211 0004 43F48053 		orr	r3, r3, #4096
 6212 0008 1360     		str	r3, [r2]
2998:Drivers/STM32G4xx_HAL_Driver/Src/stm32g4xx_hal_tim_ex.c **** }
 6213              		.loc 1 2998 3 view .LVU1854
2999:Drivers/STM32G4xx_HAL_Driver/Src/stm32g4xx_hal_tim_ex.c **** 
 6214              		.loc 1 2999 1 is_stmt 0 view .LVU1855
 6215 000a 0020     		movs	r0, #0
 6216              	.LVL461:
2999:Drivers/STM32G4xx_HAL_Driver/Src/stm32g4xx_hal_tim_ex.c **** 
 6217              		.loc 1 2999 1 view .LVU1856
 6218 000c 7047     		bx	lr
 6219              		.cfi_endproc
 6220              	.LFE366:
 6222              		.section	.text.HAL_TIMEx_DitheringDisable,"ax",%progbits
 6223              		.align	1
 6224              		.global	HAL_TIMEx_DitheringDisable
 6225              		.syntax unified
 6226              		.thumb
 6227              		.thumb_func
 6229              	HAL_TIMEx_DitheringDisable:
 6230              	.LVL462:
 6231              	.LFB367:
3017:Drivers/STM32G4xx_HAL_Driver/Src/stm32g4xx_hal_tim_ex.c ****   /* Check the parameters */
 6232              		.loc 1 3017 1 is_stmt 1 view -0
 6233              		.cfi_startproc
 6234              		@ args = 0, pretend = 0, frame = 0
 6235              		@ frame_needed = 0, uses_anonymous_args = 0
 6236              		@ link register save eliminated.
3019:Drivers/STM32G4xx_HAL_Driver/Src/stm32g4xx_hal_tim_ex.c **** 
 6237              		.loc 1 3019 3 view .LVU1858
3021:Drivers/STM32G4xx_HAL_Driver/Src/stm32g4xx_hal_tim_ex.c ****   return HAL_OK;
 6238              		.loc 1 3021 3 view .LVU1859
 6239 0000 0268     		ldr	r2, [r0]
 6240 0002 1368     		ldr	r3, [r2]
 6241 0004 23F48053 		bic	r3, r3, #4096
 6242 0008 1360     		str	r3, [r2]
3022:Drivers/STM32G4xx_HAL_Driver/Src/stm32g4xx_hal_tim_ex.c **** }
 6243              		.loc 1 3022 3 view .LVU1860
3023:Drivers/STM32G4xx_HAL_Driver/Src/stm32g4xx_hal_tim_ex.c **** 
 6244              		.loc 1 3023 1 is_stmt 0 view .LVU1861
 6245 000a 0020     		movs	r0, #0
ARM GAS  /tmp/ccX78w3T.s 			page 206


 6246              	.LVL463:
3023:Drivers/STM32G4xx_HAL_Driver/Src/stm32g4xx_hal_tim_ex.c **** 
 6247              		.loc 1 3023 1 view .LVU1862
 6248 000c 7047     		bx	lr
 6249              		.cfi_endproc
 6250              	.LFE367:
 6252              		.section	.text.HAL_TIMEx_OC_ConfigPulseOnCompare,"ax",%progbits
 6253              		.align	1
 6254              		.global	HAL_TIMEx_OC_ConfigPulseOnCompare
 6255              		.syntax unified
 6256              		.thumb
 6257              		.thumb_func
 6259              	HAL_TIMEx_OC_ConfigPulseOnCompare:
 6260              	.LVL464:
 6261              	.LFB368:
3037:Drivers/STM32G4xx_HAL_Driver/Src/stm32g4xx_hal_tim_ex.c ****   uint32_t tmpecr;
 6262              		.loc 1 3037 1 is_stmt 1 view -0
 6263              		.cfi_startproc
 6264              		@ args = 0, pretend = 0, frame = 0
 6265              		@ frame_needed = 0, uses_anonymous_args = 0
3037:Drivers/STM32G4xx_HAL_Driver/Src/stm32g4xx_hal_tim_ex.c ****   uint32_t tmpecr;
 6266              		.loc 1 3037 1 is_stmt 0 view .LVU1864
 6267 0000 0346     		mov	r3, r0
3038:Drivers/STM32G4xx_HAL_Driver/Src/stm32g4xx_hal_tim_ex.c **** 
 6268              		.loc 1 3038 3 is_stmt 1 view .LVU1865
3041:Drivers/STM32G4xx_HAL_Driver/Src/stm32g4xx_hal_tim_ex.c ****   assert_param(IS_TIM_PULSEONCOMPARE_WIDTH(PulseWidth));
 6269              		.loc 1 3041 3 view .LVU1866
3042:Drivers/STM32G4xx_HAL_Driver/Src/stm32g4xx_hal_tim_ex.c ****   assert_param(IS_TIM_PULSEONCOMPARE_WIDTHPRESCALER(PulseWidthPrescaler));
 6270              		.loc 1 3042 3 view .LVU1867
3043:Drivers/STM32G4xx_HAL_Driver/Src/stm32g4xx_hal_tim_ex.c **** 
 6271              		.loc 1 3043 3 view .LVU1868
3046:Drivers/STM32G4xx_HAL_Driver/Src/stm32g4xx_hal_tim_ex.c **** 
 6272              		.loc 1 3046 3 view .LVU1869
3046:Drivers/STM32G4xx_HAL_Driver/Src/stm32g4xx_hal_tim_ex.c **** 
 6273              		.loc 1 3046 3 view .LVU1870
 6274 0002 90F83C00 		ldrb	r0, [r0, #60]	@ zero_extendqisi2
 6275              	.LVL465:
3046:Drivers/STM32G4xx_HAL_Driver/Src/stm32g4xx_hal_tim_ex.c **** 
 6276              		.loc 1 3046 3 is_stmt 0 view .LVU1871
 6277 0006 0128     		cmp	r0, #1
 6278 0008 19D0     		beq	.L504
3037:Drivers/STM32G4xx_HAL_Driver/Src/stm32g4xx_hal_tim_ex.c ****   uint32_t tmpecr;
 6279              		.loc 1 3037 1 view .LVU1872
 6280 000a 00B5     		push	{lr}
 6281              	.LCFI37:
 6282              		.cfi_def_cfa_offset 4
 6283              		.cfi_offset 14, -4
3046:Drivers/STM32G4xx_HAL_Driver/Src/stm32g4xx_hal_tim_ex.c **** 
 6284              		.loc 1 3046 3 is_stmt 1 discriminator 2 view .LVU1873
 6285 000c 4FF0010C 		mov	ip, #1
 6286 0010 83F83CC0 		strb	ip, [r3, #60]
3046:Drivers/STM32G4xx_HAL_Driver/Src/stm32g4xx_hal_tim_ex.c **** 
 6287              		.loc 1 3046 3 discriminator 2 view .LVU1874
3049:Drivers/STM32G4xx_HAL_Driver/Src/stm32g4xx_hal_tim_ex.c **** 
 6288              		.loc 1 3049 3 view .LVU1875
3049:Drivers/STM32G4xx_HAL_Driver/Src/stm32g4xx_hal_tim_ex.c **** 
 6289              		.loc 1 3049 15 is_stmt 0 view .LVU1876
ARM GAS  /tmp/ccX78w3T.s 			page 207


 6290 0014 0220     		movs	r0, #2
 6291 0016 83F83D00 		strb	r0, [r3, #61]
3052:Drivers/STM32G4xx_HAL_Driver/Src/stm32g4xx_hal_tim_ex.c ****   /* Reset the Pulse width prescaler and the Pulse width */
 6292              		.loc 1 3052 3 is_stmt 1 view .LVU1877
3052:Drivers/STM32G4xx_HAL_Driver/Src/stm32g4xx_hal_tim_ex.c ****   /* Reset the Pulse width prescaler and the Pulse width */
 6293              		.loc 1 3052 16 is_stmt 0 view .LVU1878
 6294 001a D3F800E0 		ldr	lr, [r3]
3052:Drivers/STM32G4xx_HAL_Driver/Src/stm32g4xx_hal_tim_ex.c ****   /* Reset the Pulse width prescaler and the Pulse width */
 6295              		.loc 1 3052 10 view .LVU1879
 6296 001e DEF85800 		ldr	r0, [lr, #88]
 6297              	.LVL466:
3054:Drivers/STM32G4xx_HAL_Driver/Src/stm32g4xx_hal_tim_ex.c ****   /* Set the Pulse width prescaler and Pulse width*/
 6298              		.loc 1 3054 3 is_stmt 1 view .LVU1880
3054:Drivers/STM32G4xx_HAL_Driver/Src/stm32g4xx_hal_tim_ex.c ****   /* Set the Pulse width prescaler and Pulse width*/
 6299              		.loc 1 3054 10 is_stmt 0 view .LVU1881
 6300 0022 6FF31A40 		bfc	r0, #16, #11
 6301              	.LVL467:
3056:Drivers/STM32G4xx_HAL_Driver/Src/stm32g4xx_hal_tim_ex.c ****   tmpecr |= PulseWidth << TIM_ECR_PW_Pos;
 6302              		.loc 1 3056 3 is_stmt 1 view .LVU1882
3056:Drivers/STM32G4xx_HAL_Driver/Src/stm32g4xx_hal_tim_ex.c ****   tmpecr |= PulseWidth << TIM_ECR_PW_Pos;
 6303              		.loc 1 3056 10 is_stmt 0 view .LVU1883
 6304 0026 40EA0161 		orr	r1, r0, r1, lsl #24
 6305              	.LVL468:
3057:Drivers/STM32G4xx_HAL_Driver/Src/stm32g4xx_hal_tim_ex.c ****   /* Write to TIMx ECR */
 6306              		.loc 1 3057 3 is_stmt 1 view .LVU1884
3057:Drivers/STM32G4xx_HAL_Driver/Src/stm32g4xx_hal_tim_ex.c ****   /* Write to TIMx ECR */
 6307              		.loc 1 3057 10 is_stmt 0 view .LVU1885
 6308 002a 41EA0242 		orr	r2, r1, r2, lsl #16
 6309              	.LVL469:
3059:Drivers/STM32G4xx_HAL_Driver/Src/stm32g4xx_hal_tim_ex.c **** 
 6310              		.loc 1 3059 3 is_stmt 1 view .LVU1886
3059:Drivers/STM32G4xx_HAL_Driver/Src/stm32g4xx_hal_tim_ex.c **** 
 6311              		.loc 1 3059 23 is_stmt 0 view .LVU1887
 6312 002e CEF85820 		str	r2, [lr, #88]
3062:Drivers/STM32G4xx_HAL_Driver/Src/stm32g4xx_hal_tim_ex.c **** 
 6313              		.loc 1 3062 3 is_stmt 1 view .LVU1888
3062:Drivers/STM32G4xx_HAL_Driver/Src/stm32g4xx_hal_tim_ex.c **** 
 6314              		.loc 1 3062 15 is_stmt 0 view .LVU1889
 6315 0032 83F83DC0 		strb	ip, [r3, #61]
3065:Drivers/STM32G4xx_HAL_Driver/Src/stm32g4xx_hal_tim_ex.c **** 
 6316              		.loc 1 3065 3 is_stmt 1 view .LVU1890
3065:Drivers/STM32G4xx_HAL_Driver/Src/stm32g4xx_hal_tim_ex.c **** 
 6317              		.loc 1 3065 3 view .LVU1891
 6318 0036 0020     		movs	r0, #0
 6319 0038 83F83C00 		strb	r0, [r3, #60]
3065:Drivers/STM32G4xx_HAL_Driver/Src/stm32g4xx_hal_tim_ex.c **** 
 6320              		.loc 1 3065 3 view .LVU1892
3067:Drivers/STM32G4xx_HAL_Driver/Src/stm32g4xx_hal_tim_ex.c **** }
 6321              		.loc 1 3067 3 view .LVU1893
3068:Drivers/STM32G4xx_HAL_Driver/Src/stm32g4xx_hal_tim_ex.c **** 
 6322              		.loc 1 3068 1 is_stmt 0 view .LVU1894
 6323 003c 00BD     		pop	{pc}
 6324              	.LVL470:
 6325              	.L504:
 6326              	.LCFI38:
 6327              		.cfi_def_cfa_offset 0
 6328              		.cfi_restore 14
ARM GAS  /tmp/ccX78w3T.s 			page 208


3046:Drivers/STM32G4xx_HAL_Driver/Src/stm32g4xx_hal_tim_ex.c **** 
 6329              		.loc 1 3046 3 discriminator 1 view .LVU1895
 6330 003e 0220     		movs	r0, #2
3068:Drivers/STM32G4xx_HAL_Driver/Src/stm32g4xx_hal_tim_ex.c **** 
 6331              		.loc 1 3068 1 view .LVU1896
 6332 0040 7047     		bx	lr
 6333              		.cfi_endproc
 6334              	.LFE368:
 6336              		.section	.text.HAL_TIMEx_ConfigSlaveModePreload,"ax",%progbits
 6337              		.align	1
 6338              		.global	HAL_TIMEx_ConfigSlaveModePreload
 6339              		.syntax unified
 6340              		.thumb
 6341              		.thumb_func
 6343              	HAL_TIMEx_ConfigSlaveModePreload:
 6344              	.LVL471:
 6345              	.LFB369:
3080:Drivers/STM32G4xx_HAL_Driver/Src/stm32g4xx_hal_tim_ex.c ****   /* Check the parameters */
 6346              		.loc 1 3080 1 is_stmt 1 view -0
 6347              		.cfi_startproc
 6348              		@ args = 0, pretend = 0, frame = 0
 6349              		@ frame_needed = 0, uses_anonymous_args = 0
 6350              		@ link register save eliminated.
3082:Drivers/STM32G4xx_HAL_Driver/Src/stm32g4xx_hal_tim_ex.c ****   assert_param(IS_TIM_SLAVE_PRELOAD_SOURCE(Source));
 6351              		.loc 1 3082 3 view .LVU1898
3083:Drivers/STM32G4xx_HAL_Driver/Src/stm32g4xx_hal_tim_ex.c **** 
 6352              		.loc 1 3083 3 view .LVU1899
3085:Drivers/STM32G4xx_HAL_Driver/Src/stm32g4xx_hal_tim_ex.c ****   return HAL_OK;
 6353              		.loc 1 3085 3 view .LVU1900
 6354 0000 0268     		ldr	r2, [r0]
 6355 0002 9368     		ldr	r3, [r2, #8]
 6356 0004 23F00073 		bic	r3, r3, #33554432
 6357 0008 0B43     		orrs	r3, r3, r1
 6358 000a 9360     		str	r3, [r2, #8]
3086:Drivers/STM32G4xx_HAL_Driver/Src/stm32g4xx_hal_tim_ex.c **** }
 6359              		.loc 1 3086 3 view .LVU1901
3087:Drivers/STM32G4xx_HAL_Driver/Src/stm32g4xx_hal_tim_ex.c **** 
 6360              		.loc 1 3087 1 is_stmt 0 view .LVU1902
 6361 000c 0020     		movs	r0, #0
 6362              	.LVL472:
3087:Drivers/STM32G4xx_HAL_Driver/Src/stm32g4xx_hal_tim_ex.c **** 
 6363              		.loc 1 3087 1 view .LVU1903
 6364 000e 7047     		bx	lr
 6365              		.cfi_endproc
 6366              	.LFE369:
 6368              		.section	.text.HAL_TIMEx_EnableSlaveModePreload,"ax",%progbits
 6369              		.align	1
 6370              		.global	HAL_TIMEx_EnableSlaveModePreload
 6371              		.syntax unified
 6372              		.thumb
 6373              		.thumb_func
 6375              	HAL_TIMEx_EnableSlaveModePreload:
 6376              	.LVL473:
 6377              	.LFB370:
3095:Drivers/STM32G4xx_HAL_Driver/Src/stm32g4xx_hal_tim_ex.c ****   /* Check the parameters */
 6378              		.loc 1 3095 1 is_stmt 1 view -0
 6379              		.cfi_startproc
ARM GAS  /tmp/ccX78w3T.s 			page 209


 6380              		@ args = 0, pretend = 0, frame = 0
 6381              		@ frame_needed = 0, uses_anonymous_args = 0
 6382              		@ link register save eliminated.
3097:Drivers/STM32G4xx_HAL_Driver/Src/stm32g4xx_hal_tim_ex.c **** 
 6383              		.loc 1 3097 3 view .LVU1905
3099:Drivers/STM32G4xx_HAL_Driver/Src/stm32g4xx_hal_tim_ex.c ****   return HAL_OK;
 6384              		.loc 1 3099 3 view .LVU1906
 6385 0000 0268     		ldr	r2, [r0]
 6386 0002 9368     		ldr	r3, [r2, #8]
 6387 0004 43F08073 		orr	r3, r3, #16777216
 6388 0008 9360     		str	r3, [r2, #8]
3100:Drivers/STM32G4xx_HAL_Driver/Src/stm32g4xx_hal_tim_ex.c **** }
 6389              		.loc 1 3100 3 view .LVU1907
3101:Drivers/STM32G4xx_HAL_Driver/Src/stm32g4xx_hal_tim_ex.c **** 
 6390              		.loc 1 3101 1 is_stmt 0 view .LVU1908
 6391 000a 0020     		movs	r0, #0
 6392              	.LVL474:
3101:Drivers/STM32G4xx_HAL_Driver/Src/stm32g4xx_hal_tim_ex.c **** 
 6393              		.loc 1 3101 1 view .LVU1909
 6394 000c 7047     		bx	lr
 6395              		.cfi_endproc
 6396              	.LFE370:
 6398              		.section	.text.HAL_TIMEx_DisableSlaveModePreload,"ax",%progbits
 6399              		.align	1
 6400              		.global	HAL_TIMEx_DisableSlaveModePreload
 6401              		.syntax unified
 6402              		.thumb
 6403              		.thumb_func
 6405              	HAL_TIMEx_DisableSlaveModePreload:
 6406              	.LVL475:
 6407              	.LFB371:
3109:Drivers/STM32G4xx_HAL_Driver/Src/stm32g4xx_hal_tim_ex.c ****   /* Check the parameters */
 6408              		.loc 1 3109 1 is_stmt 1 view -0
 6409              		.cfi_startproc
 6410              		@ args = 0, pretend = 0, frame = 0
 6411              		@ frame_needed = 0, uses_anonymous_args = 0
 6412              		@ link register save eliminated.
3111:Drivers/STM32G4xx_HAL_Driver/Src/stm32g4xx_hal_tim_ex.c **** 
 6413              		.loc 1 3111 3 view .LVU1911
3113:Drivers/STM32G4xx_HAL_Driver/Src/stm32g4xx_hal_tim_ex.c ****   return HAL_OK;
 6414              		.loc 1 3113 3 view .LVU1912
 6415 0000 0268     		ldr	r2, [r0]
 6416 0002 9368     		ldr	r3, [r2, #8]
 6417 0004 23F08073 		bic	r3, r3, #16777216
 6418 0008 9360     		str	r3, [r2, #8]
3114:Drivers/STM32G4xx_HAL_Driver/Src/stm32g4xx_hal_tim_ex.c **** }
 6419              		.loc 1 3114 3 view .LVU1913
3115:Drivers/STM32G4xx_HAL_Driver/Src/stm32g4xx_hal_tim_ex.c **** 
 6420              		.loc 1 3115 1 is_stmt 0 view .LVU1914
 6421 000a 0020     		movs	r0, #0
 6422              	.LVL476:
3115:Drivers/STM32G4xx_HAL_Driver/Src/stm32g4xx_hal_tim_ex.c **** 
 6423              		.loc 1 3115 1 view .LVU1915
 6424 000c 7047     		bx	lr
 6425              		.cfi_endproc
 6426              	.LFE371:
 6428              		.section	.text.HAL_TIMEx_EnableDeadTimePreload,"ax",%progbits
ARM GAS  /tmp/ccX78w3T.s 			page 210


 6429              		.align	1
 6430              		.global	HAL_TIMEx_EnableDeadTimePreload
 6431              		.syntax unified
 6432              		.thumb
 6433              		.thumb_func
 6435              	HAL_TIMEx_EnableDeadTimePreload:
 6436              	.LVL477:
 6437              	.LFB372:
3123:Drivers/STM32G4xx_HAL_Driver/Src/stm32g4xx_hal_tim_ex.c ****   /* Check the parameters */
 6438              		.loc 1 3123 1 is_stmt 1 view -0
 6439              		.cfi_startproc
 6440              		@ args = 0, pretend = 0, frame = 0
 6441              		@ frame_needed = 0, uses_anonymous_args = 0
 6442              		@ link register save eliminated.
3125:Drivers/STM32G4xx_HAL_Driver/Src/stm32g4xx_hal_tim_ex.c **** 
 6443              		.loc 1 3125 3 view .LVU1917
3127:Drivers/STM32G4xx_HAL_Driver/Src/stm32g4xx_hal_tim_ex.c ****   return HAL_OK;
 6444              		.loc 1 3127 3 view .LVU1918
 6445 0000 0268     		ldr	r2, [r0]
 6446 0002 536D     		ldr	r3, [r2, #84]
 6447 0004 43F40033 		orr	r3, r3, #131072
 6448 0008 5365     		str	r3, [r2, #84]
3128:Drivers/STM32G4xx_HAL_Driver/Src/stm32g4xx_hal_tim_ex.c **** }
 6449              		.loc 1 3128 3 view .LVU1919
3129:Drivers/STM32G4xx_HAL_Driver/Src/stm32g4xx_hal_tim_ex.c **** 
 6450              		.loc 1 3129 1 is_stmt 0 view .LVU1920
 6451 000a 0020     		movs	r0, #0
 6452              	.LVL478:
3129:Drivers/STM32G4xx_HAL_Driver/Src/stm32g4xx_hal_tim_ex.c **** 
 6453              		.loc 1 3129 1 view .LVU1921
 6454 000c 7047     		bx	lr
 6455              		.cfi_endproc
 6456              	.LFE372:
 6458              		.section	.text.HAL_TIMEx_DisableDeadTimePreload,"ax",%progbits
 6459              		.align	1
 6460              		.global	HAL_TIMEx_DisableDeadTimePreload
 6461              		.syntax unified
 6462              		.thumb
 6463              		.thumb_func
 6465              	HAL_TIMEx_DisableDeadTimePreload:
 6466              	.LVL479:
 6467              	.LFB373:
3137:Drivers/STM32G4xx_HAL_Driver/Src/stm32g4xx_hal_tim_ex.c ****   /* Check the parameters */
 6468              		.loc 1 3137 1 is_stmt 1 view -0
 6469              		.cfi_startproc
 6470              		@ args = 0, pretend = 0, frame = 0
 6471              		@ frame_needed = 0, uses_anonymous_args = 0
 6472              		@ link register save eliminated.
3139:Drivers/STM32G4xx_HAL_Driver/Src/stm32g4xx_hal_tim_ex.c **** 
 6473              		.loc 1 3139 3 view .LVU1923
3141:Drivers/STM32G4xx_HAL_Driver/Src/stm32g4xx_hal_tim_ex.c ****   return HAL_OK;
 6474              		.loc 1 3141 3 view .LVU1924
 6475 0000 0268     		ldr	r2, [r0]
 6476 0002 536D     		ldr	r3, [r2, #84]
 6477 0004 23F40033 		bic	r3, r3, #131072
 6478 0008 5365     		str	r3, [r2, #84]
3142:Drivers/STM32G4xx_HAL_Driver/Src/stm32g4xx_hal_tim_ex.c **** }
ARM GAS  /tmp/ccX78w3T.s 			page 211


 6479              		.loc 1 3142 3 view .LVU1925
3143:Drivers/STM32G4xx_HAL_Driver/Src/stm32g4xx_hal_tim_ex.c **** 
 6480              		.loc 1 3143 1 is_stmt 0 view .LVU1926
 6481 000a 0020     		movs	r0, #0
 6482              	.LVL480:
3143:Drivers/STM32G4xx_HAL_Driver/Src/stm32g4xx_hal_tim_ex.c **** 
 6483              		.loc 1 3143 1 view .LVU1927
 6484 000c 7047     		bx	lr
 6485              		.cfi_endproc
 6486              	.LFE373:
 6488              		.section	.text.HAL_TIMEx_ConfigDeadTime,"ax",%progbits
 6489              		.align	1
 6490              		.global	HAL_TIMEx_ConfigDeadTime
 6491              		.syntax unified
 6492              		.thumb
 6493              		.thumb_func
 6495              	HAL_TIMEx_ConfigDeadTime:
 6496              	.LVL481:
 6497              	.LFB374:
3153:Drivers/STM32G4xx_HAL_Driver/Src/stm32g4xx_hal_tim_ex.c ****   /* Check the parameters */
 6498              		.loc 1 3153 1 is_stmt 1 view -0
 6499              		.cfi_startproc
 6500              		@ args = 0, pretend = 0, frame = 0
 6501              		@ frame_needed = 0, uses_anonymous_args = 0
 6502              		@ link register save eliminated.
3155:Drivers/STM32G4xx_HAL_Driver/Src/stm32g4xx_hal_tim_ex.c ****   assert_param(IS_TIM_DEADTIME(Deadtime));
 6503              		.loc 1 3155 3 view .LVU1929
3156:Drivers/STM32G4xx_HAL_Driver/Src/stm32g4xx_hal_tim_ex.c **** 
 6504              		.loc 1 3156 3 view .LVU1930
3158:Drivers/STM32G4xx_HAL_Driver/Src/stm32g4xx_hal_tim_ex.c ****   return HAL_OK;
 6505              		.loc 1 3158 3 view .LVU1931
 6506 0000 0268     		ldr	r2, [r0]
 6507 0002 536C     		ldr	r3, [r2, #68]
 6508 0004 23F0FF03 		bic	r3, r3, #255
 6509 0008 0B43     		orrs	r3, r3, r1
 6510 000a 5364     		str	r3, [r2, #68]
3159:Drivers/STM32G4xx_HAL_Driver/Src/stm32g4xx_hal_tim_ex.c **** }
 6511              		.loc 1 3159 3 view .LVU1932
3160:Drivers/STM32G4xx_HAL_Driver/Src/stm32g4xx_hal_tim_ex.c **** 
 6512              		.loc 1 3160 1 is_stmt 0 view .LVU1933
 6513 000c 0020     		movs	r0, #0
 6514              	.LVL482:
3160:Drivers/STM32G4xx_HAL_Driver/Src/stm32g4xx_hal_tim_ex.c **** 
 6515              		.loc 1 3160 1 view .LVU1934
 6516 000e 7047     		bx	lr
 6517              		.cfi_endproc
 6518              	.LFE374:
 6520              		.section	.text.HAL_TIMEx_ConfigAsymmetricalDeadTime,"ax",%progbits
 6521              		.align	1
 6522              		.global	HAL_TIMEx_ConfigAsymmetricalDeadTime
 6523              		.syntax unified
 6524              		.thumb
 6525              		.thumb_func
 6527              	HAL_TIMEx_ConfigAsymmetricalDeadTime:
 6528              	.LVL483:
 6529              	.LFB375:
3170:Drivers/STM32G4xx_HAL_Driver/Src/stm32g4xx_hal_tim_ex.c ****   /* Check the parameters */
ARM GAS  /tmp/ccX78w3T.s 			page 212


 6530              		.loc 1 3170 1 is_stmt 1 view -0
 6531              		.cfi_startproc
 6532              		@ args = 0, pretend = 0, frame = 0
 6533              		@ frame_needed = 0, uses_anonymous_args = 0
 6534              		@ link register save eliminated.
3172:Drivers/STM32G4xx_HAL_Driver/Src/stm32g4xx_hal_tim_ex.c ****   assert_param(IS_TIM_DEADTIME(FallingDeadtime));
 6535              		.loc 1 3172 3 view .LVU1936
3173:Drivers/STM32G4xx_HAL_Driver/Src/stm32g4xx_hal_tim_ex.c **** 
 6536              		.loc 1 3173 3 view .LVU1937
3175:Drivers/STM32G4xx_HAL_Driver/Src/stm32g4xx_hal_tim_ex.c ****   return HAL_OK;
 6537              		.loc 1 3175 3 view .LVU1938
 6538 0000 0268     		ldr	r2, [r0]
 6539 0002 536D     		ldr	r3, [r2, #84]
 6540 0004 23F0FF03 		bic	r3, r3, #255
 6541 0008 0B43     		orrs	r3, r3, r1
 6542 000a 5365     		str	r3, [r2, #84]
3176:Drivers/STM32G4xx_HAL_Driver/Src/stm32g4xx_hal_tim_ex.c **** }
 6543              		.loc 1 3176 3 view .LVU1939
3177:Drivers/STM32G4xx_HAL_Driver/Src/stm32g4xx_hal_tim_ex.c **** 
 6544              		.loc 1 3177 1 is_stmt 0 view .LVU1940
 6545 000c 0020     		movs	r0, #0
 6546              	.LVL484:
3177:Drivers/STM32G4xx_HAL_Driver/Src/stm32g4xx_hal_tim_ex.c **** 
 6547              		.loc 1 3177 1 view .LVU1941
 6548 000e 7047     		bx	lr
 6549              		.cfi_endproc
 6550              	.LFE375:
 6552              		.section	.text.HAL_TIMEx_EnableAsymmetricalDeadTime,"ax",%progbits
 6553              		.align	1
 6554              		.global	HAL_TIMEx_EnableAsymmetricalDeadTime
 6555              		.syntax unified
 6556              		.thumb
 6557              		.thumb_func
 6559              	HAL_TIMEx_EnableAsymmetricalDeadTime:
 6560              	.LVL485:
 6561              	.LFB376:
3185:Drivers/STM32G4xx_HAL_Driver/Src/stm32g4xx_hal_tim_ex.c ****   /* Check the parameters */
 6562              		.loc 1 3185 1 is_stmt 1 view -0
 6563              		.cfi_startproc
 6564              		@ args = 0, pretend = 0, frame = 0
 6565              		@ frame_needed = 0, uses_anonymous_args = 0
 6566              		@ link register save eliminated.
3187:Drivers/STM32G4xx_HAL_Driver/Src/stm32g4xx_hal_tim_ex.c **** 
 6567              		.loc 1 3187 3 view .LVU1943
3189:Drivers/STM32G4xx_HAL_Driver/Src/stm32g4xx_hal_tim_ex.c ****   return HAL_OK;
 6568              		.loc 1 3189 3 view .LVU1944
 6569 0000 0268     		ldr	r2, [r0]
 6570 0002 536D     		ldr	r3, [r2, #84]
 6571 0004 43F48033 		orr	r3, r3, #65536
 6572 0008 5365     		str	r3, [r2, #84]
3190:Drivers/STM32G4xx_HAL_Driver/Src/stm32g4xx_hal_tim_ex.c **** }
 6573              		.loc 1 3190 3 view .LVU1945
3191:Drivers/STM32G4xx_HAL_Driver/Src/stm32g4xx_hal_tim_ex.c **** 
 6574              		.loc 1 3191 1 is_stmt 0 view .LVU1946
 6575 000a 0020     		movs	r0, #0
 6576              	.LVL486:
3191:Drivers/STM32G4xx_HAL_Driver/Src/stm32g4xx_hal_tim_ex.c **** 
ARM GAS  /tmp/ccX78w3T.s 			page 213


 6577              		.loc 1 3191 1 view .LVU1947
 6578 000c 7047     		bx	lr
 6579              		.cfi_endproc
 6580              	.LFE376:
 6582              		.section	.text.HAL_TIMEx_DisableAsymmetricalDeadTime,"ax",%progbits
 6583              		.align	1
 6584              		.global	HAL_TIMEx_DisableAsymmetricalDeadTime
 6585              		.syntax unified
 6586              		.thumb
 6587              		.thumb_func
 6589              	HAL_TIMEx_DisableAsymmetricalDeadTime:
 6590              	.LVL487:
 6591              	.LFB377:
3199:Drivers/STM32G4xx_HAL_Driver/Src/stm32g4xx_hal_tim_ex.c ****   /* Check the parameters */
 6592              		.loc 1 3199 1 is_stmt 1 view -0
 6593              		.cfi_startproc
 6594              		@ args = 0, pretend = 0, frame = 0
 6595              		@ frame_needed = 0, uses_anonymous_args = 0
 6596              		@ link register save eliminated.
3201:Drivers/STM32G4xx_HAL_Driver/Src/stm32g4xx_hal_tim_ex.c **** 
 6597              		.loc 1 3201 3 view .LVU1949
3203:Drivers/STM32G4xx_HAL_Driver/Src/stm32g4xx_hal_tim_ex.c ****   return HAL_OK;
 6598              		.loc 1 3203 3 view .LVU1950
 6599 0000 0268     		ldr	r2, [r0]
 6600 0002 536D     		ldr	r3, [r2, #84]
 6601 0004 23F48033 		bic	r3, r3, #65536
 6602 0008 5365     		str	r3, [r2, #84]
3204:Drivers/STM32G4xx_HAL_Driver/Src/stm32g4xx_hal_tim_ex.c **** }
 6603              		.loc 1 3204 3 view .LVU1951
3205:Drivers/STM32G4xx_HAL_Driver/Src/stm32g4xx_hal_tim_ex.c **** 
 6604              		.loc 1 3205 1 is_stmt 0 view .LVU1952
 6605 000a 0020     		movs	r0, #0
 6606              	.LVL488:
3205:Drivers/STM32G4xx_HAL_Driver/Src/stm32g4xx_hal_tim_ex.c **** 
 6607              		.loc 1 3205 1 view .LVU1953
 6608 000c 7047     		bx	lr
 6609              		.cfi_endproc
 6610              	.LFE377:
 6612              		.section	.text.HAL_TIMEx_ConfigEncoderIndex,"ax",%progbits
 6613              		.align	1
 6614              		.global	HAL_TIMEx_ConfigEncoderIndex
 6615              		.syntax unified
 6616              		.thumb
 6617              		.thumb_func
 6619              	HAL_TIMEx_ConfigEncoderIndex:
 6620              	.LVL489:
 6621              	.LFB378:
3218:Drivers/STM32G4xx_HAL_Driver/Src/stm32g4xx_hal_tim_ex.c ****   /* Check the parameters */
 6622              		.loc 1 3218 1 is_stmt 1 view -0
 6623              		.cfi_startproc
 6624              		@ args = 0, pretend = 0, frame = 0
 6625              		@ frame_needed = 0, uses_anonymous_args = 0
3218:Drivers/STM32G4xx_HAL_Driver/Src/stm32g4xx_hal_tim_ex.c ****   /* Check the parameters */
 6626              		.loc 1 3218 1 is_stmt 0 view .LVU1955
 6627 0000 38B5     		push	{r3, r4, r5, lr}
 6628              	.LCFI39:
 6629              		.cfi_def_cfa_offset 16
ARM GAS  /tmp/ccX78w3T.s 			page 214


 6630              		.cfi_offset 3, -16
 6631              		.cfi_offset 4, -12
 6632              		.cfi_offset 5, -8
 6633              		.cfi_offset 14, -4
3220:Drivers/STM32G4xx_HAL_Driver/Src/stm32g4xx_hal_tim_ex.c ****   assert_param(IS_TIM_ENCODERINDEX_POLARITY(sEncoderIndexConfig->Polarity));
 6634              		.loc 1 3220 3 is_stmt 1 view .LVU1956
3221:Drivers/STM32G4xx_HAL_Driver/Src/stm32g4xx_hal_tim_ex.c ****   assert_param(IS_TIM_ENCODERINDEX_PRESCALER(sEncoderIndexConfig->Prescaler));
 6635              		.loc 1 3221 3 view .LVU1957
3222:Drivers/STM32G4xx_HAL_Driver/Src/stm32g4xx_hal_tim_ex.c ****   assert_param(IS_TIM_ENCODERINDEX_FILTER(sEncoderIndexConfig->Filter));
 6636              		.loc 1 3222 3 view .LVU1958
3223:Drivers/STM32G4xx_HAL_Driver/Src/stm32g4xx_hal_tim_ex.c ****   assert_param(IS_FUNCTIONAL_STATE(sEncoderIndexConfig->FirstIndexEnable));
 6637              		.loc 1 3223 3 view .LVU1959
3224:Drivers/STM32G4xx_HAL_Driver/Src/stm32g4xx_hal_tim_ex.c ****   assert_param(IS_TIM_ENCODERINDEX_POSITION(sEncoderIndexConfig->Position));
 6638              		.loc 1 3224 3 view .LVU1960
3225:Drivers/STM32G4xx_HAL_Driver/Src/stm32g4xx_hal_tim_ex.c ****   assert_param(IS_TIM_ENCODERINDEX_DIRECTION(sEncoderIndexConfig->Direction));
 6639              		.loc 1 3225 3 view .LVU1961
3226:Drivers/STM32G4xx_HAL_Driver/Src/stm32g4xx_hal_tim_ex.c **** 
 6640              		.loc 1 3226 3 view .LVU1962
3229:Drivers/STM32G4xx_HAL_Driver/Src/stm32g4xx_hal_tim_ex.c **** 
 6641              		.loc 1 3229 3 view .LVU1963
3229:Drivers/STM32G4xx_HAL_Driver/Src/stm32g4xx_hal_tim_ex.c **** 
 6642              		.loc 1 3229 3 view .LVU1964
 6643 0002 90F83C30 		ldrb	r3, [r0, #60]	@ zero_extendqisi2
 6644 0006 012B     		cmp	r3, #1
 6645 0008 20D0     		beq	.L521
 6646 000a 0546     		mov	r5, r0
 6647 000c 0C46     		mov	r4, r1
3229:Drivers/STM32G4xx_HAL_Driver/Src/stm32g4xx_hal_tim_ex.c **** 
 6648              		.loc 1 3229 3 discriminator 2 view .LVU1965
 6649 000e 0123     		movs	r3, #1
 6650 0010 80F83C30 		strb	r3, [r0, #60]
3229:Drivers/STM32G4xx_HAL_Driver/Src/stm32g4xx_hal_tim_ex.c **** 
 6651              		.loc 1 3229 3 discriminator 2 view .LVU1966
3232:Drivers/STM32G4xx_HAL_Driver/Src/stm32g4xx_hal_tim_ex.c ****                     sEncoderIndexConfig->Prescaler,
 6652              		.loc 1 3232 3 view .LVU1967
 6653 0014 8B68     		ldr	r3, [r1, #8]
 6654 0016 0A68     		ldr	r2, [r1]
 6655 0018 4968     		ldr	r1, [r1, #4]
 6656              	.LVL490:
3232:Drivers/STM32G4xx_HAL_Driver/Src/stm32g4xx_hal_tim_ex.c ****                     sEncoderIndexConfig->Prescaler,
 6657              		.loc 1 3232 3 is_stmt 0 view .LVU1968
 6658 001a 0068     		ldr	r0, [r0]
 6659              	.LVL491:
3232:Drivers/STM32G4xx_HAL_Driver/Src/stm32g4xx_hal_tim_ex.c ****                     sEncoderIndexConfig->Prescaler,
 6660              		.loc 1 3232 3 view .LVU1969
 6661 001c FFF7FEFF 		bl	TIM_ETR_SetConfig
 6662              	.LVL492:
3238:Drivers/STM32G4xx_HAL_Driver/Src/stm32g4xx_hal_tim_ex.c ****              TIM_ECR_IDIR_Msk | TIM_ECR_FIDX_Msk | TIM_ECR_IPOS_Msk,
 6663              		.loc 1 3238 3 is_stmt 1 view .LVU1970
 6664 0020 2968     		ldr	r1, [r5]
 6665 0022 8B6D     		ldr	r3, [r1, #88]
 6666 0024 23F0E603 		bic	r3, r3, #230
 6667 0028 6269     		ldr	r2, [r4, #20]
 6668 002a 207B     		ldrb	r0, [r4, #12]	@ zero_extendqisi2
 6669 002c 0128     		cmp	r0, #1
 6670 002e 0BD0     		beq	.L524
3238:Drivers/STM32G4xx_HAL_Driver/Src/stm32g4xx_hal_tim_ex.c ****              TIM_ECR_IDIR_Msk | TIM_ECR_FIDX_Msk | TIM_ECR_IPOS_Msk,
ARM GAS  /tmp/ccX78w3T.s 			page 215


 6671              		.loc 1 3238 3 is_stmt 0 discriminator 2 view .LVU1971
 6672 0030 0020     		movs	r0, #0
 6673              	.L520:
3238:Drivers/STM32G4xx_HAL_Driver/Src/stm32g4xx_hal_tim_ex.c ****              TIM_ECR_IDIR_Msk | TIM_ECR_FIDX_Msk | TIM_ECR_IPOS_Msk,
 6674              		.loc 1 3238 3 discriminator 3 view .LVU1972
 6675 0032 0243     		orrs	r2, r2, r0
 6676 0034 2069     		ldr	r0, [r4, #16]
 6677 0036 0243     		orrs	r2, r2, r0
 6678 0038 1343     		orrs	r3, r3, r2
 6679 003a 43F00103 		orr	r3, r3, #1
 6680 003e 8B65     		str	r3, [r1, #88]
3245:Drivers/STM32G4xx_HAL_Driver/Src/stm32g4xx_hal_tim_ex.c **** 
 6681              		.loc 1 3245 3 is_stmt 1 view .LVU1973
3245:Drivers/STM32G4xx_HAL_Driver/Src/stm32g4xx_hal_tim_ex.c **** 
 6682              		.loc 1 3245 3 view .LVU1974
 6683 0040 0020     		movs	r0, #0
 6684 0042 85F83C00 		strb	r0, [r5, #60]
3245:Drivers/STM32G4xx_HAL_Driver/Src/stm32g4xx_hal_tim_ex.c **** 
 6685              		.loc 1 3245 3 view .LVU1975
3247:Drivers/STM32G4xx_HAL_Driver/Src/stm32g4xx_hal_tim_ex.c **** }
 6686              		.loc 1 3247 3 view .LVU1976
 6687              	.LVL493:
 6688              	.L519:
3248:Drivers/STM32G4xx_HAL_Driver/Src/stm32g4xx_hal_tim_ex.c **** 
 6689              		.loc 1 3248 1 is_stmt 0 view .LVU1977
 6690 0046 38BD     		pop	{r3, r4, r5, pc}
 6691              	.LVL494:
 6692              	.L524:
3238:Drivers/STM32G4xx_HAL_Driver/Src/stm32g4xx_hal_tim_ex.c ****              TIM_ECR_IDIR_Msk | TIM_ECR_FIDX_Msk | TIM_ECR_IPOS_Msk,
 6693              		.loc 1 3238 3 discriminator 1 view .LVU1978
 6694 0048 2020     		movs	r0, #32
 6695 004a F2E7     		b	.L520
 6696              	.LVL495:
 6697              	.L521:
3229:Drivers/STM32G4xx_HAL_Driver/Src/stm32g4xx_hal_tim_ex.c **** 
 6698              		.loc 1 3229 3 discriminator 1 view .LVU1979
 6699 004c 0220     		movs	r0, #2
 6700              	.LVL496:
3229:Drivers/STM32G4xx_HAL_Driver/Src/stm32g4xx_hal_tim_ex.c **** 
 6701              		.loc 1 3229 3 discriminator 1 view .LVU1980
 6702 004e FAE7     		b	.L519
 6703              		.cfi_endproc
 6704              	.LFE378:
 6706              		.section	.text.HAL_TIMEx_EnableEncoderIndex,"ax",%progbits
 6707              		.align	1
 6708              		.global	HAL_TIMEx_EnableEncoderIndex
 6709              		.syntax unified
 6710              		.thumb
 6711              		.thumb_func
 6713              	HAL_TIMEx_EnableEncoderIndex:
 6714              	.LVL497:
 6715              	.LFB379:
3256:Drivers/STM32G4xx_HAL_Driver/Src/stm32g4xx_hal_tim_ex.c ****   /* Check the parameters */
 6716              		.loc 1 3256 1 is_stmt 1 view -0
 6717              		.cfi_startproc
 6718              		@ args = 0, pretend = 0, frame = 0
 6719              		@ frame_needed = 0, uses_anonymous_args = 0
ARM GAS  /tmp/ccX78w3T.s 			page 216


 6720              		@ link register save eliminated.
3258:Drivers/STM32G4xx_HAL_Driver/Src/stm32g4xx_hal_tim_ex.c **** 
 6721              		.loc 1 3258 3 view .LVU1982
3260:Drivers/STM32G4xx_HAL_Driver/Src/stm32g4xx_hal_tim_ex.c ****   return HAL_OK;
 6722              		.loc 1 3260 3 view .LVU1983
 6723 0000 0268     		ldr	r2, [r0]
 6724 0002 936D     		ldr	r3, [r2, #88]
 6725 0004 43F00103 		orr	r3, r3, #1
 6726 0008 9365     		str	r3, [r2, #88]
3261:Drivers/STM32G4xx_HAL_Driver/Src/stm32g4xx_hal_tim_ex.c **** }
 6727              		.loc 1 3261 3 view .LVU1984
3262:Drivers/STM32G4xx_HAL_Driver/Src/stm32g4xx_hal_tim_ex.c **** 
 6728              		.loc 1 3262 1 is_stmt 0 view .LVU1985
 6729 000a 0020     		movs	r0, #0
 6730              	.LVL498:
3262:Drivers/STM32G4xx_HAL_Driver/Src/stm32g4xx_hal_tim_ex.c **** 
 6731              		.loc 1 3262 1 view .LVU1986
 6732 000c 7047     		bx	lr
 6733              		.cfi_endproc
 6734              	.LFE379:
 6736              		.section	.text.HAL_TIMEx_DisableEncoderIndex,"ax",%progbits
 6737              		.align	1
 6738              		.global	HAL_TIMEx_DisableEncoderIndex
 6739              		.syntax unified
 6740              		.thumb
 6741              		.thumb_func
 6743              	HAL_TIMEx_DisableEncoderIndex:
 6744              	.LVL499:
 6745              	.LFB380:
3270:Drivers/STM32G4xx_HAL_Driver/Src/stm32g4xx_hal_tim_ex.c ****   /* Check the parameters */
 6746              		.loc 1 3270 1 is_stmt 1 view -0
 6747              		.cfi_startproc
 6748              		@ args = 0, pretend = 0, frame = 0
 6749              		@ frame_needed = 0, uses_anonymous_args = 0
 6750              		@ link register save eliminated.
3272:Drivers/STM32G4xx_HAL_Driver/Src/stm32g4xx_hal_tim_ex.c **** 
 6751              		.loc 1 3272 3 view .LVU1988
3274:Drivers/STM32G4xx_HAL_Driver/Src/stm32g4xx_hal_tim_ex.c ****   return HAL_OK;
 6752              		.loc 1 3274 3 view .LVU1989
 6753 0000 0268     		ldr	r2, [r0]
 6754 0002 936D     		ldr	r3, [r2, #88]
 6755 0004 23F00103 		bic	r3, r3, #1
 6756 0008 9365     		str	r3, [r2, #88]
3275:Drivers/STM32G4xx_HAL_Driver/Src/stm32g4xx_hal_tim_ex.c **** }
 6757              		.loc 1 3275 3 view .LVU1990
3276:Drivers/STM32G4xx_HAL_Driver/Src/stm32g4xx_hal_tim_ex.c **** 
 6758              		.loc 1 3276 1 is_stmt 0 view .LVU1991
 6759 000a 0020     		movs	r0, #0
 6760              	.LVL500:
3276:Drivers/STM32G4xx_HAL_Driver/Src/stm32g4xx_hal_tim_ex.c **** 
 6761              		.loc 1 3276 1 view .LVU1992
 6762 000c 7047     		bx	lr
 6763              		.cfi_endproc
 6764              	.LFE380:
 6766              		.section	.text.HAL_TIMEx_EnableEncoderFirstIndex,"ax",%progbits
 6767              		.align	1
 6768              		.global	HAL_TIMEx_EnableEncoderFirstIndex
ARM GAS  /tmp/ccX78w3T.s 			page 217


 6769              		.syntax unified
 6770              		.thumb
 6771              		.thumb_func
 6773              	HAL_TIMEx_EnableEncoderFirstIndex:
 6774              	.LVL501:
 6775              	.LFB381:
3284:Drivers/STM32G4xx_HAL_Driver/Src/stm32g4xx_hal_tim_ex.c ****   /* Check the parameters */
 6776              		.loc 1 3284 1 is_stmt 1 view -0
 6777              		.cfi_startproc
 6778              		@ args = 0, pretend = 0, frame = 0
 6779              		@ frame_needed = 0, uses_anonymous_args = 0
 6780              		@ link register save eliminated.
3286:Drivers/STM32G4xx_HAL_Driver/Src/stm32g4xx_hal_tim_ex.c **** 
 6781              		.loc 1 3286 3 view .LVU1994
3288:Drivers/STM32G4xx_HAL_Driver/Src/stm32g4xx_hal_tim_ex.c ****   return HAL_OK;
 6782              		.loc 1 3288 3 view .LVU1995
 6783 0000 0268     		ldr	r2, [r0]
 6784 0002 936D     		ldr	r3, [r2, #88]
 6785 0004 43F02003 		orr	r3, r3, #32
 6786 0008 9365     		str	r3, [r2, #88]
3289:Drivers/STM32G4xx_HAL_Driver/Src/stm32g4xx_hal_tim_ex.c **** }
 6787              		.loc 1 3289 3 view .LVU1996
3290:Drivers/STM32G4xx_HAL_Driver/Src/stm32g4xx_hal_tim_ex.c **** 
 6788              		.loc 1 3290 1 is_stmt 0 view .LVU1997
 6789 000a 0020     		movs	r0, #0
 6790              	.LVL502:
3290:Drivers/STM32G4xx_HAL_Driver/Src/stm32g4xx_hal_tim_ex.c **** 
 6791              		.loc 1 3290 1 view .LVU1998
 6792 000c 7047     		bx	lr
 6793              		.cfi_endproc
 6794              	.LFE381:
 6796              		.section	.text.HAL_TIMEx_DisableEncoderFirstIndex,"ax",%progbits
 6797              		.align	1
 6798              		.global	HAL_TIMEx_DisableEncoderFirstIndex
 6799              		.syntax unified
 6800              		.thumb
 6801              		.thumb_func
 6803              	HAL_TIMEx_DisableEncoderFirstIndex:
 6804              	.LVL503:
 6805              	.LFB382:
3298:Drivers/STM32G4xx_HAL_Driver/Src/stm32g4xx_hal_tim_ex.c ****   /* Check the parameters */
 6806              		.loc 1 3298 1 is_stmt 1 view -0
 6807              		.cfi_startproc
 6808              		@ args = 0, pretend = 0, frame = 0
 6809              		@ frame_needed = 0, uses_anonymous_args = 0
 6810              		@ link register save eliminated.
3300:Drivers/STM32G4xx_HAL_Driver/Src/stm32g4xx_hal_tim_ex.c **** 
 6811              		.loc 1 3300 3 view .LVU2000
3302:Drivers/STM32G4xx_HAL_Driver/Src/stm32g4xx_hal_tim_ex.c ****   return HAL_OK;
 6812              		.loc 1 3302 3 view .LVU2001
 6813 0000 0268     		ldr	r2, [r0]
 6814 0002 936D     		ldr	r3, [r2, #88]
 6815 0004 23F02003 		bic	r3, r3, #32
 6816 0008 9365     		str	r3, [r2, #88]
3303:Drivers/STM32G4xx_HAL_Driver/Src/stm32g4xx_hal_tim_ex.c **** }
 6817              		.loc 1 3303 3 view .LVU2002
3304:Drivers/STM32G4xx_HAL_Driver/Src/stm32g4xx_hal_tim_ex.c **** 
ARM GAS  /tmp/ccX78w3T.s 			page 218


 6818              		.loc 1 3304 1 is_stmt 0 view .LVU2003
 6819 000a 0020     		movs	r0, #0
 6820              	.LVL504:
3304:Drivers/STM32G4xx_HAL_Driver/Src/stm32g4xx_hal_tim_ex.c **** 
 6821              		.loc 1 3304 1 view .LVU2004
 6822 000c 7047     		bx	lr
 6823              		.cfi_endproc
 6824              	.LFE382:
 6826              		.section	.text.HAL_TIMEx_CommutCallback,"ax",%progbits
 6827              		.align	1
 6828              		.weak	HAL_TIMEx_CommutCallback
 6829              		.syntax unified
 6830              		.thumb
 6831              		.thumb_func
 6833              	HAL_TIMEx_CommutCallback:
 6834              	.LVL505:
 6835              	.LFB383:
3332:Drivers/STM32G4xx_HAL_Driver/Src/stm32g4xx_hal_tim_ex.c ****   /* Prevent unused argument(s) compilation warning */
 6836              		.loc 1 3332 1 is_stmt 1 view -0
 6837              		.cfi_startproc
 6838              		@ args = 0, pretend = 0, frame = 0
 6839              		@ frame_needed = 0, uses_anonymous_args = 0
 6840              		@ link register save eliminated.
3334:Drivers/STM32G4xx_HAL_Driver/Src/stm32g4xx_hal_tim_ex.c **** 
 6841              		.loc 1 3334 3 view .LVU2006
3339:Drivers/STM32G4xx_HAL_Driver/Src/stm32g4xx_hal_tim_ex.c **** /**
 6842              		.loc 1 3339 1 is_stmt 0 view .LVU2007
 6843 0000 7047     		bx	lr
 6844              		.cfi_endproc
 6845              	.LFE383:
 6847              		.section	.text.TIMEx_DMACommutationCplt,"ax",%progbits
 6848              		.align	1
 6849              		.global	TIMEx_DMACommutationCplt
 6850              		.syntax unified
 6851              		.thumb
 6852              		.thumb_func
 6854              	TIMEx_DMACommutationCplt:
 6855              	.LVL506:
 6856              	.LFB393:
3515:Drivers/STM32G4xx_HAL_Driver/Src/stm32g4xx_hal_tim_ex.c ****   TIM_HandleTypeDef *htim = (TIM_HandleTypeDef *)((DMA_HandleTypeDef *)hdma)->Parent;
 6857              		.loc 1 3515 1 is_stmt 1 view -0
 6858              		.cfi_startproc
 6859              		@ args = 0, pretend = 0, frame = 0
 6860              		@ frame_needed = 0, uses_anonymous_args = 0
3515:Drivers/STM32G4xx_HAL_Driver/Src/stm32g4xx_hal_tim_ex.c ****   TIM_HandleTypeDef *htim = (TIM_HandleTypeDef *)((DMA_HandleTypeDef *)hdma)->Parent;
 6861              		.loc 1 3515 1 is_stmt 0 view .LVU2009
 6862 0000 08B5     		push	{r3, lr}
 6863              	.LCFI40:
 6864              		.cfi_def_cfa_offset 8
 6865              		.cfi_offset 3, -8
 6866              		.cfi_offset 14, -4
3516:Drivers/STM32G4xx_HAL_Driver/Src/stm32g4xx_hal_tim_ex.c **** 
 6867              		.loc 1 3516 3 is_stmt 1 view .LVU2010
3516:Drivers/STM32G4xx_HAL_Driver/Src/stm32g4xx_hal_tim_ex.c **** 
 6868              		.loc 1 3516 22 is_stmt 0 view .LVU2011
 6869 0002 806A     		ldr	r0, [r0, #40]
 6870              	.LVL507:
ARM GAS  /tmp/ccX78w3T.s 			page 219


3519:Drivers/STM32G4xx_HAL_Driver/Src/stm32g4xx_hal_tim_ex.c **** 
 6871              		.loc 1 3519 3 is_stmt 1 view .LVU2012
3519:Drivers/STM32G4xx_HAL_Driver/Src/stm32g4xx_hal_tim_ex.c **** 
 6872              		.loc 1 3519 15 is_stmt 0 view .LVU2013
 6873 0004 0123     		movs	r3, #1
 6874 0006 80F83D30 		strb	r3, [r0, #61]
3524:Drivers/STM32G4xx_HAL_Driver/Src/stm32g4xx_hal_tim_ex.c **** #endif /* USE_HAL_TIM_REGISTER_CALLBACKS */
 6875              		.loc 1 3524 3 is_stmt 1 view .LVU2014
 6876 000a FFF7FEFF 		bl	HAL_TIMEx_CommutCallback
 6877              	.LVL508:
3526:Drivers/STM32G4xx_HAL_Driver/Src/stm32g4xx_hal_tim_ex.c **** 
 6878              		.loc 1 3526 1 is_stmt 0 view .LVU2015
 6879 000e 08BD     		pop	{r3, pc}
 6880              		.cfi_endproc
 6881              	.LFE393:
 6883              		.section	.text.HAL_TIMEx_CommutHalfCpltCallback,"ax",%progbits
 6884              		.align	1
 6885              		.weak	HAL_TIMEx_CommutHalfCpltCallback
 6886              		.syntax unified
 6887              		.thumb
 6888              		.thumb_func
 6890              	HAL_TIMEx_CommutHalfCpltCallback:
 6891              	.LVL509:
 6892              	.LFB384:
3346:Drivers/STM32G4xx_HAL_Driver/Src/stm32g4xx_hal_tim_ex.c ****   /* Prevent unused argument(s) compilation warning */
 6893              		.loc 1 3346 1 is_stmt 1 view -0
 6894              		.cfi_startproc
 6895              		@ args = 0, pretend = 0, frame = 0
 6896              		@ frame_needed = 0, uses_anonymous_args = 0
 6897              		@ link register save eliminated.
3348:Drivers/STM32G4xx_HAL_Driver/Src/stm32g4xx_hal_tim_ex.c **** 
 6898              		.loc 1 3348 3 view .LVU2017
3353:Drivers/STM32G4xx_HAL_Driver/Src/stm32g4xx_hal_tim_ex.c **** 
 6899              		.loc 1 3353 1 is_stmt 0 view .LVU2018
 6900 0000 7047     		bx	lr
 6901              		.cfi_endproc
 6902              	.LFE384:
 6904              		.section	.text.TIMEx_DMACommutationHalfCplt,"ax",%progbits
 6905              		.align	1
 6906              		.global	TIMEx_DMACommutationHalfCplt
 6907              		.syntax unified
 6908              		.thumb
 6909              		.thumb_func
 6911              	TIMEx_DMACommutationHalfCplt:
 6912              	.LVL510:
 6913              	.LFB394:
3534:Drivers/STM32G4xx_HAL_Driver/Src/stm32g4xx_hal_tim_ex.c ****   TIM_HandleTypeDef *htim = (TIM_HandleTypeDef *)((DMA_HandleTypeDef *)hdma)->Parent;
 6914              		.loc 1 3534 1 is_stmt 1 view -0
 6915              		.cfi_startproc
 6916              		@ args = 0, pretend = 0, frame = 0
 6917              		@ frame_needed = 0, uses_anonymous_args = 0
3534:Drivers/STM32G4xx_HAL_Driver/Src/stm32g4xx_hal_tim_ex.c ****   TIM_HandleTypeDef *htim = (TIM_HandleTypeDef *)((DMA_HandleTypeDef *)hdma)->Parent;
 6918              		.loc 1 3534 1 is_stmt 0 view .LVU2020
 6919 0000 08B5     		push	{r3, lr}
 6920              	.LCFI41:
 6921              		.cfi_def_cfa_offset 8
 6922              		.cfi_offset 3, -8
ARM GAS  /tmp/ccX78w3T.s 			page 220


 6923              		.cfi_offset 14, -4
3535:Drivers/STM32G4xx_HAL_Driver/Src/stm32g4xx_hal_tim_ex.c **** 
 6924              		.loc 1 3535 3 is_stmt 1 view .LVU2021
3535:Drivers/STM32G4xx_HAL_Driver/Src/stm32g4xx_hal_tim_ex.c **** 
 6925              		.loc 1 3535 22 is_stmt 0 view .LVU2022
 6926 0002 806A     		ldr	r0, [r0, #40]
 6927              	.LVL511:
3538:Drivers/STM32G4xx_HAL_Driver/Src/stm32g4xx_hal_tim_ex.c **** 
 6928              		.loc 1 3538 3 is_stmt 1 view .LVU2023
3538:Drivers/STM32G4xx_HAL_Driver/Src/stm32g4xx_hal_tim_ex.c **** 
 6929              		.loc 1 3538 15 is_stmt 0 view .LVU2024
 6930 0004 0123     		movs	r3, #1
 6931 0006 80F83D30 		strb	r3, [r0, #61]
3543:Drivers/STM32G4xx_HAL_Driver/Src/stm32g4xx_hal_tim_ex.c **** #endif /* USE_HAL_TIM_REGISTER_CALLBACKS */
 6932              		.loc 1 3543 3 is_stmt 1 view .LVU2025
 6933 000a FFF7FEFF 		bl	HAL_TIMEx_CommutHalfCpltCallback
 6934              	.LVL512:
3545:Drivers/STM32G4xx_HAL_Driver/Src/stm32g4xx_hal_tim_ex.c **** 
 6935              		.loc 1 3545 1 is_stmt 0 view .LVU2026
 6936 000e 08BD     		pop	{r3, pc}
 6937              		.cfi_endproc
 6938              	.LFE394:
 6940              		.section	.text.HAL_TIMEx_BreakCallback,"ax",%progbits
 6941              		.align	1
 6942              		.weak	HAL_TIMEx_BreakCallback
 6943              		.syntax unified
 6944              		.thumb
 6945              		.thumb_func
 6947              	HAL_TIMEx_BreakCallback:
 6948              	.LVL513:
 6949              	.LFB385:
3361:Drivers/STM32G4xx_HAL_Driver/Src/stm32g4xx_hal_tim_ex.c ****   /* Prevent unused argument(s) compilation warning */
 6950              		.loc 1 3361 1 is_stmt 1 view -0
 6951              		.cfi_startproc
 6952              		@ args = 0, pretend = 0, frame = 0
 6953              		@ frame_needed = 0, uses_anonymous_args = 0
 6954              		@ link register save eliminated.
3363:Drivers/STM32G4xx_HAL_Driver/Src/stm32g4xx_hal_tim_ex.c **** 
 6955              		.loc 1 3363 3 view .LVU2028
3368:Drivers/STM32G4xx_HAL_Driver/Src/stm32g4xx_hal_tim_ex.c **** 
 6956              		.loc 1 3368 1 is_stmt 0 view .LVU2029
 6957 0000 7047     		bx	lr
 6958              		.cfi_endproc
 6959              	.LFE385:
 6961              		.section	.text.HAL_TIMEx_Break2Callback,"ax",%progbits
 6962              		.align	1
 6963              		.weak	HAL_TIMEx_Break2Callback
 6964              		.syntax unified
 6965              		.thumb
 6966              		.thumb_func
 6968              	HAL_TIMEx_Break2Callback:
 6969              	.LVL514:
 6970              	.LFB386:
3376:Drivers/STM32G4xx_HAL_Driver/Src/stm32g4xx_hal_tim_ex.c ****   /* Prevent unused argument(s) compilation warning */
 6971              		.loc 1 3376 1 is_stmt 1 view -0
 6972              		.cfi_startproc
 6973              		@ args = 0, pretend = 0, frame = 0
ARM GAS  /tmp/ccX78w3T.s 			page 221


 6974              		@ frame_needed = 0, uses_anonymous_args = 0
 6975              		@ link register save eliminated.
3378:Drivers/STM32G4xx_HAL_Driver/Src/stm32g4xx_hal_tim_ex.c **** 
 6976              		.loc 1 3378 3 view .LVU2031
3383:Drivers/STM32G4xx_HAL_Driver/Src/stm32g4xx_hal_tim_ex.c **** 
 6977              		.loc 1 3383 1 is_stmt 0 view .LVU2032
 6978 0000 7047     		bx	lr
 6979              		.cfi_endproc
 6980              	.LFE386:
 6982              		.section	.text.HAL_TIMEx_EncoderIndexCallback,"ax",%progbits
 6983              		.align	1
 6984              		.weak	HAL_TIMEx_EncoderIndexCallback
 6985              		.syntax unified
 6986              		.thumb
 6987              		.thumb_func
 6989              	HAL_TIMEx_EncoderIndexCallback:
 6990              	.LVL515:
 6991              	.LFB387:
3391:Drivers/STM32G4xx_HAL_Driver/Src/stm32g4xx_hal_tim_ex.c ****   /* Prevent unused argument(s) compilation warning */
 6992              		.loc 1 3391 1 is_stmt 1 view -0
 6993              		.cfi_startproc
 6994              		@ args = 0, pretend = 0, frame = 0
 6995              		@ frame_needed = 0, uses_anonymous_args = 0
 6996              		@ link register save eliminated.
3393:Drivers/STM32G4xx_HAL_Driver/Src/stm32g4xx_hal_tim_ex.c **** 
 6997              		.loc 1 3393 3 view .LVU2034
3398:Drivers/STM32G4xx_HAL_Driver/Src/stm32g4xx_hal_tim_ex.c **** 
 6998              		.loc 1 3398 1 is_stmt 0 view .LVU2035
 6999 0000 7047     		bx	lr
 7000              		.cfi_endproc
 7001              	.LFE387:
 7003              		.section	.text.HAL_TIMEx_DirectionChangeCallback,"ax",%progbits
 7004              		.align	1
 7005              		.weak	HAL_TIMEx_DirectionChangeCallback
 7006              		.syntax unified
 7007              		.thumb
 7008              		.thumb_func
 7010              	HAL_TIMEx_DirectionChangeCallback:
 7011              	.LVL516:
 7012              	.LFB388:
3406:Drivers/STM32G4xx_HAL_Driver/Src/stm32g4xx_hal_tim_ex.c ****   /* Prevent unused argument(s) compilation warning */
 7013              		.loc 1 3406 1 is_stmt 1 view -0
 7014              		.cfi_startproc
 7015              		@ args = 0, pretend = 0, frame = 0
 7016              		@ frame_needed = 0, uses_anonymous_args = 0
 7017              		@ link register save eliminated.
3408:Drivers/STM32G4xx_HAL_Driver/Src/stm32g4xx_hal_tim_ex.c **** 
 7018              		.loc 1 3408 3 view .LVU2037
3413:Drivers/STM32G4xx_HAL_Driver/Src/stm32g4xx_hal_tim_ex.c **** 
 7019              		.loc 1 3413 1 is_stmt 0 view .LVU2038
 7020 0000 7047     		bx	lr
 7021              		.cfi_endproc
 7022              	.LFE388:
 7024              		.section	.text.HAL_TIMEx_IndexErrorCallback,"ax",%progbits
 7025              		.align	1
 7026              		.weak	HAL_TIMEx_IndexErrorCallback
 7027              		.syntax unified
ARM GAS  /tmp/ccX78w3T.s 			page 222


 7028              		.thumb
 7029              		.thumb_func
 7031              	HAL_TIMEx_IndexErrorCallback:
 7032              	.LVL517:
 7033              	.LFB389:
3421:Drivers/STM32G4xx_HAL_Driver/Src/stm32g4xx_hal_tim_ex.c ****   /* Prevent unused argument(s) compilation warning */
 7034              		.loc 1 3421 1 is_stmt 1 view -0
 7035              		.cfi_startproc
 7036              		@ args = 0, pretend = 0, frame = 0
 7037              		@ frame_needed = 0, uses_anonymous_args = 0
 7038              		@ link register save eliminated.
3423:Drivers/STM32G4xx_HAL_Driver/Src/stm32g4xx_hal_tim_ex.c **** 
 7039              		.loc 1 3423 3 view .LVU2040
3428:Drivers/STM32G4xx_HAL_Driver/Src/stm32g4xx_hal_tim_ex.c **** 
 7040              		.loc 1 3428 1 is_stmt 0 view .LVU2041
 7041 0000 7047     		bx	lr
 7042              		.cfi_endproc
 7043              	.LFE389:
 7045              		.section	.text.HAL_TIMEx_TransitionErrorCallback,"ax",%progbits
 7046              		.align	1
 7047              		.weak	HAL_TIMEx_TransitionErrorCallback
 7048              		.syntax unified
 7049              		.thumb
 7050              		.thumb_func
 7052              	HAL_TIMEx_TransitionErrorCallback:
 7053              	.LVL518:
 7054              	.LFB390:
3436:Drivers/STM32G4xx_HAL_Driver/Src/stm32g4xx_hal_tim_ex.c ****   /* Prevent unused argument(s) compilation warning */
 7055              		.loc 1 3436 1 is_stmt 1 view -0
 7056              		.cfi_startproc
 7057              		@ args = 0, pretend = 0, frame = 0
 7058              		@ frame_needed = 0, uses_anonymous_args = 0
 7059              		@ link register save eliminated.
3438:Drivers/STM32G4xx_HAL_Driver/Src/stm32g4xx_hal_tim_ex.c **** 
 7060              		.loc 1 3438 3 view .LVU2043
3443:Drivers/STM32G4xx_HAL_Driver/Src/stm32g4xx_hal_tim_ex.c **** 
 7061              		.loc 1 3443 1 is_stmt 0 view .LVU2044
 7062 0000 7047     		bx	lr
 7063              		.cfi_endproc
 7064              	.LFE390:
 7066              		.section	.text.HAL_TIMEx_HallSensor_GetState,"ax",%progbits
 7067              		.align	1
 7068              		.global	HAL_TIMEx_HallSensor_GetState
 7069              		.syntax unified
 7070              		.thumb
 7071              		.thumb_func
 7073              	HAL_TIMEx_HallSensor_GetState:
 7074              	.LVL519:
 7075              	.LFB391:
3470:Drivers/STM32G4xx_HAL_Driver/Src/stm32g4xx_hal_tim_ex.c ****   return htim->State;
 7076              		.loc 1 3470 1 is_stmt 1 view -0
 7077              		.cfi_startproc
 7078              		@ args = 0, pretend = 0, frame = 0
 7079              		@ frame_needed = 0, uses_anonymous_args = 0
 7080              		@ link register save eliminated.
3471:Drivers/STM32G4xx_HAL_Driver/Src/stm32g4xx_hal_tim_ex.c **** }
 7081              		.loc 1 3471 3 view .LVU2046
ARM GAS  /tmp/ccX78w3T.s 			page 223


3472:Drivers/STM32G4xx_HAL_Driver/Src/stm32g4xx_hal_tim_ex.c **** 
 7082              		.loc 1 3472 1 is_stmt 0 view .LVU2047
 7083 0000 90F83D00 		ldrb	r0, [r0, #61]	@ zero_extendqisi2
 7084              	.LVL520:
3472:Drivers/STM32G4xx_HAL_Driver/Src/stm32g4xx_hal_tim_ex.c **** 
 7085              		.loc 1 3472 1 view .LVU2048
 7086 0004 7047     		bx	lr
 7087              		.cfi_endproc
 7088              	.LFE391:
 7090              		.section	.text.HAL_TIMEx_GetChannelNState,"ax",%progbits
 7091              		.align	1
 7092              		.global	HAL_TIMEx_GetChannelNState
 7093              		.syntax unified
 7094              		.thumb
 7095              		.thumb_func
 7097              	HAL_TIMEx_GetChannelNState:
 7098              	.LVL521:
 7099              	.LFB392:
3486:Drivers/STM32G4xx_HAL_Driver/Src/stm32g4xx_hal_tim_ex.c ****   HAL_TIM_ChannelStateTypeDef channel_state;
 7100              		.loc 1 3486 1 is_stmt 1 view -0
 7101              		.cfi_startproc
 7102              		@ args = 0, pretend = 0, frame = 0
 7103              		@ frame_needed = 0, uses_anonymous_args = 0
 7104              		@ link register save eliminated.
3487:Drivers/STM32G4xx_HAL_Driver/Src/stm32g4xx_hal_tim_ex.c **** 
 7105              		.loc 1 3487 3 view .LVU2050
3490:Drivers/STM32G4xx_HAL_Driver/Src/stm32g4xx_hal_tim_ex.c **** 
 7106              		.loc 1 3490 3 view .LVU2051
3492:Drivers/STM32G4xx_HAL_Driver/Src/stm32g4xx_hal_tim_ex.c **** 
 7107              		.loc 1 3492 3 view .LVU2052
3492:Drivers/STM32G4xx_HAL_Driver/Src/stm32g4xx_hal_tim_ex.c **** 
 7108              		.loc 1 3492 19 is_stmt 0 view .LVU2053
 7109 0000 11B9     		cbnz	r1, .L543
3492:Drivers/STM32G4xx_HAL_Driver/Src/stm32g4xx_hal_tim_ex.c **** 
 7110              		.loc 1 3492 17 discriminator 1 view .LVU2054
 7111 0002 90F84400 		ldrb	r0, [r0, #68]	@ zero_extendqisi2
 7112              	.LVL522:
3492:Drivers/STM32G4xx_HAL_Driver/Src/stm32g4xx_hal_tim_ex.c **** 
 7113              		.loc 1 3492 17 discriminator 1 view .LVU2055
 7114 0006 7047     		bx	lr
 7115              	.LVL523:
 7116              	.L543:
3492:Drivers/STM32G4xx_HAL_Driver/Src/stm32g4xx_hal_tim_ex.c **** 
 7117              		.loc 1 3492 19 discriminator 2 view .LVU2056
 7118 0008 0429     		cmp	r1, #4
 7119 000a 04D0     		beq	.L547
3492:Drivers/STM32G4xx_HAL_Driver/Src/stm32g4xx_hal_tim_ex.c **** 
 7120              		.loc 1 3492 19 discriminator 4 view .LVU2057
 7121 000c 0829     		cmp	r1, #8
 7122 000e 05D0     		beq	.L548
3492:Drivers/STM32G4xx_HAL_Driver/Src/stm32g4xx_hal_tim_ex.c **** 
 7123              		.loc 1 3492 17 discriminator 6 view .LVU2058
 7124 0010 90F84700 		ldrb	r0, [r0, #71]	@ zero_extendqisi2
 7125              	.LVL524:
3494:Drivers/STM32G4xx_HAL_Driver/Src/stm32g4xx_hal_tim_ex.c **** }
 7126              		.loc 1 3494 3 is_stmt 1 view .LVU2059
3495:Drivers/STM32G4xx_HAL_Driver/Src/stm32g4xx_hal_tim_ex.c **** /**
ARM GAS  /tmp/ccX78w3T.s 			page 224


 7127              		.loc 1 3495 1 is_stmt 0 view .LVU2060
 7128 0014 7047     		bx	lr
 7129              	.LVL525:
 7130              	.L547:
3492:Drivers/STM32G4xx_HAL_Driver/Src/stm32g4xx_hal_tim_ex.c **** 
 7131              		.loc 1 3492 17 discriminator 3 view .LVU2061
 7132 0016 90F84500 		ldrb	r0, [r0, #69]	@ zero_extendqisi2
 7133              	.LVL526:
3492:Drivers/STM32G4xx_HAL_Driver/Src/stm32g4xx_hal_tim_ex.c **** 
 7134              		.loc 1 3492 17 discriminator 3 view .LVU2062
 7135 001a 7047     		bx	lr
 7136              	.LVL527:
 7137              	.L548:
3492:Drivers/STM32G4xx_HAL_Driver/Src/stm32g4xx_hal_tim_ex.c **** 
 7138              		.loc 1 3492 17 discriminator 5 view .LVU2063
 7139 001c 90F84600 		ldrb	r0, [r0, #70]	@ zero_extendqisi2
 7140              	.LVL528:
3492:Drivers/STM32G4xx_HAL_Driver/Src/stm32g4xx_hal_tim_ex.c **** 
 7141              		.loc 1 3492 17 discriminator 5 view .LVU2064
 7142 0020 7047     		bx	lr
 7143              		.cfi_endproc
 7144              	.LFE392:
 7146              		.text
 7147              	.Letext0:
 7148              		.file 2 "/usr/arm-none-eabi/include/machine/_default_types.h"
 7149              		.file 3 "/usr/arm-none-eabi/include/sys/_stdint.h"
 7150              		.file 4 "Drivers/CMSIS/Device/ST/STM32G4xx/Include/stm32g431xx.h"
 7151              		.file 5 "Drivers/CMSIS/Device/ST/STM32G4xx/Include/stm32g4xx.h"
 7152              		.file 6 "Drivers/STM32G4xx_HAL_Driver/Inc/stm32g4xx_hal_def.h"
 7153              		.file 7 "Drivers/STM32G4xx_HAL_Driver/Inc/stm32g4xx_hal_dma.h"
 7154              		.file 8 "Drivers/STM32G4xx_HAL_Driver/Inc/stm32g4xx_hal_tim.h"
 7155              		.file 9 "Drivers/STM32G4xx_HAL_Driver/Inc/stm32g4xx_hal_tim_ex.h"
 7156              		.file 10 "Drivers/STM32G4xx_HAL_Driver/Inc/stm32g4xx_hal.h"
ARM GAS  /tmp/ccX78w3T.s 			page 225


DEFINED SYMBOLS
                            *ABS*:00000000 stm32g4xx_hal_tim_ex.c
     /tmp/ccX78w3T.s:21     .text.TIM_CCxNChannelCmd:00000000 $t
     /tmp/ccX78w3T.s:26     .text.TIM_CCxNChannelCmd:00000000 TIM_CCxNChannelCmd
     /tmp/ccX78w3T.s:64     .text.TIM_DMAErrorCCxN:00000000 $t
     /tmp/ccX78w3T.s:69     .text.TIM_DMAErrorCCxN:00000000 TIM_DMAErrorCCxN
     /tmp/ccX78w3T.s:162    .text.TIM_DMADelayPulseNCplt:00000000 $t
     /tmp/ccX78w3T.s:167    .text.TIM_DMADelayPulseNCplt:00000000 TIM_DMADelayPulseNCplt
     /tmp/ccX78w3T.s:287    .text.HAL_TIMEx_HallSensor_MspInit:00000000 $t
     /tmp/ccX78w3T.s:293    .text.HAL_TIMEx_HallSensor_MspInit:00000000 HAL_TIMEx_HallSensor_MspInit
     /tmp/ccX78w3T.s:308    .text.HAL_TIMEx_HallSensor_Init:00000000 $t
     /tmp/ccX78w3T.s:314    .text.HAL_TIMEx_HallSensor_Init:00000000 HAL_TIMEx_HallSensor_Init
     /tmp/ccX78w3T.s:534    .text.HAL_TIMEx_HallSensor_MspDeInit:00000000 $t
     /tmp/ccX78w3T.s:540    .text.HAL_TIMEx_HallSensor_MspDeInit:00000000 HAL_TIMEx_HallSensor_MspDeInit
     /tmp/ccX78w3T.s:555    .text.HAL_TIMEx_HallSensor_DeInit:00000000 $t
     /tmp/ccX78w3T.s:561    .text.HAL_TIMEx_HallSensor_DeInit:00000000 HAL_TIMEx_HallSensor_DeInit
     /tmp/ccX78w3T.s:631    .text.HAL_TIMEx_HallSensor_Start:00000000 $t
     /tmp/ccX78w3T.s:637    .text.HAL_TIMEx_HallSensor_Start:00000000 HAL_TIMEx_HallSensor_Start
     /tmp/ccX78w3T.s:784    .text.HAL_TIMEx_HallSensor_Start:000000a0 $d
     /tmp/ccX78w3T.s:790    .text.HAL_TIMEx_HallSensor_Stop:00000000 $t
     /tmp/ccX78w3T.s:796    .text.HAL_TIMEx_HallSensor_Stop:00000000 HAL_TIMEx_HallSensor_Stop
     /tmp/ccX78w3T.s:855    .text.HAL_TIMEx_HallSensor_Start_IT:00000000 $t
     /tmp/ccX78w3T.s:861    .text.HAL_TIMEx_HallSensor_Start_IT:00000000 HAL_TIMEx_HallSensor_Start_IT
     /tmp/ccX78w3T.s:1016   .text.HAL_TIMEx_HallSensor_Start_IT:000000ac $d
     /tmp/ccX78w3T.s:1022   .text.HAL_TIMEx_HallSensor_Stop_IT:00000000 $t
     /tmp/ccX78w3T.s:1028   .text.HAL_TIMEx_HallSensor_Stop_IT:00000000 HAL_TIMEx_HallSensor_Stop_IT
     /tmp/ccX78w3T.s:1092   .text.HAL_TIMEx_HallSensor_Start_DMA:00000000 $t
     /tmp/ccX78w3T.s:1098   .text.HAL_TIMEx_HallSensor_Start_DMA:00000000 HAL_TIMEx_HallSensor_Start_DMA
     /tmp/ccX78w3T.s:1273   .text.HAL_TIMEx_HallSensor_Start_DMA:000000c0 $d
     /tmp/ccX78w3T.s:1282   .text.HAL_TIMEx_HallSensor_Stop_DMA:00000000 $t
     /tmp/ccX78w3T.s:1288   .text.HAL_TIMEx_HallSensor_Stop_DMA:00000000 HAL_TIMEx_HallSensor_Stop_DMA
     /tmp/ccX78w3T.s:1353   .text.HAL_TIMEx_OCN_Start:00000000 $t
     /tmp/ccX78w3T.s:1359   .text.HAL_TIMEx_OCN_Start:00000000 HAL_TIMEx_OCN_Start
     /tmp/ccX78w3T.s:1536   .text.HAL_TIMEx_OCN_Start:000000dc $d
     /tmp/ccX78w3T.s:1542   .text.HAL_TIMEx_OCN_Stop:00000000 $t
     /tmp/ccX78w3T.s:1548   .text.HAL_TIMEx_OCN_Stop:00000000 HAL_TIMEx_OCN_Stop
     /tmp/ccX78w3T.s:1645   .text.HAL_TIMEx_OCN_Start_IT:00000000 $t
     /tmp/ccX78w3T.s:1651   .text.HAL_TIMEx_OCN_Start_IT:00000000 HAL_TIMEx_OCN_Start_IT
     /tmp/ccX78w3T.s:1801   .text.HAL_TIMEx_OCN_Start_IT:000000c8 $d
     /tmp/ccX78w3T.s:1814   .text.HAL_TIMEx_OCN_Start_IT:000000fc $t
     /tmp/ccX78w3T.s:1892   .text.HAL_TIMEx_OCN_Start_IT:0000014c $d
     /tmp/ccX78w3T.s:1898   .text.HAL_TIMEx_OCN_Stop_IT:00000000 $t
     /tmp/ccX78w3T.s:1904   .text.HAL_TIMEx_OCN_Stop_IT:00000000 HAL_TIMEx_OCN_Stop_IT
     /tmp/ccX78w3T.s:1930   .text.HAL_TIMEx_OCN_Stop_IT:0000000e $d
     /tmp/ccX78w3T.s:2090   .text.HAL_TIMEx_OCN_Start_DMA:00000000 $t
     /tmp/ccX78w3T.s:2096   .text.HAL_TIMEx_OCN_Start_DMA:00000000 HAL_TIMEx_OCN_Start_DMA
     /tmp/ccX78w3T.s:2341   .text.HAL_TIMEx_OCN_Start_DMA:00000150 $d
     /tmp/ccX78w3T.s:2354   .text.HAL_TIMEx_OCN_Start_DMA:00000184 $t
     /tmp/ccX78w3T.s:2529   .text.HAL_TIMEx_OCN_Start_DMA:0000023c $d
     /tmp/ccX78w3T.s:2538   .text.HAL_TIMEx_OCN_Stop_DMA:00000000 $t
     /tmp/ccX78w3T.s:2544   .text.HAL_TIMEx_OCN_Stop_DMA:00000000 HAL_TIMEx_OCN_Stop_DMA
     /tmp/ccX78w3T.s:2569   .text.HAL_TIMEx_OCN_Stop_DMA:0000000e $d
     /tmp/ccX78w3T.s:2736   .text.HAL_TIMEx_PWMN_Start:00000000 $t
     /tmp/ccX78w3T.s:2742   .text.HAL_TIMEx_PWMN_Start:00000000 HAL_TIMEx_PWMN_Start
     /tmp/ccX78w3T.s:2919   .text.HAL_TIMEx_PWMN_Start:000000dc $d
     /tmp/ccX78w3T.s:2925   .text.HAL_TIMEx_PWMN_Stop:00000000 $t
     /tmp/ccX78w3T.s:2931   .text.HAL_TIMEx_PWMN_Stop:00000000 HAL_TIMEx_PWMN_Stop
ARM GAS  /tmp/ccX78w3T.s 			page 226


     /tmp/ccX78w3T.s:3028   .text.HAL_TIMEx_PWMN_Start_IT:00000000 $t
     /tmp/ccX78w3T.s:3034   .text.HAL_TIMEx_PWMN_Start_IT:00000000 HAL_TIMEx_PWMN_Start_IT
     /tmp/ccX78w3T.s:3184   .text.HAL_TIMEx_PWMN_Start_IT:000000c8 $d
     /tmp/ccX78w3T.s:3197   .text.HAL_TIMEx_PWMN_Start_IT:000000fc $t
     /tmp/ccX78w3T.s:3275   .text.HAL_TIMEx_PWMN_Start_IT:0000014c $d
     /tmp/ccX78w3T.s:3281   .text.HAL_TIMEx_PWMN_Stop_IT:00000000 $t
     /tmp/ccX78w3T.s:3287   .text.HAL_TIMEx_PWMN_Stop_IT:00000000 HAL_TIMEx_PWMN_Stop_IT
     /tmp/ccX78w3T.s:3313   .text.HAL_TIMEx_PWMN_Stop_IT:0000000e $d
     /tmp/ccX78w3T.s:3473   .text.HAL_TIMEx_PWMN_Start_DMA:00000000 $t
     /tmp/ccX78w3T.s:3479   .text.HAL_TIMEx_PWMN_Start_DMA:00000000 HAL_TIMEx_PWMN_Start_DMA
     /tmp/ccX78w3T.s:3724   .text.HAL_TIMEx_PWMN_Start_DMA:00000150 $d
     /tmp/ccX78w3T.s:3737   .text.HAL_TIMEx_PWMN_Start_DMA:00000184 $t
     /tmp/ccX78w3T.s:3912   .text.HAL_TIMEx_PWMN_Start_DMA:0000023c $d
     /tmp/ccX78w3T.s:3921   .text.HAL_TIMEx_PWMN_Stop_DMA:00000000 $t
     /tmp/ccX78w3T.s:3927   .text.HAL_TIMEx_PWMN_Stop_DMA:00000000 HAL_TIMEx_PWMN_Stop_DMA
     /tmp/ccX78w3T.s:3952   .text.HAL_TIMEx_PWMN_Stop_DMA:0000000e $d
     /tmp/ccX78w3T.s:4119   .text.HAL_TIMEx_OnePulseN_Start:00000000 $t
     /tmp/ccX78w3T.s:4125   .text.HAL_TIMEx_OnePulseN_Start:00000000 HAL_TIMEx_OnePulseN_Start
     /tmp/ccX78w3T.s:4250   .text.HAL_TIMEx_OnePulseN_Stop:00000000 $t
     /tmp/ccX78w3T.s:4256   .text.HAL_TIMEx_OnePulseN_Stop:00000000 HAL_TIMEx_OnePulseN_Stop
     /tmp/ccX78w3T.s:4354   .text.HAL_TIMEx_OnePulseN_Start_IT:00000000 $t
     /tmp/ccX78w3T.s:4360   .text.HAL_TIMEx_OnePulseN_Start_IT:00000000 HAL_TIMEx_OnePulseN_Start_IT
     /tmp/ccX78w3T.s:4495   .text.HAL_TIMEx_OnePulseN_Stop_IT:00000000 $t
     /tmp/ccX78w3T.s:4501   .text.HAL_TIMEx_OnePulseN_Stop_IT:00000000 HAL_TIMEx_OnePulseN_Stop_IT
     /tmp/ccX78w3T.s:4609   .text.HAL_TIMEx_ConfigCommutEvent:00000000 $t
     /tmp/ccX78w3T.s:4615   .text.HAL_TIMEx_ConfigCommutEvent:00000000 HAL_TIMEx_ConfigCommutEvent
     /tmp/ccX78w3T.s:4745   .text.HAL_TIMEx_ConfigCommutEvent:000000a8 $d
     /tmp/ccX78w3T.s:4751   .text.HAL_TIMEx_ConfigCommutEvent_IT:00000000 $t
     /tmp/ccX78w3T.s:4757   .text.HAL_TIMEx_ConfigCommutEvent_IT:00000000 HAL_TIMEx_ConfigCommutEvent_IT
     /tmp/ccX78w3T.s:4887   .text.HAL_TIMEx_ConfigCommutEvent_IT:000000a8 $d
     /tmp/ccX78w3T.s:4893   .text.HAL_TIMEx_ConfigCommutEvent_DMA:00000000 $t
     /tmp/ccX78w3T.s:4899   .text.HAL_TIMEx_ConfigCommutEvent_DMA:00000000 HAL_TIMEx_ConfigCommutEvent_DMA
     /tmp/ccX78w3T.s:5047   .text.HAL_TIMEx_ConfigCommutEvent_DMA:000000b8 $d
     /tmp/ccX78w3T.s:6854   .text.TIMEx_DMACommutationCplt:00000000 TIMEx_DMACommutationCplt
     /tmp/ccX78w3T.s:6911   .text.TIMEx_DMACommutationHalfCplt:00000000 TIMEx_DMACommutationHalfCplt
     /tmp/ccX78w3T.s:5056   .text.HAL_TIMEx_MasterConfigSynchronization:00000000 $t
     /tmp/ccX78w3T.s:5062   .text.HAL_TIMEx_MasterConfigSynchronization:00000000 HAL_TIMEx_MasterConfigSynchronization
     /tmp/ccX78w3T.s:5213   .text.HAL_TIMEx_MasterConfigSynchronization:00000094 $d
     /tmp/ccX78w3T.s:5218   .text.HAL_TIMEx_ConfigBreakDeadTime:00000000 $t
     /tmp/ccX78w3T.s:5224   .text.HAL_TIMEx_ConfigBreakDeadTime:00000000 HAL_TIMEx_ConfigBreakDeadTime
     /tmp/ccX78w3T.s:5419   .text.HAL_TIMEx_ConfigBreakDeadTime:000000a4 $d
     /tmp/ccX78w3T.s:5424   .text.HAL_TIMEx_ConfigBreakInput:00000000 $t
     /tmp/ccX78w3T.s:5430   .text.HAL_TIMEx_ConfigBreakInput:00000000 HAL_TIMEx_ConfigBreakInput
     /tmp/ccX78w3T.s:5479   .text.HAL_TIMEx_ConfigBreakInput:00000022 $d
     /tmp/ccX78w3T.s:5495   .text.HAL_TIMEx_ConfigBreakInput:00000032 $t
     /tmp/ccX78w3T.s:5695   .text.HAL_TIMEx_RemapConfig:00000000 $t
     /tmp/ccX78w3T.s:5701   .text.HAL_TIMEx_RemapConfig:00000000 HAL_TIMEx_RemapConfig
     /tmp/ccX78w3T.s:5750   .text.HAL_TIMEx_TISelection:00000000 $t
     /tmp/ccX78w3T.s:5756   .text.HAL_TIMEx_TISelection:00000000 HAL_TIMEx_TISelection
     /tmp/ccX78w3T.s:5786   .text.HAL_TIMEx_TISelection:00000018 $d
     /tmp/ccX78w3T.s:5896   .text.HAL_TIMEx_TISelection:00000090 $d
     /tmp/ccX78w3T.s:5901   .text.HAL_TIMEx_GroupChannel5:00000000 $t
     /tmp/ccX78w3T.s:5907   .text.HAL_TIMEx_GroupChannel5:00000000 HAL_TIMEx_GroupChannel5
     /tmp/ccX78w3T.s:5971   .text.HAL_TIMEx_DisarmBreakInput:00000000 $t
     /tmp/ccX78w3T.s:5977   .text.HAL_TIMEx_DisarmBreakInput:00000000 HAL_TIMEx_DisarmBreakInput
     /tmp/ccX78w3T.s:6056   .text.HAL_TIMEx_ReArmBreakInput:00000000 $t
     /tmp/ccX78w3T.s:6062   .text.HAL_TIMEx_ReArmBreakInput:00000000 HAL_TIMEx_ReArmBreakInput
ARM GAS  /tmp/ccX78w3T.s 			page 227


     /tmp/ccX78w3T.s:6193   .text.HAL_TIMEx_DitheringEnable:00000000 $t
     /tmp/ccX78w3T.s:6199   .text.HAL_TIMEx_DitheringEnable:00000000 HAL_TIMEx_DitheringEnable
     /tmp/ccX78w3T.s:6223   .text.HAL_TIMEx_DitheringDisable:00000000 $t
     /tmp/ccX78w3T.s:6229   .text.HAL_TIMEx_DitheringDisable:00000000 HAL_TIMEx_DitheringDisable
     /tmp/ccX78w3T.s:6253   .text.HAL_TIMEx_OC_ConfigPulseOnCompare:00000000 $t
     /tmp/ccX78w3T.s:6259   .text.HAL_TIMEx_OC_ConfigPulseOnCompare:00000000 HAL_TIMEx_OC_ConfigPulseOnCompare
     /tmp/ccX78w3T.s:6337   .text.HAL_TIMEx_ConfigSlaveModePreload:00000000 $t
     /tmp/ccX78w3T.s:6343   .text.HAL_TIMEx_ConfigSlaveModePreload:00000000 HAL_TIMEx_ConfigSlaveModePreload
     /tmp/ccX78w3T.s:6369   .text.HAL_TIMEx_EnableSlaveModePreload:00000000 $t
     /tmp/ccX78w3T.s:6375   .text.HAL_TIMEx_EnableSlaveModePreload:00000000 HAL_TIMEx_EnableSlaveModePreload
     /tmp/ccX78w3T.s:6399   .text.HAL_TIMEx_DisableSlaveModePreload:00000000 $t
     /tmp/ccX78w3T.s:6405   .text.HAL_TIMEx_DisableSlaveModePreload:00000000 HAL_TIMEx_DisableSlaveModePreload
     /tmp/ccX78w3T.s:6429   .text.HAL_TIMEx_EnableDeadTimePreload:00000000 $t
     /tmp/ccX78w3T.s:6435   .text.HAL_TIMEx_EnableDeadTimePreload:00000000 HAL_TIMEx_EnableDeadTimePreload
     /tmp/ccX78w3T.s:6459   .text.HAL_TIMEx_DisableDeadTimePreload:00000000 $t
     /tmp/ccX78w3T.s:6465   .text.HAL_TIMEx_DisableDeadTimePreload:00000000 HAL_TIMEx_DisableDeadTimePreload
     /tmp/ccX78w3T.s:6489   .text.HAL_TIMEx_ConfigDeadTime:00000000 $t
     /tmp/ccX78w3T.s:6495   .text.HAL_TIMEx_ConfigDeadTime:00000000 HAL_TIMEx_ConfigDeadTime
     /tmp/ccX78w3T.s:6521   .text.HAL_TIMEx_ConfigAsymmetricalDeadTime:00000000 $t
     /tmp/ccX78w3T.s:6527   .text.HAL_TIMEx_ConfigAsymmetricalDeadTime:00000000 HAL_TIMEx_ConfigAsymmetricalDeadTime
     /tmp/ccX78w3T.s:6553   .text.HAL_TIMEx_EnableAsymmetricalDeadTime:00000000 $t
     /tmp/ccX78w3T.s:6559   .text.HAL_TIMEx_EnableAsymmetricalDeadTime:00000000 HAL_TIMEx_EnableAsymmetricalDeadTime
     /tmp/ccX78w3T.s:6583   .text.HAL_TIMEx_DisableAsymmetricalDeadTime:00000000 $t
     /tmp/ccX78w3T.s:6589   .text.HAL_TIMEx_DisableAsymmetricalDeadTime:00000000 HAL_TIMEx_DisableAsymmetricalDeadTime
     /tmp/ccX78w3T.s:6613   .text.HAL_TIMEx_ConfigEncoderIndex:00000000 $t
     /tmp/ccX78w3T.s:6619   .text.HAL_TIMEx_ConfigEncoderIndex:00000000 HAL_TIMEx_ConfigEncoderIndex
     /tmp/ccX78w3T.s:6707   .text.HAL_TIMEx_EnableEncoderIndex:00000000 $t
     /tmp/ccX78w3T.s:6713   .text.HAL_TIMEx_EnableEncoderIndex:00000000 HAL_TIMEx_EnableEncoderIndex
     /tmp/ccX78w3T.s:6737   .text.HAL_TIMEx_DisableEncoderIndex:00000000 $t
     /tmp/ccX78w3T.s:6743   .text.HAL_TIMEx_DisableEncoderIndex:00000000 HAL_TIMEx_DisableEncoderIndex
     /tmp/ccX78w3T.s:6767   .text.HAL_TIMEx_EnableEncoderFirstIndex:00000000 $t
     /tmp/ccX78w3T.s:6773   .text.HAL_TIMEx_EnableEncoderFirstIndex:00000000 HAL_TIMEx_EnableEncoderFirstIndex
     /tmp/ccX78w3T.s:6797   .text.HAL_TIMEx_DisableEncoderFirstIndex:00000000 $t
     /tmp/ccX78w3T.s:6803   .text.HAL_TIMEx_DisableEncoderFirstIndex:00000000 HAL_TIMEx_DisableEncoderFirstIndex
     /tmp/ccX78w3T.s:6827   .text.HAL_TIMEx_CommutCallback:00000000 $t
     /tmp/ccX78w3T.s:6833   .text.HAL_TIMEx_CommutCallback:00000000 HAL_TIMEx_CommutCallback
     /tmp/ccX78w3T.s:6848   .text.TIMEx_DMACommutationCplt:00000000 $t
     /tmp/ccX78w3T.s:6884   .text.HAL_TIMEx_CommutHalfCpltCallback:00000000 $t
     /tmp/ccX78w3T.s:6890   .text.HAL_TIMEx_CommutHalfCpltCallback:00000000 HAL_TIMEx_CommutHalfCpltCallback
     /tmp/ccX78w3T.s:6905   .text.TIMEx_DMACommutationHalfCplt:00000000 $t
     /tmp/ccX78w3T.s:6941   .text.HAL_TIMEx_BreakCallback:00000000 $t
     /tmp/ccX78w3T.s:6947   .text.HAL_TIMEx_BreakCallback:00000000 HAL_TIMEx_BreakCallback
     /tmp/ccX78w3T.s:6962   .text.HAL_TIMEx_Break2Callback:00000000 $t
     /tmp/ccX78w3T.s:6968   .text.HAL_TIMEx_Break2Callback:00000000 HAL_TIMEx_Break2Callback
     /tmp/ccX78w3T.s:6983   .text.HAL_TIMEx_EncoderIndexCallback:00000000 $t
     /tmp/ccX78w3T.s:6989   .text.HAL_TIMEx_EncoderIndexCallback:00000000 HAL_TIMEx_EncoderIndexCallback
     /tmp/ccX78w3T.s:7004   .text.HAL_TIMEx_DirectionChangeCallback:00000000 $t
     /tmp/ccX78w3T.s:7010   .text.HAL_TIMEx_DirectionChangeCallback:00000000 HAL_TIMEx_DirectionChangeCallback
     /tmp/ccX78w3T.s:7025   .text.HAL_TIMEx_IndexErrorCallback:00000000 $t
     /tmp/ccX78w3T.s:7031   .text.HAL_TIMEx_IndexErrorCallback:00000000 HAL_TIMEx_IndexErrorCallback
     /tmp/ccX78w3T.s:7046   .text.HAL_TIMEx_TransitionErrorCallback:00000000 $t
     /tmp/ccX78w3T.s:7052   .text.HAL_TIMEx_TransitionErrorCallback:00000000 HAL_TIMEx_TransitionErrorCallback
     /tmp/ccX78w3T.s:7067   .text.HAL_TIMEx_HallSensor_GetState:00000000 $t
     /tmp/ccX78w3T.s:7073   .text.HAL_TIMEx_HallSensor_GetState:00000000 HAL_TIMEx_HallSensor_GetState
     /tmp/ccX78w3T.s:7091   .text.HAL_TIMEx_GetChannelNState:00000000 $t
     /tmp/ccX78w3T.s:7097   .text.HAL_TIMEx_GetChannelNState:00000000 HAL_TIMEx_GetChannelNState
     /tmp/ccX78w3T.s:1943   .text.HAL_TIMEx_OCN_Stop_IT:0000001b $d
ARM GAS  /tmp/ccX78w3T.s 			page 228


     /tmp/ccX78w3T.s:1943   .text.HAL_TIMEx_OCN_Stop_IT:0000001c $t
     /tmp/ccX78w3T.s:2582   .text.HAL_TIMEx_OCN_Stop_DMA:0000001b $d
     /tmp/ccX78w3T.s:2582   .text.HAL_TIMEx_OCN_Stop_DMA:0000001c $t
     /tmp/ccX78w3T.s:3326   .text.HAL_TIMEx_PWMN_Stop_IT:0000001b $d
     /tmp/ccX78w3T.s:3326   .text.HAL_TIMEx_PWMN_Stop_IT:0000001c $t
     /tmp/ccX78w3T.s:3965   .text.HAL_TIMEx_PWMN_Stop_DMA:0000001b $d
     /tmp/ccX78w3T.s:3965   .text.HAL_TIMEx_PWMN_Stop_DMA:0000001c $t
     /tmp/ccX78w3T.s:5799   .text.HAL_TIMEx_TISelection:00000025 $d
     /tmp/ccX78w3T.s:5799   .text.HAL_TIMEx_TISelection:00000026 $t

UNDEFINED SYMBOLS
HAL_TIM_ErrorCallback
HAL_TIM_PWM_PulseFinishedCallback
TIM_Base_SetConfig
TIM_TI1_SetConfig
TIM_OC2_SetConfig
TIM_CCxChannelCmd
HAL_DMA_Start_IT
TIM_DMACaptureCplt
TIM_DMACaptureHalfCplt
TIM_DMAError
HAL_DMA_Abort_IT
TIM_DMADelayPulseHalfCplt
HAL_GetTick
TIM_ETR_SetConfig
