ARM GAS  /tmp/ccCVkYLU.s 			page 1


   1              		.cpu cortex-m4
   2              		.arch armv7e-m
   3              		.fpu fpv4-sp-d16
   4              		.eabi_attribute 27, 1
   5              		.eabi_attribute 28, 1
   6              		.eabi_attribute 20, 1
   7              		.eabi_attribute 21, 1
   8              		.eabi_attribute 23, 3
   9              		.eabi_attribute 24, 1
  10              		.eabi_attribute 25, 1
  11              		.eabi_attribute 26, 1
  12              		.eabi_attribute 30, 1
  13              		.eabi_attribute 34, 1
  14              		.eabi_attribute 18, 4
  15              		.file	"stm32g4xx_hal_rcc_ex.c"
  16              		.text
  17              	.Ltext0:
  18              		.cfi_sections	.debug_frame
  19              		.file 1 "Drivers/STM32G4xx_HAL_Driver/Src/stm32g4xx_hal_rcc_ex.c"
  20              		.section	.text.HAL_RCCEx_PeriphCLKConfig,"ax",%progbits
  21              		.align	1
  22              		.global	HAL_RCCEx_PeriphCLKConfig
  23              		.syntax unified
  24              		.thumb
  25              		.thumb_func
  27              	HAL_RCCEx_PeriphCLKConfig:
  28              	.LVL0:
  29              	.LFB329:
   1:Drivers/STM32G4xx_HAL_Driver/Src/stm32g4xx_hal_rcc_ex.c **** /**
   2:Drivers/STM32G4xx_HAL_Driver/Src/stm32g4xx_hal_rcc_ex.c ****   ******************************************************************************
   3:Drivers/STM32G4xx_HAL_Driver/Src/stm32g4xx_hal_rcc_ex.c ****   * @file    stm32g4xx_hal_rcc_ex.c
   4:Drivers/STM32G4xx_HAL_Driver/Src/stm32g4xx_hal_rcc_ex.c ****   * @author  MCD Application Team
   5:Drivers/STM32G4xx_HAL_Driver/Src/stm32g4xx_hal_rcc_ex.c ****   * @brief   Extended RCC HAL module driver.
   6:Drivers/STM32G4xx_HAL_Driver/Src/stm32g4xx_hal_rcc_ex.c ****   *          This file provides firmware functions to manage the following
   7:Drivers/STM32G4xx_HAL_Driver/Src/stm32g4xx_hal_rcc_ex.c ****   *          functionalities RCC extended peripheral:
   8:Drivers/STM32G4xx_HAL_Driver/Src/stm32g4xx_hal_rcc_ex.c ****   *           + Extended Peripheral Control functions
   9:Drivers/STM32G4xx_HAL_Driver/Src/stm32g4xx_hal_rcc_ex.c ****   *           + Extended Clock management functions
  10:Drivers/STM32G4xx_HAL_Driver/Src/stm32g4xx_hal_rcc_ex.c ****   *           + Extended Clock Recovery System Control functions
  11:Drivers/STM32G4xx_HAL_Driver/Src/stm32g4xx_hal_rcc_ex.c ****   *
  12:Drivers/STM32G4xx_HAL_Driver/Src/stm32g4xx_hal_rcc_ex.c ****   ******************************************************************************
  13:Drivers/STM32G4xx_HAL_Driver/Src/stm32g4xx_hal_rcc_ex.c ****   * @attention
  14:Drivers/STM32G4xx_HAL_Driver/Src/stm32g4xx_hal_rcc_ex.c ****   *
  15:Drivers/STM32G4xx_HAL_Driver/Src/stm32g4xx_hal_rcc_ex.c ****   * Copyright (c) 2019 STMicroelectronics.
  16:Drivers/STM32G4xx_HAL_Driver/Src/stm32g4xx_hal_rcc_ex.c ****   * All rights reserved.
  17:Drivers/STM32G4xx_HAL_Driver/Src/stm32g4xx_hal_rcc_ex.c ****   *
  18:Drivers/STM32G4xx_HAL_Driver/Src/stm32g4xx_hal_rcc_ex.c ****   * This software is licensed under terms that can be found in the LICENSE file in
  19:Drivers/STM32G4xx_HAL_Driver/Src/stm32g4xx_hal_rcc_ex.c ****   * the root directory of this software component.
  20:Drivers/STM32G4xx_HAL_Driver/Src/stm32g4xx_hal_rcc_ex.c ****   * If no LICENSE file comes with this software, it is provided AS-IS.
  21:Drivers/STM32G4xx_HAL_Driver/Src/stm32g4xx_hal_rcc_ex.c ****   ******************************************************************************
  22:Drivers/STM32G4xx_HAL_Driver/Src/stm32g4xx_hal_rcc_ex.c ****   */
  23:Drivers/STM32G4xx_HAL_Driver/Src/stm32g4xx_hal_rcc_ex.c **** 
  24:Drivers/STM32G4xx_HAL_Driver/Src/stm32g4xx_hal_rcc_ex.c **** /* Includes ------------------------------------------------------------------*/
  25:Drivers/STM32G4xx_HAL_Driver/Src/stm32g4xx_hal_rcc_ex.c **** #include "stm32g4xx_hal.h"
  26:Drivers/STM32G4xx_HAL_Driver/Src/stm32g4xx_hal_rcc_ex.c **** 
  27:Drivers/STM32G4xx_HAL_Driver/Src/stm32g4xx_hal_rcc_ex.c **** /** @addtogroup STM32G4xx_HAL_Driver
  28:Drivers/STM32G4xx_HAL_Driver/Src/stm32g4xx_hal_rcc_ex.c ****   * @{
  29:Drivers/STM32G4xx_HAL_Driver/Src/stm32g4xx_hal_rcc_ex.c ****   */
ARM GAS  /tmp/ccCVkYLU.s 			page 2


  30:Drivers/STM32G4xx_HAL_Driver/Src/stm32g4xx_hal_rcc_ex.c **** 
  31:Drivers/STM32G4xx_HAL_Driver/Src/stm32g4xx_hal_rcc_ex.c **** /** @defgroup RCCEx RCCEx
  32:Drivers/STM32G4xx_HAL_Driver/Src/stm32g4xx_hal_rcc_ex.c ****   * @brief RCC Extended HAL module driver
  33:Drivers/STM32G4xx_HAL_Driver/Src/stm32g4xx_hal_rcc_ex.c ****   * @{
  34:Drivers/STM32G4xx_HAL_Driver/Src/stm32g4xx_hal_rcc_ex.c ****   */
  35:Drivers/STM32G4xx_HAL_Driver/Src/stm32g4xx_hal_rcc_ex.c **** 
  36:Drivers/STM32G4xx_HAL_Driver/Src/stm32g4xx_hal_rcc_ex.c **** #ifdef HAL_RCC_MODULE_ENABLED
  37:Drivers/STM32G4xx_HAL_Driver/Src/stm32g4xx_hal_rcc_ex.c **** 
  38:Drivers/STM32G4xx_HAL_Driver/Src/stm32g4xx_hal_rcc_ex.c **** /* Private typedef -----------------------------------------------------------*/
  39:Drivers/STM32G4xx_HAL_Driver/Src/stm32g4xx_hal_rcc_ex.c **** /* Private defines -----------------------------------------------------------*/
  40:Drivers/STM32G4xx_HAL_Driver/Src/stm32g4xx_hal_rcc_ex.c **** /** @defgroup RCCEx_Private_Constants RCCEx Private Constants
  41:Drivers/STM32G4xx_HAL_Driver/Src/stm32g4xx_hal_rcc_ex.c ****  * @{
  42:Drivers/STM32G4xx_HAL_Driver/Src/stm32g4xx_hal_rcc_ex.c ****  */
  43:Drivers/STM32G4xx_HAL_Driver/Src/stm32g4xx_hal_rcc_ex.c **** #define PLL_TIMEOUT_VALUE        2U                /* 2 ms (minimum Tick + 1) */
  44:Drivers/STM32G4xx_HAL_Driver/Src/stm32g4xx_hal_rcc_ex.c **** 
  45:Drivers/STM32G4xx_HAL_Driver/Src/stm32g4xx_hal_rcc_ex.c **** #define DIVIDER_P_UPDATE          0U
  46:Drivers/STM32G4xx_HAL_Driver/Src/stm32g4xx_hal_rcc_ex.c **** #define DIVIDER_Q_UPDATE          1U
  47:Drivers/STM32G4xx_HAL_Driver/Src/stm32g4xx_hal_rcc_ex.c **** #define DIVIDER_R_UPDATE          2U
  48:Drivers/STM32G4xx_HAL_Driver/Src/stm32g4xx_hal_rcc_ex.c **** 
  49:Drivers/STM32G4xx_HAL_Driver/Src/stm32g4xx_hal_rcc_ex.c **** #define __LSCO_CLK_ENABLE()       __HAL_RCC_GPIOA_CLK_ENABLE()
  50:Drivers/STM32G4xx_HAL_Driver/Src/stm32g4xx_hal_rcc_ex.c **** #define LSCO_GPIO_PORT            GPIOA
  51:Drivers/STM32G4xx_HAL_Driver/Src/stm32g4xx_hal_rcc_ex.c **** #define LSCO_PIN                  GPIO_PIN_2
  52:Drivers/STM32G4xx_HAL_Driver/Src/stm32g4xx_hal_rcc_ex.c **** /**
  53:Drivers/STM32G4xx_HAL_Driver/Src/stm32g4xx_hal_rcc_ex.c ****   * @}
  54:Drivers/STM32G4xx_HAL_Driver/Src/stm32g4xx_hal_rcc_ex.c ****   */
  55:Drivers/STM32G4xx_HAL_Driver/Src/stm32g4xx_hal_rcc_ex.c **** 
  56:Drivers/STM32G4xx_HAL_Driver/Src/stm32g4xx_hal_rcc_ex.c **** /* Private macros ------------------------------------------------------------*/
  57:Drivers/STM32G4xx_HAL_Driver/Src/stm32g4xx_hal_rcc_ex.c **** /* Private variables ---------------------------------------------------------*/
  58:Drivers/STM32G4xx_HAL_Driver/Src/stm32g4xx_hal_rcc_ex.c **** /* Private function prototypes -----------------------------------------------*/
  59:Drivers/STM32G4xx_HAL_Driver/Src/stm32g4xx_hal_rcc_ex.c **** /** @defgroup RCCEx_Private_Functions RCCEx Private Functions
  60:Drivers/STM32G4xx_HAL_Driver/Src/stm32g4xx_hal_rcc_ex.c ****  * @{
  61:Drivers/STM32G4xx_HAL_Driver/Src/stm32g4xx_hal_rcc_ex.c ****  */
  62:Drivers/STM32G4xx_HAL_Driver/Src/stm32g4xx_hal_rcc_ex.c **** 
  63:Drivers/STM32G4xx_HAL_Driver/Src/stm32g4xx_hal_rcc_ex.c **** /**
  64:Drivers/STM32G4xx_HAL_Driver/Src/stm32g4xx_hal_rcc_ex.c ****   * @}
  65:Drivers/STM32G4xx_HAL_Driver/Src/stm32g4xx_hal_rcc_ex.c ****   */
  66:Drivers/STM32G4xx_HAL_Driver/Src/stm32g4xx_hal_rcc_ex.c **** 
  67:Drivers/STM32G4xx_HAL_Driver/Src/stm32g4xx_hal_rcc_ex.c **** /* Exported functions --------------------------------------------------------*/
  68:Drivers/STM32G4xx_HAL_Driver/Src/stm32g4xx_hal_rcc_ex.c **** 
  69:Drivers/STM32G4xx_HAL_Driver/Src/stm32g4xx_hal_rcc_ex.c **** /** @defgroup RCCEx_Exported_Functions RCCEx Exported Functions
  70:Drivers/STM32G4xx_HAL_Driver/Src/stm32g4xx_hal_rcc_ex.c ****   * @{
  71:Drivers/STM32G4xx_HAL_Driver/Src/stm32g4xx_hal_rcc_ex.c ****   */
  72:Drivers/STM32G4xx_HAL_Driver/Src/stm32g4xx_hal_rcc_ex.c **** 
  73:Drivers/STM32G4xx_HAL_Driver/Src/stm32g4xx_hal_rcc_ex.c **** /** @defgroup RCCEx_Exported_Functions_Group1 Extended Peripheral Control functions
  74:Drivers/STM32G4xx_HAL_Driver/Src/stm32g4xx_hal_rcc_ex.c ****  *  @brief  Extended Peripheral Control functions
  75:Drivers/STM32G4xx_HAL_Driver/Src/stm32g4xx_hal_rcc_ex.c ****  *
  76:Drivers/STM32G4xx_HAL_Driver/Src/stm32g4xx_hal_rcc_ex.c **** @verbatim
  77:Drivers/STM32G4xx_HAL_Driver/Src/stm32g4xx_hal_rcc_ex.c ****  ===============================================================================
  78:Drivers/STM32G4xx_HAL_Driver/Src/stm32g4xx_hal_rcc_ex.c ****                 ##### Extended Peripheral Control functions  #####
  79:Drivers/STM32G4xx_HAL_Driver/Src/stm32g4xx_hal_rcc_ex.c ****  ===============================================================================
  80:Drivers/STM32G4xx_HAL_Driver/Src/stm32g4xx_hal_rcc_ex.c ****     [..]
  81:Drivers/STM32G4xx_HAL_Driver/Src/stm32g4xx_hal_rcc_ex.c ****     This subsection provides a set of functions allowing to control the RCC Clocks
  82:Drivers/STM32G4xx_HAL_Driver/Src/stm32g4xx_hal_rcc_ex.c ****     frequencies.
  83:Drivers/STM32G4xx_HAL_Driver/Src/stm32g4xx_hal_rcc_ex.c ****     [..]
  84:Drivers/STM32G4xx_HAL_Driver/Src/stm32g4xx_hal_rcc_ex.c ****     (@) Important note: Care must be taken when HAL_RCCEx_PeriphCLKConfig() is used to
  85:Drivers/STM32G4xx_HAL_Driver/Src/stm32g4xx_hal_rcc_ex.c ****         select the RTC clock source; in this case the Backup domain will be reset in
  86:Drivers/STM32G4xx_HAL_Driver/Src/stm32g4xx_hal_rcc_ex.c ****         order to modify the RTC Clock source, as consequence RTC registers (including
ARM GAS  /tmp/ccCVkYLU.s 			page 3


  87:Drivers/STM32G4xx_HAL_Driver/Src/stm32g4xx_hal_rcc_ex.c ****         the backup registers) are set to their reset values.
  88:Drivers/STM32G4xx_HAL_Driver/Src/stm32g4xx_hal_rcc_ex.c **** 
  89:Drivers/STM32G4xx_HAL_Driver/Src/stm32g4xx_hal_rcc_ex.c **** @endverbatim
  90:Drivers/STM32G4xx_HAL_Driver/Src/stm32g4xx_hal_rcc_ex.c ****   * @{
  91:Drivers/STM32G4xx_HAL_Driver/Src/stm32g4xx_hal_rcc_ex.c ****   */
  92:Drivers/STM32G4xx_HAL_Driver/Src/stm32g4xx_hal_rcc_ex.c **** /**
  93:Drivers/STM32G4xx_HAL_Driver/Src/stm32g4xx_hal_rcc_ex.c ****   * @brief  Initialize the RCC extended peripherals clocks according to the specified
  94:Drivers/STM32G4xx_HAL_Driver/Src/stm32g4xx_hal_rcc_ex.c ****   *         parameters in the RCC_PeriphCLKInitTypeDef.
  95:Drivers/STM32G4xx_HAL_Driver/Src/stm32g4xx_hal_rcc_ex.c ****   * @param  PeriphClkInit  pointer to an RCC_PeriphCLKInitTypeDef structure that
  96:Drivers/STM32G4xx_HAL_Driver/Src/stm32g4xx_hal_rcc_ex.c ****   *         contains a field PeriphClockSelection which can be a combination of the following value
  97:Drivers/STM32G4xx_HAL_Driver/Src/stm32g4xx_hal_rcc_ex.c ****   *            @arg @ref RCC_PERIPHCLK_RTC  RTC peripheral clock
  98:Drivers/STM32G4xx_HAL_Driver/Src/stm32g4xx_hal_rcc_ex.c ****   *            @arg @ref RCC_PERIPHCLK_USART1  USART1 peripheral clock
  99:Drivers/STM32G4xx_HAL_Driver/Src/stm32g4xx_hal_rcc_ex.c ****   *            @arg @ref RCC_PERIPHCLK_USART2  USART2 peripheral clock
 100:Drivers/STM32G4xx_HAL_Driver/Src/stm32g4xx_hal_rcc_ex.c ****   *            @arg @ref RCC_PERIPHCLK_USART3  USART3 peripheral clock
 101:Drivers/STM32G4xx_HAL_Driver/Src/stm32g4xx_hal_rcc_ex.c ****   *            @arg @ref RCC_PERIPHCLK_UART4  UART4 peripheral clock (only for devices with UART4)
 102:Drivers/STM32G4xx_HAL_Driver/Src/stm32g4xx_hal_rcc_ex.c ****   *            @arg @ref RCC_PERIPHCLK_UART5  UART5 peripheral clock (only for devices with UART5)
 103:Drivers/STM32G4xx_HAL_Driver/Src/stm32g4xx_hal_rcc_ex.c ****   *            @arg @ref RCC_PERIPHCLK_LPUART1  LPUART1 peripheral clock
 104:Drivers/STM32G4xx_HAL_Driver/Src/stm32g4xx_hal_rcc_ex.c ****   *            @arg @ref RCC_PERIPHCLK_I2C1  I2C1 peripheral clock
 105:Drivers/STM32G4xx_HAL_Driver/Src/stm32g4xx_hal_rcc_ex.c ****   *            @arg @ref RCC_PERIPHCLK_I2C2  I2C2 peripheral clock
 106:Drivers/STM32G4xx_HAL_Driver/Src/stm32g4xx_hal_rcc_ex.c ****   *            @arg @ref RCC_PERIPHCLK_I2C3  I2C3 peripheral clock
 107:Drivers/STM32G4xx_HAL_Driver/Src/stm32g4xx_hal_rcc_ex.c ****   *            @arg @ref RCC_PERIPHCLK_I2C4  I2C4 peripheral clock (only for devices with I2C4)
 108:Drivers/STM32G4xx_HAL_Driver/Src/stm32g4xx_hal_rcc_ex.c ****   *            @arg @ref RCC_PERIPHCLK_LPTIM1  LPTIM1 peripheral clock
 109:Drivers/STM32G4xx_HAL_Driver/Src/stm32g4xx_hal_rcc_ex.c ****   *            @arg @ref RCC_PERIPHCLK_SAI1  SAI1 peripheral clock
 110:Drivers/STM32G4xx_HAL_Driver/Src/stm32g4xx_hal_rcc_ex.c ****   *            @arg @ref RCC_PERIPHCLK_I2S  I2S peripheral clock
 111:Drivers/STM32G4xx_HAL_Driver/Src/stm32g4xx_hal_rcc_ex.c ****   *            @arg @ref RCC_PERIPHCLK_FDCAN  FDCAN peripheral clock (only for devices with FDCAN)
 112:Drivers/STM32G4xx_HAL_Driver/Src/stm32g4xx_hal_rcc_ex.c ****   *            @arg @ref RCC_PERIPHCLK_RNG  RNG peripheral clock
 113:Drivers/STM32G4xx_HAL_Driver/Src/stm32g4xx_hal_rcc_ex.c ****   *            @arg @ref RCC_PERIPHCLK_USB  USB peripheral clock (only for devices with USB)
 114:Drivers/STM32G4xx_HAL_Driver/Src/stm32g4xx_hal_rcc_ex.c ****   *            @arg @ref RCC_PERIPHCLK_ADC12  ADC1 and ADC2 peripheral clock
 115:Drivers/STM32G4xx_HAL_Driver/Src/stm32g4xx_hal_rcc_ex.c ****   *            @arg @ref RCC_PERIPHCLK_ADC345  ADC3, ADC4 and ADC5 peripheral clock (only for devic
 116:Drivers/STM32G4xx_HAL_Driver/Src/stm32g4xx_hal_rcc_ex.c ****   *            @arg @ref RCC_PERIPHCLK_QSPI  QuadSPI peripheral clock (only for devices with QuadSP
 117:Drivers/STM32G4xx_HAL_Driver/Src/stm32g4xx_hal_rcc_ex.c ****   *
 118:Drivers/STM32G4xx_HAL_Driver/Src/stm32g4xx_hal_rcc_ex.c ****   * @note   Care must be taken when HAL_RCCEx_PeriphCLKConfig() is used to select
 119:Drivers/STM32G4xx_HAL_Driver/Src/stm32g4xx_hal_rcc_ex.c ****   *         the RTC clock source: in this case the access to Backup domain is enabled.
 120:Drivers/STM32G4xx_HAL_Driver/Src/stm32g4xx_hal_rcc_ex.c ****   *
 121:Drivers/STM32G4xx_HAL_Driver/Src/stm32g4xx_hal_rcc_ex.c ****   * @retval HAL status
 122:Drivers/STM32G4xx_HAL_Driver/Src/stm32g4xx_hal_rcc_ex.c ****   */
 123:Drivers/STM32G4xx_HAL_Driver/Src/stm32g4xx_hal_rcc_ex.c **** HAL_StatusTypeDef HAL_RCCEx_PeriphCLKConfig(RCC_PeriphCLKInitTypeDef const *PeriphClkInit)
 124:Drivers/STM32G4xx_HAL_Driver/Src/stm32g4xx_hal_rcc_ex.c **** {
  30              		.loc 1 124 1 view -0
  31              		.cfi_startproc
  32              		@ args = 0, pretend = 0, frame = 8
  33              		@ frame_needed = 0, uses_anonymous_args = 0
  34              		.loc 1 124 1 is_stmt 0 view .LVU1
  35 0000 F0B5     		push	{r4, r5, r6, r7, lr}
  36              	.LCFI0:
  37              		.cfi_def_cfa_offset 20
  38              		.cfi_offset 4, -20
  39              		.cfi_offset 5, -16
  40              		.cfi_offset 6, -12
  41              		.cfi_offset 7, -8
  42              		.cfi_offset 14, -4
  43 0002 83B0     		sub	sp, sp, #12
  44              	.LCFI1:
  45              		.cfi_def_cfa_offset 32
  46 0004 0446     		mov	r4, r0
 125:Drivers/STM32G4xx_HAL_Driver/Src/stm32g4xx_hal_rcc_ex.c ****   uint32_t tmpregister;
  47              		.loc 1 125 3 is_stmt 1 view .LVU2
ARM GAS  /tmp/ccCVkYLU.s 			page 4


 126:Drivers/STM32G4xx_HAL_Driver/Src/stm32g4xx_hal_rcc_ex.c ****   uint32_t tickstart;
  48              		.loc 1 126 3 view .LVU3
 127:Drivers/STM32G4xx_HAL_Driver/Src/stm32g4xx_hal_rcc_ex.c ****   HAL_StatusTypeDef ret = HAL_OK;      /* Intermediate status */
  49              		.loc 1 127 3 view .LVU4
  50              	.LVL1:
 128:Drivers/STM32G4xx_HAL_Driver/Src/stm32g4xx_hal_rcc_ex.c ****   HAL_StatusTypeDef status = HAL_OK;   /* Final status */
  51              		.loc 1 128 3 view .LVU5
 129:Drivers/STM32G4xx_HAL_Driver/Src/stm32g4xx_hal_rcc_ex.c **** 
 130:Drivers/STM32G4xx_HAL_Driver/Src/stm32g4xx_hal_rcc_ex.c ****   /* Check the parameters */
 131:Drivers/STM32G4xx_HAL_Driver/Src/stm32g4xx_hal_rcc_ex.c ****   assert_param(IS_RCC_PERIPHCLOCK(PeriphClkInit->PeriphClockSelection));
  52              		.loc 1 131 3 view .LVU6
 132:Drivers/STM32G4xx_HAL_Driver/Src/stm32g4xx_hal_rcc_ex.c **** 
 133:Drivers/STM32G4xx_HAL_Driver/Src/stm32g4xx_hal_rcc_ex.c ****   /*-------------------------- RTC clock source configuration ----------------------*/
 134:Drivers/STM32G4xx_HAL_Driver/Src/stm32g4xx_hal_rcc_ex.c ****   if((PeriphClkInit->PeriphClockSelection & RCC_PERIPHCLK_RTC) == RCC_PERIPHCLK_RTC)
  53              		.loc 1 134 3 view .LVU7
  54              		.loc 1 134 20 is_stmt 0 view .LVU8
  55 0006 0368     		ldr	r3, [r0]
  56              		.loc 1 134 5 view .LVU9
  57 0008 13F4002F 		tst	r3, #524288
  58 000c 6BD0     		beq	.L33
  59              	.LBB2:
 135:Drivers/STM32G4xx_HAL_Driver/Src/stm32g4xx_hal_rcc_ex.c ****   {
 136:Drivers/STM32G4xx_HAL_Driver/Src/stm32g4xx_hal_rcc_ex.c ****     FlagStatus       pwrclkchanged = RESET;
  60              		.loc 1 136 5 is_stmt 1 view .LVU10
  61              	.LVL2:
 137:Drivers/STM32G4xx_HAL_Driver/Src/stm32g4xx_hal_rcc_ex.c ****     
 138:Drivers/STM32G4xx_HAL_Driver/Src/stm32g4xx_hal_rcc_ex.c ****     /* Check for RTC Parameters used to output RTCCLK */
 139:Drivers/STM32G4xx_HAL_Driver/Src/stm32g4xx_hal_rcc_ex.c ****     assert_param(IS_RCC_RTCCLKSOURCE(PeriphClkInit->RTCClockSelection));
  62              		.loc 1 139 5 view .LVU11
 140:Drivers/STM32G4xx_HAL_Driver/Src/stm32g4xx_hal_rcc_ex.c **** 
 141:Drivers/STM32G4xx_HAL_Driver/Src/stm32g4xx_hal_rcc_ex.c ****     /* Enable Power Clock */
 142:Drivers/STM32G4xx_HAL_Driver/Src/stm32g4xx_hal_rcc_ex.c ****     if(__HAL_RCC_PWR_IS_CLK_DISABLED())
  63              		.loc 1 142 5 view .LVU12
  64              		.loc 1 142 8 is_stmt 0 view .LVU13
  65 000e AD4B     		ldr	r3, .L46
  66 0010 9B6D     		ldr	r3, [r3, #88]
  67              		.loc 1 142 7 view .LVU14
  68 0012 13F0805F 		tst	r3, #268435456
  69 0016 1FD1     		bne	.L34
 143:Drivers/STM32G4xx_HAL_Driver/Src/stm32g4xx_hal_rcc_ex.c ****     {
 144:Drivers/STM32G4xx_HAL_Driver/Src/stm32g4xx_hal_rcc_ex.c ****       __HAL_RCC_PWR_CLK_ENABLE();
  70              		.loc 1 144 7 is_stmt 1 view .LVU15
  71              	.LBB3:
  72              		.loc 1 144 7 view .LVU16
  73              		.loc 1 144 7 view .LVU17
  74 0018 AA4B     		ldr	r3, .L46
  75 001a 9A6D     		ldr	r2, [r3, #88]
  76 001c 42F08052 		orr	r2, r2, #268435456
  77 0020 9A65     		str	r2, [r3, #88]
  78              		.loc 1 144 7 view .LVU18
  79 0022 9B6D     		ldr	r3, [r3, #88]
  80 0024 03F08053 		and	r3, r3, #268435456
  81 0028 0193     		str	r3, [sp, #4]
  82              		.loc 1 144 7 view .LVU19
  83 002a 019B     		ldr	r3, [sp, #4]
  84              	.LBE3:
  85              		.loc 1 144 7 view .LVU20
ARM GAS  /tmp/ccCVkYLU.s 			page 5


 145:Drivers/STM32G4xx_HAL_Driver/Src/stm32g4xx_hal_rcc_ex.c ****       pwrclkchanged = SET;
  86              		.loc 1 145 7 view .LVU21
  87              	.LVL3:
  88              		.loc 1 145 21 is_stmt 0 view .LVU22
  89 002c 0123     		movs	r3, #1
  90 002e 1E46     		mov	r6, r3
  91              	.LVL4:
  92              	.L3:
 146:Drivers/STM32G4xx_HAL_Driver/Src/stm32g4xx_hal_rcc_ex.c ****     }
 147:Drivers/STM32G4xx_HAL_Driver/Src/stm32g4xx_hal_rcc_ex.c ****       
 148:Drivers/STM32G4xx_HAL_Driver/Src/stm32g4xx_hal_rcc_ex.c ****     /* Enable write access to Backup domain */
 149:Drivers/STM32G4xx_HAL_Driver/Src/stm32g4xx_hal_rcc_ex.c ****     SET_BIT(PWR->CR1, PWR_CR1_DBP);
  93              		.loc 1 149 5 is_stmt 1 view .LVU23
  94 0030 A54A     		ldr	r2, .L46+4
  95 0032 1368     		ldr	r3, [r2]
  96 0034 43F48073 		orr	r3, r3, #256
  97 0038 1360     		str	r3, [r2]
 150:Drivers/STM32G4xx_HAL_Driver/Src/stm32g4xx_hal_rcc_ex.c **** 
 151:Drivers/STM32G4xx_HAL_Driver/Src/stm32g4xx_hal_rcc_ex.c ****     /* Wait for Backup domain Write protection disable */
 152:Drivers/STM32G4xx_HAL_Driver/Src/stm32g4xx_hal_rcc_ex.c ****     tickstart = HAL_GetTick();
  98              		.loc 1 152 5 view .LVU24
  99              		.loc 1 152 17 is_stmt 0 view .LVU25
 100 003a FFF7FEFF 		bl	HAL_GetTick
 101              	.LVL5:
 102              		.loc 1 152 17 view .LVU26
 103 003e 0546     		mov	r5, r0
 104              	.LVL6:
 153:Drivers/STM32G4xx_HAL_Driver/Src/stm32g4xx_hal_rcc_ex.c **** 
 154:Drivers/STM32G4xx_HAL_Driver/Src/stm32g4xx_hal_rcc_ex.c ****     while((PWR->CR1 & PWR_CR1_DBP) == 0U)
 105              		.loc 1 154 5 is_stmt 1 view .LVU27
 106              	.L4:
 107              		.loc 1 154 36 discriminator 1 view .LVU28
 108              		.loc 1 154 15 is_stmt 0 discriminator 1 view .LVU29
 109 0040 A14B     		ldr	r3, .L46+4
 110 0042 1B68     		ldr	r3, [r3]
 111              		.loc 1 154 36 discriminator 1 view .LVU30
 112 0044 13F4807F 		tst	r3, #256
 113 0048 09D1     		bne	.L38
 155:Drivers/STM32G4xx_HAL_Driver/Src/stm32g4xx_hal_rcc_ex.c ****     {
 156:Drivers/STM32G4xx_HAL_Driver/Src/stm32g4xx_hal_rcc_ex.c ****       if((HAL_GetTick() - tickstart) > RCC_DBP_TIMEOUT_VALUE)
 114              		.loc 1 156 7 is_stmt 1 view .LVU31
 115              		.loc 1 156 11 is_stmt 0 view .LVU32
 116 004a FFF7FEFF 		bl	HAL_GetTick
 117              	.LVL7:
 118              		.loc 1 156 25 discriminator 1 view .LVU33
 119 004e 401B     		subs	r0, r0, r5
 120              		.loc 1 156 9 discriminator 1 view .LVU34
 121 0050 0228     		cmp	r0, #2
 122 0052 F5D9     		bls	.L4
 157:Drivers/STM32G4xx_HAL_Driver/Src/stm32g4xx_hal_rcc_ex.c ****       {
 158:Drivers/STM32G4xx_HAL_Driver/Src/stm32g4xx_hal_rcc_ex.c ****         ret = HAL_TIMEOUT;
 123              		.loc 1 158 13 view .LVU35
 124 0054 0325     		movs	r5, #3
 125              	.LVL8:
 126              		.loc 1 158 13 view .LVU36
 127 0056 03E0     		b	.L5
 128              	.LVL9:
ARM GAS  /tmp/ccCVkYLU.s 			page 6


 129              	.L34:
 136:Drivers/STM32G4xx_HAL_Driver/Src/stm32g4xx_hal_rcc_ex.c ****     
 130              		.loc 1 136 22 view .LVU37
 131 0058 0023     		movs	r3, #0
 132 005a 1E46     		mov	r6, r3
 133 005c E8E7     		b	.L3
 134              	.LVL10:
 135              	.L38:
 136:Drivers/STM32G4xx_HAL_Driver/Src/stm32g4xx_hal_rcc_ex.c ****     
 136              		.loc 1 136 22 view .LVU38
 137              	.LBE2:
 127:Drivers/STM32G4xx_HAL_Driver/Src/stm32g4xx_hal_rcc_ex.c ****   HAL_StatusTypeDef status = HAL_OK;   /* Final status */
 138              		.loc 1 127 21 view .LVU39
 139 005e 0025     		movs	r5, #0
 140              	.LVL11:
 141              	.L5:
 142              	.LBB4:
 159:Drivers/STM32G4xx_HAL_Driver/Src/stm32g4xx_hal_rcc_ex.c ****         break;
 160:Drivers/STM32G4xx_HAL_Driver/Src/stm32g4xx_hal_rcc_ex.c ****       }
 161:Drivers/STM32G4xx_HAL_Driver/Src/stm32g4xx_hal_rcc_ex.c ****     }
 162:Drivers/STM32G4xx_HAL_Driver/Src/stm32g4xx_hal_rcc_ex.c **** 
 163:Drivers/STM32G4xx_HAL_Driver/Src/stm32g4xx_hal_rcc_ex.c ****     if(ret == HAL_OK)
 143              		.loc 1 163 5 is_stmt 1 view .LVU40
 144              		.loc 1 163 7 is_stmt 0 view .LVU41
 145 0060 45BB     		cbnz	r5, .L7
 164:Drivers/STM32G4xx_HAL_Driver/Src/stm32g4xx_hal_rcc_ex.c ****     { 
 165:Drivers/STM32G4xx_HAL_Driver/Src/stm32g4xx_hal_rcc_ex.c ****       /* Reset the Backup domain only if the RTC Clock source selection is modified from default */
 166:Drivers/STM32G4xx_HAL_Driver/Src/stm32g4xx_hal_rcc_ex.c ****       tmpregister = READ_BIT(RCC->BDCR, RCC_BDCR_RTCSEL);
 146              		.loc 1 166 7 is_stmt 1 view .LVU42
 147              		.loc 1 166 21 is_stmt 0 view .LVU43
 148 0062 984B     		ldr	r3, .L46
 149 0064 D3F89030 		ldr	r3, [r3, #144]
 150              	.LVL12:
 167:Drivers/STM32G4xx_HAL_Driver/Src/stm32g4xx_hal_rcc_ex.c ****       
 168:Drivers/STM32G4xx_HAL_Driver/Src/stm32g4xx_hal_rcc_ex.c ****       if((tmpregister != RCC_RTCCLKSOURCE_NONE) && (tmpregister != PeriphClkInit->RTCClockSelection
 151              		.loc 1 168 7 is_stmt 1 view .LVU44
 152              		.loc 1 168 9 is_stmt 0 view .LVU45
 153 0068 13F44073 		ands	r3, r3, #768
 154              	.LVL13:
 155              		.loc 1 168 9 view .LVU46
 156 006c 18D0     		beq	.L11
 157              		.loc 1 168 81 discriminator 1 view .LVU47
 158 006e 226C     		ldr	r2, [r4, #64]
 159              		.loc 1 168 49 discriminator 1 view .LVU48
 160 0070 9A42     		cmp	r2, r3
 161 0072 12D0     		beq	.L9
 169:Drivers/STM32G4xx_HAL_Driver/Src/stm32g4xx_hal_rcc_ex.c ****       {
 170:Drivers/STM32G4xx_HAL_Driver/Src/stm32g4xx_hal_rcc_ex.c ****         /* Store the content of BDCR register before the reset of Backup Domain */
 171:Drivers/STM32G4xx_HAL_Driver/Src/stm32g4xx_hal_rcc_ex.c ****         tmpregister = READ_BIT(RCC->BDCR, ~(RCC_BDCR_RTCSEL));
 162              		.loc 1 171 9 is_stmt 1 view .LVU49
 163              		.loc 1 171 23 is_stmt 0 view .LVU50
 164 0074 934A     		ldr	r2, .L46
 165 0076 D2F89030 		ldr	r3, [r2, #144]
 166              	.LVL14:
 167              		.loc 1 171 21 view .LVU51
 168 007a 23F44073 		bic	r3, r3, #768
 169              	.LVL15:
ARM GAS  /tmp/ccCVkYLU.s 			page 7


 172:Drivers/STM32G4xx_HAL_Driver/Src/stm32g4xx_hal_rcc_ex.c ****         /* RTC Clock selection can be changed only if the Backup Domain is reset */
 173:Drivers/STM32G4xx_HAL_Driver/Src/stm32g4xx_hal_rcc_ex.c ****         __HAL_RCC_BACKUPRESET_FORCE();
 170              		.loc 1 173 9 is_stmt 1 view .LVU52
 171 007e D2F89010 		ldr	r1, [r2, #144]
 172 0082 41F48031 		orr	r1, r1, #65536
 173 0086 C2F89010 		str	r1, [r2, #144]
 174:Drivers/STM32G4xx_HAL_Driver/Src/stm32g4xx_hal_rcc_ex.c ****         __HAL_RCC_BACKUPRESET_RELEASE();
 174              		.loc 1 174 9 view .LVU53
 175 008a D2F89010 		ldr	r1, [r2, #144]
 176 008e 21F48031 		bic	r1, r1, #65536
 177 0092 C2F89010 		str	r1, [r2, #144]
 175:Drivers/STM32G4xx_HAL_Driver/Src/stm32g4xx_hal_rcc_ex.c ****         /* Restore the Content of BDCR register */
 176:Drivers/STM32G4xx_HAL_Driver/Src/stm32g4xx_hal_rcc_ex.c ****         RCC->BDCR = tmpregister;
 178              		.loc 1 176 9 view .LVU54
 179              		.loc 1 176 19 is_stmt 0 view .LVU55
 180 0096 C2F89030 		str	r3, [r2, #144]
 181              	.L9:
 177:Drivers/STM32G4xx_HAL_Driver/Src/stm32g4xx_hal_rcc_ex.c ****       }
 178:Drivers/STM32G4xx_HAL_Driver/Src/stm32g4xx_hal_rcc_ex.c **** 
 179:Drivers/STM32G4xx_HAL_Driver/Src/stm32g4xx_hal_rcc_ex.c ****       /* Wait for LSE reactivation if LSE was enable prior to Backup Domain reset */
 180:Drivers/STM32G4xx_HAL_Driver/Src/stm32g4xx_hal_rcc_ex.c ****       if (HAL_IS_BIT_SET(tmpregister, RCC_BDCR_LSEON))
 182              		.loc 1 180 7 is_stmt 1 view .LVU56
 183              		.loc 1 180 10 is_stmt 0 view .LVU57
 184 009a 13F0010F 		tst	r3, #1
 185 009e 10D1     		bne	.L39
 186              	.LVL16:
 187              	.L11:
 181:Drivers/STM32G4xx_HAL_Driver/Src/stm32g4xx_hal_rcc_ex.c ****       {
 182:Drivers/STM32G4xx_HAL_Driver/Src/stm32g4xx_hal_rcc_ex.c ****         /* Get Start Tick*/
 183:Drivers/STM32G4xx_HAL_Driver/Src/stm32g4xx_hal_rcc_ex.c ****         tickstart = HAL_GetTick();
 184:Drivers/STM32G4xx_HAL_Driver/Src/stm32g4xx_hal_rcc_ex.c **** 
 185:Drivers/STM32G4xx_HAL_Driver/Src/stm32g4xx_hal_rcc_ex.c ****         /* Wait till LSE is ready */
 186:Drivers/STM32G4xx_HAL_Driver/Src/stm32g4xx_hal_rcc_ex.c ****         while(READ_BIT(RCC->BDCR, RCC_BDCR_LSERDY) == 0U)
 187:Drivers/STM32G4xx_HAL_Driver/Src/stm32g4xx_hal_rcc_ex.c ****         {
 188:Drivers/STM32G4xx_HAL_Driver/Src/stm32g4xx_hal_rcc_ex.c ****           if((HAL_GetTick() - tickstart) > RCC_LSE_TIMEOUT_VALUE)
 189:Drivers/STM32G4xx_HAL_Driver/Src/stm32g4xx_hal_rcc_ex.c ****           {
 190:Drivers/STM32G4xx_HAL_Driver/Src/stm32g4xx_hal_rcc_ex.c ****             ret = HAL_TIMEOUT;
 191:Drivers/STM32G4xx_HAL_Driver/Src/stm32g4xx_hal_rcc_ex.c ****             break;
 192:Drivers/STM32G4xx_HAL_Driver/Src/stm32g4xx_hal_rcc_ex.c ****           }
 193:Drivers/STM32G4xx_HAL_Driver/Src/stm32g4xx_hal_rcc_ex.c ****         }
 194:Drivers/STM32G4xx_HAL_Driver/Src/stm32g4xx_hal_rcc_ex.c ****       }
 195:Drivers/STM32G4xx_HAL_Driver/Src/stm32g4xx_hal_rcc_ex.c ****       
 196:Drivers/STM32G4xx_HAL_Driver/Src/stm32g4xx_hal_rcc_ex.c ****       if(ret == HAL_OK)
 188              		.loc 1 196 7 is_stmt 1 view .LVU58
 189              		.loc 1 196 9 is_stmt 0 view .LVU59
 190 00a0 45B9     		cbnz	r5, .L7
 197:Drivers/STM32G4xx_HAL_Driver/Src/stm32g4xx_hal_rcc_ex.c ****       {
 198:Drivers/STM32G4xx_HAL_Driver/Src/stm32g4xx_hal_rcc_ex.c ****         /* Apply new RTC clock source selection */
 199:Drivers/STM32G4xx_HAL_Driver/Src/stm32g4xx_hal_rcc_ex.c ****         __HAL_RCC_RTC_CONFIG(PeriphClkInit->RTCClockSelection);
 191              		.loc 1 199 9 is_stmt 1 view .LVU60
 192 00a2 884A     		ldr	r2, .L46
 193 00a4 D2F89030 		ldr	r3, [r2, #144]
 194 00a8 23F44073 		bic	r3, r3, #768
 195 00ac 216C     		ldr	r1, [r4, #64]
 196 00ae 0B43     		orrs	r3, r3, r1
 197 00b0 C2F89030 		str	r3, [r2, #144]
 198              	.L7:
ARM GAS  /tmp/ccCVkYLU.s 			page 8


 199              	.LVL17:
 200:Drivers/STM32G4xx_HAL_Driver/Src/stm32g4xx_hal_rcc_ex.c ****       }
 201:Drivers/STM32G4xx_HAL_Driver/Src/stm32g4xx_hal_rcc_ex.c ****       else
 202:Drivers/STM32G4xx_HAL_Driver/Src/stm32g4xx_hal_rcc_ex.c ****       {
 203:Drivers/STM32G4xx_HAL_Driver/Src/stm32g4xx_hal_rcc_ex.c ****         /* set overall return value */
 204:Drivers/STM32G4xx_HAL_Driver/Src/stm32g4xx_hal_rcc_ex.c ****         status = ret;
 205:Drivers/STM32G4xx_HAL_Driver/Src/stm32g4xx_hal_rcc_ex.c ****       }
 206:Drivers/STM32G4xx_HAL_Driver/Src/stm32g4xx_hal_rcc_ex.c ****     }
 207:Drivers/STM32G4xx_HAL_Driver/Src/stm32g4xx_hal_rcc_ex.c ****     else
 208:Drivers/STM32G4xx_HAL_Driver/Src/stm32g4xx_hal_rcc_ex.c ****     {
 209:Drivers/STM32G4xx_HAL_Driver/Src/stm32g4xx_hal_rcc_ex.c ****       /* set overall return value */
 210:Drivers/STM32G4xx_HAL_Driver/Src/stm32g4xx_hal_rcc_ex.c ****       status = ret;
 211:Drivers/STM32G4xx_HAL_Driver/Src/stm32g4xx_hal_rcc_ex.c ****     }
 212:Drivers/STM32G4xx_HAL_Driver/Src/stm32g4xx_hal_rcc_ex.c **** 
 213:Drivers/STM32G4xx_HAL_Driver/Src/stm32g4xx_hal_rcc_ex.c ****     /* Restore clock configuration if changed */
 214:Drivers/STM32G4xx_HAL_Driver/Src/stm32g4xx_hal_rcc_ex.c ****     if(pwrclkchanged == SET)
 200              		.loc 1 214 5 view .LVU61
 201              		.loc 1 214 7 is_stmt 0 view .LVU62
 202 00b4 C6B1     		cbz	r6, .L2
 215:Drivers/STM32G4xx_HAL_Driver/Src/stm32g4xx_hal_rcc_ex.c ****     {
 216:Drivers/STM32G4xx_HAL_Driver/Src/stm32g4xx_hal_rcc_ex.c ****       __HAL_RCC_PWR_CLK_DISABLE();
 203              		.loc 1 216 7 is_stmt 1 view .LVU63
 204 00b6 834A     		ldr	r2, .L46
 205 00b8 936D     		ldr	r3, [r2, #88]
 206 00ba 23F08053 		bic	r3, r3, #268435456
 207 00be 9365     		str	r3, [r2, #88]
 208 00c0 12E0     		b	.L2
 209              	.LVL18:
 210              	.L39:
 183:Drivers/STM32G4xx_HAL_Driver/Src/stm32g4xx_hal_rcc_ex.c **** 
 211              		.loc 1 183 9 view .LVU64
 183:Drivers/STM32G4xx_HAL_Driver/Src/stm32g4xx_hal_rcc_ex.c **** 
 212              		.loc 1 183 21 is_stmt 0 view .LVU65
 213 00c2 FFF7FEFF 		bl	HAL_GetTick
 214              	.LVL19:
 183:Drivers/STM32G4xx_HAL_Driver/Src/stm32g4xx_hal_rcc_ex.c **** 
 215              		.loc 1 183 21 view .LVU66
 216 00c6 0746     		mov	r7, r0
 217              	.LVL20:
 186:Drivers/STM32G4xx_HAL_Driver/Src/stm32g4xx_hal_rcc_ex.c ****         {
 218              		.loc 1 186 9 is_stmt 1 view .LVU67
 219              	.L12:
 186:Drivers/STM32G4xx_HAL_Driver/Src/stm32g4xx_hal_rcc_ex.c ****         {
 220              		.loc 1 186 52 discriminator 1 view .LVU68
 186:Drivers/STM32G4xx_HAL_Driver/Src/stm32g4xx_hal_rcc_ex.c ****         {
 221              		.loc 1 186 15 is_stmt 0 discriminator 1 view .LVU69
 222 00c8 7E4B     		ldr	r3, .L46
 223 00ca D3F89030 		ldr	r3, [r3, #144]
 186:Drivers/STM32G4xx_HAL_Driver/Src/stm32g4xx_hal_rcc_ex.c ****         {
 224              		.loc 1 186 52 discriminator 1 view .LVU70
 225 00ce 13F0020F 		tst	r3, #2
 226 00d2 E5D1     		bne	.L11
 188:Drivers/STM32G4xx_HAL_Driver/Src/stm32g4xx_hal_rcc_ex.c ****           {
 227              		.loc 1 188 11 is_stmt 1 view .LVU71
 188:Drivers/STM32G4xx_HAL_Driver/Src/stm32g4xx_hal_rcc_ex.c ****           {
 228              		.loc 1 188 15 is_stmt 0 view .LVU72
 229 00d4 FFF7FEFF 		bl	HAL_GetTick
ARM GAS  /tmp/ccCVkYLU.s 			page 9


 230              	.LVL21:
 188:Drivers/STM32G4xx_HAL_Driver/Src/stm32g4xx_hal_rcc_ex.c ****           {
 231              		.loc 1 188 29 discriminator 1 view .LVU73
 232 00d8 C01B     		subs	r0, r0, r7
 188:Drivers/STM32G4xx_HAL_Driver/Src/stm32g4xx_hal_rcc_ex.c ****           {
 233              		.loc 1 188 13 discriminator 1 view .LVU74
 234 00da 41F28833 		movw	r3, #5000
 235 00de 9842     		cmp	r0, r3
 236 00e0 F2D9     		bls	.L12
 190:Drivers/STM32G4xx_HAL_Driver/Src/stm32g4xx_hal_rcc_ex.c ****             break;
 237              		.loc 1 190 17 view .LVU75
 238 00e2 0325     		movs	r5, #3
 239              	.LVL22:
 190:Drivers/STM32G4xx_HAL_Driver/Src/stm32g4xx_hal_rcc_ex.c ****             break;
 240              		.loc 1 190 17 view .LVU76
 241 00e4 DCE7     		b	.L11
 242              	.LVL23:
 243              	.L33:
 190:Drivers/STM32G4xx_HAL_Driver/Src/stm32g4xx_hal_rcc_ex.c ****             break;
 244              		.loc 1 190 17 view .LVU77
 245              	.LBE4:
 128:Drivers/STM32G4xx_HAL_Driver/Src/stm32g4xx_hal_rcc_ex.c **** 
 246              		.loc 1 128 21 view .LVU78
 247 00e6 0025     		movs	r5, #0
 248              	.LVL24:
 249              	.L2:
 217:Drivers/STM32G4xx_HAL_Driver/Src/stm32g4xx_hal_rcc_ex.c ****     }
 218:Drivers/STM32G4xx_HAL_Driver/Src/stm32g4xx_hal_rcc_ex.c ****   }
 219:Drivers/STM32G4xx_HAL_Driver/Src/stm32g4xx_hal_rcc_ex.c **** 
 220:Drivers/STM32G4xx_HAL_Driver/Src/stm32g4xx_hal_rcc_ex.c ****   /*-------------------------- USART1 clock source configuration -------------------*/
 221:Drivers/STM32G4xx_HAL_Driver/Src/stm32g4xx_hal_rcc_ex.c ****   if(((PeriphClkInit->PeriphClockSelection) & RCC_PERIPHCLK_USART1) == RCC_PERIPHCLK_USART1)
 250              		.loc 1 221 3 is_stmt 1 view .LVU79
 251              		.loc 1 221 21 is_stmt 0 view .LVU80
 252 00e8 2368     		ldr	r3, [r4]
 253              		.loc 1 221 5 view .LVU81
 254 00ea 13F0010F 		tst	r3, #1
 255 00ee 08D0     		beq	.L18
 222:Drivers/STM32G4xx_HAL_Driver/Src/stm32g4xx_hal_rcc_ex.c ****   {
 223:Drivers/STM32G4xx_HAL_Driver/Src/stm32g4xx_hal_rcc_ex.c ****     /* Check the parameters */
 224:Drivers/STM32G4xx_HAL_Driver/Src/stm32g4xx_hal_rcc_ex.c ****     assert_param(IS_RCC_USART1CLKSOURCE(PeriphClkInit->Usart1ClockSelection));
 256              		.loc 1 224 5 is_stmt 1 view .LVU82
 225:Drivers/STM32G4xx_HAL_Driver/Src/stm32g4xx_hal_rcc_ex.c **** 
 226:Drivers/STM32G4xx_HAL_Driver/Src/stm32g4xx_hal_rcc_ex.c ****     /* Configure the USART1 clock source */
 227:Drivers/STM32G4xx_HAL_Driver/Src/stm32g4xx_hal_rcc_ex.c ****     __HAL_RCC_USART1_CONFIG(PeriphClkInit->Usart1ClockSelection);
 257              		.loc 1 227 5 view .LVU83
 258 00f0 744A     		ldr	r2, .L46
 259 00f2 D2F88830 		ldr	r3, [r2, #136]
 260 00f6 23F00303 		bic	r3, r3, #3
 261 00fa 6168     		ldr	r1, [r4, #4]
 262 00fc 0B43     		orrs	r3, r3, r1
 263 00fe C2F88830 		str	r3, [r2, #136]
 264              	.L18:
 228:Drivers/STM32G4xx_HAL_Driver/Src/stm32g4xx_hal_rcc_ex.c ****   }
 229:Drivers/STM32G4xx_HAL_Driver/Src/stm32g4xx_hal_rcc_ex.c **** 
 230:Drivers/STM32G4xx_HAL_Driver/Src/stm32g4xx_hal_rcc_ex.c ****   /*-------------------------- USART2 clock source configuration -------------------*/
 231:Drivers/STM32G4xx_HAL_Driver/Src/stm32g4xx_hal_rcc_ex.c ****   if(((PeriphClkInit->PeriphClockSelection) & RCC_PERIPHCLK_USART2) == RCC_PERIPHCLK_USART2)
 265              		.loc 1 231 3 view .LVU84
ARM GAS  /tmp/ccCVkYLU.s 			page 10


 266              		.loc 1 231 21 is_stmt 0 view .LVU85
 267 0102 2368     		ldr	r3, [r4]
 268              		.loc 1 231 5 view .LVU86
 269 0104 13F0020F 		tst	r3, #2
 270 0108 08D0     		beq	.L19
 232:Drivers/STM32G4xx_HAL_Driver/Src/stm32g4xx_hal_rcc_ex.c ****   {
 233:Drivers/STM32G4xx_HAL_Driver/Src/stm32g4xx_hal_rcc_ex.c ****     /* Check the parameters */
 234:Drivers/STM32G4xx_HAL_Driver/Src/stm32g4xx_hal_rcc_ex.c ****     assert_param(IS_RCC_USART2CLKSOURCE(PeriphClkInit->Usart2ClockSelection));
 271              		.loc 1 234 5 is_stmt 1 view .LVU87
 235:Drivers/STM32G4xx_HAL_Driver/Src/stm32g4xx_hal_rcc_ex.c **** 
 236:Drivers/STM32G4xx_HAL_Driver/Src/stm32g4xx_hal_rcc_ex.c ****     /* Configure the USART2 clock source */
 237:Drivers/STM32G4xx_HAL_Driver/Src/stm32g4xx_hal_rcc_ex.c ****     __HAL_RCC_USART2_CONFIG(PeriphClkInit->Usart2ClockSelection);
 272              		.loc 1 237 5 view .LVU88
 273 010a 6E4A     		ldr	r2, .L46
 274 010c D2F88830 		ldr	r3, [r2, #136]
 275 0110 23F00C03 		bic	r3, r3, #12
 276 0114 A168     		ldr	r1, [r4, #8]
 277 0116 0B43     		orrs	r3, r3, r1
 278 0118 C2F88830 		str	r3, [r2, #136]
 279              	.L19:
 238:Drivers/STM32G4xx_HAL_Driver/Src/stm32g4xx_hal_rcc_ex.c ****   }
 239:Drivers/STM32G4xx_HAL_Driver/Src/stm32g4xx_hal_rcc_ex.c **** 
 240:Drivers/STM32G4xx_HAL_Driver/Src/stm32g4xx_hal_rcc_ex.c **** #if defined(USART3)
 241:Drivers/STM32G4xx_HAL_Driver/Src/stm32g4xx_hal_rcc_ex.c **** 
 242:Drivers/STM32G4xx_HAL_Driver/Src/stm32g4xx_hal_rcc_ex.c ****   /*-------------------------- USART3 clock source configuration -------------------*/
 243:Drivers/STM32G4xx_HAL_Driver/Src/stm32g4xx_hal_rcc_ex.c ****   if(((PeriphClkInit->PeriphClockSelection) & RCC_PERIPHCLK_USART3) == RCC_PERIPHCLK_USART3)
 280              		.loc 1 243 3 view .LVU89
 281              		.loc 1 243 21 is_stmt 0 view .LVU90
 282 011c 2368     		ldr	r3, [r4]
 283              		.loc 1 243 5 view .LVU91
 284 011e 13F0040F 		tst	r3, #4
 285 0122 08D0     		beq	.L20
 244:Drivers/STM32G4xx_HAL_Driver/Src/stm32g4xx_hal_rcc_ex.c ****   {
 245:Drivers/STM32G4xx_HAL_Driver/Src/stm32g4xx_hal_rcc_ex.c ****     /* Check the parameters */
 246:Drivers/STM32G4xx_HAL_Driver/Src/stm32g4xx_hal_rcc_ex.c ****     assert_param(IS_RCC_USART3CLKSOURCE(PeriphClkInit->Usart3ClockSelection));
 286              		.loc 1 246 5 is_stmt 1 view .LVU92
 247:Drivers/STM32G4xx_HAL_Driver/Src/stm32g4xx_hal_rcc_ex.c **** 
 248:Drivers/STM32G4xx_HAL_Driver/Src/stm32g4xx_hal_rcc_ex.c ****     /* Configure the USART3 clock source */
 249:Drivers/STM32G4xx_HAL_Driver/Src/stm32g4xx_hal_rcc_ex.c ****     __HAL_RCC_USART3_CONFIG(PeriphClkInit->Usart3ClockSelection);
 287              		.loc 1 249 5 view .LVU93
 288 0124 674A     		ldr	r2, .L46
 289 0126 D2F88830 		ldr	r3, [r2, #136]
 290 012a 23F03003 		bic	r3, r3, #48
 291 012e E168     		ldr	r1, [r4, #12]
 292 0130 0B43     		orrs	r3, r3, r1
 293 0132 C2F88830 		str	r3, [r2, #136]
 294              	.L20:
 250:Drivers/STM32G4xx_HAL_Driver/Src/stm32g4xx_hal_rcc_ex.c ****   }
 251:Drivers/STM32G4xx_HAL_Driver/Src/stm32g4xx_hal_rcc_ex.c **** 
 252:Drivers/STM32G4xx_HAL_Driver/Src/stm32g4xx_hal_rcc_ex.c **** #endif /* USART3 */
 253:Drivers/STM32G4xx_HAL_Driver/Src/stm32g4xx_hal_rcc_ex.c **** 
 254:Drivers/STM32G4xx_HAL_Driver/Src/stm32g4xx_hal_rcc_ex.c **** #if defined(UART4)
 255:Drivers/STM32G4xx_HAL_Driver/Src/stm32g4xx_hal_rcc_ex.c ****   /*-------------------------- UART4 clock source configuration --------------------*/
 256:Drivers/STM32G4xx_HAL_Driver/Src/stm32g4xx_hal_rcc_ex.c ****   if(((PeriphClkInit->PeriphClockSelection) & RCC_PERIPHCLK_UART4) == RCC_PERIPHCLK_UART4)
 295              		.loc 1 256 3 view .LVU94
 296              		.loc 1 256 21 is_stmt 0 view .LVU95
 297 0136 2368     		ldr	r3, [r4]
ARM GAS  /tmp/ccCVkYLU.s 			page 11


 298              		.loc 1 256 5 view .LVU96
 299 0138 13F0080F 		tst	r3, #8
 300 013c 08D0     		beq	.L21
 257:Drivers/STM32G4xx_HAL_Driver/Src/stm32g4xx_hal_rcc_ex.c ****   {
 258:Drivers/STM32G4xx_HAL_Driver/Src/stm32g4xx_hal_rcc_ex.c ****     /* Check the parameters */
 259:Drivers/STM32G4xx_HAL_Driver/Src/stm32g4xx_hal_rcc_ex.c ****     assert_param(IS_RCC_UART4CLKSOURCE(PeriphClkInit->Uart4ClockSelection));
 301              		.loc 1 259 5 is_stmt 1 view .LVU97
 260:Drivers/STM32G4xx_HAL_Driver/Src/stm32g4xx_hal_rcc_ex.c **** 
 261:Drivers/STM32G4xx_HAL_Driver/Src/stm32g4xx_hal_rcc_ex.c ****     /* Configure the UART4 clock source */
 262:Drivers/STM32G4xx_HAL_Driver/Src/stm32g4xx_hal_rcc_ex.c ****     __HAL_RCC_UART4_CONFIG(PeriphClkInit->Uart4ClockSelection);
 302              		.loc 1 262 5 view .LVU98
 303 013e 614A     		ldr	r2, .L46
 304 0140 D2F88830 		ldr	r3, [r2, #136]
 305 0144 23F0C003 		bic	r3, r3, #192
 306 0148 2169     		ldr	r1, [r4, #16]
 307 014a 0B43     		orrs	r3, r3, r1
 308 014c C2F88830 		str	r3, [r2, #136]
 309              	.L21:
 263:Drivers/STM32G4xx_HAL_Driver/Src/stm32g4xx_hal_rcc_ex.c ****   }
 264:Drivers/STM32G4xx_HAL_Driver/Src/stm32g4xx_hal_rcc_ex.c **** #endif /* UART4 */
 265:Drivers/STM32G4xx_HAL_Driver/Src/stm32g4xx_hal_rcc_ex.c **** 
 266:Drivers/STM32G4xx_HAL_Driver/Src/stm32g4xx_hal_rcc_ex.c **** #if defined(UART5)
 267:Drivers/STM32G4xx_HAL_Driver/Src/stm32g4xx_hal_rcc_ex.c **** 
 268:Drivers/STM32G4xx_HAL_Driver/Src/stm32g4xx_hal_rcc_ex.c ****   /*-------------------------- UART5 clock source configuration --------------------*/
 269:Drivers/STM32G4xx_HAL_Driver/Src/stm32g4xx_hal_rcc_ex.c ****   if(((PeriphClkInit->PeriphClockSelection) & RCC_PERIPHCLK_UART5) == RCC_PERIPHCLK_UART5)
 270:Drivers/STM32G4xx_HAL_Driver/Src/stm32g4xx_hal_rcc_ex.c ****   {
 271:Drivers/STM32G4xx_HAL_Driver/Src/stm32g4xx_hal_rcc_ex.c ****     /* Check the parameters */
 272:Drivers/STM32G4xx_HAL_Driver/Src/stm32g4xx_hal_rcc_ex.c ****     assert_param(IS_RCC_UART5CLKSOURCE(PeriphClkInit->Uart5ClockSelection));
 273:Drivers/STM32G4xx_HAL_Driver/Src/stm32g4xx_hal_rcc_ex.c **** 
 274:Drivers/STM32G4xx_HAL_Driver/Src/stm32g4xx_hal_rcc_ex.c ****     /* Configure the UART5 clock source */
 275:Drivers/STM32G4xx_HAL_Driver/Src/stm32g4xx_hal_rcc_ex.c ****     __HAL_RCC_UART5_CONFIG(PeriphClkInit->Uart5ClockSelection);
 276:Drivers/STM32G4xx_HAL_Driver/Src/stm32g4xx_hal_rcc_ex.c ****   }
 277:Drivers/STM32G4xx_HAL_Driver/Src/stm32g4xx_hal_rcc_ex.c **** 
 278:Drivers/STM32G4xx_HAL_Driver/Src/stm32g4xx_hal_rcc_ex.c **** #endif /* UART5 */
 279:Drivers/STM32G4xx_HAL_Driver/Src/stm32g4xx_hal_rcc_ex.c **** 
 280:Drivers/STM32G4xx_HAL_Driver/Src/stm32g4xx_hal_rcc_ex.c ****   /*-------------------------- LPUART1 clock source configuration ------------------*/
 281:Drivers/STM32G4xx_HAL_Driver/Src/stm32g4xx_hal_rcc_ex.c ****   if(((PeriphClkInit->PeriphClockSelection) & RCC_PERIPHCLK_LPUART1) == RCC_PERIPHCLK_LPUART1)
 310              		.loc 1 281 3 view .LVU99
 311              		.loc 1 281 21 is_stmt 0 view .LVU100
 312 0150 2368     		ldr	r3, [r4]
 313              		.loc 1 281 5 view .LVU101
 314 0152 13F0200F 		tst	r3, #32
 315 0156 08D0     		beq	.L22
 282:Drivers/STM32G4xx_HAL_Driver/Src/stm32g4xx_hal_rcc_ex.c ****   {
 283:Drivers/STM32G4xx_HAL_Driver/Src/stm32g4xx_hal_rcc_ex.c ****     /* Check the parameters */
 284:Drivers/STM32G4xx_HAL_Driver/Src/stm32g4xx_hal_rcc_ex.c ****     assert_param(IS_RCC_LPUART1CLKSOURCE(PeriphClkInit->Lpuart1ClockSelection));
 316              		.loc 1 284 5 is_stmt 1 view .LVU102
 285:Drivers/STM32G4xx_HAL_Driver/Src/stm32g4xx_hal_rcc_ex.c **** 
 286:Drivers/STM32G4xx_HAL_Driver/Src/stm32g4xx_hal_rcc_ex.c ****     /* Configure the LPUAR1 clock source */
 287:Drivers/STM32G4xx_HAL_Driver/Src/stm32g4xx_hal_rcc_ex.c ****     __HAL_RCC_LPUART1_CONFIG(PeriphClkInit->Lpuart1ClockSelection);
 317              		.loc 1 287 5 view .LVU103
 318 0158 5A4A     		ldr	r2, .L46
 319 015a D2F88830 		ldr	r3, [r2, #136]
 320 015e 23F44063 		bic	r3, r3, #3072
 321 0162 6169     		ldr	r1, [r4, #20]
 322 0164 0B43     		orrs	r3, r3, r1
 323 0166 C2F88830 		str	r3, [r2, #136]
ARM GAS  /tmp/ccCVkYLU.s 			page 12


 324              	.L22:
 288:Drivers/STM32G4xx_HAL_Driver/Src/stm32g4xx_hal_rcc_ex.c ****   }
 289:Drivers/STM32G4xx_HAL_Driver/Src/stm32g4xx_hal_rcc_ex.c **** 
 290:Drivers/STM32G4xx_HAL_Driver/Src/stm32g4xx_hal_rcc_ex.c ****   /*-------------------------- I2C1 clock source configuration ---------------------*/
 291:Drivers/STM32G4xx_HAL_Driver/Src/stm32g4xx_hal_rcc_ex.c ****   if(((PeriphClkInit->PeriphClockSelection) & RCC_PERIPHCLK_I2C1) == RCC_PERIPHCLK_I2C1)
 325              		.loc 1 291 3 view .LVU104
 326              		.loc 1 291 21 is_stmt 0 view .LVU105
 327 016a 2368     		ldr	r3, [r4]
 328              		.loc 1 291 5 view .LVU106
 329 016c 13F0400F 		tst	r3, #64
 330 0170 08D0     		beq	.L23
 292:Drivers/STM32G4xx_HAL_Driver/Src/stm32g4xx_hal_rcc_ex.c ****   {
 293:Drivers/STM32G4xx_HAL_Driver/Src/stm32g4xx_hal_rcc_ex.c ****     /* Check the parameters */
 294:Drivers/STM32G4xx_HAL_Driver/Src/stm32g4xx_hal_rcc_ex.c ****     assert_param(IS_RCC_I2C1CLKSOURCE(PeriphClkInit->I2c1ClockSelection));
 331              		.loc 1 294 5 is_stmt 1 view .LVU107
 295:Drivers/STM32G4xx_HAL_Driver/Src/stm32g4xx_hal_rcc_ex.c **** 
 296:Drivers/STM32G4xx_HAL_Driver/Src/stm32g4xx_hal_rcc_ex.c ****     /* Configure the I2C1 clock source */
 297:Drivers/STM32G4xx_HAL_Driver/Src/stm32g4xx_hal_rcc_ex.c ****     __HAL_RCC_I2C1_CONFIG(PeriphClkInit->I2c1ClockSelection);
 332              		.loc 1 297 5 view .LVU108
 333 0172 544A     		ldr	r2, .L46
 334 0174 D2F88830 		ldr	r3, [r2, #136]
 335 0178 23F44053 		bic	r3, r3, #12288
 336 017c A169     		ldr	r1, [r4, #24]
 337 017e 0B43     		orrs	r3, r3, r1
 338 0180 C2F88830 		str	r3, [r2, #136]
 339              	.L23:
 298:Drivers/STM32G4xx_HAL_Driver/Src/stm32g4xx_hal_rcc_ex.c ****   }
 299:Drivers/STM32G4xx_HAL_Driver/Src/stm32g4xx_hal_rcc_ex.c **** 
 300:Drivers/STM32G4xx_HAL_Driver/Src/stm32g4xx_hal_rcc_ex.c ****   /*-------------------------- I2C2 clock source configuration ---------------------*/
 301:Drivers/STM32G4xx_HAL_Driver/Src/stm32g4xx_hal_rcc_ex.c ****   if(((PeriphClkInit->PeriphClockSelection) & RCC_PERIPHCLK_I2C2) == RCC_PERIPHCLK_I2C2)
 340              		.loc 1 301 3 view .LVU109
 341              		.loc 1 301 21 is_stmt 0 view .LVU110
 342 0184 2368     		ldr	r3, [r4]
 343              		.loc 1 301 5 view .LVU111
 344 0186 13F0800F 		tst	r3, #128
 345 018a 08D0     		beq	.L24
 302:Drivers/STM32G4xx_HAL_Driver/Src/stm32g4xx_hal_rcc_ex.c ****   {
 303:Drivers/STM32G4xx_HAL_Driver/Src/stm32g4xx_hal_rcc_ex.c ****     /* Check the parameters */
 304:Drivers/STM32G4xx_HAL_Driver/Src/stm32g4xx_hal_rcc_ex.c ****     assert_param(IS_RCC_I2C2CLKSOURCE(PeriphClkInit->I2c2ClockSelection));
 346              		.loc 1 304 5 is_stmt 1 view .LVU112
 305:Drivers/STM32G4xx_HAL_Driver/Src/stm32g4xx_hal_rcc_ex.c **** 
 306:Drivers/STM32G4xx_HAL_Driver/Src/stm32g4xx_hal_rcc_ex.c ****     /* Configure the I2C2 clock source */
 307:Drivers/STM32G4xx_HAL_Driver/Src/stm32g4xx_hal_rcc_ex.c ****     __HAL_RCC_I2C2_CONFIG(PeriphClkInit->I2c2ClockSelection);
 347              		.loc 1 307 5 view .LVU113
 348 018c 4D4A     		ldr	r2, .L46
 349 018e D2F88830 		ldr	r3, [r2, #136]
 350 0192 23F44043 		bic	r3, r3, #49152
 351 0196 E169     		ldr	r1, [r4, #28]
 352 0198 0B43     		orrs	r3, r3, r1
 353 019a C2F88830 		str	r3, [r2, #136]
 354              	.L24:
 308:Drivers/STM32G4xx_HAL_Driver/Src/stm32g4xx_hal_rcc_ex.c ****   }
 309:Drivers/STM32G4xx_HAL_Driver/Src/stm32g4xx_hal_rcc_ex.c **** #if defined(I2C3)
 310:Drivers/STM32G4xx_HAL_Driver/Src/stm32g4xx_hal_rcc_ex.c **** 
 311:Drivers/STM32G4xx_HAL_Driver/Src/stm32g4xx_hal_rcc_ex.c ****   /*-------------------------- I2C3 clock source configuration ---------------------*/
 312:Drivers/STM32G4xx_HAL_Driver/Src/stm32g4xx_hal_rcc_ex.c ****   if(((PeriphClkInit->PeriphClockSelection) & RCC_PERIPHCLK_I2C3) == RCC_PERIPHCLK_I2C3)
 355              		.loc 1 312 3 view .LVU114
ARM GAS  /tmp/ccCVkYLU.s 			page 13


 356              		.loc 1 312 21 is_stmt 0 view .LVU115
 357 019e 2368     		ldr	r3, [r4]
 358              		.loc 1 312 5 view .LVU116
 359 01a0 13F4807F 		tst	r3, #256
 360 01a4 08D0     		beq	.L25
 313:Drivers/STM32G4xx_HAL_Driver/Src/stm32g4xx_hal_rcc_ex.c ****   {
 314:Drivers/STM32G4xx_HAL_Driver/Src/stm32g4xx_hal_rcc_ex.c ****     /* Check the parameters */
 315:Drivers/STM32G4xx_HAL_Driver/Src/stm32g4xx_hal_rcc_ex.c ****     assert_param(IS_RCC_I2C3CLKSOURCE(PeriphClkInit->I2c3ClockSelection));
 361              		.loc 1 315 5 is_stmt 1 view .LVU117
 316:Drivers/STM32G4xx_HAL_Driver/Src/stm32g4xx_hal_rcc_ex.c **** 
 317:Drivers/STM32G4xx_HAL_Driver/Src/stm32g4xx_hal_rcc_ex.c ****     /* Configure the I2C3 clock source */
 318:Drivers/STM32G4xx_HAL_Driver/Src/stm32g4xx_hal_rcc_ex.c ****     __HAL_RCC_I2C3_CONFIG(PeriphClkInit->I2c3ClockSelection);
 362              		.loc 1 318 5 view .LVU118
 363 01a6 474A     		ldr	r2, .L46
 364 01a8 D2F88830 		ldr	r3, [r2, #136]
 365 01ac 23F44033 		bic	r3, r3, #196608
 366 01b0 216A     		ldr	r1, [r4, #32]
 367 01b2 0B43     		orrs	r3, r3, r1
 368 01b4 C2F88830 		str	r3, [r2, #136]
 369              	.L25:
 319:Drivers/STM32G4xx_HAL_Driver/Src/stm32g4xx_hal_rcc_ex.c ****   }
 320:Drivers/STM32G4xx_HAL_Driver/Src/stm32g4xx_hal_rcc_ex.c **** 
 321:Drivers/STM32G4xx_HAL_Driver/Src/stm32g4xx_hal_rcc_ex.c **** #endif /* I2C3 */
 322:Drivers/STM32G4xx_HAL_Driver/Src/stm32g4xx_hal_rcc_ex.c **** #if defined(I2C4)
 323:Drivers/STM32G4xx_HAL_Driver/Src/stm32g4xx_hal_rcc_ex.c **** 
 324:Drivers/STM32G4xx_HAL_Driver/Src/stm32g4xx_hal_rcc_ex.c ****   /*-------------------------- I2C4 clock source configuration ---------------------*/
 325:Drivers/STM32G4xx_HAL_Driver/Src/stm32g4xx_hal_rcc_ex.c ****   if(((PeriphClkInit->PeriphClockSelection) & RCC_PERIPHCLK_I2C4) == RCC_PERIPHCLK_I2C4)
 326:Drivers/STM32G4xx_HAL_Driver/Src/stm32g4xx_hal_rcc_ex.c ****   {
 327:Drivers/STM32G4xx_HAL_Driver/Src/stm32g4xx_hal_rcc_ex.c ****     /* Check the parameters */
 328:Drivers/STM32G4xx_HAL_Driver/Src/stm32g4xx_hal_rcc_ex.c ****     assert_param(IS_RCC_I2C4CLKSOURCE(PeriphClkInit->I2c4ClockSelection));
 329:Drivers/STM32G4xx_HAL_Driver/Src/stm32g4xx_hal_rcc_ex.c **** 
 330:Drivers/STM32G4xx_HAL_Driver/Src/stm32g4xx_hal_rcc_ex.c ****     /* Configure the I2C4 clock source */
 331:Drivers/STM32G4xx_HAL_Driver/Src/stm32g4xx_hal_rcc_ex.c ****     __HAL_RCC_I2C4_CONFIG(PeriphClkInit->I2c4ClockSelection);
 332:Drivers/STM32G4xx_HAL_Driver/Src/stm32g4xx_hal_rcc_ex.c ****   }
 333:Drivers/STM32G4xx_HAL_Driver/Src/stm32g4xx_hal_rcc_ex.c **** 
 334:Drivers/STM32G4xx_HAL_Driver/Src/stm32g4xx_hal_rcc_ex.c **** #endif /* I2C4 */
 335:Drivers/STM32G4xx_HAL_Driver/Src/stm32g4xx_hal_rcc_ex.c **** 
 336:Drivers/STM32G4xx_HAL_Driver/Src/stm32g4xx_hal_rcc_ex.c ****   /*-------------------------- LPTIM1 clock source configuration ---------------------*/
 337:Drivers/STM32G4xx_HAL_Driver/Src/stm32g4xx_hal_rcc_ex.c ****   if(((PeriphClkInit->PeriphClockSelection) & RCC_PERIPHCLK_LPTIM1) == RCC_PERIPHCLK_LPTIM1)
 370              		.loc 1 337 3 view .LVU119
 371              		.loc 1 337 21 is_stmt 0 view .LVU120
 372 01b8 2368     		ldr	r3, [r4]
 373              		.loc 1 337 5 view .LVU121
 374 01ba 13F4007F 		tst	r3, #512
 375 01be 08D0     		beq	.L26
 338:Drivers/STM32G4xx_HAL_Driver/Src/stm32g4xx_hal_rcc_ex.c ****   {
 339:Drivers/STM32G4xx_HAL_Driver/Src/stm32g4xx_hal_rcc_ex.c ****     /* Check the parameters */
 340:Drivers/STM32G4xx_HAL_Driver/Src/stm32g4xx_hal_rcc_ex.c ****     assert_param(IS_RCC_LPTIM1CLKSOURCE(PeriphClkInit->Lptim1ClockSelection));
 376              		.loc 1 340 5 is_stmt 1 view .LVU122
 341:Drivers/STM32G4xx_HAL_Driver/Src/stm32g4xx_hal_rcc_ex.c **** 
 342:Drivers/STM32G4xx_HAL_Driver/Src/stm32g4xx_hal_rcc_ex.c ****     /* Configure the LPTIM1 clock source */
 343:Drivers/STM32G4xx_HAL_Driver/Src/stm32g4xx_hal_rcc_ex.c ****     __HAL_RCC_LPTIM1_CONFIG(PeriphClkInit->Lptim1ClockSelection);
 377              		.loc 1 343 5 view .LVU123
 378 01c0 404A     		ldr	r2, .L46
 379 01c2 D2F88830 		ldr	r3, [r2, #136]
 380 01c6 23F44023 		bic	r3, r3, #786432
 381 01ca 616A     		ldr	r1, [r4, #36]
ARM GAS  /tmp/ccCVkYLU.s 			page 14


 382 01cc 0B43     		orrs	r3, r3, r1
 383 01ce C2F88830 		str	r3, [r2, #136]
 384              	.L26:
 344:Drivers/STM32G4xx_HAL_Driver/Src/stm32g4xx_hal_rcc_ex.c ****   }
 345:Drivers/STM32G4xx_HAL_Driver/Src/stm32g4xx_hal_rcc_ex.c **** 
 346:Drivers/STM32G4xx_HAL_Driver/Src/stm32g4xx_hal_rcc_ex.c **** #if defined(SAI1) 
 347:Drivers/STM32G4xx_HAL_Driver/Src/stm32g4xx_hal_rcc_ex.c ****   /*-------------------------- SAI1 clock source configuration ---------------------*/
 348:Drivers/STM32G4xx_HAL_Driver/Src/stm32g4xx_hal_rcc_ex.c ****   if(((PeriphClkInit->PeriphClockSelection) & RCC_PERIPHCLK_SAI1) == RCC_PERIPHCLK_SAI1)
 385              		.loc 1 348 3 view .LVU124
 386              		.loc 1 348 21 is_stmt 0 view .LVU125
 387 01d2 2368     		ldr	r3, [r4]
 388              		.loc 1 348 5 view .LVU126
 389 01d4 13F4806F 		tst	r3, #1024
 390 01d8 0CD0     		beq	.L27
 349:Drivers/STM32G4xx_HAL_Driver/Src/stm32g4xx_hal_rcc_ex.c ****   {
 350:Drivers/STM32G4xx_HAL_Driver/Src/stm32g4xx_hal_rcc_ex.c ****     /* Check the parameters */
 351:Drivers/STM32G4xx_HAL_Driver/Src/stm32g4xx_hal_rcc_ex.c ****     assert_param(IS_RCC_SAI1CLKSOURCE(PeriphClkInit->Sai1ClockSelection));
 391              		.loc 1 351 5 is_stmt 1 view .LVU127
 352:Drivers/STM32G4xx_HAL_Driver/Src/stm32g4xx_hal_rcc_ex.c **** 
 353:Drivers/STM32G4xx_HAL_Driver/Src/stm32g4xx_hal_rcc_ex.c ****     /* Configure the SAI1 interface clock source */
 354:Drivers/STM32G4xx_HAL_Driver/Src/stm32g4xx_hal_rcc_ex.c ****     __HAL_RCC_SAI1_CONFIG(PeriphClkInit->Sai1ClockSelection);
 392              		.loc 1 354 5 view .LVU128
 393 01da 3A4A     		ldr	r2, .L46
 394 01dc D2F88830 		ldr	r3, [r2, #136]
 395 01e0 23F44013 		bic	r3, r3, #3145728
 396 01e4 A16A     		ldr	r1, [r4, #40]
 397 01e6 0B43     		orrs	r3, r3, r1
 398 01e8 C2F88830 		str	r3, [r2, #136]
 355:Drivers/STM32G4xx_HAL_Driver/Src/stm32g4xx_hal_rcc_ex.c ****     
 356:Drivers/STM32G4xx_HAL_Driver/Src/stm32g4xx_hal_rcc_ex.c ****     if(PeriphClkInit->Sai1ClockSelection == RCC_SAI1CLKSOURCE_PLL)
 399              		.loc 1 356 5 view .LVU129
 400              		.loc 1 356 21 is_stmt 0 view .LVU130
 401 01ec A36A     		ldr	r3, [r4, #40]
 402              		.loc 1 356 7 view .LVU131
 403 01ee B3F5801F 		cmp	r3, #1048576
 404 01f2 57D0     		beq	.L40
 405              	.L27:
 357:Drivers/STM32G4xx_HAL_Driver/Src/stm32g4xx_hal_rcc_ex.c ****     {
 358:Drivers/STM32G4xx_HAL_Driver/Src/stm32g4xx_hal_rcc_ex.c ****       /* Enable PLL48M1CLK output */
 359:Drivers/STM32G4xx_HAL_Driver/Src/stm32g4xx_hal_rcc_ex.c ****       __HAL_RCC_PLLCLKOUT_ENABLE(RCC_PLL_48M1CLK);
 360:Drivers/STM32G4xx_HAL_Driver/Src/stm32g4xx_hal_rcc_ex.c ****     }
 361:Drivers/STM32G4xx_HAL_Driver/Src/stm32g4xx_hal_rcc_ex.c ****   }
 362:Drivers/STM32G4xx_HAL_Driver/Src/stm32g4xx_hal_rcc_ex.c **** 
 363:Drivers/STM32G4xx_HAL_Driver/Src/stm32g4xx_hal_rcc_ex.c **** #endif /* SAI1 */
 364:Drivers/STM32G4xx_HAL_Driver/Src/stm32g4xx_hal_rcc_ex.c **** 
 365:Drivers/STM32G4xx_HAL_Driver/Src/stm32g4xx_hal_rcc_ex.c **** #if defined(SPI_I2S_SUPPORT)
 366:Drivers/STM32G4xx_HAL_Driver/Src/stm32g4xx_hal_rcc_ex.c ****   /*-------------------------- I2S clock source configuration ---------------------*/
 367:Drivers/STM32G4xx_HAL_Driver/Src/stm32g4xx_hal_rcc_ex.c ****   if(((PeriphClkInit->PeriphClockSelection) & RCC_PERIPHCLK_I2S) == RCC_PERIPHCLK_I2S)
 406              		.loc 1 367 3 is_stmt 1 view .LVU132
 407              		.loc 1 367 21 is_stmt 0 view .LVU133
 408 01f4 2368     		ldr	r3, [r4]
 409              		.loc 1 367 5 view .LVU134
 410 01f6 13F4006F 		tst	r3, #2048
 411 01fa 0CD0     		beq	.L28
 368:Drivers/STM32G4xx_HAL_Driver/Src/stm32g4xx_hal_rcc_ex.c ****   {
 369:Drivers/STM32G4xx_HAL_Driver/Src/stm32g4xx_hal_rcc_ex.c ****     /* Check the parameters */
 370:Drivers/STM32G4xx_HAL_Driver/Src/stm32g4xx_hal_rcc_ex.c ****     assert_param(IS_RCC_I2SCLKSOURCE(PeriphClkInit->I2sClockSelection));
ARM GAS  /tmp/ccCVkYLU.s 			page 15


 412              		.loc 1 370 5 is_stmt 1 view .LVU135
 371:Drivers/STM32G4xx_HAL_Driver/Src/stm32g4xx_hal_rcc_ex.c **** 
 372:Drivers/STM32G4xx_HAL_Driver/Src/stm32g4xx_hal_rcc_ex.c ****     /* Configure the I2S interface clock source */
 373:Drivers/STM32G4xx_HAL_Driver/Src/stm32g4xx_hal_rcc_ex.c ****     __HAL_RCC_I2S_CONFIG(PeriphClkInit->I2sClockSelection);
 413              		.loc 1 373 5 view .LVU136
 414 01fc 314A     		ldr	r2, .L46
 415 01fe D2F88830 		ldr	r3, [r2, #136]
 416 0202 23F44003 		bic	r3, r3, #12582912
 417 0206 E16A     		ldr	r1, [r4, #44]
 418 0208 0B43     		orrs	r3, r3, r1
 419 020a C2F88830 		str	r3, [r2, #136]
 374:Drivers/STM32G4xx_HAL_Driver/Src/stm32g4xx_hal_rcc_ex.c ****     
 375:Drivers/STM32G4xx_HAL_Driver/Src/stm32g4xx_hal_rcc_ex.c ****     if(PeriphClkInit->I2sClockSelection == RCC_I2SCLKSOURCE_PLL)
 420              		.loc 1 375 5 view .LVU137
 421              		.loc 1 375 21 is_stmt 0 view .LVU138
 422 020e E36A     		ldr	r3, [r4, #44]
 423              		.loc 1 375 7 view .LVU139
 424 0210 B3F5800F 		cmp	r3, #4194304
 425 0214 4BD0     		beq	.L41
 426              	.L28:
 376:Drivers/STM32G4xx_HAL_Driver/Src/stm32g4xx_hal_rcc_ex.c ****     {
 377:Drivers/STM32G4xx_HAL_Driver/Src/stm32g4xx_hal_rcc_ex.c ****       /* Enable PLL48M1CLK output */
 378:Drivers/STM32G4xx_HAL_Driver/Src/stm32g4xx_hal_rcc_ex.c ****       __HAL_RCC_PLLCLKOUT_ENABLE(RCC_PLL_48M1CLK);
 379:Drivers/STM32G4xx_HAL_Driver/Src/stm32g4xx_hal_rcc_ex.c ****     }
 380:Drivers/STM32G4xx_HAL_Driver/Src/stm32g4xx_hal_rcc_ex.c ****   }
 381:Drivers/STM32G4xx_HAL_Driver/Src/stm32g4xx_hal_rcc_ex.c **** 
 382:Drivers/STM32G4xx_HAL_Driver/Src/stm32g4xx_hal_rcc_ex.c **** #endif /* SPI_I2S_SUPPORT */
 383:Drivers/STM32G4xx_HAL_Driver/Src/stm32g4xx_hal_rcc_ex.c **** 
 384:Drivers/STM32G4xx_HAL_Driver/Src/stm32g4xx_hal_rcc_ex.c **** #if defined(FDCAN1)
 385:Drivers/STM32G4xx_HAL_Driver/Src/stm32g4xx_hal_rcc_ex.c ****   /*-------------------------- FDCAN clock source configuration ---------------------*/
 386:Drivers/STM32G4xx_HAL_Driver/Src/stm32g4xx_hal_rcc_ex.c ****   if(((PeriphClkInit->PeriphClockSelection) & RCC_PERIPHCLK_FDCAN) == RCC_PERIPHCLK_FDCAN)
 427              		.loc 1 386 3 is_stmt 1 view .LVU140
 428              		.loc 1 386 21 is_stmt 0 view .LVU141
 429 0216 2368     		ldr	r3, [r4]
 430              		.loc 1 386 5 view .LVU142
 431 0218 13F4805F 		tst	r3, #4096
 432 021c 0CD0     		beq	.L29
 387:Drivers/STM32G4xx_HAL_Driver/Src/stm32g4xx_hal_rcc_ex.c ****   {
 388:Drivers/STM32G4xx_HAL_Driver/Src/stm32g4xx_hal_rcc_ex.c ****     /* Check the parameters */
 389:Drivers/STM32G4xx_HAL_Driver/Src/stm32g4xx_hal_rcc_ex.c ****     assert_param(IS_RCC_FDCANCLKSOURCE(PeriphClkInit->FdcanClockSelection));
 433              		.loc 1 389 5 is_stmt 1 view .LVU143
 390:Drivers/STM32G4xx_HAL_Driver/Src/stm32g4xx_hal_rcc_ex.c **** 
 391:Drivers/STM32G4xx_HAL_Driver/Src/stm32g4xx_hal_rcc_ex.c ****     /* Configure the FDCAN interface clock source */
 392:Drivers/STM32G4xx_HAL_Driver/Src/stm32g4xx_hal_rcc_ex.c ****     __HAL_RCC_FDCAN_CONFIG(PeriphClkInit->FdcanClockSelection);
 434              		.loc 1 392 5 view .LVU144
 435 021e 294A     		ldr	r2, .L46
 436 0220 D2F88830 		ldr	r3, [r2, #136]
 437 0224 23F04073 		bic	r3, r3, #50331648
 438 0228 216B     		ldr	r1, [r4, #48]
 439 022a 0B43     		orrs	r3, r3, r1
 440 022c C2F88830 		str	r3, [r2, #136]
 393:Drivers/STM32G4xx_HAL_Driver/Src/stm32g4xx_hal_rcc_ex.c ****     
 394:Drivers/STM32G4xx_HAL_Driver/Src/stm32g4xx_hal_rcc_ex.c ****     if(PeriphClkInit->FdcanClockSelection == RCC_FDCANCLKSOURCE_PLL)
 441              		.loc 1 394 5 view .LVU145
 442              		.loc 1 394 21 is_stmt 0 view .LVU146
 443 0230 236B     		ldr	r3, [r4, #48]
 444              		.loc 1 394 7 view .LVU147
ARM GAS  /tmp/ccCVkYLU.s 			page 16


 445 0232 B3F1807F 		cmp	r3, #16777216
 446 0236 3FD0     		beq	.L42
 447              	.L29:
 395:Drivers/STM32G4xx_HAL_Driver/Src/stm32g4xx_hal_rcc_ex.c ****     {
 396:Drivers/STM32G4xx_HAL_Driver/Src/stm32g4xx_hal_rcc_ex.c ****       /* Enable PLL48M1CLK output */
 397:Drivers/STM32G4xx_HAL_Driver/Src/stm32g4xx_hal_rcc_ex.c ****       __HAL_RCC_PLLCLKOUT_ENABLE(RCC_PLL_48M1CLK);
 398:Drivers/STM32G4xx_HAL_Driver/Src/stm32g4xx_hal_rcc_ex.c ****     }
 399:Drivers/STM32G4xx_HAL_Driver/Src/stm32g4xx_hal_rcc_ex.c ****   }
 400:Drivers/STM32G4xx_HAL_Driver/Src/stm32g4xx_hal_rcc_ex.c **** #endif /* FDCAN1 */
 401:Drivers/STM32G4xx_HAL_Driver/Src/stm32g4xx_hal_rcc_ex.c **** 
 402:Drivers/STM32G4xx_HAL_Driver/Src/stm32g4xx_hal_rcc_ex.c **** #if defined(USB)
 403:Drivers/STM32G4xx_HAL_Driver/Src/stm32g4xx_hal_rcc_ex.c **** 
 404:Drivers/STM32G4xx_HAL_Driver/Src/stm32g4xx_hal_rcc_ex.c ****   /*-------------------------- USB clock source configuration ----------------------*/
 405:Drivers/STM32G4xx_HAL_Driver/Src/stm32g4xx_hal_rcc_ex.c ****   if(((PeriphClkInit->PeriphClockSelection) & RCC_PERIPHCLK_USB) == (RCC_PERIPHCLK_USB))
 448              		.loc 1 405 3 is_stmt 1 view .LVU148
 449              		.loc 1 405 21 is_stmt 0 view .LVU149
 450 0238 2368     		ldr	r3, [r4]
 451              		.loc 1 405 5 view .LVU150
 452 023a 13F4005F 		tst	r3, #8192
 453 023e 0CD0     		beq	.L30
 406:Drivers/STM32G4xx_HAL_Driver/Src/stm32g4xx_hal_rcc_ex.c ****   {
 407:Drivers/STM32G4xx_HAL_Driver/Src/stm32g4xx_hal_rcc_ex.c ****     assert_param(IS_RCC_USBCLKSOURCE(PeriphClkInit->UsbClockSelection));
 454              		.loc 1 407 5 is_stmt 1 view .LVU151
 408:Drivers/STM32G4xx_HAL_Driver/Src/stm32g4xx_hal_rcc_ex.c ****     __HAL_RCC_USB_CONFIG(PeriphClkInit->UsbClockSelection);
 455              		.loc 1 408 5 view .LVU152
 456 0240 204A     		ldr	r2, .L46
 457 0242 D2F88830 		ldr	r3, [r2, #136]
 458 0246 23F04063 		bic	r3, r3, #201326592
 459 024a 616B     		ldr	r1, [r4, #52]
 460 024c 0B43     		orrs	r3, r3, r1
 461 024e C2F88830 		str	r3, [r2, #136]
 409:Drivers/STM32G4xx_HAL_Driver/Src/stm32g4xx_hal_rcc_ex.c **** 
 410:Drivers/STM32G4xx_HAL_Driver/Src/stm32g4xx_hal_rcc_ex.c ****     if(PeriphClkInit->UsbClockSelection == RCC_USBCLKSOURCE_PLL)
 462              		.loc 1 410 5 view .LVU153
 463              		.loc 1 410 21 is_stmt 0 view .LVU154
 464 0252 636B     		ldr	r3, [r4, #52]
 465              		.loc 1 410 7 view .LVU155
 466 0254 B3F1006F 		cmp	r3, #134217728
 467 0258 38D0     		beq	.L43
 468              	.L30:
 411:Drivers/STM32G4xx_HAL_Driver/Src/stm32g4xx_hal_rcc_ex.c ****     {
 412:Drivers/STM32G4xx_HAL_Driver/Src/stm32g4xx_hal_rcc_ex.c ****       /* Enable PLL48M1CLK output */
 413:Drivers/STM32G4xx_HAL_Driver/Src/stm32g4xx_hal_rcc_ex.c ****       __HAL_RCC_PLLCLKOUT_ENABLE(RCC_PLL_48M1CLK);
 414:Drivers/STM32G4xx_HAL_Driver/Src/stm32g4xx_hal_rcc_ex.c ****     }
 415:Drivers/STM32G4xx_HAL_Driver/Src/stm32g4xx_hal_rcc_ex.c ****   }
 416:Drivers/STM32G4xx_HAL_Driver/Src/stm32g4xx_hal_rcc_ex.c **** 
 417:Drivers/STM32G4xx_HAL_Driver/Src/stm32g4xx_hal_rcc_ex.c **** #endif /* USB */
 418:Drivers/STM32G4xx_HAL_Driver/Src/stm32g4xx_hal_rcc_ex.c **** 
 419:Drivers/STM32G4xx_HAL_Driver/Src/stm32g4xx_hal_rcc_ex.c ****   /*-------------------------- RNG clock source configuration ----------------------*/
 420:Drivers/STM32G4xx_HAL_Driver/Src/stm32g4xx_hal_rcc_ex.c ****   if(((PeriphClkInit->PeriphClockSelection) & RCC_PERIPHCLK_RNG) == (RCC_PERIPHCLK_RNG))
 469              		.loc 1 420 3 is_stmt 1 view .LVU156
 470              		.loc 1 420 21 is_stmt 0 view .LVU157
 471 025a 2368     		ldr	r3, [r4]
 472              		.loc 1 420 5 view .LVU158
 473 025c 13F4804F 		tst	r3, #16384
 474 0260 0CD0     		beq	.L31
 421:Drivers/STM32G4xx_HAL_Driver/Src/stm32g4xx_hal_rcc_ex.c ****   {
ARM GAS  /tmp/ccCVkYLU.s 			page 17


 422:Drivers/STM32G4xx_HAL_Driver/Src/stm32g4xx_hal_rcc_ex.c ****     assert_param(IS_RCC_RNGCLKSOURCE(PeriphClkInit->RngClockSelection));
 475              		.loc 1 422 5 is_stmt 1 view .LVU159
 423:Drivers/STM32G4xx_HAL_Driver/Src/stm32g4xx_hal_rcc_ex.c ****     __HAL_RCC_RNG_CONFIG(PeriphClkInit->RngClockSelection);
 476              		.loc 1 423 5 view .LVU160
 477 0262 184A     		ldr	r2, .L46
 478 0264 D2F88830 		ldr	r3, [r2, #136]
 479 0268 23F04063 		bic	r3, r3, #201326592
 480 026c A16B     		ldr	r1, [r4, #56]
 481 026e 0B43     		orrs	r3, r3, r1
 482 0270 C2F88830 		str	r3, [r2, #136]
 424:Drivers/STM32G4xx_HAL_Driver/Src/stm32g4xx_hal_rcc_ex.c **** 
 425:Drivers/STM32G4xx_HAL_Driver/Src/stm32g4xx_hal_rcc_ex.c ****     if(PeriphClkInit->RngClockSelection == RCC_RNGCLKSOURCE_PLL)
 483              		.loc 1 425 5 view .LVU161
 484              		.loc 1 425 21 is_stmt 0 view .LVU162
 485 0274 A36B     		ldr	r3, [r4, #56]
 486              		.loc 1 425 7 view .LVU163
 487 0276 B3F1006F 		cmp	r3, #134217728
 488 027a 2CD0     		beq	.L44
 489              	.L31:
 426:Drivers/STM32G4xx_HAL_Driver/Src/stm32g4xx_hal_rcc_ex.c ****     {
 427:Drivers/STM32G4xx_HAL_Driver/Src/stm32g4xx_hal_rcc_ex.c ****       /* Enable PLL48M1CLK output */
 428:Drivers/STM32G4xx_HAL_Driver/Src/stm32g4xx_hal_rcc_ex.c ****       __HAL_RCC_PLLCLKOUT_ENABLE(RCC_PLL_48M1CLK);
 429:Drivers/STM32G4xx_HAL_Driver/Src/stm32g4xx_hal_rcc_ex.c ****     }
 430:Drivers/STM32G4xx_HAL_Driver/Src/stm32g4xx_hal_rcc_ex.c ****   }
 431:Drivers/STM32G4xx_HAL_Driver/Src/stm32g4xx_hal_rcc_ex.c **** 
 432:Drivers/STM32G4xx_HAL_Driver/Src/stm32g4xx_hal_rcc_ex.c ****   /*-------------------------- ADC12 clock source configuration ----------------------*/
 433:Drivers/STM32G4xx_HAL_Driver/Src/stm32g4xx_hal_rcc_ex.c ****   if(((PeriphClkInit->PeriphClockSelection) & RCC_PERIPHCLK_ADC12) == RCC_PERIPHCLK_ADC12)
 490              		.loc 1 433 3 is_stmt 1 view .LVU164
 491              		.loc 1 433 21 is_stmt 0 view .LVU165
 492 027c 2368     		ldr	r3, [r4]
 493              		.loc 1 433 5 view .LVU166
 494 027e 13F4004F 		tst	r3, #32768
 495 0282 0CD0     		beq	.L32
 434:Drivers/STM32G4xx_HAL_Driver/Src/stm32g4xx_hal_rcc_ex.c ****   {
 435:Drivers/STM32G4xx_HAL_Driver/Src/stm32g4xx_hal_rcc_ex.c ****     /* Check the parameters */
 436:Drivers/STM32G4xx_HAL_Driver/Src/stm32g4xx_hal_rcc_ex.c ****     assert_param(IS_RCC_ADC12CLKSOURCE(PeriphClkInit->Adc12ClockSelection));
 496              		.loc 1 436 5 is_stmt 1 view .LVU167
 437:Drivers/STM32G4xx_HAL_Driver/Src/stm32g4xx_hal_rcc_ex.c **** 
 438:Drivers/STM32G4xx_HAL_Driver/Src/stm32g4xx_hal_rcc_ex.c ****     /* Configure the ADC12 interface clock source */
 439:Drivers/STM32G4xx_HAL_Driver/Src/stm32g4xx_hal_rcc_ex.c ****     __HAL_RCC_ADC12_CONFIG(PeriphClkInit->Adc12ClockSelection);
 497              		.loc 1 439 5 view .LVU168
 498 0284 0F4A     		ldr	r2, .L46
 499 0286 D2F88830 		ldr	r3, [r2, #136]
 500 028a 23F04053 		bic	r3, r3, #805306368
 501 028e E16B     		ldr	r1, [r4, #60]
 502 0290 0B43     		orrs	r3, r3, r1
 503 0292 C2F88830 		str	r3, [r2, #136]
 440:Drivers/STM32G4xx_HAL_Driver/Src/stm32g4xx_hal_rcc_ex.c ****     
 441:Drivers/STM32G4xx_HAL_Driver/Src/stm32g4xx_hal_rcc_ex.c ****     if(PeriphClkInit->Adc12ClockSelection == RCC_ADC12CLKSOURCE_PLL)
 504              		.loc 1 441 5 view .LVU169
 505              		.loc 1 441 21 is_stmt 0 view .LVU170
 506 0296 E36B     		ldr	r3, [r4, #60]
 507              		.loc 1 441 7 view .LVU171
 508 0298 B3F1805F 		cmp	r3, #268435456
 509 029c 20D0     		beq	.L45
 510              	.L32:
 442:Drivers/STM32G4xx_HAL_Driver/Src/stm32g4xx_hal_rcc_ex.c ****     {
ARM GAS  /tmp/ccCVkYLU.s 			page 18


 443:Drivers/STM32G4xx_HAL_Driver/Src/stm32g4xx_hal_rcc_ex.c ****       /* Enable PLLADCCLK output */
 444:Drivers/STM32G4xx_HAL_Driver/Src/stm32g4xx_hal_rcc_ex.c ****       __HAL_RCC_PLLCLKOUT_ENABLE(RCC_PLL_ADCCLK);
 445:Drivers/STM32G4xx_HAL_Driver/Src/stm32g4xx_hal_rcc_ex.c ****     }
 446:Drivers/STM32G4xx_HAL_Driver/Src/stm32g4xx_hal_rcc_ex.c ****   }
 447:Drivers/STM32G4xx_HAL_Driver/Src/stm32g4xx_hal_rcc_ex.c ****   
 448:Drivers/STM32G4xx_HAL_Driver/Src/stm32g4xx_hal_rcc_ex.c **** #if defined(ADC345_COMMON)
 449:Drivers/STM32G4xx_HAL_Driver/Src/stm32g4xx_hal_rcc_ex.c ****   /*-------------------------- ADC345 clock source configuration ----------------------*/
 450:Drivers/STM32G4xx_HAL_Driver/Src/stm32g4xx_hal_rcc_ex.c ****   if(((PeriphClkInit->PeriphClockSelection) & RCC_PERIPHCLK_ADC345) == RCC_PERIPHCLK_ADC345)
 451:Drivers/STM32G4xx_HAL_Driver/Src/stm32g4xx_hal_rcc_ex.c ****   {
 452:Drivers/STM32G4xx_HAL_Driver/Src/stm32g4xx_hal_rcc_ex.c ****     /* Check the parameters */
 453:Drivers/STM32G4xx_HAL_Driver/Src/stm32g4xx_hal_rcc_ex.c ****     assert_param(IS_RCC_ADC345CLKSOURCE(PeriphClkInit->Adc345ClockSelection));
 454:Drivers/STM32G4xx_HAL_Driver/Src/stm32g4xx_hal_rcc_ex.c **** 
 455:Drivers/STM32G4xx_HAL_Driver/Src/stm32g4xx_hal_rcc_ex.c ****     /* Configure the ADC345 interface clock source */
 456:Drivers/STM32G4xx_HAL_Driver/Src/stm32g4xx_hal_rcc_ex.c ****     __HAL_RCC_ADC345_CONFIG(PeriphClkInit->Adc345ClockSelection);
 457:Drivers/STM32G4xx_HAL_Driver/Src/stm32g4xx_hal_rcc_ex.c ****     
 458:Drivers/STM32G4xx_HAL_Driver/Src/stm32g4xx_hal_rcc_ex.c ****     if(PeriphClkInit->Adc345ClockSelection == RCC_ADC345CLKSOURCE_PLL)
 459:Drivers/STM32G4xx_HAL_Driver/Src/stm32g4xx_hal_rcc_ex.c ****     {
 460:Drivers/STM32G4xx_HAL_Driver/Src/stm32g4xx_hal_rcc_ex.c ****       /* Enable PLLADCCLK output */
 461:Drivers/STM32G4xx_HAL_Driver/Src/stm32g4xx_hal_rcc_ex.c ****       __HAL_RCC_PLLCLKOUT_ENABLE(RCC_PLL_ADCCLK);
 462:Drivers/STM32G4xx_HAL_Driver/Src/stm32g4xx_hal_rcc_ex.c ****     }
 463:Drivers/STM32G4xx_HAL_Driver/Src/stm32g4xx_hal_rcc_ex.c ****   }
 464:Drivers/STM32G4xx_HAL_Driver/Src/stm32g4xx_hal_rcc_ex.c **** #endif /* ADC345_COMMON */
 465:Drivers/STM32G4xx_HAL_Driver/Src/stm32g4xx_hal_rcc_ex.c **** 
 466:Drivers/STM32G4xx_HAL_Driver/Src/stm32g4xx_hal_rcc_ex.c **** #if defined(QUADSPI)
 467:Drivers/STM32G4xx_HAL_Driver/Src/stm32g4xx_hal_rcc_ex.c **** 
 468:Drivers/STM32G4xx_HAL_Driver/Src/stm32g4xx_hal_rcc_ex.c ****   /*-------------------------- QuadSPIx clock source configuration ----------------*/
 469:Drivers/STM32G4xx_HAL_Driver/Src/stm32g4xx_hal_rcc_ex.c ****   if(((PeriphClkInit->PeriphClockSelection) & RCC_PERIPHCLK_QSPI) == RCC_PERIPHCLK_QSPI)
 470:Drivers/STM32G4xx_HAL_Driver/Src/stm32g4xx_hal_rcc_ex.c ****   {
 471:Drivers/STM32G4xx_HAL_Driver/Src/stm32g4xx_hal_rcc_ex.c ****     /* Check the parameters */
 472:Drivers/STM32G4xx_HAL_Driver/Src/stm32g4xx_hal_rcc_ex.c ****     assert_param(IS_RCC_QSPICLKSOURCE(PeriphClkInit->QspiClockSelection));
 473:Drivers/STM32G4xx_HAL_Driver/Src/stm32g4xx_hal_rcc_ex.c **** 
 474:Drivers/STM32G4xx_HAL_Driver/Src/stm32g4xx_hal_rcc_ex.c ****     /* Configure the QuadSPI clock source */
 475:Drivers/STM32G4xx_HAL_Driver/Src/stm32g4xx_hal_rcc_ex.c ****     __HAL_RCC_QSPI_CONFIG(PeriphClkInit->QspiClockSelection);
 476:Drivers/STM32G4xx_HAL_Driver/Src/stm32g4xx_hal_rcc_ex.c **** 
 477:Drivers/STM32G4xx_HAL_Driver/Src/stm32g4xx_hal_rcc_ex.c ****     if(PeriphClkInit->QspiClockSelection == RCC_QSPICLKSOURCE_PLL)
 478:Drivers/STM32G4xx_HAL_Driver/Src/stm32g4xx_hal_rcc_ex.c ****     {
 479:Drivers/STM32G4xx_HAL_Driver/Src/stm32g4xx_hal_rcc_ex.c ****       /* Enable PLL48M1CLK output */
 480:Drivers/STM32G4xx_HAL_Driver/Src/stm32g4xx_hal_rcc_ex.c ****       __HAL_RCC_PLLCLKOUT_ENABLE(RCC_PLL_48M1CLK);
 481:Drivers/STM32G4xx_HAL_Driver/Src/stm32g4xx_hal_rcc_ex.c ****     }
 482:Drivers/STM32G4xx_HAL_Driver/Src/stm32g4xx_hal_rcc_ex.c ****   }
 483:Drivers/STM32G4xx_HAL_Driver/Src/stm32g4xx_hal_rcc_ex.c **** 
 484:Drivers/STM32G4xx_HAL_Driver/Src/stm32g4xx_hal_rcc_ex.c **** #endif /* QUADSPI */
 485:Drivers/STM32G4xx_HAL_Driver/Src/stm32g4xx_hal_rcc_ex.c **** 
 486:Drivers/STM32G4xx_HAL_Driver/Src/stm32g4xx_hal_rcc_ex.c ****   return status;
 511              		.loc 1 486 3 is_stmt 1 view .LVU172
 487:Drivers/STM32G4xx_HAL_Driver/Src/stm32g4xx_hal_rcc_ex.c **** }
 512              		.loc 1 487 1 is_stmt 0 view .LVU173
 513 029e 2846     		mov	r0, r5
 514 02a0 03B0     		add	sp, sp, #12
 515              	.LCFI2:
 516              		.cfi_remember_state
 517              		.cfi_def_cfa_offset 20
 518              		@ sp needed
 519 02a2 F0BD     		pop	{r4, r5, r6, r7, pc}
 520              	.LVL25:
 521              	.L40:
 522              	.LCFI3:
ARM GAS  /tmp/ccCVkYLU.s 			page 19


 523              		.cfi_restore_state
 359:Drivers/STM32G4xx_HAL_Driver/Src/stm32g4xx_hal_rcc_ex.c ****     }
 524              		.loc 1 359 7 is_stmt 1 view .LVU174
 525 02a4 D368     		ldr	r3, [r2, #12]
 526 02a6 43F48013 		orr	r3, r3, #1048576
 527 02aa D360     		str	r3, [r2, #12]
 528 02ac A2E7     		b	.L27
 529              	.L41:
 378:Drivers/STM32G4xx_HAL_Driver/Src/stm32g4xx_hal_rcc_ex.c ****     }
 530              		.loc 1 378 7 view .LVU175
 531 02ae D368     		ldr	r3, [r2, #12]
 532 02b0 43F48013 		orr	r3, r3, #1048576
 533 02b4 D360     		str	r3, [r2, #12]
 534 02b6 AEE7     		b	.L28
 535              	.L42:
 397:Drivers/STM32G4xx_HAL_Driver/Src/stm32g4xx_hal_rcc_ex.c ****     }
 536              		.loc 1 397 7 view .LVU176
 537 02b8 D368     		ldr	r3, [r2, #12]
 538 02ba 43F48013 		orr	r3, r3, #1048576
 539 02be D360     		str	r3, [r2, #12]
 540 02c0 BAE7     		b	.L29
 541              	.L47:
 542 02c2 00BF     		.align	2
 543              	.L46:
 544 02c4 00100240 		.word	1073876992
 545 02c8 00700040 		.word	1073770496
 546              	.L43:
 413:Drivers/STM32G4xx_HAL_Driver/Src/stm32g4xx_hal_rcc_ex.c ****     }
 547              		.loc 1 413 7 view .LVU177
 548 02cc D368     		ldr	r3, [r2, #12]
 549 02ce 43F48013 		orr	r3, r3, #1048576
 550 02d2 D360     		str	r3, [r2, #12]
 551 02d4 C1E7     		b	.L30
 552              	.L44:
 428:Drivers/STM32G4xx_HAL_Driver/Src/stm32g4xx_hal_rcc_ex.c ****     }
 553              		.loc 1 428 7 view .LVU178
 554 02d6 D368     		ldr	r3, [r2, #12]
 555 02d8 43F48013 		orr	r3, r3, #1048576
 556 02dc D360     		str	r3, [r2, #12]
 557 02de CDE7     		b	.L31
 558              	.L45:
 444:Drivers/STM32G4xx_HAL_Driver/Src/stm32g4xx_hal_rcc_ex.c ****     }
 559              		.loc 1 444 7 view .LVU179
 560 02e0 D368     		ldr	r3, [r2, #12]
 561 02e2 43F48033 		orr	r3, r3, #65536
 562 02e6 D360     		str	r3, [r2, #12]
 563 02e8 D9E7     		b	.L32
 564              		.cfi_endproc
 565              	.LFE329:
 567 02ea 00BF     		.section	.text.HAL_RCCEx_GetPeriphCLKConfig,"ax",%progbits
 568              		.align	1
 569              		.global	HAL_RCCEx_GetPeriphCLKConfig
 570              		.syntax unified
 571              		.thumb
 572              		.thumb_func
 574              	HAL_RCCEx_GetPeriphCLKConfig:
 575              	.LVL26:
ARM GAS  /tmp/ccCVkYLU.s 			page 20


 576              	.LFB330:
 488:Drivers/STM32G4xx_HAL_Driver/Src/stm32g4xx_hal_rcc_ex.c **** 
 489:Drivers/STM32G4xx_HAL_Driver/Src/stm32g4xx_hal_rcc_ex.c **** /**
 490:Drivers/STM32G4xx_HAL_Driver/Src/stm32g4xx_hal_rcc_ex.c ****   * @brief  Get the RCC_ClkInitStruct according to the internal RCC configuration registers.
 491:Drivers/STM32G4xx_HAL_Driver/Src/stm32g4xx_hal_rcc_ex.c ****   * @param  PeriphClkInit  pointer to an RCC_PeriphCLKInitTypeDef structure that
 492:Drivers/STM32G4xx_HAL_Driver/Src/stm32g4xx_hal_rcc_ex.c ****   *         returns the configuration information for the Extended Peripherals
 493:Drivers/STM32G4xx_HAL_Driver/Src/stm32g4xx_hal_rcc_ex.c ****   *         clocks(USART1, USART2, USART3, UART4, UART5, LPUART1, I2C1, I2C2, I2C3, I2C4,
 494:Drivers/STM32G4xx_HAL_Driver/Src/stm32g4xx_hal_rcc_ex.c ****   *         LPTIM1, SAI1, I2Sx, FDCANx, USB, RNG, ADCx, RTC, QSPI).
 495:Drivers/STM32G4xx_HAL_Driver/Src/stm32g4xx_hal_rcc_ex.c ****   * @retval None
 496:Drivers/STM32G4xx_HAL_Driver/Src/stm32g4xx_hal_rcc_ex.c ****   */
 497:Drivers/STM32G4xx_HAL_Driver/Src/stm32g4xx_hal_rcc_ex.c **** void HAL_RCCEx_GetPeriphCLKConfig(RCC_PeriphCLKInitTypeDef  *PeriphClkInit)
 498:Drivers/STM32G4xx_HAL_Driver/Src/stm32g4xx_hal_rcc_ex.c **** {
 577              		.loc 1 498 1 view -0
 578              		.cfi_startproc
 579              		@ args = 0, pretend = 0, frame = 0
 580              		@ frame_needed = 0, uses_anonymous_args = 0
 581              		@ link register save eliminated.
 499:Drivers/STM32G4xx_HAL_Driver/Src/stm32g4xx_hal_rcc_ex.c ****   /* Set all possible values for the extended clock type parameter------------*/
 500:Drivers/STM32G4xx_HAL_Driver/Src/stm32g4xx_hal_rcc_ex.c **** 
 501:Drivers/STM32G4xx_HAL_Driver/Src/stm32g4xx_hal_rcc_ex.c **** #if defined(STM32G474xx) || defined(STM32G484xx)
 502:Drivers/STM32G4xx_HAL_Driver/Src/stm32g4xx_hal_rcc_ex.c **** 
 503:Drivers/STM32G4xx_HAL_Driver/Src/stm32g4xx_hal_rcc_ex.c ****   PeriphClkInit->PeriphClockSelection = RCC_PERIPHCLK_USART1  | RCC_PERIPHCLK_USART2 | RCC_PERIPHCL
 504:Drivers/STM32G4xx_HAL_Driver/Src/stm32g4xx_hal_rcc_ex.c ****                                         RCC_PERIPHCLK_UART5   | \
 505:Drivers/STM32G4xx_HAL_Driver/Src/stm32g4xx_hal_rcc_ex.c ****                                         RCC_PERIPHCLK_LPUART1 | RCC_PERIPHCLK_I2C1   | RCC_PERIPHCL
 506:Drivers/STM32G4xx_HAL_Driver/Src/stm32g4xx_hal_rcc_ex.c ****                                         RCC_PERIPHCLK_I2C4    | \
 507:Drivers/STM32G4xx_HAL_Driver/Src/stm32g4xx_hal_rcc_ex.c ****                                         RCC_PERIPHCLK_LPTIM1  | RCC_PERIPHCLK_SAI1   | RCC_PERIPHCL
 508:Drivers/STM32G4xx_HAL_Driver/Src/stm32g4xx_hal_rcc_ex.c ****                                         RCC_PERIPHCLK_RNG     | RCC_PERIPHCLK_USB    | RCC_PERIPHCL
 509:Drivers/STM32G4xx_HAL_Driver/Src/stm32g4xx_hal_rcc_ex.c ****                                         RCC_PERIPHCLK_QSPI    | \
 510:Drivers/STM32G4xx_HAL_Driver/Src/stm32g4xx_hal_rcc_ex.c ****                                         RCC_PERIPHCLK_RTC;
 511:Drivers/STM32G4xx_HAL_Driver/Src/stm32g4xx_hal_rcc_ex.c **** 
 512:Drivers/STM32G4xx_HAL_Driver/Src/stm32g4xx_hal_rcc_ex.c **** #elif defined(STM32G414xx)
 513:Drivers/STM32G4xx_HAL_Driver/Src/stm32g4xx_hal_rcc_ex.c **** 
 514:Drivers/STM32G4xx_HAL_Driver/Src/stm32g4xx_hal_rcc_ex.c ****   PeriphClkInit->PeriphClockSelection = RCC_PERIPHCLK_USART1  | RCC_PERIPHCLK_USART2  | RCC_PERIPHC
 515:Drivers/STM32G4xx_HAL_Driver/Src/stm32g4xx_hal_rcc_ex.c ****                                         RCC_PERIPHCLK_LPTIM1  | RCC_PERIPHCLK_I2S     | RCC_PERIPHC
 516:Drivers/STM32G4xx_HAL_Driver/Src/stm32g4xx_hal_rcc_ex.c ****                                         RCC_PERIPHCLK_ADC12   | RCC_PERIPHCLK_RTC;
 517:Drivers/STM32G4xx_HAL_Driver/Src/stm32g4xx_hal_rcc_ex.c **** 
 518:Drivers/STM32G4xx_HAL_Driver/Src/stm32g4xx_hal_rcc_ex.c **** #elif defined(STM32G491xx) || defined(STM32G4A1xx)
 519:Drivers/STM32G4xx_HAL_Driver/Src/stm32g4xx_hal_rcc_ex.c **** 
 520:Drivers/STM32G4xx_HAL_Driver/Src/stm32g4xx_hal_rcc_ex.c ****   PeriphClkInit->PeriphClockSelection = RCC_PERIPHCLK_USART1  | RCC_PERIPHCLK_USART2 | RCC_PERIPHCL
 521:Drivers/STM32G4xx_HAL_Driver/Src/stm32g4xx_hal_rcc_ex.c ****                                         RCC_PERIPHCLK_UART5   | \
 522:Drivers/STM32G4xx_HAL_Driver/Src/stm32g4xx_hal_rcc_ex.c ****                                         RCC_PERIPHCLK_LPUART1 | RCC_PERIPHCLK_I2C1   | RCC_PERIPHCL
 523:Drivers/STM32G4xx_HAL_Driver/Src/stm32g4xx_hal_rcc_ex.c ****                                         RCC_PERIPHCLK_LPTIM1  | RCC_PERIPHCLK_SAI1   | RCC_PERIPHCL
 524:Drivers/STM32G4xx_HAL_Driver/Src/stm32g4xx_hal_rcc_ex.c ****                                         RCC_PERIPHCLK_RNG     | RCC_PERIPHCLK_USB    | RCC_PERIPHCL
 525:Drivers/STM32G4xx_HAL_Driver/Src/stm32g4xx_hal_rcc_ex.c ****                                         RCC_PERIPHCLK_QSPI    | \
 526:Drivers/STM32G4xx_HAL_Driver/Src/stm32g4xx_hal_rcc_ex.c ****                                         RCC_PERIPHCLK_RTC;
 527:Drivers/STM32G4xx_HAL_Driver/Src/stm32g4xx_hal_rcc_ex.c **** 
 528:Drivers/STM32G4xx_HAL_Driver/Src/stm32g4xx_hal_rcc_ex.c **** #elif defined(STM32G473xx) || defined(STM32G483xx)
 529:Drivers/STM32G4xx_HAL_Driver/Src/stm32g4xx_hal_rcc_ex.c **** 
 530:Drivers/STM32G4xx_HAL_Driver/Src/stm32g4xx_hal_rcc_ex.c ****   PeriphClkInit->PeriphClockSelection = RCC_PERIPHCLK_USART1  | RCC_PERIPHCLK_USART2 | RCC_PERIPHCL
 531:Drivers/STM32G4xx_HAL_Driver/Src/stm32g4xx_hal_rcc_ex.c ****                                         RCC_PERIPHCLK_UART5   | \
 532:Drivers/STM32G4xx_HAL_Driver/Src/stm32g4xx_hal_rcc_ex.c ****                                         RCC_PERIPHCLK_LPUART1 | RCC_PERIPHCLK_I2C1   | RCC_PERIPHCL
 533:Drivers/STM32G4xx_HAL_Driver/Src/stm32g4xx_hal_rcc_ex.c ****                                         RCC_PERIPHCLK_I2C4    | \
 534:Drivers/STM32G4xx_HAL_Driver/Src/stm32g4xx_hal_rcc_ex.c ****                                         RCC_PERIPHCLK_LPTIM1  | RCC_PERIPHCLK_SAI1   | RCC_PERIPHCL
 535:Drivers/STM32G4xx_HAL_Driver/Src/stm32g4xx_hal_rcc_ex.c ****                                         RCC_PERIPHCLK_RNG     | RCC_PERIPHCLK_USB    | RCC_PERIPHCL
 536:Drivers/STM32G4xx_HAL_Driver/Src/stm32g4xx_hal_rcc_ex.c ****                                         RCC_PERIPHCLK_QSPI    | \
 537:Drivers/STM32G4xx_HAL_Driver/Src/stm32g4xx_hal_rcc_ex.c ****                                         RCC_PERIPHCLK_RTC;
 538:Drivers/STM32G4xx_HAL_Driver/Src/stm32g4xx_hal_rcc_ex.c **** 
ARM GAS  /tmp/ccCVkYLU.s 			page 21


 539:Drivers/STM32G4xx_HAL_Driver/Src/stm32g4xx_hal_rcc_ex.c **** #elif defined(STM32G471xx)
 540:Drivers/STM32G4xx_HAL_Driver/Src/stm32g4xx_hal_rcc_ex.c **** 
 541:Drivers/STM32G4xx_HAL_Driver/Src/stm32g4xx_hal_rcc_ex.c ****   PeriphClkInit->PeriphClockSelection = RCC_PERIPHCLK_USART1  | RCC_PERIPHCLK_USART2 | RCC_PERIPHCL
 542:Drivers/STM32G4xx_HAL_Driver/Src/stm32g4xx_hal_rcc_ex.c ****                                         RCC_PERIPHCLK_UART5   | \
 543:Drivers/STM32G4xx_HAL_Driver/Src/stm32g4xx_hal_rcc_ex.c ****                                         RCC_PERIPHCLK_LPUART1 | RCC_PERIPHCLK_I2C1   | RCC_PERIPHCL
 544:Drivers/STM32G4xx_HAL_Driver/Src/stm32g4xx_hal_rcc_ex.c ****                                         RCC_PERIPHCLK_I2C4    | \
 545:Drivers/STM32G4xx_HAL_Driver/Src/stm32g4xx_hal_rcc_ex.c ****                                         RCC_PERIPHCLK_LPTIM1  | RCC_PERIPHCLK_SAI1   | RCC_PERIPHCL
 546:Drivers/STM32G4xx_HAL_Driver/Src/stm32g4xx_hal_rcc_ex.c ****                                         RCC_PERIPHCLK_RNG     | RCC_PERIPHCLK_USB    | RCC_PERIPHCL
 547:Drivers/STM32G4xx_HAL_Driver/Src/stm32g4xx_hal_rcc_ex.c ****                                         RCC_PERIPHCLK_RTC;
 548:Drivers/STM32G4xx_HAL_Driver/Src/stm32g4xx_hal_rcc_ex.c **** 
 549:Drivers/STM32G4xx_HAL_Driver/Src/stm32g4xx_hal_rcc_ex.c **** #elif defined(STM32G431xx) || defined(STM32G441xx)
 550:Drivers/STM32G4xx_HAL_Driver/Src/stm32g4xx_hal_rcc_ex.c **** 
 551:Drivers/STM32G4xx_HAL_Driver/Src/stm32g4xx_hal_rcc_ex.c ****   PeriphClkInit->PeriphClockSelection = RCC_PERIPHCLK_USART1  | RCC_PERIPHCLK_USART2 | RCC_PERIPHCL
 582              		.loc 1 551 3 view .LVU181
 583              		.loc 1 551 39 is_stmt 0 view .LVU182
 584 0000 294B     		ldr	r3, .L49
 585 0002 0360     		str	r3, [r0]
 552:Drivers/STM32G4xx_HAL_Driver/Src/stm32g4xx_hal_rcc_ex.c ****                                         RCC_PERIPHCLK_LPUART1 | RCC_PERIPHCLK_I2C1   | RCC_PERIPHCL
 553:Drivers/STM32G4xx_HAL_Driver/Src/stm32g4xx_hal_rcc_ex.c ****                                         RCC_PERIPHCLK_LPTIM1  | RCC_PERIPHCLK_SAI1   | RCC_PERIPHCL
 554:Drivers/STM32G4xx_HAL_Driver/Src/stm32g4xx_hal_rcc_ex.c ****                                         RCC_PERIPHCLK_RNG     | RCC_PERIPHCLK_USB    | RCC_PERIPHCL
 555:Drivers/STM32G4xx_HAL_Driver/Src/stm32g4xx_hal_rcc_ex.c ****                                         RCC_PERIPHCLK_RTC;
 556:Drivers/STM32G4xx_HAL_Driver/Src/stm32g4xx_hal_rcc_ex.c **** #elif defined(STM32G411xB) || defined(STM32G411xC)
 557:Drivers/STM32G4xx_HAL_Driver/Src/stm32g4xx_hal_rcc_ex.c **** 
 558:Drivers/STM32G4xx_HAL_Driver/Src/stm32g4xx_hal_rcc_ex.c ****   PeriphClkInit->PeriphClockSelection = RCC_PERIPHCLK_USART1  | RCC_PERIPHCLK_USART2 | RCC_PERIPHCL
 559:Drivers/STM32G4xx_HAL_Driver/Src/stm32g4xx_hal_rcc_ex.c ****                                         RCC_PERIPHCLK_LPUART1 | RCC_PERIPHCLK_I2C1   | RCC_PERIPHCL
 560:Drivers/STM32G4xx_HAL_Driver/Src/stm32g4xx_hal_rcc_ex.c ****                                         RCC_PERIPHCLK_LPTIM1  | RCC_PERIPHCLK_I2S    | RCC_PERIPHCL
 561:Drivers/STM32G4xx_HAL_Driver/Src/stm32g4xx_hal_rcc_ex.c ****                                         RCC_PERIPHCLK_RNG     | RCC_PERIPHCLK_ADC12  | RCC_PERIPHCL
 562:Drivers/STM32G4xx_HAL_Driver/Src/stm32g4xx_hal_rcc_ex.c **** 
 563:Drivers/STM32G4xx_HAL_Driver/Src/stm32g4xx_hal_rcc_ex.c **** #elif defined(STM32GBK1CB)
 564:Drivers/STM32G4xx_HAL_Driver/Src/stm32g4xx_hal_rcc_ex.c **** 
 565:Drivers/STM32G4xx_HAL_Driver/Src/stm32g4xx_hal_rcc_ex.c ****   PeriphClkInit->PeriphClockSelection = RCC_PERIPHCLK_USART1  | RCC_PERIPHCLK_USART2 | RCC_PERIPHCL
 566:Drivers/STM32G4xx_HAL_Driver/Src/stm32g4xx_hal_rcc_ex.c ****                                         RCC_PERIPHCLK_LPUART1 | RCC_PERIPHCLK_I2C1   | RCC_PERIPHCL
 567:Drivers/STM32G4xx_HAL_Driver/Src/stm32g4xx_hal_rcc_ex.c ****                                         RCC_PERIPHCLK_LPTIM1  | RCC_PERIPHCLK_SAI1   | RCC_PERIPHCL
 568:Drivers/STM32G4xx_HAL_Driver/Src/stm32g4xx_hal_rcc_ex.c ****                                         RCC_PERIPHCLK_RNG     | RCC_PERIPHCLK_USB    | RCC_PERIPHCL
 569:Drivers/STM32G4xx_HAL_Driver/Src/stm32g4xx_hal_rcc_ex.c ****                                         RCC_PERIPHCLK_RTC;
 570:Drivers/STM32G4xx_HAL_Driver/Src/stm32g4xx_hal_rcc_ex.c **** 
 571:Drivers/STM32G4xx_HAL_Driver/Src/stm32g4xx_hal_rcc_ex.c **** #endif /* STM32G474xx || STM32G484xx */
 572:Drivers/STM32G4xx_HAL_Driver/Src/stm32g4xx_hal_rcc_ex.c **** 
 573:Drivers/STM32G4xx_HAL_Driver/Src/stm32g4xx_hal_rcc_ex.c **** 
 574:Drivers/STM32G4xx_HAL_Driver/Src/stm32g4xx_hal_rcc_ex.c ****   /* Get the USART1 clock source ---------------------------------------------*/
 575:Drivers/STM32G4xx_HAL_Driver/Src/stm32g4xx_hal_rcc_ex.c ****   PeriphClkInit->Usart1ClockSelection  = __HAL_RCC_GET_USART1_SOURCE();
 586              		.loc 1 575 3 is_stmt 1 view .LVU183
 587              		.loc 1 575 42 is_stmt 0 view .LVU184
 588 0004 294B     		ldr	r3, .L49+4
 589 0006 D3F88820 		ldr	r2, [r3, #136]
 590 000a 02F00302 		and	r2, r2, #3
 591              		.loc 1 575 40 view .LVU185
 592 000e 4260     		str	r2, [r0, #4]
 576:Drivers/STM32G4xx_HAL_Driver/Src/stm32g4xx_hal_rcc_ex.c ****   /* Get the USART2 clock source ---------------------------------------------*/
 577:Drivers/STM32G4xx_HAL_Driver/Src/stm32g4xx_hal_rcc_ex.c ****   PeriphClkInit->Usart2ClockSelection  = __HAL_RCC_GET_USART2_SOURCE();
 593              		.loc 1 577 3 is_stmt 1 view .LVU186
 594              		.loc 1 577 42 is_stmt 0 view .LVU187
 595 0010 D3F88820 		ldr	r2, [r3, #136]
 596 0014 02F00C02 		and	r2, r2, #12
 597              		.loc 1 577 40 view .LVU188
 598 0018 8260     		str	r2, [r0, #8]
 578:Drivers/STM32G4xx_HAL_Driver/Src/stm32g4xx_hal_rcc_ex.c **** 
ARM GAS  /tmp/ccCVkYLU.s 			page 22


 579:Drivers/STM32G4xx_HAL_Driver/Src/stm32g4xx_hal_rcc_ex.c **** #if defined(USART3)
 580:Drivers/STM32G4xx_HAL_Driver/Src/stm32g4xx_hal_rcc_ex.c ****   /* Get the USART3 clock source ---------------------------------------------*/
 581:Drivers/STM32G4xx_HAL_Driver/Src/stm32g4xx_hal_rcc_ex.c ****   PeriphClkInit->Usart3ClockSelection  = __HAL_RCC_GET_USART3_SOURCE();
 599              		.loc 1 581 3 is_stmt 1 view .LVU189
 600              		.loc 1 581 42 is_stmt 0 view .LVU190
 601 001a D3F88820 		ldr	r2, [r3, #136]
 602 001e 02F03002 		and	r2, r2, #48
 603              		.loc 1 581 40 view .LVU191
 604 0022 C260     		str	r2, [r0, #12]
 582:Drivers/STM32G4xx_HAL_Driver/Src/stm32g4xx_hal_rcc_ex.c **** #endif /* USART3 */
 583:Drivers/STM32G4xx_HAL_Driver/Src/stm32g4xx_hal_rcc_ex.c **** 
 584:Drivers/STM32G4xx_HAL_Driver/Src/stm32g4xx_hal_rcc_ex.c **** #if defined(UART4)
 585:Drivers/STM32G4xx_HAL_Driver/Src/stm32g4xx_hal_rcc_ex.c ****   /* Get the UART4 clock source ----------------------------------------------*/
 586:Drivers/STM32G4xx_HAL_Driver/Src/stm32g4xx_hal_rcc_ex.c ****   PeriphClkInit->Uart4ClockSelection   = __HAL_RCC_GET_UART4_SOURCE();
 605              		.loc 1 586 3 is_stmt 1 view .LVU192
 606              		.loc 1 586 42 is_stmt 0 view .LVU193
 607 0024 D3F88820 		ldr	r2, [r3, #136]
 608 0028 02F0C002 		and	r2, r2, #192
 609              		.loc 1 586 40 view .LVU194
 610 002c 0261     		str	r2, [r0, #16]
 587:Drivers/STM32G4xx_HAL_Driver/Src/stm32g4xx_hal_rcc_ex.c **** #endif /* UART4 */
 588:Drivers/STM32G4xx_HAL_Driver/Src/stm32g4xx_hal_rcc_ex.c **** 
 589:Drivers/STM32G4xx_HAL_Driver/Src/stm32g4xx_hal_rcc_ex.c **** #if defined(UART5)
 590:Drivers/STM32G4xx_HAL_Driver/Src/stm32g4xx_hal_rcc_ex.c ****   /* Get the UART5 clock source ----------------------------------------------*/
 591:Drivers/STM32G4xx_HAL_Driver/Src/stm32g4xx_hal_rcc_ex.c ****   PeriphClkInit->Uart5ClockSelection   = __HAL_RCC_GET_UART5_SOURCE();
 592:Drivers/STM32G4xx_HAL_Driver/Src/stm32g4xx_hal_rcc_ex.c **** #endif /* UART5 */
 593:Drivers/STM32G4xx_HAL_Driver/Src/stm32g4xx_hal_rcc_ex.c ****   
 594:Drivers/STM32G4xx_HAL_Driver/Src/stm32g4xx_hal_rcc_ex.c ****   /* Get the LPUART1 clock source --------------------------------------------*/
 595:Drivers/STM32G4xx_HAL_Driver/Src/stm32g4xx_hal_rcc_ex.c ****   PeriphClkInit->Lpuart1ClockSelection = __HAL_RCC_GET_LPUART1_SOURCE();
 611              		.loc 1 595 3 is_stmt 1 view .LVU195
 612              		.loc 1 595 42 is_stmt 0 view .LVU196
 613 002e D3F88820 		ldr	r2, [r3, #136]
 614 0032 02F44062 		and	r2, r2, #3072
 615              		.loc 1 595 40 view .LVU197
 616 0036 4261     		str	r2, [r0, #20]
 596:Drivers/STM32G4xx_HAL_Driver/Src/stm32g4xx_hal_rcc_ex.c **** 
 597:Drivers/STM32G4xx_HAL_Driver/Src/stm32g4xx_hal_rcc_ex.c ****   /* Get the I2C1 clock source -----------------------------------------------*/
 598:Drivers/STM32G4xx_HAL_Driver/Src/stm32g4xx_hal_rcc_ex.c ****   PeriphClkInit->I2c1ClockSelection    = __HAL_RCC_GET_I2C1_SOURCE();
 617              		.loc 1 598 3 is_stmt 1 view .LVU198
 618              		.loc 1 598 42 is_stmt 0 view .LVU199
 619 0038 D3F88820 		ldr	r2, [r3, #136]
 620 003c 02F44052 		and	r2, r2, #12288
 621              		.loc 1 598 40 view .LVU200
 622 0040 8261     		str	r2, [r0, #24]
 599:Drivers/STM32G4xx_HAL_Driver/Src/stm32g4xx_hal_rcc_ex.c **** 
 600:Drivers/STM32G4xx_HAL_Driver/Src/stm32g4xx_hal_rcc_ex.c ****   /* Get the I2C2 clock source ----------------------------------------------*/
 601:Drivers/STM32G4xx_HAL_Driver/Src/stm32g4xx_hal_rcc_ex.c ****   PeriphClkInit->I2c2ClockSelection    = __HAL_RCC_GET_I2C2_SOURCE();
 623              		.loc 1 601 3 is_stmt 1 view .LVU201
 624              		.loc 1 601 42 is_stmt 0 view .LVU202
 625 0042 D3F88820 		ldr	r2, [r3, #136]
 626 0046 02F44042 		and	r2, r2, #49152
 627              		.loc 1 601 40 view .LVU203
 628 004a C261     		str	r2, [r0, #28]
 602:Drivers/STM32G4xx_HAL_Driver/Src/stm32g4xx_hal_rcc_ex.c **** 
 603:Drivers/STM32G4xx_HAL_Driver/Src/stm32g4xx_hal_rcc_ex.c **** #if defined(I2C3)
 604:Drivers/STM32G4xx_HAL_Driver/Src/stm32g4xx_hal_rcc_ex.c ****   /* Get the I2C3 clock source -----------------------------------------------*/
 605:Drivers/STM32G4xx_HAL_Driver/Src/stm32g4xx_hal_rcc_ex.c ****   PeriphClkInit->I2c3ClockSelection    = __HAL_RCC_GET_I2C3_SOURCE();
ARM GAS  /tmp/ccCVkYLU.s 			page 23


 629              		.loc 1 605 3 is_stmt 1 view .LVU204
 630              		.loc 1 605 42 is_stmt 0 view .LVU205
 631 004c D3F88820 		ldr	r2, [r3, #136]
 632 0050 02F44032 		and	r2, r2, #196608
 633              		.loc 1 605 40 view .LVU206
 634 0054 0262     		str	r2, [r0, #32]
 606:Drivers/STM32G4xx_HAL_Driver/Src/stm32g4xx_hal_rcc_ex.c **** #endif /* I2C3 */
 607:Drivers/STM32G4xx_HAL_Driver/Src/stm32g4xx_hal_rcc_ex.c **** 
 608:Drivers/STM32G4xx_HAL_Driver/Src/stm32g4xx_hal_rcc_ex.c **** #if defined(I2C4)
 609:Drivers/STM32G4xx_HAL_Driver/Src/stm32g4xx_hal_rcc_ex.c ****   /* Get the I2C4 clock source -----------------------------------------------*/
 610:Drivers/STM32G4xx_HAL_Driver/Src/stm32g4xx_hal_rcc_ex.c ****   PeriphClkInit->I2c4ClockSelection    = __HAL_RCC_GET_I2C4_SOURCE();
 611:Drivers/STM32G4xx_HAL_Driver/Src/stm32g4xx_hal_rcc_ex.c **** #endif /* I2C4 */
 612:Drivers/STM32G4xx_HAL_Driver/Src/stm32g4xx_hal_rcc_ex.c **** 
 613:Drivers/STM32G4xx_HAL_Driver/Src/stm32g4xx_hal_rcc_ex.c ****   /* Get the LPTIM1 clock source ---------------------------------------------*/
 614:Drivers/STM32G4xx_HAL_Driver/Src/stm32g4xx_hal_rcc_ex.c ****   PeriphClkInit->Lptim1ClockSelection  = __HAL_RCC_GET_LPTIM1_SOURCE();
 635              		.loc 1 614 3 is_stmt 1 view .LVU207
 636              		.loc 1 614 42 is_stmt 0 view .LVU208
 637 0056 D3F88820 		ldr	r2, [r3, #136]
 638 005a 02F44022 		and	r2, r2, #786432
 639              		.loc 1 614 40 view .LVU209
 640 005e 4262     		str	r2, [r0, #36]
 615:Drivers/STM32G4xx_HAL_Driver/Src/stm32g4xx_hal_rcc_ex.c **** 
 616:Drivers/STM32G4xx_HAL_Driver/Src/stm32g4xx_hal_rcc_ex.c **** #if defined(SAI1)
 617:Drivers/STM32G4xx_HAL_Driver/Src/stm32g4xx_hal_rcc_ex.c ****   /* Get the SAI1 clock source -----------------------------------------------*/
 618:Drivers/STM32G4xx_HAL_Driver/Src/stm32g4xx_hal_rcc_ex.c ****   PeriphClkInit->Sai1ClockSelection    = __HAL_RCC_GET_SAI1_SOURCE();
 641              		.loc 1 618 3 is_stmt 1 view .LVU210
 642              		.loc 1 618 42 is_stmt 0 view .LVU211
 643 0060 D3F88820 		ldr	r2, [r3, #136]
 644 0064 02F44012 		and	r2, r2, #3145728
 645              		.loc 1 618 40 view .LVU212
 646 0068 8262     		str	r2, [r0, #40]
 619:Drivers/STM32G4xx_HAL_Driver/Src/stm32g4xx_hal_rcc_ex.c **** #endif /* SAI1 */
 620:Drivers/STM32G4xx_HAL_Driver/Src/stm32g4xx_hal_rcc_ex.c **** 
 621:Drivers/STM32G4xx_HAL_Driver/Src/stm32g4xx_hal_rcc_ex.c **** #if defined(SPI_I2S_SUPPORT)
 622:Drivers/STM32G4xx_HAL_Driver/Src/stm32g4xx_hal_rcc_ex.c ****   /* Get the I2S clock source -----------------------------------------------*/
 623:Drivers/STM32G4xx_HAL_Driver/Src/stm32g4xx_hal_rcc_ex.c ****   PeriphClkInit->I2sClockSelection    = __HAL_RCC_GET_I2S_SOURCE();
 647              		.loc 1 623 3 is_stmt 1 view .LVU213
 648              		.loc 1 623 41 is_stmt 0 view .LVU214
 649 006a D3F88820 		ldr	r2, [r3, #136]
 650 006e 02F44002 		and	r2, r2, #12582912
 651              		.loc 1 623 39 view .LVU215
 652 0072 C262     		str	r2, [r0, #44]
 624:Drivers/STM32G4xx_HAL_Driver/Src/stm32g4xx_hal_rcc_ex.c **** #endif /* SPI_I2S_SUPPORT */
 625:Drivers/STM32G4xx_HAL_Driver/Src/stm32g4xx_hal_rcc_ex.c **** 
 626:Drivers/STM32G4xx_HAL_Driver/Src/stm32g4xx_hal_rcc_ex.c **** #if defined(FDCAN1)
 627:Drivers/STM32G4xx_HAL_Driver/Src/stm32g4xx_hal_rcc_ex.c ****   /* Get the FDCAN clock source -----------------------------------------------*/
 628:Drivers/STM32G4xx_HAL_Driver/Src/stm32g4xx_hal_rcc_ex.c ****   PeriphClkInit->FdcanClockSelection    = __HAL_RCC_GET_FDCAN_SOURCE();
 653              		.loc 1 628 3 is_stmt 1 view .LVU216
 654              		.loc 1 628 43 is_stmt 0 view .LVU217
 655 0074 D3F88820 		ldr	r2, [r3, #136]
 656 0078 02F04072 		and	r2, r2, #50331648
 657              		.loc 1 628 41 view .LVU218
 658 007c 0263     		str	r2, [r0, #48]
 629:Drivers/STM32G4xx_HAL_Driver/Src/stm32g4xx_hal_rcc_ex.c **** #endif /* FDCAN1 */
 630:Drivers/STM32G4xx_HAL_Driver/Src/stm32g4xx_hal_rcc_ex.c **** 
 631:Drivers/STM32G4xx_HAL_Driver/Src/stm32g4xx_hal_rcc_ex.c **** #if defined(USB)
 632:Drivers/STM32G4xx_HAL_Driver/Src/stm32g4xx_hal_rcc_ex.c ****   /* Get the USB clock source ------------------------------------------------*/
ARM GAS  /tmp/ccCVkYLU.s 			page 24


 633:Drivers/STM32G4xx_HAL_Driver/Src/stm32g4xx_hal_rcc_ex.c ****   PeriphClkInit->UsbClockSelection   = __HAL_RCC_GET_USB_SOURCE();
 659              		.loc 1 633 3 is_stmt 1 view .LVU219
 660              		.loc 1 633 40 is_stmt 0 view .LVU220
 661 007e D3F88820 		ldr	r2, [r3, #136]
 662 0082 02F04062 		and	r2, r2, #201326592
 663              		.loc 1 633 38 view .LVU221
 664 0086 4263     		str	r2, [r0, #52]
 634:Drivers/STM32G4xx_HAL_Driver/Src/stm32g4xx_hal_rcc_ex.c **** #endif /* USB */
 635:Drivers/STM32G4xx_HAL_Driver/Src/stm32g4xx_hal_rcc_ex.c **** 
 636:Drivers/STM32G4xx_HAL_Driver/Src/stm32g4xx_hal_rcc_ex.c ****   /* Get the RNG clock source ------------------------------------------------*/
 637:Drivers/STM32G4xx_HAL_Driver/Src/stm32g4xx_hal_rcc_ex.c ****   PeriphClkInit->RngClockSelection   = __HAL_RCC_GET_RNG_SOURCE();
 665              		.loc 1 637 3 is_stmt 1 view .LVU222
 666              		.loc 1 637 40 is_stmt 0 view .LVU223
 667 0088 D3F88820 		ldr	r2, [r3, #136]
 668 008c 02F04062 		and	r2, r2, #201326592
 669              		.loc 1 637 38 view .LVU224
 670 0090 8263     		str	r2, [r0, #56]
 638:Drivers/STM32G4xx_HAL_Driver/Src/stm32g4xx_hal_rcc_ex.c **** 
 639:Drivers/STM32G4xx_HAL_Driver/Src/stm32g4xx_hal_rcc_ex.c ****   /* Get the ADC12 clock source -----------------------------------------------*/
 640:Drivers/STM32G4xx_HAL_Driver/Src/stm32g4xx_hal_rcc_ex.c ****   PeriphClkInit->Adc12ClockSelection     = __HAL_RCC_GET_ADC12_SOURCE();
 671              		.loc 1 640 3 is_stmt 1 view .LVU225
 672              		.loc 1 640 44 is_stmt 0 view .LVU226
 673 0092 D3F88820 		ldr	r2, [r3, #136]
 674 0096 02F04052 		and	r2, r2, #805306368
 675              		.loc 1 640 42 view .LVU227
 676 009a C263     		str	r2, [r0, #60]
 641:Drivers/STM32G4xx_HAL_Driver/Src/stm32g4xx_hal_rcc_ex.c **** 
 642:Drivers/STM32G4xx_HAL_Driver/Src/stm32g4xx_hal_rcc_ex.c **** #if defined(ADC345_COMMON)
 643:Drivers/STM32G4xx_HAL_Driver/Src/stm32g4xx_hal_rcc_ex.c ****   /* Get the ADC345 clock source ----------------------------------------------*/
 644:Drivers/STM32G4xx_HAL_Driver/Src/stm32g4xx_hal_rcc_ex.c ****   PeriphClkInit->Adc345ClockSelection     = __HAL_RCC_GET_ADC345_SOURCE();
 645:Drivers/STM32G4xx_HAL_Driver/Src/stm32g4xx_hal_rcc_ex.c **** #endif /* ADC345_COMMON */
 646:Drivers/STM32G4xx_HAL_Driver/Src/stm32g4xx_hal_rcc_ex.c **** 
 647:Drivers/STM32G4xx_HAL_Driver/Src/stm32g4xx_hal_rcc_ex.c **** #if defined(QUADSPI)
 648:Drivers/STM32G4xx_HAL_Driver/Src/stm32g4xx_hal_rcc_ex.c ****   /* Get the QuadSPIclock source --------------------------------------------*/
 649:Drivers/STM32G4xx_HAL_Driver/Src/stm32g4xx_hal_rcc_ex.c ****   PeriphClkInit->QspiClockSelection = __HAL_RCC_GET_QSPI_SOURCE();
 650:Drivers/STM32G4xx_HAL_Driver/Src/stm32g4xx_hal_rcc_ex.c **** #endif /* QUADSPI */
 651:Drivers/STM32G4xx_HAL_Driver/Src/stm32g4xx_hal_rcc_ex.c **** 
 652:Drivers/STM32G4xx_HAL_Driver/Src/stm32g4xx_hal_rcc_ex.c ****   /* Get the RTC clock source ------------------------------------------------*/
 653:Drivers/STM32G4xx_HAL_Driver/Src/stm32g4xx_hal_rcc_ex.c ****   PeriphClkInit->RTCClockSelection     = __HAL_RCC_GET_RTC_SOURCE();
 677              		.loc 1 653 3 is_stmt 1 view .LVU228
 678              		.loc 1 653 42 is_stmt 0 view .LVU229
 679 009c D3F89030 		ldr	r3, [r3, #144]
 680 00a0 03F44073 		and	r3, r3, #768
 681              		.loc 1 653 40 view .LVU230
 682 00a4 0364     		str	r3, [r0, #64]
 654:Drivers/STM32G4xx_HAL_Driver/Src/stm32g4xx_hal_rcc_ex.c **** 
 655:Drivers/STM32G4xx_HAL_Driver/Src/stm32g4xx_hal_rcc_ex.c **** }
 683              		.loc 1 655 1 view .LVU231
 684 00a6 7047     		bx	lr
 685              	.L50:
 686              		.align	2
 687              	.L49:
 688 00a8 EFFF0800 		.word	589807
 689 00ac 00100240 		.word	1073876992
 690              		.cfi_endproc
 691              	.LFE330:
 693              		.section	.text.HAL_RCCEx_GetPeriphCLKFreq,"ax",%progbits
ARM GAS  /tmp/ccCVkYLU.s 			page 25


 694              		.align	1
 695              		.global	HAL_RCCEx_GetPeriphCLKFreq
 696              		.syntax unified
 697              		.thumb
 698              		.thumb_func
 700              	HAL_RCCEx_GetPeriphCLKFreq:
 701              	.LVL27:
 702              	.LFB331:
 656:Drivers/STM32G4xx_HAL_Driver/Src/stm32g4xx_hal_rcc_ex.c **** 
 657:Drivers/STM32G4xx_HAL_Driver/Src/stm32g4xx_hal_rcc_ex.c **** /**
 658:Drivers/STM32G4xx_HAL_Driver/Src/stm32g4xx_hal_rcc_ex.c ****   * @brief  Return the peripheral clock frequency for peripherals with clock source from PLL
 659:Drivers/STM32G4xx_HAL_Driver/Src/stm32g4xx_hal_rcc_ex.c ****   * @note   Return 0 if peripheral clock identifier not managed by this API
 660:Drivers/STM32G4xx_HAL_Driver/Src/stm32g4xx_hal_rcc_ex.c ****   * @param  PeriphClk  Peripheral clock identifier
 661:Drivers/STM32G4xx_HAL_Driver/Src/stm32g4xx_hal_rcc_ex.c ****   *         This parameter can be one of the following values:
 662:Drivers/STM32G4xx_HAL_Driver/Src/stm32g4xx_hal_rcc_ex.c ****   *            @arg @ref RCC_PERIPHCLK_USART1  USART1 peripheral clock
 663:Drivers/STM32G4xx_HAL_Driver/Src/stm32g4xx_hal_rcc_ex.c ****   *            @arg @ref RCC_PERIPHCLK_USART2  USART2 peripheral clock
 664:Drivers/STM32G4xx_HAL_Driver/Src/stm32g4xx_hal_rcc_ex.c ****   *            @arg @ref RCC_PERIPHCLK_USART3  USART3 peripheral clock
 665:Drivers/STM32G4xx_HAL_Driver/Src/stm32g4xx_hal_rcc_ex.c ****   *            @arg @ref RCC_PERIPHCLK_UART4  UART4 peripheral clock (only for devices with UART4)
 666:Drivers/STM32G4xx_HAL_Driver/Src/stm32g4xx_hal_rcc_ex.c ****   *            @arg @ref RCC_PERIPHCLK_UART5  UART5 peripheral clock (only for devices with UART5)
 667:Drivers/STM32G4xx_HAL_Driver/Src/stm32g4xx_hal_rcc_ex.c ****   *            @arg @ref RCC_PERIPHCLK_LPUART1  LPUART1 peripheral clock
 668:Drivers/STM32G4xx_HAL_Driver/Src/stm32g4xx_hal_rcc_ex.c ****   *            @arg @ref RCC_PERIPHCLK_I2C1  I2C1 peripheral clock
 669:Drivers/STM32G4xx_HAL_Driver/Src/stm32g4xx_hal_rcc_ex.c ****   *            @arg @ref RCC_PERIPHCLK_I2C2  I2C2 peripheral clock
 670:Drivers/STM32G4xx_HAL_Driver/Src/stm32g4xx_hal_rcc_ex.c ****   *            @arg @ref RCC_PERIPHCLK_I2C3  I2C3 peripheral clock
 671:Drivers/STM32G4xx_HAL_Driver/Src/stm32g4xx_hal_rcc_ex.c ****   *            @arg @ref RCC_PERIPHCLK_I2C4  I2C4 peripheral clock (only for devices with I2C4)
 672:Drivers/STM32G4xx_HAL_Driver/Src/stm32g4xx_hal_rcc_ex.c ****   *            @arg @ref RCC_PERIPHCLK_LPTIM1  LPTIM1 peripheral clock
 673:Drivers/STM32G4xx_HAL_Driver/Src/stm32g4xx_hal_rcc_ex.c ****   *            @arg @ref RCC_PERIPHCLK_SAI1  SAI1 peripheral clock
 674:Drivers/STM32G4xx_HAL_Driver/Src/stm32g4xx_hal_rcc_ex.c ****   *            @arg @ref RCC_PERIPHCLK_I2S  SPI peripheral clock
 675:Drivers/STM32G4xx_HAL_Driver/Src/stm32g4xx_hal_rcc_ex.c ****   *            @arg @ref RCC_PERIPHCLK_FDCAN  FDCAN peripheral clock (only for devices with FDCAN)
 676:Drivers/STM32G4xx_HAL_Driver/Src/stm32g4xx_hal_rcc_ex.c ****   *            @arg @ref RCC_PERIPHCLK_RNG  RNG peripheral clock
 677:Drivers/STM32G4xx_HAL_Driver/Src/stm32g4xx_hal_rcc_ex.c ****   *            @arg @ref RCC_PERIPHCLK_USB  USB peripheral clock (only for devices with USB)
 678:Drivers/STM32G4xx_HAL_Driver/Src/stm32g4xx_hal_rcc_ex.c ****   *            @arg @ref RCC_PERIPHCLK_ADC12  ADC1 and ADC2 peripheral clock
 679:Drivers/STM32G4xx_HAL_Driver/Src/stm32g4xx_hal_rcc_ex.c ****   *            @arg @ref RCC_PERIPHCLK_ADC345  ADC3, ADC4 and ADC5 peripheral clock (only for devic
 680:Drivers/STM32G4xx_HAL_Driver/Src/stm32g4xx_hal_rcc_ex.c ****   *            @arg @ref RCC_PERIPHCLK_QSPI  QSPI peripheral clock (only for devices with QSPI)
 681:Drivers/STM32G4xx_HAL_Driver/Src/stm32g4xx_hal_rcc_ex.c ****   *            @arg @ref RCC_PERIPHCLK_RTC  RTC peripheral clock
 682:Drivers/STM32G4xx_HAL_Driver/Src/stm32g4xx_hal_rcc_ex.c ****   * @retval Frequency in Hz
 683:Drivers/STM32G4xx_HAL_Driver/Src/stm32g4xx_hal_rcc_ex.c ****   */
 684:Drivers/STM32G4xx_HAL_Driver/Src/stm32g4xx_hal_rcc_ex.c **** uint32_t HAL_RCCEx_GetPeriphCLKFreq(uint32_t PeriphClk)
 685:Drivers/STM32G4xx_HAL_Driver/Src/stm32g4xx_hal_rcc_ex.c **** {
 703              		.loc 1 685 1 is_stmt 1 view -0
 704              		.cfi_startproc
 705              		@ args = 0, pretend = 0, frame = 0
 706              		@ frame_needed = 0, uses_anonymous_args = 0
 707              		.loc 1 685 1 is_stmt 0 view .LVU233
 708 0000 08B5     		push	{r3, lr}
 709              	.LCFI4:
 710              		.cfi_def_cfa_offset 8
 711              		.cfi_offset 3, -8
 712              		.cfi_offset 14, -4
 686:Drivers/STM32G4xx_HAL_Driver/Src/stm32g4xx_hal_rcc_ex.c ****   uint32_t frequency = 0U;
 713              		.loc 1 686 3 is_stmt 1 view .LVU234
 714              	.LVL28:
 687:Drivers/STM32G4xx_HAL_Driver/Src/stm32g4xx_hal_rcc_ex.c ****   uint32_t srcclk;
 715              		.loc 1 687 3 view .LVU235
 688:Drivers/STM32G4xx_HAL_Driver/Src/stm32g4xx_hal_rcc_ex.c ****   uint32_t pllvco, plln, pllp;
 716              		.loc 1 688 3 view .LVU236
 689:Drivers/STM32G4xx_HAL_Driver/Src/stm32g4xx_hal_rcc_ex.c **** 
 690:Drivers/STM32G4xx_HAL_Driver/Src/stm32g4xx_hal_rcc_ex.c ****   /* Check the parameters */
ARM GAS  /tmp/ccCVkYLU.s 			page 26


 691:Drivers/STM32G4xx_HAL_Driver/Src/stm32g4xx_hal_rcc_ex.c ****   assert_param(IS_RCC_PERIPHCLOCK(PeriphClk));
 717              		.loc 1 691 3 view .LVU237
 692:Drivers/STM32G4xx_HAL_Driver/Src/stm32g4xx_hal_rcc_ex.c **** 
 693:Drivers/STM32G4xx_HAL_Driver/Src/stm32g4xx_hal_rcc_ex.c ****   if(PeriphClk == RCC_PERIPHCLK_RTC)
 718              		.loc 1 693 3 view .LVU238
 719              		.loc 1 693 5 is_stmt 0 view .LVU239
 720 0002 B0F5002F 		cmp	r0, #524288
 721 0006 43D0     		beq	.L137
 694:Drivers/STM32G4xx_HAL_Driver/Src/stm32g4xx_hal_rcc_ex.c ****   {
 695:Drivers/STM32G4xx_HAL_Driver/Src/stm32g4xx_hal_rcc_ex.c ****     /* Get the current RTC source */
 696:Drivers/STM32G4xx_HAL_Driver/Src/stm32g4xx_hal_rcc_ex.c ****     srcclk = __HAL_RCC_GET_RTC_SOURCE();
 697:Drivers/STM32G4xx_HAL_Driver/Src/stm32g4xx_hal_rcc_ex.c **** 
 698:Drivers/STM32G4xx_HAL_Driver/Src/stm32g4xx_hal_rcc_ex.c ****     /* Check if LSE is ready and if RTC clock selection is LSE */
 699:Drivers/STM32G4xx_HAL_Driver/Src/stm32g4xx_hal_rcc_ex.c ****     if ((HAL_IS_BIT_SET(RCC->BDCR, RCC_BDCR_LSERDY)) && (srcclk == RCC_RTCCLKSOURCE_LSE))
 700:Drivers/STM32G4xx_HAL_Driver/Src/stm32g4xx_hal_rcc_ex.c ****     {
 701:Drivers/STM32G4xx_HAL_Driver/Src/stm32g4xx_hal_rcc_ex.c ****       frequency = LSE_VALUE;
 702:Drivers/STM32G4xx_HAL_Driver/Src/stm32g4xx_hal_rcc_ex.c ****     }
 703:Drivers/STM32G4xx_HAL_Driver/Src/stm32g4xx_hal_rcc_ex.c ****     /* Check if LSI is ready and if RTC clock selection is LSI */
 704:Drivers/STM32G4xx_HAL_Driver/Src/stm32g4xx_hal_rcc_ex.c ****     else if ((HAL_IS_BIT_SET(RCC->CSR, RCC_CSR_LSIRDY)) && (srcclk == RCC_RTCCLKSOURCE_LSI))
 705:Drivers/STM32G4xx_HAL_Driver/Src/stm32g4xx_hal_rcc_ex.c ****     {
 706:Drivers/STM32G4xx_HAL_Driver/Src/stm32g4xx_hal_rcc_ex.c ****       frequency = LSI_VALUE;
 707:Drivers/STM32G4xx_HAL_Driver/Src/stm32g4xx_hal_rcc_ex.c ****     }
 708:Drivers/STM32G4xx_HAL_Driver/Src/stm32g4xx_hal_rcc_ex.c ****     /* Check if HSE is ready  and if RTC clock selection is HSI_DIV32*/
 709:Drivers/STM32G4xx_HAL_Driver/Src/stm32g4xx_hal_rcc_ex.c ****     else if ((HAL_IS_BIT_SET(RCC->CR, RCC_CR_HSERDY)) && (srcclk == RCC_RTCCLKSOURCE_HSE_DIV32))
 710:Drivers/STM32G4xx_HAL_Driver/Src/stm32g4xx_hal_rcc_ex.c ****     {
 711:Drivers/STM32G4xx_HAL_Driver/Src/stm32g4xx_hal_rcc_ex.c ****       frequency = HSE_VALUE / 32U;
 712:Drivers/STM32G4xx_HAL_Driver/Src/stm32g4xx_hal_rcc_ex.c ****     }
 713:Drivers/STM32G4xx_HAL_Driver/Src/stm32g4xx_hal_rcc_ex.c ****     /* Clock not enabled for RTC*/
 714:Drivers/STM32G4xx_HAL_Driver/Src/stm32g4xx_hal_rcc_ex.c ****     else
 715:Drivers/STM32G4xx_HAL_Driver/Src/stm32g4xx_hal_rcc_ex.c ****     {
 716:Drivers/STM32G4xx_HAL_Driver/Src/stm32g4xx_hal_rcc_ex.c ****       /* nothing to do: frequency already initialized to 0 */
 717:Drivers/STM32G4xx_HAL_Driver/Src/stm32g4xx_hal_rcc_ex.c ****     }
 718:Drivers/STM32G4xx_HAL_Driver/Src/stm32g4xx_hal_rcc_ex.c ****   }
 719:Drivers/STM32G4xx_HAL_Driver/Src/stm32g4xx_hal_rcc_ex.c ****   else
 720:Drivers/STM32G4xx_HAL_Driver/Src/stm32g4xx_hal_rcc_ex.c ****   {
 721:Drivers/STM32G4xx_HAL_Driver/Src/stm32g4xx_hal_rcc_ex.c ****     /* Other external peripheral clock source than RTC */
 722:Drivers/STM32G4xx_HAL_Driver/Src/stm32g4xx_hal_rcc_ex.c **** 
 723:Drivers/STM32G4xx_HAL_Driver/Src/stm32g4xx_hal_rcc_ex.c ****     /* Compute PLL clock input */
 724:Drivers/STM32G4xx_HAL_Driver/Src/stm32g4xx_hal_rcc_ex.c ****     if(__HAL_RCC_GET_PLL_OSCSOURCE() == RCC_PLLSOURCE_HSI)   /* HSI ? */
 722              		.loc 1 724 5 is_stmt 1 view .LVU240
 723              		.loc 1 724 8 is_stmt 0 view .LVU241
 724 0008 A74B     		ldr	r3, .L165
 725 000a DB68     		ldr	r3, [r3, #12]
 726 000c 03F00303 		and	r3, r3, #3
 727              		.loc 1 724 7 view .LVU242
 728 0010 022B     		cmp	r3, #2
 729 0012 63D0     		beq	.L138
 725:Drivers/STM32G4xx_HAL_Driver/Src/stm32g4xx_hal_rcc_ex.c ****     {
 726:Drivers/STM32G4xx_HAL_Driver/Src/stm32g4xx_hal_rcc_ex.c ****       if(HAL_IS_BIT_SET(RCC->CR, RCC_CR_HSIRDY))
 727:Drivers/STM32G4xx_HAL_Driver/Src/stm32g4xx_hal_rcc_ex.c ****       {
 728:Drivers/STM32G4xx_HAL_Driver/Src/stm32g4xx_hal_rcc_ex.c ****         pllvco = HSI_VALUE;
 729:Drivers/STM32G4xx_HAL_Driver/Src/stm32g4xx_hal_rcc_ex.c ****       }
 730:Drivers/STM32G4xx_HAL_Driver/Src/stm32g4xx_hal_rcc_ex.c ****       else
 731:Drivers/STM32G4xx_HAL_Driver/Src/stm32g4xx_hal_rcc_ex.c ****       {
 732:Drivers/STM32G4xx_HAL_Driver/Src/stm32g4xx_hal_rcc_ex.c ****         pllvco = 0U;
 733:Drivers/STM32G4xx_HAL_Driver/Src/stm32g4xx_hal_rcc_ex.c ****       }
 734:Drivers/STM32G4xx_HAL_Driver/Src/stm32g4xx_hal_rcc_ex.c ****     }
ARM GAS  /tmp/ccCVkYLU.s 			page 27


 735:Drivers/STM32G4xx_HAL_Driver/Src/stm32g4xx_hal_rcc_ex.c ****     else if(__HAL_RCC_GET_PLL_OSCSOURCE() == RCC_PLLSOURCE_HSE)   /* HSE ? */
 730              		.loc 1 735 10 is_stmt 1 view .LVU243
 731              		.loc 1 735 13 is_stmt 0 view .LVU244
 732 0014 A44B     		ldr	r3, .L165
 733 0016 DB68     		ldr	r3, [r3, #12]
 734 0018 03F00303 		and	r3, r3, #3
 735              		.loc 1 735 12 view .LVU245
 736 001c 032B     		cmp	r3, #3
 737 001e 64D0     		beq	.L139
 736:Drivers/STM32G4xx_HAL_Driver/Src/stm32g4xx_hal_rcc_ex.c ****     {
 737:Drivers/STM32G4xx_HAL_Driver/Src/stm32g4xx_hal_rcc_ex.c ****       if(HAL_IS_BIT_SET(RCC->CR, RCC_CR_HSERDY))
 738:Drivers/STM32G4xx_HAL_Driver/Src/stm32g4xx_hal_rcc_ex.c ****       {
 739:Drivers/STM32G4xx_HAL_Driver/Src/stm32g4xx_hal_rcc_ex.c ****         pllvco = HSE_VALUE;
 740:Drivers/STM32G4xx_HAL_Driver/Src/stm32g4xx_hal_rcc_ex.c ****       }
 741:Drivers/STM32G4xx_HAL_Driver/Src/stm32g4xx_hal_rcc_ex.c ****       else
 742:Drivers/STM32G4xx_HAL_Driver/Src/stm32g4xx_hal_rcc_ex.c ****       {
 743:Drivers/STM32G4xx_HAL_Driver/Src/stm32g4xx_hal_rcc_ex.c ****         pllvco = 0U;
 744:Drivers/STM32G4xx_HAL_Driver/Src/stm32g4xx_hal_rcc_ex.c ****       }
 745:Drivers/STM32G4xx_HAL_Driver/Src/stm32g4xx_hal_rcc_ex.c ****     }
 746:Drivers/STM32G4xx_HAL_Driver/Src/stm32g4xx_hal_rcc_ex.c ****     else /* No source */
 747:Drivers/STM32G4xx_HAL_Driver/Src/stm32g4xx_hal_rcc_ex.c ****     {
 748:Drivers/STM32G4xx_HAL_Driver/Src/stm32g4xx_hal_rcc_ex.c ****       pllvco = 0U;
 738              		.loc 1 748 14 view .LVU246
 739 0020 0022     		movs	r2, #0
 740              	.L57:
 741              	.LVL29:
 749:Drivers/STM32G4xx_HAL_Driver/Src/stm32g4xx_hal_rcc_ex.c ****     }
 750:Drivers/STM32G4xx_HAL_Driver/Src/stm32g4xx_hal_rcc_ex.c **** 
 751:Drivers/STM32G4xx_HAL_Driver/Src/stm32g4xx_hal_rcc_ex.c ****     /* f(PLL Source) / PLLM */
 752:Drivers/STM32G4xx_HAL_Driver/Src/stm32g4xx_hal_rcc_ex.c ****     pllvco = (pllvco / ((READ_BIT(RCC->PLLCFGR, RCC_PLLCFGR_PLLM) >> RCC_PLLCFGR_PLLM_Pos) + 1U));
 742              		.loc 1 752 5 is_stmt 1 view .LVU247
 743              		.loc 1 752 26 is_stmt 0 view .LVU248
 744 0022 A14B     		ldr	r3, .L165
 745 0024 DB68     		ldr	r3, [r3, #12]
 746              		.loc 1 752 67 view .LVU249
 747 0026 C3F30313 		ubfx	r3, r3, #4, #4
 748              		.loc 1 752 92 view .LVU250
 749 002a 0133     		adds	r3, r3, #1
 750              		.loc 1 752 12 view .LVU251
 751 002c B2FBF3F2 		udiv	r2, r2, r3
 752              	.LVL30:
 753:Drivers/STM32G4xx_HAL_Driver/Src/stm32g4xx_hal_rcc_ex.c **** 
 754:Drivers/STM32G4xx_HAL_Driver/Src/stm32g4xx_hal_rcc_ex.c ****     switch(PeriphClk)
 753              		.loc 1 754 5 is_stmt 1 view .LVU252
 754 0030 B0F5807F 		cmp	r0, #256
 755 0034 00F0A781 		beq	.L58
 756 0038 7BD8     		bhi	.L59
 757 003a 2028     		cmp	r0, #32
 758 003c 5CD8     		bhi	.L60
 759 003e 0028     		cmp	r0, #0
 760 0040 00F08882 		beq	.L51
 761 0044 0138     		subs	r0, r0, #1
 762              	.LVL31:
 763              		.loc 1 754 5 is_stmt 0 view .LVU253
 764 0046 1F28     		cmp	r0, #31
 765 0048 00F28382 		bhi	.L61
 766 004c DFE810F0 		tbh	[pc, r0, lsl #1]
ARM GAS  /tmp/ccCVkYLU.s 			page 28


 767              	.L63:
 768 0050 C900     		.2byte	(.L67-.L63)/2
 769 0052 EB00     		.2byte	(.L66-.L63)/2
 770 0054 8102     		.2byte	(.L61-.L63)/2
 771 0056 0D01     		.2byte	(.L65-.L63)/2
 772 0058 8102     		.2byte	(.L61-.L63)/2
 773 005a 8102     		.2byte	(.L61-.L63)/2
 774 005c 8102     		.2byte	(.L61-.L63)/2
 775 005e 3301     		.2byte	(.L64-.L63)/2
 776 0060 8102     		.2byte	(.L61-.L63)/2
 777 0062 8102     		.2byte	(.L61-.L63)/2
 778 0064 8102     		.2byte	(.L61-.L63)/2
 779 0066 8102     		.2byte	(.L61-.L63)/2
 780 0068 8102     		.2byte	(.L61-.L63)/2
 781 006a 8102     		.2byte	(.L61-.L63)/2
 782 006c 8102     		.2byte	(.L61-.L63)/2
 783 006e 8102     		.2byte	(.L61-.L63)/2
 784 0070 8102     		.2byte	(.L61-.L63)/2
 785 0072 8102     		.2byte	(.L61-.L63)/2
 786 0074 8102     		.2byte	(.L61-.L63)/2
 787 0076 8102     		.2byte	(.L61-.L63)/2
 788 0078 8102     		.2byte	(.L61-.L63)/2
 789 007a 8102     		.2byte	(.L61-.L63)/2
 790 007c 8102     		.2byte	(.L61-.L63)/2
 791 007e 8102     		.2byte	(.L61-.L63)/2
 792 0080 8102     		.2byte	(.L61-.L63)/2
 793 0082 8102     		.2byte	(.L61-.L63)/2
 794 0084 8102     		.2byte	(.L61-.L63)/2
 795 0086 8102     		.2byte	(.L61-.L63)/2
 796 0088 8102     		.2byte	(.L61-.L63)/2
 797 008a 8102     		.2byte	(.L61-.L63)/2
 798 008c 8102     		.2byte	(.L61-.L63)/2
 799 008e 5501     		.2byte	(.L62-.L63)/2
 800              	.LVL32:
 801              		.p2align 1
 802              	.L137:
 696:Drivers/STM32G4xx_HAL_Driver/Src/stm32g4xx_hal_rcc_ex.c **** 
 803              		.loc 1 696 5 is_stmt 1 view .LVU254
 696:Drivers/STM32G4xx_HAL_Driver/Src/stm32g4xx_hal_rcc_ex.c **** 
 804              		.loc 1 696 14 is_stmt 0 view .LVU255
 805 0090 854A     		ldr	r2, .L165
 806 0092 D2F89030 		ldr	r3, [r2, #144]
 696:Drivers/STM32G4xx_HAL_Driver/Src/stm32g4xx_hal_rcc_ex.c **** 
 807              		.loc 1 696 12 view .LVU256
 808 0096 03F44073 		and	r3, r3, #768
 809              	.LVL33:
 699:Drivers/STM32G4xx_HAL_Driver/Src/stm32g4xx_hal_rcc_ex.c ****     {
 810              		.loc 1 699 5 is_stmt 1 view .LVU257
 699:Drivers/STM32G4xx_HAL_Driver/Src/stm32g4xx_hal_rcc_ex.c ****     {
 811              		.loc 1 699 10 is_stmt 0 view .LVU258
 812 009a D2F89020 		ldr	r2, [r2, #144]
 699:Drivers/STM32G4xx_HAL_Driver/Src/stm32g4xx_hal_rcc_ex.c ****     {
 813              		.loc 1 699 8 view .LVU259
 814 009e 12F0020F 		tst	r2, #2
 815 00a2 03D0     		beq	.L53
 699:Drivers/STM32G4xx_HAL_Driver/Src/stm32g4xx_hal_rcc_ex.c ****     {
 816              		.loc 1 699 54 discriminator 1 view .LVU260
ARM GAS  /tmp/ccCVkYLU.s 			page 29


 817 00a4 B3F5807F 		cmp	r3, #256
 818 00a8 00F07982 		beq	.L117
 819              	.L53:
 704:Drivers/STM32G4xx_HAL_Driver/Src/stm32g4xx_hal_rcc_ex.c ****     {
 820              		.loc 1 704 10 is_stmt 1 view .LVU261
 704:Drivers/STM32G4xx_HAL_Driver/Src/stm32g4xx_hal_rcc_ex.c ****     {
 821              		.loc 1 704 15 is_stmt 0 view .LVU262
 822 00ac 7E4A     		ldr	r2, .L165
 823 00ae D2F89420 		ldr	r2, [r2, #148]
 704:Drivers/STM32G4xx_HAL_Driver/Src/stm32g4xx_hal_rcc_ex.c ****     {
 824              		.loc 1 704 13 view .LVU263
 825 00b2 12F0020F 		tst	r2, #2
 826 00b6 02D0     		beq	.L55
 704:Drivers/STM32G4xx_HAL_Driver/Src/stm32g4xx_hal_rcc_ex.c ****     {
 827              		.loc 1 704 57 discriminator 1 view .LVU264
 828 00b8 B3F5007F 		cmp	r3, #512
 829 00bc 0BD0     		beq	.L102
 830              	.L55:
 709:Drivers/STM32G4xx_HAL_Driver/Src/stm32g4xx_hal_rcc_ex.c ****     {
 831              		.loc 1 709 10 is_stmt 1 view .LVU265
 709:Drivers/STM32G4xx_HAL_Driver/Src/stm32g4xx_hal_rcc_ex.c ****     {
 832              		.loc 1 709 15 is_stmt 0 view .LVU266
 833 00be 7A4A     		ldr	r2, .L165
 834 00c0 1068     		ldr	r0, [r2]
 835              	.LVL34:
 709:Drivers/STM32G4xx_HAL_Driver/Src/stm32g4xx_hal_rcc_ex.c ****     {
 836              		.loc 1 709 13 view .LVU267
 837 00c2 10F40030 		ands	r0, r0, #131072
 838 00c6 00F04582 		beq	.L51
 709:Drivers/STM32G4xx_HAL_Driver/Src/stm32g4xx_hal_rcc_ex.c ****     {
 839              		.loc 1 709 55 discriminator 1 view .LVU268
 840 00ca B3F5407F 		cmp	r3, #768
 841 00ce 00F06982 		beq	.L118
 686:Drivers/STM32G4xx_HAL_Driver/Src/stm32g4xx_hal_rcc_ex.c ****   uint32_t srcclk;
 842              		.loc 1 686 12 view .LVU269
 843 00d2 0020     		movs	r0, #0
 844 00d4 3EE2     		b	.L51
 845              	.LVL35:
 846              	.L102:
 706:Drivers/STM32G4xx_HAL_Driver/Src/stm32g4xx_hal_rcc_ex.c ****     }
 847              		.loc 1 706 17 view .LVU270
 848 00d6 4FF4FA40 		mov	r0, #32000
 849              	.LVL36:
 706:Drivers/STM32G4xx_HAL_Driver/Src/stm32g4xx_hal_rcc_ex.c ****     }
 850              		.loc 1 706 17 view .LVU271
 851 00da 3BE2     		b	.L51
 852              	.LVL37:
 853              	.L138:
 726:Drivers/STM32G4xx_HAL_Driver/Src/stm32g4xx_hal_rcc_ex.c ****       {
 854              		.loc 1 726 7 is_stmt 1 view .LVU272
 726:Drivers/STM32G4xx_HAL_Driver/Src/stm32g4xx_hal_rcc_ex.c ****       {
 855              		.loc 1 726 10 is_stmt 0 view .LVU273
 856 00dc 724B     		ldr	r3, .L165
 857 00de 1A68     		ldr	r2, [r3]
 726:Drivers/STM32G4xx_HAL_Driver/Src/stm32g4xx_hal_rcc_ex.c ****       {
 858              		.loc 1 726 9 view .LVU274
 859 00e0 12F48062 		ands	r2, r2, #1024
ARM GAS  /tmp/ccCVkYLU.s 			page 30


 860 00e4 9DD0     		beq	.L57
 728:Drivers/STM32G4xx_HAL_Driver/Src/stm32g4xx_hal_rcc_ex.c ****       }
 861              		.loc 1 728 16 view .LVU275
 862 00e6 714A     		ldr	r2, .L165+4
 863 00e8 9BE7     		b	.L57
 864              	.L139:
 737:Drivers/STM32G4xx_HAL_Driver/Src/stm32g4xx_hal_rcc_ex.c ****       {
 865              		.loc 1 737 7 is_stmt 1 view .LVU276
 737:Drivers/STM32G4xx_HAL_Driver/Src/stm32g4xx_hal_rcc_ex.c ****       {
 866              		.loc 1 737 10 is_stmt 0 view .LVU277
 867 00ea 6F4B     		ldr	r3, .L165
 868 00ec 1A68     		ldr	r2, [r3]
 737:Drivers/STM32G4xx_HAL_Driver/Src/stm32g4xx_hal_rcc_ex.c ****       {
 869              		.loc 1 737 9 view .LVU278
 870 00ee 12F40032 		ands	r2, r2, #131072
 871 00f2 96D0     		beq	.L57
 739:Drivers/STM32G4xx_HAL_Driver/Src/stm32g4xx_hal_rcc_ex.c ****       }
 872              		.loc 1 739 16 view .LVU279
 873 00f4 6D4A     		ldr	r2, .L165+4
 874 00f6 94E7     		b	.L57
 875              	.LVL38:
 876              	.L60:
 877              		.loc 1 754 5 view .LVU280
 878 00f8 4028     		cmp	r0, #64
 879 00fa 00F02381 		beq	.L68
 880 00fe 8028     		cmp	r0, #128
 881 0100 40F02782 		bne	.L61
 755:Drivers/STM32G4xx_HAL_Driver/Src/stm32g4xx_hal_rcc_ex.c ****     {
 756:Drivers/STM32G4xx_HAL_Driver/Src/stm32g4xx_hal_rcc_ex.c **** 
 757:Drivers/STM32G4xx_HAL_Driver/Src/stm32g4xx_hal_rcc_ex.c ****     case RCC_PERIPHCLK_USART1:
 758:Drivers/STM32G4xx_HAL_Driver/Src/stm32g4xx_hal_rcc_ex.c ****       /* Get the current USART1 source */
 759:Drivers/STM32G4xx_HAL_Driver/Src/stm32g4xx_hal_rcc_ex.c ****       srcclk = __HAL_RCC_GET_USART1_SOURCE();
 760:Drivers/STM32G4xx_HAL_Driver/Src/stm32g4xx_hal_rcc_ex.c **** 
 761:Drivers/STM32G4xx_HAL_Driver/Src/stm32g4xx_hal_rcc_ex.c ****       if(srcclk == RCC_USART1CLKSOURCE_PCLK2)
 762:Drivers/STM32G4xx_HAL_Driver/Src/stm32g4xx_hal_rcc_ex.c ****       {
 763:Drivers/STM32G4xx_HAL_Driver/Src/stm32g4xx_hal_rcc_ex.c ****         frequency = HAL_RCC_GetPCLK2Freq();
 764:Drivers/STM32G4xx_HAL_Driver/Src/stm32g4xx_hal_rcc_ex.c ****       }
 765:Drivers/STM32G4xx_HAL_Driver/Src/stm32g4xx_hal_rcc_ex.c ****       else if(srcclk == RCC_USART1CLKSOURCE_SYSCLK)
 766:Drivers/STM32G4xx_HAL_Driver/Src/stm32g4xx_hal_rcc_ex.c ****       {
 767:Drivers/STM32G4xx_HAL_Driver/Src/stm32g4xx_hal_rcc_ex.c ****         frequency = HAL_RCC_GetSysClockFreq();
 768:Drivers/STM32G4xx_HAL_Driver/Src/stm32g4xx_hal_rcc_ex.c ****       }
 769:Drivers/STM32G4xx_HAL_Driver/Src/stm32g4xx_hal_rcc_ex.c ****       else if((HAL_IS_BIT_SET(RCC->CR, RCC_CR_HSIRDY)) && (srcclk == RCC_USART1CLKSOURCE_HSI) )
 770:Drivers/STM32G4xx_HAL_Driver/Src/stm32g4xx_hal_rcc_ex.c ****       {
 771:Drivers/STM32G4xx_HAL_Driver/Src/stm32g4xx_hal_rcc_ex.c ****         frequency = HSI_VALUE;
 772:Drivers/STM32G4xx_HAL_Driver/Src/stm32g4xx_hal_rcc_ex.c ****       }
 773:Drivers/STM32G4xx_HAL_Driver/Src/stm32g4xx_hal_rcc_ex.c ****       else if((HAL_IS_BIT_SET(RCC->BDCR, RCC_BDCR_LSERDY)) && (srcclk == RCC_USART1CLKSOURCE_LSE))
 774:Drivers/STM32G4xx_HAL_Driver/Src/stm32g4xx_hal_rcc_ex.c ****       {
 775:Drivers/STM32G4xx_HAL_Driver/Src/stm32g4xx_hal_rcc_ex.c ****         frequency = LSE_VALUE;
 776:Drivers/STM32G4xx_HAL_Driver/Src/stm32g4xx_hal_rcc_ex.c ****       }
 777:Drivers/STM32G4xx_HAL_Driver/Src/stm32g4xx_hal_rcc_ex.c ****       /* Clock not enabled for USART1 */
 778:Drivers/STM32G4xx_HAL_Driver/Src/stm32g4xx_hal_rcc_ex.c ****       else
 779:Drivers/STM32G4xx_HAL_Driver/Src/stm32g4xx_hal_rcc_ex.c ****       {
 780:Drivers/STM32G4xx_HAL_Driver/Src/stm32g4xx_hal_rcc_ex.c ****         /* nothing to do: frequency already initialized to 0 */
 781:Drivers/STM32G4xx_HAL_Driver/Src/stm32g4xx_hal_rcc_ex.c ****       }
 782:Drivers/STM32G4xx_HAL_Driver/Src/stm32g4xx_hal_rcc_ex.c ****       break;
 783:Drivers/STM32G4xx_HAL_Driver/Src/stm32g4xx_hal_rcc_ex.c **** 
 784:Drivers/STM32G4xx_HAL_Driver/Src/stm32g4xx_hal_rcc_ex.c ****     case RCC_PERIPHCLK_USART2:
ARM GAS  /tmp/ccCVkYLU.s 			page 31


 785:Drivers/STM32G4xx_HAL_Driver/Src/stm32g4xx_hal_rcc_ex.c ****       /* Get the current USART2 source */
 786:Drivers/STM32G4xx_HAL_Driver/Src/stm32g4xx_hal_rcc_ex.c ****       srcclk = __HAL_RCC_GET_USART2_SOURCE();
 787:Drivers/STM32G4xx_HAL_Driver/Src/stm32g4xx_hal_rcc_ex.c **** 
 788:Drivers/STM32G4xx_HAL_Driver/Src/stm32g4xx_hal_rcc_ex.c ****       if(srcclk == RCC_USART2CLKSOURCE_PCLK1)
 789:Drivers/STM32G4xx_HAL_Driver/Src/stm32g4xx_hal_rcc_ex.c ****       {
 790:Drivers/STM32G4xx_HAL_Driver/Src/stm32g4xx_hal_rcc_ex.c ****         frequency = HAL_RCC_GetPCLK1Freq();
 791:Drivers/STM32G4xx_HAL_Driver/Src/stm32g4xx_hal_rcc_ex.c ****       }
 792:Drivers/STM32G4xx_HAL_Driver/Src/stm32g4xx_hal_rcc_ex.c ****       else if(srcclk == RCC_USART2CLKSOURCE_SYSCLK)
 793:Drivers/STM32G4xx_HAL_Driver/Src/stm32g4xx_hal_rcc_ex.c ****       {
 794:Drivers/STM32G4xx_HAL_Driver/Src/stm32g4xx_hal_rcc_ex.c ****         frequency = HAL_RCC_GetSysClockFreq();
 795:Drivers/STM32G4xx_HAL_Driver/Src/stm32g4xx_hal_rcc_ex.c ****       }
 796:Drivers/STM32G4xx_HAL_Driver/Src/stm32g4xx_hal_rcc_ex.c ****       else if((HAL_IS_BIT_SET(RCC->CR, RCC_CR_HSIRDY)) && (srcclk == RCC_USART2CLKSOURCE_HSI))
 797:Drivers/STM32G4xx_HAL_Driver/Src/stm32g4xx_hal_rcc_ex.c ****       {
 798:Drivers/STM32G4xx_HAL_Driver/Src/stm32g4xx_hal_rcc_ex.c ****         frequency = HSI_VALUE;
 799:Drivers/STM32G4xx_HAL_Driver/Src/stm32g4xx_hal_rcc_ex.c ****       }
 800:Drivers/STM32G4xx_HAL_Driver/Src/stm32g4xx_hal_rcc_ex.c ****       else if((HAL_IS_BIT_SET(RCC->BDCR, RCC_BDCR_LSERDY))  && (srcclk == RCC_USART2CLKSOURCE_LSE))
 801:Drivers/STM32G4xx_HAL_Driver/Src/stm32g4xx_hal_rcc_ex.c ****       {
 802:Drivers/STM32G4xx_HAL_Driver/Src/stm32g4xx_hal_rcc_ex.c ****         frequency = LSE_VALUE;
 803:Drivers/STM32G4xx_HAL_Driver/Src/stm32g4xx_hal_rcc_ex.c ****       }
 804:Drivers/STM32G4xx_HAL_Driver/Src/stm32g4xx_hal_rcc_ex.c ****       /* Clock not enabled for USART2 */
 805:Drivers/STM32G4xx_HAL_Driver/Src/stm32g4xx_hal_rcc_ex.c ****       else
 806:Drivers/STM32G4xx_HAL_Driver/Src/stm32g4xx_hal_rcc_ex.c ****       {
 807:Drivers/STM32G4xx_HAL_Driver/Src/stm32g4xx_hal_rcc_ex.c ****         /* nothing to do: frequency already initialized to 0 */
 808:Drivers/STM32G4xx_HAL_Driver/Src/stm32g4xx_hal_rcc_ex.c ****       }
 809:Drivers/STM32G4xx_HAL_Driver/Src/stm32g4xx_hal_rcc_ex.c ****       break;
 810:Drivers/STM32G4xx_HAL_Driver/Src/stm32g4xx_hal_rcc_ex.c **** 
 811:Drivers/STM32G4xx_HAL_Driver/Src/stm32g4xx_hal_rcc_ex.c **** #if defined(USART3)
 812:Drivers/STM32G4xx_HAL_Driver/Src/stm32g4xx_hal_rcc_ex.c ****     case RCC_PERIPHCLK_USART3:
 813:Drivers/STM32G4xx_HAL_Driver/Src/stm32g4xx_hal_rcc_ex.c ****       /* Get the current USART3 source */
 814:Drivers/STM32G4xx_HAL_Driver/Src/stm32g4xx_hal_rcc_ex.c ****       srcclk = __HAL_RCC_GET_USART3_SOURCE();
 815:Drivers/STM32G4xx_HAL_Driver/Src/stm32g4xx_hal_rcc_ex.c **** 
 816:Drivers/STM32G4xx_HAL_Driver/Src/stm32g4xx_hal_rcc_ex.c ****       if(srcclk == RCC_USART3CLKSOURCE_PCLK1)
 817:Drivers/STM32G4xx_HAL_Driver/Src/stm32g4xx_hal_rcc_ex.c ****       {
 818:Drivers/STM32G4xx_HAL_Driver/Src/stm32g4xx_hal_rcc_ex.c ****         frequency = HAL_RCC_GetPCLK1Freq();
 819:Drivers/STM32G4xx_HAL_Driver/Src/stm32g4xx_hal_rcc_ex.c ****       }
 820:Drivers/STM32G4xx_HAL_Driver/Src/stm32g4xx_hal_rcc_ex.c ****       else if(srcclk == RCC_USART3CLKSOURCE_SYSCLK)
 821:Drivers/STM32G4xx_HAL_Driver/Src/stm32g4xx_hal_rcc_ex.c ****       {
 822:Drivers/STM32G4xx_HAL_Driver/Src/stm32g4xx_hal_rcc_ex.c ****         frequency = HAL_RCC_GetSysClockFreq();
 823:Drivers/STM32G4xx_HAL_Driver/Src/stm32g4xx_hal_rcc_ex.c ****       }
 824:Drivers/STM32G4xx_HAL_Driver/Src/stm32g4xx_hal_rcc_ex.c ****       else if((HAL_IS_BIT_SET(RCC->CR, RCC_CR_HSIRDY)) && (srcclk == RCC_USART3CLKSOURCE_HSI))
 825:Drivers/STM32G4xx_HAL_Driver/Src/stm32g4xx_hal_rcc_ex.c ****       {
 826:Drivers/STM32G4xx_HAL_Driver/Src/stm32g4xx_hal_rcc_ex.c ****         frequency = HSI_VALUE;
 827:Drivers/STM32G4xx_HAL_Driver/Src/stm32g4xx_hal_rcc_ex.c ****       }
 828:Drivers/STM32G4xx_HAL_Driver/Src/stm32g4xx_hal_rcc_ex.c ****       else if((HAL_IS_BIT_SET(RCC->BDCR, RCC_BDCR_LSERDY)) && (srcclk == RCC_USART3CLKSOURCE_LSE))
 829:Drivers/STM32G4xx_HAL_Driver/Src/stm32g4xx_hal_rcc_ex.c ****       {
 830:Drivers/STM32G4xx_HAL_Driver/Src/stm32g4xx_hal_rcc_ex.c ****         frequency = LSE_VALUE;
 831:Drivers/STM32G4xx_HAL_Driver/Src/stm32g4xx_hal_rcc_ex.c ****       }
 832:Drivers/STM32G4xx_HAL_Driver/Src/stm32g4xx_hal_rcc_ex.c ****       /* Clock not enabled for USART3 */
 833:Drivers/STM32G4xx_HAL_Driver/Src/stm32g4xx_hal_rcc_ex.c ****       else
 834:Drivers/STM32G4xx_HAL_Driver/Src/stm32g4xx_hal_rcc_ex.c ****       {
 835:Drivers/STM32G4xx_HAL_Driver/Src/stm32g4xx_hal_rcc_ex.c ****         /* nothing to do: frequency already initialized to 0 */
 836:Drivers/STM32G4xx_HAL_Driver/Src/stm32g4xx_hal_rcc_ex.c ****       }
 837:Drivers/STM32G4xx_HAL_Driver/Src/stm32g4xx_hal_rcc_ex.c ****       break;
 838:Drivers/STM32G4xx_HAL_Driver/Src/stm32g4xx_hal_rcc_ex.c **** #endif /* USART3 */
 839:Drivers/STM32G4xx_HAL_Driver/Src/stm32g4xx_hal_rcc_ex.c ****       
 840:Drivers/STM32G4xx_HAL_Driver/Src/stm32g4xx_hal_rcc_ex.c **** #if defined(UART4)
 841:Drivers/STM32G4xx_HAL_Driver/Src/stm32g4xx_hal_rcc_ex.c ****     case RCC_PERIPHCLK_UART4:
ARM GAS  /tmp/ccCVkYLU.s 			page 32


 842:Drivers/STM32G4xx_HAL_Driver/Src/stm32g4xx_hal_rcc_ex.c ****       /* Get the current UART4 source */
 843:Drivers/STM32G4xx_HAL_Driver/Src/stm32g4xx_hal_rcc_ex.c ****       srcclk = __HAL_RCC_GET_UART4_SOURCE();
 844:Drivers/STM32G4xx_HAL_Driver/Src/stm32g4xx_hal_rcc_ex.c **** 
 845:Drivers/STM32G4xx_HAL_Driver/Src/stm32g4xx_hal_rcc_ex.c ****       if(srcclk == RCC_UART4CLKSOURCE_PCLK1)
 846:Drivers/STM32G4xx_HAL_Driver/Src/stm32g4xx_hal_rcc_ex.c ****       {
 847:Drivers/STM32G4xx_HAL_Driver/Src/stm32g4xx_hal_rcc_ex.c ****         frequency = HAL_RCC_GetPCLK1Freq();
 848:Drivers/STM32G4xx_HAL_Driver/Src/stm32g4xx_hal_rcc_ex.c ****       }
 849:Drivers/STM32G4xx_HAL_Driver/Src/stm32g4xx_hal_rcc_ex.c ****       else if(srcclk == RCC_UART4CLKSOURCE_SYSCLK)
 850:Drivers/STM32G4xx_HAL_Driver/Src/stm32g4xx_hal_rcc_ex.c ****       {
 851:Drivers/STM32G4xx_HAL_Driver/Src/stm32g4xx_hal_rcc_ex.c ****         frequency = HAL_RCC_GetSysClockFreq();
 852:Drivers/STM32G4xx_HAL_Driver/Src/stm32g4xx_hal_rcc_ex.c ****       }
 853:Drivers/STM32G4xx_HAL_Driver/Src/stm32g4xx_hal_rcc_ex.c ****       else if((HAL_IS_BIT_SET(RCC->CR, RCC_CR_HSIRDY)) && (srcclk == RCC_UART4CLKSOURCE_HSI))
 854:Drivers/STM32G4xx_HAL_Driver/Src/stm32g4xx_hal_rcc_ex.c ****       {
 855:Drivers/STM32G4xx_HAL_Driver/Src/stm32g4xx_hal_rcc_ex.c ****         frequency = HSI_VALUE;
 856:Drivers/STM32G4xx_HAL_Driver/Src/stm32g4xx_hal_rcc_ex.c ****       }
 857:Drivers/STM32G4xx_HAL_Driver/Src/stm32g4xx_hal_rcc_ex.c ****       else if((HAL_IS_BIT_SET(RCC->BDCR, RCC_BDCR_LSERDY)) && (srcclk == RCC_UART4CLKSOURCE_LSE))
 858:Drivers/STM32G4xx_HAL_Driver/Src/stm32g4xx_hal_rcc_ex.c ****       {
 859:Drivers/STM32G4xx_HAL_Driver/Src/stm32g4xx_hal_rcc_ex.c ****         frequency = LSE_VALUE;
 860:Drivers/STM32G4xx_HAL_Driver/Src/stm32g4xx_hal_rcc_ex.c ****       }
 861:Drivers/STM32G4xx_HAL_Driver/Src/stm32g4xx_hal_rcc_ex.c ****       /* Clock not enabled for UART4 */
 862:Drivers/STM32G4xx_HAL_Driver/Src/stm32g4xx_hal_rcc_ex.c ****       else
 863:Drivers/STM32G4xx_HAL_Driver/Src/stm32g4xx_hal_rcc_ex.c ****       {
 864:Drivers/STM32G4xx_HAL_Driver/Src/stm32g4xx_hal_rcc_ex.c ****         /* nothing to do: frequency already initialized to 0 */
 865:Drivers/STM32G4xx_HAL_Driver/Src/stm32g4xx_hal_rcc_ex.c ****       }
 866:Drivers/STM32G4xx_HAL_Driver/Src/stm32g4xx_hal_rcc_ex.c ****       break;
 867:Drivers/STM32G4xx_HAL_Driver/Src/stm32g4xx_hal_rcc_ex.c **** #endif /* UART4 */
 868:Drivers/STM32G4xx_HAL_Driver/Src/stm32g4xx_hal_rcc_ex.c **** 
 869:Drivers/STM32G4xx_HAL_Driver/Src/stm32g4xx_hal_rcc_ex.c **** #if defined(UART5)
 870:Drivers/STM32G4xx_HAL_Driver/Src/stm32g4xx_hal_rcc_ex.c ****     case RCC_PERIPHCLK_UART5:
 871:Drivers/STM32G4xx_HAL_Driver/Src/stm32g4xx_hal_rcc_ex.c ****       /* Get the current UART5 source */
 872:Drivers/STM32G4xx_HAL_Driver/Src/stm32g4xx_hal_rcc_ex.c ****       srcclk = __HAL_RCC_GET_UART5_SOURCE();
 873:Drivers/STM32G4xx_HAL_Driver/Src/stm32g4xx_hal_rcc_ex.c **** 
 874:Drivers/STM32G4xx_HAL_Driver/Src/stm32g4xx_hal_rcc_ex.c ****       if(srcclk == RCC_UART5CLKSOURCE_PCLK1)
 875:Drivers/STM32G4xx_HAL_Driver/Src/stm32g4xx_hal_rcc_ex.c ****       {
 876:Drivers/STM32G4xx_HAL_Driver/Src/stm32g4xx_hal_rcc_ex.c ****         frequency = HAL_RCC_GetPCLK1Freq();
 877:Drivers/STM32G4xx_HAL_Driver/Src/stm32g4xx_hal_rcc_ex.c ****       }
 878:Drivers/STM32G4xx_HAL_Driver/Src/stm32g4xx_hal_rcc_ex.c ****       else if(srcclk == RCC_UART5CLKSOURCE_SYSCLK)
 879:Drivers/STM32G4xx_HAL_Driver/Src/stm32g4xx_hal_rcc_ex.c ****       {
 880:Drivers/STM32G4xx_HAL_Driver/Src/stm32g4xx_hal_rcc_ex.c ****         frequency = HAL_RCC_GetSysClockFreq();
 881:Drivers/STM32G4xx_HAL_Driver/Src/stm32g4xx_hal_rcc_ex.c ****       }
 882:Drivers/STM32G4xx_HAL_Driver/Src/stm32g4xx_hal_rcc_ex.c ****       else if((HAL_IS_BIT_SET(RCC->CR, RCC_CR_HSIRDY)) && (srcclk == RCC_UART5CLKSOURCE_HSI))
 883:Drivers/STM32G4xx_HAL_Driver/Src/stm32g4xx_hal_rcc_ex.c ****       {
 884:Drivers/STM32G4xx_HAL_Driver/Src/stm32g4xx_hal_rcc_ex.c ****         frequency = HSI_VALUE;
 885:Drivers/STM32G4xx_HAL_Driver/Src/stm32g4xx_hal_rcc_ex.c ****       }
 886:Drivers/STM32G4xx_HAL_Driver/Src/stm32g4xx_hal_rcc_ex.c ****       else if((HAL_IS_BIT_SET(RCC->BDCR, RCC_BDCR_LSERDY)) && (srcclk == RCC_UART5CLKSOURCE_LSE))
 887:Drivers/STM32G4xx_HAL_Driver/Src/stm32g4xx_hal_rcc_ex.c ****       {
 888:Drivers/STM32G4xx_HAL_Driver/Src/stm32g4xx_hal_rcc_ex.c ****         frequency = LSE_VALUE;
 889:Drivers/STM32G4xx_HAL_Driver/Src/stm32g4xx_hal_rcc_ex.c ****       }
 890:Drivers/STM32G4xx_HAL_Driver/Src/stm32g4xx_hal_rcc_ex.c ****       /* Clock not enabled for UART5 */
 891:Drivers/STM32G4xx_HAL_Driver/Src/stm32g4xx_hal_rcc_ex.c ****       else
 892:Drivers/STM32G4xx_HAL_Driver/Src/stm32g4xx_hal_rcc_ex.c ****       {
 893:Drivers/STM32G4xx_HAL_Driver/Src/stm32g4xx_hal_rcc_ex.c ****         /* nothing to do: frequency already initialized to 0 */
 894:Drivers/STM32G4xx_HAL_Driver/Src/stm32g4xx_hal_rcc_ex.c ****       }
 895:Drivers/STM32G4xx_HAL_Driver/Src/stm32g4xx_hal_rcc_ex.c ****       break;
 896:Drivers/STM32G4xx_HAL_Driver/Src/stm32g4xx_hal_rcc_ex.c **** #endif /* UART5 */
 897:Drivers/STM32G4xx_HAL_Driver/Src/stm32g4xx_hal_rcc_ex.c **** 
 898:Drivers/STM32G4xx_HAL_Driver/Src/stm32g4xx_hal_rcc_ex.c ****     case RCC_PERIPHCLK_LPUART1:
ARM GAS  /tmp/ccCVkYLU.s 			page 33


 899:Drivers/STM32G4xx_HAL_Driver/Src/stm32g4xx_hal_rcc_ex.c ****       /* Get the current LPUART1 source */
 900:Drivers/STM32G4xx_HAL_Driver/Src/stm32g4xx_hal_rcc_ex.c ****       srcclk = __HAL_RCC_GET_LPUART1_SOURCE();
 901:Drivers/STM32G4xx_HAL_Driver/Src/stm32g4xx_hal_rcc_ex.c **** 
 902:Drivers/STM32G4xx_HAL_Driver/Src/stm32g4xx_hal_rcc_ex.c ****       if(srcclk == RCC_LPUART1CLKSOURCE_PCLK1)
 903:Drivers/STM32G4xx_HAL_Driver/Src/stm32g4xx_hal_rcc_ex.c ****       {
 904:Drivers/STM32G4xx_HAL_Driver/Src/stm32g4xx_hal_rcc_ex.c ****         frequency = HAL_RCC_GetPCLK1Freq();
 905:Drivers/STM32G4xx_HAL_Driver/Src/stm32g4xx_hal_rcc_ex.c ****       }
 906:Drivers/STM32G4xx_HAL_Driver/Src/stm32g4xx_hal_rcc_ex.c ****       else if(srcclk == RCC_LPUART1CLKSOURCE_SYSCLK)
 907:Drivers/STM32G4xx_HAL_Driver/Src/stm32g4xx_hal_rcc_ex.c ****       {
 908:Drivers/STM32G4xx_HAL_Driver/Src/stm32g4xx_hal_rcc_ex.c ****         frequency = HAL_RCC_GetSysClockFreq();
 909:Drivers/STM32G4xx_HAL_Driver/Src/stm32g4xx_hal_rcc_ex.c ****       }
 910:Drivers/STM32G4xx_HAL_Driver/Src/stm32g4xx_hal_rcc_ex.c ****       else if((HAL_IS_BIT_SET(RCC->CR, RCC_CR_HSIRDY)) && (srcclk == RCC_LPUART1CLKSOURCE_HSI))
 911:Drivers/STM32G4xx_HAL_Driver/Src/stm32g4xx_hal_rcc_ex.c ****       {
 912:Drivers/STM32G4xx_HAL_Driver/Src/stm32g4xx_hal_rcc_ex.c ****         frequency = HSI_VALUE;
 913:Drivers/STM32G4xx_HAL_Driver/Src/stm32g4xx_hal_rcc_ex.c ****       }
 914:Drivers/STM32G4xx_HAL_Driver/Src/stm32g4xx_hal_rcc_ex.c ****       else if((HAL_IS_BIT_SET(RCC->BDCR, RCC_BDCR_LSERDY)) && (srcclk == RCC_LPUART1CLKSOURCE_LSE))
 915:Drivers/STM32G4xx_HAL_Driver/Src/stm32g4xx_hal_rcc_ex.c ****       {
 916:Drivers/STM32G4xx_HAL_Driver/Src/stm32g4xx_hal_rcc_ex.c ****         frequency = LSE_VALUE;
 917:Drivers/STM32G4xx_HAL_Driver/Src/stm32g4xx_hal_rcc_ex.c ****       }
 918:Drivers/STM32G4xx_HAL_Driver/Src/stm32g4xx_hal_rcc_ex.c ****       /* Clock not enabled for LPUART1 */
 919:Drivers/STM32G4xx_HAL_Driver/Src/stm32g4xx_hal_rcc_ex.c ****       else
 920:Drivers/STM32G4xx_HAL_Driver/Src/stm32g4xx_hal_rcc_ex.c ****       {
 921:Drivers/STM32G4xx_HAL_Driver/Src/stm32g4xx_hal_rcc_ex.c ****         /* nothing to do: frequency already initialized to 0 */
 922:Drivers/STM32G4xx_HAL_Driver/Src/stm32g4xx_hal_rcc_ex.c ****       }
 923:Drivers/STM32G4xx_HAL_Driver/Src/stm32g4xx_hal_rcc_ex.c ****       break;
 924:Drivers/STM32G4xx_HAL_Driver/Src/stm32g4xx_hal_rcc_ex.c **** 
 925:Drivers/STM32G4xx_HAL_Driver/Src/stm32g4xx_hal_rcc_ex.c ****     case RCC_PERIPHCLK_I2C1:
 926:Drivers/STM32G4xx_HAL_Driver/Src/stm32g4xx_hal_rcc_ex.c ****       /* Get the current I2C1 source */
 927:Drivers/STM32G4xx_HAL_Driver/Src/stm32g4xx_hal_rcc_ex.c ****       srcclk = __HAL_RCC_GET_I2C1_SOURCE();
 928:Drivers/STM32G4xx_HAL_Driver/Src/stm32g4xx_hal_rcc_ex.c **** 
 929:Drivers/STM32G4xx_HAL_Driver/Src/stm32g4xx_hal_rcc_ex.c ****       if(srcclk == RCC_I2C1CLKSOURCE_PCLK1)
 930:Drivers/STM32G4xx_HAL_Driver/Src/stm32g4xx_hal_rcc_ex.c ****       {
 931:Drivers/STM32G4xx_HAL_Driver/Src/stm32g4xx_hal_rcc_ex.c ****         frequency = HAL_RCC_GetPCLK1Freq();
 932:Drivers/STM32G4xx_HAL_Driver/Src/stm32g4xx_hal_rcc_ex.c ****       }
 933:Drivers/STM32G4xx_HAL_Driver/Src/stm32g4xx_hal_rcc_ex.c ****       else if(srcclk == RCC_I2C1CLKSOURCE_SYSCLK)
 934:Drivers/STM32G4xx_HAL_Driver/Src/stm32g4xx_hal_rcc_ex.c ****       {
 935:Drivers/STM32G4xx_HAL_Driver/Src/stm32g4xx_hal_rcc_ex.c ****         frequency = HAL_RCC_GetSysClockFreq();
 936:Drivers/STM32G4xx_HAL_Driver/Src/stm32g4xx_hal_rcc_ex.c ****       }
 937:Drivers/STM32G4xx_HAL_Driver/Src/stm32g4xx_hal_rcc_ex.c ****       else if((HAL_IS_BIT_SET(RCC->CR, RCC_CR_HSIRDY)) && (srcclk == RCC_I2C1CLKSOURCE_HSI))
 938:Drivers/STM32G4xx_HAL_Driver/Src/stm32g4xx_hal_rcc_ex.c ****       {
 939:Drivers/STM32G4xx_HAL_Driver/Src/stm32g4xx_hal_rcc_ex.c ****         frequency = HSI_VALUE;
 940:Drivers/STM32G4xx_HAL_Driver/Src/stm32g4xx_hal_rcc_ex.c ****       }
 941:Drivers/STM32G4xx_HAL_Driver/Src/stm32g4xx_hal_rcc_ex.c ****       /* Clock not enabled for I2C1 */
 942:Drivers/STM32G4xx_HAL_Driver/Src/stm32g4xx_hal_rcc_ex.c ****       else
 943:Drivers/STM32G4xx_HAL_Driver/Src/stm32g4xx_hal_rcc_ex.c ****       {
 944:Drivers/STM32G4xx_HAL_Driver/Src/stm32g4xx_hal_rcc_ex.c ****         /* nothing to do: frequency already initialized to 0 */
 945:Drivers/STM32G4xx_HAL_Driver/Src/stm32g4xx_hal_rcc_ex.c ****       }
 946:Drivers/STM32G4xx_HAL_Driver/Src/stm32g4xx_hal_rcc_ex.c ****       break;
 947:Drivers/STM32G4xx_HAL_Driver/Src/stm32g4xx_hal_rcc_ex.c **** 
 948:Drivers/STM32G4xx_HAL_Driver/Src/stm32g4xx_hal_rcc_ex.c ****     case RCC_PERIPHCLK_I2C2:
 949:Drivers/STM32G4xx_HAL_Driver/Src/stm32g4xx_hal_rcc_ex.c ****       /* Get the current I2C2 source */
 950:Drivers/STM32G4xx_HAL_Driver/Src/stm32g4xx_hal_rcc_ex.c ****       srcclk = __HAL_RCC_GET_I2C2_SOURCE();
 882              		.loc 1 950 7 is_stmt 1 view .LVU281
 883              		.loc 1 950 16 is_stmt 0 view .LVU282
 884 0104 684B     		ldr	r3, .L165
 885 0106 D3F88830 		ldr	r3, [r3, #136]
 886              	.LVL39:
ARM GAS  /tmp/ccCVkYLU.s 			page 34


 951:Drivers/STM32G4xx_HAL_Driver/Src/stm32g4xx_hal_rcc_ex.c **** 
 952:Drivers/STM32G4xx_HAL_Driver/Src/stm32g4xx_hal_rcc_ex.c ****       if(srcclk == RCC_I2C2CLKSOURCE_PCLK1)
 887              		.loc 1 952 7 is_stmt 1 view .LVU283
 888              		.loc 1 952 9 is_stmt 0 view .LVU284
 889 010a 13F44043 		ands	r3, r3, #49152
 890              	.LVL40:
 891              		.loc 1 952 9 view .LVU285
 892 010e 00F03481 		beq	.L140
 953:Drivers/STM32G4xx_HAL_Driver/Src/stm32g4xx_hal_rcc_ex.c ****       {
 954:Drivers/STM32G4xx_HAL_Driver/Src/stm32g4xx_hal_rcc_ex.c ****         frequency = HAL_RCC_GetPCLK1Freq();
 955:Drivers/STM32G4xx_HAL_Driver/Src/stm32g4xx_hal_rcc_ex.c ****       }
 956:Drivers/STM32G4xx_HAL_Driver/Src/stm32g4xx_hal_rcc_ex.c ****       else if(srcclk == RCC_I2C2CLKSOURCE_SYSCLK)
 893              		.loc 1 956 12 is_stmt 1 view .LVU286
 894              		.loc 1 956 14 is_stmt 0 view .LVU287
 895 0112 B3F5804F 		cmp	r3, #16384
 896 0116 00F03381 		beq	.L141
 957:Drivers/STM32G4xx_HAL_Driver/Src/stm32g4xx_hal_rcc_ex.c ****       {
 958:Drivers/STM32G4xx_HAL_Driver/Src/stm32g4xx_hal_rcc_ex.c ****         frequency = HAL_RCC_GetSysClockFreq();
 959:Drivers/STM32G4xx_HAL_Driver/Src/stm32g4xx_hal_rcc_ex.c ****       }
 960:Drivers/STM32G4xx_HAL_Driver/Src/stm32g4xx_hal_rcc_ex.c ****       else if((HAL_IS_BIT_SET(RCC->CR, RCC_CR_HSIRDY)) && (srcclk == RCC_I2C2CLKSOURCE_HSI))
 897              		.loc 1 960 12 is_stmt 1 view .LVU288
 898              		.loc 1 960 16 is_stmt 0 view .LVU289
 899 011a 634A     		ldr	r2, .L165
 900              	.LVL41:
 901              		.loc 1 960 16 view .LVU290
 902 011c 1068     		ldr	r0, [r2]
 903              	.LVL42:
 904              		.loc 1 960 14 view .LVU291
 905 011e 10F48060 		ands	r0, r0, #1024
 906 0122 00F01782 		beq	.L51
 907              		.loc 1 960 56 discriminator 1 view .LVU292
 908 0126 B3F5004F 		cmp	r3, #32768
 909 012a 00F04E82 		beq	.L127
 686:Drivers/STM32G4xx_HAL_Driver/Src/stm32g4xx_hal_rcc_ex.c ****   uint32_t srcclk;
 910              		.loc 1 686 12 view .LVU293
 911 012e 0020     		movs	r0, #0
 912 0130 10E2     		b	.L51
 913              	.LVL43:
 914              	.L59:
 754:Drivers/STM32G4xx_HAL_Driver/Src/stm32g4xx_hal_rcc_ex.c ****     {
 915              		.loc 1 754 5 view .LVU294
 916 0132 B0F5805F 		cmp	r0, #4096
 917 0136 00F0A781 		beq	.L70
 918 013a 31D8     		bhi	.L71
 919 013c B0F5806F 		cmp	r0, #1024
 920 0140 00F03F81 		beq	.L72
 921 0144 B0F5006F 		cmp	r0, #2048
 922 0148 00F06E81 		beq	.L73
 923 014c B0F5007F 		cmp	r0, #512
 924 0150 40F0FF81 		bne	.L61
 961:Drivers/STM32G4xx_HAL_Driver/Src/stm32g4xx_hal_rcc_ex.c ****       {
 962:Drivers/STM32G4xx_HAL_Driver/Src/stm32g4xx_hal_rcc_ex.c ****         frequency = HSI_VALUE;
 963:Drivers/STM32G4xx_HAL_Driver/Src/stm32g4xx_hal_rcc_ex.c ****       }
 964:Drivers/STM32G4xx_HAL_Driver/Src/stm32g4xx_hal_rcc_ex.c ****       /* Clock not enabled for I2C2 */
 965:Drivers/STM32G4xx_HAL_Driver/Src/stm32g4xx_hal_rcc_ex.c ****       else
 966:Drivers/STM32G4xx_HAL_Driver/Src/stm32g4xx_hal_rcc_ex.c ****       {
 967:Drivers/STM32G4xx_HAL_Driver/Src/stm32g4xx_hal_rcc_ex.c ****         /* nothing to do: frequency already initialized to 0 */
ARM GAS  /tmp/ccCVkYLU.s 			page 35


 968:Drivers/STM32G4xx_HAL_Driver/Src/stm32g4xx_hal_rcc_ex.c ****       }
 969:Drivers/STM32G4xx_HAL_Driver/Src/stm32g4xx_hal_rcc_ex.c ****       break;
 970:Drivers/STM32G4xx_HAL_Driver/Src/stm32g4xx_hal_rcc_ex.c **** 
 971:Drivers/STM32G4xx_HAL_Driver/Src/stm32g4xx_hal_rcc_ex.c **** #if defined(I2C3)
 972:Drivers/STM32G4xx_HAL_Driver/Src/stm32g4xx_hal_rcc_ex.c **** 
 973:Drivers/STM32G4xx_HAL_Driver/Src/stm32g4xx_hal_rcc_ex.c ****     case RCC_PERIPHCLK_I2C3:
 974:Drivers/STM32G4xx_HAL_Driver/Src/stm32g4xx_hal_rcc_ex.c ****       /* Get the current I2C3 source */
 975:Drivers/STM32G4xx_HAL_Driver/Src/stm32g4xx_hal_rcc_ex.c ****       srcclk = __HAL_RCC_GET_I2C3_SOURCE();
 976:Drivers/STM32G4xx_HAL_Driver/Src/stm32g4xx_hal_rcc_ex.c **** 
 977:Drivers/STM32G4xx_HAL_Driver/Src/stm32g4xx_hal_rcc_ex.c ****       if(srcclk == RCC_I2C3CLKSOURCE_PCLK1)
 978:Drivers/STM32G4xx_HAL_Driver/Src/stm32g4xx_hal_rcc_ex.c ****       {
 979:Drivers/STM32G4xx_HAL_Driver/Src/stm32g4xx_hal_rcc_ex.c ****         frequency = HAL_RCC_GetPCLK1Freq();
 980:Drivers/STM32G4xx_HAL_Driver/Src/stm32g4xx_hal_rcc_ex.c ****       }
 981:Drivers/STM32G4xx_HAL_Driver/Src/stm32g4xx_hal_rcc_ex.c ****       else if(srcclk == RCC_I2C3CLKSOURCE_SYSCLK)
 982:Drivers/STM32G4xx_HAL_Driver/Src/stm32g4xx_hal_rcc_ex.c ****       {
 983:Drivers/STM32G4xx_HAL_Driver/Src/stm32g4xx_hal_rcc_ex.c ****         frequency = HAL_RCC_GetSysClockFreq();
 984:Drivers/STM32G4xx_HAL_Driver/Src/stm32g4xx_hal_rcc_ex.c ****       }
 985:Drivers/STM32G4xx_HAL_Driver/Src/stm32g4xx_hal_rcc_ex.c ****       else if((HAL_IS_BIT_SET(RCC->CR, RCC_CR_HSIRDY)) && (srcclk == RCC_I2C3CLKSOURCE_HSI))
 986:Drivers/STM32G4xx_HAL_Driver/Src/stm32g4xx_hal_rcc_ex.c ****       {
 987:Drivers/STM32G4xx_HAL_Driver/Src/stm32g4xx_hal_rcc_ex.c ****         frequency = HSI_VALUE;
 988:Drivers/STM32G4xx_HAL_Driver/Src/stm32g4xx_hal_rcc_ex.c ****       }
 989:Drivers/STM32G4xx_HAL_Driver/Src/stm32g4xx_hal_rcc_ex.c ****       /* Clock not enabled for I2C3 */
 990:Drivers/STM32G4xx_HAL_Driver/Src/stm32g4xx_hal_rcc_ex.c ****       else
 991:Drivers/STM32G4xx_HAL_Driver/Src/stm32g4xx_hal_rcc_ex.c ****       {
 992:Drivers/STM32G4xx_HAL_Driver/Src/stm32g4xx_hal_rcc_ex.c ****         /* nothing to do: frequency already initialized to 0 */
 993:Drivers/STM32G4xx_HAL_Driver/Src/stm32g4xx_hal_rcc_ex.c ****       }
 994:Drivers/STM32G4xx_HAL_Driver/Src/stm32g4xx_hal_rcc_ex.c ****       break;
 995:Drivers/STM32G4xx_HAL_Driver/Src/stm32g4xx_hal_rcc_ex.c **** 
 996:Drivers/STM32G4xx_HAL_Driver/Src/stm32g4xx_hal_rcc_ex.c **** #endif /* I2C3 */
 997:Drivers/STM32G4xx_HAL_Driver/Src/stm32g4xx_hal_rcc_ex.c **** 
 998:Drivers/STM32G4xx_HAL_Driver/Src/stm32g4xx_hal_rcc_ex.c **** #if defined(I2C4)
 999:Drivers/STM32G4xx_HAL_Driver/Src/stm32g4xx_hal_rcc_ex.c **** 
1000:Drivers/STM32G4xx_HAL_Driver/Src/stm32g4xx_hal_rcc_ex.c ****     case RCC_PERIPHCLK_I2C4:
1001:Drivers/STM32G4xx_HAL_Driver/Src/stm32g4xx_hal_rcc_ex.c ****       /* Get the current I2C4 source */
1002:Drivers/STM32G4xx_HAL_Driver/Src/stm32g4xx_hal_rcc_ex.c ****       srcclk = __HAL_RCC_GET_I2C4_SOURCE();
1003:Drivers/STM32G4xx_HAL_Driver/Src/stm32g4xx_hal_rcc_ex.c **** 
1004:Drivers/STM32G4xx_HAL_Driver/Src/stm32g4xx_hal_rcc_ex.c ****       if(srcclk == RCC_I2C4CLKSOURCE_PCLK1)
1005:Drivers/STM32G4xx_HAL_Driver/Src/stm32g4xx_hal_rcc_ex.c ****       {
1006:Drivers/STM32G4xx_HAL_Driver/Src/stm32g4xx_hal_rcc_ex.c ****         frequency = HAL_RCC_GetPCLK1Freq();
1007:Drivers/STM32G4xx_HAL_Driver/Src/stm32g4xx_hal_rcc_ex.c ****       }
1008:Drivers/STM32G4xx_HAL_Driver/Src/stm32g4xx_hal_rcc_ex.c ****       else if(srcclk == RCC_I2C4CLKSOURCE_SYSCLK)
1009:Drivers/STM32G4xx_HAL_Driver/Src/stm32g4xx_hal_rcc_ex.c ****       {
1010:Drivers/STM32G4xx_HAL_Driver/Src/stm32g4xx_hal_rcc_ex.c ****         frequency = HAL_RCC_GetSysClockFreq();
1011:Drivers/STM32G4xx_HAL_Driver/Src/stm32g4xx_hal_rcc_ex.c ****       }
1012:Drivers/STM32G4xx_HAL_Driver/Src/stm32g4xx_hal_rcc_ex.c ****       else if((HAL_IS_BIT_SET(RCC->CR, RCC_CR_HSIRDY)) && (srcclk == RCC_I2C4CLKSOURCE_HSI))
1013:Drivers/STM32G4xx_HAL_Driver/Src/stm32g4xx_hal_rcc_ex.c ****       {
1014:Drivers/STM32G4xx_HAL_Driver/Src/stm32g4xx_hal_rcc_ex.c ****         frequency = HSI_VALUE;
1015:Drivers/STM32G4xx_HAL_Driver/Src/stm32g4xx_hal_rcc_ex.c ****       }
1016:Drivers/STM32G4xx_HAL_Driver/Src/stm32g4xx_hal_rcc_ex.c ****       /* Clock not enabled for I2C4 */
1017:Drivers/STM32G4xx_HAL_Driver/Src/stm32g4xx_hal_rcc_ex.c ****       else
1018:Drivers/STM32G4xx_HAL_Driver/Src/stm32g4xx_hal_rcc_ex.c ****       {
1019:Drivers/STM32G4xx_HAL_Driver/Src/stm32g4xx_hal_rcc_ex.c ****         /* nothing to do: frequency already initialized to 0 */
1020:Drivers/STM32G4xx_HAL_Driver/Src/stm32g4xx_hal_rcc_ex.c ****       }
1021:Drivers/STM32G4xx_HAL_Driver/Src/stm32g4xx_hal_rcc_ex.c ****       break;
1022:Drivers/STM32G4xx_HAL_Driver/Src/stm32g4xx_hal_rcc_ex.c **** 
1023:Drivers/STM32G4xx_HAL_Driver/Src/stm32g4xx_hal_rcc_ex.c **** #endif /* I2C4 */
1024:Drivers/STM32G4xx_HAL_Driver/Src/stm32g4xx_hal_rcc_ex.c **** 
ARM GAS  /tmp/ccCVkYLU.s 			page 36


1025:Drivers/STM32G4xx_HAL_Driver/Src/stm32g4xx_hal_rcc_ex.c ****     case RCC_PERIPHCLK_LPTIM1:
1026:Drivers/STM32G4xx_HAL_Driver/Src/stm32g4xx_hal_rcc_ex.c ****       /* Get the current LPTIM1 source */
1027:Drivers/STM32G4xx_HAL_Driver/Src/stm32g4xx_hal_rcc_ex.c ****       srcclk = __HAL_RCC_GET_LPTIM1_SOURCE();
 925              		.loc 1 1027 7 is_stmt 1 view .LVU295
 926              		.loc 1 1027 16 is_stmt 0 view .LVU296
 927 0154 544B     		ldr	r3, .L165
 928 0156 D3F88830 		ldr	r3, [r3, #136]
 929              	.LVL44:
1028:Drivers/STM32G4xx_HAL_Driver/Src/stm32g4xx_hal_rcc_ex.c **** 
1029:Drivers/STM32G4xx_HAL_Driver/Src/stm32g4xx_hal_rcc_ex.c ****       if(srcclk == RCC_LPTIM1CLKSOURCE_PCLK1)
 930              		.loc 1 1029 7 is_stmt 1 view .LVU297
 931              		.loc 1 1029 9 is_stmt 0 view .LVU298
 932 015a 13F44023 		ands	r3, r3, #786432
 933              	.LVL45:
 934              		.loc 1 1029 9 view .LVU299
 935 015e 00F02D81 		beq	.L142
1030:Drivers/STM32G4xx_HAL_Driver/Src/stm32g4xx_hal_rcc_ex.c ****       {
1031:Drivers/STM32G4xx_HAL_Driver/Src/stm32g4xx_hal_rcc_ex.c ****         frequency = HAL_RCC_GetPCLK1Freq();
1032:Drivers/STM32G4xx_HAL_Driver/Src/stm32g4xx_hal_rcc_ex.c ****       }
1033:Drivers/STM32G4xx_HAL_Driver/Src/stm32g4xx_hal_rcc_ex.c ****       else if((HAL_IS_BIT_SET(RCC->CSR, RCC_CSR_LSIRDY)) && (srcclk == RCC_LPTIM1CLKSOURCE_LSI))
 936              		.loc 1 1033 12 is_stmt 1 view .LVU300
 937              		.loc 1 1033 16 is_stmt 0 view .LVU301
 938 0162 514A     		ldr	r2, .L165
 939              	.LVL46:
 940              		.loc 1 1033 16 view .LVU302
 941 0164 D2F89420 		ldr	r2, [r2, #148]
 942              		.loc 1 1033 14 view .LVU303
 943 0168 12F0020F 		tst	r2, #2
 944 016c 02D0     		beq	.L101
 945              		.loc 1 1033 58 discriminator 1 view .LVU304
 946 016e B3F5802F 		cmp	r3, #262144
 947 0172 B0D0     		beq	.L102
 948              	.L101:
1034:Drivers/STM32G4xx_HAL_Driver/Src/stm32g4xx_hal_rcc_ex.c ****       {
1035:Drivers/STM32G4xx_HAL_Driver/Src/stm32g4xx_hal_rcc_ex.c ****         frequency = LSI_VALUE;
1036:Drivers/STM32G4xx_HAL_Driver/Src/stm32g4xx_hal_rcc_ex.c ****       }
1037:Drivers/STM32G4xx_HAL_Driver/Src/stm32g4xx_hal_rcc_ex.c ****       else if((HAL_IS_BIT_SET(RCC->CR, RCC_CR_HSIRDY)) && (srcclk == RCC_LPTIM1CLKSOURCE_HSI))
 949              		.loc 1 1037 12 is_stmt 1 view .LVU305
 950              		.loc 1 1037 16 is_stmt 0 view .LVU306
 951 0174 4C4A     		ldr	r2, .L165
 952 0176 1268     		ldr	r2, [r2]
 953              		.loc 1 1037 14 view .LVU307
 954 0178 12F4806F 		tst	r2, #1024
 955 017c 03D0     		beq	.L103
 956              		.loc 1 1037 56 discriminator 1 view .LVU308
 957 017e B3F5002F 		cmp	r3, #524288
 958 0182 00F0A581 		beq	.L81
 959              	.L103:
1038:Drivers/STM32G4xx_HAL_Driver/Src/stm32g4xx_hal_rcc_ex.c ****       {
1039:Drivers/STM32G4xx_HAL_Driver/Src/stm32g4xx_hal_rcc_ex.c ****         frequency = HSI_VALUE;
1040:Drivers/STM32G4xx_HAL_Driver/Src/stm32g4xx_hal_rcc_ex.c ****       }
1041:Drivers/STM32G4xx_HAL_Driver/Src/stm32g4xx_hal_rcc_ex.c ****       else if ((HAL_IS_BIT_SET(RCC->BDCR, RCC_BDCR_LSERDY)) && (srcclk == RCC_LPTIM1CLKSOURCE_LSE))
 960              		.loc 1 1041 12 is_stmt 1 view .LVU309
 961              		.loc 1 1041 17 is_stmt 0 view .LVU310
 962 0186 484A     		ldr	r2, .L165
 963 0188 D2F89000 		ldr	r0, [r2, #144]
 964              	.LVL47:
ARM GAS  /tmp/ccCVkYLU.s 			page 37


 965              		.loc 1 1041 15 view .LVU311
 966 018c 10F00200 		ands	r0, r0, #2
 967 0190 00F0E081 		beq	.L51
 968              		.loc 1 1041 61 discriminator 1 view .LVU312
 969 0194 B3F5402F 		cmp	r3, #786432
 970 0198 00F01B82 		beq	.L129
 686:Drivers/STM32G4xx_HAL_Driver/Src/stm32g4xx_hal_rcc_ex.c ****   uint32_t srcclk;
 971              		.loc 1 686 12 view .LVU313
 972 019c 0020     		movs	r0, #0
 973 019e D9E1     		b	.L51
 974              	.LVL48:
 975              	.L71:
 754:Drivers/STM32G4xx_HAL_Driver/Src/stm32g4xx_hal_rcc_ex.c ****     {
 976              		.loc 1 754 5 view .LVU314
 977 01a0 B0F5804F 		cmp	r0, #16384
 978 01a4 00F0A781 		beq	.L75
 979 01a8 B0F5004F 		cmp	r0, #32768
 980 01ac 00F0C681 		beq	.L76
 981 01b0 B0F5005F 		cmp	r0, #8192
 982 01b4 40F0CD81 		bne	.L61
1042:Drivers/STM32G4xx_HAL_Driver/Src/stm32g4xx_hal_rcc_ex.c ****       {
1043:Drivers/STM32G4xx_HAL_Driver/Src/stm32g4xx_hal_rcc_ex.c ****         frequency = LSE_VALUE;
1044:Drivers/STM32G4xx_HAL_Driver/Src/stm32g4xx_hal_rcc_ex.c ****       }
1045:Drivers/STM32G4xx_HAL_Driver/Src/stm32g4xx_hal_rcc_ex.c ****       /* Clock not enabled for LPTIM1 */
1046:Drivers/STM32G4xx_HAL_Driver/Src/stm32g4xx_hal_rcc_ex.c ****       else
1047:Drivers/STM32G4xx_HAL_Driver/Src/stm32g4xx_hal_rcc_ex.c ****       {
1048:Drivers/STM32G4xx_HAL_Driver/Src/stm32g4xx_hal_rcc_ex.c ****         /* nothing to do: frequency already initialized to 0 */
1049:Drivers/STM32G4xx_HAL_Driver/Src/stm32g4xx_hal_rcc_ex.c ****       }
1050:Drivers/STM32G4xx_HAL_Driver/Src/stm32g4xx_hal_rcc_ex.c ****       break;
1051:Drivers/STM32G4xx_HAL_Driver/Src/stm32g4xx_hal_rcc_ex.c **** 
1052:Drivers/STM32G4xx_HAL_Driver/Src/stm32g4xx_hal_rcc_ex.c **** #if defined(SAI1)
1053:Drivers/STM32G4xx_HAL_Driver/Src/stm32g4xx_hal_rcc_ex.c **** 
1054:Drivers/STM32G4xx_HAL_Driver/Src/stm32g4xx_hal_rcc_ex.c ****     case RCC_PERIPHCLK_SAI1:
1055:Drivers/STM32G4xx_HAL_Driver/Src/stm32g4xx_hal_rcc_ex.c ****       /* Get the current SAI1 source */
1056:Drivers/STM32G4xx_HAL_Driver/Src/stm32g4xx_hal_rcc_ex.c ****       srcclk = __HAL_RCC_GET_SAI1_SOURCE();
1057:Drivers/STM32G4xx_HAL_Driver/Src/stm32g4xx_hal_rcc_ex.c **** 
1058:Drivers/STM32G4xx_HAL_Driver/Src/stm32g4xx_hal_rcc_ex.c ****       if(srcclk == RCC_SAI1CLKSOURCE_SYSCLK)
1059:Drivers/STM32G4xx_HAL_Driver/Src/stm32g4xx_hal_rcc_ex.c ****       {
1060:Drivers/STM32G4xx_HAL_Driver/Src/stm32g4xx_hal_rcc_ex.c ****         frequency = HAL_RCC_GetSysClockFreq();
1061:Drivers/STM32G4xx_HAL_Driver/Src/stm32g4xx_hal_rcc_ex.c ****       }
1062:Drivers/STM32G4xx_HAL_Driver/Src/stm32g4xx_hal_rcc_ex.c ****       else if(srcclk == RCC_SAI1CLKSOURCE_PLL)
1063:Drivers/STM32G4xx_HAL_Driver/Src/stm32g4xx_hal_rcc_ex.c ****       {
1064:Drivers/STM32G4xx_HAL_Driver/Src/stm32g4xx_hal_rcc_ex.c ****         if(__HAL_RCC_GET_PLLCLKOUT_CONFIG(RCC_PLL_48M1CLK) != 0U)
1065:Drivers/STM32G4xx_HAL_Driver/Src/stm32g4xx_hal_rcc_ex.c ****         {
1066:Drivers/STM32G4xx_HAL_Driver/Src/stm32g4xx_hal_rcc_ex.c ****           /* f(PLLQ) = f(VCO input) * PLLN / PLLQ */
1067:Drivers/STM32G4xx_HAL_Driver/Src/stm32g4xx_hal_rcc_ex.c ****           plln = READ_BIT(RCC->PLLCFGR, RCC_PLLCFGR_PLLN) >> RCC_PLLCFGR_PLLN_Pos;
1068:Drivers/STM32G4xx_HAL_Driver/Src/stm32g4xx_hal_rcc_ex.c ****           frequency = (pllvco * plln) / (((READ_BIT(RCC->PLLCFGR, RCC_PLLCFGR_PLLQ) >> RCC_PLLCFGR_
1069:Drivers/STM32G4xx_HAL_Driver/Src/stm32g4xx_hal_rcc_ex.c ****         }
1070:Drivers/STM32G4xx_HAL_Driver/Src/stm32g4xx_hal_rcc_ex.c ****       }
1071:Drivers/STM32G4xx_HAL_Driver/Src/stm32g4xx_hal_rcc_ex.c ****       else if(srcclk == RCC_SAI1CLKSOURCE_EXT)
1072:Drivers/STM32G4xx_HAL_Driver/Src/stm32g4xx_hal_rcc_ex.c ****       {
1073:Drivers/STM32G4xx_HAL_Driver/Src/stm32g4xx_hal_rcc_ex.c ****         /* External clock used.*/
1074:Drivers/STM32G4xx_HAL_Driver/Src/stm32g4xx_hal_rcc_ex.c ****         frequency = EXTERNAL_CLOCK_VALUE;
1075:Drivers/STM32G4xx_HAL_Driver/Src/stm32g4xx_hal_rcc_ex.c ****       }
1076:Drivers/STM32G4xx_HAL_Driver/Src/stm32g4xx_hal_rcc_ex.c ****       else if((HAL_IS_BIT_SET(RCC->CR, RCC_CR_HSIRDY)) && (srcclk == RCC_SAI1CLKSOURCE_HSI))
1077:Drivers/STM32G4xx_HAL_Driver/Src/stm32g4xx_hal_rcc_ex.c ****       {
1078:Drivers/STM32G4xx_HAL_Driver/Src/stm32g4xx_hal_rcc_ex.c ****         frequency = HSI_VALUE;
ARM GAS  /tmp/ccCVkYLU.s 			page 38


1079:Drivers/STM32G4xx_HAL_Driver/Src/stm32g4xx_hal_rcc_ex.c ****       }
1080:Drivers/STM32G4xx_HAL_Driver/Src/stm32g4xx_hal_rcc_ex.c ****       /* Clock not enabled for SAI1 */
1081:Drivers/STM32G4xx_HAL_Driver/Src/stm32g4xx_hal_rcc_ex.c ****       else
1082:Drivers/STM32G4xx_HAL_Driver/Src/stm32g4xx_hal_rcc_ex.c ****       {
1083:Drivers/STM32G4xx_HAL_Driver/Src/stm32g4xx_hal_rcc_ex.c ****         /* nothing to do: frequency already initialized to 0 */
1084:Drivers/STM32G4xx_HAL_Driver/Src/stm32g4xx_hal_rcc_ex.c ****       }
1085:Drivers/STM32G4xx_HAL_Driver/Src/stm32g4xx_hal_rcc_ex.c ****       break;
1086:Drivers/STM32G4xx_HAL_Driver/Src/stm32g4xx_hal_rcc_ex.c **** 
1087:Drivers/STM32G4xx_HAL_Driver/Src/stm32g4xx_hal_rcc_ex.c **** #endif /* SAI1 */
1088:Drivers/STM32G4xx_HAL_Driver/Src/stm32g4xx_hal_rcc_ex.c **** 
1089:Drivers/STM32G4xx_HAL_Driver/Src/stm32g4xx_hal_rcc_ex.c **** #if defined(SPI_I2S_SUPPORT)
1090:Drivers/STM32G4xx_HAL_Driver/Src/stm32g4xx_hal_rcc_ex.c ****     case RCC_PERIPHCLK_I2S:
1091:Drivers/STM32G4xx_HAL_Driver/Src/stm32g4xx_hal_rcc_ex.c ****       /* Get the current I2Sx source */
1092:Drivers/STM32G4xx_HAL_Driver/Src/stm32g4xx_hal_rcc_ex.c ****       srcclk = __HAL_RCC_GET_I2S_SOURCE();
1093:Drivers/STM32G4xx_HAL_Driver/Src/stm32g4xx_hal_rcc_ex.c **** 
1094:Drivers/STM32G4xx_HAL_Driver/Src/stm32g4xx_hal_rcc_ex.c ****       if(srcclk == RCC_I2SCLKSOURCE_SYSCLK)
1095:Drivers/STM32G4xx_HAL_Driver/Src/stm32g4xx_hal_rcc_ex.c ****       {
1096:Drivers/STM32G4xx_HAL_Driver/Src/stm32g4xx_hal_rcc_ex.c ****         frequency = HAL_RCC_GetSysClockFreq();
1097:Drivers/STM32G4xx_HAL_Driver/Src/stm32g4xx_hal_rcc_ex.c ****       }
1098:Drivers/STM32G4xx_HAL_Driver/Src/stm32g4xx_hal_rcc_ex.c ****       else if(srcclk == RCC_I2SCLKSOURCE_PLL)
1099:Drivers/STM32G4xx_HAL_Driver/Src/stm32g4xx_hal_rcc_ex.c ****       {
1100:Drivers/STM32G4xx_HAL_Driver/Src/stm32g4xx_hal_rcc_ex.c ****         if(__HAL_RCC_GET_PLLCLKOUT_CONFIG(RCC_PLL_48M1CLK) != 0U)
1101:Drivers/STM32G4xx_HAL_Driver/Src/stm32g4xx_hal_rcc_ex.c ****         {
1102:Drivers/STM32G4xx_HAL_Driver/Src/stm32g4xx_hal_rcc_ex.c ****           /* f(PLLQ) = f(VCO input) * PLLN / PLLQ */
1103:Drivers/STM32G4xx_HAL_Driver/Src/stm32g4xx_hal_rcc_ex.c ****           plln = READ_BIT(RCC->PLLCFGR, RCC_PLLCFGR_PLLN) >> RCC_PLLCFGR_PLLN_Pos;
1104:Drivers/STM32G4xx_HAL_Driver/Src/stm32g4xx_hal_rcc_ex.c ****           frequency = (pllvco * plln) / (((READ_BIT(RCC->PLLCFGR, RCC_PLLCFGR_PLLQ) >> RCC_PLLCFGR_
1105:Drivers/STM32G4xx_HAL_Driver/Src/stm32g4xx_hal_rcc_ex.c ****         }
1106:Drivers/STM32G4xx_HAL_Driver/Src/stm32g4xx_hal_rcc_ex.c ****       }
1107:Drivers/STM32G4xx_HAL_Driver/Src/stm32g4xx_hal_rcc_ex.c ****       else if(srcclk == RCC_I2SCLKSOURCE_EXT)
1108:Drivers/STM32G4xx_HAL_Driver/Src/stm32g4xx_hal_rcc_ex.c ****       {
1109:Drivers/STM32G4xx_HAL_Driver/Src/stm32g4xx_hal_rcc_ex.c ****         /* External clock used.*/
1110:Drivers/STM32G4xx_HAL_Driver/Src/stm32g4xx_hal_rcc_ex.c ****         frequency = EXTERNAL_CLOCK_VALUE;
1111:Drivers/STM32G4xx_HAL_Driver/Src/stm32g4xx_hal_rcc_ex.c ****       }      
1112:Drivers/STM32G4xx_HAL_Driver/Src/stm32g4xx_hal_rcc_ex.c ****       else if((HAL_IS_BIT_SET(RCC->CR, RCC_CR_HSIRDY)) && (srcclk == RCC_I2SCLKSOURCE_HSI))
1113:Drivers/STM32G4xx_HAL_Driver/Src/stm32g4xx_hal_rcc_ex.c ****       {
1114:Drivers/STM32G4xx_HAL_Driver/Src/stm32g4xx_hal_rcc_ex.c ****         frequency = HSI_VALUE;
1115:Drivers/STM32G4xx_HAL_Driver/Src/stm32g4xx_hal_rcc_ex.c ****       }
1116:Drivers/STM32G4xx_HAL_Driver/Src/stm32g4xx_hal_rcc_ex.c ****       /* Clock not enabled for I2S */
1117:Drivers/STM32G4xx_HAL_Driver/Src/stm32g4xx_hal_rcc_ex.c ****       else
1118:Drivers/STM32G4xx_HAL_Driver/Src/stm32g4xx_hal_rcc_ex.c ****       {
1119:Drivers/STM32G4xx_HAL_Driver/Src/stm32g4xx_hal_rcc_ex.c ****         /* nothing to do: frequency already initialized to 0 */
1120:Drivers/STM32G4xx_HAL_Driver/Src/stm32g4xx_hal_rcc_ex.c ****       }
1121:Drivers/STM32G4xx_HAL_Driver/Src/stm32g4xx_hal_rcc_ex.c ****       break;
1122:Drivers/STM32G4xx_HAL_Driver/Src/stm32g4xx_hal_rcc_ex.c **** #endif /* SPI_I2S_SUPPORT */
1123:Drivers/STM32G4xx_HAL_Driver/Src/stm32g4xx_hal_rcc_ex.c **** 
1124:Drivers/STM32G4xx_HAL_Driver/Src/stm32g4xx_hal_rcc_ex.c **** #if defined(FDCAN1)
1125:Drivers/STM32G4xx_HAL_Driver/Src/stm32g4xx_hal_rcc_ex.c ****     case RCC_PERIPHCLK_FDCAN:
1126:Drivers/STM32G4xx_HAL_Driver/Src/stm32g4xx_hal_rcc_ex.c ****       /* Get the current FDCANx source */
1127:Drivers/STM32G4xx_HAL_Driver/Src/stm32g4xx_hal_rcc_ex.c ****       srcclk = __HAL_RCC_GET_FDCAN_SOURCE();
1128:Drivers/STM32G4xx_HAL_Driver/Src/stm32g4xx_hal_rcc_ex.c **** 
1129:Drivers/STM32G4xx_HAL_Driver/Src/stm32g4xx_hal_rcc_ex.c ****       if(srcclk == RCC_FDCANCLKSOURCE_PCLK1)
1130:Drivers/STM32G4xx_HAL_Driver/Src/stm32g4xx_hal_rcc_ex.c ****       {
1131:Drivers/STM32G4xx_HAL_Driver/Src/stm32g4xx_hal_rcc_ex.c ****         frequency = HAL_RCC_GetPCLK1Freq();
1132:Drivers/STM32G4xx_HAL_Driver/Src/stm32g4xx_hal_rcc_ex.c ****       }
1133:Drivers/STM32G4xx_HAL_Driver/Src/stm32g4xx_hal_rcc_ex.c ****       else if(srcclk == RCC_FDCANCLKSOURCE_HSE)
1134:Drivers/STM32G4xx_HAL_Driver/Src/stm32g4xx_hal_rcc_ex.c ****       {
1135:Drivers/STM32G4xx_HAL_Driver/Src/stm32g4xx_hal_rcc_ex.c ****         frequency = HSE_VALUE;
ARM GAS  /tmp/ccCVkYLU.s 			page 39


1136:Drivers/STM32G4xx_HAL_Driver/Src/stm32g4xx_hal_rcc_ex.c ****       }
1137:Drivers/STM32G4xx_HAL_Driver/Src/stm32g4xx_hal_rcc_ex.c ****       else if(srcclk == RCC_FDCANCLKSOURCE_PLL)
1138:Drivers/STM32G4xx_HAL_Driver/Src/stm32g4xx_hal_rcc_ex.c ****       {
1139:Drivers/STM32G4xx_HAL_Driver/Src/stm32g4xx_hal_rcc_ex.c ****         if(__HAL_RCC_GET_PLLCLKOUT_CONFIG(RCC_PLL_48M1CLK) != 0U)
1140:Drivers/STM32G4xx_HAL_Driver/Src/stm32g4xx_hal_rcc_ex.c ****         {
1141:Drivers/STM32G4xx_HAL_Driver/Src/stm32g4xx_hal_rcc_ex.c ****           /* f(PLLQ) = f(VCO input) * PLLN / PLLQ */
1142:Drivers/STM32G4xx_HAL_Driver/Src/stm32g4xx_hal_rcc_ex.c ****           plln = READ_BIT(RCC->PLLCFGR, RCC_PLLCFGR_PLLN) >> RCC_PLLCFGR_PLLN_Pos;
1143:Drivers/STM32G4xx_HAL_Driver/Src/stm32g4xx_hal_rcc_ex.c ****           frequency = (pllvco * plln) / (((READ_BIT(RCC->PLLCFGR, RCC_PLLCFGR_PLLQ) >> RCC_PLLCFGR_
1144:Drivers/STM32G4xx_HAL_Driver/Src/stm32g4xx_hal_rcc_ex.c ****         }
1145:Drivers/STM32G4xx_HAL_Driver/Src/stm32g4xx_hal_rcc_ex.c ****       }
1146:Drivers/STM32G4xx_HAL_Driver/Src/stm32g4xx_hal_rcc_ex.c ****       /* Clock not enabled for FDCAN */
1147:Drivers/STM32G4xx_HAL_Driver/Src/stm32g4xx_hal_rcc_ex.c ****       else
1148:Drivers/STM32G4xx_HAL_Driver/Src/stm32g4xx_hal_rcc_ex.c ****       {
1149:Drivers/STM32G4xx_HAL_Driver/Src/stm32g4xx_hal_rcc_ex.c ****         /* nothing to do: frequency already initialized to 0 */
1150:Drivers/STM32G4xx_HAL_Driver/Src/stm32g4xx_hal_rcc_ex.c ****       }
1151:Drivers/STM32G4xx_HAL_Driver/Src/stm32g4xx_hal_rcc_ex.c ****       break;
1152:Drivers/STM32G4xx_HAL_Driver/Src/stm32g4xx_hal_rcc_ex.c **** #endif /* FDCAN1 */
1153:Drivers/STM32G4xx_HAL_Driver/Src/stm32g4xx_hal_rcc_ex.c ****     
1154:Drivers/STM32G4xx_HAL_Driver/Src/stm32g4xx_hal_rcc_ex.c **** #if defined(USB)
1155:Drivers/STM32G4xx_HAL_Driver/Src/stm32g4xx_hal_rcc_ex.c ****     
1156:Drivers/STM32G4xx_HAL_Driver/Src/stm32g4xx_hal_rcc_ex.c ****     case RCC_PERIPHCLK_USB:
1157:Drivers/STM32G4xx_HAL_Driver/Src/stm32g4xx_hal_rcc_ex.c ****       /* Get the current USB source */
1158:Drivers/STM32G4xx_HAL_Driver/Src/stm32g4xx_hal_rcc_ex.c ****       srcclk = __HAL_RCC_GET_USB_SOURCE();
 983              		.loc 1 1158 7 is_stmt 1 view .LVU315
 984              		.loc 1 1158 16 is_stmt 0 view .LVU316
 985 01b8 3B4B     		ldr	r3, .L165
 986 01ba D3F88830 		ldr	r3, [r3, #136]
 987              		.loc 1 1158 14 view .LVU317
 988 01be 03F04063 		and	r3, r3, #201326592
 989              	.LVL49:
1159:Drivers/STM32G4xx_HAL_Driver/Src/stm32g4xx_hal_rcc_ex.c ****       
1160:Drivers/STM32G4xx_HAL_Driver/Src/stm32g4xx_hal_rcc_ex.c ****       if(srcclk == RCC_USBCLKSOURCE_PLL)  /* PLL ? */
 990              		.loc 1 1160 7 is_stmt 1 view .LVU318
 991              		.loc 1 1160 9 is_stmt 0 view .LVU319
 992 01c2 B3F1006F 		cmp	r3, #134217728
 993 01c6 00F08581 		beq	.L143
1161:Drivers/STM32G4xx_HAL_Driver/Src/stm32g4xx_hal_rcc_ex.c ****       {
1162:Drivers/STM32G4xx_HAL_Driver/Src/stm32g4xx_hal_rcc_ex.c ****         /* f(PLLQ) = f(VCO input) * PLLN / PLLQ */
1163:Drivers/STM32G4xx_HAL_Driver/Src/stm32g4xx_hal_rcc_ex.c ****         plln = READ_BIT(RCC->PLLCFGR, RCC_PLLCFGR_PLLN) >> RCC_PLLCFGR_PLLN_Pos;
1164:Drivers/STM32G4xx_HAL_Driver/Src/stm32g4xx_hal_rcc_ex.c ****         frequency = (pllvco * plln) / (((READ_BIT(RCC->PLLCFGR, RCC_PLLCFGR_PLLQ) >> RCC_PLLCFGR_PL
1165:Drivers/STM32G4xx_HAL_Driver/Src/stm32g4xx_hal_rcc_ex.c ****       }
1166:Drivers/STM32G4xx_HAL_Driver/Src/stm32g4xx_hal_rcc_ex.c ****       else if((HAL_IS_BIT_SET(RCC->CRRCR, RCC_CRRCR_HSI48RDY)) && (srcclk == RCC_USBCLKSOURCE_HSI48
 994              		.loc 1 1166 12 is_stmt 1 view .LVU320
 995              		.loc 1 1166 16 is_stmt 0 view .LVU321
 996 01ca 374A     		ldr	r2, .L165
 997              	.LVL50:
 998              		.loc 1 1166 16 view .LVU322
 999 01cc D2F89800 		ldr	r0, [r2, #152]
 1000              	.LVL51:
 1001              		.loc 1 1166 14 view .LVU323
 1002 01d0 10F00200 		ands	r0, r0, #2
 1003 01d4 00F0BE81 		beq	.L51
 1004              		.loc 1 1166 64 discriminator 1 view .LVU324
 1005 01d8 002B     		cmp	r3, #0
 1006 01da 00F00182 		beq	.L132
 686:Drivers/STM32G4xx_HAL_Driver/Src/stm32g4xx_hal_rcc_ex.c ****   uint32_t srcclk;
 1007              		.loc 1 686 12 view .LVU325
ARM GAS  /tmp/ccCVkYLU.s 			page 40


 1008 01de 0020     		movs	r0, #0
 1009 01e0 B8E1     		b	.L51
 1010              	.LVL52:
 1011              	.L67:
 759:Drivers/STM32G4xx_HAL_Driver/Src/stm32g4xx_hal_rcc_ex.c **** 
 1012              		.loc 1 759 7 is_stmt 1 view .LVU326
 759:Drivers/STM32G4xx_HAL_Driver/Src/stm32g4xx_hal_rcc_ex.c **** 
 1013              		.loc 1 759 16 is_stmt 0 view .LVU327
 1014 01e2 314B     		ldr	r3, .L165
 1015 01e4 D3F88830 		ldr	r3, [r3, #136]
 1016              	.LVL53:
 761:Drivers/STM32G4xx_HAL_Driver/Src/stm32g4xx_hal_rcc_ex.c ****       {
 1017              		.loc 1 761 7 is_stmt 1 view .LVU328
 761:Drivers/STM32G4xx_HAL_Driver/Src/stm32g4xx_hal_rcc_ex.c ****       {
 1018              		.loc 1 761 9 is_stmt 0 view .LVU329
 1019 01e8 13F00303 		ands	r3, r3, #3
 1020              	.LVL54:
 761:Drivers/STM32G4xx_HAL_Driver/Src/stm32g4xx_hal_rcc_ex.c ****       {
 1021              		.loc 1 761 9 view .LVU330
 1022 01ec 15D0     		beq	.L144
 765:Drivers/STM32G4xx_HAL_Driver/Src/stm32g4xx_hal_rcc_ex.c ****       {
 1023              		.loc 1 765 12 is_stmt 1 view .LVU331
 765:Drivers/STM32G4xx_HAL_Driver/Src/stm32g4xx_hal_rcc_ex.c ****       {
 1024              		.loc 1 765 14 is_stmt 0 view .LVU332
 1025 01ee 012B     		cmp	r3, #1
 1026 01f0 16D0     		beq	.L145
 769:Drivers/STM32G4xx_HAL_Driver/Src/stm32g4xx_hal_rcc_ex.c ****       {
 1027              		.loc 1 769 12 is_stmt 1 view .LVU333
 769:Drivers/STM32G4xx_HAL_Driver/Src/stm32g4xx_hal_rcc_ex.c ****       {
 1028              		.loc 1 769 16 is_stmt 0 view .LVU334
 1029 01f2 2D4A     		ldr	r2, .L165
 1030              	.LVL55:
 769:Drivers/STM32G4xx_HAL_Driver/Src/stm32g4xx_hal_rcc_ex.c ****       {
 1031              		.loc 1 769 16 view .LVU335
 1032 01f4 1268     		ldr	r2, [r2]
 769:Drivers/STM32G4xx_HAL_Driver/Src/stm32g4xx_hal_rcc_ex.c ****       {
 1033              		.loc 1 769 14 view .LVU336
 1034 01f6 12F4806F 		tst	r2, #1024
 1035 01fa 02D0     		beq	.L80
 769:Drivers/STM32G4xx_HAL_Driver/Src/stm32g4xx_hal_rcc_ex.c ****       {
 1036              		.loc 1 769 56 discriminator 1 view .LVU337
 1037 01fc 022B     		cmp	r3, #2
 1038 01fe 00F06781 		beq	.L81
 1039              	.L80:
 773:Drivers/STM32G4xx_HAL_Driver/Src/stm32g4xx_hal_rcc_ex.c ****       {
 1040              		.loc 1 773 12 is_stmt 1 view .LVU338
 773:Drivers/STM32G4xx_HAL_Driver/Src/stm32g4xx_hal_rcc_ex.c ****       {
 1041              		.loc 1 773 16 is_stmt 0 view .LVU339
 1042 0202 294A     		ldr	r2, .L165
 1043 0204 D2F89000 		ldr	r0, [r2, #144]
 1044              	.LVL56:
 773:Drivers/STM32G4xx_HAL_Driver/Src/stm32g4xx_hal_rcc_ex.c ****       {
 1045              		.loc 1 773 14 view .LVU340
 1046 0208 10F00200 		ands	r0, r0, #2
 1047 020c 00F0A281 		beq	.L51
 773:Drivers/STM32G4xx_HAL_Driver/Src/stm32g4xx_hal_rcc_ex.c ****       {
 1048              		.loc 1 773 60 discriminator 1 view .LVU341
ARM GAS  /tmp/ccCVkYLU.s 			page 41


 1049 0210 032B     		cmp	r3, #3
 1050 0212 00F0C981 		beq	.L121
 686:Drivers/STM32G4xx_HAL_Driver/Src/stm32g4xx_hal_rcc_ex.c ****   uint32_t srcclk;
 1051              		.loc 1 686 12 view .LVU342
 1052 0216 0020     		movs	r0, #0
 1053 0218 9CE1     		b	.L51
 1054              	.LVL57:
 1055              	.L144:
 763:Drivers/STM32G4xx_HAL_Driver/Src/stm32g4xx_hal_rcc_ex.c ****       }
 1056              		.loc 1 763 9 is_stmt 1 view .LVU343
 763:Drivers/STM32G4xx_HAL_Driver/Src/stm32g4xx_hal_rcc_ex.c ****       }
 1057              		.loc 1 763 21 is_stmt 0 view .LVU344
 1058 021a FFF7FEFF 		bl	HAL_RCC_GetPCLK2Freq
 1059              	.LVL58:
 763:Drivers/STM32G4xx_HAL_Driver/Src/stm32g4xx_hal_rcc_ex.c ****       }
 1060              		.loc 1 763 21 view .LVU345
 1061 021e 99E1     		b	.L51
 1062              	.LVL59:
 1063              	.L145:
 767:Drivers/STM32G4xx_HAL_Driver/Src/stm32g4xx_hal_rcc_ex.c ****       }
 1064              		.loc 1 767 9 is_stmt 1 view .LVU346
 767:Drivers/STM32G4xx_HAL_Driver/Src/stm32g4xx_hal_rcc_ex.c ****       }
 1065              		.loc 1 767 21 is_stmt 0 view .LVU347
 1066 0220 FFF7FEFF 		bl	HAL_RCC_GetSysClockFreq
 1067              	.LVL60:
 767:Drivers/STM32G4xx_HAL_Driver/Src/stm32g4xx_hal_rcc_ex.c ****       }
 1068              		.loc 1 767 21 view .LVU348
 1069 0224 96E1     		b	.L51
 1070              	.LVL61:
 1071              	.L66:
 786:Drivers/STM32G4xx_HAL_Driver/Src/stm32g4xx_hal_rcc_ex.c **** 
 1072              		.loc 1 786 7 is_stmt 1 view .LVU349
 786:Drivers/STM32G4xx_HAL_Driver/Src/stm32g4xx_hal_rcc_ex.c **** 
 1073              		.loc 1 786 16 is_stmt 0 view .LVU350
 1074 0226 204B     		ldr	r3, .L165
 1075 0228 D3F88830 		ldr	r3, [r3, #136]
 1076              	.LVL62:
 788:Drivers/STM32G4xx_HAL_Driver/Src/stm32g4xx_hal_rcc_ex.c ****       {
 1077              		.loc 1 788 7 is_stmt 1 view .LVU351
 788:Drivers/STM32G4xx_HAL_Driver/Src/stm32g4xx_hal_rcc_ex.c ****       {
 1078              		.loc 1 788 9 is_stmt 0 view .LVU352
 1079 022c 13F00C03 		ands	r3, r3, #12
 1080              	.LVL63:
 788:Drivers/STM32G4xx_HAL_Driver/Src/stm32g4xx_hal_rcc_ex.c ****       {
 1081              		.loc 1 788 9 view .LVU353
 1082 0230 15D0     		beq	.L146
 792:Drivers/STM32G4xx_HAL_Driver/Src/stm32g4xx_hal_rcc_ex.c ****       {
 1083              		.loc 1 792 12 is_stmt 1 view .LVU354
 792:Drivers/STM32G4xx_HAL_Driver/Src/stm32g4xx_hal_rcc_ex.c ****       {
 1084              		.loc 1 792 14 is_stmt 0 view .LVU355
 1085 0232 042B     		cmp	r3, #4
 1086 0234 16D0     		beq	.L147
 796:Drivers/STM32G4xx_HAL_Driver/Src/stm32g4xx_hal_rcc_ex.c ****       {
 1087              		.loc 1 796 12 is_stmt 1 view .LVU356
 796:Drivers/STM32G4xx_HAL_Driver/Src/stm32g4xx_hal_rcc_ex.c ****       {
 1088              		.loc 1 796 16 is_stmt 0 view .LVU357
 1089 0236 1C4A     		ldr	r2, .L165
ARM GAS  /tmp/ccCVkYLU.s 			page 42


 1090              	.LVL64:
 796:Drivers/STM32G4xx_HAL_Driver/Src/stm32g4xx_hal_rcc_ex.c ****       {
 1091              		.loc 1 796 16 view .LVU358
 1092 0238 1268     		ldr	r2, [r2]
 796:Drivers/STM32G4xx_HAL_Driver/Src/stm32g4xx_hal_rcc_ex.c ****       {
 1093              		.loc 1 796 14 view .LVU359
 1094 023a 12F4806F 		tst	r2, #1024
 1095 023e 02D0     		beq	.L84
 796:Drivers/STM32G4xx_HAL_Driver/Src/stm32g4xx_hal_rcc_ex.c ****       {
 1096              		.loc 1 796 56 discriminator 1 view .LVU360
 1097 0240 082B     		cmp	r3, #8
 1098 0242 00F04581 		beq	.L81
 1099              	.L84:
 800:Drivers/STM32G4xx_HAL_Driver/Src/stm32g4xx_hal_rcc_ex.c ****       {
 1100              		.loc 1 800 12 is_stmt 1 view .LVU361
 800:Drivers/STM32G4xx_HAL_Driver/Src/stm32g4xx_hal_rcc_ex.c ****       {
 1101              		.loc 1 800 16 is_stmt 0 view .LVU362
 1102 0246 184A     		ldr	r2, .L165
 1103 0248 D2F89000 		ldr	r0, [r2, #144]
 800:Drivers/STM32G4xx_HAL_Driver/Src/stm32g4xx_hal_rcc_ex.c ****       {
 1104              		.loc 1 800 14 view .LVU363
 1105 024c 10F00200 		ands	r0, r0, #2
 1106 0250 00F08081 		beq	.L51
 800:Drivers/STM32G4xx_HAL_Driver/Src/stm32g4xx_hal_rcc_ex.c ****       {
 1107              		.loc 1 800 61 discriminator 1 view .LVU364
 1108 0254 0C2B     		cmp	r3, #12
 1109 0256 00F0AA81 		beq	.L122
 686:Drivers/STM32G4xx_HAL_Driver/Src/stm32g4xx_hal_rcc_ex.c ****   uint32_t srcclk;
 1110              		.loc 1 686 12 view .LVU365
 1111 025a 0020     		movs	r0, #0
 1112 025c 7AE1     		b	.L51
 1113              	.LVL65:
 1114              	.L146:
 790:Drivers/STM32G4xx_HAL_Driver/Src/stm32g4xx_hal_rcc_ex.c ****       }
 1115              		.loc 1 790 9 is_stmt 1 view .LVU366
 790:Drivers/STM32G4xx_HAL_Driver/Src/stm32g4xx_hal_rcc_ex.c ****       }
 1116              		.loc 1 790 21 is_stmt 0 view .LVU367
 1117 025e FFF7FEFF 		bl	HAL_RCC_GetPCLK1Freq
 1118              	.LVL66:
 790:Drivers/STM32G4xx_HAL_Driver/Src/stm32g4xx_hal_rcc_ex.c ****       }
 1119              		.loc 1 790 21 view .LVU368
 1120 0262 77E1     		b	.L51
 1121              	.LVL67:
 1122              	.L147:
 794:Drivers/STM32G4xx_HAL_Driver/Src/stm32g4xx_hal_rcc_ex.c ****       }
 1123              		.loc 1 794 9 is_stmt 1 view .LVU369
 794:Drivers/STM32G4xx_HAL_Driver/Src/stm32g4xx_hal_rcc_ex.c ****       }
 1124              		.loc 1 794 21 is_stmt 0 view .LVU370
 1125 0264 FFF7FEFF 		bl	HAL_RCC_GetSysClockFreq
 1126              	.LVL68:
 794:Drivers/STM32G4xx_HAL_Driver/Src/stm32g4xx_hal_rcc_ex.c ****       }
 1127              		.loc 1 794 21 view .LVU371
 1128 0268 74E1     		b	.L51
 1129              	.LVL69:
 1130              	.L65:
 814:Drivers/STM32G4xx_HAL_Driver/Src/stm32g4xx_hal_rcc_ex.c **** 
 1131              		.loc 1 814 7 is_stmt 1 view .LVU372
ARM GAS  /tmp/ccCVkYLU.s 			page 43


 814:Drivers/STM32G4xx_HAL_Driver/Src/stm32g4xx_hal_rcc_ex.c **** 
 1132              		.loc 1 814 16 is_stmt 0 view .LVU373
 1133 026a 0F4B     		ldr	r3, .L165
 1134 026c D3F88830 		ldr	r3, [r3, #136]
 1135              	.LVL70:
 816:Drivers/STM32G4xx_HAL_Driver/Src/stm32g4xx_hal_rcc_ex.c ****       {
 1136              		.loc 1 816 7 is_stmt 1 view .LVU374
 816:Drivers/STM32G4xx_HAL_Driver/Src/stm32g4xx_hal_rcc_ex.c ****       {
 1137              		.loc 1 816 9 is_stmt 0 view .LVU375
 1138 0270 13F03003 		ands	r3, r3, #48
 1139              	.LVL71:
 816:Drivers/STM32G4xx_HAL_Driver/Src/stm32g4xx_hal_rcc_ex.c ****       {
 1140              		.loc 1 816 9 view .LVU376
 1141 0274 15D0     		beq	.L148
 820:Drivers/STM32G4xx_HAL_Driver/Src/stm32g4xx_hal_rcc_ex.c ****       {
 1142              		.loc 1 820 12 is_stmt 1 view .LVU377
 820:Drivers/STM32G4xx_HAL_Driver/Src/stm32g4xx_hal_rcc_ex.c ****       {
 1143              		.loc 1 820 14 is_stmt 0 view .LVU378
 1144 0276 102B     		cmp	r3, #16
 1145 0278 1AD0     		beq	.L149
 824:Drivers/STM32G4xx_HAL_Driver/Src/stm32g4xx_hal_rcc_ex.c ****       {
 1146              		.loc 1 824 12 is_stmt 1 view .LVU379
 824:Drivers/STM32G4xx_HAL_Driver/Src/stm32g4xx_hal_rcc_ex.c ****       {
 1147              		.loc 1 824 16 is_stmt 0 view .LVU380
 1148 027a 0B4A     		ldr	r2, .L165
 1149              	.LVL72:
 824:Drivers/STM32G4xx_HAL_Driver/Src/stm32g4xx_hal_rcc_ex.c ****       {
 1150              		.loc 1 824 16 view .LVU381
 1151 027c 1268     		ldr	r2, [r2]
 824:Drivers/STM32G4xx_HAL_Driver/Src/stm32g4xx_hal_rcc_ex.c ****       {
 1152              		.loc 1 824 14 view .LVU382
 1153 027e 12F4806F 		tst	r2, #1024
 1154 0282 02D0     		beq	.L87
 824:Drivers/STM32G4xx_HAL_Driver/Src/stm32g4xx_hal_rcc_ex.c ****       {
 1155              		.loc 1 824 56 discriminator 1 view .LVU383
 1156 0284 202B     		cmp	r3, #32
 1157 0286 00F02381 		beq	.L81
 1158              	.L87:
 828:Drivers/STM32G4xx_HAL_Driver/Src/stm32g4xx_hal_rcc_ex.c ****       {
 1159              		.loc 1 828 12 is_stmt 1 view .LVU384
 828:Drivers/STM32G4xx_HAL_Driver/Src/stm32g4xx_hal_rcc_ex.c ****       {
 1160              		.loc 1 828 16 is_stmt 0 view .LVU385
 1161 028a 074A     		ldr	r2, .L165
 1162 028c D2F89000 		ldr	r0, [r2, #144]
 828:Drivers/STM32G4xx_HAL_Driver/Src/stm32g4xx_hal_rcc_ex.c ****       {
 1163              		.loc 1 828 14 view .LVU386
 1164 0290 10F00200 		ands	r0, r0, #2
 1165 0294 00F05E81 		beq	.L51
 828:Drivers/STM32G4xx_HAL_Driver/Src/stm32g4xx_hal_rcc_ex.c ****       {
 1166              		.loc 1 828 60 discriminator 1 view .LVU387
 1167 0298 302B     		cmp	r3, #48
 1168 029a 00F08B81 		beq	.L123
 686:Drivers/STM32G4xx_HAL_Driver/Src/stm32g4xx_hal_rcc_ex.c ****   uint32_t srcclk;
 1169              		.loc 1 686 12 view .LVU388
 1170 029e 0020     		movs	r0, #0
 1171 02a0 58E1     		b	.L51
 1172              	.LVL73:
ARM GAS  /tmp/ccCVkYLU.s 			page 44


 1173              	.L148:
 818:Drivers/STM32G4xx_HAL_Driver/Src/stm32g4xx_hal_rcc_ex.c ****       }
 1174              		.loc 1 818 9 is_stmt 1 view .LVU389
 818:Drivers/STM32G4xx_HAL_Driver/Src/stm32g4xx_hal_rcc_ex.c ****       }
 1175              		.loc 1 818 21 is_stmt 0 view .LVU390
 1176 02a2 FFF7FEFF 		bl	HAL_RCC_GetPCLK1Freq
 1177              	.LVL74:
 818:Drivers/STM32G4xx_HAL_Driver/Src/stm32g4xx_hal_rcc_ex.c ****       }
 1178              		.loc 1 818 21 view .LVU391
 1179 02a6 55E1     		b	.L51
 1180              	.L166:
 1181              		.align	2
 1182              	.L165:
 1183 02a8 00100240 		.word	1073876992
 1184 02ac 0024F400 		.word	16000000
 1185              	.LVL75:
 1186              	.L149:
 822:Drivers/STM32G4xx_HAL_Driver/Src/stm32g4xx_hal_rcc_ex.c ****       }
 1187              		.loc 1 822 9 is_stmt 1 view .LVU392
 822:Drivers/STM32G4xx_HAL_Driver/Src/stm32g4xx_hal_rcc_ex.c ****       }
 1188              		.loc 1 822 21 is_stmt 0 view .LVU393
 1189 02b0 FFF7FEFF 		bl	HAL_RCC_GetSysClockFreq
 1190              	.LVL76:
 822:Drivers/STM32G4xx_HAL_Driver/Src/stm32g4xx_hal_rcc_ex.c ****       }
 1191              		.loc 1 822 21 view .LVU394
 1192 02b4 4EE1     		b	.L51
 1193              	.LVL77:
 1194              	.L64:
 843:Drivers/STM32G4xx_HAL_Driver/Src/stm32g4xx_hal_rcc_ex.c **** 
 1195              		.loc 1 843 7 is_stmt 1 view .LVU395
 843:Drivers/STM32G4xx_HAL_Driver/Src/stm32g4xx_hal_rcc_ex.c **** 
 1196              		.loc 1 843 16 is_stmt 0 view .LVU396
 1197 02b6 A84B     		ldr	r3, .L167
 1198 02b8 D3F88830 		ldr	r3, [r3, #136]
 1199              	.LVL78:
 845:Drivers/STM32G4xx_HAL_Driver/Src/stm32g4xx_hal_rcc_ex.c ****       {
 1200              		.loc 1 845 7 is_stmt 1 view .LVU397
 845:Drivers/STM32G4xx_HAL_Driver/Src/stm32g4xx_hal_rcc_ex.c ****       {
 1201              		.loc 1 845 9 is_stmt 0 view .LVU398
 1202 02bc 13F0C003 		ands	r3, r3, #192
 1203              	.LVL79:
 845:Drivers/STM32G4xx_HAL_Driver/Src/stm32g4xx_hal_rcc_ex.c ****       {
 1204              		.loc 1 845 9 view .LVU399
 1205 02c0 15D0     		beq	.L150
 849:Drivers/STM32G4xx_HAL_Driver/Src/stm32g4xx_hal_rcc_ex.c ****       {
 1206              		.loc 1 849 12 is_stmt 1 view .LVU400
 849:Drivers/STM32G4xx_HAL_Driver/Src/stm32g4xx_hal_rcc_ex.c ****       {
 1207              		.loc 1 849 14 is_stmt 0 view .LVU401
 1208 02c2 402B     		cmp	r3, #64
 1209 02c4 16D0     		beq	.L151
 853:Drivers/STM32G4xx_HAL_Driver/Src/stm32g4xx_hal_rcc_ex.c ****       {
 1210              		.loc 1 853 12 is_stmt 1 view .LVU402
 853:Drivers/STM32G4xx_HAL_Driver/Src/stm32g4xx_hal_rcc_ex.c ****       {
 1211              		.loc 1 853 16 is_stmt 0 view .LVU403
 1212 02c6 A44A     		ldr	r2, .L167
 1213              	.LVL80:
 853:Drivers/STM32G4xx_HAL_Driver/Src/stm32g4xx_hal_rcc_ex.c ****       {
ARM GAS  /tmp/ccCVkYLU.s 			page 45


 1214              		.loc 1 853 16 view .LVU404
 1215 02c8 1268     		ldr	r2, [r2]
 853:Drivers/STM32G4xx_HAL_Driver/Src/stm32g4xx_hal_rcc_ex.c ****       {
 1216              		.loc 1 853 14 view .LVU405
 1217 02ca 12F4806F 		tst	r2, #1024
 1218 02ce 02D0     		beq	.L90
 853:Drivers/STM32G4xx_HAL_Driver/Src/stm32g4xx_hal_rcc_ex.c ****       {
 1219              		.loc 1 853 56 discriminator 1 view .LVU406
 1220 02d0 802B     		cmp	r3, #128
 1221 02d2 00F0FD80 		beq	.L81
 1222              	.L90:
 857:Drivers/STM32G4xx_HAL_Driver/Src/stm32g4xx_hal_rcc_ex.c ****       {
 1223              		.loc 1 857 12 is_stmt 1 view .LVU407
 857:Drivers/STM32G4xx_HAL_Driver/Src/stm32g4xx_hal_rcc_ex.c ****       {
 1224              		.loc 1 857 16 is_stmt 0 view .LVU408
 1225 02d6 A04A     		ldr	r2, .L167
 1226 02d8 D2F89000 		ldr	r0, [r2, #144]
 857:Drivers/STM32G4xx_HAL_Driver/Src/stm32g4xx_hal_rcc_ex.c ****       {
 1227              		.loc 1 857 14 view .LVU409
 1228 02dc 10F00200 		ands	r0, r0, #2
 1229 02e0 00F03881 		beq	.L51
 857:Drivers/STM32G4xx_HAL_Driver/Src/stm32g4xx_hal_rcc_ex.c ****       {
 1230              		.loc 1 857 60 discriminator 1 view .LVU410
 1231 02e4 C02B     		cmp	r3, #192
 1232 02e6 00F06881 		beq	.L124
 686:Drivers/STM32G4xx_HAL_Driver/Src/stm32g4xx_hal_rcc_ex.c ****   uint32_t srcclk;
 1233              		.loc 1 686 12 view .LVU411
 1234 02ea 0020     		movs	r0, #0
 1235 02ec 32E1     		b	.L51
 1236              	.LVL81:
 1237              	.L150:
 847:Drivers/STM32G4xx_HAL_Driver/Src/stm32g4xx_hal_rcc_ex.c ****       }
 1238              		.loc 1 847 9 is_stmt 1 view .LVU412
 847:Drivers/STM32G4xx_HAL_Driver/Src/stm32g4xx_hal_rcc_ex.c ****       }
 1239              		.loc 1 847 21 is_stmt 0 view .LVU413
 1240 02ee FFF7FEFF 		bl	HAL_RCC_GetPCLK1Freq
 1241              	.LVL82:
 847:Drivers/STM32G4xx_HAL_Driver/Src/stm32g4xx_hal_rcc_ex.c ****       }
 1242              		.loc 1 847 21 view .LVU414
 1243 02f2 2FE1     		b	.L51
 1244              	.LVL83:
 1245              	.L151:
 851:Drivers/STM32G4xx_HAL_Driver/Src/stm32g4xx_hal_rcc_ex.c ****       }
 1246              		.loc 1 851 9 is_stmt 1 view .LVU415
 851:Drivers/STM32G4xx_HAL_Driver/Src/stm32g4xx_hal_rcc_ex.c ****       }
 1247              		.loc 1 851 21 is_stmt 0 view .LVU416
 1248 02f4 FFF7FEFF 		bl	HAL_RCC_GetSysClockFreq
 1249              	.LVL84:
 851:Drivers/STM32G4xx_HAL_Driver/Src/stm32g4xx_hal_rcc_ex.c ****       }
 1250              		.loc 1 851 21 view .LVU417
 1251 02f8 2CE1     		b	.L51
 1252              	.LVL85:
 1253              	.L62:
 900:Drivers/STM32G4xx_HAL_Driver/Src/stm32g4xx_hal_rcc_ex.c **** 
 1254              		.loc 1 900 7 is_stmt 1 view .LVU418
 900:Drivers/STM32G4xx_HAL_Driver/Src/stm32g4xx_hal_rcc_ex.c **** 
 1255              		.loc 1 900 16 is_stmt 0 view .LVU419
ARM GAS  /tmp/ccCVkYLU.s 			page 46


 1256 02fa 974B     		ldr	r3, .L167
 1257 02fc D3F88830 		ldr	r3, [r3, #136]
 1258              	.LVL86:
 902:Drivers/STM32G4xx_HAL_Driver/Src/stm32g4xx_hal_rcc_ex.c ****       {
 1259              		.loc 1 902 7 is_stmt 1 view .LVU420
 902:Drivers/STM32G4xx_HAL_Driver/Src/stm32g4xx_hal_rcc_ex.c ****       {
 1260              		.loc 1 902 9 is_stmt 0 view .LVU421
 1261 0300 13F44063 		ands	r3, r3, #3072
 1262              	.LVL87:
 902:Drivers/STM32G4xx_HAL_Driver/Src/stm32g4xx_hal_rcc_ex.c ****       {
 1263              		.loc 1 902 9 view .LVU422
 1264 0304 18D0     		beq	.L152
 906:Drivers/STM32G4xx_HAL_Driver/Src/stm32g4xx_hal_rcc_ex.c ****       {
 1265              		.loc 1 906 12 is_stmt 1 view .LVU423
 906:Drivers/STM32G4xx_HAL_Driver/Src/stm32g4xx_hal_rcc_ex.c ****       {
 1266              		.loc 1 906 14 is_stmt 0 view .LVU424
 1267 0306 B3F5806F 		cmp	r3, #1024
 1268 030a 18D0     		beq	.L153
 910:Drivers/STM32G4xx_HAL_Driver/Src/stm32g4xx_hal_rcc_ex.c ****       {
 1269              		.loc 1 910 12 is_stmt 1 view .LVU425
 910:Drivers/STM32G4xx_HAL_Driver/Src/stm32g4xx_hal_rcc_ex.c ****       {
 1270              		.loc 1 910 16 is_stmt 0 view .LVU426
 1271 030c 924A     		ldr	r2, .L167
 1272              	.LVL88:
 910:Drivers/STM32G4xx_HAL_Driver/Src/stm32g4xx_hal_rcc_ex.c ****       {
 1273              		.loc 1 910 16 view .LVU427
 1274 030e 1268     		ldr	r2, [r2]
 910:Drivers/STM32G4xx_HAL_Driver/Src/stm32g4xx_hal_rcc_ex.c ****       {
 1275              		.loc 1 910 14 view .LVU428
 1276 0310 12F4806F 		tst	r2, #1024
 1277 0314 03D0     		beq	.L93
 910:Drivers/STM32G4xx_HAL_Driver/Src/stm32g4xx_hal_rcc_ex.c ****       {
 1278              		.loc 1 910 56 discriminator 1 view .LVU429
 1279 0316 B3F5006F 		cmp	r3, #2048
 1280 031a 00F0D980 		beq	.L81
 1281              	.L93:
 914:Drivers/STM32G4xx_HAL_Driver/Src/stm32g4xx_hal_rcc_ex.c ****       {
 1282              		.loc 1 914 12 is_stmt 1 view .LVU430
 914:Drivers/STM32G4xx_HAL_Driver/Src/stm32g4xx_hal_rcc_ex.c ****       {
 1283              		.loc 1 914 16 is_stmt 0 view .LVU431
 1284 031e 8E4A     		ldr	r2, .L167
 1285 0320 D2F89000 		ldr	r0, [r2, #144]
 914:Drivers/STM32G4xx_HAL_Driver/Src/stm32g4xx_hal_rcc_ex.c ****       {
 1286              		.loc 1 914 14 view .LVU432
 1287 0324 10F00200 		ands	r0, r0, #2
 1288 0328 00F01481 		beq	.L51
 914:Drivers/STM32G4xx_HAL_Driver/Src/stm32g4xx_hal_rcc_ex.c ****       {
 1289              		.loc 1 914 60 discriminator 1 view .LVU433
 1290 032c B3F5406F 		cmp	r3, #3072
 1291 0330 00F04681 		beq	.L125
 686:Drivers/STM32G4xx_HAL_Driver/Src/stm32g4xx_hal_rcc_ex.c ****   uint32_t srcclk;
 1292              		.loc 1 686 12 view .LVU434
 1293 0334 0020     		movs	r0, #0
 1294 0336 0DE1     		b	.L51
 1295              	.LVL89:
 1296              	.L152:
 904:Drivers/STM32G4xx_HAL_Driver/Src/stm32g4xx_hal_rcc_ex.c ****       }
ARM GAS  /tmp/ccCVkYLU.s 			page 47


 1297              		.loc 1 904 9 is_stmt 1 view .LVU435
 904:Drivers/STM32G4xx_HAL_Driver/Src/stm32g4xx_hal_rcc_ex.c ****       }
 1298              		.loc 1 904 21 is_stmt 0 view .LVU436
 1299 0338 FFF7FEFF 		bl	HAL_RCC_GetPCLK1Freq
 1300              	.LVL90:
 904:Drivers/STM32G4xx_HAL_Driver/Src/stm32g4xx_hal_rcc_ex.c ****       }
 1301              		.loc 1 904 21 view .LVU437
 1302 033c 0AE1     		b	.L51
 1303              	.LVL91:
 1304              	.L153:
 908:Drivers/STM32G4xx_HAL_Driver/Src/stm32g4xx_hal_rcc_ex.c ****       }
 1305              		.loc 1 908 9 is_stmt 1 view .LVU438
 908:Drivers/STM32G4xx_HAL_Driver/Src/stm32g4xx_hal_rcc_ex.c ****       }
 1306              		.loc 1 908 21 is_stmt 0 view .LVU439
 1307 033e FFF7FEFF 		bl	HAL_RCC_GetSysClockFreq
 1308              	.LVL92:
 908:Drivers/STM32G4xx_HAL_Driver/Src/stm32g4xx_hal_rcc_ex.c ****       }
 1309              		.loc 1 908 21 view .LVU440
 1310 0342 07E1     		b	.L51
 1311              	.LVL93:
 1312              	.L68:
 927:Drivers/STM32G4xx_HAL_Driver/Src/stm32g4xx_hal_rcc_ex.c **** 
 1313              		.loc 1 927 7 is_stmt 1 view .LVU441
 927:Drivers/STM32G4xx_HAL_Driver/Src/stm32g4xx_hal_rcc_ex.c **** 
 1314              		.loc 1 927 16 is_stmt 0 view .LVU442
 1315 0344 844B     		ldr	r3, .L167
 1316 0346 D3F88830 		ldr	r3, [r3, #136]
 1317              	.LVL94:
 929:Drivers/STM32G4xx_HAL_Driver/Src/stm32g4xx_hal_rcc_ex.c ****       {
 1318              		.loc 1 929 7 is_stmt 1 view .LVU443
 929:Drivers/STM32G4xx_HAL_Driver/Src/stm32g4xx_hal_rcc_ex.c ****       {
 1319              		.loc 1 929 9 is_stmt 0 view .LVU444
 1320 034a 13F44053 		ands	r3, r3, #12288
 1321              	.LVL95:
 929:Drivers/STM32G4xx_HAL_Driver/Src/stm32g4xx_hal_rcc_ex.c ****       {
 1322              		.loc 1 929 9 view .LVU445
 1323 034e 0ED0     		beq	.L154
 933:Drivers/STM32G4xx_HAL_Driver/Src/stm32g4xx_hal_rcc_ex.c ****       {
 1324              		.loc 1 933 12 is_stmt 1 view .LVU446
 933:Drivers/STM32G4xx_HAL_Driver/Src/stm32g4xx_hal_rcc_ex.c ****       {
 1325              		.loc 1 933 14 is_stmt 0 view .LVU447
 1326 0350 B3F5805F 		cmp	r3, #4096
 1327 0354 0ED0     		beq	.L155
 937:Drivers/STM32G4xx_HAL_Driver/Src/stm32g4xx_hal_rcc_ex.c ****       {
 1328              		.loc 1 937 12 is_stmt 1 view .LVU448
 937:Drivers/STM32G4xx_HAL_Driver/Src/stm32g4xx_hal_rcc_ex.c ****       {
 1329              		.loc 1 937 16 is_stmt 0 view .LVU449
 1330 0356 804A     		ldr	r2, .L167
 1331              	.LVL96:
 937:Drivers/STM32G4xx_HAL_Driver/Src/stm32g4xx_hal_rcc_ex.c ****       {
 1332              		.loc 1 937 16 view .LVU450
 1333 0358 1068     		ldr	r0, [r2]
 1334              	.LVL97:
 937:Drivers/STM32G4xx_HAL_Driver/Src/stm32g4xx_hal_rcc_ex.c ****       {
 1335              		.loc 1 937 14 view .LVU451
 1336 035a 10F48060 		ands	r0, r0, #1024
 1337 035e 00F0F980 		beq	.L51
ARM GAS  /tmp/ccCVkYLU.s 			page 48


 937:Drivers/STM32G4xx_HAL_Driver/Src/stm32g4xx_hal_rcc_ex.c ****       {
 1338              		.loc 1 937 56 discriminator 1 view .LVU452
 1339 0362 B3F5005F 		cmp	r3, #8192
 1340 0366 00F02E81 		beq	.L126
 686:Drivers/STM32G4xx_HAL_Driver/Src/stm32g4xx_hal_rcc_ex.c ****   uint32_t srcclk;
 1341              		.loc 1 686 12 view .LVU453
 1342 036a 0020     		movs	r0, #0
 1343 036c F2E0     		b	.L51
 1344              	.LVL98:
 1345              	.L154:
 931:Drivers/STM32G4xx_HAL_Driver/Src/stm32g4xx_hal_rcc_ex.c ****       }
 1346              		.loc 1 931 9 is_stmt 1 view .LVU454
 931:Drivers/STM32G4xx_HAL_Driver/Src/stm32g4xx_hal_rcc_ex.c ****       }
 1347              		.loc 1 931 21 is_stmt 0 view .LVU455
 1348 036e FFF7FEFF 		bl	HAL_RCC_GetPCLK1Freq
 1349              	.LVL99:
 931:Drivers/STM32G4xx_HAL_Driver/Src/stm32g4xx_hal_rcc_ex.c ****       }
 1350              		.loc 1 931 21 view .LVU456
 1351 0372 EFE0     		b	.L51
 1352              	.LVL100:
 1353              	.L155:
 935:Drivers/STM32G4xx_HAL_Driver/Src/stm32g4xx_hal_rcc_ex.c ****       }
 1354              		.loc 1 935 9 is_stmt 1 view .LVU457
 935:Drivers/STM32G4xx_HAL_Driver/Src/stm32g4xx_hal_rcc_ex.c ****       }
 1355              		.loc 1 935 21 is_stmt 0 view .LVU458
 1356 0374 FFF7FEFF 		bl	HAL_RCC_GetSysClockFreq
 1357              	.LVL101:
 935:Drivers/STM32G4xx_HAL_Driver/Src/stm32g4xx_hal_rcc_ex.c ****       }
 1358              		.loc 1 935 21 view .LVU459
 1359 0378 ECE0     		b	.L51
 1360              	.LVL102:
 1361              	.L140:
 954:Drivers/STM32G4xx_HAL_Driver/Src/stm32g4xx_hal_rcc_ex.c ****       }
 1362              		.loc 1 954 9 is_stmt 1 view .LVU460
 954:Drivers/STM32G4xx_HAL_Driver/Src/stm32g4xx_hal_rcc_ex.c ****       }
 1363              		.loc 1 954 21 is_stmt 0 view .LVU461
 1364 037a FFF7FEFF 		bl	HAL_RCC_GetPCLK1Freq
 1365              	.LVL103:
 954:Drivers/STM32G4xx_HAL_Driver/Src/stm32g4xx_hal_rcc_ex.c ****       }
 1366              		.loc 1 954 21 view .LVU462
 1367 037e E9E0     		b	.L51
 1368              	.LVL104:
 1369              	.L141:
 958:Drivers/STM32G4xx_HAL_Driver/Src/stm32g4xx_hal_rcc_ex.c ****       }
 1370              		.loc 1 958 9 is_stmt 1 view .LVU463
 958:Drivers/STM32G4xx_HAL_Driver/Src/stm32g4xx_hal_rcc_ex.c ****       }
 1371              		.loc 1 958 21 is_stmt 0 view .LVU464
 1372 0380 FFF7FEFF 		bl	HAL_RCC_GetSysClockFreq
 1373              	.LVL105:
 958:Drivers/STM32G4xx_HAL_Driver/Src/stm32g4xx_hal_rcc_ex.c ****       }
 1374              		.loc 1 958 21 view .LVU465
 1375 0384 E6E0     		b	.L51
 1376              	.LVL106:
 1377              	.L58:
 975:Drivers/STM32G4xx_HAL_Driver/Src/stm32g4xx_hal_rcc_ex.c **** 
 1378              		.loc 1 975 7 is_stmt 1 view .LVU466
 975:Drivers/STM32G4xx_HAL_Driver/Src/stm32g4xx_hal_rcc_ex.c **** 
ARM GAS  /tmp/ccCVkYLU.s 			page 49


 1379              		.loc 1 975 16 is_stmt 0 view .LVU467
 1380 0386 744B     		ldr	r3, .L167
 1381 0388 D3F88830 		ldr	r3, [r3, #136]
 1382              	.LVL107:
 977:Drivers/STM32G4xx_HAL_Driver/Src/stm32g4xx_hal_rcc_ex.c ****       {
 1383              		.loc 1 977 7 is_stmt 1 view .LVU468
 977:Drivers/STM32G4xx_HAL_Driver/Src/stm32g4xx_hal_rcc_ex.c ****       {
 1384              		.loc 1 977 9 is_stmt 0 view .LVU469
 1385 038c 13F44033 		ands	r3, r3, #196608
 1386              	.LVL108:
 977:Drivers/STM32G4xx_HAL_Driver/Src/stm32g4xx_hal_rcc_ex.c ****       {
 1387              		.loc 1 977 9 view .LVU470
 1388 0390 0ED0     		beq	.L156
 981:Drivers/STM32G4xx_HAL_Driver/Src/stm32g4xx_hal_rcc_ex.c ****       {
 1389              		.loc 1 981 12 is_stmt 1 view .LVU471
 981:Drivers/STM32G4xx_HAL_Driver/Src/stm32g4xx_hal_rcc_ex.c ****       {
 1390              		.loc 1 981 14 is_stmt 0 view .LVU472
 1391 0392 B3F5803F 		cmp	r3, #65536
 1392 0396 0ED0     		beq	.L157
 985:Drivers/STM32G4xx_HAL_Driver/Src/stm32g4xx_hal_rcc_ex.c ****       {
 1393              		.loc 1 985 12 is_stmt 1 view .LVU473
 985:Drivers/STM32G4xx_HAL_Driver/Src/stm32g4xx_hal_rcc_ex.c ****       {
 1394              		.loc 1 985 16 is_stmt 0 view .LVU474
 1395 0398 6F4A     		ldr	r2, .L167
 1396              	.LVL109:
 985:Drivers/STM32G4xx_HAL_Driver/Src/stm32g4xx_hal_rcc_ex.c ****       {
 1397              		.loc 1 985 16 view .LVU475
 1398 039a 1068     		ldr	r0, [r2]
 1399              	.LVL110:
 985:Drivers/STM32G4xx_HAL_Driver/Src/stm32g4xx_hal_rcc_ex.c ****       {
 1400              		.loc 1 985 14 view .LVU476
 1401 039c 10F48060 		ands	r0, r0, #1024
 1402 03a0 00F0D880 		beq	.L51
 985:Drivers/STM32G4xx_HAL_Driver/Src/stm32g4xx_hal_rcc_ex.c ****       {
 1403              		.loc 1 985 56 discriminator 1 view .LVU477
 1404 03a4 B3F5003F 		cmp	r3, #131072
 1405 03a8 00F01181 		beq	.L128
 686:Drivers/STM32G4xx_HAL_Driver/Src/stm32g4xx_hal_rcc_ex.c ****   uint32_t srcclk;
 1406              		.loc 1 686 12 view .LVU478
 1407 03ac 0020     		movs	r0, #0
 1408 03ae D1E0     		b	.L51
 1409              	.LVL111:
 1410              	.L156:
 979:Drivers/STM32G4xx_HAL_Driver/Src/stm32g4xx_hal_rcc_ex.c ****       }
 1411              		.loc 1 979 9 is_stmt 1 view .LVU479
 979:Drivers/STM32G4xx_HAL_Driver/Src/stm32g4xx_hal_rcc_ex.c ****       }
 1412              		.loc 1 979 21 is_stmt 0 view .LVU480
 1413 03b0 FFF7FEFF 		bl	HAL_RCC_GetPCLK1Freq
 1414              	.LVL112:
 979:Drivers/STM32G4xx_HAL_Driver/Src/stm32g4xx_hal_rcc_ex.c ****       }
 1415              		.loc 1 979 21 view .LVU481
 1416 03b4 CEE0     		b	.L51
 1417              	.LVL113:
 1418              	.L157:
 983:Drivers/STM32G4xx_HAL_Driver/Src/stm32g4xx_hal_rcc_ex.c ****       }
 1419              		.loc 1 983 9 is_stmt 1 view .LVU482
 983:Drivers/STM32G4xx_HAL_Driver/Src/stm32g4xx_hal_rcc_ex.c ****       }
ARM GAS  /tmp/ccCVkYLU.s 			page 50


 1420              		.loc 1 983 21 is_stmt 0 view .LVU483
 1421 03b6 FFF7FEFF 		bl	HAL_RCC_GetSysClockFreq
 1422              	.LVL114:
 983:Drivers/STM32G4xx_HAL_Driver/Src/stm32g4xx_hal_rcc_ex.c ****       }
 1423              		.loc 1 983 21 view .LVU484
 1424 03ba CBE0     		b	.L51
 1425              	.LVL115:
 1426              	.L142:
1031:Drivers/STM32G4xx_HAL_Driver/Src/stm32g4xx_hal_rcc_ex.c ****       }
 1427              		.loc 1 1031 9 is_stmt 1 view .LVU485
1031:Drivers/STM32G4xx_HAL_Driver/Src/stm32g4xx_hal_rcc_ex.c ****       }
 1428              		.loc 1 1031 21 is_stmt 0 view .LVU486
 1429 03bc FFF7FEFF 		bl	HAL_RCC_GetPCLK1Freq
 1430              	.LVL116:
1031:Drivers/STM32G4xx_HAL_Driver/Src/stm32g4xx_hal_rcc_ex.c ****       }
 1431              		.loc 1 1031 21 view .LVU487
 1432 03c0 C8E0     		b	.L51
 1433              	.LVL117:
 1434              	.L72:
1056:Drivers/STM32G4xx_HAL_Driver/Src/stm32g4xx_hal_rcc_ex.c **** 
 1435              		.loc 1 1056 7 is_stmt 1 view .LVU488
1056:Drivers/STM32G4xx_HAL_Driver/Src/stm32g4xx_hal_rcc_ex.c **** 
 1436              		.loc 1 1056 16 is_stmt 0 view .LVU489
 1437 03c2 654B     		ldr	r3, .L167
 1438 03c4 D3F88830 		ldr	r3, [r3, #136]
 1439              	.LVL118:
1058:Drivers/STM32G4xx_HAL_Driver/Src/stm32g4xx_hal_rcc_ex.c ****       {
 1440              		.loc 1 1058 7 is_stmt 1 view .LVU490
1058:Drivers/STM32G4xx_HAL_Driver/Src/stm32g4xx_hal_rcc_ex.c ****       {
 1441              		.loc 1 1058 9 is_stmt 0 view .LVU491
 1442 03c8 13F44013 		ands	r3, r3, #3145728
 1443              	.LVL119:
1058:Drivers/STM32G4xx_HAL_Driver/Src/stm32g4xx_hal_rcc_ex.c ****       {
 1444              		.loc 1 1058 9 view .LVU492
 1445 03cc 11D0     		beq	.L158
1062:Drivers/STM32G4xx_HAL_Driver/Src/stm32g4xx_hal_rcc_ex.c ****       {
 1446              		.loc 1 1062 12 is_stmt 1 view .LVU493
1062:Drivers/STM32G4xx_HAL_Driver/Src/stm32g4xx_hal_rcc_ex.c ****       {
 1447              		.loc 1 1062 14 is_stmt 0 view .LVU494
 1448 03ce B3F5801F 		cmp	r3, #1048576
 1449 03d2 11D0     		beq	.L159
1071:Drivers/STM32G4xx_HAL_Driver/Src/stm32g4xx_hal_rcc_ex.c ****       {
 1450              		.loc 1 1071 12 is_stmt 1 view .LVU495
1071:Drivers/STM32G4xx_HAL_Driver/Src/stm32g4xx_hal_rcc_ex.c ****       {
 1451              		.loc 1 1071 14 is_stmt 0 view .LVU496
 1452 03d4 B3F5001F 		cmp	r3, #2097152
 1453 03d8 24D0     		beq	.L109
1076:Drivers/STM32G4xx_HAL_Driver/Src/stm32g4xx_hal_rcc_ex.c ****       {
 1454              		.loc 1 1076 12 is_stmt 1 view .LVU497
1076:Drivers/STM32G4xx_HAL_Driver/Src/stm32g4xx_hal_rcc_ex.c ****       {
 1455              		.loc 1 1076 16 is_stmt 0 view .LVU498
 1456 03da 5F4A     		ldr	r2, .L167
 1457              	.LVL120:
1076:Drivers/STM32G4xx_HAL_Driver/Src/stm32g4xx_hal_rcc_ex.c ****       {
 1458              		.loc 1 1076 16 view .LVU499
 1459 03dc 1068     		ldr	r0, [r2]
 1460              	.LVL121:
ARM GAS  /tmp/ccCVkYLU.s 			page 51


1076:Drivers/STM32G4xx_HAL_Driver/Src/stm32g4xx_hal_rcc_ex.c ****       {
 1461              		.loc 1 1076 14 view .LVU500
 1462 03de 10F48060 		ands	r0, r0, #1024
 1463 03e2 00F0B780 		beq	.L51
1076:Drivers/STM32G4xx_HAL_Driver/Src/stm32g4xx_hal_rcc_ex.c ****       {
 1464              		.loc 1 1076 56 discriminator 1 view .LVU501
 1465 03e6 B3F5401F 		cmp	r3, #3145728
 1466 03ea 00F0F580 		beq	.L130
 686:Drivers/STM32G4xx_HAL_Driver/Src/stm32g4xx_hal_rcc_ex.c ****   uint32_t srcclk;
 1467              		.loc 1 686 12 view .LVU502
 1468 03ee 0020     		movs	r0, #0
 1469 03f0 B0E0     		b	.L51
 1470              	.LVL122:
 1471              	.L158:
1060:Drivers/STM32G4xx_HAL_Driver/Src/stm32g4xx_hal_rcc_ex.c ****       }
 1472              		.loc 1 1060 9 is_stmt 1 view .LVU503
1060:Drivers/STM32G4xx_HAL_Driver/Src/stm32g4xx_hal_rcc_ex.c ****       }
 1473              		.loc 1 1060 21 is_stmt 0 view .LVU504
 1474 03f2 FFF7FEFF 		bl	HAL_RCC_GetSysClockFreq
 1475              	.LVL123:
1060:Drivers/STM32G4xx_HAL_Driver/Src/stm32g4xx_hal_rcc_ex.c ****       }
 1476              		.loc 1 1060 21 view .LVU505
 1477 03f6 ADE0     		b	.L51
 1478              	.LVL124:
 1479              	.L159:
1064:Drivers/STM32G4xx_HAL_Driver/Src/stm32g4xx_hal_rcc_ex.c ****         {
 1480              		.loc 1 1064 9 is_stmt 1 view .LVU506
1064:Drivers/STM32G4xx_HAL_Driver/Src/stm32g4xx_hal_rcc_ex.c ****         {
 1481              		.loc 1 1064 12 is_stmt 0 view .LVU507
 1482 03f8 03F18043 		add	r3, r3, #1073741824
 1483              	.LVL125:
1064:Drivers/STM32G4xx_HAL_Driver/Src/stm32g4xx_hal_rcc_ex.c ****         {
 1484              		.loc 1 1064 12 view .LVU508
 1485 03fc A3F55F23 		sub	r3, r3, #913408
 1486              	.LVL126:
1064:Drivers/STM32G4xx_HAL_Driver/Src/stm32g4xx_hal_rcc_ex.c ****         {
 1487              		.loc 1 1064 12 view .LVU509
 1488 0400 D868     		ldr	r0, [r3, #12]
 1489              	.LVL127:
1064:Drivers/STM32G4xx_HAL_Driver/Src/stm32g4xx_hal_rcc_ex.c ****         {
 1490              		.loc 1 1064 11 view .LVU510
 1491 0402 10F48010 		ands	r0, r0, #1048576
 1492 0406 00F0A580 		beq	.L51
1067:Drivers/STM32G4xx_HAL_Driver/Src/stm32g4xx_hal_rcc_ex.c ****           frequency = (pllvco * plln) / (((READ_BIT(RCC->PLLCFGR, RCC_PLLCFGR_PLLQ) >> RCC_PLLCFGR_
 1493              		.loc 1 1067 11 is_stmt 1 view .LVU511
1067:Drivers/STM32G4xx_HAL_Driver/Src/stm32g4xx_hal_rcc_ex.c ****           frequency = (pllvco * plln) / (((READ_BIT(RCC->PLLCFGR, RCC_PLLCFGR_PLLQ) >> RCC_PLLCFGR_
 1494              		.loc 1 1067 18 is_stmt 0 view .LVU512
 1495 040a D868     		ldr	r0, [r3, #12]
1067:Drivers/STM32G4xx_HAL_Driver/Src/stm32g4xx_hal_rcc_ex.c ****           frequency = (pllvco * plln) / (((READ_BIT(RCC->PLLCFGR, RCC_PLLCFGR_PLLQ) >> RCC_PLLCFGR_
 1496              		.loc 1 1067 16 view .LVU513
 1497 040c C0F30620 		ubfx	r0, r0, #8, #7
 1498              	.LVL128:
1068:Drivers/STM32G4xx_HAL_Driver/Src/stm32g4xx_hal_rcc_ex.c ****         }
 1499              		.loc 1 1068 11 is_stmt 1 view .LVU514
1068:Drivers/STM32G4xx_HAL_Driver/Src/stm32g4xx_hal_rcc_ex.c ****         }
 1500              		.loc 1 1068 31 is_stmt 0 view .LVU515
 1501 0410 02FB00F0 		mul	r0, r2, r0
ARM GAS  /tmp/ccCVkYLU.s 			page 52


 1502              	.LVL129:
1068:Drivers/STM32G4xx_HAL_Driver/Src/stm32g4xx_hal_rcc_ex.c ****         }
 1503              		.loc 1 1068 44 view .LVU516
 1504 0414 DB68     		ldr	r3, [r3, #12]
 1505              	.LVL130:
1068:Drivers/STM32G4xx_HAL_Driver/Src/stm32g4xx_hal_rcc_ex.c ****         }
 1506              		.loc 1 1068 85 view .LVU517
 1507 0416 C3F34153 		ubfx	r3, r3, #21, #2
1068:Drivers/STM32G4xx_HAL_Driver/Src/stm32g4xx_hal_rcc_ex.c ****         }
 1508              		.loc 1 1068 110 view .LVU518
 1509 041a 0133     		adds	r3, r3, #1
1068:Drivers/STM32G4xx_HAL_Driver/Src/stm32g4xx_hal_rcc_ex.c ****         }
 1510              		.loc 1 1068 116 view .LVU519
 1511 041c 5B00     		lsls	r3, r3, #1
1068:Drivers/STM32G4xx_HAL_Driver/Src/stm32g4xx_hal_rcc_ex.c ****         }
 1512              		.loc 1 1068 21 view .LVU520
 1513 041e B0FBF3F0 		udiv	r0, r0, r3
 1514              	.LVL131:
1068:Drivers/STM32G4xx_HAL_Driver/Src/stm32g4xx_hal_rcc_ex.c ****         }
 1515              		.loc 1 1068 21 view .LVU521
 1516 0422 97E0     		b	.L51
 1517              	.LVL132:
 1518              	.L109:
1074:Drivers/STM32G4xx_HAL_Driver/Src/stm32g4xx_hal_rcc_ex.c ****       }
 1519              		.loc 1 1074 19 view .LVU522
 1520 0424 4D48     		ldr	r0, .L167+4
 1521              	.LVL133:
1074:Drivers/STM32G4xx_HAL_Driver/Src/stm32g4xx_hal_rcc_ex.c ****       }
 1522              		.loc 1 1074 19 view .LVU523
 1523 0426 95E0     		b	.L51
 1524              	.LVL134:
 1525              	.L73:
1092:Drivers/STM32G4xx_HAL_Driver/Src/stm32g4xx_hal_rcc_ex.c **** 
 1526              		.loc 1 1092 7 is_stmt 1 view .LVU524
1092:Drivers/STM32G4xx_HAL_Driver/Src/stm32g4xx_hal_rcc_ex.c **** 
 1527              		.loc 1 1092 16 is_stmt 0 view .LVU525
 1528 0428 4B4B     		ldr	r3, .L167
 1529 042a D3F88830 		ldr	r3, [r3, #136]
 1530              	.LVL135:
1094:Drivers/STM32G4xx_HAL_Driver/Src/stm32g4xx_hal_rcc_ex.c ****       {
 1531              		.loc 1 1094 7 is_stmt 1 view .LVU526
1094:Drivers/STM32G4xx_HAL_Driver/Src/stm32g4xx_hal_rcc_ex.c ****       {
 1532              		.loc 1 1094 9 is_stmt 0 view .LVU527
 1533 042e 13F44003 		ands	r3, r3, #12582912
 1534              	.LVL136:
1094:Drivers/STM32G4xx_HAL_Driver/Src/stm32g4xx_hal_rcc_ex.c ****       {
 1535              		.loc 1 1094 9 view .LVU528
 1536 0432 11D0     		beq	.L160
1098:Drivers/STM32G4xx_HAL_Driver/Src/stm32g4xx_hal_rcc_ex.c ****       {
 1537              		.loc 1 1098 12 is_stmt 1 view .LVU529
1098:Drivers/STM32G4xx_HAL_Driver/Src/stm32g4xx_hal_rcc_ex.c ****       {
 1538              		.loc 1 1098 14 is_stmt 0 view .LVU530
 1539 0434 B3F5800F 		cmp	r3, #4194304
 1540 0438 11D0     		beq	.L161
1107:Drivers/STM32G4xx_HAL_Driver/Src/stm32g4xx_hal_rcc_ex.c ****       {
 1541              		.loc 1 1107 12 is_stmt 1 view .LVU531
1107:Drivers/STM32G4xx_HAL_Driver/Src/stm32g4xx_hal_rcc_ex.c ****       {
ARM GAS  /tmp/ccCVkYLU.s 			page 53


 1542              		.loc 1 1107 14 is_stmt 0 view .LVU532
 1543 043a B3F5000F 		cmp	r3, #8388608
 1544 043e F1D0     		beq	.L109
1112:Drivers/STM32G4xx_HAL_Driver/Src/stm32g4xx_hal_rcc_ex.c ****       {
 1545              		.loc 1 1112 12 is_stmt 1 view .LVU533
1112:Drivers/STM32G4xx_HAL_Driver/Src/stm32g4xx_hal_rcc_ex.c ****       {
 1546              		.loc 1 1112 16 is_stmt 0 view .LVU534
 1547 0440 454A     		ldr	r2, .L167
 1548              	.LVL137:
1112:Drivers/STM32G4xx_HAL_Driver/Src/stm32g4xx_hal_rcc_ex.c ****       {
 1549              		.loc 1 1112 16 view .LVU535
 1550 0442 1068     		ldr	r0, [r2]
 1551              	.LVL138:
1112:Drivers/STM32G4xx_HAL_Driver/Src/stm32g4xx_hal_rcc_ex.c ****       {
 1552              		.loc 1 1112 14 view .LVU536
 1553 0444 10F48060 		ands	r0, r0, #1024
 1554 0448 00F08480 		beq	.L51
1112:Drivers/STM32G4xx_HAL_Driver/Src/stm32g4xx_hal_rcc_ex.c ****       {
 1555              		.loc 1 1112 56 discriminator 1 view .LVU537
 1556 044c B3F5400F 		cmp	r3, #12582912
 1557 0450 00F0C480 		beq	.L131
 686:Drivers/STM32G4xx_HAL_Driver/Src/stm32g4xx_hal_rcc_ex.c ****   uint32_t srcclk;
 1558              		.loc 1 686 12 view .LVU538
 1559 0454 0020     		movs	r0, #0
 1560 0456 7DE0     		b	.L51
 1561              	.LVL139:
 1562              	.L160:
1096:Drivers/STM32G4xx_HAL_Driver/Src/stm32g4xx_hal_rcc_ex.c ****       }
 1563              		.loc 1 1096 9 is_stmt 1 view .LVU539
1096:Drivers/STM32G4xx_HAL_Driver/Src/stm32g4xx_hal_rcc_ex.c ****       }
 1564              		.loc 1 1096 21 is_stmt 0 view .LVU540
 1565 0458 FFF7FEFF 		bl	HAL_RCC_GetSysClockFreq
 1566              	.LVL140:
1096:Drivers/STM32G4xx_HAL_Driver/Src/stm32g4xx_hal_rcc_ex.c ****       }
 1567              		.loc 1 1096 21 view .LVU541
 1568 045c 7AE0     		b	.L51
 1569              	.LVL141:
 1570              	.L161:
1100:Drivers/STM32G4xx_HAL_Driver/Src/stm32g4xx_hal_rcc_ex.c ****         {
 1571              		.loc 1 1100 9 is_stmt 1 view .LVU542
1100:Drivers/STM32G4xx_HAL_Driver/Src/stm32g4xx_hal_rcc_ex.c ****         {
 1572              		.loc 1 1100 12 is_stmt 0 view .LVU543
 1573 045e 03F17F53 		add	r3, r3, #1069547520
 1574              	.LVL142:
1100:Drivers/STM32G4xx_HAL_Driver/Src/stm32g4xx_hal_rcc_ex.c ****         {
 1575              		.loc 1 1100 12 view .LVU544
 1576 0462 03F50433 		add	r3, r3, #135168
 1577              	.LVL143:
1100:Drivers/STM32G4xx_HAL_Driver/Src/stm32g4xx_hal_rcc_ex.c ****         {
 1578              		.loc 1 1100 12 view .LVU545
 1579 0466 D868     		ldr	r0, [r3, #12]
 1580              	.LVL144:
1100:Drivers/STM32G4xx_HAL_Driver/Src/stm32g4xx_hal_rcc_ex.c ****         {
 1581              		.loc 1 1100 11 view .LVU546
 1582 0468 10F48010 		ands	r0, r0, #1048576
 1583 046c 72D0     		beq	.L51
1103:Drivers/STM32G4xx_HAL_Driver/Src/stm32g4xx_hal_rcc_ex.c ****           frequency = (pllvco * plln) / (((READ_BIT(RCC->PLLCFGR, RCC_PLLCFGR_PLLQ) >> RCC_PLLCFGR_
ARM GAS  /tmp/ccCVkYLU.s 			page 54


 1584              		.loc 1 1103 11 is_stmt 1 view .LVU547
1103:Drivers/STM32G4xx_HAL_Driver/Src/stm32g4xx_hal_rcc_ex.c ****           frequency = (pllvco * plln) / (((READ_BIT(RCC->PLLCFGR, RCC_PLLCFGR_PLLQ) >> RCC_PLLCFGR_
 1585              		.loc 1 1103 18 is_stmt 0 view .LVU548
 1586 046e D868     		ldr	r0, [r3, #12]
1103:Drivers/STM32G4xx_HAL_Driver/Src/stm32g4xx_hal_rcc_ex.c ****           frequency = (pllvco * plln) / (((READ_BIT(RCC->PLLCFGR, RCC_PLLCFGR_PLLQ) >> RCC_PLLCFGR_
 1587              		.loc 1 1103 16 view .LVU549
 1588 0470 C0F30620 		ubfx	r0, r0, #8, #7
 1589              	.LVL145:
1104:Drivers/STM32G4xx_HAL_Driver/Src/stm32g4xx_hal_rcc_ex.c ****         }
 1590              		.loc 1 1104 11 is_stmt 1 view .LVU550
1104:Drivers/STM32G4xx_HAL_Driver/Src/stm32g4xx_hal_rcc_ex.c ****         }
 1591              		.loc 1 1104 31 is_stmt 0 view .LVU551
 1592 0474 02FB00F0 		mul	r0, r2, r0
 1593              	.LVL146:
1104:Drivers/STM32G4xx_HAL_Driver/Src/stm32g4xx_hal_rcc_ex.c ****         }
 1594              		.loc 1 1104 44 view .LVU552
 1595 0478 DB68     		ldr	r3, [r3, #12]
 1596              	.LVL147:
1104:Drivers/STM32G4xx_HAL_Driver/Src/stm32g4xx_hal_rcc_ex.c ****         }
 1597              		.loc 1 1104 85 view .LVU553
 1598 047a C3F34153 		ubfx	r3, r3, #21, #2
1104:Drivers/STM32G4xx_HAL_Driver/Src/stm32g4xx_hal_rcc_ex.c ****         }
 1599              		.loc 1 1104 110 view .LVU554
 1600 047e 0133     		adds	r3, r3, #1
1104:Drivers/STM32G4xx_HAL_Driver/Src/stm32g4xx_hal_rcc_ex.c ****         }
 1601              		.loc 1 1104 116 view .LVU555
 1602 0480 5B00     		lsls	r3, r3, #1
1104:Drivers/STM32G4xx_HAL_Driver/Src/stm32g4xx_hal_rcc_ex.c ****         }
 1603              		.loc 1 1104 21 view .LVU556
 1604 0482 B0FBF3F0 		udiv	r0, r0, r3
 1605              	.LVL148:
1104:Drivers/STM32G4xx_HAL_Driver/Src/stm32g4xx_hal_rcc_ex.c ****         }
 1606              		.loc 1 1104 21 view .LVU557
 1607 0486 65E0     		b	.L51
 1608              	.LVL149:
 1609              	.L70:
1127:Drivers/STM32G4xx_HAL_Driver/Src/stm32g4xx_hal_rcc_ex.c **** 
 1610              		.loc 1 1127 7 is_stmt 1 view .LVU558
1127:Drivers/STM32G4xx_HAL_Driver/Src/stm32g4xx_hal_rcc_ex.c **** 
 1611              		.loc 1 1127 16 is_stmt 0 view .LVU559
 1612 0488 334B     		ldr	r3, .L167
 1613 048a D3F88830 		ldr	r3, [r3, #136]
1127:Drivers/STM32G4xx_HAL_Driver/Src/stm32g4xx_hal_rcc_ex.c **** 
 1614              		.loc 1 1127 14 view .LVU560
 1615 048e 03F04073 		and	r3, r3, #50331648
 1616              	.LVL150:
1129:Drivers/STM32G4xx_HAL_Driver/Src/stm32g4xx_hal_rcc_ex.c ****       {
 1617              		.loc 1 1129 7 is_stmt 1 view .LVU561
1129:Drivers/STM32G4xx_HAL_Driver/Src/stm32g4xx_hal_rcc_ex.c ****       {
 1618              		.loc 1 1129 9 is_stmt 0 view .LVU562
 1619 0492 B3F1007F 		cmp	r3, #33554432
 1620 0496 18D0     		beq	.L162
1133:Drivers/STM32G4xx_HAL_Driver/Src/stm32g4xx_hal_rcc_ex.c ****       {
 1621              		.loc 1 1133 12 is_stmt 1 view .LVU563
1133:Drivers/STM32G4xx_HAL_Driver/Src/stm32g4xx_hal_rcc_ex.c ****       {
 1622              		.loc 1 1133 14 is_stmt 0 view .LVU564
 1623 0498 D3B1     		cbz	r3, .L81
ARM GAS  /tmp/ccCVkYLU.s 			page 55


1137:Drivers/STM32G4xx_HAL_Driver/Src/stm32g4xx_hal_rcc_ex.c ****       {
 1624              		.loc 1 1137 12 is_stmt 1 view .LVU565
1137:Drivers/STM32G4xx_HAL_Driver/Src/stm32g4xx_hal_rcc_ex.c ****       {
 1625              		.loc 1 1137 14 is_stmt 0 view .LVU566
 1626 049a B3F1807F 		cmp	r3, #16777216
 1627 049e 58D1     		bne	.L61
1139:Drivers/STM32G4xx_HAL_Driver/Src/stm32g4xx_hal_rcc_ex.c ****         {
 1628              		.loc 1 1139 9 is_stmt 1 view .LVU567
1139:Drivers/STM32G4xx_HAL_Driver/Src/stm32g4xx_hal_rcc_ex.c ****         {
 1629              		.loc 1 1139 12 is_stmt 0 view .LVU568
 1630 04a0 03F17C53 		add	r3, r3, #1056964608
 1631              	.LVL151:
1139:Drivers/STM32G4xx_HAL_Driver/Src/stm32g4xx_hal_rcc_ex.c ****         {
 1632              		.loc 1 1139 12 view .LVU569
 1633 04a4 03F50433 		add	r3, r3, #135168
 1634              	.LVL152:
1139:Drivers/STM32G4xx_HAL_Driver/Src/stm32g4xx_hal_rcc_ex.c ****         {
 1635              		.loc 1 1139 12 view .LVU570
 1636 04a8 D868     		ldr	r0, [r3, #12]
 1637              	.LVL153:
1139:Drivers/STM32G4xx_HAL_Driver/Src/stm32g4xx_hal_rcc_ex.c ****         {
 1638              		.loc 1 1139 11 view .LVU571
 1639 04aa 10F48010 		ands	r0, r0, #1048576
 1640 04ae 51D0     		beq	.L51
1142:Drivers/STM32G4xx_HAL_Driver/Src/stm32g4xx_hal_rcc_ex.c ****           frequency = (pllvco * plln) / (((READ_BIT(RCC->PLLCFGR, RCC_PLLCFGR_PLLQ) >> RCC_PLLCFGR_
 1641              		.loc 1 1142 11 is_stmt 1 view .LVU572
1142:Drivers/STM32G4xx_HAL_Driver/Src/stm32g4xx_hal_rcc_ex.c ****           frequency = (pllvco * plln) / (((READ_BIT(RCC->PLLCFGR, RCC_PLLCFGR_PLLQ) >> RCC_PLLCFGR_
 1642              		.loc 1 1142 18 is_stmt 0 view .LVU573
 1643 04b0 D868     		ldr	r0, [r3, #12]
1142:Drivers/STM32G4xx_HAL_Driver/Src/stm32g4xx_hal_rcc_ex.c ****           frequency = (pllvco * plln) / (((READ_BIT(RCC->PLLCFGR, RCC_PLLCFGR_PLLQ) >> RCC_PLLCFGR_
 1644              		.loc 1 1142 16 view .LVU574
 1645 04b2 C0F30620 		ubfx	r0, r0, #8, #7
 1646              	.LVL154:
1143:Drivers/STM32G4xx_HAL_Driver/Src/stm32g4xx_hal_rcc_ex.c ****         }
 1647              		.loc 1 1143 11 is_stmt 1 view .LVU575
1143:Drivers/STM32G4xx_HAL_Driver/Src/stm32g4xx_hal_rcc_ex.c ****         }
 1648              		.loc 1 1143 31 is_stmt 0 view .LVU576
 1649 04b6 02FB00F0 		mul	r0, r2, r0
 1650              	.LVL155:
1143:Drivers/STM32G4xx_HAL_Driver/Src/stm32g4xx_hal_rcc_ex.c ****         }
 1651              		.loc 1 1143 44 view .LVU577
 1652 04ba DB68     		ldr	r3, [r3, #12]
 1653              	.LVL156:
1143:Drivers/STM32G4xx_HAL_Driver/Src/stm32g4xx_hal_rcc_ex.c ****         }
 1654              		.loc 1 1143 85 view .LVU578
 1655 04bc C3F34153 		ubfx	r3, r3, #21, #2
1143:Drivers/STM32G4xx_HAL_Driver/Src/stm32g4xx_hal_rcc_ex.c ****         }
 1656              		.loc 1 1143 110 view .LVU579
 1657 04c0 0133     		adds	r3, r3, #1
1143:Drivers/STM32G4xx_HAL_Driver/Src/stm32g4xx_hal_rcc_ex.c ****         }
 1658              		.loc 1 1143 116 view .LVU580
 1659 04c2 5B00     		lsls	r3, r3, #1
1143:Drivers/STM32G4xx_HAL_Driver/Src/stm32g4xx_hal_rcc_ex.c ****         }
 1660              		.loc 1 1143 21 view .LVU581
 1661 04c4 B0FBF3F0 		udiv	r0, r0, r3
 1662              	.LVL157:
1143:Drivers/STM32G4xx_HAL_Driver/Src/stm32g4xx_hal_rcc_ex.c ****         }
ARM GAS  /tmp/ccCVkYLU.s 			page 56


 1663              		.loc 1 1143 21 view .LVU582
 1664 04c8 44E0     		b	.L51
 1665              	.LVL158:
 1666              	.L162:
1131:Drivers/STM32G4xx_HAL_Driver/Src/stm32g4xx_hal_rcc_ex.c ****       }
 1667              		.loc 1 1131 9 is_stmt 1 view .LVU583
1131:Drivers/STM32G4xx_HAL_Driver/Src/stm32g4xx_hal_rcc_ex.c ****       }
 1668              		.loc 1 1131 21 is_stmt 0 view .LVU584
 1669 04ca FFF7FEFF 		bl	HAL_RCC_GetPCLK1Freq
 1670              	.LVL159:
1131:Drivers/STM32G4xx_HAL_Driver/Src/stm32g4xx_hal_rcc_ex.c ****       }
 1671              		.loc 1 1131 21 view .LVU585
 1672 04ce 41E0     		b	.L51
 1673              	.LVL160:
 1674              	.L81:
1135:Drivers/STM32G4xx_HAL_Driver/Src/stm32g4xx_hal_rcc_ex.c ****       }
 1675              		.loc 1 1135 19 view .LVU586
 1676 04d0 2348     		ldr	r0, .L167+8
 1677 04d2 3FE0     		b	.L51
 1678              	.LVL161:
 1679              	.L143:
1163:Drivers/STM32G4xx_HAL_Driver/Src/stm32g4xx_hal_rcc_ex.c ****         frequency = (pllvco * plln) / (((READ_BIT(RCC->PLLCFGR, RCC_PLLCFGR_PLLQ) >> RCC_PLLCFGR_PL
 1680              		.loc 1 1163 9 is_stmt 1 view .LVU587
1163:Drivers/STM32G4xx_HAL_Driver/Src/stm32g4xx_hal_rcc_ex.c ****         frequency = (pllvco * plln) / (((READ_BIT(RCC->PLLCFGR, RCC_PLLCFGR_PLLQ) >> RCC_PLLCFGR_PL
 1681              		.loc 1 1163 16 is_stmt 0 view .LVU588
 1682 04d4 03F16053 		add	r3, r3, #939524096
 1683              	.LVL162:
1163:Drivers/STM32G4xx_HAL_Driver/Src/stm32g4xx_hal_rcc_ex.c ****         frequency = (pllvco * plln) / (((READ_BIT(RCC->PLLCFGR, RCC_PLLCFGR_PLLQ) >> RCC_PLLCFGR_PL
 1684              		.loc 1 1163 16 view .LVU589
 1685 04d8 03F50433 		add	r3, r3, #135168
 1686              	.LVL163:
1163:Drivers/STM32G4xx_HAL_Driver/Src/stm32g4xx_hal_rcc_ex.c ****         frequency = (pllvco * plln) / (((READ_BIT(RCC->PLLCFGR, RCC_PLLCFGR_PLLQ) >> RCC_PLLCFGR_PL
 1687              		.loc 1 1163 16 view .LVU590
 1688 04dc D868     		ldr	r0, [r3, #12]
 1689              	.LVL164:
1163:Drivers/STM32G4xx_HAL_Driver/Src/stm32g4xx_hal_rcc_ex.c ****         frequency = (pllvco * plln) / (((READ_BIT(RCC->PLLCFGR, RCC_PLLCFGR_PLLQ) >> RCC_PLLCFGR_PL
 1690              		.loc 1 1163 14 view .LVU591
 1691 04de C0F30620 		ubfx	r0, r0, #8, #7
 1692              	.LVL165:
1164:Drivers/STM32G4xx_HAL_Driver/Src/stm32g4xx_hal_rcc_ex.c ****       }
 1693              		.loc 1 1164 9 is_stmt 1 view .LVU592
1164:Drivers/STM32G4xx_HAL_Driver/Src/stm32g4xx_hal_rcc_ex.c ****       }
 1694              		.loc 1 1164 29 is_stmt 0 view .LVU593
 1695 04e2 02FB00F0 		mul	r0, r2, r0
 1696              	.LVL166:
1164:Drivers/STM32G4xx_HAL_Driver/Src/stm32g4xx_hal_rcc_ex.c ****       }
 1697              		.loc 1 1164 42 view .LVU594
 1698 04e6 DB68     		ldr	r3, [r3, #12]
 1699              	.LVL167:
1164:Drivers/STM32G4xx_HAL_Driver/Src/stm32g4xx_hal_rcc_ex.c ****       }
 1700              		.loc 1 1164 83 view .LVU595
 1701 04e8 C3F34153 		ubfx	r3, r3, #21, #2
1164:Drivers/STM32G4xx_HAL_Driver/Src/stm32g4xx_hal_rcc_ex.c ****       }
 1702              		.loc 1 1164 108 view .LVU596
 1703 04ec 0133     		adds	r3, r3, #1
1164:Drivers/STM32G4xx_HAL_Driver/Src/stm32g4xx_hal_rcc_ex.c ****       }
 1704              		.loc 1 1164 114 view .LVU597
ARM GAS  /tmp/ccCVkYLU.s 			page 57


 1705 04ee 5B00     		lsls	r3, r3, #1
1164:Drivers/STM32G4xx_HAL_Driver/Src/stm32g4xx_hal_rcc_ex.c ****       }
 1706              		.loc 1 1164 19 view .LVU598
 1707 04f0 B0FBF3F0 		udiv	r0, r0, r3
 1708              	.LVL168:
1164:Drivers/STM32G4xx_HAL_Driver/Src/stm32g4xx_hal_rcc_ex.c ****       }
 1709              		.loc 1 1164 19 view .LVU599
 1710 04f4 2EE0     		b	.L51
 1711              	.LVL169:
 1712              	.L75:
1167:Drivers/STM32G4xx_HAL_Driver/Src/stm32g4xx_hal_rcc_ex.c ****       {
1168:Drivers/STM32G4xx_HAL_Driver/Src/stm32g4xx_hal_rcc_ex.c ****         frequency = HSI48_VALUE;
1169:Drivers/STM32G4xx_HAL_Driver/Src/stm32g4xx_hal_rcc_ex.c ****       }
1170:Drivers/STM32G4xx_HAL_Driver/Src/stm32g4xx_hal_rcc_ex.c ****       else /* No clock source */
1171:Drivers/STM32G4xx_HAL_Driver/Src/stm32g4xx_hal_rcc_ex.c ****       {
1172:Drivers/STM32G4xx_HAL_Driver/Src/stm32g4xx_hal_rcc_ex.c ****         /* nothing to do: frequency already initialized to 0 */
1173:Drivers/STM32G4xx_HAL_Driver/Src/stm32g4xx_hal_rcc_ex.c ****       }
1174:Drivers/STM32G4xx_HAL_Driver/Src/stm32g4xx_hal_rcc_ex.c ****       break;
1175:Drivers/STM32G4xx_HAL_Driver/Src/stm32g4xx_hal_rcc_ex.c ****       
1176:Drivers/STM32G4xx_HAL_Driver/Src/stm32g4xx_hal_rcc_ex.c **** #endif /* USB */
1177:Drivers/STM32G4xx_HAL_Driver/Src/stm32g4xx_hal_rcc_ex.c **** 
1178:Drivers/STM32G4xx_HAL_Driver/Src/stm32g4xx_hal_rcc_ex.c ****     case RCC_PERIPHCLK_RNG:
1179:Drivers/STM32G4xx_HAL_Driver/Src/stm32g4xx_hal_rcc_ex.c ****       /* Get the current RNG source */
1180:Drivers/STM32G4xx_HAL_Driver/Src/stm32g4xx_hal_rcc_ex.c ****       srcclk = __HAL_RCC_GET_RNG_SOURCE();
 1713              		.loc 1 1180 7 is_stmt 1 view .LVU600
 1714              		.loc 1 1180 16 is_stmt 0 view .LVU601
 1715 04f6 184B     		ldr	r3, .L167
 1716 04f8 D3F88830 		ldr	r3, [r3, #136]
 1717              		.loc 1 1180 14 view .LVU602
 1718 04fc 03F04063 		and	r3, r3, #201326592
 1719              	.LVL170:
1181:Drivers/STM32G4xx_HAL_Driver/Src/stm32g4xx_hal_rcc_ex.c **** 
1182:Drivers/STM32G4xx_HAL_Driver/Src/stm32g4xx_hal_rcc_ex.c ****       if(srcclk == RCC_RNGCLKSOURCE_PLL)  /* PLL ? */
 1720              		.loc 1 1182 7 is_stmt 1 view .LVU603
 1721              		.loc 1 1182 9 is_stmt 0 view .LVU604
 1722 0500 B3F1006F 		cmp	r3, #134217728
 1723 0504 09D0     		beq	.L163
1183:Drivers/STM32G4xx_HAL_Driver/Src/stm32g4xx_hal_rcc_ex.c ****       {
1184:Drivers/STM32G4xx_HAL_Driver/Src/stm32g4xx_hal_rcc_ex.c ****         /* f(PLLQ) = f(VCO input) * PLLN / PLLQ */
1185:Drivers/STM32G4xx_HAL_Driver/Src/stm32g4xx_hal_rcc_ex.c ****         plln = READ_BIT(RCC->PLLCFGR, RCC_PLLCFGR_PLLN) >> RCC_PLLCFGR_PLLN_Pos;
1186:Drivers/STM32G4xx_HAL_Driver/Src/stm32g4xx_hal_rcc_ex.c ****         frequency = (pllvco * plln) / (((READ_BIT(RCC->PLLCFGR, RCC_PLLCFGR_PLLQ) >> RCC_PLLCFGR_PL
1187:Drivers/STM32G4xx_HAL_Driver/Src/stm32g4xx_hal_rcc_ex.c ****       }
1188:Drivers/STM32G4xx_HAL_Driver/Src/stm32g4xx_hal_rcc_ex.c ****       else if( (HAL_IS_BIT_SET(RCC->CRRCR, RCC_CRRCR_HSI48RDY)) && (srcclk == RCC_RNGCLKSOURCE_HSI4
 1724              		.loc 1 1188 12 is_stmt 1 view .LVU605
 1725              		.loc 1 1188 17 is_stmt 0 view .LVU606
 1726 0506 144A     		ldr	r2, .L167
 1727              	.LVL171:
 1728              		.loc 1 1188 17 view .LVU607
 1729 0508 D2F89800 		ldr	r0, [r2, #152]
 1730              	.LVL172:
 1731              		.loc 1 1188 14 view .LVU608
 1732 050c 10F00200 		ands	r0, r0, #2
 1733 0510 20D0     		beq	.L51
 1734              		.loc 1 1188 65 discriminator 1 view .LVU609
 1735 0512 002B     		cmp	r3, #0
 1736 0514 66D0     		beq	.L133
 686:Drivers/STM32G4xx_HAL_Driver/Src/stm32g4xx_hal_rcc_ex.c ****   uint32_t srcclk;
ARM GAS  /tmp/ccCVkYLU.s 			page 58


 1737              		.loc 1 686 12 view .LVU610
 1738 0516 0020     		movs	r0, #0
 1739 0518 1CE0     		b	.L51
 1740              	.LVL173:
 1741              	.L163:
1185:Drivers/STM32G4xx_HAL_Driver/Src/stm32g4xx_hal_rcc_ex.c ****         frequency = (pllvco * plln) / (((READ_BIT(RCC->PLLCFGR, RCC_PLLCFGR_PLLQ) >> RCC_PLLCFGR_PL
 1742              		.loc 1 1185 9 is_stmt 1 view .LVU611
1185:Drivers/STM32G4xx_HAL_Driver/Src/stm32g4xx_hal_rcc_ex.c ****         frequency = (pllvco * plln) / (((READ_BIT(RCC->PLLCFGR, RCC_PLLCFGR_PLLQ) >> RCC_PLLCFGR_PL
 1743              		.loc 1 1185 16 is_stmt 0 view .LVU612
 1744 051a 03F16053 		add	r3, r3, #939524096
 1745              	.LVL174:
1185:Drivers/STM32G4xx_HAL_Driver/Src/stm32g4xx_hal_rcc_ex.c ****         frequency = (pllvco * plln) / (((READ_BIT(RCC->PLLCFGR, RCC_PLLCFGR_PLLQ) >> RCC_PLLCFGR_PL
 1746              		.loc 1 1185 16 view .LVU613
 1747 051e 03F50433 		add	r3, r3, #135168
 1748              	.LVL175:
1185:Drivers/STM32G4xx_HAL_Driver/Src/stm32g4xx_hal_rcc_ex.c ****         frequency = (pllvco * plln) / (((READ_BIT(RCC->PLLCFGR, RCC_PLLCFGR_PLLQ) >> RCC_PLLCFGR_PL
 1749              		.loc 1 1185 16 view .LVU614
 1750 0522 D868     		ldr	r0, [r3, #12]
 1751              	.LVL176:
1185:Drivers/STM32G4xx_HAL_Driver/Src/stm32g4xx_hal_rcc_ex.c ****         frequency = (pllvco * plln) / (((READ_BIT(RCC->PLLCFGR, RCC_PLLCFGR_PLLQ) >> RCC_PLLCFGR_PL
 1752              		.loc 1 1185 14 view .LVU615
 1753 0524 C0F30620 		ubfx	r0, r0, #8, #7
 1754              	.LVL177:
1186:Drivers/STM32G4xx_HAL_Driver/Src/stm32g4xx_hal_rcc_ex.c ****       }
 1755              		.loc 1 1186 9 is_stmt 1 view .LVU616
1186:Drivers/STM32G4xx_HAL_Driver/Src/stm32g4xx_hal_rcc_ex.c ****       }
 1756              		.loc 1 1186 29 is_stmt 0 view .LVU617
 1757 0528 02FB00F0 		mul	r0, r2, r0
 1758              	.LVL178:
1186:Drivers/STM32G4xx_HAL_Driver/Src/stm32g4xx_hal_rcc_ex.c ****       }
 1759              		.loc 1 1186 42 view .LVU618
 1760 052c DB68     		ldr	r3, [r3, #12]
 1761              	.LVL179:
1186:Drivers/STM32G4xx_HAL_Driver/Src/stm32g4xx_hal_rcc_ex.c ****       }
 1762              		.loc 1 1186 83 view .LVU619
 1763 052e C3F34153 		ubfx	r3, r3, #21, #2
1186:Drivers/STM32G4xx_HAL_Driver/Src/stm32g4xx_hal_rcc_ex.c ****       }
 1764              		.loc 1 1186 108 view .LVU620
 1765 0532 0133     		adds	r3, r3, #1
1186:Drivers/STM32G4xx_HAL_Driver/Src/stm32g4xx_hal_rcc_ex.c ****       }
 1766              		.loc 1 1186 114 view .LVU621
 1767 0534 5B00     		lsls	r3, r3, #1
1186:Drivers/STM32G4xx_HAL_Driver/Src/stm32g4xx_hal_rcc_ex.c ****       }
 1768              		.loc 1 1186 19 view .LVU622
 1769 0536 B0FBF3F0 		udiv	r0, r0, r3
 1770              	.LVL180:
1186:Drivers/STM32G4xx_HAL_Driver/Src/stm32g4xx_hal_rcc_ex.c ****       }
 1771              		.loc 1 1186 19 view .LVU623
 1772 053a 0BE0     		b	.L51
 1773              	.LVL181:
 1774              	.L76:
1189:Drivers/STM32G4xx_HAL_Driver/Src/stm32g4xx_hal_rcc_ex.c ****       {
1190:Drivers/STM32G4xx_HAL_Driver/Src/stm32g4xx_hal_rcc_ex.c ****         frequency = HSI48_VALUE;
1191:Drivers/STM32G4xx_HAL_Driver/Src/stm32g4xx_hal_rcc_ex.c ****       }
1192:Drivers/STM32G4xx_HAL_Driver/Src/stm32g4xx_hal_rcc_ex.c ****       else /* No clock source */
1193:Drivers/STM32G4xx_HAL_Driver/Src/stm32g4xx_hal_rcc_ex.c ****       {
1194:Drivers/STM32G4xx_HAL_Driver/Src/stm32g4xx_hal_rcc_ex.c ****         /* nothing to do: frequency already initialized to 0 */
ARM GAS  /tmp/ccCVkYLU.s 			page 59


1195:Drivers/STM32G4xx_HAL_Driver/Src/stm32g4xx_hal_rcc_ex.c ****       }
1196:Drivers/STM32G4xx_HAL_Driver/Src/stm32g4xx_hal_rcc_ex.c ****       break;
1197:Drivers/STM32G4xx_HAL_Driver/Src/stm32g4xx_hal_rcc_ex.c **** 
1198:Drivers/STM32G4xx_HAL_Driver/Src/stm32g4xx_hal_rcc_ex.c ****     case RCC_PERIPHCLK_ADC12:
1199:Drivers/STM32G4xx_HAL_Driver/Src/stm32g4xx_hal_rcc_ex.c ****       /* Get the current ADC12 source */
1200:Drivers/STM32G4xx_HAL_Driver/Src/stm32g4xx_hal_rcc_ex.c ****       srcclk = __HAL_RCC_GET_ADC12_SOURCE();
 1775              		.loc 1 1200 7 is_stmt 1 view .LVU624
 1776              		.loc 1 1200 16 is_stmt 0 view .LVU625
 1777 053c 064B     		ldr	r3, .L167
 1778 053e D3F88830 		ldr	r3, [r3, #136]
 1779              		.loc 1 1200 14 view .LVU626
 1780 0542 03F04053 		and	r3, r3, #805306368
 1781              	.LVL182:
1201:Drivers/STM32G4xx_HAL_Driver/Src/stm32g4xx_hal_rcc_ex.c ****       
1202:Drivers/STM32G4xx_HAL_Driver/Src/stm32g4xx_hal_rcc_ex.c ****       if(srcclk == RCC_ADC12CLKSOURCE_PLL)
 1782              		.loc 1 1202 7 is_stmt 1 view .LVU627
 1783              		.loc 1 1202 9 is_stmt 0 view .LVU628
 1784 0546 B3F1805F 		cmp	r3, #268435456
 1785 054a 0BD0     		beq	.L164
1203:Drivers/STM32G4xx_HAL_Driver/Src/stm32g4xx_hal_rcc_ex.c ****       {
1204:Drivers/STM32G4xx_HAL_Driver/Src/stm32g4xx_hal_rcc_ex.c ****         if(__HAL_RCC_GET_PLLCLKOUT_CONFIG(RCC_PLL_ADCCLK) != 0U)
1205:Drivers/STM32G4xx_HAL_Driver/Src/stm32g4xx_hal_rcc_ex.c ****         {
1206:Drivers/STM32G4xx_HAL_Driver/Src/stm32g4xx_hal_rcc_ex.c ****           /* f(PLLP) = f(VCO input) * PLLN / PLLP */
1207:Drivers/STM32G4xx_HAL_Driver/Src/stm32g4xx_hal_rcc_ex.c ****           plln = READ_BIT(RCC->PLLCFGR, RCC_PLLCFGR_PLLN) >> RCC_PLLCFGR_PLLN_Pos;
1208:Drivers/STM32G4xx_HAL_Driver/Src/stm32g4xx_hal_rcc_ex.c ****           pllp = READ_BIT(RCC->PLLCFGR, RCC_PLLCFGR_PLLPDIV) >> RCC_PLLCFGR_PLLPDIV_Pos;
1209:Drivers/STM32G4xx_HAL_Driver/Src/stm32g4xx_hal_rcc_ex.c ****           if(pllp == 0U)
1210:Drivers/STM32G4xx_HAL_Driver/Src/stm32g4xx_hal_rcc_ex.c ****           {
1211:Drivers/STM32G4xx_HAL_Driver/Src/stm32g4xx_hal_rcc_ex.c ****             if(READ_BIT(RCC->PLLCFGR, RCC_PLLCFGR_PLLP) != 0U)
1212:Drivers/STM32G4xx_HAL_Driver/Src/stm32g4xx_hal_rcc_ex.c ****             {
1213:Drivers/STM32G4xx_HAL_Driver/Src/stm32g4xx_hal_rcc_ex.c ****               pllp = 17U;
1214:Drivers/STM32G4xx_HAL_Driver/Src/stm32g4xx_hal_rcc_ex.c ****             }
1215:Drivers/STM32G4xx_HAL_Driver/Src/stm32g4xx_hal_rcc_ex.c ****             else
1216:Drivers/STM32G4xx_HAL_Driver/Src/stm32g4xx_hal_rcc_ex.c ****             {
1217:Drivers/STM32G4xx_HAL_Driver/Src/stm32g4xx_hal_rcc_ex.c ****               pllp = 7U;
1218:Drivers/STM32G4xx_HAL_Driver/Src/stm32g4xx_hal_rcc_ex.c ****             }
1219:Drivers/STM32G4xx_HAL_Driver/Src/stm32g4xx_hal_rcc_ex.c ****           }
1220:Drivers/STM32G4xx_HAL_Driver/Src/stm32g4xx_hal_rcc_ex.c ****           frequency = (pllvco * plln) / pllp;
1221:Drivers/STM32G4xx_HAL_Driver/Src/stm32g4xx_hal_rcc_ex.c ****         }
1222:Drivers/STM32G4xx_HAL_Driver/Src/stm32g4xx_hal_rcc_ex.c ****       }
1223:Drivers/STM32G4xx_HAL_Driver/Src/stm32g4xx_hal_rcc_ex.c ****       else if(srcclk == RCC_ADC12CLKSOURCE_SYSCLK)
 1786              		.loc 1 1223 12 is_stmt 1 view .LVU629
 1787              		.loc 1 1223 14 is_stmt 0 view .LVU630
 1788 054c B3F1005F 		cmp	r3, #536870912
 1789 0550 22D0     		beq	.L116
 1790              	.LVL183:
 1791              	.L61:
 686:Drivers/STM32G4xx_HAL_Driver/Src/stm32g4xx_hal_rcc_ex.c ****   uint32_t srcclk;
 1792              		.loc 1 686 12 view .LVU631
 1793 0552 0020     		movs	r0, #0
 1794              	.LVL184:
 1795              	.L51:
1224:Drivers/STM32G4xx_HAL_Driver/Src/stm32g4xx_hal_rcc_ex.c ****       {
1225:Drivers/STM32G4xx_HAL_Driver/Src/stm32g4xx_hal_rcc_ex.c ****         frequency = HAL_RCC_GetSysClockFreq();
1226:Drivers/STM32G4xx_HAL_Driver/Src/stm32g4xx_hal_rcc_ex.c ****       }
1227:Drivers/STM32G4xx_HAL_Driver/Src/stm32g4xx_hal_rcc_ex.c ****       /* Clock not enabled for ADC12 */
1228:Drivers/STM32G4xx_HAL_Driver/Src/stm32g4xx_hal_rcc_ex.c ****       else
1229:Drivers/STM32G4xx_HAL_Driver/Src/stm32g4xx_hal_rcc_ex.c ****       {
ARM GAS  /tmp/ccCVkYLU.s 			page 60


1230:Drivers/STM32G4xx_HAL_Driver/Src/stm32g4xx_hal_rcc_ex.c ****         /* nothing to do: frequency already initialized to 0 */
1231:Drivers/STM32G4xx_HAL_Driver/Src/stm32g4xx_hal_rcc_ex.c ****       }
1232:Drivers/STM32G4xx_HAL_Driver/Src/stm32g4xx_hal_rcc_ex.c ****       break;
1233:Drivers/STM32G4xx_HAL_Driver/Src/stm32g4xx_hal_rcc_ex.c **** 
1234:Drivers/STM32G4xx_HAL_Driver/Src/stm32g4xx_hal_rcc_ex.c **** #if defined(ADC345_COMMON)
1235:Drivers/STM32G4xx_HAL_Driver/Src/stm32g4xx_hal_rcc_ex.c ****     case RCC_PERIPHCLK_ADC345:
1236:Drivers/STM32G4xx_HAL_Driver/Src/stm32g4xx_hal_rcc_ex.c ****       /* Get the current ADC345 source */
1237:Drivers/STM32G4xx_HAL_Driver/Src/stm32g4xx_hal_rcc_ex.c ****       srcclk = __HAL_RCC_GET_ADC345_SOURCE();
1238:Drivers/STM32G4xx_HAL_Driver/Src/stm32g4xx_hal_rcc_ex.c ****       
1239:Drivers/STM32G4xx_HAL_Driver/Src/stm32g4xx_hal_rcc_ex.c ****       if(srcclk == RCC_ADC345CLKSOURCE_PLL)
1240:Drivers/STM32G4xx_HAL_Driver/Src/stm32g4xx_hal_rcc_ex.c ****       {
1241:Drivers/STM32G4xx_HAL_Driver/Src/stm32g4xx_hal_rcc_ex.c ****         if(__HAL_RCC_GET_PLLCLKOUT_CONFIG(RCC_PLL_ADCCLK) != 0U)
1242:Drivers/STM32G4xx_HAL_Driver/Src/stm32g4xx_hal_rcc_ex.c ****         {
1243:Drivers/STM32G4xx_HAL_Driver/Src/stm32g4xx_hal_rcc_ex.c ****           /* f(PLLP) = f(VCO input) * PLLN / PLLP */
1244:Drivers/STM32G4xx_HAL_Driver/Src/stm32g4xx_hal_rcc_ex.c ****           plln = READ_BIT(RCC->PLLCFGR, RCC_PLLCFGR_PLLN) >> RCC_PLLCFGR_PLLN_Pos;
1245:Drivers/STM32G4xx_HAL_Driver/Src/stm32g4xx_hal_rcc_ex.c ****           pllp = READ_BIT(RCC->PLLCFGR, RCC_PLLCFGR_PLLPDIV) >> RCC_PLLCFGR_PLLPDIV_Pos;
1246:Drivers/STM32G4xx_HAL_Driver/Src/stm32g4xx_hal_rcc_ex.c ****           if(pllp == 0U)
1247:Drivers/STM32G4xx_HAL_Driver/Src/stm32g4xx_hal_rcc_ex.c ****           {
1248:Drivers/STM32G4xx_HAL_Driver/Src/stm32g4xx_hal_rcc_ex.c ****             if(READ_BIT(RCC->PLLCFGR, RCC_PLLCFGR_PLLP) != 0U)
1249:Drivers/STM32G4xx_HAL_Driver/Src/stm32g4xx_hal_rcc_ex.c ****             {
1250:Drivers/STM32G4xx_HAL_Driver/Src/stm32g4xx_hal_rcc_ex.c ****               pllp = 17U;
1251:Drivers/STM32G4xx_HAL_Driver/Src/stm32g4xx_hal_rcc_ex.c ****             }
1252:Drivers/STM32G4xx_HAL_Driver/Src/stm32g4xx_hal_rcc_ex.c ****             else
1253:Drivers/STM32G4xx_HAL_Driver/Src/stm32g4xx_hal_rcc_ex.c ****             {
1254:Drivers/STM32G4xx_HAL_Driver/Src/stm32g4xx_hal_rcc_ex.c ****               pllp = 7U;
1255:Drivers/STM32G4xx_HAL_Driver/Src/stm32g4xx_hal_rcc_ex.c ****             }
1256:Drivers/STM32G4xx_HAL_Driver/Src/stm32g4xx_hal_rcc_ex.c ****           }
1257:Drivers/STM32G4xx_HAL_Driver/Src/stm32g4xx_hal_rcc_ex.c ****           frequency = (pllvco * plln) / pllp;
1258:Drivers/STM32G4xx_HAL_Driver/Src/stm32g4xx_hal_rcc_ex.c ****         }
1259:Drivers/STM32G4xx_HAL_Driver/Src/stm32g4xx_hal_rcc_ex.c ****       }
1260:Drivers/STM32G4xx_HAL_Driver/Src/stm32g4xx_hal_rcc_ex.c ****       else if(srcclk == RCC_ADC345CLKSOURCE_SYSCLK)
1261:Drivers/STM32G4xx_HAL_Driver/Src/stm32g4xx_hal_rcc_ex.c ****       {
1262:Drivers/STM32G4xx_HAL_Driver/Src/stm32g4xx_hal_rcc_ex.c ****         frequency = HAL_RCC_GetSysClockFreq();
1263:Drivers/STM32G4xx_HAL_Driver/Src/stm32g4xx_hal_rcc_ex.c ****       }
1264:Drivers/STM32G4xx_HAL_Driver/Src/stm32g4xx_hal_rcc_ex.c ****       /* Clock not enabled for ADC345 */
1265:Drivers/STM32G4xx_HAL_Driver/Src/stm32g4xx_hal_rcc_ex.c ****       else
1266:Drivers/STM32G4xx_HAL_Driver/Src/stm32g4xx_hal_rcc_ex.c ****       {
1267:Drivers/STM32G4xx_HAL_Driver/Src/stm32g4xx_hal_rcc_ex.c ****         /* nothing to do: frequency already initialized to 0 */
1268:Drivers/STM32G4xx_HAL_Driver/Src/stm32g4xx_hal_rcc_ex.c ****       }
1269:Drivers/STM32G4xx_HAL_Driver/Src/stm32g4xx_hal_rcc_ex.c ****       break;
1270:Drivers/STM32G4xx_HAL_Driver/Src/stm32g4xx_hal_rcc_ex.c **** #endif /* ADC345_COMMON */
1271:Drivers/STM32G4xx_HAL_Driver/Src/stm32g4xx_hal_rcc_ex.c **** 
1272:Drivers/STM32G4xx_HAL_Driver/Src/stm32g4xx_hal_rcc_ex.c **** #if defined(QUADSPI)
1273:Drivers/STM32G4xx_HAL_Driver/Src/stm32g4xx_hal_rcc_ex.c **** 
1274:Drivers/STM32G4xx_HAL_Driver/Src/stm32g4xx_hal_rcc_ex.c ****     case RCC_PERIPHCLK_QSPI:
1275:Drivers/STM32G4xx_HAL_Driver/Src/stm32g4xx_hal_rcc_ex.c ****       /* Get the current QSPI source */
1276:Drivers/STM32G4xx_HAL_Driver/Src/stm32g4xx_hal_rcc_ex.c ****       srcclk = __HAL_RCC_GET_QSPI_SOURCE();
1277:Drivers/STM32G4xx_HAL_Driver/Src/stm32g4xx_hal_rcc_ex.c ****       
1278:Drivers/STM32G4xx_HAL_Driver/Src/stm32g4xx_hal_rcc_ex.c ****       if(srcclk == RCC_QSPICLKSOURCE_PLL)  /* PLL ? */
1279:Drivers/STM32G4xx_HAL_Driver/Src/stm32g4xx_hal_rcc_ex.c ****       {
1280:Drivers/STM32G4xx_HAL_Driver/Src/stm32g4xx_hal_rcc_ex.c ****         /* f(PLLQ) = f(VCO input) * PLLN / PLLQ */
1281:Drivers/STM32G4xx_HAL_Driver/Src/stm32g4xx_hal_rcc_ex.c ****         plln = READ_BIT(RCC->PLLCFGR, RCC_PLLCFGR_PLLN) >> RCC_PLLCFGR_PLLN_Pos;
1282:Drivers/STM32G4xx_HAL_Driver/Src/stm32g4xx_hal_rcc_ex.c ****         frequency = (pllvco * plln) / (((READ_BIT(RCC->PLLCFGR, RCC_PLLCFGR_PLLQ) >> RCC_PLLCFGR_PL
1283:Drivers/STM32G4xx_HAL_Driver/Src/stm32g4xx_hal_rcc_ex.c ****       }
1284:Drivers/STM32G4xx_HAL_Driver/Src/stm32g4xx_hal_rcc_ex.c ****       else if(srcclk == RCC_QSPICLKSOURCE_HSI)
1285:Drivers/STM32G4xx_HAL_Driver/Src/stm32g4xx_hal_rcc_ex.c ****       {
1286:Drivers/STM32G4xx_HAL_Driver/Src/stm32g4xx_hal_rcc_ex.c ****         frequency = HSI_VALUE;
ARM GAS  /tmp/ccCVkYLU.s 			page 61


1287:Drivers/STM32G4xx_HAL_Driver/Src/stm32g4xx_hal_rcc_ex.c ****       }      
1288:Drivers/STM32G4xx_HAL_Driver/Src/stm32g4xx_hal_rcc_ex.c ****       else if(srcclk == RCC_QSPICLKSOURCE_SYSCLK)
1289:Drivers/STM32G4xx_HAL_Driver/Src/stm32g4xx_hal_rcc_ex.c ****       {
1290:Drivers/STM32G4xx_HAL_Driver/Src/stm32g4xx_hal_rcc_ex.c ****         frequency = HAL_RCC_GetSysClockFreq();
1291:Drivers/STM32G4xx_HAL_Driver/Src/stm32g4xx_hal_rcc_ex.c ****       }
1292:Drivers/STM32G4xx_HAL_Driver/Src/stm32g4xx_hal_rcc_ex.c ****       else /* No clock source */
1293:Drivers/STM32G4xx_HAL_Driver/Src/stm32g4xx_hal_rcc_ex.c ****       {
1294:Drivers/STM32G4xx_HAL_Driver/Src/stm32g4xx_hal_rcc_ex.c ****         /* nothing to do: frequency already initialized to 0 */
1295:Drivers/STM32G4xx_HAL_Driver/Src/stm32g4xx_hal_rcc_ex.c ****       }
1296:Drivers/STM32G4xx_HAL_Driver/Src/stm32g4xx_hal_rcc_ex.c ****       break;
1297:Drivers/STM32G4xx_HAL_Driver/Src/stm32g4xx_hal_rcc_ex.c **** 
1298:Drivers/STM32G4xx_HAL_Driver/Src/stm32g4xx_hal_rcc_ex.c **** #endif /* QUADSPI */
1299:Drivers/STM32G4xx_HAL_Driver/Src/stm32g4xx_hal_rcc_ex.c **** 
1300:Drivers/STM32G4xx_HAL_Driver/Src/stm32g4xx_hal_rcc_ex.c ****     default:
1301:Drivers/STM32G4xx_HAL_Driver/Src/stm32g4xx_hal_rcc_ex.c ****       break;
1302:Drivers/STM32G4xx_HAL_Driver/Src/stm32g4xx_hal_rcc_ex.c ****     }
1303:Drivers/STM32G4xx_HAL_Driver/Src/stm32g4xx_hal_rcc_ex.c ****   }
1304:Drivers/STM32G4xx_HAL_Driver/Src/stm32g4xx_hal_rcc_ex.c **** 
1305:Drivers/STM32G4xx_HAL_Driver/Src/stm32g4xx_hal_rcc_ex.c ****   return(frequency);
1306:Drivers/STM32G4xx_HAL_Driver/Src/stm32g4xx_hal_rcc_ex.c **** }
 1796              		.loc 1 1306 1 view .LVU632
 1797 0554 08BD     		pop	{r3, pc}
 1798              	.L168:
 1799 0556 00BF     		.align	2
 1800              	.L167:
 1801 0558 00100240 		.word	1073876992
 1802 055c 0080BB00 		.word	12288000
 1803 0560 0024F400 		.word	16000000
 1804              	.LVL185:
 1805              	.L164:
1204:Drivers/STM32G4xx_HAL_Driver/Src/stm32g4xx_hal_rcc_ex.c ****         {
 1806              		.loc 1 1204 9 is_stmt 1 view .LVU633
1204:Drivers/STM32G4xx_HAL_Driver/Src/stm32g4xx_hal_rcc_ex.c ****         {
 1807              		.loc 1 1204 12 is_stmt 0 view .LVU634
 1808 0564 03F14053 		add	r3, r3, #805306368
 1809              	.LVL186:
1204:Drivers/STM32G4xx_HAL_Driver/Src/stm32g4xx_hal_rcc_ex.c ****         {
 1810              		.loc 1 1204 12 view .LVU635
 1811 0568 03F50433 		add	r3, r3, #135168
 1812              	.LVL187:
1204:Drivers/STM32G4xx_HAL_Driver/Src/stm32g4xx_hal_rcc_ex.c ****         {
 1813              		.loc 1 1204 12 view .LVU636
 1814 056c D868     		ldr	r0, [r3, #12]
 1815              	.LVL188:
1204:Drivers/STM32G4xx_HAL_Driver/Src/stm32g4xx_hal_rcc_ex.c ****         {
 1816              		.loc 1 1204 11 view .LVU637
 1817 056e 10F48030 		ands	r0, r0, #65536
 1818 0572 EFD0     		beq	.L51
1207:Drivers/STM32G4xx_HAL_Driver/Src/stm32g4xx_hal_rcc_ex.c ****           pllp = READ_BIT(RCC->PLLCFGR, RCC_PLLCFGR_PLLPDIV) >> RCC_PLLCFGR_PLLPDIV_Pos;
 1819              		.loc 1 1207 11 is_stmt 1 view .LVU638
1207:Drivers/STM32G4xx_HAL_Driver/Src/stm32g4xx_hal_rcc_ex.c ****           pllp = READ_BIT(RCC->PLLCFGR, RCC_PLLCFGR_PLLPDIV) >> RCC_PLLCFGR_PLLPDIV_Pos;
 1820              		.loc 1 1207 18 is_stmt 0 view .LVU639
 1821 0574 D968     		ldr	r1, [r3, #12]
1207:Drivers/STM32G4xx_HAL_Driver/Src/stm32g4xx_hal_rcc_ex.c ****           pllp = READ_BIT(RCC->PLLCFGR, RCC_PLLCFGR_PLLPDIV) >> RCC_PLLCFGR_PLLPDIV_Pos;
 1822              		.loc 1 1207 16 view .LVU640
 1823 0576 C1F30621 		ubfx	r1, r1, #8, #7
 1824              	.LVL189:
ARM GAS  /tmp/ccCVkYLU.s 			page 62


1208:Drivers/STM32G4xx_HAL_Driver/Src/stm32g4xx_hal_rcc_ex.c ****           if(pllp == 0U)
 1825              		.loc 1 1208 11 is_stmt 1 view .LVU641
1208:Drivers/STM32G4xx_HAL_Driver/Src/stm32g4xx_hal_rcc_ex.c ****           if(pllp == 0U)
 1826              		.loc 1 1208 18 is_stmt 0 view .LVU642
 1827 057a D868     		ldr	r0, [r3, #12]
 1828              	.LVL190:
1209:Drivers/STM32G4xx_HAL_Driver/Src/stm32g4xx_hal_rcc_ex.c ****           {
 1829              		.loc 1 1209 11 is_stmt 1 view .LVU643
1209:Drivers/STM32G4xx_HAL_Driver/Src/stm32g4xx_hal_rcc_ex.c ****           {
 1830              		.loc 1 1209 13 is_stmt 0 view .LVU644
 1831 057c C00E     		lsrs	r0, r0, #27
 1832              	.LVL191:
1209:Drivers/STM32G4xx_HAL_Driver/Src/stm32g4xx_hal_rcc_ex.c ****           {
 1833              		.loc 1 1209 13 view .LVU645
 1834 057e 04D1     		bne	.L115
1211:Drivers/STM32G4xx_HAL_Driver/Src/stm32g4xx_hal_rcc_ex.c ****             {
 1835              		.loc 1 1211 13 is_stmt 1 view .LVU646
1211:Drivers/STM32G4xx_HAL_Driver/Src/stm32g4xx_hal_rcc_ex.c ****             {
 1836              		.loc 1 1211 16 is_stmt 0 view .LVU647
 1837 0580 DB68     		ldr	r3, [r3, #12]
 1838              	.LVL192:
1211:Drivers/STM32G4xx_HAL_Driver/Src/stm32g4xx_hal_rcc_ex.c ****             {
 1839              		.loc 1 1211 15 view .LVU648
 1840 0582 13F4003F 		tst	r3, #131072
 1841 0586 05D0     		beq	.L134
1213:Drivers/STM32G4xx_HAL_Driver/Src/stm32g4xx_hal_rcc_ex.c ****             }
 1842              		.loc 1 1213 20 view .LVU649
 1843 0588 1120     		movs	r0, #17
 1844              	.LVL193:
 1845              	.L115:
1220:Drivers/STM32G4xx_HAL_Driver/Src/stm32g4xx_hal_rcc_ex.c ****         }
 1846              		.loc 1 1220 11 is_stmt 1 view .LVU650
1220:Drivers/STM32G4xx_HAL_Driver/Src/stm32g4xx_hal_rcc_ex.c ****         }
 1847              		.loc 1 1220 31 is_stmt 0 view .LVU651
 1848 058a 01FB02F2 		mul	r2, r1, r2
 1849              	.LVL194:
1220:Drivers/STM32G4xx_HAL_Driver/Src/stm32g4xx_hal_rcc_ex.c ****         }
 1850              		.loc 1 1220 21 view .LVU652
 1851 058e B2FBF0F0 		udiv	r0, r2, r0
 1852              	.LVL195:
1220:Drivers/STM32G4xx_HAL_Driver/Src/stm32g4xx_hal_rcc_ex.c ****         }
 1853              		.loc 1 1220 21 view .LVU653
 1854 0592 DFE7     		b	.L51
 1855              	.LVL196:
 1856              	.L134:
1217:Drivers/STM32G4xx_HAL_Driver/Src/stm32g4xx_hal_rcc_ex.c ****             }
 1857              		.loc 1 1217 20 view .LVU654
 1858 0594 0720     		movs	r0, #7
 1859              	.LVL197:
1217:Drivers/STM32G4xx_HAL_Driver/Src/stm32g4xx_hal_rcc_ex.c ****             }
 1860              		.loc 1 1217 20 view .LVU655
 1861 0596 F8E7     		b	.L115
 1862              	.LVL198:
 1863              	.L116:
1225:Drivers/STM32G4xx_HAL_Driver/Src/stm32g4xx_hal_rcc_ex.c ****       }
 1864              		.loc 1 1225 9 is_stmt 1 view .LVU656
1225:Drivers/STM32G4xx_HAL_Driver/Src/stm32g4xx_hal_rcc_ex.c ****       }
ARM GAS  /tmp/ccCVkYLU.s 			page 63


 1865              		.loc 1 1225 21 is_stmt 0 view .LVU657
 1866 0598 FFF7FEFF 		bl	HAL_RCC_GetSysClockFreq
 1867              	.LVL199:
1225:Drivers/STM32G4xx_HAL_Driver/Src/stm32g4xx_hal_rcc_ex.c ****       }
 1868              		.loc 1 1225 21 view .LVU658
 1869 059c DAE7     		b	.L51
 1870              	.LVL200:
 1871              	.L117:
 701:Drivers/STM32G4xx_HAL_Driver/Src/stm32g4xx_hal_rcc_ex.c ****     }
 1872              		.loc 1 701 17 view .LVU659
 1873 059e 4FF40040 		mov	r0, #32768
 1874              	.LVL201:
 701:Drivers/STM32G4xx_HAL_Driver/Src/stm32g4xx_hal_rcc_ex.c ****     }
 1875              		.loc 1 701 17 view .LVU660
 1876 05a2 D7E7     		b	.L51
 1877              	.L118:
 711:Drivers/STM32G4xx_HAL_Driver/Src/stm32g4xx_hal_rcc_ex.c ****     }
 1878              		.loc 1 711 17 view .LVU661
 1879 05a4 1048     		ldr	r0, .L169
 1880 05a6 D5E7     		b	.L51
 1881              	.LVL202:
 1882              	.L121:
 775:Drivers/STM32G4xx_HAL_Driver/Src/stm32g4xx_hal_rcc_ex.c ****       }
 1883              		.loc 1 775 19 view .LVU662
 1884 05a8 4FF40040 		mov	r0, #32768
 1885 05ac D2E7     		b	.L51
 1886              	.L122:
 802:Drivers/STM32G4xx_HAL_Driver/Src/stm32g4xx_hal_rcc_ex.c ****       }
 1887              		.loc 1 802 19 view .LVU663
 1888 05ae 4FF40040 		mov	r0, #32768
 1889 05b2 CFE7     		b	.L51
 1890              	.L123:
 830:Drivers/STM32G4xx_HAL_Driver/Src/stm32g4xx_hal_rcc_ex.c ****       }
 1891              		.loc 1 830 19 view .LVU664
 1892 05b4 4FF40040 		mov	r0, #32768
 1893 05b8 CCE7     		b	.L51
 1894              	.L124:
 859:Drivers/STM32G4xx_HAL_Driver/Src/stm32g4xx_hal_rcc_ex.c ****       }
 1895              		.loc 1 859 19 view .LVU665
 1896 05ba 4FF40040 		mov	r0, #32768
 1897 05be C9E7     		b	.L51
 1898              	.L125:
 916:Drivers/STM32G4xx_HAL_Driver/Src/stm32g4xx_hal_rcc_ex.c ****       }
 1899              		.loc 1 916 19 view .LVU666
 1900 05c0 4FF40040 		mov	r0, #32768
 1901 05c4 C6E7     		b	.L51
 1902              	.L126:
 939:Drivers/STM32G4xx_HAL_Driver/Src/stm32g4xx_hal_rcc_ex.c ****       }
 1903              		.loc 1 939 19 view .LVU667
 1904 05c6 0948     		ldr	r0, .L169+4
 1905 05c8 C4E7     		b	.L51
 1906              	.L127:
 962:Drivers/STM32G4xx_HAL_Driver/Src/stm32g4xx_hal_rcc_ex.c ****       }
 1907              		.loc 1 962 19 view .LVU668
 1908 05ca 0848     		ldr	r0, .L169+4
 1909 05cc C2E7     		b	.L51
 1910              	.L128:
ARM GAS  /tmp/ccCVkYLU.s 			page 64


 987:Drivers/STM32G4xx_HAL_Driver/Src/stm32g4xx_hal_rcc_ex.c ****       }
 1911              		.loc 1 987 19 view .LVU669
 1912 05ce 0748     		ldr	r0, .L169+4
 1913 05d0 C0E7     		b	.L51
 1914              	.L129:
1043:Drivers/STM32G4xx_HAL_Driver/Src/stm32g4xx_hal_rcc_ex.c ****       }
 1915              		.loc 1 1043 19 view .LVU670
 1916 05d2 4FF40040 		mov	r0, #32768
 1917 05d6 BDE7     		b	.L51
 1918              	.L130:
1078:Drivers/STM32G4xx_HAL_Driver/Src/stm32g4xx_hal_rcc_ex.c ****       }
 1919              		.loc 1 1078 19 view .LVU671
 1920 05d8 0448     		ldr	r0, .L169+4
 1921 05da BBE7     		b	.L51
 1922              	.L131:
1114:Drivers/STM32G4xx_HAL_Driver/Src/stm32g4xx_hal_rcc_ex.c ****       }
 1923              		.loc 1 1114 19 view .LVU672
 1924 05dc 0348     		ldr	r0, .L169+4
 1925 05de B9E7     		b	.L51
 1926              	.L132:
1168:Drivers/STM32G4xx_HAL_Driver/Src/stm32g4xx_hal_rcc_ex.c ****       }
 1927              		.loc 1 1168 19 view .LVU673
 1928 05e0 0348     		ldr	r0, .L169+8
 1929 05e2 B7E7     		b	.L51
 1930              	.L133:
1190:Drivers/STM32G4xx_HAL_Driver/Src/stm32g4xx_hal_rcc_ex.c ****       }
 1931              		.loc 1 1190 19 view .LVU674
 1932 05e4 0248     		ldr	r0, .L169+8
 1933              	.LVL203:
1305:Drivers/STM32G4xx_HAL_Driver/Src/stm32g4xx_hal_rcc_ex.c **** }
 1934              		.loc 1 1305 3 is_stmt 1 view .LVU675
1305:Drivers/STM32G4xx_HAL_Driver/Src/stm32g4xx_hal_rcc_ex.c **** }
 1935              		.loc 1 1305 9 is_stmt 0 discriminator 1 view .LVU676
 1936 05e6 B5E7     		b	.L51
 1937              	.L170:
 1938              		.align	2
 1939              	.L169:
 1940 05e8 20A10700 		.word	500000
 1941 05ec 0024F400 		.word	16000000
 1942 05f0 006CDC02 		.word	48000000
 1943              		.cfi_endproc
 1944              	.LFE331:
 1946              		.section	.text.HAL_RCCEx_EnableLSECSS,"ax",%progbits
 1947              		.align	1
 1948              		.global	HAL_RCCEx_EnableLSECSS
 1949              		.syntax unified
 1950              		.thumb
 1951              		.thumb_func
 1953              	HAL_RCCEx_EnableLSECSS:
 1954              	.LFB332:
1307:Drivers/STM32G4xx_HAL_Driver/Src/stm32g4xx_hal_rcc_ex.c **** 
1308:Drivers/STM32G4xx_HAL_Driver/Src/stm32g4xx_hal_rcc_ex.c **** /**
1309:Drivers/STM32G4xx_HAL_Driver/Src/stm32g4xx_hal_rcc_ex.c ****   * @}
1310:Drivers/STM32G4xx_HAL_Driver/Src/stm32g4xx_hal_rcc_ex.c ****   */
1311:Drivers/STM32G4xx_HAL_Driver/Src/stm32g4xx_hal_rcc_ex.c **** 
1312:Drivers/STM32G4xx_HAL_Driver/Src/stm32g4xx_hal_rcc_ex.c **** /** @defgroup RCCEx_Exported_Functions_Group2 Extended Clock management functions
1313:Drivers/STM32G4xx_HAL_Driver/Src/stm32g4xx_hal_rcc_ex.c ****  *  @brief  Extended Clock management functions
ARM GAS  /tmp/ccCVkYLU.s 			page 65


1314:Drivers/STM32G4xx_HAL_Driver/Src/stm32g4xx_hal_rcc_ex.c ****  *
1315:Drivers/STM32G4xx_HAL_Driver/Src/stm32g4xx_hal_rcc_ex.c **** @verbatim
1316:Drivers/STM32G4xx_HAL_Driver/Src/stm32g4xx_hal_rcc_ex.c ****  ===============================================================================
1317:Drivers/STM32G4xx_HAL_Driver/Src/stm32g4xx_hal_rcc_ex.c ****                 ##### Extended clock management functions  #####
1318:Drivers/STM32G4xx_HAL_Driver/Src/stm32g4xx_hal_rcc_ex.c ****  ===============================================================================
1319:Drivers/STM32G4xx_HAL_Driver/Src/stm32g4xx_hal_rcc_ex.c ****     [..]
1320:Drivers/STM32G4xx_HAL_Driver/Src/stm32g4xx_hal_rcc_ex.c ****     This subsection provides a set of functions allowing to control the
1321:Drivers/STM32G4xx_HAL_Driver/Src/stm32g4xx_hal_rcc_ex.c ****     activation or deactivation of LSE CSS,
1322:Drivers/STM32G4xx_HAL_Driver/Src/stm32g4xx_hal_rcc_ex.c ****     Low speed clock output and clock after wake-up from STOP mode.
1323:Drivers/STM32G4xx_HAL_Driver/Src/stm32g4xx_hal_rcc_ex.c **** @endverbatim
1324:Drivers/STM32G4xx_HAL_Driver/Src/stm32g4xx_hal_rcc_ex.c ****   * @{
1325:Drivers/STM32G4xx_HAL_Driver/Src/stm32g4xx_hal_rcc_ex.c ****   */
1326:Drivers/STM32G4xx_HAL_Driver/Src/stm32g4xx_hal_rcc_ex.c **** 
1327:Drivers/STM32G4xx_HAL_Driver/Src/stm32g4xx_hal_rcc_ex.c **** /**
1328:Drivers/STM32G4xx_HAL_Driver/Src/stm32g4xx_hal_rcc_ex.c ****   * @brief  Enable the LSE Clock Security System.
1329:Drivers/STM32G4xx_HAL_Driver/Src/stm32g4xx_hal_rcc_ex.c ****   * @note   Prior to enable the LSE Clock Security System, LSE oscillator is to be enabled
1330:Drivers/STM32G4xx_HAL_Driver/Src/stm32g4xx_hal_rcc_ex.c ****   *         with HAL_RCC_OscConfig() and the LSE oscillator clock is to be selected as RTC
1331:Drivers/STM32G4xx_HAL_Driver/Src/stm32g4xx_hal_rcc_ex.c ****   *         clock with HAL_RCCEx_PeriphCLKConfig().
1332:Drivers/STM32G4xx_HAL_Driver/Src/stm32g4xx_hal_rcc_ex.c ****   * @retval None
1333:Drivers/STM32G4xx_HAL_Driver/Src/stm32g4xx_hal_rcc_ex.c ****   */
1334:Drivers/STM32G4xx_HAL_Driver/Src/stm32g4xx_hal_rcc_ex.c **** void HAL_RCCEx_EnableLSECSS(void)
1335:Drivers/STM32G4xx_HAL_Driver/Src/stm32g4xx_hal_rcc_ex.c **** {
 1955              		.loc 1 1335 1 is_stmt 1 view -0
 1956              		.cfi_startproc
 1957              		@ args = 0, pretend = 0, frame = 0
 1958              		@ frame_needed = 0, uses_anonymous_args = 0
 1959              		@ link register save eliminated.
1336:Drivers/STM32G4xx_HAL_Driver/Src/stm32g4xx_hal_rcc_ex.c ****   SET_BIT(RCC->BDCR, RCC_BDCR_LSECSSON) ;
 1960              		.loc 1 1336 3 view .LVU678
 1961 0000 034A     		ldr	r2, .L172
 1962 0002 D2F89030 		ldr	r3, [r2, #144]
 1963 0006 43F02003 		orr	r3, r3, #32
 1964 000a C2F89030 		str	r3, [r2, #144]
1337:Drivers/STM32G4xx_HAL_Driver/Src/stm32g4xx_hal_rcc_ex.c **** }
 1965              		.loc 1 1337 1 is_stmt 0 view .LVU679
 1966 000e 7047     		bx	lr
 1967              	.L173:
 1968              		.align	2
 1969              	.L172:
 1970 0010 00100240 		.word	1073876992
 1971              		.cfi_endproc
 1972              	.LFE332:
 1974              		.section	.text.HAL_RCCEx_DisableLSECSS,"ax",%progbits
 1975              		.align	1
 1976              		.global	HAL_RCCEx_DisableLSECSS
 1977              		.syntax unified
 1978              		.thumb
 1979              		.thumb_func
 1981              	HAL_RCCEx_DisableLSECSS:
 1982              	.LFB333:
1338:Drivers/STM32G4xx_HAL_Driver/Src/stm32g4xx_hal_rcc_ex.c **** 
1339:Drivers/STM32G4xx_HAL_Driver/Src/stm32g4xx_hal_rcc_ex.c **** /**
1340:Drivers/STM32G4xx_HAL_Driver/Src/stm32g4xx_hal_rcc_ex.c ****   * @brief  Disable the LSE Clock Security System.
1341:Drivers/STM32G4xx_HAL_Driver/Src/stm32g4xx_hal_rcc_ex.c ****   * @note   LSE Clock Security System can only be disabled after a LSE failure detection.
1342:Drivers/STM32G4xx_HAL_Driver/Src/stm32g4xx_hal_rcc_ex.c ****   * @retval None
1343:Drivers/STM32G4xx_HAL_Driver/Src/stm32g4xx_hal_rcc_ex.c ****   */
1344:Drivers/STM32G4xx_HAL_Driver/Src/stm32g4xx_hal_rcc_ex.c **** void HAL_RCCEx_DisableLSECSS(void)
ARM GAS  /tmp/ccCVkYLU.s 			page 66


1345:Drivers/STM32G4xx_HAL_Driver/Src/stm32g4xx_hal_rcc_ex.c **** {
 1983              		.loc 1 1345 1 is_stmt 1 view -0
 1984              		.cfi_startproc
 1985              		@ args = 0, pretend = 0, frame = 0
 1986              		@ frame_needed = 0, uses_anonymous_args = 0
 1987              		@ link register save eliminated.
1346:Drivers/STM32G4xx_HAL_Driver/Src/stm32g4xx_hal_rcc_ex.c ****   CLEAR_BIT(RCC->BDCR, RCC_BDCR_LSECSSON) ;
 1988              		.loc 1 1346 3 view .LVU681
 1989 0000 054B     		ldr	r3, .L175
 1990 0002 D3F89020 		ldr	r2, [r3, #144]
 1991 0006 22F02002 		bic	r2, r2, #32
 1992 000a C3F89020 		str	r2, [r3, #144]
1347:Drivers/STM32G4xx_HAL_Driver/Src/stm32g4xx_hal_rcc_ex.c **** 
1348:Drivers/STM32G4xx_HAL_Driver/Src/stm32g4xx_hal_rcc_ex.c ****   /* Disable LSE CSS IT if any */
1349:Drivers/STM32G4xx_HAL_Driver/Src/stm32g4xx_hal_rcc_ex.c ****   __HAL_RCC_DISABLE_IT(RCC_IT_LSECSS);
 1993              		.loc 1 1349 3 view .LVU682
 1994 000e 9A69     		ldr	r2, [r3, #24]
 1995 0010 22F40072 		bic	r2, r2, #512
 1996 0014 9A61     		str	r2, [r3, #24]
1350:Drivers/STM32G4xx_HAL_Driver/Src/stm32g4xx_hal_rcc_ex.c **** }
 1997              		.loc 1 1350 1 is_stmt 0 view .LVU683
 1998 0016 7047     		bx	lr
 1999              	.L176:
 2000              		.align	2
 2001              	.L175:
 2002 0018 00100240 		.word	1073876992
 2003              		.cfi_endproc
 2004              	.LFE333:
 2006              		.section	.text.HAL_RCCEx_EnableLSECSS_IT,"ax",%progbits
 2007              		.align	1
 2008              		.global	HAL_RCCEx_EnableLSECSS_IT
 2009              		.syntax unified
 2010              		.thumb
 2011              		.thumb_func
 2013              	HAL_RCCEx_EnableLSECSS_IT:
 2014              	.LFB334:
1351:Drivers/STM32G4xx_HAL_Driver/Src/stm32g4xx_hal_rcc_ex.c **** 
1352:Drivers/STM32G4xx_HAL_Driver/Src/stm32g4xx_hal_rcc_ex.c **** /**
1353:Drivers/STM32G4xx_HAL_Driver/Src/stm32g4xx_hal_rcc_ex.c ****   * @brief  Enable the LSE Clock Security System Interrupt & corresponding EXTI line.
1354:Drivers/STM32G4xx_HAL_Driver/Src/stm32g4xx_hal_rcc_ex.c ****   * @note   LSE Clock Security System Interrupt is mapped on RTC EXTI line 19
1355:Drivers/STM32G4xx_HAL_Driver/Src/stm32g4xx_hal_rcc_ex.c ****   * @retval None
1356:Drivers/STM32G4xx_HAL_Driver/Src/stm32g4xx_hal_rcc_ex.c ****   */
1357:Drivers/STM32G4xx_HAL_Driver/Src/stm32g4xx_hal_rcc_ex.c **** void HAL_RCCEx_EnableLSECSS_IT(void)
1358:Drivers/STM32G4xx_HAL_Driver/Src/stm32g4xx_hal_rcc_ex.c **** {
 2015              		.loc 1 1358 1 is_stmt 1 view -0
 2016              		.cfi_startproc
 2017              		@ args = 0, pretend = 0, frame = 0
 2018              		@ frame_needed = 0, uses_anonymous_args = 0
 2019              		@ link register save eliminated.
1359:Drivers/STM32G4xx_HAL_Driver/Src/stm32g4xx_hal_rcc_ex.c ****   /* Enable LSE CSS */
1360:Drivers/STM32G4xx_HAL_Driver/Src/stm32g4xx_hal_rcc_ex.c ****   SET_BIT(RCC->BDCR, RCC_BDCR_LSECSSON) ;
 2020              		.loc 1 1360 3 view .LVU685
 2021 0000 0A4B     		ldr	r3, .L178
 2022 0002 D3F89020 		ldr	r2, [r3, #144]
 2023 0006 42F02002 		orr	r2, r2, #32
 2024 000a C3F89020 		str	r2, [r3, #144]
1361:Drivers/STM32G4xx_HAL_Driver/Src/stm32g4xx_hal_rcc_ex.c **** 
ARM GAS  /tmp/ccCVkYLU.s 			page 67


1362:Drivers/STM32G4xx_HAL_Driver/Src/stm32g4xx_hal_rcc_ex.c ****   /* Enable LSE CSS IT */
1363:Drivers/STM32G4xx_HAL_Driver/Src/stm32g4xx_hal_rcc_ex.c ****   __HAL_RCC_ENABLE_IT(RCC_IT_LSECSS);
 2025              		.loc 1 1363 3 view .LVU686
 2026 000e 9A69     		ldr	r2, [r3, #24]
 2027 0010 42F40072 		orr	r2, r2, #512
 2028 0014 9A61     		str	r2, [r3, #24]
1364:Drivers/STM32G4xx_HAL_Driver/Src/stm32g4xx_hal_rcc_ex.c **** 
1365:Drivers/STM32G4xx_HAL_Driver/Src/stm32g4xx_hal_rcc_ex.c ****   /* Enable IT on EXTI Line 19 */
1366:Drivers/STM32G4xx_HAL_Driver/Src/stm32g4xx_hal_rcc_ex.c ****   __HAL_RCC_LSECSS_EXTI_ENABLE_IT();
 2029              		.loc 1 1366 3 view .LVU687
 2030 0016 A3F58633 		sub	r3, r3, #68608
 2031 001a 1A68     		ldr	r2, [r3]
 2032 001c 42F40022 		orr	r2, r2, #524288
 2033 0020 1A60     		str	r2, [r3]
1367:Drivers/STM32G4xx_HAL_Driver/Src/stm32g4xx_hal_rcc_ex.c ****   __HAL_RCC_LSECSS_EXTI_ENABLE_RISING_EDGE();
 2034              		.loc 1 1367 3 view .LVU688
 2035 0022 9A68     		ldr	r2, [r3, #8]
 2036 0024 42F40022 		orr	r2, r2, #524288
 2037 0028 9A60     		str	r2, [r3, #8]
1368:Drivers/STM32G4xx_HAL_Driver/Src/stm32g4xx_hal_rcc_ex.c **** }
 2038              		.loc 1 1368 1 is_stmt 0 view .LVU689
 2039 002a 7047     		bx	lr
 2040              	.L179:
 2041              		.align	2
 2042              	.L178:
 2043 002c 00100240 		.word	1073876992
 2044              		.cfi_endproc
 2045              	.LFE334:
 2047              		.section	.text.HAL_RCCEx_LSECSS_Callback,"ax",%progbits
 2048              		.align	1
 2049              		.weak	HAL_RCCEx_LSECSS_Callback
 2050              		.syntax unified
 2051              		.thumb
 2052              		.thumb_func
 2054              	HAL_RCCEx_LSECSS_Callback:
 2055              	.LFB336:
1369:Drivers/STM32G4xx_HAL_Driver/Src/stm32g4xx_hal_rcc_ex.c **** 
1370:Drivers/STM32G4xx_HAL_Driver/Src/stm32g4xx_hal_rcc_ex.c **** /**
1371:Drivers/STM32G4xx_HAL_Driver/Src/stm32g4xx_hal_rcc_ex.c ****   * @brief Handle the RCC LSE Clock Security System interrupt request.
1372:Drivers/STM32G4xx_HAL_Driver/Src/stm32g4xx_hal_rcc_ex.c ****   * @retval None
1373:Drivers/STM32G4xx_HAL_Driver/Src/stm32g4xx_hal_rcc_ex.c ****   */
1374:Drivers/STM32G4xx_HAL_Driver/Src/stm32g4xx_hal_rcc_ex.c **** void HAL_RCCEx_LSECSS_IRQHandler(void)
1375:Drivers/STM32G4xx_HAL_Driver/Src/stm32g4xx_hal_rcc_ex.c **** {
1376:Drivers/STM32G4xx_HAL_Driver/Src/stm32g4xx_hal_rcc_ex.c ****   /* Check RCC LSE CSSF flag  */
1377:Drivers/STM32G4xx_HAL_Driver/Src/stm32g4xx_hal_rcc_ex.c ****   if(__HAL_RCC_GET_IT(RCC_IT_LSECSS))
1378:Drivers/STM32G4xx_HAL_Driver/Src/stm32g4xx_hal_rcc_ex.c ****   {
1379:Drivers/STM32G4xx_HAL_Driver/Src/stm32g4xx_hal_rcc_ex.c ****     /* RCC LSE Clock Security System interrupt user callback */
1380:Drivers/STM32G4xx_HAL_Driver/Src/stm32g4xx_hal_rcc_ex.c ****     HAL_RCCEx_LSECSS_Callback();
1381:Drivers/STM32G4xx_HAL_Driver/Src/stm32g4xx_hal_rcc_ex.c **** 
1382:Drivers/STM32G4xx_HAL_Driver/Src/stm32g4xx_hal_rcc_ex.c ****     /* Clear RCC LSE CSS pending bit */
1383:Drivers/STM32G4xx_HAL_Driver/Src/stm32g4xx_hal_rcc_ex.c ****     __HAL_RCC_CLEAR_IT(RCC_IT_LSECSS);
1384:Drivers/STM32G4xx_HAL_Driver/Src/stm32g4xx_hal_rcc_ex.c ****   }
1385:Drivers/STM32G4xx_HAL_Driver/Src/stm32g4xx_hal_rcc_ex.c **** }
1386:Drivers/STM32G4xx_HAL_Driver/Src/stm32g4xx_hal_rcc_ex.c **** 
1387:Drivers/STM32G4xx_HAL_Driver/Src/stm32g4xx_hal_rcc_ex.c **** /**
1388:Drivers/STM32G4xx_HAL_Driver/Src/stm32g4xx_hal_rcc_ex.c ****   * @brief  RCCEx LSE Clock Security System interrupt callback.
1389:Drivers/STM32G4xx_HAL_Driver/Src/stm32g4xx_hal_rcc_ex.c ****   * @retval none
ARM GAS  /tmp/ccCVkYLU.s 			page 68


1390:Drivers/STM32G4xx_HAL_Driver/Src/stm32g4xx_hal_rcc_ex.c ****   */
1391:Drivers/STM32G4xx_HAL_Driver/Src/stm32g4xx_hal_rcc_ex.c **** __weak void HAL_RCCEx_LSECSS_Callback(void)
1392:Drivers/STM32G4xx_HAL_Driver/Src/stm32g4xx_hal_rcc_ex.c **** {
 2056              		.loc 1 1392 1 is_stmt 1 view -0
 2057              		.cfi_startproc
 2058              		@ args = 0, pretend = 0, frame = 0
 2059              		@ frame_needed = 0, uses_anonymous_args = 0
 2060              		@ link register save eliminated.
1393:Drivers/STM32G4xx_HAL_Driver/Src/stm32g4xx_hal_rcc_ex.c ****   /* NOTE : This function should not be modified, when the callback is needed,
1394:Drivers/STM32G4xx_HAL_Driver/Src/stm32g4xx_hal_rcc_ex.c ****             the @ref HAL_RCCEx_LSECSS_Callback should be implemented in the user file
1395:Drivers/STM32G4xx_HAL_Driver/Src/stm32g4xx_hal_rcc_ex.c ****    */
1396:Drivers/STM32G4xx_HAL_Driver/Src/stm32g4xx_hal_rcc_ex.c **** }
 2061              		.loc 1 1396 1 view .LVU691
 2062 0000 7047     		bx	lr
 2063              		.cfi_endproc
 2064              	.LFE336:
 2066              		.section	.text.HAL_RCCEx_LSECSS_IRQHandler,"ax",%progbits
 2067              		.align	1
 2068              		.global	HAL_RCCEx_LSECSS_IRQHandler
 2069              		.syntax unified
 2070              		.thumb
 2071              		.thumb_func
 2073              	HAL_RCCEx_LSECSS_IRQHandler:
 2074              	.LFB335:
1375:Drivers/STM32G4xx_HAL_Driver/Src/stm32g4xx_hal_rcc_ex.c ****   /* Check RCC LSE CSSF flag  */
 2075              		.loc 1 1375 1 view -0
 2076              		.cfi_startproc
 2077              		@ args = 0, pretend = 0, frame = 0
 2078              		@ frame_needed = 0, uses_anonymous_args = 0
 2079 0000 08B5     		push	{r3, lr}
 2080              	.LCFI5:
 2081              		.cfi_def_cfa_offset 8
 2082              		.cfi_offset 3, -8
 2083              		.cfi_offset 14, -4
1377:Drivers/STM32G4xx_HAL_Driver/Src/stm32g4xx_hal_rcc_ex.c ****   {
 2084              		.loc 1 1377 3 view .LVU693
1377:Drivers/STM32G4xx_HAL_Driver/Src/stm32g4xx_hal_rcc_ex.c ****   {
 2085              		.loc 1 1377 6 is_stmt 0 view .LVU694
 2086 0002 064B     		ldr	r3, .L185
 2087 0004 DB69     		ldr	r3, [r3, #28]
1377:Drivers/STM32G4xx_HAL_Driver/Src/stm32g4xx_hal_rcc_ex.c ****   {
 2088              		.loc 1 1377 5 view .LVU695
 2089 0006 13F4007F 		tst	r3, #512
 2090 000a 00D1     		bne	.L184
 2091              	.L181:
1385:Drivers/STM32G4xx_HAL_Driver/Src/stm32g4xx_hal_rcc_ex.c **** 
 2092              		.loc 1 1385 1 view .LVU696
 2093 000c 08BD     		pop	{r3, pc}
 2094              	.L184:
1380:Drivers/STM32G4xx_HAL_Driver/Src/stm32g4xx_hal_rcc_ex.c **** 
 2095              		.loc 1 1380 5 is_stmt 1 view .LVU697
 2096 000e FFF7FEFF 		bl	HAL_RCCEx_LSECSS_Callback
 2097              	.LVL204:
1383:Drivers/STM32G4xx_HAL_Driver/Src/stm32g4xx_hal_rcc_ex.c ****   }
 2098              		.loc 1 1383 5 view .LVU698
 2099 0012 024B     		ldr	r3, .L185
 2100 0014 4FF40072 		mov	r2, #512
ARM GAS  /tmp/ccCVkYLU.s 			page 69


 2101 0018 1A62     		str	r2, [r3, #32]
1385:Drivers/STM32G4xx_HAL_Driver/Src/stm32g4xx_hal_rcc_ex.c **** 
 2102              		.loc 1 1385 1 is_stmt 0 view .LVU699
 2103 001a F7E7     		b	.L181
 2104              	.L186:
 2105              		.align	2
 2106              	.L185:
 2107 001c 00100240 		.word	1073876992
 2108              		.cfi_endproc
 2109              	.LFE335:
 2111              		.section	.text.HAL_RCCEx_EnableLSCO,"ax",%progbits
 2112              		.align	1
 2113              		.global	HAL_RCCEx_EnableLSCO
 2114              		.syntax unified
 2115              		.thumb
 2116              		.thumb_func
 2118              	HAL_RCCEx_EnableLSCO:
 2119              	.LVL205:
 2120              	.LFB337:
1397:Drivers/STM32G4xx_HAL_Driver/Src/stm32g4xx_hal_rcc_ex.c **** 
1398:Drivers/STM32G4xx_HAL_Driver/Src/stm32g4xx_hal_rcc_ex.c **** /**
1399:Drivers/STM32G4xx_HAL_Driver/Src/stm32g4xx_hal_rcc_ex.c ****   * @brief  Select the Low Speed clock source to output on LSCO pin (PA2).
1400:Drivers/STM32G4xx_HAL_Driver/Src/stm32g4xx_hal_rcc_ex.c ****   * @param  LSCOSource  specifies the Low Speed clock source to output.
1401:Drivers/STM32G4xx_HAL_Driver/Src/stm32g4xx_hal_rcc_ex.c ****   *          This parameter can be one of the following values:
1402:Drivers/STM32G4xx_HAL_Driver/Src/stm32g4xx_hal_rcc_ex.c ****   *            @arg @ref RCC_LSCOSOURCE_LSI  LSI clock selected as LSCO source
1403:Drivers/STM32G4xx_HAL_Driver/Src/stm32g4xx_hal_rcc_ex.c ****   *            @arg @ref RCC_LSCOSOURCE_LSE  LSE clock selected as LSCO source
1404:Drivers/STM32G4xx_HAL_Driver/Src/stm32g4xx_hal_rcc_ex.c ****   * @retval None
1405:Drivers/STM32G4xx_HAL_Driver/Src/stm32g4xx_hal_rcc_ex.c ****   */
1406:Drivers/STM32G4xx_HAL_Driver/Src/stm32g4xx_hal_rcc_ex.c **** void HAL_RCCEx_EnableLSCO(uint32_t LSCOSource)
1407:Drivers/STM32G4xx_HAL_Driver/Src/stm32g4xx_hal_rcc_ex.c **** {
 2121              		.loc 1 1407 1 is_stmt 1 view -0
 2122              		.cfi_startproc
 2123              		@ args = 0, pretend = 0, frame = 32
 2124              		@ frame_needed = 0, uses_anonymous_args = 0
 2125              		.loc 1 1407 1 is_stmt 0 view .LVU701
 2126 0000 30B5     		push	{r4, r5, lr}
 2127              	.LCFI6:
 2128              		.cfi_def_cfa_offset 12
 2129              		.cfi_offset 4, -12
 2130              		.cfi_offset 5, -8
 2131              		.cfi_offset 14, -4
 2132 0002 89B0     		sub	sp, sp, #36
 2133              	.LCFI7:
 2134              		.cfi_def_cfa_offset 48
 2135 0004 0546     		mov	r5, r0
1408:Drivers/STM32G4xx_HAL_Driver/Src/stm32g4xx_hal_rcc_ex.c ****   GPIO_InitTypeDef GPIO_InitStruct = {0};
 2136              		.loc 1 1408 3 is_stmt 1 view .LVU702
 2137              		.loc 1 1408 20 is_stmt 0 view .LVU703
 2138 0006 03A9     		add	r1, sp, #12
 2139 0008 0023     		movs	r3, #0
 2140 000a 0393     		str	r3, [sp, #12]
 2141 000c 4B60     		str	r3, [r1, #4]
 2142 000e 8B60     		str	r3, [r1, #8]
 2143 0010 CB60     		str	r3, [r1, #12]
 2144 0012 0B61     		str	r3, [r1, #16]
1409:Drivers/STM32G4xx_HAL_Driver/Src/stm32g4xx_hal_rcc_ex.c ****   FlagStatus       pwrclkchanged = RESET;
 2145              		.loc 1 1409 3 is_stmt 1 view .LVU704
ARM GAS  /tmp/ccCVkYLU.s 			page 70


 2146              	.LVL206:
1410:Drivers/STM32G4xx_HAL_Driver/Src/stm32g4xx_hal_rcc_ex.c ****   FlagStatus       backupchanged = RESET;
 2147              		.loc 1 1410 3 view .LVU705
1411:Drivers/STM32G4xx_HAL_Driver/Src/stm32g4xx_hal_rcc_ex.c **** 
1412:Drivers/STM32G4xx_HAL_Driver/Src/stm32g4xx_hal_rcc_ex.c ****   /* Check the parameters */
1413:Drivers/STM32G4xx_HAL_Driver/Src/stm32g4xx_hal_rcc_ex.c ****   assert_param(IS_RCC_LSCOSOURCE(LSCOSource));
 2148              		.loc 1 1413 3 view .LVU706
1414:Drivers/STM32G4xx_HAL_Driver/Src/stm32g4xx_hal_rcc_ex.c **** 
1415:Drivers/STM32G4xx_HAL_Driver/Src/stm32g4xx_hal_rcc_ex.c ****   /* LSCO Pin Clock Enable */
1416:Drivers/STM32G4xx_HAL_Driver/Src/stm32g4xx_hal_rcc_ex.c ****   __LSCO_CLK_ENABLE();
 2149              		.loc 1 1416 3 view .LVU707
 2150              	.LBB5:
 2151              		.loc 1 1416 3 view .LVU708
 2152              		.loc 1 1416 3 view .LVU709
 2153 0014 224C     		ldr	r4, .L198
 2154 0016 E36C     		ldr	r3, [r4, #76]
 2155 0018 43F00103 		orr	r3, r3, #1
 2156 001c E364     		str	r3, [r4, #76]
 2157              		.loc 1 1416 3 view .LVU710
 2158 001e E36C     		ldr	r3, [r4, #76]
 2159 0020 03F00103 		and	r3, r3, #1
 2160 0024 0193     		str	r3, [sp, #4]
 2161              		.loc 1 1416 3 view .LVU711
 2162 0026 019B     		ldr	r3, [sp, #4]
 2163              	.LBE5:
 2164              		.loc 1 1416 3 view .LVU712
1417:Drivers/STM32G4xx_HAL_Driver/Src/stm32g4xx_hal_rcc_ex.c **** 
1418:Drivers/STM32G4xx_HAL_Driver/Src/stm32g4xx_hal_rcc_ex.c ****   /* Configure the LSCO pin in analog mode */
1419:Drivers/STM32G4xx_HAL_Driver/Src/stm32g4xx_hal_rcc_ex.c ****   GPIO_InitStruct.Pin = LSCO_PIN;
 2165              		.loc 1 1419 3 view .LVU713
 2166              		.loc 1 1419 23 is_stmt 0 view .LVU714
 2167 0028 0423     		movs	r3, #4
 2168 002a 0393     		str	r3, [sp, #12]
1420:Drivers/STM32G4xx_HAL_Driver/Src/stm32g4xx_hal_rcc_ex.c ****   GPIO_InitStruct.Mode = GPIO_MODE_ANALOG;
 2169              		.loc 1 1420 3 is_stmt 1 view .LVU715
 2170              		.loc 1 1420 24 is_stmt 0 view .LVU716
 2171 002c 0323     		movs	r3, #3
 2172 002e 0493     		str	r3, [sp, #16]
1421:Drivers/STM32G4xx_HAL_Driver/Src/stm32g4xx_hal_rcc_ex.c ****   GPIO_InitStruct.Speed = GPIO_SPEED_FREQ_HIGH;
 2173              		.loc 1 1421 3 is_stmt 1 view .LVU717
 2174              		.loc 1 1421 25 is_stmt 0 view .LVU718
 2175 0030 0223     		movs	r3, #2
 2176 0032 0693     		str	r3, [sp, #24]
1422:Drivers/STM32G4xx_HAL_Driver/Src/stm32g4xx_hal_rcc_ex.c ****   GPIO_InitStruct.Pull = GPIO_NOPULL;
 2177              		.loc 1 1422 3 is_stmt 1 view .LVU719
1423:Drivers/STM32G4xx_HAL_Driver/Src/stm32g4xx_hal_rcc_ex.c ****   HAL_GPIO_Init(LSCO_GPIO_PORT, &GPIO_InitStruct);
 2178              		.loc 1 1423 3 view .LVU720
 2179 0034 4FF09040 		mov	r0, #1207959552
 2180              	.LVL207:
 2181              		.loc 1 1423 3 is_stmt 0 view .LVU721
 2182 0038 FFF7FEFF 		bl	HAL_GPIO_Init
 2183              	.LVL208:
1424:Drivers/STM32G4xx_HAL_Driver/Src/stm32g4xx_hal_rcc_ex.c **** 
1425:Drivers/STM32G4xx_HAL_Driver/Src/stm32g4xx_hal_rcc_ex.c ****   /* Update LSCOSEL clock source in Backup Domain control register */
1426:Drivers/STM32G4xx_HAL_Driver/Src/stm32g4xx_hal_rcc_ex.c ****   if(__HAL_RCC_PWR_IS_CLK_DISABLED())
 2184              		.loc 1 1426 3 is_stmt 1 view .LVU722
 2185              		.loc 1 1426 6 is_stmt 0 view .LVU723
ARM GAS  /tmp/ccCVkYLU.s 			page 71


 2186 003c A36D     		ldr	r3, [r4, #88]
 2187              		.loc 1 1426 5 view .LVU724
 2188 003e 13F0805F 		tst	r3, #268435456
 2189 0042 1DD1     		bne	.L192
1427:Drivers/STM32G4xx_HAL_Driver/Src/stm32g4xx_hal_rcc_ex.c ****   {
1428:Drivers/STM32G4xx_HAL_Driver/Src/stm32g4xx_hal_rcc_ex.c ****     __HAL_RCC_PWR_CLK_ENABLE();
 2190              		.loc 1 1428 5 is_stmt 1 view .LVU725
 2191              	.LBB6:
 2192              		.loc 1 1428 5 view .LVU726
 2193              		.loc 1 1428 5 view .LVU727
 2194 0044 A26D     		ldr	r2, [r4, #88]
 2195 0046 42F08052 		orr	r2, r2, #268435456
 2196 004a A265     		str	r2, [r4, #88]
 2197              		.loc 1 1428 5 view .LVU728
 2198 004c A36D     		ldr	r3, [r4, #88]
 2199 004e 03F08053 		and	r3, r3, #268435456
 2200 0052 0293     		str	r3, [sp, #8]
 2201              		.loc 1 1428 5 view .LVU729
 2202 0054 029B     		ldr	r3, [sp, #8]
 2203              	.LBE6:
 2204              		.loc 1 1428 5 view .LVU730
1429:Drivers/STM32G4xx_HAL_Driver/Src/stm32g4xx_hal_rcc_ex.c ****     pwrclkchanged = SET;
 2205              		.loc 1 1429 5 view .LVU731
 2206              	.LVL209:
 2207              		.loc 1 1429 19 is_stmt 0 view .LVU732
 2208 0056 0124     		movs	r4, #1
 2209              	.LVL210:
 2210              	.L188:
1430:Drivers/STM32G4xx_HAL_Driver/Src/stm32g4xx_hal_rcc_ex.c ****   }
1431:Drivers/STM32G4xx_HAL_Driver/Src/stm32g4xx_hal_rcc_ex.c ****   if(HAL_IS_BIT_CLR(PWR->CR1, PWR_CR1_DBP))
 2211              		.loc 1 1431 3 is_stmt 1 view .LVU733
 2212              		.loc 1 1431 6 is_stmt 0 view .LVU734
 2213 0058 124B     		ldr	r3, .L198+4
 2214 005a 1B68     		ldr	r3, [r3]
 2215              		.loc 1 1431 5 view .LVU735
 2216 005c 13F4807F 		tst	r3, #256
 2217 0060 10D0     		beq	.L195
1410:Drivers/STM32G4xx_HAL_Driver/Src/stm32g4xx_hal_rcc_ex.c **** 
 2218              		.loc 1 1410 20 view .LVU736
 2219 0062 0022     		movs	r2, #0
 2220              	.LVL211:
 2221              	.L189:
1432:Drivers/STM32G4xx_HAL_Driver/Src/stm32g4xx_hal_rcc_ex.c ****   {
1433:Drivers/STM32G4xx_HAL_Driver/Src/stm32g4xx_hal_rcc_ex.c ****     HAL_PWR_EnableBkUpAccess();
1434:Drivers/STM32G4xx_HAL_Driver/Src/stm32g4xx_hal_rcc_ex.c ****     backupchanged = SET;
1435:Drivers/STM32G4xx_HAL_Driver/Src/stm32g4xx_hal_rcc_ex.c ****   }
1436:Drivers/STM32G4xx_HAL_Driver/Src/stm32g4xx_hal_rcc_ex.c **** 
1437:Drivers/STM32G4xx_HAL_Driver/Src/stm32g4xx_hal_rcc_ex.c ****   MODIFY_REG(RCC->BDCR, RCC_BDCR_LSCOSEL | RCC_BDCR_LSCOEN, LSCOSource | RCC_BDCR_LSCOEN);
 2222              		.loc 1 1437 3 is_stmt 1 view .LVU737
 2223 0064 0E4B     		ldr	r3, .L198
 2224 0066 D3F89000 		ldr	r0, [r3, #144]
 2225 006a 20F04070 		bic	r0, r0, #50331648
 2226 006e 2843     		orrs	r0, r0, r5
 2227 0070 40F08070 		orr	r0, r0, #16777216
 2228 0074 C3F89000 		str	r0, [r3, #144]
1438:Drivers/STM32G4xx_HAL_Driver/Src/stm32g4xx_hal_rcc_ex.c **** 
1439:Drivers/STM32G4xx_HAL_Driver/Src/stm32g4xx_hal_rcc_ex.c ****   if(backupchanged == SET)
ARM GAS  /tmp/ccCVkYLU.s 			page 72


 2229              		.loc 1 1439 3 view .LVU738
 2230              		.loc 1 1439 5 is_stmt 0 view .LVU739
 2231 0078 42B9     		cbnz	r2, .L196
 2232              	.LVL212:
 2233              	.L190:
1440:Drivers/STM32G4xx_HAL_Driver/Src/stm32g4xx_hal_rcc_ex.c ****   {
1441:Drivers/STM32G4xx_HAL_Driver/Src/stm32g4xx_hal_rcc_ex.c ****     HAL_PWR_DisableBkUpAccess();
1442:Drivers/STM32G4xx_HAL_Driver/Src/stm32g4xx_hal_rcc_ex.c ****   }
1443:Drivers/STM32G4xx_HAL_Driver/Src/stm32g4xx_hal_rcc_ex.c ****   if(pwrclkchanged == SET)
 2234              		.loc 1 1443 3 is_stmt 1 view .LVU740
 2235              		.loc 1 1443 5 is_stmt 0 view .LVU741
 2236 007a 54B9     		cbnz	r4, .L197
 2237              	.L187:
1444:Drivers/STM32G4xx_HAL_Driver/Src/stm32g4xx_hal_rcc_ex.c ****   {
1445:Drivers/STM32G4xx_HAL_Driver/Src/stm32g4xx_hal_rcc_ex.c ****     __HAL_RCC_PWR_CLK_DISABLE();
1446:Drivers/STM32G4xx_HAL_Driver/Src/stm32g4xx_hal_rcc_ex.c ****   }
1447:Drivers/STM32G4xx_HAL_Driver/Src/stm32g4xx_hal_rcc_ex.c **** }
 2238              		.loc 1 1447 1 view .LVU742
 2239 007c 09B0     		add	sp, sp, #36
 2240              	.LCFI8:
 2241              		.cfi_remember_state
 2242              		.cfi_def_cfa_offset 12
 2243              		@ sp needed
 2244 007e 30BD     		pop	{r4, r5, pc}
 2245              	.LVL213:
 2246              	.L192:
 2247              	.LCFI9:
 2248              		.cfi_restore_state
1409:Drivers/STM32G4xx_HAL_Driver/Src/stm32g4xx_hal_rcc_ex.c ****   FlagStatus       backupchanged = RESET;
 2249              		.loc 1 1409 20 view .LVU743
 2250 0080 0024     		movs	r4, #0
 2251 0082 E9E7     		b	.L188
 2252              	.LVL214:
 2253              	.L195:
1433:Drivers/STM32G4xx_HAL_Driver/Src/stm32g4xx_hal_rcc_ex.c ****     backupchanged = SET;
 2254              		.loc 1 1433 5 is_stmt 1 view .LVU744
 2255 0084 FFF7FEFF 		bl	HAL_PWR_EnableBkUpAccess
 2256              	.LVL215:
1434:Drivers/STM32G4xx_HAL_Driver/Src/stm32g4xx_hal_rcc_ex.c ****   }
 2257              		.loc 1 1434 5 view .LVU745
1434:Drivers/STM32G4xx_HAL_Driver/Src/stm32g4xx_hal_rcc_ex.c ****   }
 2258              		.loc 1 1434 19 is_stmt 0 view .LVU746
 2259 0088 0122     		movs	r2, #1
 2260 008a EBE7     		b	.L189
 2261              	.LVL216:
 2262              	.L196:
1441:Drivers/STM32G4xx_HAL_Driver/Src/stm32g4xx_hal_rcc_ex.c ****   }
 2263              		.loc 1 1441 5 is_stmt 1 view .LVU747
 2264 008c FFF7FEFF 		bl	HAL_PWR_DisableBkUpAccess
 2265              	.LVL217:
1441:Drivers/STM32G4xx_HAL_Driver/Src/stm32g4xx_hal_rcc_ex.c ****   }
 2266              		.loc 1 1441 5 is_stmt 0 view .LVU748
 2267 0090 F3E7     		b	.L190
 2268              	.L197:
1445:Drivers/STM32G4xx_HAL_Driver/Src/stm32g4xx_hal_rcc_ex.c ****   }
 2269              		.loc 1 1445 5 is_stmt 1 view .LVU749
 2270 0092 034A     		ldr	r2, .L198
ARM GAS  /tmp/ccCVkYLU.s 			page 73


 2271 0094 936D     		ldr	r3, [r2, #88]
 2272 0096 23F08053 		bic	r3, r3, #268435456
 2273 009a 9365     		str	r3, [r2, #88]
 2274              		.loc 1 1447 1 is_stmt 0 view .LVU750
 2275 009c EEE7     		b	.L187
 2276              	.L199:
 2277 009e 00BF     		.align	2
 2278              	.L198:
 2279 00a0 00100240 		.word	1073876992
 2280 00a4 00700040 		.word	1073770496
 2281              		.cfi_endproc
 2282              	.LFE337:
 2284              		.section	.text.HAL_RCCEx_DisableLSCO,"ax",%progbits
 2285              		.align	1
 2286              		.global	HAL_RCCEx_DisableLSCO
 2287              		.syntax unified
 2288              		.thumb
 2289              		.thumb_func
 2291              	HAL_RCCEx_DisableLSCO:
 2292              	.LFB338:
1448:Drivers/STM32G4xx_HAL_Driver/Src/stm32g4xx_hal_rcc_ex.c **** 
1449:Drivers/STM32G4xx_HAL_Driver/Src/stm32g4xx_hal_rcc_ex.c **** /**
1450:Drivers/STM32G4xx_HAL_Driver/Src/stm32g4xx_hal_rcc_ex.c ****   * @brief  Disable the Low Speed clock output.
1451:Drivers/STM32G4xx_HAL_Driver/Src/stm32g4xx_hal_rcc_ex.c ****   * @retval None
1452:Drivers/STM32G4xx_HAL_Driver/Src/stm32g4xx_hal_rcc_ex.c ****   */
1453:Drivers/STM32G4xx_HAL_Driver/Src/stm32g4xx_hal_rcc_ex.c **** void HAL_RCCEx_DisableLSCO(void)
1454:Drivers/STM32G4xx_HAL_Driver/Src/stm32g4xx_hal_rcc_ex.c **** {
 2293              		.loc 1 1454 1 is_stmt 1 view -0
 2294              		.cfi_startproc
 2295              		@ args = 0, pretend = 0, frame = 8
 2296              		@ frame_needed = 0, uses_anonymous_args = 0
 2297 0000 10B5     		push	{r4, lr}
 2298              	.LCFI10:
 2299              		.cfi_def_cfa_offset 8
 2300              		.cfi_offset 4, -8
 2301              		.cfi_offset 14, -4
 2302 0002 82B0     		sub	sp, sp, #8
 2303              	.LCFI11:
 2304              		.cfi_def_cfa_offset 16
1455:Drivers/STM32G4xx_HAL_Driver/Src/stm32g4xx_hal_rcc_ex.c ****   FlagStatus       pwrclkchanged = RESET;
 2305              		.loc 1 1455 3 view .LVU752
 2306              	.LVL218:
1456:Drivers/STM32G4xx_HAL_Driver/Src/stm32g4xx_hal_rcc_ex.c ****   FlagStatus       backupchanged = RESET;
 2307              		.loc 1 1456 3 view .LVU753
1457:Drivers/STM32G4xx_HAL_Driver/Src/stm32g4xx_hal_rcc_ex.c **** 
1458:Drivers/STM32G4xx_HAL_Driver/Src/stm32g4xx_hal_rcc_ex.c ****   /* Update LSCOEN bit in Backup Domain control register */
1459:Drivers/STM32G4xx_HAL_Driver/Src/stm32g4xx_hal_rcc_ex.c ****   if(__HAL_RCC_PWR_IS_CLK_DISABLED())
 2308              		.loc 1 1459 3 view .LVU754
 2309              		.loc 1 1459 6 is_stmt 0 view .LVU755
 2310 0004 184B     		ldr	r3, .L211
 2311 0006 9B6D     		ldr	r3, [r3, #88]
 2312              		.loc 1 1459 5 view .LVU756
 2313 0008 13F0805F 		tst	r3, #268435456
 2314 000c 1CD1     		bne	.L205
1460:Drivers/STM32G4xx_HAL_Driver/Src/stm32g4xx_hal_rcc_ex.c ****   {
1461:Drivers/STM32G4xx_HAL_Driver/Src/stm32g4xx_hal_rcc_ex.c ****     __HAL_RCC_PWR_CLK_ENABLE();
 2315              		.loc 1 1461 5 is_stmt 1 view .LVU757
ARM GAS  /tmp/ccCVkYLU.s 			page 74


 2316              	.LBB7:
 2317              		.loc 1 1461 5 view .LVU758
 2318              		.loc 1 1461 5 view .LVU759
 2319 000e 164B     		ldr	r3, .L211
 2320 0010 9A6D     		ldr	r2, [r3, #88]
 2321 0012 42F08052 		orr	r2, r2, #268435456
 2322 0016 9A65     		str	r2, [r3, #88]
 2323              		.loc 1 1461 5 view .LVU760
 2324 0018 9B6D     		ldr	r3, [r3, #88]
 2325 001a 03F08053 		and	r3, r3, #268435456
 2326 001e 0193     		str	r3, [sp, #4]
 2327              		.loc 1 1461 5 view .LVU761
 2328 0020 019B     		ldr	r3, [sp, #4]
 2329              	.LBE7:
 2330              		.loc 1 1461 5 view .LVU762
1462:Drivers/STM32G4xx_HAL_Driver/Src/stm32g4xx_hal_rcc_ex.c ****     pwrclkchanged = SET;
 2331              		.loc 1 1462 5 view .LVU763
 2332              	.LVL219:
 2333              		.loc 1 1462 19 is_stmt 0 view .LVU764
 2334 0022 0123     		movs	r3, #1
 2335 0024 1C46     		mov	r4, r3
 2336              	.LVL220:
 2337              	.L201:
1463:Drivers/STM32G4xx_HAL_Driver/Src/stm32g4xx_hal_rcc_ex.c ****   }
1464:Drivers/STM32G4xx_HAL_Driver/Src/stm32g4xx_hal_rcc_ex.c ****   if(HAL_IS_BIT_CLR(PWR->CR1, PWR_CR1_DBP))
 2338              		.loc 1 1464 3 is_stmt 1 view .LVU765
 2339              		.loc 1 1464 6 is_stmt 0 view .LVU766
 2340 0026 114B     		ldr	r3, .L211+4
 2341 0028 1B68     		ldr	r3, [r3]
 2342              		.loc 1 1464 5 view .LVU767
 2343 002a 13F4807F 		tst	r3, #256
 2344 002e 0ED0     		beq	.L208
1456:Drivers/STM32G4xx_HAL_Driver/Src/stm32g4xx_hal_rcc_ex.c **** 
 2345              		.loc 1 1456 20 view .LVU768
 2346 0030 0021     		movs	r1, #0
 2347              	.LVL221:
 2348              	.L202:
1465:Drivers/STM32G4xx_HAL_Driver/Src/stm32g4xx_hal_rcc_ex.c ****   {
1466:Drivers/STM32G4xx_HAL_Driver/Src/stm32g4xx_hal_rcc_ex.c ****     /* Enable access to the backup domain */
1467:Drivers/STM32G4xx_HAL_Driver/Src/stm32g4xx_hal_rcc_ex.c ****     HAL_PWR_EnableBkUpAccess();
1468:Drivers/STM32G4xx_HAL_Driver/Src/stm32g4xx_hal_rcc_ex.c ****     backupchanged = SET;
1469:Drivers/STM32G4xx_HAL_Driver/Src/stm32g4xx_hal_rcc_ex.c ****   }
1470:Drivers/STM32G4xx_HAL_Driver/Src/stm32g4xx_hal_rcc_ex.c **** 
1471:Drivers/STM32G4xx_HAL_Driver/Src/stm32g4xx_hal_rcc_ex.c ****   CLEAR_BIT(RCC->BDCR, RCC_BDCR_LSCOEN);
 2349              		.loc 1 1471 3 is_stmt 1 view .LVU769
 2350 0032 0D4A     		ldr	r2, .L211
 2351 0034 D2F89030 		ldr	r3, [r2, #144]
 2352 0038 23F08073 		bic	r3, r3, #16777216
 2353 003c C2F89030 		str	r3, [r2, #144]
1472:Drivers/STM32G4xx_HAL_Driver/Src/stm32g4xx_hal_rcc_ex.c **** 
1473:Drivers/STM32G4xx_HAL_Driver/Src/stm32g4xx_hal_rcc_ex.c ****   /* Restore previous configuration */
1474:Drivers/STM32G4xx_HAL_Driver/Src/stm32g4xx_hal_rcc_ex.c ****   if(backupchanged == SET)
 2354              		.loc 1 1474 3 view .LVU770
 2355              		.loc 1 1474 5 is_stmt 0 view .LVU771
 2356 0040 49B9     		cbnz	r1, .L209
 2357              	.LVL222:
 2358              	.L203:
ARM GAS  /tmp/ccCVkYLU.s 			page 75


1475:Drivers/STM32G4xx_HAL_Driver/Src/stm32g4xx_hal_rcc_ex.c ****   {
1476:Drivers/STM32G4xx_HAL_Driver/Src/stm32g4xx_hal_rcc_ex.c ****     /* Disable access to the backup domain */
1477:Drivers/STM32G4xx_HAL_Driver/Src/stm32g4xx_hal_rcc_ex.c ****     HAL_PWR_DisableBkUpAccess();
1478:Drivers/STM32G4xx_HAL_Driver/Src/stm32g4xx_hal_rcc_ex.c ****   }
1479:Drivers/STM32G4xx_HAL_Driver/Src/stm32g4xx_hal_rcc_ex.c ****   if(pwrclkchanged == SET)
 2359              		.loc 1 1479 3 is_stmt 1 view .LVU772
 2360              		.loc 1 1479 5 is_stmt 0 view .LVU773
 2361 0042 5CB9     		cbnz	r4, .L210
 2362              	.L200:
1480:Drivers/STM32G4xx_HAL_Driver/Src/stm32g4xx_hal_rcc_ex.c ****   {
1481:Drivers/STM32G4xx_HAL_Driver/Src/stm32g4xx_hal_rcc_ex.c ****     __HAL_RCC_PWR_CLK_DISABLE();
1482:Drivers/STM32G4xx_HAL_Driver/Src/stm32g4xx_hal_rcc_ex.c ****   }
1483:Drivers/STM32G4xx_HAL_Driver/Src/stm32g4xx_hal_rcc_ex.c **** }
 2363              		.loc 1 1483 1 view .LVU774
 2364 0044 02B0     		add	sp, sp, #8
 2365              	.LCFI12:
 2366              		.cfi_remember_state
 2367              		.cfi_def_cfa_offset 8
 2368              		@ sp needed
 2369 0046 10BD     		pop	{r4, pc}
 2370              	.LVL223:
 2371              	.L205:
 2372              	.LCFI13:
 2373              		.cfi_restore_state
1455:Drivers/STM32G4xx_HAL_Driver/Src/stm32g4xx_hal_rcc_ex.c ****   FlagStatus       backupchanged = RESET;
 2374              		.loc 1 1455 20 view .LVU775
 2375 0048 0023     		movs	r3, #0
 2376 004a 1C46     		mov	r4, r3
 2377 004c EBE7     		b	.L201
 2378              	.LVL224:
 2379              	.L208:
1467:Drivers/STM32G4xx_HAL_Driver/Src/stm32g4xx_hal_rcc_ex.c ****     backupchanged = SET;
 2380              		.loc 1 1467 5 is_stmt 1 view .LVU776
 2381 004e FFF7FEFF 		bl	HAL_PWR_EnableBkUpAccess
 2382              	.LVL225:
1468:Drivers/STM32G4xx_HAL_Driver/Src/stm32g4xx_hal_rcc_ex.c ****   }
 2383              		.loc 1 1468 5 view .LVU777
1468:Drivers/STM32G4xx_HAL_Driver/Src/stm32g4xx_hal_rcc_ex.c ****   }
 2384              		.loc 1 1468 19 is_stmt 0 view .LVU778
 2385 0052 0121     		movs	r1, #1
 2386 0054 EDE7     		b	.L202
 2387              	.LVL226:
 2388              	.L209:
1477:Drivers/STM32G4xx_HAL_Driver/Src/stm32g4xx_hal_rcc_ex.c ****   }
 2389              		.loc 1 1477 5 is_stmt 1 view .LVU779
 2390 0056 FFF7FEFF 		bl	HAL_PWR_DisableBkUpAccess
 2391              	.LVL227:
1477:Drivers/STM32G4xx_HAL_Driver/Src/stm32g4xx_hal_rcc_ex.c ****   }
 2392              		.loc 1 1477 5 is_stmt 0 view .LVU780
 2393 005a F2E7     		b	.L203
 2394              	.L210:
1481:Drivers/STM32G4xx_HAL_Driver/Src/stm32g4xx_hal_rcc_ex.c ****   }
 2395              		.loc 1 1481 5 is_stmt 1 view .LVU781
 2396 005c 024A     		ldr	r2, .L211
 2397 005e 936D     		ldr	r3, [r2, #88]
 2398 0060 23F08053 		bic	r3, r3, #268435456
 2399 0064 9365     		str	r3, [r2, #88]
ARM GAS  /tmp/ccCVkYLU.s 			page 76


 2400              		.loc 1 1483 1 is_stmt 0 view .LVU782
 2401 0066 EDE7     		b	.L200
 2402              	.L212:
 2403              		.align	2
 2404              	.L211:
 2405 0068 00100240 		.word	1073876992
 2406 006c 00700040 		.word	1073770496
 2407              		.cfi_endproc
 2408              	.LFE338:
 2410              		.section	.text.HAL_RCCEx_CRSConfig,"ax",%progbits
 2411              		.align	1
 2412              		.global	HAL_RCCEx_CRSConfig
 2413              		.syntax unified
 2414              		.thumb
 2415              		.thumb_func
 2417              	HAL_RCCEx_CRSConfig:
 2418              	.LVL228:
 2419              	.LFB339:
1484:Drivers/STM32G4xx_HAL_Driver/Src/stm32g4xx_hal_rcc_ex.c **** 
1485:Drivers/STM32G4xx_HAL_Driver/Src/stm32g4xx_hal_rcc_ex.c **** 
1486:Drivers/STM32G4xx_HAL_Driver/Src/stm32g4xx_hal_rcc_ex.c **** /**
1487:Drivers/STM32G4xx_HAL_Driver/Src/stm32g4xx_hal_rcc_ex.c ****   * @}
1488:Drivers/STM32G4xx_HAL_Driver/Src/stm32g4xx_hal_rcc_ex.c ****   */
1489:Drivers/STM32G4xx_HAL_Driver/Src/stm32g4xx_hal_rcc_ex.c **** 
1490:Drivers/STM32G4xx_HAL_Driver/Src/stm32g4xx_hal_rcc_ex.c **** #if defined(CRS)
1491:Drivers/STM32G4xx_HAL_Driver/Src/stm32g4xx_hal_rcc_ex.c **** 
1492:Drivers/STM32G4xx_HAL_Driver/Src/stm32g4xx_hal_rcc_ex.c **** /** @defgroup RCCEx_Exported_Functions_Group3 Extended Clock Recovery System Control functions
1493:Drivers/STM32G4xx_HAL_Driver/Src/stm32g4xx_hal_rcc_ex.c ****  *  @brief  Extended Clock Recovery System Control functions
1494:Drivers/STM32G4xx_HAL_Driver/Src/stm32g4xx_hal_rcc_ex.c ****  *
1495:Drivers/STM32G4xx_HAL_Driver/Src/stm32g4xx_hal_rcc_ex.c **** @verbatim
1496:Drivers/STM32G4xx_HAL_Driver/Src/stm32g4xx_hal_rcc_ex.c ****  ===============================================================================
1497:Drivers/STM32G4xx_HAL_Driver/Src/stm32g4xx_hal_rcc_ex.c ****                 ##### Extended Clock Recovery System Control functions  #####
1498:Drivers/STM32G4xx_HAL_Driver/Src/stm32g4xx_hal_rcc_ex.c ****  ===============================================================================
1499:Drivers/STM32G4xx_HAL_Driver/Src/stm32g4xx_hal_rcc_ex.c ****     [..]
1500:Drivers/STM32G4xx_HAL_Driver/Src/stm32g4xx_hal_rcc_ex.c ****       For devices with Clock Recovery System feature (CRS), RCC Extension HAL driver can be used as
1501:Drivers/STM32G4xx_HAL_Driver/Src/stm32g4xx_hal_rcc_ex.c **** 
1502:Drivers/STM32G4xx_HAL_Driver/Src/stm32g4xx_hal_rcc_ex.c ****       (#) In System clock config, HSI48 needs to be enabled
1503:Drivers/STM32G4xx_HAL_Driver/Src/stm32g4xx_hal_rcc_ex.c **** 
1504:Drivers/STM32G4xx_HAL_Driver/Src/stm32g4xx_hal_rcc_ex.c ****       (#) Enable CRS clock in IP MSP init which will use CRS functions
1505:Drivers/STM32G4xx_HAL_Driver/Src/stm32g4xx_hal_rcc_ex.c **** 
1506:Drivers/STM32G4xx_HAL_Driver/Src/stm32g4xx_hal_rcc_ex.c ****       (#) Call CRS functions as follows:
1507:Drivers/STM32G4xx_HAL_Driver/Src/stm32g4xx_hal_rcc_ex.c ****           (##) Prepare synchronization configuration necessary for HSI48 calibration
1508:Drivers/STM32G4xx_HAL_Driver/Src/stm32g4xx_hal_rcc_ex.c ****               (+++) Default values can be set for frequency Error Measurement (reload and error lim
1509:Drivers/STM32G4xx_HAL_Driver/Src/stm32g4xx_hal_rcc_ex.c ****                         and also HSI48 oscillator smooth trimming.
1510:Drivers/STM32G4xx_HAL_Driver/Src/stm32g4xx_hal_rcc_ex.c ****               (+++) Macro __HAL_RCC_CRS_RELOADVALUE_CALCULATE can be also used to calculate
1511:Drivers/STM32G4xx_HAL_Driver/Src/stm32g4xx_hal_rcc_ex.c ****                         directly reload value with target and sychronization frequencies values
1512:Drivers/STM32G4xx_HAL_Driver/Src/stm32g4xx_hal_rcc_ex.c ****           (##) Call function HAL_RCCEx_CRSConfig which
1513:Drivers/STM32G4xx_HAL_Driver/Src/stm32g4xx_hal_rcc_ex.c ****               (+++) Resets CRS registers to their default values.
1514:Drivers/STM32G4xx_HAL_Driver/Src/stm32g4xx_hal_rcc_ex.c ****               (+++) Configures CRS registers with synchronization configuration
1515:Drivers/STM32G4xx_HAL_Driver/Src/stm32g4xx_hal_rcc_ex.c ****               (+++) Enables automatic calibration and frequency error counter feature
1516:Drivers/STM32G4xx_HAL_Driver/Src/stm32g4xx_hal_rcc_ex.c ****            Note: When using USB LPM (Link Power Management) and the device is in Sleep mode, the
1517:Drivers/STM32G4xx_HAL_Driver/Src/stm32g4xx_hal_rcc_ex.c ****            periodic USB SOF will not be generated by the host. No SYNC signal will therefore be
1518:Drivers/STM32G4xx_HAL_Driver/Src/stm32g4xx_hal_rcc_ex.c ****            provided to the CRS to calibrate the HSI48 on the run. To guarantee the required clock
1519:Drivers/STM32G4xx_HAL_Driver/Src/stm32g4xx_hal_rcc_ex.c ****            precision after waking up from Sleep mode, the LSE or reference clock on the GPIOs
1520:Drivers/STM32G4xx_HAL_Driver/Src/stm32g4xx_hal_rcc_ex.c ****            should be used as SYNC signal.
1521:Drivers/STM32G4xx_HAL_Driver/Src/stm32g4xx_hal_rcc_ex.c **** 
1522:Drivers/STM32G4xx_HAL_Driver/Src/stm32g4xx_hal_rcc_ex.c ****           (##) A polling function is provided to wait for complete synchronization
ARM GAS  /tmp/ccCVkYLU.s 			page 77


1523:Drivers/STM32G4xx_HAL_Driver/Src/stm32g4xx_hal_rcc_ex.c ****               (+++) Call function HAL_RCCEx_CRSWaitSynchronization()
1524:Drivers/STM32G4xx_HAL_Driver/Src/stm32g4xx_hal_rcc_ex.c ****               (+++) According to CRS status, user can decide to adjust again the calibration or con
1525:Drivers/STM32G4xx_HAL_Driver/Src/stm32g4xx_hal_rcc_ex.c ****                         application if synchronization is OK
1526:Drivers/STM32G4xx_HAL_Driver/Src/stm32g4xx_hal_rcc_ex.c **** 
1527:Drivers/STM32G4xx_HAL_Driver/Src/stm32g4xx_hal_rcc_ex.c ****       (#) User can retrieve information related to synchronization in calling function
1528:Drivers/STM32G4xx_HAL_Driver/Src/stm32g4xx_hal_rcc_ex.c ****             HAL_RCCEx_CRSGetSynchronizationInfo()
1529:Drivers/STM32G4xx_HAL_Driver/Src/stm32g4xx_hal_rcc_ex.c **** 
1530:Drivers/STM32G4xx_HAL_Driver/Src/stm32g4xx_hal_rcc_ex.c ****       (#) Regarding synchronization status and synchronization information, user can try a new cali
1531:Drivers/STM32G4xx_HAL_Driver/Src/stm32g4xx_hal_rcc_ex.c ****            in changing synchronization configuration and call again HAL_RCCEx_CRSConfig.
1532:Drivers/STM32G4xx_HAL_Driver/Src/stm32g4xx_hal_rcc_ex.c ****            Note: When the SYNC event is detected during the downcounting phase (before reaching the
1533:Drivers/STM32G4xx_HAL_Driver/Src/stm32g4xx_hal_rcc_ex.c ****            it means that the actual frequency is lower than the target (and so, that the TRIM value
1534:Drivers/STM32G4xx_HAL_Driver/Src/stm32g4xx_hal_rcc_ex.c ****            incremented), while when it is detected during the upcounting phase it means that the ac
1535:Drivers/STM32G4xx_HAL_Driver/Src/stm32g4xx_hal_rcc_ex.c ****            is higher (and that the TRIM value should be decremented).
1536:Drivers/STM32G4xx_HAL_Driver/Src/stm32g4xx_hal_rcc_ex.c **** 
1537:Drivers/STM32G4xx_HAL_Driver/Src/stm32g4xx_hal_rcc_ex.c ****       (#) In interrupt mode, user can resort to the available macros (__HAL_RCC_CRS_XXX_IT). Interr
1538:Drivers/STM32G4xx_HAL_Driver/Src/stm32g4xx_hal_rcc_ex.c ****           through CRS Handler (CRS_IRQn/CRS_IRQHandler)
1539:Drivers/STM32G4xx_HAL_Driver/Src/stm32g4xx_hal_rcc_ex.c ****               (++) Call function HAL_RCCEx_CRSConfig()
1540:Drivers/STM32G4xx_HAL_Driver/Src/stm32g4xx_hal_rcc_ex.c ****               (++) Enable CRS_IRQn (thanks to NVIC functions)
1541:Drivers/STM32G4xx_HAL_Driver/Src/stm32g4xx_hal_rcc_ex.c ****               (++) Enable CRS interrupt (__HAL_RCC_CRS_ENABLE_IT)
1542:Drivers/STM32G4xx_HAL_Driver/Src/stm32g4xx_hal_rcc_ex.c ****               (++) Implement CRS status management in the following user callbacks called from
1543:Drivers/STM32G4xx_HAL_Driver/Src/stm32g4xx_hal_rcc_ex.c ****                    HAL_RCCEx_CRS_IRQHandler():
1544:Drivers/STM32G4xx_HAL_Driver/Src/stm32g4xx_hal_rcc_ex.c ****                    (+++) HAL_RCCEx_CRS_SyncOkCallback()
1545:Drivers/STM32G4xx_HAL_Driver/Src/stm32g4xx_hal_rcc_ex.c ****                    (+++) HAL_RCCEx_CRS_SyncWarnCallback()
1546:Drivers/STM32G4xx_HAL_Driver/Src/stm32g4xx_hal_rcc_ex.c ****                    (+++) HAL_RCCEx_CRS_ExpectedSyncCallback()
1547:Drivers/STM32G4xx_HAL_Driver/Src/stm32g4xx_hal_rcc_ex.c ****                    (+++) HAL_RCCEx_CRS_ErrorCallback()
1548:Drivers/STM32G4xx_HAL_Driver/Src/stm32g4xx_hal_rcc_ex.c **** 
1549:Drivers/STM32G4xx_HAL_Driver/Src/stm32g4xx_hal_rcc_ex.c ****       (#) To force a SYNC EVENT, user can use the function HAL_RCCEx_CRSSoftwareSynchronizationGene
1550:Drivers/STM32G4xx_HAL_Driver/Src/stm32g4xx_hal_rcc_ex.c ****           This function can be called before calling HAL_RCCEx_CRSConfig (for instance in Systick h
1551:Drivers/STM32G4xx_HAL_Driver/Src/stm32g4xx_hal_rcc_ex.c **** 
1552:Drivers/STM32G4xx_HAL_Driver/Src/stm32g4xx_hal_rcc_ex.c **** @endverbatim
1553:Drivers/STM32G4xx_HAL_Driver/Src/stm32g4xx_hal_rcc_ex.c ****  * @{
1554:Drivers/STM32G4xx_HAL_Driver/Src/stm32g4xx_hal_rcc_ex.c ****  */
1555:Drivers/STM32G4xx_HAL_Driver/Src/stm32g4xx_hal_rcc_ex.c **** 
1556:Drivers/STM32G4xx_HAL_Driver/Src/stm32g4xx_hal_rcc_ex.c **** /**
1557:Drivers/STM32G4xx_HAL_Driver/Src/stm32g4xx_hal_rcc_ex.c ****   * @brief  Start automatic synchronization for polling mode
1558:Drivers/STM32G4xx_HAL_Driver/Src/stm32g4xx_hal_rcc_ex.c ****   * @param  pInit Pointer on RCC_CRSInitTypeDef structure
1559:Drivers/STM32G4xx_HAL_Driver/Src/stm32g4xx_hal_rcc_ex.c ****   * @retval None
1560:Drivers/STM32G4xx_HAL_Driver/Src/stm32g4xx_hal_rcc_ex.c ****   */
1561:Drivers/STM32G4xx_HAL_Driver/Src/stm32g4xx_hal_rcc_ex.c **** void HAL_RCCEx_CRSConfig(RCC_CRSInitTypeDef const *pInit)
1562:Drivers/STM32G4xx_HAL_Driver/Src/stm32g4xx_hal_rcc_ex.c **** {
 2420              		.loc 1 1562 1 is_stmt 1 view -0
 2421              		.cfi_startproc
 2422              		@ args = 0, pretend = 0, frame = 0
 2423              		@ frame_needed = 0, uses_anonymous_args = 0
 2424              		@ link register save eliminated.
1563:Drivers/STM32G4xx_HAL_Driver/Src/stm32g4xx_hal_rcc_ex.c ****   uint32_t value;
 2425              		.loc 1 1563 3 view .LVU784
1564:Drivers/STM32G4xx_HAL_Driver/Src/stm32g4xx_hal_rcc_ex.c **** 
1565:Drivers/STM32G4xx_HAL_Driver/Src/stm32g4xx_hal_rcc_ex.c ****   /* Check the parameters */
1566:Drivers/STM32G4xx_HAL_Driver/Src/stm32g4xx_hal_rcc_ex.c ****   assert_param(IS_RCC_CRS_SYNC_DIV(pInit->Prescaler));
 2426              		.loc 1 1566 3 view .LVU785
1567:Drivers/STM32G4xx_HAL_Driver/Src/stm32g4xx_hal_rcc_ex.c ****   assert_param(IS_RCC_CRS_SYNC_SOURCE(pInit->Source));
 2427              		.loc 1 1567 3 view .LVU786
1568:Drivers/STM32G4xx_HAL_Driver/Src/stm32g4xx_hal_rcc_ex.c ****   assert_param(IS_RCC_CRS_SYNC_POLARITY(pInit->Polarity));
 2428              		.loc 1 1568 3 view .LVU787
1569:Drivers/STM32G4xx_HAL_Driver/Src/stm32g4xx_hal_rcc_ex.c ****   assert_param(IS_RCC_CRS_RELOADVALUE(pInit->ReloadValue));
 2429              		.loc 1 1569 3 view .LVU788
ARM GAS  /tmp/ccCVkYLU.s 			page 78


1570:Drivers/STM32G4xx_HAL_Driver/Src/stm32g4xx_hal_rcc_ex.c ****   assert_param(IS_RCC_CRS_ERRORLIMIT(pInit->ErrorLimitValue));
 2430              		.loc 1 1570 3 view .LVU789
1571:Drivers/STM32G4xx_HAL_Driver/Src/stm32g4xx_hal_rcc_ex.c ****   assert_param(IS_RCC_CRS_HSI48CALIBRATION(pInit->HSI48CalibrationValue));
 2431              		.loc 1 1571 3 view .LVU790
1572:Drivers/STM32G4xx_HAL_Driver/Src/stm32g4xx_hal_rcc_ex.c **** 
1573:Drivers/STM32G4xx_HAL_Driver/Src/stm32g4xx_hal_rcc_ex.c ****   /* CONFIGURATION */
1574:Drivers/STM32G4xx_HAL_Driver/Src/stm32g4xx_hal_rcc_ex.c **** 
1575:Drivers/STM32G4xx_HAL_Driver/Src/stm32g4xx_hal_rcc_ex.c ****   /* Before configuration, reset CRS registers to their default values*/
1576:Drivers/STM32G4xx_HAL_Driver/Src/stm32g4xx_hal_rcc_ex.c ****   __HAL_RCC_CRS_FORCE_RESET();
 2432              		.loc 1 1576 3 view .LVU791
 2433 0000 104B     		ldr	r3, .L214
 2434 0002 9A6B     		ldr	r2, [r3, #56]
 2435 0004 42F48072 		orr	r2, r2, #256
 2436 0008 9A63     		str	r2, [r3, #56]
1577:Drivers/STM32G4xx_HAL_Driver/Src/stm32g4xx_hal_rcc_ex.c ****   __HAL_RCC_CRS_RELEASE_RESET();
 2437              		.loc 1 1577 3 view .LVU792
 2438 000a 9A6B     		ldr	r2, [r3, #56]
 2439 000c 22F48072 		bic	r2, r2, #256
 2440 0010 9A63     		str	r2, [r3, #56]
1578:Drivers/STM32G4xx_HAL_Driver/Src/stm32g4xx_hal_rcc_ex.c **** 
1579:Drivers/STM32G4xx_HAL_Driver/Src/stm32g4xx_hal_rcc_ex.c ****   /* Set the SYNCDIV[2:0] bits according to Prescaler value */
1580:Drivers/STM32G4xx_HAL_Driver/Src/stm32g4xx_hal_rcc_ex.c ****   /* Set the SYNCSRC[1:0] bits according to Source value */
1581:Drivers/STM32G4xx_HAL_Driver/Src/stm32g4xx_hal_rcc_ex.c ****   /* Set the SYNCSPOL bit according to Polarity value */
1582:Drivers/STM32G4xx_HAL_Driver/Src/stm32g4xx_hal_rcc_ex.c ****   value = (pInit->Prescaler | pInit->Source | pInit->Polarity);
 2441              		.loc 1 1582 3 view .LVU793
 2442              		.loc 1 1582 17 is_stmt 0 view .LVU794
 2443 0012 0368     		ldr	r3, [r0]
 2444              		.loc 1 1582 36 view .LVU795
 2445 0014 4268     		ldr	r2, [r0, #4]
 2446              		.loc 1 1582 29 view .LVU796
 2447 0016 1343     		orrs	r3, r3, r2
 2448              		.loc 1 1582 52 view .LVU797
 2449 0018 8268     		ldr	r2, [r0, #8]
 2450              		.loc 1 1582 9 view .LVU798
 2451 001a 1A43     		orrs	r2, r2, r3
 2452              	.LVL229:
1583:Drivers/STM32G4xx_HAL_Driver/Src/stm32g4xx_hal_rcc_ex.c ****   /* Set the RELOAD[15:0] bits according to ReloadValue value */
1584:Drivers/STM32G4xx_HAL_Driver/Src/stm32g4xx_hal_rcc_ex.c ****   value |= pInit->ReloadValue;
 2453              		.loc 1 1584 3 is_stmt 1 view .LVU799
 2454              		.loc 1 1584 17 is_stmt 0 view .LVU800
 2455 001c C368     		ldr	r3, [r0, #12]
 2456              		.loc 1 1584 9 view .LVU801
 2457 001e 1343     		orrs	r3, r3, r2
 2458              	.LVL230:
1585:Drivers/STM32G4xx_HAL_Driver/Src/stm32g4xx_hal_rcc_ex.c ****   /* Set the FELIM[7:0] bits according to ErrorLimitValue value */
1586:Drivers/STM32G4xx_HAL_Driver/Src/stm32g4xx_hal_rcc_ex.c ****   value |= (pInit->ErrorLimitValue << CRS_CFGR_FELIM_Pos);
 2459              		.loc 1 1586 3 is_stmt 1 view .LVU802
 2460              		.loc 1 1586 18 is_stmt 0 view .LVU803
 2461 0020 0269     		ldr	r2, [r0, #16]
 2462              		.loc 1 1586 9 view .LVU804
 2463 0022 43EA0242 		orr	r2, r3, r2, lsl #16
 2464              	.LVL231:
1587:Drivers/STM32G4xx_HAL_Driver/Src/stm32g4xx_hal_rcc_ex.c ****   WRITE_REG(CRS->CFGR, value);
 2465              		.loc 1 1587 3 is_stmt 1 view .LVU805
 2466 0026 084B     		ldr	r3, .L214+4
 2467 0028 5A60     		str	r2, [r3, #4]
1588:Drivers/STM32G4xx_HAL_Driver/Src/stm32g4xx_hal_rcc_ex.c **** 
ARM GAS  /tmp/ccCVkYLU.s 			page 79


1589:Drivers/STM32G4xx_HAL_Driver/Src/stm32g4xx_hal_rcc_ex.c ****   /* Adjust HSI48 oscillator smooth trimming */
1590:Drivers/STM32G4xx_HAL_Driver/Src/stm32g4xx_hal_rcc_ex.c ****   /* Set the TRIM[6:0] bits according to RCC_CRS_HSI48CalibrationValue value */
1591:Drivers/STM32G4xx_HAL_Driver/Src/stm32g4xx_hal_rcc_ex.c ****   MODIFY_REG(CRS->CR, CRS_CR_TRIM, (pInit->HSI48CalibrationValue << CRS_CR_TRIM_Pos));
 2468              		.loc 1 1591 3 view .LVU806
 2469 002a 1A68     		ldr	r2, [r3]
 2470              	.LVL232:
 2471              		.loc 1 1591 3 is_stmt 0 view .LVU807
 2472 002c 22F4FE42 		bic	r2, r2, #32512
 2473 0030 4169     		ldr	r1, [r0, #20]
 2474 0032 42EA0122 		orr	r2, r2, r1, lsl #8
 2475 0036 1A60     		str	r2, [r3]
 2476              	.LVL233:
1592:Drivers/STM32G4xx_HAL_Driver/Src/stm32g4xx_hal_rcc_ex.c **** 
1593:Drivers/STM32G4xx_HAL_Driver/Src/stm32g4xx_hal_rcc_ex.c ****   /* START AUTOMATIC SYNCHRONIZATION*/
1594:Drivers/STM32G4xx_HAL_Driver/Src/stm32g4xx_hal_rcc_ex.c **** 
1595:Drivers/STM32G4xx_HAL_Driver/Src/stm32g4xx_hal_rcc_ex.c ****   /* Enable Automatic trimming & Frequency error counter */
1596:Drivers/STM32G4xx_HAL_Driver/Src/stm32g4xx_hal_rcc_ex.c ****   SET_BIT(CRS->CR, CRS_CR_AUTOTRIMEN | CRS_CR_CEN);
 2477              		.loc 1 1596 3 is_stmt 1 view .LVU808
 2478 0038 1A68     		ldr	r2, [r3]
 2479 003a 42F06002 		orr	r2, r2, #96
 2480 003e 1A60     		str	r2, [r3]
1597:Drivers/STM32G4xx_HAL_Driver/Src/stm32g4xx_hal_rcc_ex.c **** }
 2481              		.loc 1 1597 1 is_stmt 0 view .LVU809
 2482 0040 7047     		bx	lr
 2483              	.L215:
 2484 0042 00BF     		.align	2
 2485              	.L214:
 2486 0044 00100240 		.word	1073876992
 2487 0048 00200040 		.word	1073750016
 2488              		.cfi_endproc
 2489              	.LFE339:
 2491              		.section	.text.HAL_RCCEx_CRSSoftwareSynchronizationGenerate,"ax",%progbits
 2492              		.align	1
 2493              		.global	HAL_RCCEx_CRSSoftwareSynchronizationGenerate
 2494              		.syntax unified
 2495              		.thumb
 2496              		.thumb_func
 2498              	HAL_RCCEx_CRSSoftwareSynchronizationGenerate:
 2499              	.LFB340:
1598:Drivers/STM32G4xx_HAL_Driver/Src/stm32g4xx_hal_rcc_ex.c **** 
1599:Drivers/STM32G4xx_HAL_Driver/Src/stm32g4xx_hal_rcc_ex.c **** /**
1600:Drivers/STM32G4xx_HAL_Driver/Src/stm32g4xx_hal_rcc_ex.c ****   * @brief  Generate the software synchronization event
1601:Drivers/STM32G4xx_HAL_Driver/Src/stm32g4xx_hal_rcc_ex.c ****   * @retval None
1602:Drivers/STM32G4xx_HAL_Driver/Src/stm32g4xx_hal_rcc_ex.c ****   */
1603:Drivers/STM32G4xx_HAL_Driver/Src/stm32g4xx_hal_rcc_ex.c **** void HAL_RCCEx_CRSSoftwareSynchronizationGenerate(void)
1604:Drivers/STM32G4xx_HAL_Driver/Src/stm32g4xx_hal_rcc_ex.c **** {
 2500              		.loc 1 1604 1 is_stmt 1 view -0
 2501              		.cfi_startproc
 2502              		@ args = 0, pretend = 0, frame = 0
 2503              		@ frame_needed = 0, uses_anonymous_args = 0
 2504              		@ link register save eliminated.
1605:Drivers/STM32G4xx_HAL_Driver/Src/stm32g4xx_hal_rcc_ex.c ****   SET_BIT(CRS->CR, CRS_CR_SWSYNC);
 2505              		.loc 1 1605 3 view .LVU811
 2506 0000 024A     		ldr	r2, .L217
 2507 0002 1368     		ldr	r3, [r2]
 2508 0004 43F08003 		orr	r3, r3, #128
 2509 0008 1360     		str	r3, [r2]
ARM GAS  /tmp/ccCVkYLU.s 			page 80


1606:Drivers/STM32G4xx_HAL_Driver/Src/stm32g4xx_hal_rcc_ex.c **** }
 2510              		.loc 1 1606 1 is_stmt 0 view .LVU812
 2511 000a 7047     		bx	lr
 2512              	.L218:
 2513              		.align	2
 2514              	.L217:
 2515 000c 00200040 		.word	1073750016
 2516              		.cfi_endproc
 2517              	.LFE340:
 2519              		.section	.text.HAL_RCCEx_CRSGetSynchronizationInfo,"ax",%progbits
 2520              		.align	1
 2521              		.global	HAL_RCCEx_CRSGetSynchronizationInfo
 2522              		.syntax unified
 2523              		.thumb
 2524              		.thumb_func
 2526              	HAL_RCCEx_CRSGetSynchronizationInfo:
 2527              	.LVL234:
 2528              	.LFB341:
1607:Drivers/STM32G4xx_HAL_Driver/Src/stm32g4xx_hal_rcc_ex.c **** 
1608:Drivers/STM32G4xx_HAL_Driver/Src/stm32g4xx_hal_rcc_ex.c **** /**
1609:Drivers/STM32G4xx_HAL_Driver/Src/stm32g4xx_hal_rcc_ex.c ****   * @brief  Return synchronization info
1610:Drivers/STM32G4xx_HAL_Driver/Src/stm32g4xx_hal_rcc_ex.c ****   * @param  pSynchroInfo Pointer on RCC_CRSSynchroInfoTypeDef structure
1611:Drivers/STM32G4xx_HAL_Driver/Src/stm32g4xx_hal_rcc_ex.c ****   * @retval None
1612:Drivers/STM32G4xx_HAL_Driver/Src/stm32g4xx_hal_rcc_ex.c ****   */
1613:Drivers/STM32G4xx_HAL_Driver/Src/stm32g4xx_hal_rcc_ex.c **** void HAL_RCCEx_CRSGetSynchronizationInfo(RCC_CRSSynchroInfoTypeDef *pSynchroInfo)
1614:Drivers/STM32G4xx_HAL_Driver/Src/stm32g4xx_hal_rcc_ex.c **** {
 2529              		.loc 1 1614 1 is_stmt 1 view -0
 2530              		.cfi_startproc
 2531              		@ args = 0, pretend = 0, frame = 0
 2532              		@ frame_needed = 0, uses_anonymous_args = 0
 2533              		@ link register save eliminated.
1615:Drivers/STM32G4xx_HAL_Driver/Src/stm32g4xx_hal_rcc_ex.c ****   /* Check the parameter */
1616:Drivers/STM32G4xx_HAL_Driver/Src/stm32g4xx_hal_rcc_ex.c ****   assert_param(pSynchroInfo != (void *)NULL);
 2534              		.loc 1 1616 3 view .LVU814
1617:Drivers/STM32G4xx_HAL_Driver/Src/stm32g4xx_hal_rcc_ex.c **** 
1618:Drivers/STM32G4xx_HAL_Driver/Src/stm32g4xx_hal_rcc_ex.c ****   /* Get the reload value */
1619:Drivers/STM32G4xx_HAL_Driver/Src/stm32g4xx_hal_rcc_ex.c ****   pSynchroInfo->ReloadValue = (READ_BIT(CRS->CFGR, CRS_CFGR_RELOAD));
 2535              		.loc 1 1619 3 view .LVU815
 2536              		.loc 1 1619 32 is_stmt 0 view .LVU816
 2537 0000 074B     		ldr	r3, .L220
 2538 0002 5A68     		ldr	r2, [r3, #4]
 2539 0004 92B2     		uxth	r2, r2
 2540              		.loc 1 1619 29 view .LVU817
 2541 0006 0260     		str	r2, [r0]
1620:Drivers/STM32G4xx_HAL_Driver/Src/stm32g4xx_hal_rcc_ex.c **** 
1621:Drivers/STM32G4xx_HAL_Driver/Src/stm32g4xx_hal_rcc_ex.c ****   /* Get HSI48 oscillator smooth trimming */
1622:Drivers/STM32G4xx_HAL_Driver/Src/stm32g4xx_hal_rcc_ex.c ****   pSynchroInfo->HSI48CalibrationValue = (READ_BIT(CRS->CR, CRS_CR_TRIM) >> CRS_CR_TRIM_Pos);
 2542              		.loc 1 1622 3 is_stmt 1 view .LVU818
 2543              		.loc 1 1622 42 is_stmt 0 view .LVU819
 2544 0008 1A68     		ldr	r2, [r3]
 2545              		.loc 1 1622 73 view .LVU820
 2546 000a C2F30622 		ubfx	r2, r2, #8, #7
 2547              		.loc 1 1622 39 view .LVU821
 2548 000e 4260     		str	r2, [r0, #4]
1623:Drivers/STM32G4xx_HAL_Driver/Src/stm32g4xx_hal_rcc_ex.c **** 
1624:Drivers/STM32G4xx_HAL_Driver/Src/stm32g4xx_hal_rcc_ex.c ****   /* Get Frequency error capture */
1625:Drivers/STM32G4xx_HAL_Driver/Src/stm32g4xx_hal_rcc_ex.c ****   pSynchroInfo->FreqErrorCapture = (READ_BIT(CRS->ISR, CRS_ISR_FECAP) >> CRS_ISR_FECAP_Pos);
ARM GAS  /tmp/ccCVkYLU.s 			page 81


 2549              		.loc 1 1625 3 is_stmt 1 view .LVU822
 2550              		.loc 1 1625 37 is_stmt 0 view .LVU823
 2551 0010 9A68     		ldr	r2, [r3, #8]
 2552              		.loc 1 1625 71 view .LVU824
 2553 0012 120C     		lsrs	r2, r2, #16
 2554              		.loc 1 1625 34 view .LVU825
 2555 0014 8260     		str	r2, [r0, #8]
1626:Drivers/STM32G4xx_HAL_Driver/Src/stm32g4xx_hal_rcc_ex.c **** 
1627:Drivers/STM32G4xx_HAL_Driver/Src/stm32g4xx_hal_rcc_ex.c ****   /* Get Frequency error direction */
1628:Drivers/STM32G4xx_HAL_Driver/Src/stm32g4xx_hal_rcc_ex.c ****   pSynchroInfo->FreqErrorDirection = (READ_BIT(CRS->ISR, CRS_ISR_FEDIR));
 2556              		.loc 1 1628 3 is_stmt 1 view .LVU826
 2557              		.loc 1 1628 39 is_stmt 0 view .LVU827
 2558 0016 9B68     		ldr	r3, [r3, #8]
 2559 0018 03F40043 		and	r3, r3, #32768
 2560              		.loc 1 1628 36 view .LVU828
 2561 001c C360     		str	r3, [r0, #12]
1629:Drivers/STM32G4xx_HAL_Driver/Src/stm32g4xx_hal_rcc_ex.c **** }
 2562              		.loc 1 1629 1 view .LVU829
 2563 001e 7047     		bx	lr
 2564              	.L221:
 2565              		.align	2
 2566              	.L220:
 2567 0020 00200040 		.word	1073750016
 2568              		.cfi_endproc
 2569              	.LFE341:
 2571              		.section	.text.HAL_RCCEx_CRSWaitSynchronization,"ax",%progbits
 2572              		.align	1
 2573              		.global	HAL_RCCEx_CRSWaitSynchronization
 2574              		.syntax unified
 2575              		.thumb
 2576              		.thumb_func
 2578              	HAL_RCCEx_CRSWaitSynchronization:
 2579              	.LVL235:
 2580              	.LFB342:
1630:Drivers/STM32G4xx_HAL_Driver/Src/stm32g4xx_hal_rcc_ex.c **** 
1631:Drivers/STM32G4xx_HAL_Driver/Src/stm32g4xx_hal_rcc_ex.c **** /**
1632:Drivers/STM32G4xx_HAL_Driver/Src/stm32g4xx_hal_rcc_ex.c **** * @brief Wait for CRS Synchronization status.
1633:Drivers/STM32G4xx_HAL_Driver/Src/stm32g4xx_hal_rcc_ex.c **** * @param Timeout  Duration of the timeout
1634:Drivers/STM32G4xx_HAL_Driver/Src/stm32g4xx_hal_rcc_ex.c **** * @note  Timeout is based on the maximum time to receive a SYNC event based on synchronization
1635:Drivers/STM32G4xx_HAL_Driver/Src/stm32g4xx_hal_rcc_ex.c **** *        frequency.
1636:Drivers/STM32G4xx_HAL_Driver/Src/stm32g4xx_hal_rcc_ex.c **** * @note    If Timeout set to HAL_MAX_DELAY, HAL_TIMEOUT will be never returned.
1637:Drivers/STM32G4xx_HAL_Driver/Src/stm32g4xx_hal_rcc_ex.c **** * @retval Combination of Synchronization status
1638:Drivers/STM32G4xx_HAL_Driver/Src/stm32g4xx_hal_rcc_ex.c **** *          This parameter can be a combination of the following values:
1639:Drivers/STM32G4xx_HAL_Driver/Src/stm32g4xx_hal_rcc_ex.c **** *            @arg @ref RCC_CRS_TIMEOUT
1640:Drivers/STM32G4xx_HAL_Driver/Src/stm32g4xx_hal_rcc_ex.c **** *            @arg @ref RCC_CRS_SYNCOK
1641:Drivers/STM32G4xx_HAL_Driver/Src/stm32g4xx_hal_rcc_ex.c **** *            @arg @ref RCC_CRS_SYNCWARN
1642:Drivers/STM32G4xx_HAL_Driver/Src/stm32g4xx_hal_rcc_ex.c **** *            @arg @ref RCC_CRS_SYNCERR
1643:Drivers/STM32G4xx_HAL_Driver/Src/stm32g4xx_hal_rcc_ex.c **** *            @arg @ref RCC_CRS_SYNCMISS
1644:Drivers/STM32G4xx_HAL_Driver/Src/stm32g4xx_hal_rcc_ex.c **** *            @arg @ref RCC_CRS_TRIMOVF
1645:Drivers/STM32G4xx_HAL_Driver/Src/stm32g4xx_hal_rcc_ex.c **** */
1646:Drivers/STM32G4xx_HAL_Driver/Src/stm32g4xx_hal_rcc_ex.c **** uint32_t HAL_RCCEx_CRSWaitSynchronization(uint32_t Timeout)
1647:Drivers/STM32G4xx_HAL_Driver/Src/stm32g4xx_hal_rcc_ex.c **** {
 2581              		.loc 1 1647 1 is_stmt 1 view -0
 2582              		.cfi_startproc
 2583              		@ args = 0, pretend = 0, frame = 0
 2584              		@ frame_needed = 0, uses_anonymous_args = 0
 2585              		.loc 1 1647 1 is_stmt 0 view .LVU831
ARM GAS  /tmp/ccCVkYLU.s 			page 82


 2586 0000 70B5     		push	{r4, r5, r6, lr}
 2587              	.LCFI14:
 2588              		.cfi_def_cfa_offset 16
 2589              		.cfi_offset 4, -16
 2590              		.cfi_offset 5, -12
 2591              		.cfi_offset 6, -8
 2592              		.cfi_offset 14, -4
 2593 0002 0546     		mov	r5, r0
1648:Drivers/STM32G4xx_HAL_Driver/Src/stm32g4xx_hal_rcc_ex.c ****   uint32_t crsstatus = RCC_CRS_NONE;
 2594              		.loc 1 1648 3 is_stmt 1 view .LVU832
 2595              	.LVL236:
1649:Drivers/STM32G4xx_HAL_Driver/Src/stm32g4xx_hal_rcc_ex.c ****   uint32_t tickstart;
 2596              		.loc 1 1649 3 view .LVU833
1650:Drivers/STM32G4xx_HAL_Driver/Src/stm32g4xx_hal_rcc_ex.c **** 
1651:Drivers/STM32G4xx_HAL_Driver/Src/stm32g4xx_hal_rcc_ex.c ****   /* Get timeout */
1652:Drivers/STM32G4xx_HAL_Driver/Src/stm32g4xx_hal_rcc_ex.c ****   tickstart = HAL_GetTick();
 2597              		.loc 1 1652 3 view .LVU834
 2598              		.loc 1 1652 15 is_stmt 0 view .LVU835
 2599 0004 FFF7FEFF 		bl	HAL_GetTick
 2600              	.LVL237:
 2601              		.loc 1 1652 15 view .LVU836
 2602 0008 0646     		mov	r6, r0
 2603              	.LVL238:
1648:Drivers/STM32G4xx_HAL_Driver/Src/stm32g4xx_hal_rcc_ex.c ****   uint32_t tickstart;
 2604              		.loc 1 1648 12 view .LVU837
 2605 000a 0024     		movs	r4, #0
 2606 000c 0BE0     		b	.L230
 2607              	.LVL239:
 2608              	.L235:
1653:Drivers/STM32G4xx_HAL_Driver/Src/stm32g4xx_hal_rcc_ex.c **** 
1654:Drivers/STM32G4xx_HAL_Driver/Src/stm32g4xx_hal_rcc_ex.c ****   /* Wait for CRS flag or timeout detection */
1655:Drivers/STM32G4xx_HAL_Driver/Src/stm32g4xx_hal_rcc_ex.c ****   do
1656:Drivers/STM32G4xx_HAL_Driver/Src/stm32g4xx_hal_rcc_ex.c ****   {
1657:Drivers/STM32G4xx_HAL_Driver/Src/stm32g4xx_hal_rcc_ex.c ****     if(Timeout != HAL_MAX_DELAY)
1658:Drivers/STM32G4xx_HAL_Driver/Src/stm32g4xx_hal_rcc_ex.c ****     {
1659:Drivers/STM32G4xx_HAL_Driver/Src/stm32g4xx_hal_rcc_ex.c ****       if(((HAL_GetTick() - tickstart) > Timeout) || (Timeout == 0U))
 2609              		.loc 1 1659 7 is_stmt 1 view .LVU838
 2610              		.loc 1 1659 12 is_stmt 0 view .LVU839
 2611 000e FFF7FEFF 		bl	HAL_GetTick
 2612              	.LVL240:
 2613              		.loc 1 1659 26 discriminator 1 view .LVU840
 2614 0012 801B     		subs	r0, r0, r6
 2615              		.loc 1 1659 9 discriminator 1 view .LVU841
 2616 0014 A842     		cmp	r0, r5
 2617 0016 02D8     		bhi	.L231
 2618              		.loc 1 1659 50 discriminator 2 view .LVU842
 2619 0018 45B9     		cbnz	r5, .L223
1660:Drivers/STM32G4xx_HAL_Driver/Src/stm32g4xx_hal_rcc_ex.c ****       {
1661:Drivers/STM32G4xx_HAL_Driver/Src/stm32g4xx_hal_rcc_ex.c ****         crsstatus = RCC_CRS_TIMEOUT;
 2620              		.loc 1 1661 19 view .LVU843
 2621 001a 0124     		movs	r4, #1
 2622              	.LVL241:
 2623              		.loc 1 1661 19 view .LVU844
 2624 001c 06E0     		b	.L223
 2625              	.LVL242:
 2626              	.L231:
 2627              		.loc 1 1661 19 view .LVU845
ARM GAS  /tmp/ccCVkYLU.s 			page 83


 2628 001e 0124     		movs	r4, #1
 2629              	.LVL243:
 2630              		.loc 1 1661 19 view .LVU846
 2631 0020 04E0     		b	.L223
 2632              	.LVL244:
 2633              	.L229:
1662:Drivers/STM32G4xx_HAL_Driver/Src/stm32g4xx_hal_rcc_ex.c ****       }
1663:Drivers/STM32G4xx_HAL_Driver/Src/stm32g4xx_hal_rcc_ex.c ****     }
1664:Drivers/STM32G4xx_HAL_Driver/Src/stm32g4xx_hal_rcc_ex.c ****     /* Check CRS SYNCOK flag  */
1665:Drivers/STM32G4xx_HAL_Driver/Src/stm32g4xx_hal_rcc_ex.c ****     if(__HAL_RCC_CRS_GET_FLAG(RCC_CRS_FLAG_SYNCOK))
1666:Drivers/STM32G4xx_HAL_Driver/Src/stm32g4xx_hal_rcc_ex.c ****     {
1667:Drivers/STM32G4xx_HAL_Driver/Src/stm32g4xx_hal_rcc_ex.c ****       /* CRS SYNC event OK */
1668:Drivers/STM32G4xx_HAL_Driver/Src/stm32g4xx_hal_rcc_ex.c ****       crsstatus |= RCC_CRS_SYNCOK;
1669:Drivers/STM32G4xx_HAL_Driver/Src/stm32g4xx_hal_rcc_ex.c **** 
1670:Drivers/STM32G4xx_HAL_Driver/Src/stm32g4xx_hal_rcc_ex.c ****       /* Clear CRS SYNC event OK bit */
1671:Drivers/STM32G4xx_HAL_Driver/Src/stm32g4xx_hal_rcc_ex.c ****       __HAL_RCC_CRS_CLEAR_FLAG(RCC_CRS_FLAG_SYNCOK);
1672:Drivers/STM32G4xx_HAL_Driver/Src/stm32g4xx_hal_rcc_ex.c ****     }
1673:Drivers/STM32G4xx_HAL_Driver/Src/stm32g4xx_hal_rcc_ex.c **** 
1674:Drivers/STM32G4xx_HAL_Driver/Src/stm32g4xx_hal_rcc_ex.c ****     /* Check CRS SYNCWARN flag  */
1675:Drivers/STM32G4xx_HAL_Driver/Src/stm32g4xx_hal_rcc_ex.c ****     if(__HAL_RCC_CRS_GET_FLAG(RCC_CRS_FLAG_SYNCWARN))
1676:Drivers/STM32G4xx_HAL_Driver/Src/stm32g4xx_hal_rcc_ex.c ****     {
1677:Drivers/STM32G4xx_HAL_Driver/Src/stm32g4xx_hal_rcc_ex.c ****       /* CRS SYNC warning */
1678:Drivers/STM32G4xx_HAL_Driver/Src/stm32g4xx_hal_rcc_ex.c ****       crsstatus |= RCC_CRS_SYNCWARN;
1679:Drivers/STM32G4xx_HAL_Driver/Src/stm32g4xx_hal_rcc_ex.c **** 
1680:Drivers/STM32G4xx_HAL_Driver/Src/stm32g4xx_hal_rcc_ex.c ****       /* Clear CRS SYNCWARN bit */
1681:Drivers/STM32G4xx_HAL_Driver/Src/stm32g4xx_hal_rcc_ex.c ****       __HAL_RCC_CRS_CLEAR_FLAG(RCC_CRS_FLAG_SYNCWARN);
1682:Drivers/STM32G4xx_HAL_Driver/Src/stm32g4xx_hal_rcc_ex.c ****     }
1683:Drivers/STM32G4xx_HAL_Driver/Src/stm32g4xx_hal_rcc_ex.c **** 
1684:Drivers/STM32G4xx_HAL_Driver/Src/stm32g4xx_hal_rcc_ex.c ****     /* Check CRS TRIM overflow flag  */
1685:Drivers/STM32G4xx_HAL_Driver/Src/stm32g4xx_hal_rcc_ex.c ****     if(__HAL_RCC_CRS_GET_FLAG(RCC_CRS_FLAG_TRIMOVF))
1686:Drivers/STM32G4xx_HAL_Driver/Src/stm32g4xx_hal_rcc_ex.c ****     {
1687:Drivers/STM32G4xx_HAL_Driver/Src/stm32g4xx_hal_rcc_ex.c ****       /* CRS SYNC Error */
1688:Drivers/STM32G4xx_HAL_Driver/Src/stm32g4xx_hal_rcc_ex.c ****       crsstatus |= RCC_CRS_TRIMOVF;
1689:Drivers/STM32G4xx_HAL_Driver/Src/stm32g4xx_hal_rcc_ex.c **** 
1690:Drivers/STM32G4xx_HAL_Driver/Src/stm32g4xx_hal_rcc_ex.c ****       /* Clear CRS Error bit */
1691:Drivers/STM32G4xx_HAL_Driver/Src/stm32g4xx_hal_rcc_ex.c ****       __HAL_RCC_CRS_CLEAR_FLAG(RCC_CRS_FLAG_TRIMOVF);
1692:Drivers/STM32G4xx_HAL_Driver/Src/stm32g4xx_hal_rcc_ex.c ****     }
1693:Drivers/STM32G4xx_HAL_Driver/Src/stm32g4xx_hal_rcc_ex.c **** 
1694:Drivers/STM32G4xx_HAL_Driver/Src/stm32g4xx_hal_rcc_ex.c ****     /* Check CRS Error flag  */
1695:Drivers/STM32G4xx_HAL_Driver/Src/stm32g4xx_hal_rcc_ex.c ****     if(__HAL_RCC_CRS_GET_FLAG(RCC_CRS_FLAG_SYNCERR))
1696:Drivers/STM32G4xx_HAL_Driver/Src/stm32g4xx_hal_rcc_ex.c ****     {
1697:Drivers/STM32G4xx_HAL_Driver/Src/stm32g4xx_hal_rcc_ex.c ****       /* CRS SYNC Error */
1698:Drivers/STM32G4xx_HAL_Driver/Src/stm32g4xx_hal_rcc_ex.c ****       crsstatus |= RCC_CRS_SYNCERR;
1699:Drivers/STM32G4xx_HAL_Driver/Src/stm32g4xx_hal_rcc_ex.c **** 
1700:Drivers/STM32G4xx_HAL_Driver/Src/stm32g4xx_hal_rcc_ex.c ****       /* Clear CRS Error bit */
1701:Drivers/STM32G4xx_HAL_Driver/Src/stm32g4xx_hal_rcc_ex.c ****       __HAL_RCC_CRS_CLEAR_FLAG(RCC_CRS_FLAG_SYNCERR);
1702:Drivers/STM32G4xx_HAL_Driver/Src/stm32g4xx_hal_rcc_ex.c ****     }
1703:Drivers/STM32G4xx_HAL_Driver/Src/stm32g4xx_hal_rcc_ex.c **** 
1704:Drivers/STM32G4xx_HAL_Driver/Src/stm32g4xx_hal_rcc_ex.c ****     /* Check CRS SYNC Missed flag  */
1705:Drivers/STM32G4xx_HAL_Driver/Src/stm32g4xx_hal_rcc_ex.c ****     if(__HAL_RCC_CRS_GET_FLAG(RCC_CRS_FLAG_SYNCMISS))
1706:Drivers/STM32G4xx_HAL_Driver/Src/stm32g4xx_hal_rcc_ex.c ****     {
1707:Drivers/STM32G4xx_HAL_Driver/Src/stm32g4xx_hal_rcc_ex.c ****       /* CRS SYNC Missed */
1708:Drivers/STM32G4xx_HAL_Driver/Src/stm32g4xx_hal_rcc_ex.c ****       crsstatus |= RCC_CRS_SYNCMISS;
1709:Drivers/STM32G4xx_HAL_Driver/Src/stm32g4xx_hal_rcc_ex.c **** 
1710:Drivers/STM32G4xx_HAL_Driver/Src/stm32g4xx_hal_rcc_ex.c ****       /* Clear CRS SYNC Missed bit */
1711:Drivers/STM32G4xx_HAL_Driver/Src/stm32g4xx_hal_rcc_ex.c ****       __HAL_RCC_CRS_CLEAR_FLAG(RCC_CRS_FLAG_SYNCMISS);
1712:Drivers/STM32G4xx_HAL_Driver/Src/stm32g4xx_hal_rcc_ex.c ****     }
ARM GAS  /tmp/ccCVkYLU.s 			page 84


1713:Drivers/STM32G4xx_HAL_Driver/Src/stm32g4xx_hal_rcc_ex.c **** 
1714:Drivers/STM32G4xx_HAL_Driver/Src/stm32g4xx_hal_rcc_ex.c ****     /* Check CRS Expected SYNC flag  */
1715:Drivers/STM32G4xx_HAL_Driver/Src/stm32g4xx_hal_rcc_ex.c ****     if(__HAL_RCC_CRS_GET_FLAG(RCC_CRS_FLAG_ESYNC))
1716:Drivers/STM32G4xx_HAL_Driver/Src/stm32g4xx_hal_rcc_ex.c ****     {
1717:Drivers/STM32G4xx_HAL_Driver/Src/stm32g4xx_hal_rcc_ex.c ****       /* frequency error counter reached a zero value */
1718:Drivers/STM32G4xx_HAL_Driver/Src/stm32g4xx_hal_rcc_ex.c ****       __HAL_RCC_CRS_CLEAR_FLAG(RCC_CRS_FLAG_ESYNC);
 2634              		.loc 1 1718 7 is_stmt 1 discriminator 3 view .LVU847
1719:Drivers/STM32G4xx_HAL_Driver/Src/stm32g4xx_hal_rcc_ex.c ****     }
1720:Drivers/STM32G4xx_HAL_Driver/Src/stm32g4xx_hal_rcc_ex.c ****   } while(RCC_CRS_NONE == crsstatus);
 2635              		.loc 1 1720 24 view .LVU848
 2636 0022 002C     		cmp	r4, #0
 2637 0024 3DD1     		bne	.L234
 2638              	.LVL245:
 2639              	.L230:
1655:Drivers/STM32G4xx_HAL_Driver/Src/stm32g4xx_hal_rcc_ex.c ****   {
 2640              		.loc 1 1655 3 view .LVU849
1657:Drivers/STM32G4xx_HAL_Driver/Src/stm32g4xx_hal_rcc_ex.c ****     {
 2641              		.loc 1 1657 5 view .LVU850
1657:Drivers/STM32G4xx_HAL_Driver/Src/stm32g4xx_hal_rcc_ex.c ****     {
 2642              		.loc 1 1657 7 is_stmt 0 view .LVU851
 2643 0026 B5F1FF3F 		cmp	r5, #-1
 2644 002a F0D1     		bne	.L235
 2645              	.LVL246:
 2646              	.L223:
1665:Drivers/STM32G4xx_HAL_Driver/Src/stm32g4xx_hal_rcc_ex.c ****     {
 2647              		.loc 1 1665 5 is_stmt 1 view .LVU852
1665:Drivers/STM32G4xx_HAL_Driver/Src/stm32g4xx_hal_rcc_ex.c ****     {
 2648              		.loc 1 1665 8 is_stmt 0 view .LVU853
 2649 002c 1E4B     		ldr	r3, .L236
 2650 002e 9B68     		ldr	r3, [r3, #8]
1665:Drivers/STM32G4xx_HAL_Driver/Src/stm32g4xx_hal_rcc_ex.c ****     {
 2651              		.loc 1 1665 7 view .LVU854
 2652 0030 13F0010F 		tst	r3, #1
 2653 0034 04D0     		beq	.L224
1668:Drivers/STM32G4xx_HAL_Driver/Src/stm32g4xx_hal_rcc_ex.c **** 
 2654              		.loc 1 1668 7 is_stmt 1 view .LVU855
1668:Drivers/STM32G4xx_HAL_Driver/Src/stm32g4xx_hal_rcc_ex.c **** 
 2655              		.loc 1 1668 17 is_stmt 0 view .LVU856
 2656 0036 44F00204 		orr	r4, r4, #2
 2657              	.LVL247:
1671:Drivers/STM32G4xx_HAL_Driver/Src/stm32g4xx_hal_rcc_ex.c ****     }
 2658              		.loc 1 1671 7 is_stmt 1 view .LVU857
1671:Drivers/STM32G4xx_HAL_Driver/Src/stm32g4xx_hal_rcc_ex.c ****     }
 2659              		.loc 1 1671 7 view .LVU858
1671:Drivers/STM32G4xx_HAL_Driver/Src/stm32g4xx_hal_rcc_ex.c ****     }
 2660              		.loc 1 1671 7 discriminator 2 view .LVU859
 2661 003a 1B4B     		ldr	r3, .L236
 2662 003c 0122     		movs	r2, #1
 2663 003e DA60     		str	r2, [r3, #12]
 2664              	.L224:
1671:Drivers/STM32G4xx_HAL_Driver/Src/stm32g4xx_hal_rcc_ex.c ****     }
 2665              		.loc 1 1671 7 discriminator 3 view .LVU860
1675:Drivers/STM32G4xx_HAL_Driver/Src/stm32g4xx_hal_rcc_ex.c ****     {
 2666              		.loc 1 1675 5 view .LVU861
1675:Drivers/STM32G4xx_HAL_Driver/Src/stm32g4xx_hal_rcc_ex.c ****     {
 2667              		.loc 1 1675 8 is_stmt 0 view .LVU862
 2668 0040 194B     		ldr	r3, .L236
ARM GAS  /tmp/ccCVkYLU.s 			page 85


 2669 0042 9B68     		ldr	r3, [r3, #8]
1675:Drivers/STM32G4xx_HAL_Driver/Src/stm32g4xx_hal_rcc_ex.c ****     {
 2670              		.loc 1 1675 7 view .LVU863
 2671 0044 13F0020F 		tst	r3, #2
 2672 0048 04D0     		beq	.L225
1678:Drivers/STM32G4xx_HAL_Driver/Src/stm32g4xx_hal_rcc_ex.c **** 
 2673              		.loc 1 1678 7 is_stmt 1 view .LVU864
1678:Drivers/STM32G4xx_HAL_Driver/Src/stm32g4xx_hal_rcc_ex.c **** 
 2674              		.loc 1 1678 17 is_stmt 0 view .LVU865
 2675 004a 44F00404 		orr	r4, r4, #4
 2676              	.LVL248:
1681:Drivers/STM32G4xx_HAL_Driver/Src/stm32g4xx_hal_rcc_ex.c ****     }
 2677              		.loc 1 1681 7 is_stmt 1 view .LVU866
1681:Drivers/STM32G4xx_HAL_Driver/Src/stm32g4xx_hal_rcc_ex.c ****     }
 2678              		.loc 1 1681 7 view .LVU867
1681:Drivers/STM32G4xx_HAL_Driver/Src/stm32g4xx_hal_rcc_ex.c ****     }
 2679              		.loc 1 1681 7 discriminator 2 view .LVU868
 2680 004e 164B     		ldr	r3, .L236
 2681 0050 0222     		movs	r2, #2
 2682 0052 DA60     		str	r2, [r3, #12]
 2683              	.L225:
1681:Drivers/STM32G4xx_HAL_Driver/Src/stm32g4xx_hal_rcc_ex.c ****     }
 2684              		.loc 1 1681 7 discriminator 3 view .LVU869
1685:Drivers/STM32G4xx_HAL_Driver/Src/stm32g4xx_hal_rcc_ex.c ****     {
 2685              		.loc 1 1685 5 view .LVU870
1685:Drivers/STM32G4xx_HAL_Driver/Src/stm32g4xx_hal_rcc_ex.c ****     {
 2686              		.loc 1 1685 8 is_stmt 0 view .LVU871
 2687 0054 144B     		ldr	r3, .L236
 2688 0056 9B68     		ldr	r3, [r3, #8]
1685:Drivers/STM32G4xx_HAL_Driver/Src/stm32g4xx_hal_rcc_ex.c ****     {
 2689              		.loc 1 1685 7 view .LVU872
 2690 0058 13F4806F 		tst	r3, #1024
 2691 005c 04D0     		beq	.L226
1688:Drivers/STM32G4xx_HAL_Driver/Src/stm32g4xx_hal_rcc_ex.c **** 
 2692              		.loc 1 1688 7 is_stmt 1 view .LVU873
1688:Drivers/STM32G4xx_HAL_Driver/Src/stm32g4xx_hal_rcc_ex.c **** 
 2693              		.loc 1 1688 17 is_stmt 0 view .LVU874
 2694 005e 44F02004 		orr	r4, r4, #32
 2695              	.LVL249:
1691:Drivers/STM32G4xx_HAL_Driver/Src/stm32g4xx_hal_rcc_ex.c ****     }
 2696              		.loc 1 1691 7 is_stmt 1 view .LVU875
1691:Drivers/STM32G4xx_HAL_Driver/Src/stm32g4xx_hal_rcc_ex.c ****     }
 2697              		.loc 1 1691 7 view .LVU876
1691:Drivers/STM32G4xx_HAL_Driver/Src/stm32g4xx_hal_rcc_ex.c ****     }
 2698              		.loc 1 1691 7 discriminator 1 view .LVU877
 2699 0062 114B     		ldr	r3, .L236
 2700 0064 0422     		movs	r2, #4
 2701 0066 DA60     		str	r2, [r3, #12]
 2702              	.L226:
1691:Drivers/STM32G4xx_HAL_Driver/Src/stm32g4xx_hal_rcc_ex.c ****     }
 2703              		.loc 1 1691 7 discriminator 3 view .LVU878
1695:Drivers/STM32G4xx_HAL_Driver/Src/stm32g4xx_hal_rcc_ex.c ****     {
 2704              		.loc 1 1695 5 view .LVU879
1695:Drivers/STM32G4xx_HAL_Driver/Src/stm32g4xx_hal_rcc_ex.c ****     {
 2705              		.loc 1 1695 8 is_stmt 0 view .LVU880
 2706 0068 0F4B     		ldr	r3, .L236
 2707 006a 9B68     		ldr	r3, [r3, #8]
ARM GAS  /tmp/ccCVkYLU.s 			page 86


1695:Drivers/STM32G4xx_HAL_Driver/Src/stm32g4xx_hal_rcc_ex.c ****     {
 2708              		.loc 1 1695 7 view .LVU881
 2709 006c 13F4807F 		tst	r3, #256
 2710 0070 04D0     		beq	.L227
1698:Drivers/STM32G4xx_HAL_Driver/Src/stm32g4xx_hal_rcc_ex.c **** 
 2711              		.loc 1 1698 7 is_stmt 1 view .LVU882
1698:Drivers/STM32G4xx_HAL_Driver/Src/stm32g4xx_hal_rcc_ex.c **** 
 2712              		.loc 1 1698 17 is_stmt 0 view .LVU883
 2713 0072 44F00804 		orr	r4, r4, #8
 2714              	.LVL250:
1701:Drivers/STM32G4xx_HAL_Driver/Src/stm32g4xx_hal_rcc_ex.c ****     }
 2715              		.loc 1 1701 7 is_stmt 1 view .LVU884
1701:Drivers/STM32G4xx_HAL_Driver/Src/stm32g4xx_hal_rcc_ex.c ****     }
 2716              		.loc 1 1701 7 view .LVU885
1701:Drivers/STM32G4xx_HAL_Driver/Src/stm32g4xx_hal_rcc_ex.c ****     }
 2717              		.loc 1 1701 7 discriminator 1 view .LVU886
 2718 0076 0C4B     		ldr	r3, .L236
 2719 0078 0422     		movs	r2, #4
 2720 007a DA60     		str	r2, [r3, #12]
 2721              	.L227:
1701:Drivers/STM32G4xx_HAL_Driver/Src/stm32g4xx_hal_rcc_ex.c ****     }
 2722              		.loc 1 1701 7 discriminator 3 view .LVU887
1705:Drivers/STM32G4xx_HAL_Driver/Src/stm32g4xx_hal_rcc_ex.c ****     {
 2723              		.loc 1 1705 5 view .LVU888
1705:Drivers/STM32G4xx_HAL_Driver/Src/stm32g4xx_hal_rcc_ex.c ****     {
 2724              		.loc 1 1705 8 is_stmt 0 view .LVU889
 2725 007c 0A4B     		ldr	r3, .L236
 2726 007e 9B68     		ldr	r3, [r3, #8]
1705:Drivers/STM32G4xx_HAL_Driver/Src/stm32g4xx_hal_rcc_ex.c ****     {
 2727              		.loc 1 1705 7 view .LVU890
 2728 0080 13F4007F 		tst	r3, #512
 2729 0084 04D0     		beq	.L228
1708:Drivers/STM32G4xx_HAL_Driver/Src/stm32g4xx_hal_rcc_ex.c **** 
 2730              		.loc 1 1708 7 is_stmt 1 view .LVU891
1708:Drivers/STM32G4xx_HAL_Driver/Src/stm32g4xx_hal_rcc_ex.c **** 
 2731              		.loc 1 1708 17 is_stmt 0 view .LVU892
 2732 0086 44F01004 		orr	r4, r4, #16
 2733              	.LVL251:
1711:Drivers/STM32G4xx_HAL_Driver/Src/stm32g4xx_hal_rcc_ex.c ****     }
 2734              		.loc 1 1711 7 is_stmt 1 view .LVU893
1711:Drivers/STM32G4xx_HAL_Driver/Src/stm32g4xx_hal_rcc_ex.c ****     }
 2735              		.loc 1 1711 7 view .LVU894
1711:Drivers/STM32G4xx_HAL_Driver/Src/stm32g4xx_hal_rcc_ex.c ****     }
 2736              		.loc 1 1711 7 discriminator 1 view .LVU895
 2737 008a 074B     		ldr	r3, .L236
 2738 008c 0422     		movs	r2, #4
 2739 008e DA60     		str	r2, [r3, #12]
 2740              	.L228:
1711:Drivers/STM32G4xx_HAL_Driver/Src/stm32g4xx_hal_rcc_ex.c ****     }
 2741              		.loc 1 1711 7 discriminator 3 view .LVU896
1715:Drivers/STM32G4xx_HAL_Driver/Src/stm32g4xx_hal_rcc_ex.c ****     {
 2742              		.loc 1 1715 5 view .LVU897
1715:Drivers/STM32G4xx_HAL_Driver/Src/stm32g4xx_hal_rcc_ex.c ****     {
 2743              		.loc 1 1715 8 is_stmt 0 view .LVU898
 2744 0090 054B     		ldr	r3, .L236
 2745 0092 9B68     		ldr	r3, [r3, #8]
1715:Drivers/STM32G4xx_HAL_Driver/Src/stm32g4xx_hal_rcc_ex.c ****     {
ARM GAS  /tmp/ccCVkYLU.s 			page 87


 2746              		.loc 1 1715 7 view .LVU899
 2747 0094 13F0080F 		tst	r3, #8
 2748 0098 C3D0     		beq	.L229
1718:Drivers/STM32G4xx_HAL_Driver/Src/stm32g4xx_hal_rcc_ex.c ****     }
 2749              		.loc 1 1718 7 is_stmt 1 view .LVU900
1718:Drivers/STM32G4xx_HAL_Driver/Src/stm32g4xx_hal_rcc_ex.c ****     }
 2750              		.loc 1 1718 7 view .LVU901
1718:Drivers/STM32G4xx_HAL_Driver/Src/stm32g4xx_hal_rcc_ex.c ****     }
 2751              		.loc 1 1718 7 discriminator 2 view .LVU902
 2752 009a 034B     		ldr	r3, .L236
 2753 009c 0822     		movs	r2, #8
 2754 009e DA60     		str	r2, [r3, #12]
 2755 00a0 BFE7     		b	.L229
 2756              	.L234:
1721:Drivers/STM32G4xx_HAL_Driver/Src/stm32g4xx_hal_rcc_ex.c **** 
1722:Drivers/STM32G4xx_HAL_Driver/Src/stm32g4xx_hal_rcc_ex.c ****   return crsstatus;
 2757              		.loc 1 1722 3 view .LVU903
1723:Drivers/STM32G4xx_HAL_Driver/Src/stm32g4xx_hal_rcc_ex.c **** }
 2758              		.loc 1 1723 1 is_stmt 0 view .LVU904
 2759 00a2 2046     		mov	r0, r4
 2760 00a4 70BD     		pop	{r4, r5, r6, pc}
 2761              	.LVL252:
 2762              	.L237:
 2763              		.loc 1 1723 1 view .LVU905
 2764 00a6 00BF     		.align	2
 2765              	.L236:
 2766 00a8 00200040 		.word	1073750016
 2767              		.cfi_endproc
 2768              	.LFE342:
 2770              		.section	.text.HAL_RCCEx_CRS_SyncOkCallback,"ax",%progbits
 2771              		.align	1
 2772              		.weak	HAL_RCCEx_CRS_SyncOkCallback
 2773              		.syntax unified
 2774              		.thumb
 2775              		.thumb_func
 2777              	HAL_RCCEx_CRS_SyncOkCallback:
 2778              	.LFB344:
1724:Drivers/STM32G4xx_HAL_Driver/Src/stm32g4xx_hal_rcc_ex.c **** 
1725:Drivers/STM32G4xx_HAL_Driver/Src/stm32g4xx_hal_rcc_ex.c **** /**
1726:Drivers/STM32G4xx_HAL_Driver/Src/stm32g4xx_hal_rcc_ex.c ****   * @brief Handle the Clock Recovery System interrupt request.
1727:Drivers/STM32G4xx_HAL_Driver/Src/stm32g4xx_hal_rcc_ex.c ****   * @retval None
1728:Drivers/STM32G4xx_HAL_Driver/Src/stm32g4xx_hal_rcc_ex.c ****   */
1729:Drivers/STM32G4xx_HAL_Driver/Src/stm32g4xx_hal_rcc_ex.c **** void HAL_RCCEx_CRS_IRQHandler(void)
1730:Drivers/STM32G4xx_HAL_Driver/Src/stm32g4xx_hal_rcc_ex.c **** {
1731:Drivers/STM32G4xx_HAL_Driver/Src/stm32g4xx_hal_rcc_ex.c ****   uint32_t crserror = RCC_CRS_NONE;
1732:Drivers/STM32G4xx_HAL_Driver/Src/stm32g4xx_hal_rcc_ex.c ****   /* Get current IT flags and IT sources values */
1733:Drivers/STM32G4xx_HAL_Driver/Src/stm32g4xx_hal_rcc_ex.c ****   uint32_t itflags = READ_REG(CRS->ISR);
1734:Drivers/STM32G4xx_HAL_Driver/Src/stm32g4xx_hal_rcc_ex.c ****   uint32_t itsources = READ_REG(CRS->CR);
1735:Drivers/STM32G4xx_HAL_Driver/Src/stm32g4xx_hal_rcc_ex.c **** 
1736:Drivers/STM32G4xx_HAL_Driver/Src/stm32g4xx_hal_rcc_ex.c ****   /* Check CRS SYNCOK flag  */
1737:Drivers/STM32G4xx_HAL_Driver/Src/stm32g4xx_hal_rcc_ex.c ****   if(((itflags & RCC_CRS_FLAG_SYNCOK) != 0U) && ((itsources & RCC_CRS_IT_SYNCOK) != 0U))
1738:Drivers/STM32G4xx_HAL_Driver/Src/stm32g4xx_hal_rcc_ex.c ****   {
1739:Drivers/STM32G4xx_HAL_Driver/Src/stm32g4xx_hal_rcc_ex.c ****     /* Clear CRS SYNC event OK flag */
1740:Drivers/STM32G4xx_HAL_Driver/Src/stm32g4xx_hal_rcc_ex.c ****     WRITE_REG(CRS->ICR, CRS_ICR_SYNCOKC);
1741:Drivers/STM32G4xx_HAL_Driver/Src/stm32g4xx_hal_rcc_ex.c **** 
1742:Drivers/STM32G4xx_HAL_Driver/Src/stm32g4xx_hal_rcc_ex.c ****     /* user callback */
1743:Drivers/STM32G4xx_HAL_Driver/Src/stm32g4xx_hal_rcc_ex.c ****     HAL_RCCEx_CRS_SyncOkCallback();
ARM GAS  /tmp/ccCVkYLU.s 			page 88


1744:Drivers/STM32G4xx_HAL_Driver/Src/stm32g4xx_hal_rcc_ex.c ****   }
1745:Drivers/STM32G4xx_HAL_Driver/Src/stm32g4xx_hal_rcc_ex.c ****   /* Check CRS SYNCWARN flag  */
1746:Drivers/STM32G4xx_HAL_Driver/Src/stm32g4xx_hal_rcc_ex.c ****   else if(((itflags & RCC_CRS_FLAG_SYNCWARN) != 0U) && ((itsources & RCC_CRS_IT_SYNCWARN) != 0U))
1747:Drivers/STM32G4xx_HAL_Driver/Src/stm32g4xx_hal_rcc_ex.c ****   {
1748:Drivers/STM32G4xx_HAL_Driver/Src/stm32g4xx_hal_rcc_ex.c ****     /* Clear CRS SYNCWARN flag */
1749:Drivers/STM32G4xx_HAL_Driver/Src/stm32g4xx_hal_rcc_ex.c ****     WRITE_REG(CRS->ICR, CRS_ICR_SYNCWARNC);
1750:Drivers/STM32G4xx_HAL_Driver/Src/stm32g4xx_hal_rcc_ex.c **** 
1751:Drivers/STM32G4xx_HAL_Driver/Src/stm32g4xx_hal_rcc_ex.c ****     /* user callback */
1752:Drivers/STM32G4xx_HAL_Driver/Src/stm32g4xx_hal_rcc_ex.c ****     HAL_RCCEx_CRS_SyncWarnCallback();
1753:Drivers/STM32G4xx_HAL_Driver/Src/stm32g4xx_hal_rcc_ex.c ****   }
1754:Drivers/STM32G4xx_HAL_Driver/Src/stm32g4xx_hal_rcc_ex.c ****   /* Check CRS Expected SYNC flag  */
1755:Drivers/STM32G4xx_HAL_Driver/Src/stm32g4xx_hal_rcc_ex.c ****   else if(((itflags & RCC_CRS_FLAG_ESYNC) != 0U) && ((itsources & RCC_CRS_IT_ESYNC) != 0U))
1756:Drivers/STM32G4xx_HAL_Driver/Src/stm32g4xx_hal_rcc_ex.c ****   {
1757:Drivers/STM32G4xx_HAL_Driver/Src/stm32g4xx_hal_rcc_ex.c ****     /* frequency error counter reached a zero value */
1758:Drivers/STM32G4xx_HAL_Driver/Src/stm32g4xx_hal_rcc_ex.c ****     WRITE_REG(CRS->ICR, CRS_ICR_ESYNCC);
1759:Drivers/STM32G4xx_HAL_Driver/Src/stm32g4xx_hal_rcc_ex.c **** 
1760:Drivers/STM32G4xx_HAL_Driver/Src/stm32g4xx_hal_rcc_ex.c ****     /* user callback */
1761:Drivers/STM32G4xx_HAL_Driver/Src/stm32g4xx_hal_rcc_ex.c ****     HAL_RCCEx_CRS_ExpectedSyncCallback();
1762:Drivers/STM32G4xx_HAL_Driver/Src/stm32g4xx_hal_rcc_ex.c ****   }
1763:Drivers/STM32G4xx_HAL_Driver/Src/stm32g4xx_hal_rcc_ex.c ****   /* Check CRS Error flags  */
1764:Drivers/STM32G4xx_HAL_Driver/Src/stm32g4xx_hal_rcc_ex.c ****   else
1765:Drivers/STM32G4xx_HAL_Driver/Src/stm32g4xx_hal_rcc_ex.c ****   {
1766:Drivers/STM32G4xx_HAL_Driver/Src/stm32g4xx_hal_rcc_ex.c ****     if(((itflags & RCC_CRS_FLAG_ERR) != 0U) && ((itsources & RCC_CRS_IT_ERR) != 0U))
1767:Drivers/STM32G4xx_HAL_Driver/Src/stm32g4xx_hal_rcc_ex.c ****     {
1768:Drivers/STM32G4xx_HAL_Driver/Src/stm32g4xx_hal_rcc_ex.c ****       if((itflags & RCC_CRS_FLAG_SYNCERR) != 0U)
1769:Drivers/STM32G4xx_HAL_Driver/Src/stm32g4xx_hal_rcc_ex.c ****       {
1770:Drivers/STM32G4xx_HAL_Driver/Src/stm32g4xx_hal_rcc_ex.c ****         crserror |= RCC_CRS_SYNCERR;
1771:Drivers/STM32G4xx_HAL_Driver/Src/stm32g4xx_hal_rcc_ex.c ****       }
1772:Drivers/STM32G4xx_HAL_Driver/Src/stm32g4xx_hal_rcc_ex.c ****       if((itflags & RCC_CRS_FLAG_SYNCMISS) != 0U)
1773:Drivers/STM32G4xx_HAL_Driver/Src/stm32g4xx_hal_rcc_ex.c ****       {
1774:Drivers/STM32G4xx_HAL_Driver/Src/stm32g4xx_hal_rcc_ex.c ****         crserror |= RCC_CRS_SYNCMISS;
1775:Drivers/STM32G4xx_HAL_Driver/Src/stm32g4xx_hal_rcc_ex.c ****       }
1776:Drivers/STM32G4xx_HAL_Driver/Src/stm32g4xx_hal_rcc_ex.c ****       if((itflags & RCC_CRS_FLAG_TRIMOVF) != 0U)
1777:Drivers/STM32G4xx_HAL_Driver/Src/stm32g4xx_hal_rcc_ex.c ****       {
1778:Drivers/STM32G4xx_HAL_Driver/Src/stm32g4xx_hal_rcc_ex.c ****         crserror |= RCC_CRS_TRIMOVF;
1779:Drivers/STM32G4xx_HAL_Driver/Src/stm32g4xx_hal_rcc_ex.c ****       }
1780:Drivers/STM32G4xx_HAL_Driver/Src/stm32g4xx_hal_rcc_ex.c **** 
1781:Drivers/STM32G4xx_HAL_Driver/Src/stm32g4xx_hal_rcc_ex.c ****       /* Clear CRS Error flags */
1782:Drivers/STM32G4xx_HAL_Driver/Src/stm32g4xx_hal_rcc_ex.c ****       WRITE_REG(CRS->ICR, CRS_ICR_ERRC);
1783:Drivers/STM32G4xx_HAL_Driver/Src/stm32g4xx_hal_rcc_ex.c **** 
1784:Drivers/STM32G4xx_HAL_Driver/Src/stm32g4xx_hal_rcc_ex.c ****       /* user error callback */
1785:Drivers/STM32G4xx_HAL_Driver/Src/stm32g4xx_hal_rcc_ex.c ****       HAL_RCCEx_CRS_ErrorCallback(crserror);
1786:Drivers/STM32G4xx_HAL_Driver/Src/stm32g4xx_hal_rcc_ex.c ****     }
1787:Drivers/STM32G4xx_HAL_Driver/Src/stm32g4xx_hal_rcc_ex.c ****   }
1788:Drivers/STM32G4xx_HAL_Driver/Src/stm32g4xx_hal_rcc_ex.c **** }
1789:Drivers/STM32G4xx_HAL_Driver/Src/stm32g4xx_hal_rcc_ex.c **** 
1790:Drivers/STM32G4xx_HAL_Driver/Src/stm32g4xx_hal_rcc_ex.c **** /**
1791:Drivers/STM32G4xx_HAL_Driver/Src/stm32g4xx_hal_rcc_ex.c ****   * @brief  RCCEx Clock Recovery System SYNCOK interrupt callback.
1792:Drivers/STM32G4xx_HAL_Driver/Src/stm32g4xx_hal_rcc_ex.c ****   * @retval none
1793:Drivers/STM32G4xx_HAL_Driver/Src/stm32g4xx_hal_rcc_ex.c ****   */
1794:Drivers/STM32G4xx_HAL_Driver/Src/stm32g4xx_hal_rcc_ex.c **** __weak void HAL_RCCEx_CRS_SyncOkCallback(void)
1795:Drivers/STM32G4xx_HAL_Driver/Src/stm32g4xx_hal_rcc_ex.c **** {
 2779              		.loc 1 1795 1 is_stmt 1 view -0
 2780              		.cfi_startproc
 2781              		@ args = 0, pretend = 0, frame = 0
 2782              		@ frame_needed = 0, uses_anonymous_args = 0
 2783              		@ link register save eliminated.
ARM GAS  /tmp/ccCVkYLU.s 			page 89


1796:Drivers/STM32G4xx_HAL_Driver/Src/stm32g4xx_hal_rcc_ex.c ****   /* NOTE : This function should not be modified, when the callback is needed,
1797:Drivers/STM32G4xx_HAL_Driver/Src/stm32g4xx_hal_rcc_ex.c ****             the @ref HAL_RCCEx_CRS_SyncOkCallback should be implemented in the user file
1798:Drivers/STM32G4xx_HAL_Driver/Src/stm32g4xx_hal_rcc_ex.c ****    */
1799:Drivers/STM32G4xx_HAL_Driver/Src/stm32g4xx_hal_rcc_ex.c **** }
 2784              		.loc 1 1799 1 view .LVU907
 2785 0000 7047     		bx	lr
 2786              		.cfi_endproc
 2787              	.LFE344:
 2789              		.section	.text.HAL_RCCEx_CRS_SyncWarnCallback,"ax",%progbits
 2790              		.align	1
 2791              		.weak	HAL_RCCEx_CRS_SyncWarnCallback
 2792              		.syntax unified
 2793              		.thumb
 2794              		.thumb_func
 2796              	HAL_RCCEx_CRS_SyncWarnCallback:
 2797              	.LFB345:
1800:Drivers/STM32G4xx_HAL_Driver/Src/stm32g4xx_hal_rcc_ex.c **** 
1801:Drivers/STM32G4xx_HAL_Driver/Src/stm32g4xx_hal_rcc_ex.c **** /**
1802:Drivers/STM32G4xx_HAL_Driver/Src/stm32g4xx_hal_rcc_ex.c ****   * @brief  RCCEx Clock Recovery System SYNCWARN interrupt callback.
1803:Drivers/STM32G4xx_HAL_Driver/Src/stm32g4xx_hal_rcc_ex.c ****   * @retval none
1804:Drivers/STM32G4xx_HAL_Driver/Src/stm32g4xx_hal_rcc_ex.c ****   */
1805:Drivers/STM32G4xx_HAL_Driver/Src/stm32g4xx_hal_rcc_ex.c **** __weak void HAL_RCCEx_CRS_SyncWarnCallback(void)
1806:Drivers/STM32G4xx_HAL_Driver/Src/stm32g4xx_hal_rcc_ex.c **** {
 2798              		.loc 1 1806 1 view -0
 2799              		.cfi_startproc
 2800              		@ args = 0, pretend = 0, frame = 0
 2801              		@ frame_needed = 0, uses_anonymous_args = 0
 2802              		@ link register save eliminated.
1807:Drivers/STM32G4xx_HAL_Driver/Src/stm32g4xx_hal_rcc_ex.c ****   /* NOTE : This function should not be modified, when the callback is needed,
1808:Drivers/STM32G4xx_HAL_Driver/Src/stm32g4xx_hal_rcc_ex.c ****             the @ref HAL_RCCEx_CRS_SyncWarnCallback should be implemented in the user file
1809:Drivers/STM32G4xx_HAL_Driver/Src/stm32g4xx_hal_rcc_ex.c ****    */
1810:Drivers/STM32G4xx_HAL_Driver/Src/stm32g4xx_hal_rcc_ex.c **** }
 2803              		.loc 1 1810 1 view .LVU909
 2804 0000 7047     		bx	lr
 2805              		.cfi_endproc
 2806              	.LFE345:
 2808              		.section	.text.HAL_RCCEx_CRS_ExpectedSyncCallback,"ax",%progbits
 2809              		.align	1
 2810              		.weak	HAL_RCCEx_CRS_ExpectedSyncCallback
 2811              		.syntax unified
 2812              		.thumb
 2813              		.thumb_func
 2815              	HAL_RCCEx_CRS_ExpectedSyncCallback:
 2816              	.LFB346:
1811:Drivers/STM32G4xx_HAL_Driver/Src/stm32g4xx_hal_rcc_ex.c **** 
1812:Drivers/STM32G4xx_HAL_Driver/Src/stm32g4xx_hal_rcc_ex.c **** /**
1813:Drivers/STM32G4xx_HAL_Driver/Src/stm32g4xx_hal_rcc_ex.c ****   * @brief  RCCEx Clock Recovery System Expected SYNC interrupt callback.
1814:Drivers/STM32G4xx_HAL_Driver/Src/stm32g4xx_hal_rcc_ex.c ****   * @retval none
1815:Drivers/STM32G4xx_HAL_Driver/Src/stm32g4xx_hal_rcc_ex.c ****   */
1816:Drivers/STM32G4xx_HAL_Driver/Src/stm32g4xx_hal_rcc_ex.c **** __weak void HAL_RCCEx_CRS_ExpectedSyncCallback(void)
1817:Drivers/STM32G4xx_HAL_Driver/Src/stm32g4xx_hal_rcc_ex.c **** {
 2817              		.loc 1 1817 1 view -0
 2818              		.cfi_startproc
 2819              		@ args = 0, pretend = 0, frame = 0
 2820              		@ frame_needed = 0, uses_anonymous_args = 0
 2821              		@ link register save eliminated.
1818:Drivers/STM32G4xx_HAL_Driver/Src/stm32g4xx_hal_rcc_ex.c ****   /* NOTE : This function should not be modified, when the callback is needed,
ARM GAS  /tmp/ccCVkYLU.s 			page 90


1819:Drivers/STM32G4xx_HAL_Driver/Src/stm32g4xx_hal_rcc_ex.c ****             the @ref HAL_RCCEx_CRS_ExpectedSyncCallback should be implemented in the user file
1820:Drivers/STM32G4xx_HAL_Driver/Src/stm32g4xx_hal_rcc_ex.c ****    */
1821:Drivers/STM32G4xx_HAL_Driver/Src/stm32g4xx_hal_rcc_ex.c **** }
 2822              		.loc 1 1821 1 view .LVU911
 2823 0000 7047     		bx	lr
 2824              		.cfi_endproc
 2825              	.LFE346:
 2827              		.section	.text.HAL_RCCEx_CRS_ErrorCallback,"ax",%progbits
 2828              		.align	1
 2829              		.weak	HAL_RCCEx_CRS_ErrorCallback
 2830              		.syntax unified
 2831              		.thumb
 2832              		.thumb_func
 2834              	HAL_RCCEx_CRS_ErrorCallback:
 2835              	.LVL253:
 2836              	.LFB347:
1822:Drivers/STM32G4xx_HAL_Driver/Src/stm32g4xx_hal_rcc_ex.c **** 
1823:Drivers/STM32G4xx_HAL_Driver/Src/stm32g4xx_hal_rcc_ex.c **** /**
1824:Drivers/STM32G4xx_HAL_Driver/Src/stm32g4xx_hal_rcc_ex.c ****   * @brief  RCCEx Clock Recovery System Error interrupt callback.
1825:Drivers/STM32G4xx_HAL_Driver/Src/stm32g4xx_hal_rcc_ex.c ****   * @param  Error Combination of Error status.
1826:Drivers/STM32G4xx_HAL_Driver/Src/stm32g4xx_hal_rcc_ex.c ****   *         This parameter can be a combination of the following values:
1827:Drivers/STM32G4xx_HAL_Driver/Src/stm32g4xx_hal_rcc_ex.c ****   *           @arg @ref RCC_CRS_SYNCERR
1828:Drivers/STM32G4xx_HAL_Driver/Src/stm32g4xx_hal_rcc_ex.c ****   *           @arg @ref RCC_CRS_SYNCMISS
1829:Drivers/STM32G4xx_HAL_Driver/Src/stm32g4xx_hal_rcc_ex.c ****   *           @arg @ref RCC_CRS_TRIMOVF
1830:Drivers/STM32G4xx_HAL_Driver/Src/stm32g4xx_hal_rcc_ex.c ****   * @retval none
1831:Drivers/STM32G4xx_HAL_Driver/Src/stm32g4xx_hal_rcc_ex.c ****   */
1832:Drivers/STM32G4xx_HAL_Driver/Src/stm32g4xx_hal_rcc_ex.c **** __weak void HAL_RCCEx_CRS_ErrorCallback(uint32_t Error)
1833:Drivers/STM32G4xx_HAL_Driver/Src/stm32g4xx_hal_rcc_ex.c **** {
 2837              		.loc 1 1833 1 view -0
 2838              		.cfi_startproc
 2839              		@ args = 0, pretend = 0, frame = 0
 2840              		@ frame_needed = 0, uses_anonymous_args = 0
 2841              		@ link register save eliminated.
1834:Drivers/STM32G4xx_HAL_Driver/Src/stm32g4xx_hal_rcc_ex.c ****   /* Prevent unused argument(s) compilation warning */
1835:Drivers/STM32G4xx_HAL_Driver/Src/stm32g4xx_hal_rcc_ex.c ****   UNUSED(Error);
 2842              		.loc 1 1835 3 view .LVU913
1836:Drivers/STM32G4xx_HAL_Driver/Src/stm32g4xx_hal_rcc_ex.c **** 
1837:Drivers/STM32G4xx_HAL_Driver/Src/stm32g4xx_hal_rcc_ex.c ****   /* NOTE : This function should not be modified, when the callback is needed,
1838:Drivers/STM32G4xx_HAL_Driver/Src/stm32g4xx_hal_rcc_ex.c ****             the @ref HAL_RCCEx_CRS_ErrorCallback should be implemented in the user file
1839:Drivers/STM32G4xx_HAL_Driver/Src/stm32g4xx_hal_rcc_ex.c ****    */
1840:Drivers/STM32G4xx_HAL_Driver/Src/stm32g4xx_hal_rcc_ex.c **** }
 2843              		.loc 1 1840 1 is_stmt 0 view .LVU914
 2844 0000 7047     		bx	lr
 2845              		.cfi_endproc
 2846              	.LFE347:
 2848              		.section	.text.HAL_RCCEx_CRS_IRQHandler,"ax",%progbits
 2849              		.align	1
 2850              		.global	HAL_RCCEx_CRS_IRQHandler
 2851              		.syntax unified
 2852              		.thumb
 2853              		.thumb_func
 2855              	HAL_RCCEx_CRS_IRQHandler:
 2856              	.LFB343:
1730:Drivers/STM32G4xx_HAL_Driver/Src/stm32g4xx_hal_rcc_ex.c ****   uint32_t crserror = RCC_CRS_NONE;
 2857              		.loc 1 1730 1 is_stmt 1 view -0
 2858              		.cfi_startproc
 2859              		@ args = 0, pretend = 0, frame = 0
ARM GAS  /tmp/ccCVkYLU.s 			page 91


 2860              		@ frame_needed = 0, uses_anonymous_args = 0
 2861 0000 08B5     		push	{r3, lr}
 2862              	.LCFI15:
 2863              		.cfi_def_cfa_offset 8
 2864              		.cfi_offset 3, -8
 2865              		.cfi_offset 14, -4
1731:Drivers/STM32G4xx_HAL_Driver/Src/stm32g4xx_hal_rcc_ex.c ****   /* Get current IT flags and IT sources values */
 2866              		.loc 1 1731 3 view .LVU916
 2867              	.LVL254:
1733:Drivers/STM32G4xx_HAL_Driver/Src/stm32g4xx_hal_rcc_ex.c ****   uint32_t itsources = READ_REG(CRS->CR);
 2868              		.loc 1 1733 3 view .LVU917
1733:Drivers/STM32G4xx_HAL_Driver/Src/stm32g4xx_hal_rcc_ex.c ****   uint32_t itsources = READ_REG(CRS->CR);
 2869              		.loc 1 1733 12 is_stmt 0 view .LVU918
 2870 0002 204A     		ldr	r2, .L255
 2871 0004 9368     		ldr	r3, [r2, #8]
 2872              	.LVL255:
1734:Drivers/STM32G4xx_HAL_Driver/Src/stm32g4xx_hal_rcc_ex.c **** 
 2873              		.loc 1 1734 3 is_stmt 1 view .LVU919
1734:Drivers/STM32G4xx_HAL_Driver/Src/stm32g4xx_hal_rcc_ex.c **** 
 2874              		.loc 1 1734 12 is_stmt 0 view .LVU920
 2875 0006 1268     		ldr	r2, [r2]
 2876              	.LVL256:
1737:Drivers/STM32G4xx_HAL_Driver/Src/stm32g4xx_hal_rcc_ex.c ****   {
 2877              		.loc 1 1737 3 is_stmt 1 view .LVU921
1737:Drivers/STM32G4xx_HAL_Driver/Src/stm32g4xx_hal_rcc_ex.c ****   {
 2878              		.loc 1 1737 5 is_stmt 0 view .LVU922
 2879 0008 13F0010F 		tst	r3, #1
 2880 000c 02D0     		beq	.L243
1737:Drivers/STM32G4xx_HAL_Driver/Src/stm32g4xx_hal_rcc_ex.c ****   {
 2881              		.loc 1 1737 46 discriminator 1 view .LVU923
 2882 000e 12F0010F 		tst	r2, #1
 2883 0012 25D1     		bne	.L252
 2884              	.L243:
1746:Drivers/STM32G4xx_HAL_Driver/Src/stm32g4xx_hal_rcc_ex.c ****   {
 2885              		.loc 1 1746 8 is_stmt 1 view .LVU924
1746:Drivers/STM32G4xx_HAL_Driver/Src/stm32g4xx_hal_rcc_ex.c ****   {
 2886              		.loc 1 1746 10 is_stmt 0 view .LVU925
 2887 0014 13F0020F 		tst	r3, #2
 2888 0018 02D0     		beq	.L245
1746:Drivers/STM32G4xx_HAL_Driver/Src/stm32g4xx_hal_rcc_ex.c ****   {
 2889              		.loc 1 1746 53 discriminator 1 view .LVU926
 2890 001a 12F0020F 		tst	r2, #2
 2891 001e 25D1     		bne	.L253
 2892              	.L245:
1755:Drivers/STM32G4xx_HAL_Driver/Src/stm32g4xx_hal_rcc_ex.c ****   {
 2893              		.loc 1 1755 8 is_stmt 1 view .LVU927
1755:Drivers/STM32G4xx_HAL_Driver/Src/stm32g4xx_hal_rcc_ex.c ****   {
 2894              		.loc 1 1755 10 is_stmt 0 view .LVU928
 2895 0020 13F0080F 		tst	r3, #8
 2896 0024 02D0     		beq	.L246
1755:Drivers/STM32G4xx_HAL_Driver/Src/stm32g4xx_hal_rcc_ex.c ****   {
 2897              		.loc 1 1755 50 discriminator 1 view .LVU929
 2898 0026 12F0080F 		tst	r2, #8
 2899 002a 25D1     		bne	.L254
 2900              	.L246:
1766:Drivers/STM32G4xx_HAL_Driver/Src/stm32g4xx_hal_rcc_ex.c ****     {
 2901              		.loc 1 1766 5 is_stmt 1 view .LVU930
ARM GAS  /tmp/ccCVkYLU.s 			page 92


1766:Drivers/STM32G4xx_HAL_Driver/Src/stm32g4xx_hal_rcc_ex.c ****     {
 2902              		.loc 1 1766 7 is_stmt 0 view .LVU931
 2903 002c 13F0040F 		tst	r3, #4
 2904 0030 1BD0     		beq	.L242
1766:Drivers/STM32G4xx_HAL_Driver/Src/stm32g4xx_hal_rcc_ex.c ****     {
 2905              		.loc 1 1766 45 discriminator 1 view .LVU932
 2906 0032 12F0040F 		tst	r2, #4
 2907 0036 18D0     		beq	.L242
1768:Drivers/STM32G4xx_HAL_Driver/Src/stm32g4xx_hal_rcc_ex.c ****       {
 2908              		.loc 1 1768 7 is_stmt 1 view .LVU933
1768:Drivers/STM32G4xx_HAL_Driver/Src/stm32g4xx_hal_rcc_ex.c ****       {
 2909              		.loc 1 1768 9 is_stmt 0 view .LVU934
 2910 0038 13F48070 		ands	r0, r3, #256
 2911 003c 00D0     		beq	.L247
1770:Drivers/STM32G4xx_HAL_Driver/Src/stm32g4xx_hal_rcc_ex.c ****       }
 2912              		.loc 1 1770 18 view .LVU935
 2913 003e 0820     		movs	r0, #8
 2914              	.L247:
 2915              	.LVL257:
1772:Drivers/STM32G4xx_HAL_Driver/Src/stm32g4xx_hal_rcc_ex.c ****       {
 2916              		.loc 1 1772 7 is_stmt 1 view .LVU936
1772:Drivers/STM32G4xx_HAL_Driver/Src/stm32g4xx_hal_rcc_ex.c ****       {
 2917              		.loc 1 1772 9 is_stmt 0 view .LVU937
 2918 0040 13F4007F 		tst	r3, #512
 2919 0044 01D0     		beq	.L248
1774:Drivers/STM32G4xx_HAL_Driver/Src/stm32g4xx_hal_rcc_ex.c ****       }
 2920              		.loc 1 1774 9 is_stmt 1 view .LVU938
1774:Drivers/STM32G4xx_HAL_Driver/Src/stm32g4xx_hal_rcc_ex.c ****       }
 2921              		.loc 1 1774 18 is_stmt 0 view .LVU939
 2922 0046 40F01000 		orr	r0, r0, #16
 2923              	.LVL258:
 2924              	.L248:
1776:Drivers/STM32G4xx_HAL_Driver/Src/stm32g4xx_hal_rcc_ex.c ****       {
 2925              		.loc 1 1776 7 is_stmt 1 view .LVU940
1776:Drivers/STM32G4xx_HAL_Driver/Src/stm32g4xx_hal_rcc_ex.c ****       {
 2926              		.loc 1 1776 9 is_stmt 0 view .LVU941
 2927 004a 13F4806F 		tst	r3, #1024
 2928 004e 01D0     		beq	.L249
1778:Drivers/STM32G4xx_HAL_Driver/Src/stm32g4xx_hal_rcc_ex.c ****       }
 2929              		.loc 1 1778 9 is_stmt 1 view .LVU942
1778:Drivers/STM32G4xx_HAL_Driver/Src/stm32g4xx_hal_rcc_ex.c ****       }
 2930              		.loc 1 1778 18 is_stmt 0 view .LVU943
 2931 0050 40F02000 		orr	r0, r0, #32
 2932              	.LVL259:
 2933              	.L249:
1782:Drivers/STM32G4xx_HAL_Driver/Src/stm32g4xx_hal_rcc_ex.c **** 
 2934              		.loc 1 1782 7 is_stmt 1 view .LVU944
 2935 0054 0B4B     		ldr	r3, .L255
 2936              	.LVL260:
1782:Drivers/STM32G4xx_HAL_Driver/Src/stm32g4xx_hal_rcc_ex.c **** 
 2937              		.loc 1 1782 7 is_stmt 0 view .LVU945
 2938 0056 0422     		movs	r2, #4
 2939              	.LVL261:
1782:Drivers/STM32G4xx_HAL_Driver/Src/stm32g4xx_hal_rcc_ex.c **** 
 2940              		.loc 1 1782 7 view .LVU946
 2941 0058 DA60     		str	r2, [r3, #12]
1785:Drivers/STM32G4xx_HAL_Driver/Src/stm32g4xx_hal_rcc_ex.c ****     }
ARM GAS  /tmp/ccCVkYLU.s 			page 93


 2942              		.loc 1 1785 7 is_stmt 1 view .LVU947
 2943 005a FFF7FEFF 		bl	HAL_RCCEx_CRS_ErrorCallback
 2944              	.LVL262:
1788:Drivers/STM32G4xx_HAL_Driver/Src/stm32g4xx_hal_rcc_ex.c **** 
 2945              		.loc 1 1788 1 is_stmt 0 view .LVU948
 2946 005e 04E0     		b	.L242
 2947              	.LVL263:
 2948              	.L252:
1740:Drivers/STM32G4xx_HAL_Driver/Src/stm32g4xx_hal_rcc_ex.c **** 
 2949              		.loc 1 1740 5 is_stmt 1 view .LVU949
 2950 0060 084B     		ldr	r3, .L255
 2951              	.LVL264:
1740:Drivers/STM32G4xx_HAL_Driver/Src/stm32g4xx_hal_rcc_ex.c **** 
 2952              		.loc 1 1740 5 is_stmt 0 view .LVU950
 2953 0062 0122     		movs	r2, #1
 2954              	.LVL265:
1740:Drivers/STM32G4xx_HAL_Driver/Src/stm32g4xx_hal_rcc_ex.c **** 
 2955              		.loc 1 1740 5 view .LVU951
 2956 0064 DA60     		str	r2, [r3, #12]
1743:Drivers/STM32G4xx_HAL_Driver/Src/stm32g4xx_hal_rcc_ex.c ****   }
 2957              		.loc 1 1743 5 is_stmt 1 view .LVU952
 2958 0066 FFF7FEFF 		bl	HAL_RCCEx_CRS_SyncOkCallback
 2959              	.LVL266:
 2960              	.L242:
1788:Drivers/STM32G4xx_HAL_Driver/Src/stm32g4xx_hal_rcc_ex.c **** 
 2961              		.loc 1 1788 1 is_stmt 0 view .LVU953
 2962 006a 08BD     		pop	{r3, pc}
 2963              	.LVL267:
 2964              	.L253:
1749:Drivers/STM32G4xx_HAL_Driver/Src/stm32g4xx_hal_rcc_ex.c **** 
 2965              		.loc 1 1749 5 is_stmt 1 view .LVU954
 2966 006c 054B     		ldr	r3, .L255
 2967              	.LVL268:
1749:Drivers/STM32G4xx_HAL_Driver/Src/stm32g4xx_hal_rcc_ex.c **** 
 2968              		.loc 1 1749 5 is_stmt 0 view .LVU955
 2969 006e 0222     		movs	r2, #2
 2970              	.LVL269:
1749:Drivers/STM32G4xx_HAL_Driver/Src/stm32g4xx_hal_rcc_ex.c **** 
 2971              		.loc 1 1749 5 view .LVU956
 2972 0070 DA60     		str	r2, [r3, #12]
1752:Drivers/STM32G4xx_HAL_Driver/Src/stm32g4xx_hal_rcc_ex.c ****   }
 2973              		.loc 1 1752 5 is_stmt 1 view .LVU957
 2974 0072 FFF7FEFF 		bl	HAL_RCCEx_CRS_SyncWarnCallback
 2975              	.LVL270:
1752:Drivers/STM32G4xx_HAL_Driver/Src/stm32g4xx_hal_rcc_ex.c ****   }
 2976              		.loc 1 1752 5 is_stmt 0 discriminator 1 view .LVU958
 2977 0076 F8E7     		b	.L242
 2978              	.LVL271:
 2979              	.L254:
1758:Drivers/STM32G4xx_HAL_Driver/Src/stm32g4xx_hal_rcc_ex.c **** 
 2980              		.loc 1 1758 5 is_stmt 1 view .LVU959
 2981 0078 024B     		ldr	r3, .L255
 2982              	.LVL272:
1758:Drivers/STM32G4xx_HAL_Driver/Src/stm32g4xx_hal_rcc_ex.c **** 
 2983              		.loc 1 1758 5 is_stmt 0 view .LVU960
 2984 007a 0822     		movs	r2, #8
 2985              	.LVL273:
ARM GAS  /tmp/ccCVkYLU.s 			page 94


1758:Drivers/STM32G4xx_HAL_Driver/Src/stm32g4xx_hal_rcc_ex.c **** 
 2986              		.loc 1 1758 5 view .LVU961
 2987 007c DA60     		str	r2, [r3, #12]
1761:Drivers/STM32G4xx_HAL_Driver/Src/stm32g4xx_hal_rcc_ex.c ****   }
 2988              		.loc 1 1761 5 is_stmt 1 view .LVU962
 2989 007e FFF7FEFF 		bl	HAL_RCCEx_CRS_ExpectedSyncCallback
 2990              	.LVL274:
1761:Drivers/STM32G4xx_HAL_Driver/Src/stm32g4xx_hal_rcc_ex.c ****   }
 2991              		.loc 1 1761 5 is_stmt 0 discriminator 1 view .LVU963
 2992 0082 F2E7     		b	.L242
 2993              	.L256:
 2994              		.align	2
 2995              	.L255:
 2996 0084 00200040 		.word	1073750016
 2997              		.cfi_endproc
 2998              	.LFE343:
 3000              		.text
 3001              	.Letext0:
 3002              		.file 2 "/usr/arm-none-eabi/include/machine/_default_types.h"
 3003              		.file 3 "/usr/arm-none-eabi/include/sys/_stdint.h"
 3004              		.file 4 "Drivers/CMSIS/Device/ST/STM32G4xx/Include/stm32g431xx.h"
 3005              		.file 5 "Drivers/CMSIS/Device/ST/STM32G4xx/Include/stm32g4xx.h"
 3006              		.file 6 "Drivers/STM32G4xx_HAL_Driver/Inc/stm32g4xx_hal_def.h"
 3007              		.file 7 "Drivers/STM32G4xx_HAL_Driver/Inc/stm32g4xx_hal_rcc_ex.h"
 3008              		.file 8 "Drivers/STM32G4xx_HAL_Driver/Inc/stm32g4xx_hal_gpio.h"
 3009              		.file 9 "Drivers/STM32G4xx_HAL_Driver/Inc/stm32g4xx_hal_pwr.h"
 3010              		.file 10 "Drivers/STM32G4xx_HAL_Driver/Inc/stm32g4xx_hal_rcc.h"
 3011              		.file 11 "Drivers/STM32G4xx_HAL_Driver/Inc/stm32g4xx_hal.h"
ARM GAS  /tmp/ccCVkYLU.s 			page 95


DEFINED SYMBOLS
                            *ABS*:00000000 stm32g4xx_hal_rcc_ex.c
     /tmp/ccCVkYLU.s:21     .text.HAL_RCCEx_PeriphCLKConfig:00000000 $t
     /tmp/ccCVkYLU.s:27     .text.HAL_RCCEx_PeriphCLKConfig:00000000 HAL_RCCEx_PeriphCLKConfig
     /tmp/ccCVkYLU.s:544    .text.HAL_RCCEx_PeriphCLKConfig:000002c4 $d
     /tmp/ccCVkYLU.s:548    .text.HAL_RCCEx_PeriphCLKConfig:000002cc $t
     /tmp/ccCVkYLU.s:568    .text.HAL_RCCEx_GetPeriphCLKConfig:00000000 $t
     /tmp/ccCVkYLU.s:574    .text.HAL_RCCEx_GetPeriphCLKConfig:00000000 HAL_RCCEx_GetPeriphCLKConfig
     /tmp/ccCVkYLU.s:688    .text.HAL_RCCEx_GetPeriphCLKConfig:000000a8 $d
     /tmp/ccCVkYLU.s:694    .text.HAL_RCCEx_GetPeriphCLKFreq:00000000 $t
     /tmp/ccCVkYLU.s:700    .text.HAL_RCCEx_GetPeriphCLKFreq:00000000 HAL_RCCEx_GetPeriphCLKFreq
     /tmp/ccCVkYLU.s:768    .text.HAL_RCCEx_GetPeriphCLKFreq:00000050 $d
     /tmp/ccCVkYLU.s:801    .text.HAL_RCCEx_GetPeriphCLKFreq:00000090 $t
     /tmp/ccCVkYLU.s:1183   .text.HAL_RCCEx_GetPeriphCLKFreq:000002a8 $d
     /tmp/ccCVkYLU.s:1189   .text.HAL_RCCEx_GetPeriphCLKFreq:000002b0 $t
     /tmp/ccCVkYLU.s:1801   .text.HAL_RCCEx_GetPeriphCLKFreq:00000558 $d
     /tmp/ccCVkYLU.s:1808   .text.HAL_RCCEx_GetPeriphCLKFreq:00000564 $t
     /tmp/ccCVkYLU.s:1940   .text.HAL_RCCEx_GetPeriphCLKFreq:000005e8 $d
     /tmp/ccCVkYLU.s:1947   .text.HAL_RCCEx_EnableLSECSS:00000000 $t
     /tmp/ccCVkYLU.s:1953   .text.HAL_RCCEx_EnableLSECSS:00000000 HAL_RCCEx_EnableLSECSS
     /tmp/ccCVkYLU.s:1970   .text.HAL_RCCEx_EnableLSECSS:00000010 $d
     /tmp/ccCVkYLU.s:1975   .text.HAL_RCCEx_DisableLSECSS:00000000 $t
     /tmp/ccCVkYLU.s:1981   .text.HAL_RCCEx_DisableLSECSS:00000000 HAL_RCCEx_DisableLSECSS
     /tmp/ccCVkYLU.s:2002   .text.HAL_RCCEx_DisableLSECSS:00000018 $d
     /tmp/ccCVkYLU.s:2007   .text.HAL_RCCEx_EnableLSECSS_IT:00000000 $t
     /tmp/ccCVkYLU.s:2013   .text.HAL_RCCEx_EnableLSECSS_IT:00000000 HAL_RCCEx_EnableLSECSS_IT
     /tmp/ccCVkYLU.s:2043   .text.HAL_RCCEx_EnableLSECSS_IT:0000002c $d
     /tmp/ccCVkYLU.s:2048   .text.HAL_RCCEx_LSECSS_Callback:00000000 $t
     /tmp/ccCVkYLU.s:2054   .text.HAL_RCCEx_LSECSS_Callback:00000000 HAL_RCCEx_LSECSS_Callback
     /tmp/ccCVkYLU.s:2067   .text.HAL_RCCEx_LSECSS_IRQHandler:00000000 $t
     /tmp/ccCVkYLU.s:2073   .text.HAL_RCCEx_LSECSS_IRQHandler:00000000 HAL_RCCEx_LSECSS_IRQHandler
     /tmp/ccCVkYLU.s:2107   .text.HAL_RCCEx_LSECSS_IRQHandler:0000001c $d
     /tmp/ccCVkYLU.s:2112   .text.HAL_RCCEx_EnableLSCO:00000000 $t
     /tmp/ccCVkYLU.s:2118   .text.HAL_RCCEx_EnableLSCO:00000000 HAL_RCCEx_EnableLSCO
     /tmp/ccCVkYLU.s:2279   .text.HAL_RCCEx_EnableLSCO:000000a0 $d
     /tmp/ccCVkYLU.s:2285   .text.HAL_RCCEx_DisableLSCO:00000000 $t
     /tmp/ccCVkYLU.s:2291   .text.HAL_RCCEx_DisableLSCO:00000000 HAL_RCCEx_DisableLSCO
     /tmp/ccCVkYLU.s:2405   .text.HAL_RCCEx_DisableLSCO:00000068 $d
     /tmp/ccCVkYLU.s:2411   .text.HAL_RCCEx_CRSConfig:00000000 $t
     /tmp/ccCVkYLU.s:2417   .text.HAL_RCCEx_CRSConfig:00000000 HAL_RCCEx_CRSConfig
     /tmp/ccCVkYLU.s:2486   .text.HAL_RCCEx_CRSConfig:00000044 $d
     /tmp/ccCVkYLU.s:2492   .text.HAL_RCCEx_CRSSoftwareSynchronizationGenerate:00000000 $t
     /tmp/ccCVkYLU.s:2498   .text.HAL_RCCEx_CRSSoftwareSynchronizationGenerate:00000000 HAL_RCCEx_CRSSoftwareSynchronizationGenerate
     /tmp/ccCVkYLU.s:2515   .text.HAL_RCCEx_CRSSoftwareSynchronizationGenerate:0000000c $d
     /tmp/ccCVkYLU.s:2520   .text.HAL_RCCEx_CRSGetSynchronizationInfo:00000000 $t
     /tmp/ccCVkYLU.s:2526   .text.HAL_RCCEx_CRSGetSynchronizationInfo:00000000 HAL_RCCEx_CRSGetSynchronizationInfo
     /tmp/ccCVkYLU.s:2567   .text.HAL_RCCEx_CRSGetSynchronizationInfo:00000020 $d
     /tmp/ccCVkYLU.s:2572   .text.HAL_RCCEx_CRSWaitSynchronization:00000000 $t
     /tmp/ccCVkYLU.s:2578   .text.HAL_RCCEx_CRSWaitSynchronization:00000000 HAL_RCCEx_CRSWaitSynchronization
     /tmp/ccCVkYLU.s:2766   .text.HAL_RCCEx_CRSWaitSynchronization:000000a8 $d
     /tmp/ccCVkYLU.s:2771   .text.HAL_RCCEx_CRS_SyncOkCallback:00000000 $t
     /tmp/ccCVkYLU.s:2777   .text.HAL_RCCEx_CRS_SyncOkCallback:00000000 HAL_RCCEx_CRS_SyncOkCallback
     /tmp/ccCVkYLU.s:2790   .text.HAL_RCCEx_CRS_SyncWarnCallback:00000000 $t
     /tmp/ccCVkYLU.s:2796   .text.HAL_RCCEx_CRS_SyncWarnCallback:00000000 HAL_RCCEx_CRS_SyncWarnCallback
     /tmp/ccCVkYLU.s:2809   .text.HAL_RCCEx_CRS_ExpectedSyncCallback:00000000 $t
     /tmp/ccCVkYLU.s:2815   .text.HAL_RCCEx_CRS_ExpectedSyncCallback:00000000 HAL_RCCEx_CRS_ExpectedSyncCallback
     /tmp/ccCVkYLU.s:2828   .text.HAL_RCCEx_CRS_ErrorCallback:00000000 $t
ARM GAS  /tmp/ccCVkYLU.s 			page 96


     /tmp/ccCVkYLU.s:2834   .text.HAL_RCCEx_CRS_ErrorCallback:00000000 HAL_RCCEx_CRS_ErrorCallback
     /tmp/ccCVkYLU.s:2849   .text.HAL_RCCEx_CRS_IRQHandler:00000000 $t
     /tmp/ccCVkYLU.s:2855   .text.HAL_RCCEx_CRS_IRQHandler:00000000 HAL_RCCEx_CRS_IRQHandler
     /tmp/ccCVkYLU.s:2996   .text.HAL_RCCEx_CRS_IRQHandler:00000084 $d

UNDEFINED SYMBOLS
HAL_GetTick
HAL_RCC_GetPCLK2Freq
HAL_RCC_GetSysClockFreq
HAL_RCC_GetPCLK1Freq
HAL_GPIO_Init
HAL_PWR_EnableBkUpAccess
HAL_PWR_DisableBkUpAccess
