ARM GAS  /tmp/cciwB85O.s 			page 1


   1              		.cpu cortex-m4
   2              		.arch armv7e-m
   3              		.fpu fpv4-sp-d16
   4              		.eabi_attribute 27, 1
   5              		.eabi_attribute 28, 1
   6              		.eabi_attribute 20, 1
   7              		.eabi_attribute 21, 1
   8              		.eabi_attribute 23, 3
   9              		.eabi_attribute 24, 1
  10              		.eabi_attribute 25, 1
  11              		.eabi_attribute 26, 1
  12              		.eabi_attribute 30, 1
  13              		.eabi_attribute 34, 1
  14              		.eabi_attribute 18, 4
  15              		.file	"usbd_cdc.c"
  16              		.text
  17              	.Ltext0:
  18              		.cfi_sections	.debug_frame
  19              		.file 1 "Middlewares/ST/STM32_USB_Device_Library/Class/CDC/Src/usbd_cdc.c"
  20              		.section	.text.USBD_CDC_EP0_RxReady,"ax",%progbits
  21              		.align	1
  22              		.syntax unified
  23              		.thumb
  24              		.thumb_func
  26              	USBD_CDC_EP0_RxReady:
  27              	.LVL0:
  28              	.LFB338:
   1:Middlewares/ST/STM32_USB_Device_Library/Class/CDC/Src/usbd_cdc.c **** /**
   2:Middlewares/ST/STM32_USB_Device_Library/Class/CDC/Src/usbd_cdc.c ****   ******************************************************************************
   3:Middlewares/ST/STM32_USB_Device_Library/Class/CDC/Src/usbd_cdc.c ****   * @file    usbd_cdc.c
   4:Middlewares/ST/STM32_USB_Device_Library/Class/CDC/Src/usbd_cdc.c ****   * @author  MCD Application Team
   5:Middlewares/ST/STM32_USB_Device_Library/Class/CDC/Src/usbd_cdc.c ****   * @brief   This file provides the high layer firmware functions to manage the
   6:Middlewares/ST/STM32_USB_Device_Library/Class/CDC/Src/usbd_cdc.c ****   *          following functionalities of the USB CDC Class:
   7:Middlewares/ST/STM32_USB_Device_Library/Class/CDC/Src/usbd_cdc.c ****   *           - Initialization and Configuration of high and low layer
   8:Middlewares/ST/STM32_USB_Device_Library/Class/CDC/Src/usbd_cdc.c ****   *           - Enumeration as CDC Device (and enumeration for each implemented memory interface)
   9:Middlewares/ST/STM32_USB_Device_Library/Class/CDC/Src/usbd_cdc.c ****   *           - OUT/IN data transfer
  10:Middlewares/ST/STM32_USB_Device_Library/Class/CDC/Src/usbd_cdc.c ****   *           - Command IN transfer (class requests management)
  11:Middlewares/ST/STM32_USB_Device_Library/Class/CDC/Src/usbd_cdc.c ****   *           - Error management
  12:Middlewares/ST/STM32_USB_Device_Library/Class/CDC/Src/usbd_cdc.c ****   *
  13:Middlewares/ST/STM32_USB_Device_Library/Class/CDC/Src/usbd_cdc.c ****   *  @verbatim
  14:Middlewares/ST/STM32_USB_Device_Library/Class/CDC/Src/usbd_cdc.c ****   *
  15:Middlewares/ST/STM32_USB_Device_Library/Class/CDC/Src/usbd_cdc.c ****   *          ===================================================================
  16:Middlewares/ST/STM32_USB_Device_Library/Class/CDC/Src/usbd_cdc.c ****   *                                CDC Class Driver Description
  17:Middlewares/ST/STM32_USB_Device_Library/Class/CDC/Src/usbd_cdc.c ****   *          ===================================================================
  18:Middlewares/ST/STM32_USB_Device_Library/Class/CDC/Src/usbd_cdc.c ****   *           This driver manages the "Universal Serial Bus Class Definitions for Communications De
  19:Middlewares/ST/STM32_USB_Device_Library/Class/CDC/Src/usbd_cdc.c ****   *           Revision 1.2 November 16, 2007" and the sub-protocol specification of "Universal Seri
  20:Middlewares/ST/STM32_USB_Device_Library/Class/CDC/Src/usbd_cdc.c ****   *           Communications Class Subclass Specification for PSTN Devices Revision 1.2 February 9,
  21:Middlewares/ST/STM32_USB_Device_Library/Class/CDC/Src/usbd_cdc.c ****   *           This driver implements the following aspects of the specification:
  22:Middlewares/ST/STM32_USB_Device_Library/Class/CDC/Src/usbd_cdc.c ****   *             - Device descriptor management
  23:Middlewares/ST/STM32_USB_Device_Library/Class/CDC/Src/usbd_cdc.c ****   *             - Configuration descriptor management
  24:Middlewares/ST/STM32_USB_Device_Library/Class/CDC/Src/usbd_cdc.c ****   *             - Enumeration as CDC device with 2 data endpoints (IN and OUT) and 1 command endpoi
  25:Middlewares/ST/STM32_USB_Device_Library/Class/CDC/Src/usbd_cdc.c ****   *             - Requests management (as described in section 6.2 in specification)
  26:Middlewares/ST/STM32_USB_Device_Library/Class/CDC/Src/usbd_cdc.c ****   *             - Abstract Control Model compliant
  27:Middlewares/ST/STM32_USB_Device_Library/Class/CDC/Src/usbd_cdc.c ****   *             - Union Functional collection (using 1 IN endpoint for control)
  28:Middlewares/ST/STM32_USB_Device_Library/Class/CDC/Src/usbd_cdc.c ****   *             - Data interface class
  29:Middlewares/ST/STM32_USB_Device_Library/Class/CDC/Src/usbd_cdc.c ****   *
  30:Middlewares/ST/STM32_USB_Device_Library/Class/CDC/Src/usbd_cdc.c ****   *           These aspects may be enriched or modified for a specific user application.
ARM GAS  /tmp/cciwB85O.s 			page 2


  31:Middlewares/ST/STM32_USB_Device_Library/Class/CDC/Src/usbd_cdc.c ****   *
  32:Middlewares/ST/STM32_USB_Device_Library/Class/CDC/Src/usbd_cdc.c ****   *            This driver doesn't implement the following aspects of the specification
  33:Middlewares/ST/STM32_USB_Device_Library/Class/CDC/Src/usbd_cdc.c ****   *            (but it is possible to manage these features with some modifications on this driver)
  34:Middlewares/ST/STM32_USB_Device_Library/Class/CDC/Src/usbd_cdc.c ****   *             - Any class-specific aspect relative to communication classes should be managed by 
  35:Middlewares/ST/STM32_USB_Device_Library/Class/CDC/Src/usbd_cdc.c ****   *             - All communication classes other than PSTN are not managed
  36:Middlewares/ST/STM32_USB_Device_Library/Class/CDC/Src/usbd_cdc.c ****   *
  37:Middlewares/ST/STM32_USB_Device_Library/Class/CDC/Src/usbd_cdc.c ****   *  @endverbatim
  38:Middlewares/ST/STM32_USB_Device_Library/Class/CDC/Src/usbd_cdc.c ****   *
  39:Middlewares/ST/STM32_USB_Device_Library/Class/CDC/Src/usbd_cdc.c ****   ******************************************************************************
  40:Middlewares/ST/STM32_USB_Device_Library/Class/CDC/Src/usbd_cdc.c ****   * @attention
  41:Middlewares/ST/STM32_USB_Device_Library/Class/CDC/Src/usbd_cdc.c ****   *
  42:Middlewares/ST/STM32_USB_Device_Library/Class/CDC/Src/usbd_cdc.c ****   * <h2><center>&copy; Copyright (c) 2015 STMicroelectronics.
  43:Middlewares/ST/STM32_USB_Device_Library/Class/CDC/Src/usbd_cdc.c ****   * All rights reserved.</center></h2>
  44:Middlewares/ST/STM32_USB_Device_Library/Class/CDC/Src/usbd_cdc.c ****   *
  45:Middlewares/ST/STM32_USB_Device_Library/Class/CDC/Src/usbd_cdc.c ****   * This software component is licensed by ST under Ultimate Liberty license
  46:Middlewares/ST/STM32_USB_Device_Library/Class/CDC/Src/usbd_cdc.c ****   * SLA0044, the "License"; You may not use this file except in compliance with
  47:Middlewares/ST/STM32_USB_Device_Library/Class/CDC/Src/usbd_cdc.c ****   * the License. You may obtain a copy of the License at:
  48:Middlewares/ST/STM32_USB_Device_Library/Class/CDC/Src/usbd_cdc.c ****   *                      www.st.com/SLA0044
  49:Middlewares/ST/STM32_USB_Device_Library/Class/CDC/Src/usbd_cdc.c ****   *
  50:Middlewares/ST/STM32_USB_Device_Library/Class/CDC/Src/usbd_cdc.c ****   ******************************************************************************
  51:Middlewares/ST/STM32_USB_Device_Library/Class/CDC/Src/usbd_cdc.c ****   */
  52:Middlewares/ST/STM32_USB_Device_Library/Class/CDC/Src/usbd_cdc.c **** 
  53:Middlewares/ST/STM32_USB_Device_Library/Class/CDC/Src/usbd_cdc.c **** /* BSPDependencies
  54:Middlewares/ST/STM32_USB_Device_Library/Class/CDC/Src/usbd_cdc.c **** - "stm32xxxxx_{eval}{discovery}{nucleo_144}.c"
  55:Middlewares/ST/STM32_USB_Device_Library/Class/CDC/Src/usbd_cdc.c **** - "stm32xxxxx_{eval}{discovery}_io.c"
  56:Middlewares/ST/STM32_USB_Device_Library/Class/CDC/Src/usbd_cdc.c **** EndBSPDependencies */
  57:Middlewares/ST/STM32_USB_Device_Library/Class/CDC/Src/usbd_cdc.c **** 
  58:Middlewares/ST/STM32_USB_Device_Library/Class/CDC/Src/usbd_cdc.c **** /* Includes ------------------------------------------------------------------*/
  59:Middlewares/ST/STM32_USB_Device_Library/Class/CDC/Src/usbd_cdc.c **** #include "usbd_cdc.h"
  60:Middlewares/ST/STM32_USB_Device_Library/Class/CDC/Src/usbd_cdc.c **** #include "usbd_ctlreq.h"
  61:Middlewares/ST/STM32_USB_Device_Library/Class/CDC/Src/usbd_cdc.c **** 
  62:Middlewares/ST/STM32_USB_Device_Library/Class/CDC/Src/usbd_cdc.c **** 
  63:Middlewares/ST/STM32_USB_Device_Library/Class/CDC/Src/usbd_cdc.c **** /** @addtogroup STM32_USB_DEVICE_LIBRARY
  64:Middlewares/ST/STM32_USB_Device_Library/Class/CDC/Src/usbd_cdc.c ****   * @{
  65:Middlewares/ST/STM32_USB_Device_Library/Class/CDC/Src/usbd_cdc.c ****   */
  66:Middlewares/ST/STM32_USB_Device_Library/Class/CDC/Src/usbd_cdc.c **** 
  67:Middlewares/ST/STM32_USB_Device_Library/Class/CDC/Src/usbd_cdc.c **** 
  68:Middlewares/ST/STM32_USB_Device_Library/Class/CDC/Src/usbd_cdc.c **** /** @defgroup USBD_CDC
  69:Middlewares/ST/STM32_USB_Device_Library/Class/CDC/Src/usbd_cdc.c ****   * @brief usbd core module
  70:Middlewares/ST/STM32_USB_Device_Library/Class/CDC/Src/usbd_cdc.c ****   * @{
  71:Middlewares/ST/STM32_USB_Device_Library/Class/CDC/Src/usbd_cdc.c ****   */
  72:Middlewares/ST/STM32_USB_Device_Library/Class/CDC/Src/usbd_cdc.c **** 
  73:Middlewares/ST/STM32_USB_Device_Library/Class/CDC/Src/usbd_cdc.c **** /** @defgroup USBD_CDC_Private_TypesDefinitions
  74:Middlewares/ST/STM32_USB_Device_Library/Class/CDC/Src/usbd_cdc.c ****   * @{
  75:Middlewares/ST/STM32_USB_Device_Library/Class/CDC/Src/usbd_cdc.c ****   */
  76:Middlewares/ST/STM32_USB_Device_Library/Class/CDC/Src/usbd_cdc.c **** /**
  77:Middlewares/ST/STM32_USB_Device_Library/Class/CDC/Src/usbd_cdc.c ****   * @}
  78:Middlewares/ST/STM32_USB_Device_Library/Class/CDC/Src/usbd_cdc.c ****   */
  79:Middlewares/ST/STM32_USB_Device_Library/Class/CDC/Src/usbd_cdc.c **** 
  80:Middlewares/ST/STM32_USB_Device_Library/Class/CDC/Src/usbd_cdc.c **** 
  81:Middlewares/ST/STM32_USB_Device_Library/Class/CDC/Src/usbd_cdc.c **** /** @defgroup USBD_CDC_Private_Defines
  82:Middlewares/ST/STM32_USB_Device_Library/Class/CDC/Src/usbd_cdc.c ****   * @{
  83:Middlewares/ST/STM32_USB_Device_Library/Class/CDC/Src/usbd_cdc.c ****   */
  84:Middlewares/ST/STM32_USB_Device_Library/Class/CDC/Src/usbd_cdc.c **** /**
  85:Middlewares/ST/STM32_USB_Device_Library/Class/CDC/Src/usbd_cdc.c ****   * @}
  86:Middlewares/ST/STM32_USB_Device_Library/Class/CDC/Src/usbd_cdc.c ****   */
  87:Middlewares/ST/STM32_USB_Device_Library/Class/CDC/Src/usbd_cdc.c **** 
ARM GAS  /tmp/cciwB85O.s 			page 3


  88:Middlewares/ST/STM32_USB_Device_Library/Class/CDC/Src/usbd_cdc.c **** 
  89:Middlewares/ST/STM32_USB_Device_Library/Class/CDC/Src/usbd_cdc.c **** /** @defgroup USBD_CDC_Private_Macros
  90:Middlewares/ST/STM32_USB_Device_Library/Class/CDC/Src/usbd_cdc.c ****   * @{
  91:Middlewares/ST/STM32_USB_Device_Library/Class/CDC/Src/usbd_cdc.c ****   */
  92:Middlewares/ST/STM32_USB_Device_Library/Class/CDC/Src/usbd_cdc.c **** 
  93:Middlewares/ST/STM32_USB_Device_Library/Class/CDC/Src/usbd_cdc.c **** /**
  94:Middlewares/ST/STM32_USB_Device_Library/Class/CDC/Src/usbd_cdc.c ****   * @}
  95:Middlewares/ST/STM32_USB_Device_Library/Class/CDC/Src/usbd_cdc.c ****   */
  96:Middlewares/ST/STM32_USB_Device_Library/Class/CDC/Src/usbd_cdc.c **** 
  97:Middlewares/ST/STM32_USB_Device_Library/Class/CDC/Src/usbd_cdc.c **** 
  98:Middlewares/ST/STM32_USB_Device_Library/Class/CDC/Src/usbd_cdc.c **** /** @defgroup USBD_CDC_Private_FunctionPrototypes
  99:Middlewares/ST/STM32_USB_Device_Library/Class/CDC/Src/usbd_cdc.c ****   * @{
 100:Middlewares/ST/STM32_USB_Device_Library/Class/CDC/Src/usbd_cdc.c ****   */
 101:Middlewares/ST/STM32_USB_Device_Library/Class/CDC/Src/usbd_cdc.c **** 
 102:Middlewares/ST/STM32_USB_Device_Library/Class/CDC/Src/usbd_cdc.c **** static uint8_t USBD_CDC_Init(USBD_HandleTypeDef *pdev, uint8_t cfgidx);
 103:Middlewares/ST/STM32_USB_Device_Library/Class/CDC/Src/usbd_cdc.c **** static uint8_t USBD_CDC_DeInit(USBD_HandleTypeDef *pdev, uint8_t cfgidx);
 104:Middlewares/ST/STM32_USB_Device_Library/Class/CDC/Src/usbd_cdc.c **** static uint8_t USBD_CDC_Setup(USBD_HandleTypeDef *pdev, USBD_SetupReqTypedef *req);
 105:Middlewares/ST/STM32_USB_Device_Library/Class/CDC/Src/usbd_cdc.c **** static uint8_t USBD_CDC_DataIn(USBD_HandleTypeDef *pdev, uint8_t epnum);
 106:Middlewares/ST/STM32_USB_Device_Library/Class/CDC/Src/usbd_cdc.c **** static uint8_t USBD_CDC_DataOut(USBD_HandleTypeDef *pdev, uint8_t epnum);
 107:Middlewares/ST/STM32_USB_Device_Library/Class/CDC/Src/usbd_cdc.c **** static uint8_t USBD_CDC_EP0_RxReady(USBD_HandleTypeDef *pdev);
 108:Middlewares/ST/STM32_USB_Device_Library/Class/CDC/Src/usbd_cdc.c **** 
 109:Middlewares/ST/STM32_USB_Device_Library/Class/CDC/Src/usbd_cdc.c **** static uint8_t *USBD_CDC_GetFSCfgDesc(uint16_t *length);
 110:Middlewares/ST/STM32_USB_Device_Library/Class/CDC/Src/usbd_cdc.c **** static uint8_t *USBD_CDC_GetHSCfgDesc(uint16_t *length);
 111:Middlewares/ST/STM32_USB_Device_Library/Class/CDC/Src/usbd_cdc.c **** static uint8_t *USBD_CDC_GetOtherSpeedCfgDesc(uint16_t *length);
 112:Middlewares/ST/STM32_USB_Device_Library/Class/CDC/Src/usbd_cdc.c **** static uint8_t *USBD_CDC_GetOtherSpeedCfgDesc(uint16_t *length);
 113:Middlewares/ST/STM32_USB_Device_Library/Class/CDC/Src/usbd_cdc.c **** uint8_t *USBD_CDC_GetDeviceQualifierDescriptor(uint16_t *length);
 114:Middlewares/ST/STM32_USB_Device_Library/Class/CDC/Src/usbd_cdc.c **** 
 115:Middlewares/ST/STM32_USB_Device_Library/Class/CDC/Src/usbd_cdc.c **** /* USB Standard Device Descriptor */
 116:Middlewares/ST/STM32_USB_Device_Library/Class/CDC/Src/usbd_cdc.c **** __ALIGN_BEGIN static uint8_t USBD_CDC_DeviceQualifierDesc[USB_LEN_DEV_QUALIFIER_DESC] __ALIGN_END =
 117:Middlewares/ST/STM32_USB_Device_Library/Class/CDC/Src/usbd_cdc.c **** {
 118:Middlewares/ST/STM32_USB_Device_Library/Class/CDC/Src/usbd_cdc.c ****   USB_LEN_DEV_QUALIFIER_DESC,
 119:Middlewares/ST/STM32_USB_Device_Library/Class/CDC/Src/usbd_cdc.c ****   USB_DESC_TYPE_DEVICE_QUALIFIER,
 120:Middlewares/ST/STM32_USB_Device_Library/Class/CDC/Src/usbd_cdc.c ****   0x00,
 121:Middlewares/ST/STM32_USB_Device_Library/Class/CDC/Src/usbd_cdc.c ****   0x02,
 122:Middlewares/ST/STM32_USB_Device_Library/Class/CDC/Src/usbd_cdc.c ****   0x00,
 123:Middlewares/ST/STM32_USB_Device_Library/Class/CDC/Src/usbd_cdc.c ****   0x00,
 124:Middlewares/ST/STM32_USB_Device_Library/Class/CDC/Src/usbd_cdc.c ****   0x00,
 125:Middlewares/ST/STM32_USB_Device_Library/Class/CDC/Src/usbd_cdc.c ****   0x40,
 126:Middlewares/ST/STM32_USB_Device_Library/Class/CDC/Src/usbd_cdc.c ****   0x01,
 127:Middlewares/ST/STM32_USB_Device_Library/Class/CDC/Src/usbd_cdc.c ****   0x00,
 128:Middlewares/ST/STM32_USB_Device_Library/Class/CDC/Src/usbd_cdc.c **** };
 129:Middlewares/ST/STM32_USB_Device_Library/Class/CDC/Src/usbd_cdc.c **** 
 130:Middlewares/ST/STM32_USB_Device_Library/Class/CDC/Src/usbd_cdc.c **** /**
 131:Middlewares/ST/STM32_USB_Device_Library/Class/CDC/Src/usbd_cdc.c ****   * @}
 132:Middlewares/ST/STM32_USB_Device_Library/Class/CDC/Src/usbd_cdc.c ****   */
 133:Middlewares/ST/STM32_USB_Device_Library/Class/CDC/Src/usbd_cdc.c **** 
 134:Middlewares/ST/STM32_USB_Device_Library/Class/CDC/Src/usbd_cdc.c **** /** @defgroup USBD_CDC_Private_Variables
 135:Middlewares/ST/STM32_USB_Device_Library/Class/CDC/Src/usbd_cdc.c ****   * @{
 136:Middlewares/ST/STM32_USB_Device_Library/Class/CDC/Src/usbd_cdc.c ****   */
 137:Middlewares/ST/STM32_USB_Device_Library/Class/CDC/Src/usbd_cdc.c **** 
 138:Middlewares/ST/STM32_USB_Device_Library/Class/CDC/Src/usbd_cdc.c **** 
 139:Middlewares/ST/STM32_USB_Device_Library/Class/CDC/Src/usbd_cdc.c **** /* CDC interface class callbacks structure */
 140:Middlewares/ST/STM32_USB_Device_Library/Class/CDC/Src/usbd_cdc.c **** USBD_ClassTypeDef  USBD_CDC =
 141:Middlewares/ST/STM32_USB_Device_Library/Class/CDC/Src/usbd_cdc.c **** {
 142:Middlewares/ST/STM32_USB_Device_Library/Class/CDC/Src/usbd_cdc.c ****   USBD_CDC_Init,
 143:Middlewares/ST/STM32_USB_Device_Library/Class/CDC/Src/usbd_cdc.c ****   USBD_CDC_DeInit,
 144:Middlewares/ST/STM32_USB_Device_Library/Class/CDC/Src/usbd_cdc.c ****   USBD_CDC_Setup,
ARM GAS  /tmp/cciwB85O.s 			page 4


 145:Middlewares/ST/STM32_USB_Device_Library/Class/CDC/Src/usbd_cdc.c ****   NULL,                 /* EP0_TxSent, */
 146:Middlewares/ST/STM32_USB_Device_Library/Class/CDC/Src/usbd_cdc.c ****   USBD_CDC_EP0_RxReady,
 147:Middlewares/ST/STM32_USB_Device_Library/Class/CDC/Src/usbd_cdc.c ****   USBD_CDC_DataIn,
 148:Middlewares/ST/STM32_USB_Device_Library/Class/CDC/Src/usbd_cdc.c ****   USBD_CDC_DataOut,
 149:Middlewares/ST/STM32_USB_Device_Library/Class/CDC/Src/usbd_cdc.c ****   NULL,
 150:Middlewares/ST/STM32_USB_Device_Library/Class/CDC/Src/usbd_cdc.c ****   NULL,
 151:Middlewares/ST/STM32_USB_Device_Library/Class/CDC/Src/usbd_cdc.c ****   NULL,
 152:Middlewares/ST/STM32_USB_Device_Library/Class/CDC/Src/usbd_cdc.c ****   USBD_CDC_GetHSCfgDesc,
 153:Middlewares/ST/STM32_USB_Device_Library/Class/CDC/Src/usbd_cdc.c ****   USBD_CDC_GetFSCfgDesc,
 154:Middlewares/ST/STM32_USB_Device_Library/Class/CDC/Src/usbd_cdc.c ****   USBD_CDC_GetOtherSpeedCfgDesc,
 155:Middlewares/ST/STM32_USB_Device_Library/Class/CDC/Src/usbd_cdc.c ****   USBD_CDC_GetDeviceQualifierDescriptor,
 156:Middlewares/ST/STM32_USB_Device_Library/Class/CDC/Src/usbd_cdc.c **** };
 157:Middlewares/ST/STM32_USB_Device_Library/Class/CDC/Src/usbd_cdc.c **** 
 158:Middlewares/ST/STM32_USB_Device_Library/Class/CDC/Src/usbd_cdc.c **** /* USB CDC device Configuration Descriptor */
 159:Middlewares/ST/STM32_USB_Device_Library/Class/CDC/Src/usbd_cdc.c **** __ALIGN_BEGIN static uint8_t USBD_CDC_CfgHSDesc[USB_CDC_CONFIG_DESC_SIZ] __ALIGN_END =
 160:Middlewares/ST/STM32_USB_Device_Library/Class/CDC/Src/usbd_cdc.c **** {
 161:Middlewares/ST/STM32_USB_Device_Library/Class/CDC/Src/usbd_cdc.c ****   /* Configuration Descriptor */
 162:Middlewares/ST/STM32_USB_Device_Library/Class/CDC/Src/usbd_cdc.c ****   0x09,                                       /* bLength: Configuration Descriptor size */
 163:Middlewares/ST/STM32_USB_Device_Library/Class/CDC/Src/usbd_cdc.c ****   USB_DESC_TYPE_CONFIGURATION,                /* bDescriptorType: Configuration */
 164:Middlewares/ST/STM32_USB_Device_Library/Class/CDC/Src/usbd_cdc.c ****   USB_CDC_CONFIG_DESC_SIZ,                    /* wTotalLength:no of returned bytes */
 165:Middlewares/ST/STM32_USB_Device_Library/Class/CDC/Src/usbd_cdc.c ****   0x00,
 166:Middlewares/ST/STM32_USB_Device_Library/Class/CDC/Src/usbd_cdc.c ****   0x02,                                       /* bNumInterfaces: 2 interface */
 167:Middlewares/ST/STM32_USB_Device_Library/Class/CDC/Src/usbd_cdc.c ****   0x01,                                       /* bConfigurationValue: Configuration value */
 168:Middlewares/ST/STM32_USB_Device_Library/Class/CDC/Src/usbd_cdc.c ****   0x00,                                       /* iConfiguration: Index of string descriptor describ
 169:Middlewares/ST/STM32_USB_Device_Library/Class/CDC/Src/usbd_cdc.c **** #if (USBD_SELF_POWERED == 1U)
 170:Middlewares/ST/STM32_USB_Device_Library/Class/CDC/Src/usbd_cdc.c ****   0xC0,                                       /* bmAttributes: Bus Powered according to user config
 171:Middlewares/ST/STM32_USB_Device_Library/Class/CDC/Src/usbd_cdc.c **** #else
 172:Middlewares/ST/STM32_USB_Device_Library/Class/CDC/Src/usbd_cdc.c ****   0x80,                                       /* bmAttributes: Bus Powered according to user config
 173:Middlewares/ST/STM32_USB_Device_Library/Class/CDC/Src/usbd_cdc.c **** #endif
 174:Middlewares/ST/STM32_USB_Device_Library/Class/CDC/Src/usbd_cdc.c ****   USBD_MAX_POWER,                             /* MaxPower 100 mA */
 175:Middlewares/ST/STM32_USB_Device_Library/Class/CDC/Src/usbd_cdc.c **** 
 176:Middlewares/ST/STM32_USB_Device_Library/Class/CDC/Src/usbd_cdc.c ****   /*---------------------------------------------------------------------------*/
 177:Middlewares/ST/STM32_USB_Device_Library/Class/CDC/Src/usbd_cdc.c **** 
 178:Middlewares/ST/STM32_USB_Device_Library/Class/CDC/Src/usbd_cdc.c ****   /* Interface Descriptor */
 179:Middlewares/ST/STM32_USB_Device_Library/Class/CDC/Src/usbd_cdc.c ****   0x09,                                       /* bLength: Interface Descriptor size */
 180:Middlewares/ST/STM32_USB_Device_Library/Class/CDC/Src/usbd_cdc.c ****   USB_DESC_TYPE_INTERFACE,                    /* bDescriptorType: Interface */
 181:Middlewares/ST/STM32_USB_Device_Library/Class/CDC/Src/usbd_cdc.c ****   0x00,                                       /* bInterfaceNumber: Number of Interface */
 182:Middlewares/ST/STM32_USB_Device_Library/Class/CDC/Src/usbd_cdc.c ****   0x00,                                       /* bAlternateSetting: Alternate setting */
 183:Middlewares/ST/STM32_USB_Device_Library/Class/CDC/Src/usbd_cdc.c ****   0x01,                                       /* bNumEndpoints: One endpoints used */
 184:Middlewares/ST/STM32_USB_Device_Library/Class/CDC/Src/usbd_cdc.c ****   0x02,                                       /* bInterfaceClass: Communication Interface Class */
 185:Middlewares/ST/STM32_USB_Device_Library/Class/CDC/Src/usbd_cdc.c ****   0x02,                                       /* bInterfaceSubClass: Abstract Control Model */
 186:Middlewares/ST/STM32_USB_Device_Library/Class/CDC/Src/usbd_cdc.c ****   0x01,                                       /* bInterfaceProtocol: Common AT commands */
 187:Middlewares/ST/STM32_USB_Device_Library/Class/CDC/Src/usbd_cdc.c ****   0x00,                                       /* iInterface: */
 188:Middlewares/ST/STM32_USB_Device_Library/Class/CDC/Src/usbd_cdc.c **** 
 189:Middlewares/ST/STM32_USB_Device_Library/Class/CDC/Src/usbd_cdc.c ****   /* Header Functional Descriptor */
 190:Middlewares/ST/STM32_USB_Device_Library/Class/CDC/Src/usbd_cdc.c ****   0x05,                                       /* bLength: Endpoint Descriptor size */
 191:Middlewares/ST/STM32_USB_Device_Library/Class/CDC/Src/usbd_cdc.c ****   0x24,                                       /* bDescriptorType: CS_INTERFACE */
 192:Middlewares/ST/STM32_USB_Device_Library/Class/CDC/Src/usbd_cdc.c ****   0x00,                                       /* bDescriptorSubtype: Header Func Desc */
 193:Middlewares/ST/STM32_USB_Device_Library/Class/CDC/Src/usbd_cdc.c ****   0x10,                                       /* bcdCDC: spec release number */
 194:Middlewares/ST/STM32_USB_Device_Library/Class/CDC/Src/usbd_cdc.c ****   0x01,
 195:Middlewares/ST/STM32_USB_Device_Library/Class/CDC/Src/usbd_cdc.c **** 
 196:Middlewares/ST/STM32_USB_Device_Library/Class/CDC/Src/usbd_cdc.c ****   /* Call Management Functional Descriptor */
 197:Middlewares/ST/STM32_USB_Device_Library/Class/CDC/Src/usbd_cdc.c ****   0x05,                                       /* bFunctionLength */
 198:Middlewares/ST/STM32_USB_Device_Library/Class/CDC/Src/usbd_cdc.c ****   0x24,                                       /* bDescriptorType: CS_INTERFACE */
 199:Middlewares/ST/STM32_USB_Device_Library/Class/CDC/Src/usbd_cdc.c ****   0x01,                                       /* bDescriptorSubtype: Call Management Func Desc */
 200:Middlewares/ST/STM32_USB_Device_Library/Class/CDC/Src/usbd_cdc.c ****   0x00,                                       /* bmCapabilities: D0+D1 */
 201:Middlewares/ST/STM32_USB_Device_Library/Class/CDC/Src/usbd_cdc.c ****   0x01,                                       /* bDataInterface: 1 */
ARM GAS  /tmp/cciwB85O.s 			page 5


 202:Middlewares/ST/STM32_USB_Device_Library/Class/CDC/Src/usbd_cdc.c **** 
 203:Middlewares/ST/STM32_USB_Device_Library/Class/CDC/Src/usbd_cdc.c ****   /* ACM Functional Descriptor */
 204:Middlewares/ST/STM32_USB_Device_Library/Class/CDC/Src/usbd_cdc.c ****   0x04,                                       /* bFunctionLength */
 205:Middlewares/ST/STM32_USB_Device_Library/Class/CDC/Src/usbd_cdc.c ****   0x24,                                       /* bDescriptorType: CS_INTERFACE */
 206:Middlewares/ST/STM32_USB_Device_Library/Class/CDC/Src/usbd_cdc.c ****   0x02,                                       /* bDescriptorSubtype: Abstract Control Management de
 207:Middlewares/ST/STM32_USB_Device_Library/Class/CDC/Src/usbd_cdc.c ****   0x02,                                       /* bmCapabilities */
 208:Middlewares/ST/STM32_USB_Device_Library/Class/CDC/Src/usbd_cdc.c **** 
 209:Middlewares/ST/STM32_USB_Device_Library/Class/CDC/Src/usbd_cdc.c ****   /* Union Functional Descriptor */
 210:Middlewares/ST/STM32_USB_Device_Library/Class/CDC/Src/usbd_cdc.c ****   0x05,                                       /* bFunctionLength */
 211:Middlewares/ST/STM32_USB_Device_Library/Class/CDC/Src/usbd_cdc.c ****   0x24,                                       /* bDescriptorType: CS_INTERFACE */
 212:Middlewares/ST/STM32_USB_Device_Library/Class/CDC/Src/usbd_cdc.c ****   0x06,                                       /* bDescriptorSubtype: Union func desc */
 213:Middlewares/ST/STM32_USB_Device_Library/Class/CDC/Src/usbd_cdc.c ****   0x00,                                       /* bMasterInterface: Communication class interface */
 214:Middlewares/ST/STM32_USB_Device_Library/Class/CDC/Src/usbd_cdc.c ****   0x01,                                       /* bSlaveInterface0: Data Class Interface */
 215:Middlewares/ST/STM32_USB_Device_Library/Class/CDC/Src/usbd_cdc.c **** 
 216:Middlewares/ST/STM32_USB_Device_Library/Class/CDC/Src/usbd_cdc.c ****   /* Endpoint 2 Descriptor */
 217:Middlewares/ST/STM32_USB_Device_Library/Class/CDC/Src/usbd_cdc.c ****   0x07,                                       /* bLength: Endpoint Descriptor size */
 218:Middlewares/ST/STM32_USB_Device_Library/Class/CDC/Src/usbd_cdc.c ****   USB_DESC_TYPE_ENDPOINT,                     /* bDescriptorType: Endpoint */
 219:Middlewares/ST/STM32_USB_Device_Library/Class/CDC/Src/usbd_cdc.c ****   CDC_CMD_EP,                                 /* bEndpointAddress */
 220:Middlewares/ST/STM32_USB_Device_Library/Class/CDC/Src/usbd_cdc.c ****   0x03,                                       /* bmAttributes: Interrupt */
 221:Middlewares/ST/STM32_USB_Device_Library/Class/CDC/Src/usbd_cdc.c ****   LOBYTE(CDC_CMD_PACKET_SIZE),                /* wMaxPacketSize: */
 222:Middlewares/ST/STM32_USB_Device_Library/Class/CDC/Src/usbd_cdc.c ****   HIBYTE(CDC_CMD_PACKET_SIZE),
 223:Middlewares/ST/STM32_USB_Device_Library/Class/CDC/Src/usbd_cdc.c ****   CDC_HS_BINTERVAL,                           /* bInterval: */
 224:Middlewares/ST/STM32_USB_Device_Library/Class/CDC/Src/usbd_cdc.c ****   /*---------------------------------------------------------------------------*/
 225:Middlewares/ST/STM32_USB_Device_Library/Class/CDC/Src/usbd_cdc.c **** 
 226:Middlewares/ST/STM32_USB_Device_Library/Class/CDC/Src/usbd_cdc.c ****   /* Data class interface descriptor */
 227:Middlewares/ST/STM32_USB_Device_Library/Class/CDC/Src/usbd_cdc.c ****   0x09,                                       /* bLength: Endpoint Descriptor size */
 228:Middlewares/ST/STM32_USB_Device_Library/Class/CDC/Src/usbd_cdc.c ****   USB_DESC_TYPE_INTERFACE,                    /* bDescriptorType: */
 229:Middlewares/ST/STM32_USB_Device_Library/Class/CDC/Src/usbd_cdc.c ****   0x01,                                       /* bInterfaceNumber: Number of Interface */
 230:Middlewares/ST/STM32_USB_Device_Library/Class/CDC/Src/usbd_cdc.c ****   0x00,                                       /* bAlternateSetting: Alternate setting */
 231:Middlewares/ST/STM32_USB_Device_Library/Class/CDC/Src/usbd_cdc.c ****   0x02,                                       /* bNumEndpoints: Two endpoints used */
 232:Middlewares/ST/STM32_USB_Device_Library/Class/CDC/Src/usbd_cdc.c ****   0x0A,                                       /* bInterfaceClass: CDC */
 233:Middlewares/ST/STM32_USB_Device_Library/Class/CDC/Src/usbd_cdc.c ****   0x00,                                       /* bInterfaceSubClass: */
 234:Middlewares/ST/STM32_USB_Device_Library/Class/CDC/Src/usbd_cdc.c ****   0x00,                                       /* bInterfaceProtocol: */
 235:Middlewares/ST/STM32_USB_Device_Library/Class/CDC/Src/usbd_cdc.c ****   0x00,                                       /* iInterface: */
 236:Middlewares/ST/STM32_USB_Device_Library/Class/CDC/Src/usbd_cdc.c **** 
 237:Middlewares/ST/STM32_USB_Device_Library/Class/CDC/Src/usbd_cdc.c ****   /* Endpoint OUT Descriptor */
 238:Middlewares/ST/STM32_USB_Device_Library/Class/CDC/Src/usbd_cdc.c ****   0x07,                                       /* bLength: Endpoint Descriptor size */
 239:Middlewares/ST/STM32_USB_Device_Library/Class/CDC/Src/usbd_cdc.c ****   USB_DESC_TYPE_ENDPOINT,                     /* bDescriptorType: Endpoint */
 240:Middlewares/ST/STM32_USB_Device_Library/Class/CDC/Src/usbd_cdc.c ****   CDC_OUT_EP,                                 /* bEndpointAddress */
 241:Middlewares/ST/STM32_USB_Device_Library/Class/CDC/Src/usbd_cdc.c ****   0x02,                                       /* bmAttributes: Bulk */
 242:Middlewares/ST/STM32_USB_Device_Library/Class/CDC/Src/usbd_cdc.c ****   LOBYTE(CDC_DATA_HS_MAX_PACKET_SIZE),        /* wMaxPacketSize: */
 243:Middlewares/ST/STM32_USB_Device_Library/Class/CDC/Src/usbd_cdc.c ****   HIBYTE(CDC_DATA_HS_MAX_PACKET_SIZE),
 244:Middlewares/ST/STM32_USB_Device_Library/Class/CDC/Src/usbd_cdc.c ****   0x00,                                       /* bInterval: ignore for Bulk transfer */
 245:Middlewares/ST/STM32_USB_Device_Library/Class/CDC/Src/usbd_cdc.c **** 
 246:Middlewares/ST/STM32_USB_Device_Library/Class/CDC/Src/usbd_cdc.c ****   /* Endpoint IN Descriptor */
 247:Middlewares/ST/STM32_USB_Device_Library/Class/CDC/Src/usbd_cdc.c ****   0x07,                                       /* bLength: Endpoint Descriptor size */
 248:Middlewares/ST/STM32_USB_Device_Library/Class/CDC/Src/usbd_cdc.c ****   USB_DESC_TYPE_ENDPOINT,                     /* bDescriptorType: Endpoint */
 249:Middlewares/ST/STM32_USB_Device_Library/Class/CDC/Src/usbd_cdc.c ****   CDC_IN_EP,                                  /* bEndpointAddress */
 250:Middlewares/ST/STM32_USB_Device_Library/Class/CDC/Src/usbd_cdc.c ****   0x02,                                       /* bmAttributes: Bulk */
 251:Middlewares/ST/STM32_USB_Device_Library/Class/CDC/Src/usbd_cdc.c ****   LOBYTE(CDC_DATA_HS_MAX_PACKET_SIZE),        /* wMaxPacketSize: */
 252:Middlewares/ST/STM32_USB_Device_Library/Class/CDC/Src/usbd_cdc.c ****   HIBYTE(CDC_DATA_HS_MAX_PACKET_SIZE),
 253:Middlewares/ST/STM32_USB_Device_Library/Class/CDC/Src/usbd_cdc.c ****   0x00                                        /* bInterval: ignore for Bulk transfer */
 254:Middlewares/ST/STM32_USB_Device_Library/Class/CDC/Src/usbd_cdc.c **** };
 255:Middlewares/ST/STM32_USB_Device_Library/Class/CDC/Src/usbd_cdc.c **** 
 256:Middlewares/ST/STM32_USB_Device_Library/Class/CDC/Src/usbd_cdc.c **** 
 257:Middlewares/ST/STM32_USB_Device_Library/Class/CDC/Src/usbd_cdc.c **** /* USB CDC device Configuration Descriptor */
 258:Middlewares/ST/STM32_USB_Device_Library/Class/CDC/Src/usbd_cdc.c **** __ALIGN_BEGIN static uint8_t USBD_CDC_CfgFSDesc[USB_CDC_CONFIG_DESC_SIZ] __ALIGN_END =
ARM GAS  /tmp/cciwB85O.s 			page 6


 259:Middlewares/ST/STM32_USB_Device_Library/Class/CDC/Src/usbd_cdc.c **** {
 260:Middlewares/ST/STM32_USB_Device_Library/Class/CDC/Src/usbd_cdc.c ****   /* Configuration Descriptor */
 261:Middlewares/ST/STM32_USB_Device_Library/Class/CDC/Src/usbd_cdc.c ****   0x09,                                       /* bLength: Configuration Descriptor size */
 262:Middlewares/ST/STM32_USB_Device_Library/Class/CDC/Src/usbd_cdc.c ****   USB_DESC_TYPE_CONFIGURATION,                /* bDescriptorType: Configuration */
 263:Middlewares/ST/STM32_USB_Device_Library/Class/CDC/Src/usbd_cdc.c ****   USB_CDC_CONFIG_DESC_SIZ,                    /* wTotalLength:no of returned bytes */
 264:Middlewares/ST/STM32_USB_Device_Library/Class/CDC/Src/usbd_cdc.c ****   0x00,
 265:Middlewares/ST/STM32_USB_Device_Library/Class/CDC/Src/usbd_cdc.c ****   0x02,                                       /* bNumInterfaces: 2 interface */
 266:Middlewares/ST/STM32_USB_Device_Library/Class/CDC/Src/usbd_cdc.c ****   0x01,                                       /* bConfigurationValue: Configuration value */
 267:Middlewares/ST/STM32_USB_Device_Library/Class/CDC/Src/usbd_cdc.c ****   0x00,                                       /* iConfiguration: Index of string descriptor describ
 268:Middlewares/ST/STM32_USB_Device_Library/Class/CDC/Src/usbd_cdc.c **** #if (USBD_SELF_POWERED == 1U)
 269:Middlewares/ST/STM32_USB_Device_Library/Class/CDC/Src/usbd_cdc.c ****   0xC0,                                       /* bmAttributes: Bus Powered according to user config
 270:Middlewares/ST/STM32_USB_Device_Library/Class/CDC/Src/usbd_cdc.c **** #else
 271:Middlewares/ST/STM32_USB_Device_Library/Class/CDC/Src/usbd_cdc.c ****   0x80,                                       /* bmAttributes: Bus Powered according to user config
 272:Middlewares/ST/STM32_USB_Device_Library/Class/CDC/Src/usbd_cdc.c **** #endif
 273:Middlewares/ST/STM32_USB_Device_Library/Class/CDC/Src/usbd_cdc.c ****   USBD_MAX_POWER,                             /* MaxPower 100 mA */
 274:Middlewares/ST/STM32_USB_Device_Library/Class/CDC/Src/usbd_cdc.c **** 
 275:Middlewares/ST/STM32_USB_Device_Library/Class/CDC/Src/usbd_cdc.c ****   /*---------------------------------------------------------------------------*/
 276:Middlewares/ST/STM32_USB_Device_Library/Class/CDC/Src/usbd_cdc.c **** 
 277:Middlewares/ST/STM32_USB_Device_Library/Class/CDC/Src/usbd_cdc.c ****   /* Interface Descriptor */
 278:Middlewares/ST/STM32_USB_Device_Library/Class/CDC/Src/usbd_cdc.c ****   0x09,                                       /* bLength: Interface Descriptor size */
 279:Middlewares/ST/STM32_USB_Device_Library/Class/CDC/Src/usbd_cdc.c ****   USB_DESC_TYPE_INTERFACE,                    /* bDescriptorType: Interface */
 280:Middlewares/ST/STM32_USB_Device_Library/Class/CDC/Src/usbd_cdc.c ****   /* Interface descriptor type */
 281:Middlewares/ST/STM32_USB_Device_Library/Class/CDC/Src/usbd_cdc.c ****   0x00,                                       /* bInterfaceNumber: Number of Interface */
 282:Middlewares/ST/STM32_USB_Device_Library/Class/CDC/Src/usbd_cdc.c ****   0x00,                                       /* bAlternateSetting: Alternate setting */
 283:Middlewares/ST/STM32_USB_Device_Library/Class/CDC/Src/usbd_cdc.c ****   0x01,                                       /* bNumEndpoints: One endpoints used */
 284:Middlewares/ST/STM32_USB_Device_Library/Class/CDC/Src/usbd_cdc.c ****   0x02,                                       /* bInterfaceClass: Communication Interface Class */
 285:Middlewares/ST/STM32_USB_Device_Library/Class/CDC/Src/usbd_cdc.c ****   0x02,                                       /* bInterfaceSubClass: Abstract Control Model */
 286:Middlewares/ST/STM32_USB_Device_Library/Class/CDC/Src/usbd_cdc.c ****   0x01,                                       /* bInterfaceProtocol: Common AT commands */
 287:Middlewares/ST/STM32_USB_Device_Library/Class/CDC/Src/usbd_cdc.c ****   0x00,                                       /* iInterface: */
 288:Middlewares/ST/STM32_USB_Device_Library/Class/CDC/Src/usbd_cdc.c **** 
 289:Middlewares/ST/STM32_USB_Device_Library/Class/CDC/Src/usbd_cdc.c ****   /* Header Functional Descriptor */
 290:Middlewares/ST/STM32_USB_Device_Library/Class/CDC/Src/usbd_cdc.c ****   0x05,                                       /* bLength: Endpoint Descriptor size */
 291:Middlewares/ST/STM32_USB_Device_Library/Class/CDC/Src/usbd_cdc.c ****   0x24,                                       /* bDescriptorType: CS_INTERFACE */
 292:Middlewares/ST/STM32_USB_Device_Library/Class/CDC/Src/usbd_cdc.c ****   0x00,                                       /* bDescriptorSubtype: Header Func Desc */
 293:Middlewares/ST/STM32_USB_Device_Library/Class/CDC/Src/usbd_cdc.c ****   0x10,                                       /* bcdCDC: spec release number */
 294:Middlewares/ST/STM32_USB_Device_Library/Class/CDC/Src/usbd_cdc.c ****   0x01,
 295:Middlewares/ST/STM32_USB_Device_Library/Class/CDC/Src/usbd_cdc.c **** 
 296:Middlewares/ST/STM32_USB_Device_Library/Class/CDC/Src/usbd_cdc.c ****   /* Call Management Functional Descriptor */
 297:Middlewares/ST/STM32_USB_Device_Library/Class/CDC/Src/usbd_cdc.c ****   0x05,                                       /* bFunctionLength */
 298:Middlewares/ST/STM32_USB_Device_Library/Class/CDC/Src/usbd_cdc.c ****   0x24,                                       /* bDescriptorType: CS_INTERFACE */
 299:Middlewares/ST/STM32_USB_Device_Library/Class/CDC/Src/usbd_cdc.c ****   0x01,                                       /* bDescriptorSubtype: Call Management Func Desc */
 300:Middlewares/ST/STM32_USB_Device_Library/Class/CDC/Src/usbd_cdc.c ****   0x00,                                       /* bmCapabilities: D0+D1 */
 301:Middlewares/ST/STM32_USB_Device_Library/Class/CDC/Src/usbd_cdc.c ****   0x01,                                       /* bDataInterface: 1 */
 302:Middlewares/ST/STM32_USB_Device_Library/Class/CDC/Src/usbd_cdc.c **** 
 303:Middlewares/ST/STM32_USB_Device_Library/Class/CDC/Src/usbd_cdc.c ****   /* ACM Functional Descriptor */
 304:Middlewares/ST/STM32_USB_Device_Library/Class/CDC/Src/usbd_cdc.c ****   0x04,                                       /* bFunctionLength */
 305:Middlewares/ST/STM32_USB_Device_Library/Class/CDC/Src/usbd_cdc.c ****   0x24,                                       /* bDescriptorType: CS_INTERFACE */
 306:Middlewares/ST/STM32_USB_Device_Library/Class/CDC/Src/usbd_cdc.c ****   0x02,                                       /* bDescriptorSubtype: Abstract Control Management de
 307:Middlewares/ST/STM32_USB_Device_Library/Class/CDC/Src/usbd_cdc.c ****   0x02,                                       /* bmCapabilities */
 308:Middlewares/ST/STM32_USB_Device_Library/Class/CDC/Src/usbd_cdc.c **** 
 309:Middlewares/ST/STM32_USB_Device_Library/Class/CDC/Src/usbd_cdc.c ****   /* Union Functional Descriptor */
 310:Middlewares/ST/STM32_USB_Device_Library/Class/CDC/Src/usbd_cdc.c ****   0x05,                                       /* bFunctionLength */
 311:Middlewares/ST/STM32_USB_Device_Library/Class/CDC/Src/usbd_cdc.c ****   0x24,                                       /* bDescriptorType: CS_INTERFACE */
 312:Middlewares/ST/STM32_USB_Device_Library/Class/CDC/Src/usbd_cdc.c ****   0x06,                                       /* bDescriptorSubtype: Union func desc */
 313:Middlewares/ST/STM32_USB_Device_Library/Class/CDC/Src/usbd_cdc.c ****   0x00,                                       /* bMasterInterface: Communication class interface */
 314:Middlewares/ST/STM32_USB_Device_Library/Class/CDC/Src/usbd_cdc.c ****   0x01,                                       /* bSlaveInterface0: Data Class Interface */
 315:Middlewares/ST/STM32_USB_Device_Library/Class/CDC/Src/usbd_cdc.c **** 
ARM GAS  /tmp/cciwB85O.s 			page 7


 316:Middlewares/ST/STM32_USB_Device_Library/Class/CDC/Src/usbd_cdc.c ****   /* Endpoint 2 Descriptor */
 317:Middlewares/ST/STM32_USB_Device_Library/Class/CDC/Src/usbd_cdc.c ****   0x07,                                       /* bLength: Endpoint Descriptor size */
 318:Middlewares/ST/STM32_USB_Device_Library/Class/CDC/Src/usbd_cdc.c ****   USB_DESC_TYPE_ENDPOINT,                     /* bDescriptorType: Endpoint */
 319:Middlewares/ST/STM32_USB_Device_Library/Class/CDC/Src/usbd_cdc.c ****   CDC_CMD_EP,                                 /* bEndpointAddress */
 320:Middlewares/ST/STM32_USB_Device_Library/Class/CDC/Src/usbd_cdc.c ****   0x03,                                       /* bmAttributes: Interrupt */
 321:Middlewares/ST/STM32_USB_Device_Library/Class/CDC/Src/usbd_cdc.c ****   LOBYTE(CDC_CMD_PACKET_SIZE),                /* wMaxPacketSize: */
 322:Middlewares/ST/STM32_USB_Device_Library/Class/CDC/Src/usbd_cdc.c ****   HIBYTE(CDC_CMD_PACKET_SIZE),
 323:Middlewares/ST/STM32_USB_Device_Library/Class/CDC/Src/usbd_cdc.c ****   CDC_FS_BINTERVAL,                           /* bInterval: */
 324:Middlewares/ST/STM32_USB_Device_Library/Class/CDC/Src/usbd_cdc.c ****   /*---------------------------------------------------------------------------*/
 325:Middlewares/ST/STM32_USB_Device_Library/Class/CDC/Src/usbd_cdc.c **** 
 326:Middlewares/ST/STM32_USB_Device_Library/Class/CDC/Src/usbd_cdc.c ****   /* Data class interface descriptor */
 327:Middlewares/ST/STM32_USB_Device_Library/Class/CDC/Src/usbd_cdc.c ****   0x09,                                       /* bLength: Endpoint Descriptor size */
 328:Middlewares/ST/STM32_USB_Device_Library/Class/CDC/Src/usbd_cdc.c ****   USB_DESC_TYPE_INTERFACE,                    /* bDescriptorType: */
 329:Middlewares/ST/STM32_USB_Device_Library/Class/CDC/Src/usbd_cdc.c ****   0x01,                                       /* bInterfaceNumber: Number of Interface */
 330:Middlewares/ST/STM32_USB_Device_Library/Class/CDC/Src/usbd_cdc.c ****   0x00,                                       /* bAlternateSetting: Alternate setting */
 331:Middlewares/ST/STM32_USB_Device_Library/Class/CDC/Src/usbd_cdc.c ****   0x02,                                       /* bNumEndpoints: Two endpoints used */
 332:Middlewares/ST/STM32_USB_Device_Library/Class/CDC/Src/usbd_cdc.c ****   0x0A,                                       /* bInterfaceClass: CDC */
 333:Middlewares/ST/STM32_USB_Device_Library/Class/CDC/Src/usbd_cdc.c ****   0x00,                                       /* bInterfaceSubClass: */
 334:Middlewares/ST/STM32_USB_Device_Library/Class/CDC/Src/usbd_cdc.c ****   0x00,                                       /* bInterfaceProtocol: */
 335:Middlewares/ST/STM32_USB_Device_Library/Class/CDC/Src/usbd_cdc.c ****   0x00,                                       /* iInterface: */
 336:Middlewares/ST/STM32_USB_Device_Library/Class/CDC/Src/usbd_cdc.c **** 
 337:Middlewares/ST/STM32_USB_Device_Library/Class/CDC/Src/usbd_cdc.c ****   /* Endpoint OUT Descriptor */
 338:Middlewares/ST/STM32_USB_Device_Library/Class/CDC/Src/usbd_cdc.c ****   0x07,                                       /* bLength: Endpoint Descriptor size */
 339:Middlewares/ST/STM32_USB_Device_Library/Class/CDC/Src/usbd_cdc.c ****   USB_DESC_TYPE_ENDPOINT,                     /* bDescriptorType: Endpoint */
 340:Middlewares/ST/STM32_USB_Device_Library/Class/CDC/Src/usbd_cdc.c ****   CDC_OUT_EP,                                 /* bEndpointAddress */
 341:Middlewares/ST/STM32_USB_Device_Library/Class/CDC/Src/usbd_cdc.c ****   0x02,                                       /* bmAttributes: Bulk */
 342:Middlewares/ST/STM32_USB_Device_Library/Class/CDC/Src/usbd_cdc.c ****   LOBYTE(CDC_DATA_FS_MAX_PACKET_SIZE),        /* wMaxPacketSize: */
 343:Middlewares/ST/STM32_USB_Device_Library/Class/CDC/Src/usbd_cdc.c ****   HIBYTE(CDC_DATA_FS_MAX_PACKET_SIZE),
 344:Middlewares/ST/STM32_USB_Device_Library/Class/CDC/Src/usbd_cdc.c ****   0x00,                                       /* bInterval: ignore for Bulk transfer */
 345:Middlewares/ST/STM32_USB_Device_Library/Class/CDC/Src/usbd_cdc.c **** 
 346:Middlewares/ST/STM32_USB_Device_Library/Class/CDC/Src/usbd_cdc.c ****   /* Endpoint IN Descriptor */
 347:Middlewares/ST/STM32_USB_Device_Library/Class/CDC/Src/usbd_cdc.c ****   0x07,                                       /* bLength: Endpoint Descriptor size */
 348:Middlewares/ST/STM32_USB_Device_Library/Class/CDC/Src/usbd_cdc.c ****   USB_DESC_TYPE_ENDPOINT,                     /* bDescriptorType: Endpoint */
 349:Middlewares/ST/STM32_USB_Device_Library/Class/CDC/Src/usbd_cdc.c ****   CDC_IN_EP,                                  /* bEndpointAddress */
 350:Middlewares/ST/STM32_USB_Device_Library/Class/CDC/Src/usbd_cdc.c ****   0x02,                                       /* bmAttributes: Bulk */
 351:Middlewares/ST/STM32_USB_Device_Library/Class/CDC/Src/usbd_cdc.c ****   LOBYTE(CDC_DATA_FS_MAX_PACKET_SIZE),        /* wMaxPacketSize: */
 352:Middlewares/ST/STM32_USB_Device_Library/Class/CDC/Src/usbd_cdc.c ****   HIBYTE(CDC_DATA_FS_MAX_PACKET_SIZE),
 353:Middlewares/ST/STM32_USB_Device_Library/Class/CDC/Src/usbd_cdc.c ****   0x00                                        /* bInterval: ignore for Bulk transfer */
 354:Middlewares/ST/STM32_USB_Device_Library/Class/CDC/Src/usbd_cdc.c **** };
 355:Middlewares/ST/STM32_USB_Device_Library/Class/CDC/Src/usbd_cdc.c **** 
 356:Middlewares/ST/STM32_USB_Device_Library/Class/CDC/Src/usbd_cdc.c **** __ALIGN_BEGIN static uint8_t USBD_CDC_OtherSpeedCfgDesc[USB_CDC_CONFIG_DESC_SIZ] __ALIGN_END =
 357:Middlewares/ST/STM32_USB_Device_Library/Class/CDC/Src/usbd_cdc.c **** {
 358:Middlewares/ST/STM32_USB_Device_Library/Class/CDC/Src/usbd_cdc.c ****   0x09,                                       /* bLength: Configuration Descriptor size */
 359:Middlewares/ST/STM32_USB_Device_Library/Class/CDC/Src/usbd_cdc.c ****   USB_DESC_TYPE_OTHER_SPEED_CONFIGURATION,
 360:Middlewares/ST/STM32_USB_Device_Library/Class/CDC/Src/usbd_cdc.c ****   USB_CDC_CONFIG_DESC_SIZ,
 361:Middlewares/ST/STM32_USB_Device_Library/Class/CDC/Src/usbd_cdc.c ****   0x00,
 362:Middlewares/ST/STM32_USB_Device_Library/Class/CDC/Src/usbd_cdc.c ****   0x02,                                       /* bNumInterfaces: 2 interfaces */
 363:Middlewares/ST/STM32_USB_Device_Library/Class/CDC/Src/usbd_cdc.c ****   0x01,                                       /* bConfigurationValue: */
 364:Middlewares/ST/STM32_USB_Device_Library/Class/CDC/Src/usbd_cdc.c ****   0x04,                                       /* iConfiguration: */
 365:Middlewares/ST/STM32_USB_Device_Library/Class/CDC/Src/usbd_cdc.c **** #if (USBD_SELF_POWERED == 1U)
 366:Middlewares/ST/STM32_USB_Device_Library/Class/CDC/Src/usbd_cdc.c ****   0xC0,                                       /* bmAttributes: Bus Powered according to user config
 367:Middlewares/ST/STM32_USB_Device_Library/Class/CDC/Src/usbd_cdc.c **** #else
 368:Middlewares/ST/STM32_USB_Device_Library/Class/CDC/Src/usbd_cdc.c ****   0x80,                                       /* bmAttributes: Bus Powered according to user config
 369:Middlewares/ST/STM32_USB_Device_Library/Class/CDC/Src/usbd_cdc.c **** #endif
 370:Middlewares/ST/STM32_USB_Device_Library/Class/CDC/Src/usbd_cdc.c ****   USBD_MAX_POWER,                             /* MaxPower 100 mA */
 371:Middlewares/ST/STM32_USB_Device_Library/Class/CDC/Src/usbd_cdc.c **** 
 372:Middlewares/ST/STM32_USB_Device_Library/Class/CDC/Src/usbd_cdc.c ****   /*Interface Descriptor */
ARM GAS  /tmp/cciwB85O.s 			page 8


 373:Middlewares/ST/STM32_USB_Device_Library/Class/CDC/Src/usbd_cdc.c ****   0x09,                                       /* bLength: Interface Descriptor size */
 374:Middlewares/ST/STM32_USB_Device_Library/Class/CDC/Src/usbd_cdc.c ****   USB_DESC_TYPE_INTERFACE,                    /* bDescriptorType: Interface */
 375:Middlewares/ST/STM32_USB_Device_Library/Class/CDC/Src/usbd_cdc.c ****   /* Interface descriptor type */
 376:Middlewares/ST/STM32_USB_Device_Library/Class/CDC/Src/usbd_cdc.c ****   0x00,                                       /* bInterfaceNumber: Number of Interface */
 377:Middlewares/ST/STM32_USB_Device_Library/Class/CDC/Src/usbd_cdc.c ****   0x00,                                       /* bAlternateSetting: Alternate setting */
 378:Middlewares/ST/STM32_USB_Device_Library/Class/CDC/Src/usbd_cdc.c ****   0x01,                                       /* bNumEndpoints: One endpoints used */
 379:Middlewares/ST/STM32_USB_Device_Library/Class/CDC/Src/usbd_cdc.c ****   0x02,                                       /* bInterfaceClass: Communication Interface Class */
 380:Middlewares/ST/STM32_USB_Device_Library/Class/CDC/Src/usbd_cdc.c ****   0x02,                                       /* bInterfaceSubClass: Abstract Control Model */
 381:Middlewares/ST/STM32_USB_Device_Library/Class/CDC/Src/usbd_cdc.c ****   0x01,                                       /* bInterfaceProtocol: Common AT commands */
 382:Middlewares/ST/STM32_USB_Device_Library/Class/CDC/Src/usbd_cdc.c ****   0x00,                                       /* iInterface: */
 383:Middlewares/ST/STM32_USB_Device_Library/Class/CDC/Src/usbd_cdc.c **** 
 384:Middlewares/ST/STM32_USB_Device_Library/Class/CDC/Src/usbd_cdc.c ****   /* Header Functional Descriptor */
 385:Middlewares/ST/STM32_USB_Device_Library/Class/CDC/Src/usbd_cdc.c ****   0x05,                                       /* bLength: Endpoint Descriptor size */
 386:Middlewares/ST/STM32_USB_Device_Library/Class/CDC/Src/usbd_cdc.c ****   0x24,                                       /* bDescriptorType: CS_INTERFACE */
 387:Middlewares/ST/STM32_USB_Device_Library/Class/CDC/Src/usbd_cdc.c ****   0x00,                                       /* bDescriptorSubtype: Header Func Desc */
 388:Middlewares/ST/STM32_USB_Device_Library/Class/CDC/Src/usbd_cdc.c ****   0x10,                                       /* bcdCDC: spec release number */
 389:Middlewares/ST/STM32_USB_Device_Library/Class/CDC/Src/usbd_cdc.c ****   0x01,
 390:Middlewares/ST/STM32_USB_Device_Library/Class/CDC/Src/usbd_cdc.c **** 
 391:Middlewares/ST/STM32_USB_Device_Library/Class/CDC/Src/usbd_cdc.c ****   /*Call Management Functional Descriptor*/
 392:Middlewares/ST/STM32_USB_Device_Library/Class/CDC/Src/usbd_cdc.c ****   0x05,                                       /* bFunctionLength */
 393:Middlewares/ST/STM32_USB_Device_Library/Class/CDC/Src/usbd_cdc.c ****   0x24,                                       /* bDescriptorType: CS_INTERFACE */
 394:Middlewares/ST/STM32_USB_Device_Library/Class/CDC/Src/usbd_cdc.c ****   0x01,                                       /* bDescriptorSubtype: Call Management Func Desc */
 395:Middlewares/ST/STM32_USB_Device_Library/Class/CDC/Src/usbd_cdc.c ****   0x00,                                       /* bmCapabilities: D0+D1 */
 396:Middlewares/ST/STM32_USB_Device_Library/Class/CDC/Src/usbd_cdc.c ****   0x01,                                       /* bDataInterface: 1 */
 397:Middlewares/ST/STM32_USB_Device_Library/Class/CDC/Src/usbd_cdc.c **** 
 398:Middlewares/ST/STM32_USB_Device_Library/Class/CDC/Src/usbd_cdc.c ****   /*ACM Functional Descriptor*/
 399:Middlewares/ST/STM32_USB_Device_Library/Class/CDC/Src/usbd_cdc.c ****   0x04,                                       /* bFunctionLength */
 400:Middlewares/ST/STM32_USB_Device_Library/Class/CDC/Src/usbd_cdc.c ****   0x24,                                       /* bDescriptorType: CS_INTERFACE */
 401:Middlewares/ST/STM32_USB_Device_Library/Class/CDC/Src/usbd_cdc.c ****   0x02,                                       /* bDescriptorSubtype: Abstract Control Management de
 402:Middlewares/ST/STM32_USB_Device_Library/Class/CDC/Src/usbd_cdc.c ****   0x02,                                       /* bmCapabilities */
 403:Middlewares/ST/STM32_USB_Device_Library/Class/CDC/Src/usbd_cdc.c **** 
 404:Middlewares/ST/STM32_USB_Device_Library/Class/CDC/Src/usbd_cdc.c ****   /*Union Functional Descriptor*/
 405:Middlewares/ST/STM32_USB_Device_Library/Class/CDC/Src/usbd_cdc.c ****   0x05,                                       /* bFunctionLength */
 406:Middlewares/ST/STM32_USB_Device_Library/Class/CDC/Src/usbd_cdc.c ****   0x24,                                       /* bDescriptorType: CS_INTERFACE */
 407:Middlewares/ST/STM32_USB_Device_Library/Class/CDC/Src/usbd_cdc.c ****   0x06,                                       /* bDescriptorSubtype: Union func desc */
 408:Middlewares/ST/STM32_USB_Device_Library/Class/CDC/Src/usbd_cdc.c ****   0x00,                                       /* bMasterInterface: Communication class interface */
 409:Middlewares/ST/STM32_USB_Device_Library/Class/CDC/Src/usbd_cdc.c ****   0x01,                                       /* bSlaveInterface0: Data Class Interface */
 410:Middlewares/ST/STM32_USB_Device_Library/Class/CDC/Src/usbd_cdc.c **** 
 411:Middlewares/ST/STM32_USB_Device_Library/Class/CDC/Src/usbd_cdc.c ****   /*Endpoint 2 Descriptor*/
 412:Middlewares/ST/STM32_USB_Device_Library/Class/CDC/Src/usbd_cdc.c ****   0x07,                                       /* bLength: Endpoint Descriptor size */
 413:Middlewares/ST/STM32_USB_Device_Library/Class/CDC/Src/usbd_cdc.c ****   USB_DESC_TYPE_ENDPOINT,                     /* bDescriptorType: Endpoint */
 414:Middlewares/ST/STM32_USB_Device_Library/Class/CDC/Src/usbd_cdc.c ****   CDC_CMD_EP,                                 /* bEndpointAddress */
 415:Middlewares/ST/STM32_USB_Device_Library/Class/CDC/Src/usbd_cdc.c ****   0x03,                                       /* bmAttributes: Interrupt */
 416:Middlewares/ST/STM32_USB_Device_Library/Class/CDC/Src/usbd_cdc.c ****   LOBYTE(CDC_CMD_PACKET_SIZE),                /* wMaxPacketSize: */
 417:Middlewares/ST/STM32_USB_Device_Library/Class/CDC/Src/usbd_cdc.c ****   HIBYTE(CDC_CMD_PACKET_SIZE),
 418:Middlewares/ST/STM32_USB_Device_Library/Class/CDC/Src/usbd_cdc.c ****   CDC_FS_BINTERVAL,                           /* bInterval: */
 419:Middlewares/ST/STM32_USB_Device_Library/Class/CDC/Src/usbd_cdc.c **** 
 420:Middlewares/ST/STM32_USB_Device_Library/Class/CDC/Src/usbd_cdc.c ****   /*---------------------------------------------------------------------------*/
 421:Middlewares/ST/STM32_USB_Device_Library/Class/CDC/Src/usbd_cdc.c **** 
 422:Middlewares/ST/STM32_USB_Device_Library/Class/CDC/Src/usbd_cdc.c ****   /*Data class interface descriptor*/
 423:Middlewares/ST/STM32_USB_Device_Library/Class/CDC/Src/usbd_cdc.c ****   0x09,                                       /* bLength: Endpoint Descriptor size */
 424:Middlewares/ST/STM32_USB_Device_Library/Class/CDC/Src/usbd_cdc.c ****   USB_DESC_TYPE_INTERFACE,                    /* bDescriptorType: */
 425:Middlewares/ST/STM32_USB_Device_Library/Class/CDC/Src/usbd_cdc.c ****   0x01,                                       /* bInterfaceNumber: Number of Interface */
 426:Middlewares/ST/STM32_USB_Device_Library/Class/CDC/Src/usbd_cdc.c ****   0x00,                                       /* bAlternateSetting: Alternate setting */
 427:Middlewares/ST/STM32_USB_Device_Library/Class/CDC/Src/usbd_cdc.c ****   0x02,                                       /* bNumEndpoints: Two endpoints used */
 428:Middlewares/ST/STM32_USB_Device_Library/Class/CDC/Src/usbd_cdc.c ****   0x0A,                                       /* bInterfaceClass: CDC */
 429:Middlewares/ST/STM32_USB_Device_Library/Class/CDC/Src/usbd_cdc.c ****   0x00,                                       /* bInterfaceSubClass: */
ARM GAS  /tmp/cciwB85O.s 			page 9


 430:Middlewares/ST/STM32_USB_Device_Library/Class/CDC/Src/usbd_cdc.c ****   0x00,                                       /* bInterfaceProtocol: */
 431:Middlewares/ST/STM32_USB_Device_Library/Class/CDC/Src/usbd_cdc.c ****   0x00,                                       /* iInterface: */
 432:Middlewares/ST/STM32_USB_Device_Library/Class/CDC/Src/usbd_cdc.c **** 
 433:Middlewares/ST/STM32_USB_Device_Library/Class/CDC/Src/usbd_cdc.c ****   /*Endpoint OUT Descriptor*/
 434:Middlewares/ST/STM32_USB_Device_Library/Class/CDC/Src/usbd_cdc.c ****   0x07,                                       /* bLength: Endpoint Descriptor size */
 435:Middlewares/ST/STM32_USB_Device_Library/Class/CDC/Src/usbd_cdc.c ****   USB_DESC_TYPE_ENDPOINT,                     /* bDescriptorType: Endpoint */
 436:Middlewares/ST/STM32_USB_Device_Library/Class/CDC/Src/usbd_cdc.c ****   CDC_OUT_EP,                                 /* bEndpointAddress */
 437:Middlewares/ST/STM32_USB_Device_Library/Class/CDC/Src/usbd_cdc.c ****   0x02,                                       /* bmAttributes: Bulk */
 438:Middlewares/ST/STM32_USB_Device_Library/Class/CDC/Src/usbd_cdc.c ****   0x40,                                       /* wMaxPacketSize: */
 439:Middlewares/ST/STM32_USB_Device_Library/Class/CDC/Src/usbd_cdc.c ****   0x00,
 440:Middlewares/ST/STM32_USB_Device_Library/Class/CDC/Src/usbd_cdc.c ****   0x00,                                       /* bInterval: ignore for Bulk transfer */
 441:Middlewares/ST/STM32_USB_Device_Library/Class/CDC/Src/usbd_cdc.c **** 
 442:Middlewares/ST/STM32_USB_Device_Library/Class/CDC/Src/usbd_cdc.c ****   /*Endpoint IN Descriptor*/
 443:Middlewares/ST/STM32_USB_Device_Library/Class/CDC/Src/usbd_cdc.c ****   0x07,                                       /* bLength: Endpoint Descriptor size */
 444:Middlewares/ST/STM32_USB_Device_Library/Class/CDC/Src/usbd_cdc.c ****   USB_DESC_TYPE_ENDPOINT,                     /* bDescriptorType: Endpoint */
 445:Middlewares/ST/STM32_USB_Device_Library/Class/CDC/Src/usbd_cdc.c ****   CDC_IN_EP,                                  /* bEndpointAddress */
 446:Middlewares/ST/STM32_USB_Device_Library/Class/CDC/Src/usbd_cdc.c ****   0x02,                                       /* bmAttributes: Bulk */
 447:Middlewares/ST/STM32_USB_Device_Library/Class/CDC/Src/usbd_cdc.c ****   0x40,                                       /* wMaxPacketSize: */
 448:Middlewares/ST/STM32_USB_Device_Library/Class/CDC/Src/usbd_cdc.c ****   0x00,
 449:Middlewares/ST/STM32_USB_Device_Library/Class/CDC/Src/usbd_cdc.c ****   0x00                                        /* bInterval */
 450:Middlewares/ST/STM32_USB_Device_Library/Class/CDC/Src/usbd_cdc.c **** };
 451:Middlewares/ST/STM32_USB_Device_Library/Class/CDC/Src/usbd_cdc.c **** 
 452:Middlewares/ST/STM32_USB_Device_Library/Class/CDC/Src/usbd_cdc.c **** /**
 453:Middlewares/ST/STM32_USB_Device_Library/Class/CDC/Src/usbd_cdc.c ****   * @}
 454:Middlewares/ST/STM32_USB_Device_Library/Class/CDC/Src/usbd_cdc.c ****   */
 455:Middlewares/ST/STM32_USB_Device_Library/Class/CDC/Src/usbd_cdc.c **** 
 456:Middlewares/ST/STM32_USB_Device_Library/Class/CDC/Src/usbd_cdc.c **** /** @defgroup USBD_CDC_Private_Functions
 457:Middlewares/ST/STM32_USB_Device_Library/Class/CDC/Src/usbd_cdc.c ****   * @{
 458:Middlewares/ST/STM32_USB_Device_Library/Class/CDC/Src/usbd_cdc.c ****   */
 459:Middlewares/ST/STM32_USB_Device_Library/Class/CDC/Src/usbd_cdc.c **** 
 460:Middlewares/ST/STM32_USB_Device_Library/Class/CDC/Src/usbd_cdc.c **** /**
 461:Middlewares/ST/STM32_USB_Device_Library/Class/CDC/Src/usbd_cdc.c ****   * @brief  USBD_CDC_Init
 462:Middlewares/ST/STM32_USB_Device_Library/Class/CDC/Src/usbd_cdc.c ****   *         Initialize the CDC interface
 463:Middlewares/ST/STM32_USB_Device_Library/Class/CDC/Src/usbd_cdc.c ****   * @param  pdev: device instance
 464:Middlewares/ST/STM32_USB_Device_Library/Class/CDC/Src/usbd_cdc.c ****   * @param  cfgidx: Configuration index
 465:Middlewares/ST/STM32_USB_Device_Library/Class/CDC/Src/usbd_cdc.c ****   * @retval status
 466:Middlewares/ST/STM32_USB_Device_Library/Class/CDC/Src/usbd_cdc.c ****   */
 467:Middlewares/ST/STM32_USB_Device_Library/Class/CDC/Src/usbd_cdc.c **** static uint8_t USBD_CDC_Init(USBD_HandleTypeDef *pdev, uint8_t cfgidx)
 468:Middlewares/ST/STM32_USB_Device_Library/Class/CDC/Src/usbd_cdc.c **** {
 469:Middlewares/ST/STM32_USB_Device_Library/Class/CDC/Src/usbd_cdc.c ****   UNUSED(cfgidx);
 470:Middlewares/ST/STM32_USB_Device_Library/Class/CDC/Src/usbd_cdc.c ****   USBD_CDC_HandleTypeDef *hcdc;
 471:Middlewares/ST/STM32_USB_Device_Library/Class/CDC/Src/usbd_cdc.c **** 
 472:Middlewares/ST/STM32_USB_Device_Library/Class/CDC/Src/usbd_cdc.c ****   hcdc = USBD_malloc(sizeof(USBD_CDC_HandleTypeDef));
 473:Middlewares/ST/STM32_USB_Device_Library/Class/CDC/Src/usbd_cdc.c **** 
 474:Middlewares/ST/STM32_USB_Device_Library/Class/CDC/Src/usbd_cdc.c ****   if (hcdc == NULL)
 475:Middlewares/ST/STM32_USB_Device_Library/Class/CDC/Src/usbd_cdc.c ****   {
 476:Middlewares/ST/STM32_USB_Device_Library/Class/CDC/Src/usbd_cdc.c ****     pdev->pClassData = NULL;
 477:Middlewares/ST/STM32_USB_Device_Library/Class/CDC/Src/usbd_cdc.c ****     return (uint8_t)USBD_EMEM;
 478:Middlewares/ST/STM32_USB_Device_Library/Class/CDC/Src/usbd_cdc.c ****   }
 479:Middlewares/ST/STM32_USB_Device_Library/Class/CDC/Src/usbd_cdc.c **** 
 480:Middlewares/ST/STM32_USB_Device_Library/Class/CDC/Src/usbd_cdc.c ****   pdev->pClassData = (void *)hcdc;
 481:Middlewares/ST/STM32_USB_Device_Library/Class/CDC/Src/usbd_cdc.c **** 
 482:Middlewares/ST/STM32_USB_Device_Library/Class/CDC/Src/usbd_cdc.c ****   if (pdev->dev_speed == USBD_SPEED_HIGH)
 483:Middlewares/ST/STM32_USB_Device_Library/Class/CDC/Src/usbd_cdc.c ****   {
 484:Middlewares/ST/STM32_USB_Device_Library/Class/CDC/Src/usbd_cdc.c ****     /* Open EP IN */
 485:Middlewares/ST/STM32_USB_Device_Library/Class/CDC/Src/usbd_cdc.c ****     (void)USBD_LL_OpenEP(pdev, CDC_IN_EP, USBD_EP_TYPE_BULK,
 486:Middlewares/ST/STM32_USB_Device_Library/Class/CDC/Src/usbd_cdc.c ****                          CDC_DATA_HS_IN_PACKET_SIZE);
ARM GAS  /tmp/cciwB85O.s 			page 10


 487:Middlewares/ST/STM32_USB_Device_Library/Class/CDC/Src/usbd_cdc.c **** 
 488:Middlewares/ST/STM32_USB_Device_Library/Class/CDC/Src/usbd_cdc.c ****     pdev->ep_in[CDC_IN_EP & 0xFU].is_used = 1U;
 489:Middlewares/ST/STM32_USB_Device_Library/Class/CDC/Src/usbd_cdc.c **** 
 490:Middlewares/ST/STM32_USB_Device_Library/Class/CDC/Src/usbd_cdc.c ****     /* Open EP OUT */
 491:Middlewares/ST/STM32_USB_Device_Library/Class/CDC/Src/usbd_cdc.c ****     (void)USBD_LL_OpenEP(pdev, CDC_OUT_EP, USBD_EP_TYPE_BULK,
 492:Middlewares/ST/STM32_USB_Device_Library/Class/CDC/Src/usbd_cdc.c ****                          CDC_DATA_HS_OUT_PACKET_SIZE);
 493:Middlewares/ST/STM32_USB_Device_Library/Class/CDC/Src/usbd_cdc.c **** 
 494:Middlewares/ST/STM32_USB_Device_Library/Class/CDC/Src/usbd_cdc.c ****     pdev->ep_out[CDC_OUT_EP & 0xFU].is_used = 1U;
 495:Middlewares/ST/STM32_USB_Device_Library/Class/CDC/Src/usbd_cdc.c **** 
 496:Middlewares/ST/STM32_USB_Device_Library/Class/CDC/Src/usbd_cdc.c ****     /* Set bInterval for CDC CMD Endpoint */
 497:Middlewares/ST/STM32_USB_Device_Library/Class/CDC/Src/usbd_cdc.c ****     pdev->ep_in[CDC_CMD_EP & 0xFU].bInterval = CDC_HS_BINTERVAL;
 498:Middlewares/ST/STM32_USB_Device_Library/Class/CDC/Src/usbd_cdc.c ****   }
 499:Middlewares/ST/STM32_USB_Device_Library/Class/CDC/Src/usbd_cdc.c ****   else
 500:Middlewares/ST/STM32_USB_Device_Library/Class/CDC/Src/usbd_cdc.c ****   {
 501:Middlewares/ST/STM32_USB_Device_Library/Class/CDC/Src/usbd_cdc.c ****     /* Open EP IN */
 502:Middlewares/ST/STM32_USB_Device_Library/Class/CDC/Src/usbd_cdc.c ****     (void)USBD_LL_OpenEP(pdev, CDC_IN_EP, USBD_EP_TYPE_BULK,
 503:Middlewares/ST/STM32_USB_Device_Library/Class/CDC/Src/usbd_cdc.c ****                          CDC_DATA_FS_IN_PACKET_SIZE);
 504:Middlewares/ST/STM32_USB_Device_Library/Class/CDC/Src/usbd_cdc.c **** 
 505:Middlewares/ST/STM32_USB_Device_Library/Class/CDC/Src/usbd_cdc.c ****     pdev->ep_in[CDC_IN_EP & 0xFU].is_used = 1U;
 506:Middlewares/ST/STM32_USB_Device_Library/Class/CDC/Src/usbd_cdc.c **** 
 507:Middlewares/ST/STM32_USB_Device_Library/Class/CDC/Src/usbd_cdc.c ****     /* Open EP OUT */
 508:Middlewares/ST/STM32_USB_Device_Library/Class/CDC/Src/usbd_cdc.c ****     (void)USBD_LL_OpenEP(pdev, CDC_OUT_EP, USBD_EP_TYPE_BULK,
 509:Middlewares/ST/STM32_USB_Device_Library/Class/CDC/Src/usbd_cdc.c ****                          CDC_DATA_FS_OUT_PACKET_SIZE);
 510:Middlewares/ST/STM32_USB_Device_Library/Class/CDC/Src/usbd_cdc.c **** 
 511:Middlewares/ST/STM32_USB_Device_Library/Class/CDC/Src/usbd_cdc.c ****     pdev->ep_out[CDC_OUT_EP & 0xFU].is_used = 1U;
 512:Middlewares/ST/STM32_USB_Device_Library/Class/CDC/Src/usbd_cdc.c **** 
 513:Middlewares/ST/STM32_USB_Device_Library/Class/CDC/Src/usbd_cdc.c ****     /* Set bInterval for CMD Endpoint */
 514:Middlewares/ST/STM32_USB_Device_Library/Class/CDC/Src/usbd_cdc.c ****     pdev->ep_in[CDC_CMD_EP & 0xFU].bInterval = CDC_FS_BINTERVAL;
 515:Middlewares/ST/STM32_USB_Device_Library/Class/CDC/Src/usbd_cdc.c ****   }
 516:Middlewares/ST/STM32_USB_Device_Library/Class/CDC/Src/usbd_cdc.c **** 
 517:Middlewares/ST/STM32_USB_Device_Library/Class/CDC/Src/usbd_cdc.c ****   /* Open Command IN EP */
 518:Middlewares/ST/STM32_USB_Device_Library/Class/CDC/Src/usbd_cdc.c ****   (void)USBD_LL_OpenEP(pdev, CDC_CMD_EP, USBD_EP_TYPE_INTR, CDC_CMD_PACKET_SIZE);
 519:Middlewares/ST/STM32_USB_Device_Library/Class/CDC/Src/usbd_cdc.c ****   pdev->ep_in[CDC_CMD_EP & 0xFU].is_used = 1U;
 520:Middlewares/ST/STM32_USB_Device_Library/Class/CDC/Src/usbd_cdc.c **** 
 521:Middlewares/ST/STM32_USB_Device_Library/Class/CDC/Src/usbd_cdc.c ****   /* Init  physical Interface components */
 522:Middlewares/ST/STM32_USB_Device_Library/Class/CDC/Src/usbd_cdc.c ****   ((USBD_CDC_ItfTypeDef *)pdev->pUserData)->Init();
 523:Middlewares/ST/STM32_USB_Device_Library/Class/CDC/Src/usbd_cdc.c **** 
 524:Middlewares/ST/STM32_USB_Device_Library/Class/CDC/Src/usbd_cdc.c ****   /* Init Xfer states */
 525:Middlewares/ST/STM32_USB_Device_Library/Class/CDC/Src/usbd_cdc.c ****   hcdc->TxState = 0U;
 526:Middlewares/ST/STM32_USB_Device_Library/Class/CDC/Src/usbd_cdc.c ****   hcdc->RxState = 0U;
 527:Middlewares/ST/STM32_USB_Device_Library/Class/CDC/Src/usbd_cdc.c **** 
 528:Middlewares/ST/STM32_USB_Device_Library/Class/CDC/Src/usbd_cdc.c ****   if (pdev->dev_speed == USBD_SPEED_HIGH)
 529:Middlewares/ST/STM32_USB_Device_Library/Class/CDC/Src/usbd_cdc.c ****   {
 530:Middlewares/ST/STM32_USB_Device_Library/Class/CDC/Src/usbd_cdc.c ****     /* Prepare Out endpoint to receive next packet */
 531:Middlewares/ST/STM32_USB_Device_Library/Class/CDC/Src/usbd_cdc.c ****     (void)USBD_LL_PrepareReceive(pdev, CDC_OUT_EP, hcdc->RxBuffer,
 532:Middlewares/ST/STM32_USB_Device_Library/Class/CDC/Src/usbd_cdc.c ****                                  CDC_DATA_HS_OUT_PACKET_SIZE);
 533:Middlewares/ST/STM32_USB_Device_Library/Class/CDC/Src/usbd_cdc.c ****   }
 534:Middlewares/ST/STM32_USB_Device_Library/Class/CDC/Src/usbd_cdc.c ****   else
 535:Middlewares/ST/STM32_USB_Device_Library/Class/CDC/Src/usbd_cdc.c ****   {
 536:Middlewares/ST/STM32_USB_Device_Library/Class/CDC/Src/usbd_cdc.c ****     /* Prepare Out endpoint to receive next packet */
 537:Middlewares/ST/STM32_USB_Device_Library/Class/CDC/Src/usbd_cdc.c ****     (void)USBD_LL_PrepareReceive(pdev, CDC_OUT_EP, hcdc->RxBuffer,
 538:Middlewares/ST/STM32_USB_Device_Library/Class/CDC/Src/usbd_cdc.c ****                                  CDC_DATA_FS_OUT_PACKET_SIZE);
 539:Middlewares/ST/STM32_USB_Device_Library/Class/CDC/Src/usbd_cdc.c ****   }
 540:Middlewares/ST/STM32_USB_Device_Library/Class/CDC/Src/usbd_cdc.c **** 
 541:Middlewares/ST/STM32_USB_Device_Library/Class/CDC/Src/usbd_cdc.c ****   return (uint8_t)USBD_OK;
 542:Middlewares/ST/STM32_USB_Device_Library/Class/CDC/Src/usbd_cdc.c **** }
 543:Middlewares/ST/STM32_USB_Device_Library/Class/CDC/Src/usbd_cdc.c **** 
ARM GAS  /tmp/cciwB85O.s 			page 11


 544:Middlewares/ST/STM32_USB_Device_Library/Class/CDC/Src/usbd_cdc.c **** /**
 545:Middlewares/ST/STM32_USB_Device_Library/Class/CDC/Src/usbd_cdc.c ****   * @brief  USBD_CDC_Init
 546:Middlewares/ST/STM32_USB_Device_Library/Class/CDC/Src/usbd_cdc.c ****   *         DeInitialize the CDC layer
 547:Middlewares/ST/STM32_USB_Device_Library/Class/CDC/Src/usbd_cdc.c ****   * @param  pdev: device instance
 548:Middlewares/ST/STM32_USB_Device_Library/Class/CDC/Src/usbd_cdc.c ****   * @param  cfgidx: Configuration index
 549:Middlewares/ST/STM32_USB_Device_Library/Class/CDC/Src/usbd_cdc.c ****   * @retval status
 550:Middlewares/ST/STM32_USB_Device_Library/Class/CDC/Src/usbd_cdc.c ****   */
 551:Middlewares/ST/STM32_USB_Device_Library/Class/CDC/Src/usbd_cdc.c **** static uint8_t USBD_CDC_DeInit(USBD_HandleTypeDef *pdev, uint8_t cfgidx)
 552:Middlewares/ST/STM32_USB_Device_Library/Class/CDC/Src/usbd_cdc.c **** {
 553:Middlewares/ST/STM32_USB_Device_Library/Class/CDC/Src/usbd_cdc.c ****   UNUSED(cfgidx);
 554:Middlewares/ST/STM32_USB_Device_Library/Class/CDC/Src/usbd_cdc.c **** 
 555:Middlewares/ST/STM32_USB_Device_Library/Class/CDC/Src/usbd_cdc.c ****   /* Close EP IN */
 556:Middlewares/ST/STM32_USB_Device_Library/Class/CDC/Src/usbd_cdc.c ****   (void)USBD_LL_CloseEP(pdev, CDC_IN_EP);
 557:Middlewares/ST/STM32_USB_Device_Library/Class/CDC/Src/usbd_cdc.c ****   pdev->ep_in[CDC_IN_EP & 0xFU].is_used = 0U;
 558:Middlewares/ST/STM32_USB_Device_Library/Class/CDC/Src/usbd_cdc.c **** 
 559:Middlewares/ST/STM32_USB_Device_Library/Class/CDC/Src/usbd_cdc.c ****   /* Close EP OUT */
 560:Middlewares/ST/STM32_USB_Device_Library/Class/CDC/Src/usbd_cdc.c ****   (void)USBD_LL_CloseEP(pdev, CDC_OUT_EP);
 561:Middlewares/ST/STM32_USB_Device_Library/Class/CDC/Src/usbd_cdc.c ****   pdev->ep_out[CDC_OUT_EP & 0xFU].is_used = 0U;
 562:Middlewares/ST/STM32_USB_Device_Library/Class/CDC/Src/usbd_cdc.c **** 
 563:Middlewares/ST/STM32_USB_Device_Library/Class/CDC/Src/usbd_cdc.c ****   /* Close Command IN EP */
 564:Middlewares/ST/STM32_USB_Device_Library/Class/CDC/Src/usbd_cdc.c ****   (void)USBD_LL_CloseEP(pdev, CDC_CMD_EP);
 565:Middlewares/ST/STM32_USB_Device_Library/Class/CDC/Src/usbd_cdc.c ****   pdev->ep_in[CDC_CMD_EP & 0xFU].is_used = 0U;
 566:Middlewares/ST/STM32_USB_Device_Library/Class/CDC/Src/usbd_cdc.c ****   pdev->ep_in[CDC_CMD_EP & 0xFU].bInterval = 0U;
 567:Middlewares/ST/STM32_USB_Device_Library/Class/CDC/Src/usbd_cdc.c **** 
 568:Middlewares/ST/STM32_USB_Device_Library/Class/CDC/Src/usbd_cdc.c ****   /* DeInit  physical Interface components */
 569:Middlewares/ST/STM32_USB_Device_Library/Class/CDC/Src/usbd_cdc.c ****   if (pdev->pClassData != NULL)
 570:Middlewares/ST/STM32_USB_Device_Library/Class/CDC/Src/usbd_cdc.c ****   {
 571:Middlewares/ST/STM32_USB_Device_Library/Class/CDC/Src/usbd_cdc.c ****     ((USBD_CDC_ItfTypeDef *)pdev->pUserData)->DeInit();
 572:Middlewares/ST/STM32_USB_Device_Library/Class/CDC/Src/usbd_cdc.c ****     (void)USBD_free(pdev->pClassData);
 573:Middlewares/ST/STM32_USB_Device_Library/Class/CDC/Src/usbd_cdc.c ****     pdev->pClassData = NULL;
 574:Middlewares/ST/STM32_USB_Device_Library/Class/CDC/Src/usbd_cdc.c ****   }
 575:Middlewares/ST/STM32_USB_Device_Library/Class/CDC/Src/usbd_cdc.c **** 
 576:Middlewares/ST/STM32_USB_Device_Library/Class/CDC/Src/usbd_cdc.c ****   return (uint8_t)USBD_OK;
 577:Middlewares/ST/STM32_USB_Device_Library/Class/CDC/Src/usbd_cdc.c **** }
 578:Middlewares/ST/STM32_USB_Device_Library/Class/CDC/Src/usbd_cdc.c **** 
 579:Middlewares/ST/STM32_USB_Device_Library/Class/CDC/Src/usbd_cdc.c **** /**
 580:Middlewares/ST/STM32_USB_Device_Library/Class/CDC/Src/usbd_cdc.c ****   * @brief  USBD_CDC_Setup
 581:Middlewares/ST/STM32_USB_Device_Library/Class/CDC/Src/usbd_cdc.c ****   *         Handle the CDC specific requests
 582:Middlewares/ST/STM32_USB_Device_Library/Class/CDC/Src/usbd_cdc.c ****   * @param  pdev: instance
 583:Middlewares/ST/STM32_USB_Device_Library/Class/CDC/Src/usbd_cdc.c ****   * @param  req: usb requests
 584:Middlewares/ST/STM32_USB_Device_Library/Class/CDC/Src/usbd_cdc.c ****   * @retval status
 585:Middlewares/ST/STM32_USB_Device_Library/Class/CDC/Src/usbd_cdc.c ****   */
 586:Middlewares/ST/STM32_USB_Device_Library/Class/CDC/Src/usbd_cdc.c **** static uint8_t USBD_CDC_Setup(USBD_HandleTypeDef *pdev,
 587:Middlewares/ST/STM32_USB_Device_Library/Class/CDC/Src/usbd_cdc.c ****                               USBD_SetupReqTypedef *req)
 588:Middlewares/ST/STM32_USB_Device_Library/Class/CDC/Src/usbd_cdc.c **** {
 589:Middlewares/ST/STM32_USB_Device_Library/Class/CDC/Src/usbd_cdc.c ****   USBD_CDC_HandleTypeDef *hcdc = (USBD_CDC_HandleTypeDef *)pdev->pClassData;
 590:Middlewares/ST/STM32_USB_Device_Library/Class/CDC/Src/usbd_cdc.c ****   uint16_t len;
 591:Middlewares/ST/STM32_USB_Device_Library/Class/CDC/Src/usbd_cdc.c ****   uint8_t ifalt = 0U;
 592:Middlewares/ST/STM32_USB_Device_Library/Class/CDC/Src/usbd_cdc.c ****   uint16_t status_info = 0U;
 593:Middlewares/ST/STM32_USB_Device_Library/Class/CDC/Src/usbd_cdc.c ****   USBD_StatusTypeDef ret = USBD_OK;
 594:Middlewares/ST/STM32_USB_Device_Library/Class/CDC/Src/usbd_cdc.c **** 
 595:Middlewares/ST/STM32_USB_Device_Library/Class/CDC/Src/usbd_cdc.c ****   if (hcdc == NULL)
 596:Middlewares/ST/STM32_USB_Device_Library/Class/CDC/Src/usbd_cdc.c ****   {
 597:Middlewares/ST/STM32_USB_Device_Library/Class/CDC/Src/usbd_cdc.c ****     return (uint8_t)USBD_FAIL;
 598:Middlewares/ST/STM32_USB_Device_Library/Class/CDC/Src/usbd_cdc.c ****   }
 599:Middlewares/ST/STM32_USB_Device_Library/Class/CDC/Src/usbd_cdc.c **** 
 600:Middlewares/ST/STM32_USB_Device_Library/Class/CDC/Src/usbd_cdc.c ****   switch (req->bmRequest & USB_REQ_TYPE_MASK)
ARM GAS  /tmp/cciwB85O.s 			page 12


 601:Middlewares/ST/STM32_USB_Device_Library/Class/CDC/Src/usbd_cdc.c ****   {
 602:Middlewares/ST/STM32_USB_Device_Library/Class/CDC/Src/usbd_cdc.c ****     case USB_REQ_TYPE_CLASS:
 603:Middlewares/ST/STM32_USB_Device_Library/Class/CDC/Src/usbd_cdc.c ****       if (req->wLength != 0U)
 604:Middlewares/ST/STM32_USB_Device_Library/Class/CDC/Src/usbd_cdc.c ****       {
 605:Middlewares/ST/STM32_USB_Device_Library/Class/CDC/Src/usbd_cdc.c ****         if ((req->bmRequest & 0x80U) != 0U)
 606:Middlewares/ST/STM32_USB_Device_Library/Class/CDC/Src/usbd_cdc.c ****         {
 607:Middlewares/ST/STM32_USB_Device_Library/Class/CDC/Src/usbd_cdc.c ****           ((USBD_CDC_ItfTypeDef *)pdev->pUserData)->Control(req->bRequest,
 608:Middlewares/ST/STM32_USB_Device_Library/Class/CDC/Src/usbd_cdc.c ****                                                             (uint8_t *)hcdc->data,
 609:Middlewares/ST/STM32_USB_Device_Library/Class/CDC/Src/usbd_cdc.c ****                                                             req->wLength);
 610:Middlewares/ST/STM32_USB_Device_Library/Class/CDC/Src/usbd_cdc.c **** 
 611:Middlewares/ST/STM32_USB_Device_Library/Class/CDC/Src/usbd_cdc.c ****           len = MIN(CDC_REQ_MAX_DATA_SIZE, req->wLength);
 612:Middlewares/ST/STM32_USB_Device_Library/Class/CDC/Src/usbd_cdc.c ****           (void)USBD_CtlSendData(pdev, (uint8_t *)hcdc->data, len);
 613:Middlewares/ST/STM32_USB_Device_Library/Class/CDC/Src/usbd_cdc.c ****         }
 614:Middlewares/ST/STM32_USB_Device_Library/Class/CDC/Src/usbd_cdc.c ****         else
 615:Middlewares/ST/STM32_USB_Device_Library/Class/CDC/Src/usbd_cdc.c ****         {
 616:Middlewares/ST/STM32_USB_Device_Library/Class/CDC/Src/usbd_cdc.c ****           hcdc->CmdOpCode = req->bRequest;
 617:Middlewares/ST/STM32_USB_Device_Library/Class/CDC/Src/usbd_cdc.c ****           hcdc->CmdLength = (uint8_t)req->wLength;
 618:Middlewares/ST/STM32_USB_Device_Library/Class/CDC/Src/usbd_cdc.c **** 
 619:Middlewares/ST/STM32_USB_Device_Library/Class/CDC/Src/usbd_cdc.c ****           (void)USBD_CtlPrepareRx(pdev, (uint8_t *)hcdc->data, req->wLength);
 620:Middlewares/ST/STM32_USB_Device_Library/Class/CDC/Src/usbd_cdc.c ****         }
 621:Middlewares/ST/STM32_USB_Device_Library/Class/CDC/Src/usbd_cdc.c ****       }
 622:Middlewares/ST/STM32_USB_Device_Library/Class/CDC/Src/usbd_cdc.c ****       else
 623:Middlewares/ST/STM32_USB_Device_Library/Class/CDC/Src/usbd_cdc.c ****       {
 624:Middlewares/ST/STM32_USB_Device_Library/Class/CDC/Src/usbd_cdc.c ****         ((USBD_CDC_ItfTypeDef *)pdev->pUserData)->Control(req->bRequest,
 625:Middlewares/ST/STM32_USB_Device_Library/Class/CDC/Src/usbd_cdc.c ****                                                           (uint8_t *)req, 0U);
 626:Middlewares/ST/STM32_USB_Device_Library/Class/CDC/Src/usbd_cdc.c ****       }
 627:Middlewares/ST/STM32_USB_Device_Library/Class/CDC/Src/usbd_cdc.c ****       break;
 628:Middlewares/ST/STM32_USB_Device_Library/Class/CDC/Src/usbd_cdc.c **** 
 629:Middlewares/ST/STM32_USB_Device_Library/Class/CDC/Src/usbd_cdc.c ****     case USB_REQ_TYPE_STANDARD:
 630:Middlewares/ST/STM32_USB_Device_Library/Class/CDC/Src/usbd_cdc.c ****       switch (req->bRequest)
 631:Middlewares/ST/STM32_USB_Device_Library/Class/CDC/Src/usbd_cdc.c ****       {
 632:Middlewares/ST/STM32_USB_Device_Library/Class/CDC/Src/usbd_cdc.c ****         case USB_REQ_GET_STATUS:
 633:Middlewares/ST/STM32_USB_Device_Library/Class/CDC/Src/usbd_cdc.c ****           if (pdev->dev_state == USBD_STATE_CONFIGURED)
 634:Middlewares/ST/STM32_USB_Device_Library/Class/CDC/Src/usbd_cdc.c ****           {
 635:Middlewares/ST/STM32_USB_Device_Library/Class/CDC/Src/usbd_cdc.c ****             (void)USBD_CtlSendData(pdev, (uint8_t *)&status_info, 2U);
 636:Middlewares/ST/STM32_USB_Device_Library/Class/CDC/Src/usbd_cdc.c ****           }
 637:Middlewares/ST/STM32_USB_Device_Library/Class/CDC/Src/usbd_cdc.c ****           else
 638:Middlewares/ST/STM32_USB_Device_Library/Class/CDC/Src/usbd_cdc.c ****           {
 639:Middlewares/ST/STM32_USB_Device_Library/Class/CDC/Src/usbd_cdc.c ****             USBD_CtlError(pdev, req);
 640:Middlewares/ST/STM32_USB_Device_Library/Class/CDC/Src/usbd_cdc.c ****             ret = USBD_FAIL;
 641:Middlewares/ST/STM32_USB_Device_Library/Class/CDC/Src/usbd_cdc.c ****           }
 642:Middlewares/ST/STM32_USB_Device_Library/Class/CDC/Src/usbd_cdc.c ****           break;
 643:Middlewares/ST/STM32_USB_Device_Library/Class/CDC/Src/usbd_cdc.c **** 
 644:Middlewares/ST/STM32_USB_Device_Library/Class/CDC/Src/usbd_cdc.c ****         case USB_REQ_GET_INTERFACE:
 645:Middlewares/ST/STM32_USB_Device_Library/Class/CDC/Src/usbd_cdc.c ****           if (pdev->dev_state == USBD_STATE_CONFIGURED)
 646:Middlewares/ST/STM32_USB_Device_Library/Class/CDC/Src/usbd_cdc.c ****           {
 647:Middlewares/ST/STM32_USB_Device_Library/Class/CDC/Src/usbd_cdc.c ****             (void)USBD_CtlSendData(pdev, &ifalt, 1U);
 648:Middlewares/ST/STM32_USB_Device_Library/Class/CDC/Src/usbd_cdc.c ****           }
 649:Middlewares/ST/STM32_USB_Device_Library/Class/CDC/Src/usbd_cdc.c ****           else
 650:Middlewares/ST/STM32_USB_Device_Library/Class/CDC/Src/usbd_cdc.c ****           {
 651:Middlewares/ST/STM32_USB_Device_Library/Class/CDC/Src/usbd_cdc.c ****             USBD_CtlError(pdev, req);
 652:Middlewares/ST/STM32_USB_Device_Library/Class/CDC/Src/usbd_cdc.c ****             ret = USBD_FAIL;
 653:Middlewares/ST/STM32_USB_Device_Library/Class/CDC/Src/usbd_cdc.c ****           }
 654:Middlewares/ST/STM32_USB_Device_Library/Class/CDC/Src/usbd_cdc.c ****           break;
 655:Middlewares/ST/STM32_USB_Device_Library/Class/CDC/Src/usbd_cdc.c **** 
 656:Middlewares/ST/STM32_USB_Device_Library/Class/CDC/Src/usbd_cdc.c ****         case USB_REQ_SET_INTERFACE:
 657:Middlewares/ST/STM32_USB_Device_Library/Class/CDC/Src/usbd_cdc.c ****           if (pdev->dev_state != USBD_STATE_CONFIGURED)
ARM GAS  /tmp/cciwB85O.s 			page 13


 658:Middlewares/ST/STM32_USB_Device_Library/Class/CDC/Src/usbd_cdc.c ****           {
 659:Middlewares/ST/STM32_USB_Device_Library/Class/CDC/Src/usbd_cdc.c ****             USBD_CtlError(pdev, req);
 660:Middlewares/ST/STM32_USB_Device_Library/Class/CDC/Src/usbd_cdc.c ****             ret = USBD_FAIL;
 661:Middlewares/ST/STM32_USB_Device_Library/Class/CDC/Src/usbd_cdc.c ****           }
 662:Middlewares/ST/STM32_USB_Device_Library/Class/CDC/Src/usbd_cdc.c ****           break;
 663:Middlewares/ST/STM32_USB_Device_Library/Class/CDC/Src/usbd_cdc.c **** 
 664:Middlewares/ST/STM32_USB_Device_Library/Class/CDC/Src/usbd_cdc.c ****         case USB_REQ_CLEAR_FEATURE:
 665:Middlewares/ST/STM32_USB_Device_Library/Class/CDC/Src/usbd_cdc.c ****           break;
 666:Middlewares/ST/STM32_USB_Device_Library/Class/CDC/Src/usbd_cdc.c **** 
 667:Middlewares/ST/STM32_USB_Device_Library/Class/CDC/Src/usbd_cdc.c ****         default:
 668:Middlewares/ST/STM32_USB_Device_Library/Class/CDC/Src/usbd_cdc.c ****           USBD_CtlError(pdev, req);
 669:Middlewares/ST/STM32_USB_Device_Library/Class/CDC/Src/usbd_cdc.c ****           ret = USBD_FAIL;
 670:Middlewares/ST/STM32_USB_Device_Library/Class/CDC/Src/usbd_cdc.c ****           break;
 671:Middlewares/ST/STM32_USB_Device_Library/Class/CDC/Src/usbd_cdc.c ****       }
 672:Middlewares/ST/STM32_USB_Device_Library/Class/CDC/Src/usbd_cdc.c ****       break;
 673:Middlewares/ST/STM32_USB_Device_Library/Class/CDC/Src/usbd_cdc.c **** 
 674:Middlewares/ST/STM32_USB_Device_Library/Class/CDC/Src/usbd_cdc.c ****     default:
 675:Middlewares/ST/STM32_USB_Device_Library/Class/CDC/Src/usbd_cdc.c ****       USBD_CtlError(pdev, req);
 676:Middlewares/ST/STM32_USB_Device_Library/Class/CDC/Src/usbd_cdc.c ****       ret = USBD_FAIL;
 677:Middlewares/ST/STM32_USB_Device_Library/Class/CDC/Src/usbd_cdc.c ****       break;
 678:Middlewares/ST/STM32_USB_Device_Library/Class/CDC/Src/usbd_cdc.c ****   }
 679:Middlewares/ST/STM32_USB_Device_Library/Class/CDC/Src/usbd_cdc.c **** 
 680:Middlewares/ST/STM32_USB_Device_Library/Class/CDC/Src/usbd_cdc.c ****   return (uint8_t)ret;
 681:Middlewares/ST/STM32_USB_Device_Library/Class/CDC/Src/usbd_cdc.c **** }
 682:Middlewares/ST/STM32_USB_Device_Library/Class/CDC/Src/usbd_cdc.c **** 
 683:Middlewares/ST/STM32_USB_Device_Library/Class/CDC/Src/usbd_cdc.c **** /**
 684:Middlewares/ST/STM32_USB_Device_Library/Class/CDC/Src/usbd_cdc.c ****   * @brief  USBD_CDC_DataIn
 685:Middlewares/ST/STM32_USB_Device_Library/Class/CDC/Src/usbd_cdc.c ****   *         Data sent on non-control IN endpoint
 686:Middlewares/ST/STM32_USB_Device_Library/Class/CDC/Src/usbd_cdc.c ****   * @param  pdev: device instance
 687:Middlewares/ST/STM32_USB_Device_Library/Class/CDC/Src/usbd_cdc.c ****   * @param  epnum: endpoint number
 688:Middlewares/ST/STM32_USB_Device_Library/Class/CDC/Src/usbd_cdc.c ****   * @retval status
 689:Middlewares/ST/STM32_USB_Device_Library/Class/CDC/Src/usbd_cdc.c ****   */
 690:Middlewares/ST/STM32_USB_Device_Library/Class/CDC/Src/usbd_cdc.c **** static uint8_t USBD_CDC_DataIn(USBD_HandleTypeDef *pdev, uint8_t epnum)
 691:Middlewares/ST/STM32_USB_Device_Library/Class/CDC/Src/usbd_cdc.c **** {
 692:Middlewares/ST/STM32_USB_Device_Library/Class/CDC/Src/usbd_cdc.c ****   USBD_CDC_HandleTypeDef *hcdc;
 693:Middlewares/ST/STM32_USB_Device_Library/Class/CDC/Src/usbd_cdc.c ****   PCD_HandleTypeDef *hpcd = pdev->pData;
 694:Middlewares/ST/STM32_USB_Device_Library/Class/CDC/Src/usbd_cdc.c **** 
 695:Middlewares/ST/STM32_USB_Device_Library/Class/CDC/Src/usbd_cdc.c ****   if (pdev->pClassData == NULL)
 696:Middlewares/ST/STM32_USB_Device_Library/Class/CDC/Src/usbd_cdc.c ****   {
 697:Middlewares/ST/STM32_USB_Device_Library/Class/CDC/Src/usbd_cdc.c ****     return (uint8_t)USBD_FAIL;
 698:Middlewares/ST/STM32_USB_Device_Library/Class/CDC/Src/usbd_cdc.c ****   }
 699:Middlewares/ST/STM32_USB_Device_Library/Class/CDC/Src/usbd_cdc.c **** 
 700:Middlewares/ST/STM32_USB_Device_Library/Class/CDC/Src/usbd_cdc.c ****   hcdc = (USBD_CDC_HandleTypeDef *)pdev->pClassData;
 701:Middlewares/ST/STM32_USB_Device_Library/Class/CDC/Src/usbd_cdc.c **** 
 702:Middlewares/ST/STM32_USB_Device_Library/Class/CDC/Src/usbd_cdc.c ****   if ((pdev->ep_in[epnum].total_length > 0U) &&
 703:Middlewares/ST/STM32_USB_Device_Library/Class/CDC/Src/usbd_cdc.c ****       ((pdev->ep_in[epnum].total_length % hpcd->IN_ep[epnum].maxpacket) == 0U))
 704:Middlewares/ST/STM32_USB_Device_Library/Class/CDC/Src/usbd_cdc.c ****   {
 705:Middlewares/ST/STM32_USB_Device_Library/Class/CDC/Src/usbd_cdc.c ****     /* Update the packet total length */
 706:Middlewares/ST/STM32_USB_Device_Library/Class/CDC/Src/usbd_cdc.c ****     pdev->ep_in[epnum].total_length = 0U;
 707:Middlewares/ST/STM32_USB_Device_Library/Class/CDC/Src/usbd_cdc.c **** 
 708:Middlewares/ST/STM32_USB_Device_Library/Class/CDC/Src/usbd_cdc.c ****     /* Send ZLP */
 709:Middlewares/ST/STM32_USB_Device_Library/Class/CDC/Src/usbd_cdc.c ****     (void)USBD_LL_Transmit(pdev, epnum, NULL, 0U);
 710:Middlewares/ST/STM32_USB_Device_Library/Class/CDC/Src/usbd_cdc.c ****   }
 711:Middlewares/ST/STM32_USB_Device_Library/Class/CDC/Src/usbd_cdc.c ****   else
 712:Middlewares/ST/STM32_USB_Device_Library/Class/CDC/Src/usbd_cdc.c ****   {
 713:Middlewares/ST/STM32_USB_Device_Library/Class/CDC/Src/usbd_cdc.c ****     hcdc->TxState = 0U;
 714:Middlewares/ST/STM32_USB_Device_Library/Class/CDC/Src/usbd_cdc.c **** 
ARM GAS  /tmp/cciwB85O.s 			page 14


 715:Middlewares/ST/STM32_USB_Device_Library/Class/CDC/Src/usbd_cdc.c ****     if (((USBD_CDC_ItfTypeDef *)pdev->pUserData)->TransmitCplt != NULL)
 716:Middlewares/ST/STM32_USB_Device_Library/Class/CDC/Src/usbd_cdc.c ****     {
 717:Middlewares/ST/STM32_USB_Device_Library/Class/CDC/Src/usbd_cdc.c ****       ((USBD_CDC_ItfTypeDef *)pdev->pUserData)->TransmitCplt(hcdc->TxBuffer, &hcdc->TxLength, epnum
 718:Middlewares/ST/STM32_USB_Device_Library/Class/CDC/Src/usbd_cdc.c ****     }
 719:Middlewares/ST/STM32_USB_Device_Library/Class/CDC/Src/usbd_cdc.c ****   }
 720:Middlewares/ST/STM32_USB_Device_Library/Class/CDC/Src/usbd_cdc.c **** 
 721:Middlewares/ST/STM32_USB_Device_Library/Class/CDC/Src/usbd_cdc.c ****   return (uint8_t)USBD_OK;
 722:Middlewares/ST/STM32_USB_Device_Library/Class/CDC/Src/usbd_cdc.c **** }
 723:Middlewares/ST/STM32_USB_Device_Library/Class/CDC/Src/usbd_cdc.c **** 
 724:Middlewares/ST/STM32_USB_Device_Library/Class/CDC/Src/usbd_cdc.c **** /**
 725:Middlewares/ST/STM32_USB_Device_Library/Class/CDC/Src/usbd_cdc.c ****   * @brief  USBD_CDC_DataOut
 726:Middlewares/ST/STM32_USB_Device_Library/Class/CDC/Src/usbd_cdc.c ****   *         Data received on non-control Out endpoint
 727:Middlewares/ST/STM32_USB_Device_Library/Class/CDC/Src/usbd_cdc.c ****   * @param  pdev: device instance
 728:Middlewares/ST/STM32_USB_Device_Library/Class/CDC/Src/usbd_cdc.c ****   * @param  epnum: endpoint number
 729:Middlewares/ST/STM32_USB_Device_Library/Class/CDC/Src/usbd_cdc.c ****   * @retval status
 730:Middlewares/ST/STM32_USB_Device_Library/Class/CDC/Src/usbd_cdc.c ****   */
 731:Middlewares/ST/STM32_USB_Device_Library/Class/CDC/Src/usbd_cdc.c **** static uint8_t USBD_CDC_DataOut(USBD_HandleTypeDef *pdev, uint8_t epnum)
 732:Middlewares/ST/STM32_USB_Device_Library/Class/CDC/Src/usbd_cdc.c **** {
 733:Middlewares/ST/STM32_USB_Device_Library/Class/CDC/Src/usbd_cdc.c ****   USBD_CDC_HandleTypeDef *hcdc = (USBD_CDC_HandleTypeDef *)pdev->pClassData;
 734:Middlewares/ST/STM32_USB_Device_Library/Class/CDC/Src/usbd_cdc.c **** 
 735:Middlewares/ST/STM32_USB_Device_Library/Class/CDC/Src/usbd_cdc.c ****   if (pdev->pClassData == NULL)
 736:Middlewares/ST/STM32_USB_Device_Library/Class/CDC/Src/usbd_cdc.c ****   {
 737:Middlewares/ST/STM32_USB_Device_Library/Class/CDC/Src/usbd_cdc.c ****     return (uint8_t)USBD_FAIL;
 738:Middlewares/ST/STM32_USB_Device_Library/Class/CDC/Src/usbd_cdc.c ****   }
 739:Middlewares/ST/STM32_USB_Device_Library/Class/CDC/Src/usbd_cdc.c **** 
 740:Middlewares/ST/STM32_USB_Device_Library/Class/CDC/Src/usbd_cdc.c ****   /* Get the received data length */
 741:Middlewares/ST/STM32_USB_Device_Library/Class/CDC/Src/usbd_cdc.c ****   hcdc->RxLength = USBD_LL_GetRxDataSize(pdev, epnum);
 742:Middlewares/ST/STM32_USB_Device_Library/Class/CDC/Src/usbd_cdc.c **** 
 743:Middlewares/ST/STM32_USB_Device_Library/Class/CDC/Src/usbd_cdc.c ****   /* USB data will be immediately processed, this allow next USB traffic being
 744:Middlewares/ST/STM32_USB_Device_Library/Class/CDC/Src/usbd_cdc.c ****   NAKed till the end of the application Xfer */
 745:Middlewares/ST/STM32_USB_Device_Library/Class/CDC/Src/usbd_cdc.c **** 
 746:Middlewares/ST/STM32_USB_Device_Library/Class/CDC/Src/usbd_cdc.c ****   ((USBD_CDC_ItfTypeDef *)pdev->pUserData)->Receive(hcdc->RxBuffer, &hcdc->RxLength);
 747:Middlewares/ST/STM32_USB_Device_Library/Class/CDC/Src/usbd_cdc.c **** 
 748:Middlewares/ST/STM32_USB_Device_Library/Class/CDC/Src/usbd_cdc.c ****   return (uint8_t)USBD_OK;
 749:Middlewares/ST/STM32_USB_Device_Library/Class/CDC/Src/usbd_cdc.c **** }
 750:Middlewares/ST/STM32_USB_Device_Library/Class/CDC/Src/usbd_cdc.c **** 
 751:Middlewares/ST/STM32_USB_Device_Library/Class/CDC/Src/usbd_cdc.c **** /**
 752:Middlewares/ST/STM32_USB_Device_Library/Class/CDC/Src/usbd_cdc.c ****   * @brief  USBD_CDC_EP0_RxReady
 753:Middlewares/ST/STM32_USB_Device_Library/Class/CDC/Src/usbd_cdc.c ****   *         Handle EP0 Rx Ready event
 754:Middlewares/ST/STM32_USB_Device_Library/Class/CDC/Src/usbd_cdc.c ****   * @param  pdev: device instance
 755:Middlewares/ST/STM32_USB_Device_Library/Class/CDC/Src/usbd_cdc.c ****   * @retval status
 756:Middlewares/ST/STM32_USB_Device_Library/Class/CDC/Src/usbd_cdc.c ****   */
 757:Middlewares/ST/STM32_USB_Device_Library/Class/CDC/Src/usbd_cdc.c **** static uint8_t USBD_CDC_EP0_RxReady(USBD_HandleTypeDef *pdev)
 758:Middlewares/ST/STM32_USB_Device_Library/Class/CDC/Src/usbd_cdc.c **** {
  29              		.loc 1 758 1 view -0
  30              		.cfi_startproc
  31              		@ args = 0, pretend = 0, frame = 0
  32              		@ frame_needed = 0, uses_anonymous_args = 0
  33              		.loc 1 758 1 is_stmt 0 view .LVU1
  34 0000 10B5     		push	{r4, lr}
  35              	.LCFI0:
  36              		.cfi_def_cfa_offset 8
  37              		.cfi_offset 4, -8
  38              		.cfi_offset 14, -4
 759:Middlewares/ST/STM32_USB_Device_Library/Class/CDC/Src/usbd_cdc.c ****   USBD_CDC_HandleTypeDef *hcdc = (USBD_CDC_HandleTypeDef *)pdev->pClassData;
  39              		.loc 1 759 3 is_stmt 1 view .LVU2
  40              		.loc 1 759 27 is_stmt 0 view .LVU3
ARM GAS  /tmp/cciwB85O.s 			page 15


  41 0002 D0F8BC42 		ldr	r4, [r0, #700]
  42              	.LVL1:
 760:Middlewares/ST/STM32_USB_Device_Library/Class/CDC/Src/usbd_cdc.c **** 
 761:Middlewares/ST/STM32_USB_Device_Library/Class/CDC/Src/usbd_cdc.c ****   if (hcdc == NULL)
  43              		.loc 1 761 3 is_stmt 1 view .LVU4
  44              		.loc 1 761 6 is_stmt 0 view .LVU5
  45 0006 84B1     		cbz	r4, .L5
 762:Middlewares/ST/STM32_USB_Device_Library/Class/CDC/Src/usbd_cdc.c ****   {
 763:Middlewares/ST/STM32_USB_Device_Library/Class/CDC/Src/usbd_cdc.c ****     return (uint8_t)USBD_FAIL;
 764:Middlewares/ST/STM32_USB_Device_Library/Class/CDC/Src/usbd_cdc.c ****   }
 765:Middlewares/ST/STM32_USB_Device_Library/Class/CDC/Src/usbd_cdc.c **** 
 766:Middlewares/ST/STM32_USB_Device_Library/Class/CDC/Src/usbd_cdc.c ****   if ((pdev->pUserData != NULL) && (hcdc->CmdOpCode != 0xFFU))
  46              		.loc 1 766 3 is_stmt 1 view .LVU6
  47              		.loc 1 766 12 is_stmt 0 view .LVU7
  48 0008 D0F8C032 		ldr	r3, [r0, #704]
  49              		.loc 1 766 6 view .LVU8
  50 000c 5BB1     		cbz	r3, .L3
  51              		.loc 1 766 41 discriminator 1 view .LVU9
  52 000e 94F80002 		ldrb	r0, [r4, #512]	@ zero_extendqisi2
  53              	.LVL2:
  54              		.loc 1 766 33 discriminator 1 view .LVU10
  55 0012 FF28     		cmp	r0, #255
  56 0014 07D0     		beq	.L3
 767:Middlewares/ST/STM32_USB_Device_Library/Class/CDC/Src/usbd_cdc.c ****   {
 768:Middlewares/ST/STM32_USB_Device_Library/Class/CDC/Src/usbd_cdc.c ****     ((USBD_CDC_ItfTypeDef *)pdev->pUserData)->Control(hcdc->CmdOpCode,
  57              		.loc 1 768 5 is_stmt 1 view .LVU11
  58              		.loc 1 768 45 is_stmt 0 view .LVU12
  59 0016 9B68     		ldr	r3, [r3, #8]
  60              		.loc 1 768 6 view .LVU13
  61 0018 94F80122 		ldrb	r2, [r4, #513]	@ zero_extendqisi2
  62 001c 2146     		mov	r1, r4
  63 001e 9847     		blx	r3
  64              	.LVL3:
 769:Middlewares/ST/STM32_USB_Device_Library/Class/CDC/Src/usbd_cdc.c ****                                                       (uint8_t *)hcdc->data,
 770:Middlewares/ST/STM32_USB_Device_Library/Class/CDC/Src/usbd_cdc.c ****                                                       (uint16_t)hcdc->CmdLength);
 771:Middlewares/ST/STM32_USB_Device_Library/Class/CDC/Src/usbd_cdc.c ****     hcdc->CmdOpCode = 0xFFU;
  65              		.loc 1 771 5 is_stmt 1 view .LVU14
  66              		.loc 1 771 21 is_stmt 0 view .LVU15
  67 0020 FF23     		movs	r3, #255
  68 0022 84F80032 		strb	r3, [r4, #512]
  69              	.L3:
 772:Middlewares/ST/STM32_USB_Device_Library/Class/CDC/Src/usbd_cdc.c ****   }
 773:Middlewares/ST/STM32_USB_Device_Library/Class/CDC/Src/usbd_cdc.c **** 
 774:Middlewares/ST/STM32_USB_Device_Library/Class/CDC/Src/usbd_cdc.c ****   return (uint8_t)USBD_OK;
  70              		.loc 1 774 10 view .LVU16
  71 0026 0020     		movs	r0, #0
  72              	.L2:
 775:Middlewares/ST/STM32_USB_Device_Library/Class/CDC/Src/usbd_cdc.c **** }
  73              		.loc 1 775 1 view .LVU17
  74 0028 10BD     		pop	{r4, pc}
  75              	.LVL4:
  76              	.L5:
 763:Middlewares/ST/STM32_USB_Device_Library/Class/CDC/Src/usbd_cdc.c ****   }
  77              		.loc 1 763 12 view .LVU18
  78 002a 0320     		movs	r0, #3
  79              	.LVL5:
 763:Middlewares/ST/STM32_USB_Device_Library/Class/CDC/Src/usbd_cdc.c ****   }
ARM GAS  /tmp/cciwB85O.s 			page 16


  80              		.loc 1 763 12 view .LVU19
  81 002c FCE7     		b	.L2
  82              		.cfi_endproc
  83              	.LFE338:
  85              		.section	.text.USBD_CDC_GetFSCfgDesc,"ax",%progbits
  86              		.align	1
  87              		.syntax unified
  88              		.thumb
  89              		.thumb_func
  91              	USBD_CDC_GetFSCfgDesc:
  92              	.LVL6:
  93              	.LFB339:
 776:Middlewares/ST/STM32_USB_Device_Library/Class/CDC/Src/usbd_cdc.c **** 
 777:Middlewares/ST/STM32_USB_Device_Library/Class/CDC/Src/usbd_cdc.c **** /**
 778:Middlewares/ST/STM32_USB_Device_Library/Class/CDC/Src/usbd_cdc.c ****   * @brief  USBD_CDC_GetFSCfgDesc
 779:Middlewares/ST/STM32_USB_Device_Library/Class/CDC/Src/usbd_cdc.c ****   *         Return configuration descriptor
 780:Middlewares/ST/STM32_USB_Device_Library/Class/CDC/Src/usbd_cdc.c ****   * @param  speed : current device speed
 781:Middlewares/ST/STM32_USB_Device_Library/Class/CDC/Src/usbd_cdc.c ****   * @param  length : pointer data length
 782:Middlewares/ST/STM32_USB_Device_Library/Class/CDC/Src/usbd_cdc.c ****   * @retval pointer to descriptor buffer
 783:Middlewares/ST/STM32_USB_Device_Library/Class/CDC/Src/usbd_cdc.c ****   */
 784:Middlewares/ST/STM32_USB_Device_Library/Class/CDC/Src/usbd_cdc.c **** static uint8_t *USBD_CDC_GetFSCfgDesc(uint16_t *length)
 785:Middlewares/ST/STM32_USB_Device_Library/Class/CDC/Src/usbd_cdc.c **** {
  94              		.loc 1 785 1 is_stmt 1 view -0
  95              		.cfi_startproc
  96              		@ args = 0, pretend = 0, frame = 0
  97              		@ frame_needed = 0, uses_anonymous_args = 0
  98              		@ link register save eliminated.
 786:Middlewares/ST/STM32_USB_Device_Library/Class/CDC/Src/usbd_cdc.c ****   *length = (uint16_t)sizeof(USBD_CDC_CfgFSDesc);
  99              		.loc 1 786 3 view .LVU21
 100              		.loc 1 786 11 is_stmt 0 view .LVU22
 101 0000 4323     		movs	r3, #67
 102 0002 0380     		strh	r3, [r0]	@ movhi
 787:Middlewares/ST/STM32_USB_Device_Library/Class/CDC/Src/usbd_cdc.c **** 
 788:Middlewares/ST/STM32_USB_Device_Library/Class/CDC/Src/usbd_cdc.c ****   return USBD_CDC_CfgFSDesc;
 103              		.loc 1 788 3 is_stmt 1 view .LVU23
 789:Middlewares/ST/STM32_USB_Device_Library/Class/CDC/Src/usbd_cdc.c **** }
 104              		.loc 1 789 1 is_stmt 0 view .LVU24
 105 0004 0048     		ldr	r0, .L8
 106              	.LVL7:
 107              		.loc 1 789 1 view .LVU25
 108 0006 7047     		bx	lr
 109              	.L9:
 110              		.align	2
 111              	.L8:
 112 0008 00000000 		.word	USBD_CDC_CfgFSDesc
 113              		.cfi_endproc
 114              	.LFE339:
 116              		.section	.text.USBD_CDC_GetHSCfgDesc,"ax",%progbits
 117              		.align	1
 118              		.syntax unified
 119              		.thumb
 120              		.thumb_func
 122              	USBD_CDC_GetHSCfgDesc:
 123              	.LVL8:
 124              	.LFB340:
 790:Middlewares/ST/STM32_USB_Device_Library/Class/CDC/Src/usbd_cdc.c **** 
 791:Middlewares/ST/STM32_USB_Device_Library/Class/CDC/Src/usbd_cdc.c **** /**
ARM GAS  /tmp/cciwB85O.s 			page 17


 792:Middlewares/ST/STM32_USB_Device_Library/Class/CDC/Src/usbd_cdc.c ****   * @brief  USBD_CDC_GetHSCfgDesc
 793:Middlewares/ST/STM32_USB_Device_Library/Class/CDC/Src/usbd_cdc.c ****   *         Return configuration descriptor
 794:Middlewares/ST/STM32_USB_Device_Library/Class/CDC/Src/usbd_cdc.c ****   * @param  speed : current device speed
 795:Middlewares/ST/STM32_USB_Device_Library/Class/CDC/Src/usbd_cdc.c ****   * @param  length : pointer data length
 796:Middlewares/ST/STM32_USB_Device_Library/Class/CDC/Src/usbd_cdc.c ****   * @retval pointer to descriptor buffer
 797:Middlewares/ST/STM32_USB_Device_Library/Class/CDC/Src/usbd_cdc.c ****   */
 798:Middlewares/ST/STM32_USB_Device_Library/Class/CDC/Src/usbd_cdc.c **** static uint8_t *USBD_CDC_GetHSCfgDesc(uint16_t *length)
 799:Middlewares/ST/STM32_USB_Device_Library/Class/CDC/Src/usbd_cdc.c **** {
 125              		.loc 1 799 1 is_stmt 1 view -0
 126              		.cfi_startproc
 127              		@ args = 0, pretend = 0, frame = 0
 128              		@ frame_needed = 0, uses_anonymous_args = 0
 129              		@ link register save eliminated.
 800:Middlewares/ST/STM32_USB_Device_Library/Class/CDC/Src/usbd_cdc.c ****   *length = (uint16_t)sizeof(USBD_CDC_CfgHSDesc);
 130              		.loc 1 800 3 view .LVU27
 131              		.loc 1 800 11 is_stmt 0 view .LVU28
 132 0000 4323     		movs	r3, #67
 133 0002 0380     		strh	r3, [r0]	@ movhi
 801:Middlewares/ST/STM32_USB_Device_Library/Class/CDC/Src/usbd_cdc.c **** 
 802:Middlewares/ST/STM32_USB_Device_Library/Class/CDC/Src/usbd_cdc.c ****   return USBD_CDC_CfgHSDesc;
 134              		.loc 1 802 3 is_stmt 1 view .LVU29
 803:Middlewares/ST/STM32_USB_Device_Library/Class/CDC/Src/usbd_cdc.c **** }
 135              		.loc 1 803 1 is_stmt 0 view .LVU30
 136 0004 0048     		ldr	r0, .L11
 137              	.LVL9:
 138              		.loc 1 803 1 view .LVU31
 139 0006 7047     		bx	lr
 140              	.L12:
 141              		.align	2
 142              	.L11:
 143 0008 00000000 		.word	USBD_CDC_CfgHSDesc
 144              		.cfi_endproc
 145              	.LFE340:
 147              		.section	.text.USBD_CDC_GetOtherSpeedCfgDesc,"ax",%progbits
 148              		.align	1
 149              		.syntax unified
 150              		.thumb
 151              		.thumb_func
 153              	USBD_CDC_GetOtherSpeedCfgDesc:
 154              	.LVL10:
 155              	.LFB341:
 804:Middlewares/ST/STM32_USB_Device_Library/Class/CDC/Src/usbd_cdc.c **** 
 805:Middlewares/ST/STM32_USB_Device_Library/Class/CDC/Src/usbd_cdc.c **** /**
 806:Middlewares/ST/STM32_USB_Device_Library/Class/CDC/Src/usbd_cdc.c ****   * @brief  USBD_CDC_GetOtherSpeedCfgDesc
 807:Middlewares/ST/STM32_USB_Device_Library/Class/CDC/Src/usbd_cdc.c ****   *         Return configuration descriptor
 808:Middlewares/ST/STM32_USB_Device_Library/Class/CDC/Src/usbd_cdc.c ****   * @param  speed : current device speed
 809:Middlewares/ST/STM32_USB_Device_Library/Class/CDC/Src/usbd_cdc.c ****   * @param  length : pointer data length
 810:Middlewares/ST/STM32_USB_Device_Library/Class/CDC/Src/usbd_cdc.c ****   * @retval pointer to descriptor buffer
 811:Middlewares/ST/STM32_USB_Device_Library/Class/CDC/Src/usbd_cdc.c ****   */
 812:Middlewares/ST/STM32_USB_Device_Library/Class/CDC/Src/usbd_cdc.c **** static uint8_t *USBD_CDC_GetOtherSpeedCfgDesc(uint16_t *length)
 813:Middlewares/ST/STM32_USB_Device_Library/Class/CDC/Src/usbd_cdc.c **** {
 156              		.loc 1 813 1 is_stmt 1 view -0
 157              		.cfi_startproc
 158              		@ args = 0, pretend = 0, frame = 0
 159              		@ frame_needed = 0, uses_anonymous_args = 0
 160              		@ link register save eliminated.
 814:Middlewares/ST/STM32_USB_Device_Library/Class/CDC/Src/usbd_cdc.c ****   *length = (uint16_t)sizeof(USBD_CDC_OtherSpeedCfgDesc);
ARM GAS  /tmp/cciwB85O.s 			page 18


 161              		.loc 1 814 3 view .LVU33
 162              		.loc 1 814 11 is_stmt 0 view .LVU34
 163 0000 4323     		movs	r3, #67
 164 0002 0380     		strh	r3, [r0]	@ movhi
 815:Middlewares/ST/STM32_USB_Device_Library/Class/CDC/Src/usbd_cdc.c **** 
 816:Middlewares/ST/STM32_USB_Device_Library/Class/CDC/Src/usbd_cdc.c ****   return USBD_CDC_OtherSpeedCfgDesc;
 165              		.loc 1 816 3 is_stmt 1 view .LVU35
 817:Middlewares/ST/STM32_USB_Device_Library/Class/CDC/Src/usbd_cdc.c **** }
 166              		.loc 1 817 1 is_stmt 0 view .LVU36
 167 0004 0048     		ldr	r0, .L14
 168              	.LVL11:
 169              		.loc 1 817 1 view .LVU37
 170 0006 7047     		bx	lr
 171              	.L15:
 172              		.align	2
 173              	.L14:
 174 0008 00000000 		.word	USBD_CDC_OtherSpeedCfgDesc
 175              		.cfi_endproc
 176              	.LFE341:
 178              		.section	.text.USBD_CDC_GetDeviceQualifierDescriptor,"ax",%progbits
 179              		.align	1
 180              		.global	USBD_CDC_GetDeviceQualifierDescriptor
 181              		.syntax unified
 182              		.thumb
 183              		.thumb_func
 185              	USBD_CDC_GetDeviceQualifierDescriptor:
 186              	.LVL12:
 187              	.LFB342:
 818:Middlewares/ST/STM32_USB_Device_Library/Class/CDC/Src/usbd_cdc.c **** 
 819:Middlewares/ST/STM32_USB_Device_Library/Class/CDC/Src/usbd_cdc.c **** /**
 820:Middlewares/ST/STM32_USB_Device_Library/Class/CDC/Src/usbd_cdc.c ****   * @brief  USBD_CDC_GetDeviceQualifierDescriptor
 821:Middlewares/ST/STM32_USB_Device_Library/Class/CDC/Src/usbd_cdc.c ****   *         return Device Qualifier descriptor
 822:Middlewares/ST/STM32_USB_Device_Library/Class/CDC/Src/usbd_cdc.c ****   * @param  length : pointer data length
 823:Middlewares/ST/STM32_USB_Device_Library/Class/CDC/Src/usbd_cdc.c ****   * @retval pointer to descriptor buffer
 824:Middlewares/ST/STM32_USB_Device_Library/Class/CDC/Src/usbd_cdc.c ****   */
 825:Middlewares/ST/STM32_USB_Device_Library/Class/CDC/Src/usbd_cdc.c **** uint8_t *USBD_CDC_GetDeviceQualifierDescriptor(uint16_t *length)
 826:Middlewares/ST/STM32_USB_Device_Library/Class/CDC/Src/usbd_cdc.c **** {
 188              		.loc 1 826 1 is_stmt 1 view -0
 189              		.cfi_startproc
 190              		@ args = 0, pretend = 0, frame = 0
 191              		@ frame_needed = 0, uses_anonymous_args = 0
 192              		@ link register save eliminated.
 827:Middlewares/ST/STM32_USB_Device_Library/Class/CDC/Src/usbd_cdc.c ****   *length = (uint16_t)sizeof(USBD_CDC_DeviceQualifierDesc);
 193              		.loc 1 827 3 view .LVU39
 194              		.loc 1 827 11 is_stmt 0 view .LVU40
 195 0000 0A23     		movs	r3, #10
 196 0002 0380     		strh	r3, [r0]	@ movhi
 828:Middlewares/ST/STM32_USB_Device_Library/Class/CDC/Src/usbd_cdc.c **** 
 829:Middlewares/ST/STM32_USB_Device_Library/Class/CDC/Src/usbd_cdc.c ****   return USBD_CDC_DeviceQualifierDesc;
 197              		.loc 1 829 3 is_stmt 1 view .LVU41
 830:Middlewares/ST/STM32_USB_Device_Library/Class/CDC/Src/usbd_cdc.c **** }
 198              		.loc 1 830 1 is_stmt 0 view .LVU42
 199 0004 0048     		ldr	r0, .L17
 200              	.LVL13:
 201              		.loc 1 830 1 view .LVU43
 202 0006 7047     		bx	lr
 203              	.L18:
ARM GAS  /tmp/cciwB85O.s 			page 19


 204              		.align	2
 205              	.L17:
 206 0008 00000000 		.word	USBD_CDC_DeviceQualifierDesc
 207              		.cfi_endproc
 208              	.LFE342:
 210              		.section	.text.USBD_CDC_DataOut,"ax",%progbits
 211              		.align	1
 212              		.syntax unified
 213              		.thumb
 214              		.thumb_func
 216              	USBD_CDC_DataOut:
 217              	.LVL14:
 218              	.LFB337:
 732:Middlewares/ST/STM32_USB_Device_Library/Class/CDC/Src/usbd_cdc.c ****   USBD_CDC_HandleTypeDef *hcdc = (USBD_CDC_HandleTypeDef *)pdev->pClassData;
 219              		.loc 1 732 1 is_stmt 1 view -0
 220              		.cfi_startproc
 221              		@ args = 0, pretend = 0, frame = 0
 222              		@ frame_needed = 0, uses_anonymous_args = 0
 732:Middlewares/ST/STM32_USB_Device_Library/Class/CDC/Src/usbd_cdc.c ****   USBD_CDC_HandleTypeDef *hcdc = (USBD_CDC_HandleTypeDef *)pdev->pClassData;
 223              		.loc 1 732 1 is_stmt 0 view .LVU45
 224 0000 38B5     		push	{r3, r4, r5, lr}
 225              	.LCFI1:
 226              		.cfi_def_cfa_offset 16
 227              		.cfi_offset 3, -16
 228              		.cfi_offset 4, -12
 229              		.cfi_offset 5, -8
 230              		.cfi_offset 14, -4
 733:Middlewares/ST/STM32_USB_Device_Library/Class/CDC/Src/usbd_cdc.c **** 
 231              		.loc 1 733 3 is_stmt 1 view .LVU46
 733:Middlewares/ST/STM32_USB_Device_Library/Class/CDC/Src/usbd_cdc.c **** 
 232              		.loc 1 733 27 is_stmt 0 view .LVU47
 233 0002 D0F8BC52 		ldr	r5, [r0, #700]
 234              	.LVL15:
 735:Middlewares/ST/STM32_USB_Device_Library/Class/CDC/Src/usbd_cdc.c ****   {
 235              		.loc 1 735 3 is_stmt 1 view .LVU48
 735:Middlewares/ST/STM32_USB_Device_Library/Class/CDC/Src/usbd_cdc.c ****   {
 236              		.loc 1 735 6 is_stmt 0 view .LVU49
 237 0006 75B1     		cbz	r5, .L21
 238 0008 0446     		mov	r4, r0
 741:Middlewares/ST/STM32_USB_Device_Library/Class/CDC/Src/usbd_cdc.c **** 
 239              		.loc 1 741 3 is_stmt 1 view .LVU50
 741:Middlewares/ST/STM32_USB_Device_Library/Class/CDC/Src/usbd_cdc.c **** 
 240              		.loc 1 741 20 is_stmt 0 view .LVU51
 241 000a FFF7FEFF 		bl	USBD_LL_GetRxDataSize
 242              	.LVL16:
 741:Middlewares/ST/STM32_USB_Device_Library/Class/CDC/Src/usbd_cdc.c **** 
 243              		.loc 1 741 18 discriminator 1 view .LVU52
 244 000e C5F80C02 		str	r0, [r5, #524]
 746:Middlewares/ST/STM32_USB_Device_Library/Class/CDC/Src/usbd_cdc.c **** 
 245              		.loc 1 746 3 is_stmt 1 view .LVU53
 746:Middlewares/ST/STM32_USB_Device_Library/Class/CDC/Src/usbd_cdc.c **** 
 246              		.loc 1 746 31 is_stmt 0 view .LVU54
 247 0012 D4F8C032 		ldr	r3, [r4, #704]
 746:Middlewares/ST/STM32_USB_Device_Library/Class/CDC/Src/usbd_cdc.c **** 
 248              		.loc 1 746 43 view .LVU55
 249 0016 DB68     		ldr	r3, [r3, #12]
 746:Middlewares/ST/STM32_USB_Device_Library/Class/CDC/Src/usbd_cdc.c **** 
ARM GAS  /tmp/cciwB85O.s 			page 20


 250              		.loc 1 746 4 view .LVU56
 251 0018 05F50371 		add	r1, r5, #524
 252 001c D5F80402 		ldr	r0, [r5, #516]
 253 0020 9847     		blx	r3
 254              	.LVL17:
 748:Middlewares/ST/STM32_USB_Device_Library/Class/CDC/Src/usbd_cdc.c **** }
 255              		.loc 1 748 3 is_stmt 1 view .LVU57
 748:Middlewares/ST/STM32_USB_Device_Library/Class/CDC/Src/usbd_cdc.c **** }
 256              		.loc 1 748 10 is_stmt 0 view .LVU58
 257 0022 0020     		movs	r0, #0
 258              	.LVL18:
 259              	.L20:
 749:Middlewares/ST/STM32_USB_Device_Library/Class/CDC/Src/usbd_cdc.c **** 
 260              		.loc 1 749 1 view .LVU59
 261 0024 38BD     		pop	{r3, r4, r5, pc}
 262              	.LVL19:
 263              	.L21:
 737:Middlewares/ST/STM32_USB_Device_Library/Class/CDC/Src/usbd_cdc.c ****   }
 264              		.loc 1 737 12 view .LVU60
 265 0026 0320     		movs	r0, #3
 266              	.LVL20:
 737:Middlewares/ST/STM32_USB_Device_Library/Class/CDC/Src/usbd_cdc.c ****   }
 267              		.loc 1 737 12 view .LVU61
 268 0028 FCE7     		b	.L20
 269              		.cfi_endproc
 270              	.LFE337:
 272              		.section	.text.USBD_CDC_DataIn,"ax",%progbits
 273              		.align	1
 274              		.syntax unified
 275              		.thumb
 276              		.thumb_func
 278              	USBD_CDC_DataIn:
 279              	.LVL21:
 280              	.LFB336:
 691:Middlewares/ST/STM32_USB_Device_Library/Class/CDC/Src/usbd_cdc.c ****   USBD_CDC_HandleTypeDef *hcdc;
 281              		.loc 1 691 1 is_stmt 1 view -0
 282              		.cfi_startproc
 283              		@ args = 0, pretend = 0, frame = 0
 284              		@ frame_needed = 0, uses_anonymous_args = 0
 692:Middlewares/ST/STM32_USB_Device_Library/Class/CDC/Src/usbd_cdc.c ****   PCD_HandleTypeDef *hpcd = pdev->pData;
 285              		.loc 1 692 3 view .LVU63
 693:Middlewares/ST/STM32_USB_Device_Library/Class/CDC/Src/usbd_cdc.c **** 
 286              		.loc 1 693 3 view .LVU64
 693:Middlewares/ST/STM32_USB_Device_Library/Class/CDC/Src/usbd_cdc.c **** 
 287              		.loc 1 693 22 is_stmt 0 view .LVU65
 288 0000 D0F8C4C2 		ldr	ip, [r0, #708]
 289              	.LVL22:
 695:Middlewares/ST/STM32_USB_Device_Library/Class/CDC/Src/usbd_cdc.c ****   {
 290              		.loc 1 695 3 is_stmt 1 view .LVU66
 695:Middlewares/ST/STM32_USB_Device_Library/Class/CDC/Src/usbd_cdc.c ****   {
 291              		.loc 1 695 11 is_stmt 0 view .LVU67
 292 0004 D0F8BC32 		ldr	r3, [r0, #700]
 695:Middlewares/ST/STM32_USB_Device_Library/Class/CDC/Src/usbd_cdc.c ****   {
 293              		.loc 1 695 6 view .LVU68
 294 0008 4BB3     		cbz	r3, .L28
 691:Middlewares/ST/STM32_USB_Device_Library/Class/CDC/Src/usbd_cdc.c ****   USBD_CDC_HandleTypeDef *hcdc;
 295              		.loc 1 691 1 view .LVU69
ARM GAS  /tmp/cciwB85O.s 			page 21


 296 000a 10B5     		push	{r4, lr}
 297              	.LCFI2:
 298              		.cfi_def_cfa_offset 8
 299              		.cfi_offset 4, -8
 300              		.cfi_offset 14, -4
 700:Middlewares/ST/STM32_USB_Device_Library/Class/CDC/Src/usbd_cdc.c **** 
 301              		.loc 1 700 3 is_stmt 1 view .LVU70
 302              	.LVL23:
 702:Middlewares/ST/STM32_USB_Device_Library/Class/CDC/Src/usbd_cdc.c ****       ((pdev->ep_in[epnum].total_length % hpcd->IN_ep[epnum].maxpacket) == 0U))
 303              		.loc 1 702 3 view .LVU71
 702:Middlewares/ST/STM32_USB_Device_Library/Class/CDC/Src/usbd_cdc.c ****       ((pdev->ep_in[epnum].total_length % hpcd->IN_ep[epnum].maxpacket) == 0U))
 304              		.loc 1 702 26 is_stmt 0 view .LVU72
 305 000c 01EB8102 		add	r2, r1, r1, lsl #2
 306 0010 00EB8202 		add	r2, r0, r2, lsl #2
 307 0014 9269     		ldr	r2, [r2, #24]
 702:Middlewares/ST/STM32_USB_Device_Library/Class/CDC/Src/usbd_cdc.c ****       ((pdev->ep_in[epnum].total_length % hpcd->IN_ep[epnum].maxpacket) == 0U))
 308              		.loc 1 702 6 view .LVU73
 309 0016 52B1     		cbz	r2, .L25
 703:Middlewares/ST/STM32_USB_Device_Library/Class/CDC/Src/usbd_cdc.c ****   {
 310              		.loc 1 703 61 view .LVU74
 311 0018 01EB8104 		add	r4, r1, r1, lsl #2
 312 001c 0CEBC40C 		add	ip, ip, r4, lsl #3
 313              	.LVL24:
 703:Middlewares/ST/STM32_USB_Device_Library/Class/CDC/Src/usbd_cdc.c ****   {
 314              		.loc 1 703 61 view .LVU75
 315 0020 DCF82040 		ldr	r4, [ip, #32]
 703:Middlewares/ST/STM32_USB_Device_Library/Class/CDC/Src/usbd_cdc.c ****   {
 316              		.loc 1 703 41 view .LVU76
 317 0024 B2FBF4FC 		udiv	ip, r2, r4
 318 0028 04FB1C22 		mls	r2, r4, ip, r2
 702:Middlewares/ST/STM32_USB_Device_Library/Class/CDC/Src/usbd_cdc.c ****       ((pdev->ep_in[epnum].total_length % hpcd->IN_ep[epnum].maxpacket) == 0U))
 319              		.loc 1 702 46 discriminator 1 view .LVU77
 320 002c 72B1     		cbz	r2, .L33
 321              	.L25:
 713:Middlewares/ST/STM32_USB_Device_Library/Class/CDC/Src/usbd_cdc.c **** 
 322              		.loc 1 713 5 is_stmt 1 view .LVU78
 713:Middlewares/ST/STM32_USB_Device_Library/Class/CDC/Src/usbd_cdc.c **** 
 323              		.loc 1 713 19 is_stmt 0 view .LVU79
 324 002e 0022     		movs	r2, #0
 325 0030 C3F81422 		str	r2, [r3, #532]
 326              	.LVL25:
 715:Middlewares/ST/STM32_USB_Device_Library/Class/CDC/Src/usbd_cdc.c ****     {
 327              		.loc 1 715 5 is_stmt 1 view .LVU80
 715:Middlewares/ST/STM32_USB_Device_Library/Class/CDC/Src/usbd_cdc.c ****     {
 328              		.loc 1 715 37 is_stmt 0 view .LVU81
 329 0034 D0F8C022 		ldr	r2, [r0, #704]
 715:Middlewares/ST/STM32_USB_Device_Library/Class/CDC/Src/usbd_cdc.c ****     {
 330              		.loc 1 715 49 view .LVU82
 331 0038 1469     		ldr	r4, [r2, #16]
 715:Middlewares/ST/STM32_USB_Device_Library/Class/CDC/Src/usbd_cdc.c ****     {
 332              		.loc 1 715 8 view .LVU83
 333 003a 2CB1     		cbz	r4, .L26
 717:Middlewares/ST/STM32_USB_Device_Library/Class/CDC/Src/usbd_cdc.c ****     }
 334              		.loc 1 717 7 is_stmt 1 view .LVU84
 717:Middlewares/ST/STM32_USB_Device_Library/Class/CDC/Src/usbd_cdc.c ****     }
 335              		.loc 1 717 8 is_stmt 0 view .LVU85
 336 003c 0A46     		mov	r2, r1
ARM GAS  /tmp/cciwB85O.s 			page 22


 337 003e 03F50471 		add	r1, r3, #528
 338              	.LVL26:
 717:Middlewares/ST/STM32_USB_Device_Library/Class/CDC/Src/usbd_cdc.c ****     }
 339              		.loc 1 717 8 view .LVU86
 340 0042 D3F80802 		ldr	r0, [r3, #520]
 341              	.LVL27:
 717:Middlewares/ST/STM32_USB_Device_Library/Class/CDC/Src/usbd_cdc.c ****     }
 342              		.loc 1 717 8 view .LVU87
 343 0046 A047     		blx	r4
 344              	.LVL28:
 345              	.L26:
 721:Middlewares/ST/STM32_USB_Device_Library/Class/CDC/Src/usbd_cdc.c **** }
 346              		.loc 1 721 10 view .LVU88
 347 0048 0020     		movs	r0, #0
 722:Middlewares/ST/STM32_USB_Device_Library/Class/CDC/Src/usbd_cdc.c **** 
 348              		.loc 1 722 1 view .LVU89
 349 004a 10BD     		pop	{r4, pc}
 350              	.LVL29:
 351              	.L33:
 706:Middlewares/ST/STM32_USB_Device_Library/Class/CDC/Src/usbd_cdc.c **** 
 352              		.loc 1 706 5 is_stmt 1 view .LVU90
 706:Middlewares/ST/STM32_USB_Device_Library/Class/CDC/Src/usbd_cdc.c **** 
 353              		.loc 1 706 37 is_stmt 0 view .LVU91
 354 004c 01EB8103 		add	r3, r1, r1, lsl #2
 355              	.LVL30:
 706:Middlewares/ST/STM32_USB_Device_Library/Class/CDC/Src/usbd_cdc.c **** 
 356              		.loc 1 706 37 view .LVU92
 357 0050 00EB8303 		add	r3, r0, r3, lsl #2
 358 0054 9A61     		str	r2, [r3, #24]
 359              	.LVL31:
 709:Middlewares/ST/STM32_USB_Device_Library/Class/CDC/Src/usbd_cdc.c ****   }
 360              		.loc 1 709 5 is_stmt 1 view .LVU93
 709:Middlewares/ST/STM32_USB_Device_Library/Class/CDC/Src/usbd_cdc.c ****   }
 361              		.loc 1 709 11 is_stmt 0 view .LVU94
 362 0056 1346     		mov	r3, r2
 363 0058 FFF7FEFF 		bl	USBD_LL_Transmit
 364              	.LVL32:
 709:Middlewares/ST/STM32_USB_Device_Library/Class/CDC/Src/usbd_cdc.c ****   }
 365              		.loc 1 709 5 discriminator 1 view .LVU95
 366 005c F4E7     		b	.L26
 367              	.LVL33:
 368              	.L28:
 369              	.LCFI3:
 370              		.cfi_def_cfa_offset 0
 371              		.cfi_restore 4
 372              		.cfi_restore 14
 697:Middlewares/ST/STM32_USB_Device_Library/Class/CDC/Src/usbd_cdc.c ****   }
 373              		.loc 1 697 12 view .LVU96
 374 005e 0320     		movs	r0, #3
 375              	.LVL34:
 722:Middlewares/ST/STM32_USB_Device_Library/Class/CDC/Src/usbd_cdc.c **** 
 376              		.loc 1 722 1 view .LVU97
 377 0060 7047     		bx	lr
 378              		.cfi_endproc
 379              	.LFE336:
 381              		.section	.text.USBD_CDC_Setup,"ax",%progbits
 382              		.align	1
ARM GAS  /tmp/cciwB85O.s 			page 23


 383              		.syntax unified
 384              		.thumb
 385              		.thumb_func
 387              	USBD_CDC_Setup:
 388              	.LVL35:
 389              	.LFB335:
 588:Middlewares/ST/STM32_USB_Device_Library/Class/CDC/Src/usbd_cdc.c ****   USBD_CDC_HandleTypeDef *hcdc = (USBD_CDC_HandleTypeDef *)pdev->pClassData;
 390              		.loc 1 588 1 is_stmt 1 view -0
 391              		.cfi_startproc
 392              		@ args = 0, pretend = 0, frame = 8
 393              		@ frame_needed = 0, uses_anonymous_args = 0
 588:Middlewares/ST/STM32_USB_Device_Library/Class/CDC/Src/usbd_cdc.c ****   USBD_CDC_HandleTypeDef *hcdc = (USBD_CDC_HandleTypeDef *)pdev->pClassData;
 394              		.loc 1 588 1 is_stmt 0 view .LVU99
 395 0000 F0B5     		push	{r4, r5, r6, r7, lr}
 396              	.LCFI4:
 397              		.cfi_def_cfa_offset 20
 398              		.cfi_offset 4, -20
 399              		.cfi_offset 5, -16
 400              		.cfi_offset 6, -12
 401              		.cfi_offset 7, -8
 402              		.cfi_offset 14, -4
 403 0002 83B0     		sub	sp, sp, #12
 404              	.LCFI5:
 405              		.cfi_def_cfa_offset 32
 589:Middlewares/ST/STM32_USB_Device_Library/Class/CDC/Src/usbd_cdc.c ****   uint16_t len;
 406              		.loc 1 589 3 is_stmt 1 view .LVU100
 589:Middlewares/ST/STM32_USB_Device_Library/Class/CDC/Src/usbd_cdc.c ****   uint16_t len;
 407              		.loc 1 589 27 is_stmt 0 view .LVU101
 408 0004 D0F8BC62 		ldr	r6, [r0, #700]
 409              	.LVL36:
 590:Middlewares/ST/STM32_USB_Device_Library/Class/CDC/Src/usbd_cdc.c ****   uint8_t ifalt = 0U;
 410              		.loc 1 590 3 is_stmt 1 view .LVU102
 591:Middlewares/ST/STM32_USB_Device_Library/Class/CDC/Src/usbd_cdc.c ****   uint16_t status_info = 0U;
 411              		.loc 1 591 3 view .LVU103
 591:Middlewares/ST/STM32_USB_Device_Library/Class/CDC/Src/usbd_cdc.c ****   uint16_t status_info = 0U;
 412              		.loc 1 591 11 is_stmt 0 view .LVU104
 413 0008 0023     		movs	r3, #0
 414 000a 8DF80730 		strb	r3, [sp, #7]
 592:Middlewares/ST/STM32_USB_Device_Library/Class/CDC/Src/usbd_cdc.c ****   USBD_StatusTypeDef ret = USBD_OK;
 415              		.loc 1 592 3 is_stmt 1 view .LVU105
 592:Middlewares/ST/STM32_USB_Device_Library/Class/CDC/Src/usbd_cdc.c ****   USBD_StatusTypeDef ret = USBD_OK;
 416              		.loc 1 592 12 is_stmt 0 view .LVU106
 417 000e ADF80430 		strh	r3, [sp, #4]	@ movhi
 593:Middlewares/ST/STM32_USB_Device_Library/Class/CDC/Src/usbd_cdc.c **** 
 418              		.loc 1 593 3 is_stmt 1 view .LVU107
 419              	.LVL37:
 595:Middlewares/ST/STM32_USB_Device_Library/Class/CDC/Src/usbd_cdc.c ****   {
 420              		.loc 1 595 3 view .LVU108
 595:Middlewares/ST/STM32_USB_Device_Library/Class/CDC/Src/usbd_cdc.c ****   {
 421              		.loc 1 595 6 is_stmt 0 view .LVU109
 422 0012 002E     		cmp	r6, #0
 423 0014 5ED0     		beq	.L49
 424 0016 0746     		mov	r7, r0
 425 0018 0C46     		mov	r4, r1
 600:Middlewares/ST/STM32_USB_Device_Library/Class/CDC/Src/usbd_cdc.c ****   {
 426              		.loc 1 600 3 is_stmt 1 view .LVU110
 600:Middlewares/ST/STM32_USB_Device_Library/Class/CDC/Src/usbd_cdc.c ****   {
ARM GAS  /tmp/cciwB85O.s 			page 24


 427              		.loc 1 600 14 is_stmt 0 view .LVU111
 428 001a 0B78     		ldrb	r3, [r1]	@ zero_extendqisi2
 600:Middlewares/ST/STM32_USB_Device_Library/Class/CDC/Src/usbd_cdc.c ****   {
 429              		.loc 1 600 3 view .LVU112
 430 001c 13F06005 		ands	r5, r3, #96
 431 0020 27D0     		beq	.L37
 432 0022 202D     		cmp	r5, #32
 433 0024 54D1     		bne	.L38
 603:Middlewares/ST/STM32_USB_Device_Library/Class/CDC/Src/usbd_cdc.c ****       {
 434              		.loc 1 603 7 is_stmt 1 view .LVU113
 603:Middlewares/ST/STM32_USB_Device_Library/Class/CDC/Src/usbd_cdc.c ****       {
 435              		.loc 1 603 14 is_stmt 0 view .LVU114
 436 0026 CA88     		ldrh	r2, [r1, #6]
 603:Middlewares/ST/STM32_USB_Device_Library/Class/CDC/Src/usbd_cdc.c ****       {
 437              		.loc 1 603 10 view .LVU115
 438 0028 E2B1     		cbz	r2, .L39
 605:Middlewares/ST/STM32_USB_Device_Library/Class/CDC/Src/usbd_cdc.c ****         {
 439              		.loc 1 605 9 is_stmt 1 view .LVU116
 605:Middlewares/ST/STM32_USB_Device_Library/Class/CDC/Src/usbd_cdc.c ****         {
 440              		.loc 1 605 12 is_stmt 0 view .LVU117
 441 002a 13F0800F 		tst	r3, #128
 442 002e 0ED0     		beq	.L40
 607:Middlewares/ST/STM32_USB_Device_Library/Class/CDC/Src/usbd_cdc.c ****                                                             (uint8_t *)hcdc->data,
 443              		.loc 1 607 11 is_stmt 1 view .LVU118
 607:Middlewares/ST/STM32_USB_Device_Library/Class/CDC/Src/usbd_cdc.c ****                                                             (uint8_t *)hcdc->data,
 444              		.loc 1 607 39 is_stmt 0 view .LVU119
 445 0030 D0F8C032 		ldr	r3, [r0, #704]
 607:Middlewares/ST/STM32_USB_Device_Library/Class/CDC/Src/usbd_cdc.c ****                                                             (uint8_t *)hcdc->data,
 446              		.loc 1 607 51 view .LVU120
 447 0034 9B68     		ldr	r3, [r3, #8]
 607:Middlewares/ST/STM32_USB_Device_Library/Class/CDC/Src/usbd_cdc.c ****                                                             (uint8_t *)hcdc->data,
 448              		.loc 1 607 12 view .LVU121
 449 0036 3146     		mov	r1, r6
 450              	.LVL38:
 607:Middlewares/ST/STM32_USB_Device_Library/Class/CDC/Src/usbd_cdc.c ****                                                             (uint8_t *)hcdc->data,
 451              		.loc 1 607 12 view .LVU122
 452 0038 6078     		ldrb	r0, [r4, #1]	@ zero_extendqisi2
 453              	.LVL39:
 607:Middlewares/ST/STM32_USB_Device_Library/Class/CDC/Src/usbd_cdc.c ****                                                             (uint8_t *)hcdc->data,
 454              		.loc 1 607 12 view .LVU123
 455 003a 9847     		blx	r3
 456              	.LVL40:
 611:Middlewares/ST/STM32_USB_Device_Library/Class/CDC/Src/usbd_cdc.c ****           (void)USBD_CtlSendData(pdev, (uint8_t *)hcdc->data, len);
 457              		.loc 1 611 11 is_stmt 1 view .LVU124
 611:Middlewares/ST/STM32_USB_Device_Library/Class/CDC/Src/usbd_cdc.c ****           (void)USBD_CtlSendData(pdev, (uint8_t *)hcdc->data, len);
 458              		.loc 1 611 17 is_stmt 0 view .LVU125
 459 003c E288     		ldrh	r2, [r4, #6]
 460              	.LVL41:
 612:Middlewares/ST/STM32_USB_Device_Library/Class/CDC/Src/usbd_cdc.c ****         }
 461              		.loc 1 612 11 is_stmt 1 view .LVU126
 612:Middlewares/ST/STM32_USB_Device_Library/Class/CDC/Src/usbd_cdc.c ****         }
 462              		.loc 1 612 17 is_stmt 0 view .LVU127
 463 003e 072A     		cmp	r2, #7
 464 0040 28BF     		it	cs
 465 0042 0722     		movcs	r2, #7
 466              	.LVL42:
 612:Middlewares/ST/STM32_USB_Device_Library/Class/CDC/Src/usbd_cdc.c ****         }
ARM GAS  /tmp/cciwB85O.s 			page 25


 467              		.loc 1 612 17 view .LVU128
 468 0044 3146     		mov	r1, r6
 469 0046 3846     		mov	r0, r7
 470 0048 FFF7FEFF 		bl	USBD_CtlSendData
 471              	.LVL43:
 612:Middlewares/ST/STM32_USB_Device_Library/Class/CDC/Src/usbd_cdc.c ****         }
 472              		.loc 1 612 17 view .LVU129
 473 004c 0FE0     		b	.L41
 474              	.LVL44:
 475              	.L40:
 616:Middlewares/ST/STM32_USB_Device_Library/Class/CDC/Src/usbd_cdc.c ****           hcdc->CmdLength = (uint8_t)req->wLength;
 476              		.loc 1 616 11 is_stmt 1 view .LVU130
 616:Middlewares/ST/STM32_USB_Device_Library/Class/CDC/Src/usbd_cdc.c ****           hcdc->CmdLength = (uint8_t)req->wLength;
 477              		.loc 1 616 32 is_stmt 0 view .LVU131
 478 004e 4B78     		ldrb	r3, [r1, #1]	@ zero_extendqisi2
 616:Middlewares/ST/STM32_USB_Device_Library/Class/CDC/Src/usbd_cdc.c ****           hcdc->CmdLength = (uint8_t)req->wLength;
 479              		.loc 1 616 27 view .LVU132
 480 0050 86F80032 		strb	r3, [r6, #512]
 617:Middlewares/ST/STM32_USB_Device_Library/Class/CDC/Src/usbd_cdc.c **** 
 481              		.loc 1 617 11 is_stmt 1 view .LVU133
 617:Middlewares/ST/STM32_USB_Device_Library/Class/CDC/Src/usbd_cdc.c **** 
 482              		.loc 1 617 29 is_stmt 0 view .LVU134
 483 0054 8B79     		ldrb	r3, [r1, #6]	@ zero_extendqisi2
 617:Middlewares/ST/STM32_USB_Device_Library/Class/CDC/Src/usbd_cdc.c **** 
 484              		.loc 1 617 27 view .LVU135
 485 0056 86F80132 		strb	r3, [r6, #513]
 619:Middlewares/ST/STM32_USB_Device_Library/Class/CDC/Src/usbd_cdc.c ****         }
 486              		.loc 1 619 11 is_stmt 1 view .LVU136
 619:Middlewares/ST/STM32_USB_Device_Library/Class/CDC/Src/usbd_cdc.c ****         }
 487              		.loc 1 619 17 is_stmt 0 view .LVU137
 488 005a CA88     		ldrh	r2, [r1, #6]
 489 005c 3146     		mov	r1, r6
 490              	.LVL45:
 619:Middlewares/ST/STM32_USB_Device_Library/Class/CDC/Src/usbd_cdc.c ****         }
 491              		.loc 1 619 17 view .LVU138
 492 005e FFF7FEFF 		bl	USBD_CtlPrepareRx
 493              	.LVL46:
 619:Middlewares/ST/STM32_USB_Device_Library/Class/CDC/Src/usbd_cdc.c ****         }
 494              		.loc 1 619 17 view .LVU139
 495 0062 04E0     		b	.L41
 496              	.LVL47:
 497              	.L39:
 624:Middlewares/ST/STM32_USB_Device_Library/Class/CDC/Src/usbd_cdc.c ****                                                           (uint8_t *)req, 0U);
 498              		.loc 1 624 9 is_stmt 1 view .LVU140
 624:Middlewares/ST/STM32_USB_Device_Library/Class/CDC/Src/usbd_cdc.c ****                                                           (uint8_t *)req, 0U);
 499              		.loc 1 624 37 is_stmt 0 view .LVU141
 500 0064 D0F8C032 		ldr	r3, [r0, #704]
 624:Middlewares/ST/STM32_USB_Device_Library/Class/CDC/Src/usbd_cdc.c ****                                                           (uint8_t *)req, 0U);
 501              		.loc 1 624 49 view .LVU142
 502 0068 9B68     		ldr	r3, [r3, #8]
 624:Middlewares/ST/STM32_USB_Device_Library/Class/CDC/Src/usbd_cdc.c ****                                                           (uint8_t *)req, 0U);
 503              		.loc 1 624 10 view .LVU143
 504 006a 4878     		ldrb	r0, [r1, #1]	@ zero_extendqisi2
 505              	.LVL48:
 624:Middlewares/ST/STM32_USB_Device_Library/Class/CDC/Src/usbd_cdc.c ****                                                           (uint8_t *)req, 0U);
 506              		.loc 1 624 10 view .LVU144
 507 006c 9847     		blx	r3
ARM GAS  /tmp/cciwB85O.s 			page 26


 508              	.LVL49:
 509              	.L41:
 593:Middlewares/ST/STM32_USB_Device_Library/Class/CDC/Src/usbd_cdc.c **** 
 510              		.loc 1 593 22 view .LVU145
 511 006e 0025     		movs	r5, #0
 512 0070 31E0     		b	.L36
 513              	.LVL50:
 514              	.L37:
 630:Middlewares/ST/STM32_USB_Device_Library/Class/CDC/Src/usbd_cdc.c ****       {
 515              		.loc 1 630 7 is_stmt 1 view .LVU146
 630:Middlewares/ST/STM32_USB_Device_Library/Class/CDC/Src/usbd_cdc.c ****       {
 516              		.loc 1 630 18 is_stmt 0 view .LVU147
 517 0072 4E78     		ldrb	r6, [r1, #1]	@ zero_extendqisi2
 518              	.LVL51:
 630:Middlewares/ST/STM32_USB_Device_Library/Class/CDC/Src/usbd_cdc.c ****       {
 519              		.loc 1 630 7 view .LVU148
 520 0074 0B2E     		cmp	r6, #11
 521 0076 28D8     		bhi	.L42
 522 0078 DFE806F0 		tbb	[pc, r6]
 523              	.L44:
 524 007c 06       		.byte	(.L47-.L44)/2
 525 007d 2D       		.byte	(.L36-.L44)/2
 526 007e 27       		.byte	(.L42-.L44)/2
 527 007f 27       		.byte	(.L42-.L44)/2
 528 0080 27       		.byte	(.L42-.L44)/2
 529 0081 27       		.byte	(.L42-.L44)/2
 530 0082 27       		.byte	(.L42-.L44)/2
 531 0083 27       		.byte	(.L42-.L44)/2
 532 0084 27       		.byte	(.L42-.L44)/2
 533 0085 27       		.byte	(.L42-.L44)/2
 534 0086 13       		.byte	(.L45-.L44)/2
 535 0087 20       		.byte	(.L43-.L44)/2
 536              		.p2align 1
 537              	.L47:
 633:Middlewares/ST/STM32_USB_Device_Library/Class/CDC/Src/usbd_cdc.c ****           {
 538              		.loc 1 633 11 is_stmt 1 view .LVU149
 633:Middlewares/ST/STM32_USB_Device_Library/Class/CDC/Src/usbd_cdc.c ****           {
 539              		.loc 1 633 19 is_stmt 0 view .LVU150
 540 0088 90F89C32 		ldrb	r3, [r0, #668]	@ zero_extendqisi2
 633:Middlewares/ST/STM32_USB_Device_Library/Class/CDC/Src/usbd_cdc.c ****           {
 541              		.loc 1 633 14 view .LVU151
 542 008c 032B     		cmp	r3, #3
 543 008e 02D0     		beq	.L53
 639:Middlewares/ST/STM32_USB_Device_Library/Class/CDC/Src/usbd_cdc.c ****             ret = USBD_FAIL;
 544              		.loc 1 639 13 is_stmt 1 view .LVU152
 545 0090 FFF7FEFF 		bl	USBD_CtlError
 546              	.LVL52:
 640:Middlewares/ST/STM32_USB_Device_Library/Class/CDC/Src/usbd_cdc.c ****           }
 547              		.loc 1 640 13 view .LVU153
 640:Middlewares/ST/STM32_USB_Device_Library/Class/CDC/Src/usbd_cdc.c ****           }
 548              		.loc 1 640 13 is_stmt 0 view .LVU154
 549 0094 1EE0     		b	.L49
 550              	.LVL53:
 551              	.L53:
 635:Middlewares/ST/STM32_USB_Device_Library/Class/CDC/Src/usbd_cdc.c ****           }
 552              		.loc 1 635 13 is_stmt 1 view .LVU155
 635:Middlewares/ST/STM32_USB_Device_Library/Class/CDC/Src/usbd_cdc.c ****           }
ARM GAS  /tmp/cciwB85O.s 			page 27


 553              		.loc 1 635 19 is_stmt 0 view .LVU156
 554 0096 0222     		movs	r2, #2
 555 0098 01A9     		add	r1, sp, #4
 556              	.LVL54:
 635:Middlewares/ST/STM32_USB_Device_Library/Class/CDC/Src/usbd_cdc.c ****           }
 557              		.loc 1 635 19 view .LVU157
 558 009a FFF7FEFF 		bl	USBD_CtlSendData
 559              	.LVL55:
 593:Middlewares/ST/STM32_USB_Device_Library/Class/CDC/Src/usbd_cdc.c **** 
 560              		.loc 1 593 22 view .LVU158
 561 009e 3546     		mov	r5, r6
 562 00a0 19E0     		b	.L36
 563              	.LVL56:
 564              	.L45:
 645:Middlewares/ST/STM32_USB_Device_Library/Class/CDC/Src/usbd_cdc.c ****           {
 565              		.loc 1 645 11 is_stmt 1 view .LVU159
 645:Middlewares/ST/STM32_USB_Device_Library/Class/CDC/Src/usbd_cdc.c ****           {
 566              		.loc 1 645 19 is_stmt 0 view .LVU160
 567 00a2 90F89C32 		ldrb	r3, [r0, #668]	@ zero_extendqisi2
 645:Middlewares/ST/STM32_USB_Device_Library/Class/CDC/Src/usbd_cdc.c ****           {
 568              		.loc 1 645 14 view .LVU161
 569 00a6 032B     		cmp	r3, #3
 570 00a8 02D0     		beq	.L54
 651:Middlewares/ST/STM32_USB_Device_Library/Class/CDC/Src/usbd_cdc.c ****             ret = USBD_FAIL;
 571              		.loc 1 651 13 is_stmt 1 view .LVU162
 572 00aa FFF7FEFF 		bl	USBD_CtlError
 573              	.LVL57:
 652:Middlewares/ST/STM32_USB_Device_Library/Class/CDC/Src/usbd_cdc.c ****           }
 574              		.loc 1 652 13 view .LVU163
 652:Middlewares/ST/STM32_USB_Device_Library/Class/CDC/Src/usbd_cdc.c ****           }
 575              		.loc 1 652 13 is_stmt 0 view .LVU164
 576 00ae 11E0     		b	.L49
 577              	.LVL58:
 578              	.L54:
 647:Middlewares/ST/STM32_USB_Device_Library/Class/CDC/Src/usbd_cdc.c ****           }
 579              		.loc 1 647 13 is_stmt 1 view .LVU165
 647:Middlewares/ST/STM32_USB_Device_Library/Class/CDC/Src/usbd_cdc.c ****           }
 580              		.loc 1 647 19 is_stmt 0 view .LVU166
 581 00b0 0122     		movs	r2, #1
 582 00b2 0DF10701 		add	r1, sp, #7
 583              	.LVL59:
 647:Middlewares/ST/STM32_USB_Device_Library/Class/CDC/Src/usbd_cdc.c ****           }
 584              		.loc 1 647 19 view .LVU167
 585 00b6 FFF7FEFF 		bl	USBD_CtlSendData
 586              	.LVL60:
 647:Middlewares/ST/STM32_USB_Device_Library/Class/CDC/Src/usbd_cdc.c ****           }
 587              		.loc 1 647 19 view .LVU168
 588 00ba 0CE0     		b	.L36
 589              	.LVL61:
 590              	.L43:
 657:Middlewares/ST/STM32_USB_Device_Library/Class/CDC/Src/usbd_cdc.c ****           {
 591              		.loc 1 657 11 is_stmt 1 view .LVU169
 657:Middlewares/ST/STM32_USB_Device_Library/Class/CDC/Src/usbd_cdc.c ****           {
 592              		.loc 1 657 19 is_stmt 0 view .LVU170
 593 00bc 90F89C32 		ldrb	r3, [r0, #668]	@ zero_extendqisi2
 657:Middlewares/ST/STM32_USB_Device_Library/Class/CDC/Src/usbd_cdc.c ****           {
 594              		.loc 1 657 14 view .LVU171
ARM GAS  /tmp/cciwB85O.s 			page 28


 595 00c0 032B     		cmp	r3, #3
 596 00c2 08D0     		beq	.L36
 659:Middlewares/ST/STM32_USB_Device_Library/Class/CDC/Src/usbd_cdc.c ****             ret = USBD_FAIL;
 597              		.loc 1 659 13 is_stmt 1 view .LVU172
 598 00c4 FFF7FEFF 		bl	USBD_CtlError
 599              	.LVL62:
 660:Middlewares/ST/STM32_USB_Device_Library/Class/CDC/Src/usbd_cdc.c ****           }
 600              		.loc 1 660 13 view .LVU173
 660:Middlewares/ST/STM32_USB_Device_Library/Class/CDC/Src/usbd_cdc.c ****           }
 601              		.loc 1 660 13 is_stmt 0 view .LVU174
 602 00c8 04E0     		b	.L49
 603              	.LVL63:
 604              	.L42:
 668:Middlewares/ST/STM32_USB_Device_Library/Class/CDC/Src/usbd_cdc.c ****           ret = USBD_FAIL;
 605              		.loc 1 668 11 is_stmt 1 view .LVU175
 606 00ca FFF7FEFF 		bl	USBD_CtlError
 607              	.LVL64:
 669:Middlewares/ST/STM32_USB_Device_Library/Class/CDC/Src/usbd_cdc.c ****           break;
 608              		.loc 1 669 11 view .LVU176
 670:Middlewares/ST/STM32_USB_Device_Library/Class/CDC/Src/usbd_cdc.c ****       }
 609              		.loc 1 670 11 view .LVU177
 610 00ce 01E0     		b	.L49
 611              	.LVL65:
 612              	.L38:
 675:Middlewares/ST/STM32_USB_Device_Library/Class/CDC/Src/usbd_cdc.c ****       ret = USBD_FAIL;
 613              		.loc 1 675 7 view .LVU178
 614 00d0 FFF7FEFF 		bl	USBD_CtlError
 615              	.LVL66:
 676:Middlewares/ST/STM32_USB_Device_Library/Class/CDC/Src/usbd_cdc.c ****       break;
 616              		.loc 1 676 7 view .LVU179
 677:Middlewares/ST/STM32_USB_Device_Library/Class/CDC/Src/usbd_cdc.c ****   }
 617              		.loc 1 677 7 view .LVU180
 618              	.L49:
 597:Middlewares/ST/STM32_USB_Device_Library/Class/CDC/Src/usbd_cdc.c ****   }
 619              		.loc 1 597 12 is_stmt 0 view .LVU181
 620 00d4 0325     		movs	r5, #3
 621              	.L36:
 681:Middlewares/ST/STM32_USB_Device_Library/Class/CDC/Src/usbd_cdc.c **** 
 622              		.loc 1 681 1 view .LVU182
 623 00d6 2846     		mov	r0, r5
 624 00d8 03B0     		add	sp, sp, #12
 625              	.LCFI6:
 626              		.cfi_def_cfa_offset 20
 627              		@ sp needed
 628 00da F0BD     		pop	{r4, r5, r6, r7, pc}
 629              		.cfi_endproc
 630              	.LFE335:
 632              		.section	.text.USBD_CDC_DeInit,"ax",%progbits
 633              		.align	1
 634              		.syntax unified
 635              		.thumb
 636              		.thumb_func
 638              	USBD_CDC_DeInit:
 639              	.LVL67:
 640              	.LFB334:
 552:Middlewares/ST/STM32_USB_Device_Library/Class/CDC/Src/usbd_cdc.c ****   UNUSED(cfgidx);
 641              		.loc 1 552 1 is_stmt 1 view -0
ARM GAS  /tmp/cciwB85O.s 			page 29


 642              		.cfi_startproc
 643              		@ args = 0, pretend = 0, frame = 0
 644              		@ frame_needed = 0, uses_anonymous_args = 0
 552:Middlewares/ST/STM32_USB_Device_Library/Class/CDC/Src/usbd_cdc.c ****   UNUSED(cfgidx);
 645              		.loc 1 552 1 is_stmt 0 view .LVU184
 646 0000 38B5     		push	{r3, r4, r5, lr}
 647              	.LCFI7:
 648              		.cfi_def_cfa_offset 16
 649              		.cfi_offset 3, -16
 650              		.cfi_offset 4, -12
 651              		.cfi_offset 5, -8
 652              		.cfi_offset 14, -4
 653 0002 0446     		mov	r4, r0
 553:Middlewares/ST/STM32_USB_Device_Library/Class/CDC/Src/usbd_cdc.c **** 
 654              		.loc 1 553 3 is_stmt 1 view .LVU185
 556:Middlewares/ST/STM32_USB_Device_Library/Class/CDC/Src/usbd_cdc.c ****   pdev->ep_in[CDC_IN_EP & 0xFU].is_used = 0U;
 655              		.loc 1 556 3 view .LVU186
 556:Middlewares/ST/STM32_USB_Device_Library/Class/CDC/Src/usbd_cdc.c ****   pdev->ep_in[CDC_IN_EP & 0xFU].is_used = 0U;
 656              		.loc 1 556 9 is_stmt 0 view .LVU187
 657 0004 8121     		movs	r1, #129
 658              	.LVL68:
 556:Middlewares/ST/STM32_USB_Device_Library/Class/CDC/Src/usbd_cdc.c ****   pdev->ep_in[CDC_IN_EP & 0xFU].is_used = 0U;
 659              		.loc 1 556 9 view .LVU188
 660 0006 FFF7FEFF 		bl	USBD_LL_CloseEP
 661              	.LVL69:
 557:Middlewares/ST/STM32_USB_Device_Library/Class/CDC/Src/usbd_cdc.c **** 
 662              		.loc 1 557 3 is_stmt 1 view .LVU189
 557:Middlewares/ST/STM32_USB_Device_Library/Class/CDC/Src/usbd_cdc.c **** 
 663              		.loc 1 557 41 is_stmt 0 view .LVU190
 664 000a 0025     		movs	r5, #0
 665 000c 2587     		strh	r5, [r4, #56]	@ movhi
 560:Middlewares/ST/STM32_USB_Device_Library/Class/CDC/Src/usbd_cdc.c ****   pdev->ep_out[CDC_OUT_EP & 0xFU].is_used = 0U;
 666              		.loc 1 560 3 is_stmt 1 view .LVU191
 560:Middlewares/ST/STM32_USB_Device_Library/Class/CDC/Src/usbd_cdc.c ****   pdev->ep_out[CDC_OUT_EP & 0xFU].is_used = 0U;
 667              		.loc 1 560 9 is_stmt 0 view .LVU192
 668 000e 0121     		movs	r1, #1
 669 0010 2046     		mov	r0, r4
 670 0012 FFF7FEFF 		bl	USBD_LL_CloseEP
 671              	.LVL70:
 561:Middlewares/ST/STM32_USB_Device_Library/Class/CDC/Src/usbd_cdc.c **** 
 672              		.loc 1 561 3 is_stmt 1 view .LVU193
 561:Middlewares/ST/STM32_USB_Device_Library/Class/CDC/Src/usbd_cdc.c **** 
 673              		.loc 1 561 43 is_stmt 0 view .LVU194
 674 0016 A4F87851 		strh	r5, [r4, #376]	@ movhi
 564:Middlewares/ST/STM32_USB_Device_Library/Class/CDC/Src/usbd_cdc.c ****   pdev->ep_in[CDC_CMD_EP & 0xFU].is_used = 0U;
 675              		.loc 1 564 3 is_stmt 1 view .LVU195
 564:Middlewares/ST/STM32_USB_Device_Library/Class/CDC/Src/usbd_cdc.c ****   pdev->ep_in[CDC_CMD_EP & 0xFU].is_used = 0U;
 676              		.loc 1 564 9 is_stmt 0 view .LVU196
 677 001a 8221     		movs	r1, #130
 678 001c 2046     		mov	r0, r4
 679 001e FFF7FEFF 		bl	USBD_LL_CloseEP
 680              	.LVL71:
 565:Middlewares/ST/STM32_USB_Device_Library/Class/CDC/Src/usbd_cdc.c ****   pdev->ep_in[CDC_CMD_EP & 0xFU].bInterval = 0U;
 681              		.loc 1 565 3 is_stmt 1 view .LVU197
 565:Middlewares/ST/STM32_USB_Device_Library/Class/CDC/Src/usbd_cdc.c ****   pdev->ep_in[CDC_CMD_EP & 0xFU].bInterval = 0U;
 682              		.loc 1 565 42 is_stmt 0 view .LVU198
 683 0022 A4F84C50 		strh	r5, [r4, #76]	@ movhi
ARM GAS  /tmp/cciwB85O.s 			page 30


 566:Middlewares/ST/STM32_USB_Device_Library/Class/CDC/Src/usbd_cdc.c **** 
 684              		.loc 1 566 3 is_stmt 1 view .LVU199
 566:Middlewares/ST/STM32_USB_Device_Library/Class/CDC/Src/usbd_cdc.c **** 
 685              		.loc 1 566 44 is_stmt 0 view .LVU200
 686 0026 A4F84E50 		strh	r5, [r4, #78]	@ movhi
 569:Middlewares/ST/STM32_USB_Device_Library/Class/CDC/Src/usbd_cdc.c ****   {
 687              		.loc 1 569 3 is_stmt 1 view .LVU201
 569:Middlewares/ST/STM32_USB_Device_Library/Class/CDC/Src/usbd_cdc.c ****   {
 688              		.loc 1 569 11 is_stmt 0 view .LVU202
 689 002a D4F8BC32 		ldr	r3, [r4, #700]
 569:Middlewares/ST/STM32_USB_Device_Library/Class/CDC/Src/usbd_cdc.c ****   {
 690              		.loc 1 569 6 view .LVU203
 691 002e 4BB1     		cbz	r3, .L56
 571:Middlewares/ST/STM32_USB_Device_Library/Class/CDC/Src/usbd_cdc.c ****     (void)USBD_free(pdev->pClassData);
 692              		.loc 1 571 5 is_stmt 1 view .LVU204
 571:Middlewares/ST/STM32_USB_Device_Library/Class/CDC/Src/usbd_cdc.c ****     (void)USBD_free(pdev->pClassData);
 693              		.loc 1 571 33 is_stmt 0 view .LVU205
 694 0030 D4F8C032 		ldr	r3, [r4, #704]
 571:Middlewares/ST/STM32_USB_Device_Library/Class/CDC/Src/usbd_cdc.c ****     (void)USBD_free(pdev->pClassData);
 695              		.loc 1 571 45 view .LVU206
 696 0034 5B68     		ldr	r3, [r3, #4]
 571:Middlewares/ST/STM32_USB_Device_Library/Class/CDC/Src/usbd_cdc.c ****     (void)USBD_free(pdev->pClassData);
 697              		.loc 1 571 6 view .LVU207
 698 0036 9847     		blx	r3
 699              	.LVL72:
 572:Middlewares/ST/STM32_USB_Device_Library/Class/CDC/Src/usbd_cdc.c ****     pdev->pClassData = NULL;
 700              		.loc 1 572 5 is_stmt 1 view .LVU208
 701 0038 D4F8BC02 		ldr	r0, [r4, #700]
 702 003c FFF7FEFF 		bl	USBD_static_free
 703              	.LVL73:
 573:Middlewares/ST/STM32_USB_Device_Library/Class/CDC/Src/usbd_cdc.c ****   }
 704              		.loc 1 573 5 view .LVU209
 573:Middlewares/ST/STM32_USB_Device_Library/Class/CDC/Src/usbd_cdc.c ****   }
 705              		.loc 1 573 22 is_stmt 0 view .LVU210
 706 0040 C4F8BC52 		str	r5, [r4, #700]
 707              	.L56:
 576:Middlewares/ST/STM32_USB_Device_Library/Class/CDC/Src/usbd_cdc.c **** }
 708              		.loc 1 576 3 is_stmt 1 view .LVU211
 577:Middlewares/ST/STM32_USB_Device_Library/Class/CDC/Src/usbd_cdc.c **** 
 709              		.loc 1 577 1 is_stmt 0 view .LVU212
 710 0044 0020     		movs	r0, #0
 711 0046 38BD     		pop	{r3, r4, r5, pc}
 577:Middlewares/ST/STM32_USB_Device_Library/Class/CDC/Src/usbd_cdc.c **** 
 712              		.loc 1 577 1 view .LVU213
 713              		.cfi_endproc
 714              	.LFE334:
 716              		.section	.text.USBD_CDC_Init,"ax",%progbits
 717              		.align	1
 718              		.syntax unified
 719              		.thumb
 720              		.thumb_func
 722              	USBD_CDC_Init:
 723              	.LVL74:
 724              	.LFB333:
 468:Middlewares/ST/STM32_USB_Device_Library/Class/CDC/Src/usbd_cdc.c ****   UNUSED(cfgidx);
 725              		.loc 1 468 1 is_stmt 1 view -0
 726              		.cfi_startproc
ARM GAS  /tmp/cciwB85O.s 			page 31


 727              		@ args = 0, pretend = 0, frame = 0
 728              		@ frame_needed = 0, uses_anonymous_args = 0
 468:Middlewares/ST/STM32_USB_Device_Library/Class/CDC/Src/usbd_cdc.c ****   UNUSED(cfgidx);
 729              		.loc 1 468 1 is_stmt 0 view .LVU215
 730 0000 70B5     		push	{r4, r5, r6, lr}
 731              	.LCFI8:
 732              		.cfi_def_cfa_offset 16
 733              		.cfi_offset 4, -16
 734              		.cfi_offset 5, -12
 735              		.cfi_offset 6, -8
 736              		.cfi_offset 14, -4
 737 0002 0446     		mov	r4, r0
 469:Middlewares/ST/STM32_USB_Device_Library/Class/CDC/Src/usbd_cdc.c ****   USBD_CDC_HandleTypeDef *hcdc;
 738              		.loc 1 469 3 is_stmt 1 view .LVU216
 470:Middlewares/ST/STM32_USB_Device_Library/Class/CDC/Src/usbd_cdc.c **** 
 739              		.loc 1 470 3 view .LVU217
 472:Middlewares/ST/STM32_USB_Device_Library/Class/CDC/Src/usbd_cdc.c **** 
 740              		.loc 1 472 3 view .LVU218
 472:Middlewares/ST/STM32_USB_Device_Library/Class/CDC/Src/usbd_cdc.c **** 
 741              		.loc 1 472 10 is_stmt 0 view .LVU219
 742 0004 4FF40770 		mov	r0, #540
 743              	.LVL75:
 472:Middlewares/ST/STM32_USB_Device_Library/Class/CDC/Src/usbd_cdc.c **** 
 744              		.loc 1 472 10 view .LVU220
 745 0008 FFF7FEFF 		bl	USBD_static_malloc
 746              	.LVL76:
 474:Middlewares/ST/STM32_USB_Device_Library/Class/CDC/Src/usbd_cdc.c ****   {
 747              		.loc 1 474 3 is_stmt 1 view .LVU221
 474:Middlewares/ST/STM32_USB_Device_Library/Class/CDC/Src/usbd_cdc.c ****   {
 748              		.loc 1 474 6 is_stmt 0 view .LVU222
 749 000c B8B3     		cbz	r0, .L65
 750 000e 0646     		mov	r6, r0
 480:Middlewares/ST/STM32_USB_Device_Library/Class/CDC/Src/usbd_cdc.c **** 
 751              		.loc 1 480 3 is_stmt 1 view .LVU223
 480:Middlewares/ST/STM32_USB_Device_Library/Class/CDC/Src/usbd_cdc.c **** 
 752              		.loc 1 480 20 is_stmt 0 view .LVU224
 753 0010 C4F8BC02 		str	r0, [r4, #700]
 482:Middlewares/ST/STM32_USB_Device_Library/Class/CDC/Src/usbd_cdc.c ****   {
 754              		.loc 1 482 3 is_stmt 1 view .LVU225
 482:Middlewares/ST/STM32_USB_Device_Library/Class/CDC/Src/usbd_cdc.c ****   {
 755              		.loc 1 482 11 is_stmt 0 view .LVU226
 756 0014 237C     		ldrb	r3, [r4, #16]	@ zero_extendqisi2
 482:Middlewares/ST/STM32_USB_Device_Library/Class/CDC/Src/usbd_cdc.c ****   {
 757              		.loc 1 482 6 view .LVU227
 758 0016 B3BB     		cbnz	r3, .L61
 485:Middlewares/ST/STM32_USB_Device_Library/Class/CDC/Src/usbd_cdc.c ****                          CDC_DATA_HS_IN_PACKET_SIZE);
 759              		.loc 1 485 5 is_stmt 1 view .LVU228
 485:Middlewares/ST/STM32_USB_Device_Library/Class/CDC/Src/usbd_cdc.c ****                          CDC_DATA_HS_IN_PACKET_SIZE);
 760              		.loc 1 485 11 is_stmt 0 view .LVU229
 761 0018 4FF40073 		mov	r3, #512
 762 001c 0222     		movs	r2, #2
 763 001e 8121     		movs	r1, #129
 764 0020 2046     		mov	r0, r4
 765              	.LVL77:
 485:Middlewares/ST/STM32_USB_Device_Library/Class/CDC/Src/usbd_cdc.c ****                          CDC_DATA_HS_IN_PACKET_SIZE);
 766              		.loc 1 485 11 view .LVU230
 767 0022 FFF7FEFF 		bl	USBD_LL_OpenEP
ARM GAS  /tmp/cciwB85O.s 			page 32


 768              	.LVL78:
 488:Middlewares/ST/STM32_USB_Device_Library/Class/CDC/Src/usbd_cdc.c **** 
 769              		.loc 1 488 5 is_stmt 1 view .LVU231
 488:Middlewares/ST/STM32_USB_Device_Library/Class/CDC/Src/usbd_cdc.c **** 
 770              		.loc 1 488 43 is_stmt 0 view .LVU232
 771 0026 0125     		movs	r5, #1
 772 0028 2587     		strh	r5, [r4, #56]	@ movhi
 491:Middlewares/ST/STM32_USB_Device_Library/Class/CDC/Src/usbd_cdc.c ****                          CDC_DATA_HS_OUT_PACKET_SIZE);
 773              		.loc 1 491 5 is_stmt 1 view .LVU233
 491:Middlewares/ST/STM32_USB_Device_Library/Class/CDC/Src/usbd_cdc.c ****                          CDC_DATA_HS_OUT_PACKET_SIZE);
 774              		.loc 1 491 11 is_stmt 0 view .LVU234
 775 002a 4FF40073 		mov	r3, #512
 776 002e 0222     		movs	r2, #2
 777 0030 2946     		mov	r1, r5
 778 0032 2046     		mov	r0, r4
 779 0034 FFF7FEFF 		bl	USBD_LL_OpenEP
 780              	.LVL79:
 494:Middlewares/ST/STM32_USB_Device_Library/Class/CDC/Src/usbd_cdc.c **** 
 781              		.loc 1 494 5 is_stmt 1 view .LVU235
 494:Middlewares/ST/STM32_USB_Device_Library/Class/CDC/Src/usbd_cdc.c **** 
 782              		.loc 1 494 45 is_stmt 0 view .LVU236
 783 0038 A4F87851 		strh	r5, [r4, #376]	@ movhi
 497:Middlewares/ST/STM32_USB_Device_Library/Class/CDC/Src/usbd_cdc.c ****   }
 784              		.loc 1 497 5 is_stmt 1 view .LVU237
 497:Middlewares/ST/STM32_USB_Device_Library/Class/CDC/Src/usbd_cdc.c ****   }
 785              		.loc 1 497 46 is_stmt 0 view .LVU238
 786 003c 1023     		movs	r3, #16
 787 003e A4F84E30 		strh	r3, [r4, #78]	@ movhi
 788              	.L62:
 518:Middlewares/ST/STM32_USB_Device_Library/Class/CDC/Src/usbd_cdc.c ****   pdev->ep_in[CDC_CMD_EP & 0xFU].is_used = 1U;
 789              		.loc 1 518 3 is_stmt 1 view .LVU239
 518:Middlewares/ST/STM32_USB_Device_Library/Class/CDC/Src/usbd_cdc.c ****   pdev->ep_in[CDC_CMD_EP & 0xFU].is_used = 1U;
 790              		.loc 1 518 9 is_stmt 0 view .LVU240
 791 0042 0823     		movs	r3, #8
 792 0044 0322     		movs	r2, #3
 793 0046 8221     		movs	r1, #130
 794 0048 2046     		mov	r0, r4
 795 004a FFF7FEFF 		bl	USBD_LL_OpenEP
 796              	.LVL80:
 519:Middlewares/ST/STM32_USB_Device_Library/Class/CDC/Src/usbd_cdc.c **** 
 797              		.loc 1 519 3 is_stmt 1 view .LVU241
 519:Middlewares/ST/STM32_USB_Device_Library/Class/CDC/Src/usbd_cdc.c **** 
 798              		.loc 1 519 42 is_stmt 0 view .LVU242
 799 004e 0123     		movs	r3, #1
 800 0050 A4F84C30 		strh	r3, [r4, #76]	@ movhi
 522:Middlewares/ST/STM32_USB_Device_Library/Class/CDC/Src/usbd_cdc.c **** 
 801              		.loc 1 522 3 is_stmt 1 view .LVU243
 522:Middlewares/ST/STM32_USB_Device_Library/Class/CDC/Src/usbd_cdc.c **** 
 802              		.loc 1 522 31 is_stmt 0 view .LVU244
 803 0054 D4F8C032 		ldr	r3, [r4, #704]
 522:Middlewares/ST/STM32_USB_Device_Library/Class/CDC/Src/usbd_cdc.c **** 
 804              		.loc 1 522 43 view .LVU245
 805 0058 1B68     		ldr	r3, [r3]
 522:Middlewares/ST/STM32_USB_Device_Library/Class/CDC/Src/usbd_cdc.c **** 
 806              		.loc 1 522 4 view .LVU246
 807 005a 9847     		blx	r3
 808              	.LVL81:
ARM GAS  /tmp/cciwB85O.s 			page 33


 525:Middlewares/ST/STM32_USB_Device_Library/Class/CDC/Src/usbd_cdc.c ****   hcdc->RxState = 0U;
 809              		.loc 1 525 3 is_stmt 1 view .LVU247
 525:Middlewares/ST/STM32_USB_Device_Library/Class/CDC/Src/usbd_cdc.c ****   hcdc->RxState = 0U;
 810              		.loc 1 525 17 is_stmt 0 view .LVU248
 811 005c 0023     		movs	r3, #0
 812 005e C6F81432 		str	r3, [r6, #532]
 526:Middlewares/ST/STM32_USB_Device_Library/Class/CDC/Src/usbd_cdc.c **** 
 813              		.loc 1 526 3 is_stmt 1 view .LVU249
 526:Middlewares/ST/STM32_USB_Device_Library/Class/CDC/Src/usbd_cdc.c **** 
 814              		.loc 1 526 17 is_stmt 0 view .LVU250
 815 0062 C6F81832 		str	r3, [r6, #536]
 528:Middlewares/ST/STM32_USB_Device_Library/Class/CDC/Src/usbd_cdc.c ****   {
 816              		.loc 1 528 3 is_stmt 1 view .LVU251
 528:Middlewares/ST/STM32_USB_Device_Library/Class/CDC/Src/usbd_cdc.c ****   {
 817              		.loc 1 528 11 is_stmt 0 view .LVU252
 818 0066 257C     		ldrb	r5, [r4, #16]	@ zero_extendqisi2
 528:Middlewares/ST/STM32_USB_Device_Library/Class/CDC/Src/usbd_cdc.c ****   {
 819              		.loc 1 528 6 view .LVU253
 820 0068 0DBB     		cbnz	r5, .L63
 531:Middlewares/ST/STM32_USB_Device_Library/Class/CDC/Src/usbd_cdc.c ****                                  CDC_DATA_HS_OUT_PACKET_SIZE);
 821              		.loc 1 531 5 is_stmt 1 view .LVU254
 531:Middlewares/ST/STM32_USB_Device_Library/Class/CDC/Src/usbd_cdc.c ****                                  CDC_DATA_HS_OUT_PACKET_SIZE);
 822              		.loc 1 531 11 is_stmt 0 view .LVU255
 823 006a 4FF40073 		mov	r3, #512
 824 006e D6F80422 		ldr	r2, [r6, #516]
 825 0072 0121     		movs	r1, #1
 826 0074 2046     		mov	r0, r4
 827 0076 FFF7FEFF 		bl	USBD_LL_PrepareReceive
 828              	.LVL82:
 829              	.L60:
 542:Middlewares/ST/STM32_USB_Device_Library/Class/CDC/Src/usbd_cdc.c **** 
 830              		.loc 1 542 1 view .LVU256
 831 007a 2846     		mov	r0, r5
 832 007c 70BD     		pop	{r4, r5, r6, pc}
 833              	.LVL83:
 834              	.L65:
 476:Middlewares/ST/STM32_USB_Device_Library/Class/CDC/Src/usbd_cdc.c ****     return (uint8_t)USBD_EMEM;
 835              		.loc 1 476 5 is_stmt 1 view .LVU257
 476:Middlewares/ST/STM32_USB_Device_Library/Class/CDC/Src/usbd_cdc.c ****     return (uint8_t)USBD_EMEM;
 836              		.loc 1 476 22 is_stmt 0 view .LVU258
 837 007e C4F8BC02 		str	r0, [r4, #700]
 477:Middlewares/ST/STM32_USB_Device_Library/Class/CDC/Src/usbd_cdc.c ****   }
 838              		.loc 1 477 5 is_stmt 1 view .LVU259
 477:Middlewares/ST/STM32_USB_Device_Library/Class/CDC/Src/usbd_cdc.c ****   }
 839              		.loc 1 477 12 is_stmt 0 view .LVU260
 840 0082 0225     		movs	r5, #2
 841 0084 F9E7     		b	.L60
 842              	.L61:
 502:Middlewares/ST/STM32_USB_Device_Library/Class/CDC/Src/usbd_cdc.c ****                          CDC_DATA_FS_IN_PACKET_SIZE);
 843              		.loc 1 502 5 is_stmt 1 view .LVU261
 502:Middlewares/ST/STM32_USB_Device_Library/Class/CDC/Src/usbd_cdc.c ****                          CDC_DATA_FS_IN_PACKET_SIZE);
 844              		.loc 1 502 11 is_stmt 0 view .LVU262
 845 0086 4023     		movs	r3, #64
 846 0088 0222     		movs	r2, #2
 847 008a 8121     		movs	r1, #129
 848 008c 2046     		mov	r0, r4
 849              	.LVL84:
ARM GAS  /tmp/cciwB85O.s 			page 34


 502:Middlewares/ST/STM32_USB_Device_Library/Class/CDC/Src/usbd_cdc.c ****                          CDC_DATA_FS_IN_PACKET_SIZE);
 850              		.loc 1 502 11 view .LVU263
 851 008e FFF7FEFF 		bl	USBD_LL_OpenEP
 852              	.LVL85:
 505:Middlewares/ST/STM32_USB_Device_Library/Class/CDC/Src/usbd_cdc.c **** 
 853              		.loc 1 505 5 is_stmt 1 view .LVU264
 505:Middlewares/ST/STM32_USB_Device_Library/Class/CDC/Src/usbd_cdc.c **** 
 854              		.loc 1 505 43 is_stmt 0 view .LVU265
 855 0092 0125     		movs	r5, #1
 856 0094 2587     		strh	r5, [r4, #56]	@ movhi
 508:Middlewares/ST/STM32_USB_Device_Library/Class/CDC/Src/usbd_cdc.c ****                          CDC_DATA_FS_OUT_PACKET_SIZE);
 857              		.loc 1 508 5 is_stmt 1 view .LVU266
 508:Middlewares/ST/STM32_USB_Device_Library/Class/CDC/Src/usbd_cdc.c ****                          CDC_DATA_FS_OUT_PACKET_SIZE);
 858              		.loc 1 508 11 is_stmt 0 view .LVU267
 859 0096 4023     		movs	r3, #64
 860 0098 0222     		movs	r2, #2
 861 009a 2946     		mov	r1, r5
 862 009c 2046     		mov	r0, r4
 863 009e FFF7FEFF 		bl	USBD_LL_OpenEP
 864              	.LVL86:
 511:Middlewares/ST/STM32_USB_Device_Library/Class/CDC/Src/usbd_cdc.c **** 
 865              		.loc 1 511 5 is_stmt 1 view .LVU268
 511:Middlewares/ST/STM32_USB_Device_Library/Class/CDC/Src/usbd_cdc.c **** 
 866              		.loc 1 511 45 is_stmt 0 view .LVU269
 867 00a2 A4F87851 		strh	r5, [r4, #376]	@ movhi
 514:Middlewares/ST/STM32_USB_Device_Library/Class/CDC/Src/usbd_cdc.c ****   }
 868              		.loc 1 514 5 is_stmt 1 view .LVU270
 514:Middlewares/ST/STM32_USB_Device_Library/Class/CDC/Src/usbd_cdc.c ****   }
 869              		.loc 1 514 46 is_stmt 0 view .LVU271
 870 00a6 1023     		movs	r3, #16
 871 00a8 A4F84E30 		strh	r3, [r4, #78]	@ movhi
 872 00ac C9E7     		b	.L62
 873              	.L63:
 537:Middlewares/ST/STM32_USB_Device_Library/Class/CDC/Src/usbd_cdc.c ****                                  CDC_DATA_FS_OUT_PACKET_SIZE);
 874              		.loc 1 537 5 is_stmt 1 view .LVU272
 537:Middlewares/ST/STM32_USB_Device_Library/Class/CDC/Src/usbd_cdc.c ****                                  CDC_DATA_FS_OUT_PACKET_SIZE);
 875              		.loc 1 537 11 is_stmt 0 view .LVU273
 876 00ae 4023     		movs	r3, #64
 877 00b0 D6F80422 		ldr	r2, [r6, #516]
 878 00b4 0121     		movs	r1, #1
 879 00b6 2046     		mov	r0, r4
 880 00b8 FFF7FEFF 		bl	USBD_LL_PrepareReceive
 881              	.LVL87:
 541:Middlewares/ST/STM32_USB_Device_Library/Class/CDC/Src/usbd_cdc.c **** }
 882              		.loc 1 541 10 view .LVU274
 883 00bc 0025     		movs	r5, #0
 884 00be DCE7     		b	.L60
 885              		.cfi_endproc
 886              	.LFE333:
 888              		.section	.text.USBD_CDC_RegisterInterface,"ax",%progbits
 889              		.align	1
 890              		.global	USBD_CDC_RegisterInterface
 891              		.syntax unified
 892              		.thumb
 893              		.thumb_func
 895              	USBD_CDC_RegisterInterface:
 896              	.LVL88:
ARM GAS  /tmp/cciwB85O.s 			page 35


 897              	.LFB343:
 831:Middlewares/ST/STM32_USB_Device_Library/Class/CDC/Src/usbd_cdc.c **** 
 832:Middlewares/ST/STM32_USB_Device_Library/Class/CDC/Src/usbd_cdc.c **** /**
 833:Middlewares/ST/STM32_USB_Device_Library/Class/CDC/Src/usbd_cdc.c ****   * @brief  USBD_CDC_RegisterInterface
 834:Middlewares/ST/STM32_USB_Device_Library/Class/CDC/Src/usbd_cdc.c ****   * @param  pdev: device instance
 835:Middlewares/ST/STM32_USB_Device_Library/Class/CDC/Src/usbd_cdc.c ****   * @param  fops: CD  Interface callback
 836:Middlewares/ST/STM32_USB_Device_Library/Class/CDC/Src/usbd_cdc.c ****   * @retval status
 837:Middlewares/ST/STM32_USB_Device_Library/Class/CDC/Src/usbd_cdc.c ****   */
 838:Middlewares/ST/STM32_USB_Device_Library/Class/CDC/Src/usbd_cdc.c **** uint8_t USBD_CDC_RegisterInterface(USBD_HandleTypeDef *pdev,
 839:Middlewares/ST/STM32_USB_Device_Library/Class/CDC/Src/usbd_cdc.c ****                                    USBD_CDC_ItfTypeDef *fops)
 840:Middlewares/ST/STM32_USB_Device_Library/Class/CDC/Src/usbd_cdc.c **** {
 898              		.loc 1 840 1 is_stmt 1 view -0
 899              		.cfi_startproc
 900              		@ args = 0, pretend = 0, frame = 0
 901              		@ frame_needed = 0, uses_anonymous_args = 0
 902              		@ link register save eliminated.
 841:Middlewares/ST/STM32_USB_Device_Library/Class/CDC/Src/usbd_cdc.c ****   if (fops == NULL)
 903              		.loc 1 841 3 view .LVU276
 904              		.loc 1 841 6 is_stmt 0 view .LVU277
 905 0000 19B1     		cbz	r1, .L68
 842:Middlewares/ST/STM32_USB_Device_Library/Class/CDC/Src/usbd_cdc.c ****   {
 843:Middlewares/ST/STM32_USB_Device_Library/Class/CDC/Src/usbd_cdc.c ****     return (uint8_t)USBD_FAIL;
 844:Middlewares/ST/STM32_USB_Device_Library/Class/CDC/Src/usbd_cdc.c ****   }
 845:Middlewares/ST/STM32_USB_Device_Library/Class/CDC/Src/usbd_cdc.c **** 
 846:Middlewares/ST/STM32_USB_Device_Library/Class/CDC/Src/usbd_cdc.c ****   pdev->pUserData = fops;
 906              		.loc 1 846 3 is_stmt 1 view .LVU278
 907              		.loc 1 846 19 is_stmt 0 view .LVU279
 908 0002 C0F8C012 		str	r1, [r0, #704]
 847:Middlewares/ST/STM32_USB_Device_Library/Class/CDC/Src/usbd_cdc.c **** 
 848:Middlewares/ST/STM32_USB_Device_Library/Class/CDC/Src/usbd_cdc.c ****   return (uint8_t)USBD_OK;
 909              		.loc 1 848 3 is_stmt 1 view .LVU280
 910              		.loc 1 848 10 is_stmt 0 view .LVU281
 911 0006 0020     		movs	r0, #0
 912              	.LVL89:
 913              		.loc 1 848 10 view .LVU282
 914 0008 7047     		bx	lr
 915              	.LVL90:
 916              	.L68:
 843:Middlewares/ST/STM32_USB_Device_Library/Class/CDC/Src/usbd_cdc.c ****   }
 917              		.loc 1 843 12 view .LVU283
 918 000a 0320     		movs	r0, #3
 919              	.LVL91:
 849:Middlewares/ST/STM32_USB_Device_Library/Class/CDC/Src/usbd_cdc.c **** }
 920              		.loc 1 849 1 view .LVU284
 921 000c 7047     		bx	lr
 922              		.cfi_endproc
 923              	.LFE343:
 925              		.section	.text.USBD_CDC_SetTxBuffer,"ax",%progbits
 926              		.align	1
 927              		.global	USBD_CDC_SetTxBuffer
 928              		.syntax unified
 929              		.thumb
 930              		.thumb_func
 932              	USBD_CDC_SetTxBuffer:
 933              	.LVL92:
 934              	.LFB344:
 850:Middlewares/ST/STM32_USB_Device_Library/Class/CDC/Src/usbd_cdc.c **** 
ARM GAS  /tmp/cciwB85O.s 			page 36


 851:Middlewares/ST/STM32_USB_Device_Library/Class/CDC/Src/usbd_cdc.c **** /**
 852:Middlewares/ST/STM32_USB_Device_Library/Class/CDC/Src/usbd_cdc.c ****   * @brief  USBD_CDC_SetTxBuffer
 853:Middlewares/ST/STM32_USB_Device_Library/Class/CDC/Src/usbd_cdc.c ****   * @param  pdev: device instance
 854:Middlewares/ST/STM32_USB_Device_Library/Class/CDC/Src/usbd_cdc.c ****   * @param  pbuff: Tx Buffer
 855:Middlewares/ST/STM32_USB_Device_Library/Class/CDC/Src/usbd_cdc.c ****   * @retval status
 856:Middlewares/ST/STM32_USB_Device_Library/Class/CDC/Src/usbd_cdc.c ****   */
 857:Middlewares/ST/STM32_USB_Device_Library/Class/CDC/Src/usbd_cdc.c **** uint8_t USBD_CDC_SetTxBuffer(USBD_HandleTypeDef *pdev,
 858:Middlewares/ST/STM32_USB_Device_Library/Class/CDC/Src/usbd_cdc.c ****                              uint8_t *pbuff, uint32_t length)
 859:Middlewares/ST/STM32_USB_Device_Library/Class/CDC/Src/usbd_cdc.c **** {
 935              		.loc 1 859 1 is_stmt 1 view -0
 936              		.cfi_startproc
 937              		@ args = 0, pretend = 0, frame = 0
 938              		@ frame_needed = 0, uses_anonymous_args = 0
 939              		@ link register save eliminated.
 860:Middlewares/ST/STM32_USB_Device_Library/Class/CDC/Src/usbd_cdc.c ****   USBD_CDC_HandleTypeDef *hcdc = (USBD_CDC_HandleTypeDef *)pdev->pClassData;
 940              		.loc 1 860 3 view .LVU286
 941              		.loc 1 860 27 is_stmt 0 view .LVU287
 942 0000 D0F8BC32 		ldr	r3, [r0, #700]
 943              	.LVL93:
 861:Middlewares/ST/STM32_USB_Device_Library/Class/CDC/Src/usbd_cdc.c **** 
 862:Middlewares/ST/STM32_USB_Device_Library/Class/CDC/Src/usbd_cdc.c ****   if (hcdc == NULL)
 944              		.loc 1 862 3 is_stmt 1 view .LVU288
 945              		.loc 1 862 6 is_stmt 0 view .LVU289
 946 0004 2BB1     		cbz	r3, .L71
 863:Middlewares/ST/STM32_USB_Device_Library/Class/CDC/Src/usbd_cdc.c ****   {
 864:Middlewares/ST/STM32_USB_Device_Library/Class/CDC/Src/usbd_cdc.c ****     return (uint8_t)USBD_FAIL;
 865:Middlewares/ST/STM32_USB_Device_Library/Class/CDC/Src/usbd_cdc.c ****   }
 866:Middlewares/ST/STM32_USB_Device_Library/Class/CDC/Src/usbd_cdc.c **** 
 867:Middlewares/ST/STM32_USB_Device_Library/Class/CDC/Src/usbd_cdc.c ****   hcdc->TxBuffer = pbuff;
 947              		.loc 1 867 3 is_stmt 1 view .LVU290
 948              		.loc 1 867 18 is_stmt 0 view .LVU291
 949 0006 C3F80812 		str	r1, [r3, #520]
 868:Middlewares/ST/STM32_USB_Device_Library/Class/CDC/Src/usbd_cdc.c ****   hcdc->TxLength = length;
 950              		.loc 1 868 3 is_stmt 1 view .LVU292
 951              		.loc 1 868 18 is_stmt 0 view .LVU293
 952 000a C3F81022 		str	r2, [r3, #528]
 869:Middlewares/ST/STM32_USB_Device_Library/Class/CDC/Src/usbd_cdc.c **** 
 870:Middlewares/ST/STM32_USB_Device_Library/Class/CDC/Src/usbd_cdc.c ****   return (uint8_t)USBD_OK;
 953              		.loc 1 870 3 is_stmt 1 view .LVU294
 954              		.loc 1 870 10 is_stmt 0 view .LVU295
 955 000e 0020     		movs	r0, #0
 956              	.LVL94:
 957              		.loc 1 870 10 view .LVU296
 958 0010 7047     		bx	lr
 959              	.LVL95:
 960              	.L71:
 864:Middlewares/ST/STM32_USB_Device_Library/Class/CDC/Src/usbd_cdc.c ****   }
 961              		.loc 1 864 12 view .LVU297
 962 0012 0320     		movs	r0, #3
 963              	.LVL96:
 871:Middlewares/ST/STM32_USB_Device_Library/Class/CDC/Src/usbd_cdc.c **** }
 964              		.loc 1 871 1 view .LVU298
 965 0014 7047     		bx	lr
 966              		.cfi_endproc
 967              	.LFE344:
 969              		.section	.text.USBD_CDC_SetRxBuffer,"ax",%progbits
 970              		.align	1
ARM GAS  /tmp/cciwB85O.s 			page 37


 971              		.global	USBD_CDC_SetRxBuffer
 972              		.syntax unified
 973              		.thumb
 974              		.thumb_func
 976              	USBD_CDC_SetRxBuffer:
 977              	.LVL97:
 978              	.LFB345:
 872:Middlewares/ST/STM32_USB_Device_Library/Class/CDC/Src/usbd_cdc.c **** 
 873:Middlewares/ST/STM32_USB_Device_Library/Class/CDC/Src/usbd_cdc.c **** /**
 874:Middlewares/ST/STM32_USB_Device_Library/Class/CDC/Src/usbd_cdc.c ****   * @brief  USBD_CDC_SetRxBuffer
 875:Middlewares/ST/STM32_USB_Device_Library/Class/CDC/Src/usbd_cdc.c ****   * @param  pdev: device instance
 876:Middlewares/ST/STM32_USB_Device_Library/Class/CDC/Src/usbd_cdc.c ****   * @param  pbuff: Rx Buffer
 877:Middlewares/ST/STM32_USB_Device_Library/Class/CDC/Src/usbd_cdc.c ****   * @retval status
 878:Middlewares/ST/STM32_USB_Device_Library/Class/CDC/Src/usbd_cdc.c ****   */
 879:Middlewares/ST/STM32_USB_Device_Library/Class/CDC/Src/usbd_cdc.c **** uint8_t USBD_CDC_SetRxBuffer(USBD_HandleTypeDef *pdev, uint8_t *pbuff)
 880:Middlewares/ST/STM32_USB_Device_Library/Class/CDC/Src/usbd_cdc.c **** {
 979              		.loc 1 880 1 is_stmt 1 view -0
 980              		.cfi_startproc
 981              		@ args = 0, pretend = 0, frame = 0
 982              		@ frame_needed = 0, uses_anonymous_args = 0
 983              		@ link register save eliminated.
 881:Middlewares/ST/STM32_USB_Device_Library/Class/CDC/Src/usbd_cdc.c ****   USBD_CDC_HandleTypeDef *hcdc = (USBD_CDC_HandleTypeDef *)pdev->pClassData;
 984              		.loc 1 881 3 view .LVU300
 985              		.loc 1 881 27 is_stmt 0 view .LVU301
 986 0000 D0F8BC32 		ldr	r3, [r0, #700]
 987              	.LVL98:
 882:Middlewares/ST/STM32_USB_Device_Library/Class/CDC/Src/usbd_cdc.c **** 
 883:Middlewares/ST/STM32_USB_Device_Library/Class/CDC/Src/usbd_cdc.c ****   if (hcdc == NULL)
 988              		.loc 1 883 3 is_stmt 1 view .LVU302
 989              		.loc 1 883 6 is_stmt 0 view .LVU303
 990 0004 1BB1     		cbz	r3, .L74
 884:Middlewares/ST/STM32_USB_Device_Library/Class/CDC/Src/usbd_cdc.c ****   {
 885:Middlewares/ST/STM32_USB_Device_Library/Class/CDC/Src/usbd_cdc.c ****     return (uint8_t)USBD_FAIL;
 886:Middlewares/ST/STM32_USB_Device_Library/Class/CDC/Src/usbd_cdc.c ****   }
 887:Middlewares/ST/STM32_USB_Device_Library/Class/CDC/Src/usbd_cdc.c **** 
 888:Middlewares/ST/STM32_USB_Device_Library/Class/CDC/Src/usbd_cdc.c ****   hcdc->RxBuffer = pbuff;
 991              		.loc 1 888 3 is_stmt 1 view .LVU304
 992              		.loc 1 888 18 is_stmt 0 view .LVU305
 993 0006 C3F80412 		str	r1, [r3, #516]
 889:Middlewares/ST/STM32_USB_Device_Library/Class/CDC/Src/usbd_cdc.c **** 
 890:Middlewares/ST/STM32_USB_Device_Library/Class/CDC/Src/usbd_cdc.c ****   return (uint8_t)USBD_OK;
 994              		.loc 1 890 3 is_stmt 1 view .LVU306
 995              		.loc 1 890 10 is_stmt 0 view .LVU307
 996 000a 0020     		movs	r0, #0
 997              	.LVL99:
 998              		.loc 1 890 10 view .LVU308
 999 000c 7047     		bx	lr
 1000              	.LVL100:
 1001              	.L74:
 885:Middlewares/ST/STM32_USB_Device_Library/Class/CDC/Src/usbd_cdc.c ****   }
 1002              		.loc 1 885 12 view .LVU309
 1003 000e 0320     		movs	r0, #3
 1004              	.LVL101:
 891:Middlewares/ST/STM32_USB_Device_Library/Class/CDC/Src/usbd_cdc.c **** }
 1005              		.loc 1 891 1 view .LVU310
 1006 0010 7047     		bx	lr
 1007              		.cfi_endproc
ARM GAS  /tmp/cciwB85O.s 			page 38


 1008              	.LFE345:
 1010              		.section	.text.USBD_CDC_TransmitPacket,"ax",%progbits
 1011              		.align	1
 1012              		.global	USBD_CDC_TransmitPacket
 1013              		.syntax unified
 1014              		.thumb
 1015              		.thumb_func
 1017              	USBD_CDC_TransmitPacket:
 1018              	.LVL102:
 1019              	.LFB346:
 892:Middlewares/ST/STM32_USB_Device_Library/Class/CDC/Src/usbd_cdc.c **** 
 893:Middlewares/ST/STM32_USB_Device_Library/Class/CDC/Src/usbd_cdc.c **** /**
 894:Middlewares/ST/STM32_USB_Device_Library/Class/CDC/Src/usbd_cdc.c ****   * @brief  USBD_CDC_TransmitPacket
 895:Middlewares/ST/STM32_USB_Device_Library/Class/CDC/Src/usbd_cdc.c ****   *         Transmit packet on IN endpoint
 896:Middlewares/ST/STM32_USB_Device_Library/Class/CDC/Src/usbd_cdc.c ****   * @param  pdev: device instance
 897:Middlewares/ST/STM32_USB_Device_Library/Class/CDC/Src/usbd_cdc.c ****   * @retval status
 898:Middlewares/ST/STM32_USB_Device_Library/Class/CDC/Src/usbd_cdc.c ****   */
 899:Middlewares/ST/STM32_USB_Device_Library/Class/CDC/Src/usbd_cdc.c **** uint8_t USBD_CDC_TransmitPacket(USBD_HandleTypeDef *pdev)
 900:Middlewares/ST/STM32_USB_Device_Library/Class/CDC/Src/usbd_cdc.c **** {
 1020              		.loc 1 900 1 is_stmt 1 view -0
 1021              		.cfi_startproc
 1022              		@ args = 0, pretend = 0, frame = 0
 1023              		@ frame_needed = 0, uses_anonymous_args = 0
 901:Middlewares/ST/STM32_USB_Device_Library/Class/CDC/Src/usbd_cdc.c ****   USBD_CDC_HandleTypeDef *hcdc = (USBD_CDC_HandleTypeDef *)pdev->pClassData;
 1024              		.loc 1 901 3 view .LVU312
 1025              		.loc 1 901 27 is_stmt 0 view .LVU313
 1026 0000 D0F8BC22 		ldr	r2, [r0, #700]
 1027              	.LVL103:
 902:Middlewares/ST/STM32_USB_Device_Library/Class/CDC/Src/usbd_cdc.c ****   USBD_StatusTypeDef ret = USBD_BUSY;
 1028              		.loc 1 902 3 is_stmt 1 view .LVU314
 903:Middlewares/ST/STM32_USB_Device_Library/Class/CDC/Src/usbd_cdc.c **** 
 904:Middlewares/ST/STM32_USB_Device_Library/Class/CDC/Src/usbd_cdc.c ****   if (pdev->pClassData == NULL)
 1029              		.loc 1 904 3 view .LVU315
 1030              		.loc 1 904 6 is_stmt 0 view .LVU316
 1031 0004 92B1     		cbz	r2, .L77
 900:Middlewares/ST/STM32_USB_Device_Library/Class/CDC/Src/usbd_cdc.c ****   USBD_CDC_HandleTypeDef *hcdc = (USBD_CDC_HandleTypeDef *)pdev->pClassData;
 1032              		.loc 1 900 1 view .LVU317
 1033 0006 08B5     		push	{r3, lr}
 1034              	.LCFI9:
 1035              		.cfi_def_cfa_offset 8
 1036              		.cfi_offset 3, -8
 1037              		.cfi_offset 14, -4
 905:Middlewares/ST/STM32_USB_Device_Library/Class/CDC/Src/usbd_cdc.c ****   {
 906:Middlewares/ST/STM32_USB_Device_Library/Class/CDC/Src/usbd_cdc.c ****     return (uint8_t)USBD_FAIL;
 907:Middlewares/ST/STM32_USB_Device_Library/Class/CDC/Src/usbd_cdc.c ****   }
 908:Middlewares/ST/STM32_USB_Device_Library/Class/CDC/Src/usbd_cdc.c **** 
 909:Middlewares/ST/STM32_USB_Device_Library/Class/CDC/Src/usbd_cdc.c ****   if (hcdc->TxState == 0U)
 1038              		.loc 1 909 3 is_stmt 1 view .LVU318
 1039              		.loc 1 909 11 is_stmt 0 view .LVU319
 1040 0008 D2F81432 		ldr	r3, [r2, #532]
 1041              		.loc 1 909 6 view .LVU320
 1042 000c 0BB1     		cbz	r3, .L83
 902:Middlewares/ST/STM32_USB_Device_Library/Class/CDC/Src/usbd_cdc.c **** 
 1043              		.loc 1 902 22 view .LVU321
 1044 000e 0120     		movs	r0, #1
 1045              	.LVL104:
 1046              	.L76:
ARM GAS  /tmp/cciwB85O.s 			page 39


 910:Middlewares/ST/STM32_USB_Device_Library/Class/CDC/Src/usbd_cdc.c ****   {
 911:Middlewares/ST/STM32_USB_Device_Library/Class/CDC/Src/usbd_cdc.c ****     /* Tx Transfer in progress */
 912:Middlewares/ST/STM32_USB_Device_Library/Class/CDC/Src/usbd_cdc.c ****     hcdc->TxState = 1U;
 913:Middlewares/ST/STM32_USB_Device_Library/Class/CDC/Src/usbd_cdc.c **** 
 914:Middlewares/ST/STM32_USB_Device_Library/Class/CDC/Src/usbd_cdc.c ****     /* Update the packet total length */
 915:Middlewares/ST/STM32_USB_Device_Library/Class/CDC/Src/usbd_cdc.c ****     pdev->ep_in[CDC_IN_EP & 0xFU].total_length = hcdc->TxLength;
 916:Middlewares/ST/STM32_USB_Device_Library/Class/CDC/Src/usbd_cdc.c **** 
 917:Middlewares/ST/STM32_USB_Device_Library/Class/CDC/Src/usbd_cdc.c ****     /* Transmit next packet */
 918:Middlewares/ST/STM32_USB_Device_Library/Class/CDC/Src/usbd_cdc.c ****     (void)USBD_LL_Transmit(pdev, CDC_IN_EP, hcdc->TxBuffer, hcdc->TxLength);
 919:Middlewares/ST/STM32_USB_Device_Library/Class/CDC/Src/usbd_cdc.c **** 
 920:Middlewares/ST/STM32_USB_Device_Library/Class/CDC/Src/usbd_cdc.c ****     ret = USBD_OK;
 921:Middlewares/ST/STM32_USB_Device_Library/Class/CDC/Src/usbd_cdc.c ****   }
 922:Middlewares/ST/STM32_USB_Device_Library/Class/CDC/Src/usbd_cdc.c **** 
 923:Middlewares/ST/STM32_USB_Device_Library/Class/CDC/Src/usbd_cdc.c ****   return (uint8_t)ret;
 924:Middlewares/ST/STM32_USB_Device_Library/Class/CDC/Src/usbd_cdc.c **** }
 1047              		.loc 1 924 1 view .LVU322
 1048 0010 08BD     		pop	{r3, pc}
 1049              	.LVL105:
 1050              	.L83:
 912:Middlewares/ST/STM32_USB_Device_Library/Class/CDC/Src/usbd_cdc.c **** 
 1051              		.loc 1 912 5 is_stmt 1 view .LVU323
 912:Middlewares/ST/STM32_USB_Device_Library/Class/CDC/Src/usbd_cdc.c **** 
 1052              		.loc 1 912 19 is_stmt 0 view .LVU324
 1053 0012 0123     		movs	r3, #1
 1054 0014 C2F81432 		str	r3, [r2, #532]
 915:Middlewares/ST/STM32_USB_Device_Library/Class/CDC/Src/usbd_cdc.c **** 
 1055              		.loc 1 915 5 is_stmt 1 view .LVU325
 915:Middlewares/ST/STM32_USB_Device_Library/Class/CDC/Src/usbd_cdc.c **** 
 1056              		.loc 1 915 54 is_stmt 0 view .LVU326
 1057 0018 D2F81032 		ldr	r3, [r2, #528]
 915:Middlewares/ST/STM32_USB_Device_Library/Class/CDC/Src/usbd_cdc.c **** 
 1058              		.loc 1 915 48 view .LVU327
 1059 001c C362     		str	r3, [r0, #44]
 918:Middlewares/ST/STM32_USB_Device_Library/Class/CDC/Src/usbd_cdc.c **** 
 1060              		.loc 1 918 5 is_stmt 1 view .LVU328
 918:Middlewares/ST/STM32_USB_Device_Library/Class/CDC/Src/usbd_cdc.c **** 
 1061              		.loc 1 918 11 is_stmt 0 view .LVU329
 1062 001e D2F80822 		ldr	r2, [r2, #520]
 1063              	.LVL106:
 918:Middlewares/ST/STM32_USB_Device_Library/Class/CDC/Src/usbd_cdc.c **** 
 1064              		.loc 1 918 11 view .LVU330
 1065 0022 8121     		movs	r1, #129
 1066 0024 FFF7FEFF 		bl	USBD_LL_Transmit
 1067              	.LVL107:
 920:Middlewares/ST/STM32_USB_Device_Library/Class/CDC/Src/usbd_cdc.c ****   }
 1068              		.loc 1 920 5 is_stmt 1 view .LVU331
 920:Middlewares/ST/STM32_USB_Device_Library/Class/CDC/Src/usbd_cdc.c ****   }
 1069              		.loc 1 920 9 is_stmt 0 view .LVU332
 1070 0028 0020     		movs	r0, #0
 1071 002a F1E7     		b	.L76
 1072              	.LVL108:
 1073              	.L77:
 1074              	.LCFI10:
 1075              		.cfi_def_cfa_offset 0
 1076              		.cfi_restore 3
 1077              		.cfi_restore 14
 906:Middlewares/ST/STM32_USB_Device_Library/Class/CDC/Src/usbd_cdc.c ****   }
ARM GAS  /tmp/cciwB85O.s 			page 40


 1078              		.loc 1 906 12 view .LVU333
 1079 002c 0320     		movs	r0, #3
 1080              	.LVL109:
 1081              		.loc 1 924 1 view .LVU334
 1082 002e 7047     		bx	lr
 1083              		.cfi_endproc
 1084              	.LFE346:
 1086              		.section	.text.USBD_CDC_ReceivePacket,"ax",%progbits
 1087              		.align	1
 1088              		.global	USBD_CDC_ReceivePacket
 1089              		.syntax unified
 1090              		.thumb
 1091              		.thumb_func
 1093              	USBD_CDC_ReceivePacket:
 1094              	.LVL110:
 1095              	.LFB347:
 925:Middlewares/ST/STM32_USB_Device_Library/Class/CDC/Src/usbd_cdc.c **** 
 926:Middlewares/ST/STM32_USB_Device_Library/Class/CDC/Src/usbd_cdc.c **** /**
 927:Middlewares/ST/STM32_USB_Device_Library/Class/CDC/Src/usbd_cdc.c ****   * @brief  USBD_CDC_ReceivePacket
 928:Middlewares/ST/STM32_USB_Device_Library/Class/CDC/Src/usbd_cdc.c ****   *         prepare OUT Endpoint for reception
 929:Middlewares/ST/STM32_USB_Device_Library/Class/CDC/Src/usbd_cdc.c ****   * @param  pdev: device instance
 930:Middlewares/ST/STM32_USB_Device_Library/Class/CDC/Src/usbd_cdc.c ****   * @retval status
 931:Middlewares/ST/STM32_USB_Device_Library/Class/CDC/Src/usbd_cdc.c ****   */
 932:Middlewares/ST/STM32_USB_Device_Library/Class/CDC/Src/usbd_cdc.c **** uint8_t USBD_CDC_ReceivePacket(USBD_HandleTypeDef *pdev)
 933:Middlewares/ST/STM32_USB_Device_Library/Class/CDC/Src/usbd_cdc.c **** {
 1096              		.loc 1 933 1 is_stmt 1 view -0
 1097              		.cfi_startproc
 1098              		@ args = 0, pretend = 0, frame = 0
 1099              		@ frame_needed = 0, uses_anonymous_args = 0
 1100              		.loc 1 933 1 is_stmt 0 view .LVU336
 1101 0000 10B5     		push	{r4, lr}
 1102              	.LCFI11:
 1103              		.cfi_def_cfa_offset 8
 1104              		.cfi_offset 4, -8
 1105              		.cfi_offset 14, -4
 934:Middlewares/ST/STM32_USB_Device_Library/Class/CDC/Src/usbd_cdc.c ****   USBD_CDC_HandleTypeDef *hcdc = (USBD_CDC_HandleTypeDef *)pdev->pClassData;
 1106              		.loc 1 934 3 is_stmt 1 view .LVU337
 1107              		.loc 1 934 27 is_stmt 0 view .LVU338
 1108 0002 D0F8BC22 		ldr	r2, [r0, #700]
 1109              	.LVL111:
 935:Middlewares/ST/STM32_USB_Device_Library/Class/CDC/Src/usbd_cdc.c **** 
 936:Middlewares/ST/STM32_USB_Device_Library/Class/CDC/Src/usbd_cdc.c ****   if (pdev->pClassData == NULL)
 1110              		.loc 1 936 3 is_stmt 1 view .LVU339
 1111              		.loc 1 936 6 is_stmt 0 view .LVU340
 1112 0006 92B1     		cbz	r2, .L87
 937:Middlewares/ST/STM32_USB_Device_Library/Class/CDC/Src/usbd_cdc.c ****   {
 938:Middlewares/ST/STM32_USB_Device_Library/Class/CDC/Src/usbd_cdc.c ****     return (uint8_t)USBD_FAIL;
 939:Middlewares/ST/STM32_USB_Device_Library/Class/CDC/Src/usbd_cdc.c ****   }
 940:Middlewares/ST/STM32_USB_Device_Library/Class/CDC/Src/usbd_cdc.c **** 
 941:Middlewares/ST/STM32_USB_Device_Library/Class/CDC/Src/usbd_cdc.c ****   if (pdev->dev_speed == USBD_SPEED_HIGH)
 1113              		.loc 1 941 3 is_stmt 1 view .LVU341
 1114              		.loc 1 941 11 is_stmt 0 view .LVU342
 1115 0008 047C     		ldrb	r4, [r0, #16]	@ zero_extendqisi2
 1116              		.loc 1 941 6 view .LVU343
 1117 000a 44B9     		cbnz	r4, .L86
 942:Middlewares/ST/STM32_USB_Device_Library/Class/CDC/Src/usbd_cdc.c ****   {
 943:Middlewares/ST/STM32_USB_Device_Library/Class/CDC/Src/usbd_cdc.c ****     /* Prepare Out endpoint to receive next packet */
ARM GAS  /tmp/cciwB85O.s 			page 41


 944:Middlewares/ST/STM32_USB_Device_Library/Class/CDC/Src/usbd_cdc.c ****     (void)USBD_LL_PrepareReceive(pdev, CDC_OUT_EP, hcdc->RxBuffer,
 1118              		.loc 1 944 5 is_stmt 1 view .LVU344
 1119              		.loc 1 944 11 is_stmt 0 view .LVU345
 1120 000c 4FF40073 		mov	r3, #512
 1121 0010 D2F80422 		ldr	r2, [r2, #516]
 1122              	.LVL112:
 1123              		.loc 1 944 11 view .LVU346
 1124 0014 0121     		movs	r1, #1
 1125 0016 FFF7FEFF 		bl	USBD_LL_PrepareReceive
 1126              	.LVL113:
 1127              	.L85:
 945:Middlewares/ST/STM32_USB_Device_Library/Class/CDC/Src/usbd_cdc.c ****                                  CDC_DATA_HS_OUT_PACKET_SIZE);
 946:Middlewares/ST/STM32_USB_Device_Library/Class/CDC/Src/usbd_cdc.c ****   }
 947:Middlewares/ST/STM32_USB_Device_Library/Class/CDC/Src/usbd_cdc.c ****   else
 948:Middlewares/ST/STM32_USB_Device_Library/Class/CDC/Src/usbd_cdc.c ****   {
 949:Middlewares/ST/STM32_USB_Device_Library/Class/CDC/Src/usbd_cdc.c ****     /* Prepare Out endpoint to receive next packet */
 950:Middlewares/ST/STM32_USB_Device_Library/Class/CDC/Src/usbd_cdc.c ****     (void)USBD_LL_PrepareReceive(pdev, CDC_OUT_EP, hcdc->RxBuffer,
 951:Middlewares/ST/STM32_USB_Device_Library/Class/CDC/Src/usbd_cdc.c ****                                  CDC_DATA_FS_OUT_PACKET_SIZE);
 952:Middlewares/ST/STM32_USB_Device_Library/Class/CDC/Src/usbd_cdc.c ****   }
 953:Middlewares/ST/STM32_USB_Device_Library/Class/CDC/Src/usbd_cdc.c **** 
 954:Middlewares/ST/STM32_USB_Device_Library/Class/CDC/Src/usbd_cdc.c ****   return (uint8_t)USBD_OK;
 955:Middlewares/ST/STM32_USB_Device_Library/Class/CDC/Src/usbd_cdc.c **** }
 1128              		.loc 1 955 1 view .LVU347
 1129 001a 2046     		mov	r0, r4
 1130 001c 10BD     		pop	{r4, pc}
 1131              	.LVL114:
 1132              	.L86:
 950:Middlewares/ST/STM32_USB_Device_Library/Class/CDC/Src/usbd_cdc.c ****                                  CDC_DATA_FS_OUT_PACKET_SIZE);
 1133              		.loc 1 950 5 is_stmt 1 view .LVU348
 950:Middlewares/ST/STM32_USB_Device_Library/Class/CDC/Src/usbd_cdc.c ****                                  CDC_DATA_FS_OUT_PACKET_SIZE);
 1134              		.loc 1 950 11 is_stmt 0 view .LVU349
 1135 001e 4023     		movs	r3, #64
 1136 0020 D2F80422 		ldr	r2, [r2, #516]
 1137              	.LVL115:
 950:Middlewares/ST/STM32_USB_Device_Library/Class/CDC/Src/usbd_cdc.c ****                                  CDC_DATA_FS_OUT_PACKET_SIZE);
 1138              		.loc 1 950 11 view .LVU350
 1139 0024 0121     		movs	r1, #1
 1140 0026 FFF7FEFF 		bl	USBD_LL_PrepareReceive
 1141              	.LVL116:
 954:Middlewares/ST/STM32_USB_Device_Library/Class/CDC/Src/usbd_cdc.c **** }
 1142              		.loc 1 954 10 view .LVU351
 1143 002a 0024     		movs	r4, #0
 1144 002c F5E7     		b	.L85
 1145              	.LVL117:
 1146              	.L87:
 938:Middlewares/ST/STM32_USB_Device_Library/Class/CDC/Src/usbd_cdc.c ****   }
 1147              		.loc 1 938 12 view .LVU352
 1148 002e 0324     		movs	r4, #3
 1149 0030 F3E7     		b	.L85
 1150              		.cfi_endproc
 1151              	.LFE347:
 1153              		.section	.data.USBD_CDC_OtherSpeedCfgDesc,"aw"
 1154              		.align	2
 1157              	USBD_CDC_OtherSpeedCfgDesc:
 1158 0000 09074300 		.ascii	"\011\007C\000\002\001\004\3002\011\004\000\000\001\002"
 1158      020104C0 
 1158      32090400 
ARM GAS  /tmp/cciwB85O.s 			page 42


 1158      000102
 1159 000f 02010005 		.ascii	"\002\001\000\005$\000\020\001\005$\001\000\001\004$"
 1159      24001001 
 1159      05240100 
 1159      010424
 1160 001e 02020524 		.ascii	"\002\002\005$\006\000\001\007\005\202\003\010\000\020"
 1160      06000107 
 1160      05820308 
 1160      0010
 1161 002c 09040100 		.ascii	"\011\004\001\000\002\012\000\000\000\007\005\001\002"
 1161      020A0000 
 1161      00070501 
 1161      02
 1162 0039 40000007 		.ascii	"@\000\000\007\005\201\002@\000\000"
 1162      05810240 
 1162      0000
 1163              		.section	.data.USBD_CDC_CfgFSDesc,"aw"
 1164              		.align	2
 1167              	USBD_CDC_CfgFSDesc:
 1168 0000 09024300 		.ascii	"\011\002C\000\002\001\000\3002\011\004\000\000\001\002"
 1168      020100C0 
 1168      32090400 
 1168      000102
 1169 000f 02010005 		.ascii	"\002\001\000\005$\000\020\001\005$\001\000\001\004$"
 1169      24001001 
 1169      05240100 
 1169      010424
 1170 001e 02020524 		.ascii	"\002\002\005$\006\000\001\007\005\202\003\010\000\020"
 1170      06000107 
 1170      05820308 
 1170      0010
 1171 002c 09040100 		.ascii	"\011\004\001\000\002\012\000\000\000\007\005\001\002"
 1171      020A0000 
 1171      00070501 
 1171      02
 1172 0039 40000007 		.ascii	"@\000\000\007\005\201\002@\000\000"
 1172      05810240 
 1172      0000
 1173              		.section	.data.USBD_CDC_CfgHSDesc,"aw"
 1174              		.align	2
 1177              	USBD_CDC_CfgHSDesc:
 1178 0000 09024300 		.ascii	"\011\002C\000\002\001\000\3002\011\004\000\000\001\002"
 1178      020100C0 
 1178      32090400 
 1178      000102
 1179 000f 02010005 		.ascii	"\002\001\000\005$\000\020\001\005$\001\000\001\004$"
 1179      24001001 
 1179      05240100 
 1179      010424
 1180 001e 02020524 		.ascii	"\002\002\005$\006\000\001\007\005\202\003\010\000\020"
 1180      06000107 
 1180      05820308 
 1180      0010
 1181 002c 09040100 		.ascii	"\011\004\001\000\002\012\000\000\000\007\005\001\002"
 1181      020A0000 
 1181      00070501 
 1181      02
ARM GAS  /tmp/cciwB85O.s 			page 43


 1182 0039 00020007 		.ascii	"\000\002\000\007\005\201\002\000\002\000"
 1182      05810200 
 1182      0200
 1183              		.global	USBD_CDC
 1184              		.section	.data.USBD_CDC,"aw"
 1185              		.align	2
 1188              	USBD_CDC:
 1189 0000 00000000 		.word	USBD_CDC_Init
 1190 0004 00000000 		.word	USBD_CDC_DeInit
 1191 0008 00000000 		.word	USBD_CDC_Setup
 1192 000c 00000000 		.word	0
 1193 0010 00000000 		.word	USBD_CDC_EP0_RxReady
 1194 0014 00000000 		.word	USBD_CDC_DataIn
 1195 0018 00000000 		.word	USBD_CDC_DataOut
 1196 001c 00000000 		.word	0
 1197 0020 00000000 		.word	0
 1198 0024 00000000 		.word	0
 1199 0028 00000000 		.word	USBD_CDC_GetHSCfgDesc
 1200 002c 00000000 		.word	USBD_CDC_GetFSCfgDesc
 1201 0030 00000000 		.word	USBD_CDC_GetOtherSpeedCfgDesc
 1202 0034 00000000 		.word	USBD_CDC_GetDeviceQualifierDescriptor
 1203              		.section	.data.USBD_CDC_DeviceQualifierDesc,"aw"
 1204              		.align	2
 1207              	USBD_CDC_DeviceQualifierDesc:
 1208 0000 0A060002 		.ascii	"\012\006\000\002\000\000\000@\001\000"
 1208      00000040 
 1208      0100
 1209              		.text
 1210              	.Letext0:
 1211              		.file 2 "/usr/arm-none-eabi/include/machine/_default_types.h"
 1212              		.file 3 "/usr/arm-none-eabi/include/sys/_stdint.h"
 1213              		.file 4 "Drivers/CMSIS/Device/ST/STM32G4xx/Include/stm32g431xx.h"
 1214              		.file 5 "Drivers/STM32G4xx_HAL_Driver/Inc/stm32g4xx_hal_def.h"
 1215              		.file 6 "Drivers/STM32G4xx_HAL_Driver/Inc/stm32g4xx_ll_usb.h"
 1216              		.file 7 "Drivers/STM32G4xx_HAL_Driver/Inc/stm32g4xx_hal_pcd.h"
 1217              		.file 8 "Middlewares/ST/STM32_USB_Device_Library/Core/Inc/usbd_def.h"
 1218              		.file 9 "Middlewares/ST/STM32_USB_Device_Library/Class/CDC/Inc/usbd_cdc.h"
 1219              		.file 10 "Middlewares/ST/STM32_USB_Device_Library/Core/Inc/usbd_core.h"
 1220              		.file 11 "USB_Device/Target/usbd_conf.h"
 1221              		.file 12 "Middlewares/ST/STM32_USB_Device_Library/Core/Inc/usbd_ctlreq.h"
 1222              		.file 13 "Middlewares/ST/STM32_USB_Device_Library/Core/Inc/usbd_ioreq.h"
ARM GAS  /tmp/cciwB85O.s 			page 44


DEFINED SYMBOLS
                            *ABS*:00000000 usbd_cdc.c
     /tmp/cciwB85O.s:21     .text.USBD_CDC_EP0_RxReady:00000000 $t
     /tmp/cciwB85O.s:26     .text.USBD_CDC_EP0_RxReady:00000000 USBD_CDC_EP0_RxReady
     /tmp/cciwB85O.s:86     .text.USBD_CDC_GetFSCfgDesc:00000000 $t
     /tmp/cciwB85O.s:91     .text.USBD_CDC_GetFSCfgDesc:00000000 USBD_CDC_GetFSCfgDesc
     /tmp/cciwB85O.s:112    .text.USBD_CDC_GetFSCfgDesc:00000008 $d
     /tmp/cciwB85O.s:1167   .data.USBD_CDC_CfgFSDesc:00000000 USBD_CDC_CfgFSDesc
     /tmp/cciwB85O.s:117    .text.USBD_CDC_GetHSCfgDesc:00000000 $t
     /tmp/cciwB85O.s:122    .text.USBD_CDC_GetHSCfgDesc:00000000 USBD_CDC_GetHSCfgDesc
     /tmp/cciwB85O.s:143    .text.USBD_CDC_GetHSCfgDesc:00000008 $d
     /tmp/cciwB85O.s:1177   .data.USBD_CDC_CfgHSDesc:00000000 USBD_CDC_CfgHSDesc
     /tmp/cciwB85O.s:148    .text.USBD_CDC_GetOtherSpeedCfgDesc:00000000 $t
     /tmp/cciwB85O.s:153    .text.USBD_CDC_GetOtherSpeedCfgDesc:00000000 USBD_CDC_GetOtherSpeedCfgDesc
     /tmp/cciwB85O.s:174    .text.USBD_CDC_GetOtherSpeedCfgDesc:00000008 $d
     /tmp/cciwB85O.s:1157   .data.USBD_CDC_OtherSpeedCfgDesc:00000000 USBD_CDC_OtherSpeedCfgDesc
     /tmp/cciwB85O.s:179    .text.USBD_CDC_GetDeviceQualifierDescriptor:00000000 $t
     /tmp/cciwB85O.s:185    .text.USBD_CDC_GetDeviceQualifierDescriptor:00000000 USBD_CDC_GetDeviceQualifierDescriptor
     /tmp/cciwB85O.s:206    .text.USBD_CDC_GetDeviceQualifierDescriptor:00000008 $d
     /tmp/cciwB85O.s:1207   .data.USBD_CDC_DeviceQualifierDesc:00000000 USBD_CDC_DeviceQualifierDesc
     /tmp/cciwB85O.s:211    .text.USBD_CDC_DataOut:00000000 $t
     /tmp/cciwB85O.s:216    .text.USBD_CDC_DataOut:00000000 USBD_CDC_DataOut
     /tmp/cciwB85O.s:273    .text.USBD_CDC_DataIn:00000000 $t
     /tmp/cciwB85O.s:278    .text.USBD_CDC_DataIn:00000000 USBD_CDC_DataIn
     /tmp/cciwB85O.s:382    .text.USBD_CDC_Setup:00000000 $t
     /tmp/cciwB85O.s:387    .text.USBD_CDC_Setup:00000000 USBD_CDC_Setup
     /tmp/cciwB85O.s:524    .text.USBD_CDC_Setup:0000007c $d
     /tmp/cciwB85O.s:536    .text.USBD_CDC_Setup:00000088 $t
     /tmp/cciwB85O.s:633    .text.USBD_CDC_DeInit:00000000 $t
     /tmp/cciwB85O.s:638    .text.USBD_CDC_DeInit:00000000 USBD_CDC_DeInit
     /tmp/cciwB85O.s:717    .text.USBD_CDC_Init:00000000 $t
     /tmp/cciwB85O.s:722    .text.USBD_CDC_Init:00000000 USBD_CDC_Init
     /tmp/cciwB85O.s:889    .text.USBD_CDC_RegisterInterface:00000000 $t
     /tmp/cciwB85O.s:895    .text.USBD_CDC_RegisterInterface:00000000 USBD_CDC_RegisterInterface
     /tmp/cciwB85O.s:926    .text.USBD_CDC_SetTxBuffer:00000000 $t
     /tmp/cciwB85O.s:932    .text.USBD_CDC_SetTxBuffer:00000000 USBD_CDC_SetTxBuffer
     /tmp/cciwB85O.s:970    .text.USBD_CDC_SetRxBuffer:00000000 $t
     /tmp/cciwB85O.s:976    .text.USBD_CDC_SetRxBuffer:00000000 USBD_CDC_SetRxBuffer
     /tmp/cciwB85O.s:1011   .text.USBD_CDC_TransmitPacket:00000000 $t
     /tmp/cciwB85O.s:1017   .text.USBD_CDC_TransmitPacket:00000000 USBD_CDC_TransmitPacket
     /tmp/cciwB85O.s:1087   .text.USBD_CDC_ReceivePacket:00000000 $t
     /tmp/cciwB85O.s:1093   .text.USBD_CDC_ReceivePacket:00000000 USBD_CDC_ReceivePacket
     /tmp/cciwB85O.s:1154   .data.USBD_CDC_OtherSpeedCfgDesc:00000000 $d
     /tmp/cciwB85O.s:1164   .data.USBD_CDC_CfgFSDesc:00000000 $d
     /tmp/cciwB85O.s:1174   .data.USBD_CDC_CfgHSDesc:00000000 $d
     /tmp/cciwB85O.s:1188   .data.USBD_CDC:00000000 USBD_CDC
     /tmp/cciwB85O.s:1185   .data.USBD_CDC:00000000 $d
     /tmp/cciwB85O.s:1204   .data.USBD_CDC_DeviceQualifierDesc:00000000 $d

UNDEFINED SYMBOLS
USBD_LL_GetRxDataSize
USBD_LL_Transmit
USBD_CtlSendData
USBD_CtlPrepareRx
USBD_CtlError
USBD_LL_CloseEP
USBD_static_free
ARM GAS  /tmp/cciwB85O.s 			page 45


USBD_static_malloc
USBD_LL_OpenEP
USBD_LL_PrepareReceive
