ARM GAS  /tmp/ccMARigi.s 			page 1


   1              		.cpu cortex-m4
   2              		.arch armv7e-m
   3              		.fpu fpv4-sp-d16
   4              		.eabi_attribute 27, 1
   5              		.eabi_attribute 28, 1
   6              		.eabi_attribute 20, 1
   7              		.eabi_attribute 21, 1
   8              		.eabi_attribute 23, 3
   9              		.eabi_attribute 24, 1
  10              		.eabi_attribute 25, 1
  11              		.eabi_attribute 26, 1
  12              		.eabi_attribute 30, 1
  13              		.eabi_attribute 34, 1
  14              		.eabi_attribute 18, 4
  15              		.file	"usbd_core.c"
  16              		.text
  17              	.Ltext0:
  18              		.cfi_sections	.debug_frame
  19              		.file 1 "Middlewares/ST/STM32_USB_Device_Library/Core/Src/usbd_core.c"
  20              		.section	.text.USBD_Init,"ax",%progbits
  21              		.align	1
  22              		.global	USBD_Init
  23              		.syntax unified
  24              		.thumb
  25              		.thumb_func
  27              	USBD_Init:
  28              	.LVL0:
  29              	.LFB333:
   1:Middlewares/ST/STM32_USB_Device_Library/Core/Src/usbd_core.c **** /**
   2:Middlewares/ST/STM32_USB_Device_Library/Core/Src/usbd_core.c ****   ******************************************************************************
   3:Middlewares/ST/STM32_USB_Device_Library/Core/Src/usbd_core.c ****   * @file    usbd_core.c
   4:Middlewares/ST/STM32_USB_Device_Library/Core/Src/usbd_core.c ****   * @author  MCD Application Team
   5:Middlewares/ST/STM32_USB_Device_Library/Core/Src/usbd_core.c ****   * @brief   This file provides all the USBD core functions.
   6:Middlewares/ST/STM32_USB_Device_Library/Core/Src/usbd_core.c ****   ******************************************************************************
   7:Middlewares/ST/STM32_USB_Device_Library/Core/Src/usbd_core.c ****   * @attention
   8:Middlewares/ST/STM32_USB_Device_Library/Core/Src/usbd_core.c ****   *
   9:Middlewares/ST/STM32_USB_Device_Library/Core/Src/usbd_core.c ****   * <h2><center>&copy; Copyright (c) 2015 STMicroelectronics.
  10:Middlewares/ST/STM32_USB_Device_Library/Core/Src/usbd_core.c ****   * All rights reserved.</center></h2>
  11:Middlewares/ST/STM32_USB_Device_Library/Core/Src/usbd_core.c ****   *
  12:Middlewares/ST/STM32_USB_Device_Library/Core/Src/usbd_core.c ****   * This software component is licensed by ST under Ultimate Liberty license
  13:Middlewares/ST/STM32_USB_Device_Library/Core/Src/usbd_core.c ****   * SLA0044, the "License"; You may not use this file except in compliance with
  14:Middlewares/ST/STM32_USB_Device_Library/Core/Src/usbd_core.c ****   * the License. You may obtain a copy of the License at:
  15:Middlewares/ST/STM32_USB_Device_Library/Core/Src/usbd_core.c ****   *                      www.st.com/SLA0044
  16:Middlewares/ST/STM32_USB_Device_Library/Core/Src/usbd_core.c ****   *
  17:Middlewares/ST/STM32_USB_Device_Library/Core/Src/usbd_core.c ****   ******************************************************************************
  18:Middlewares/ST/STM32_USB_Device_Library/Core/Src/usbd_core.c ****   */
  19:Middlewares/ST/STM32_USB_Device_Library/Core/Src/usbd_core.c **** 
  20:Middlewares/ST/STM32_USB_Device_Library/Core/Src/usbd_core.c **** /* Includes ------------------------------------------------------------------*/
  21:Middlewares/ST/STM32_USB_Device_Library/Core/Src/usbd_core.c **** #include "usbd_core.h"
  22:Middlewares/ST/STM32_USB_Device_Library/Core/Src/usbd_core.c **** 
  23:Middlewares/ST/STM32_USB_Device_Library/Core/Src/usbd_core.c **** /** @addtogroup STM32_USBD_DEVICE_LIBRARY
  24:Middlewares/ST/STM32_USB_Device_Library/Core/Src/usbd_core.c ****   * @{
  25:Middlewares/ST/STM32_USB_Device_Library/Core/Src/usbd_core.c ****   */
  26:Middlewares/ST/STM32_USB_Device_Library/Core/Src/usbd_core.c **** 
  27:Middlewares/ST/STM32_USB_Device_Library/Core/Src/usbd_core.c **** 
  28:Middlewares/ST/STM32_USB_Device_Library/Core/Src/usbd_core.c **** /** @defgroup USBD_CORE
  29:Middlewares/ST/STM32_USB_Device_Library/Core/Src/usbd_core.c ****   * @brief usbd core module
ARM GAS  /tmp/ccMARigi.s 			page 2


  30:Middlewares/ST/STM32_USB_Device_Library/Core/Src/usbd_core.c ****   * @{
  31:Middlewares/ST/STM32_USB_Device_Library/Core/Src/usbd_core.c ****   */
  32:Middlewares/ST/STM32_USB_Device_Library/Core/Src/usbd_core.c **** 
  33:Middlewares/ST/STM32_USB_Device_Library/Core/Src/usbd_core.c **** /** @defgroup USBD_CORE_Private_TypesDefinitions
  34:Middlewares/ST/STM32_USB_Device_Library/Core/Src/usbd_core.c ****   * @{
  35:Middlewares/ST/STM32_USB_Device_Library/Core/Src/usbd_core.c ****   */
  36:Middlewares/ST/STM32_USB_Device_Library/Core/Src/usbd_core.c **** 
  37:Middlewares/ST/STM32_USB_Device_Library/Core/Src/usbd_core.c **** /**
  38:Middlewares/ST/STM32_USB_Device_Library/Core/Src/usbd_core.c ****   * @}
  39:Middlewares/ST/STM32_USB_Device_Library/Core/Src/usbd_core.c ****   */
  40:Middlewares/ST/STM32_USB_Device_Library/Core/Src/usbd_core.c **** 
  41:Middlewares/ST/STM32_USB_Device_Library/Core/Src/usbd_core.c **** 
  42:Middlewares/ST/STM32_USB_Device_Library/Core/Src/usbd_core.c **** /** @defgroup USBD_CORE_Private_Defines
  43:Middlewares/ST/STM32_USB_Device_Library/Core/Src/usbd_core.c ****   * @{
  44:Middlewares/ST/STM32_USB_Device_Library/Core/Src/usbd_core.c ****   */
  45:Middlewares/ST/STM32_USB_Device_Library/Core/Src/usbd_core.c **** 
  46:Middlewares/ST/STM32_USB_Device_Library/Core/Src/usbd_core.c **** /**
  47:Middlewares/ST/STM32_USB_Device_Library/Core/Src/usbd_core.c ****   * @}
  48:Middlewares/ST/STM32_USB_Device_Library/Core/Src/usbd_core.c ****   */
  49:Middlewares/ST/STM32_USB_Device_Library/Core/Src/usbd_core.c **** 
  50:Middlewares/ST/STM32_USB_Device_Library/Core/Src/usbd_core.c **** 
  51:Middlewares/ST/STM32_USB_Device_Library/Core/Src/usbd_core.c **** /** @defgroup USBD_CORE_Private_Macros
  52:Middlewares/ST/STM32_USB_Device_Library/Core/Src/usbd_core.c ****   * @{
  53:Middlewares/ST/STM32_USB_Device_Library/Core/Src/usbd_core.c ****   */
  54:Middlewares/ST/STM32_USB_Device_Library/Core/Src/usbd_core.c **** 
  55:Middlewares/ST/STM32_USB_Device_Library/Core/Src/usbd_core.c **** /**
  56:Middlewares/ST/STM32_USB_Device_Library/Core/Src/usbd_core.c ****   * @}
  57:Middlewares/ST/STM32_USB_Device_Library/Core/Src/usbd_core.c ****   */
  58:Middlewares/ST/STM32_USB_Device_Library/Core/Src/usbd_core.c **** 
  59:Middlewares/ST/STM32_USB_Device_Library/Core/Src/usbd_core.c **** 
  60:Middlewares/ST/STM32_USB_Device_Library/Core/Src/usbd_core.c **** /** @defgroup USBD_CORE_Private_FunctionPrototypes
  61:Middlewares/ST/STM32_USB_Device_Library/Core/Src/usbd_core.c ****   * @{
  62:Middlewares/ST/STM32_USB_Device_Library/Core/Src/usbd_core.c ****   */
  63:Middlewares/ST/STM32_USB_Device_Library/Core/Src/usbd_core.c **** 
  64:Middlewares/ST/STM32_USB_Device_Library/Core/Src/usbd_core.c **** /**
  65:Middlewares/ST/STM32_USB_Device_Library/Core/Src/usbd_core.c ****   * @}
  66:Middlewares/ST/STM32_USB_Device_Library/Core/Src/usbd_core.c ****   */
  67:Middlewares/ST/STM32_USB_Device_Library/Core/Src/usbd_core.c **** 
  68:Middlewares/ST/STM32_USB_Device_Library/Core/Src/usbd_core.c **** /** @defgroup USBD_CORE_Private_Variables
  69:Middlewares/ST/STM32_USB_Device_Library/Core/Src/usbd_core.c ****   * @{
  70:Middlewares/ST/STM32_USB_Device_Library/Core/Src/usbd_core.c ****   */
  71:Middlewares/ST/STM32_USB_Device_Library/Core/Src/usbd_core.c **** 
  72:Middlewares/ST/STM32_USB_Device_Library/Core/Src/usbd_core.c **** /**
  73:Middlewares/ST/STM32_USB_Device_Library/Core/Src/usbd_core.c ****   * @}
  74:Middlewares/ST/STM32_USB_Device_Library/Core/Src/usbd_core.c ****   */
  75:Middlewares/ST/STM32_USB_Device_Library/Core/Src/usbd_core.c **** 
  76:Middlewares/ST/STM32_USB_Device_Library/Core/Src/usbd_core.c **** 
  77:Middlewares/ST/STM32_USB_Device_Library/Core/Src/usbd_core.c **** /** @defgroup USBD_CORE_Private_Functions
  78:Middlewares/ST/STM32_USB_Device_Library/Core/Src/usbd_core.c ****   * @{
  79:Middlewares/ST/STM32_USB_Device_Library/Core/Src/usbd_core.c ****   */
  80:Middlewares/ST/STM32_USB_Device_Library/Core/Src/usbd_core.c **** 
  81:Middlewares/ST/STM32_USB_Device_Library/Core/Src/usbd_core.c **** /**
  82:Middlewares/ST/STM32_USB_Device_Library/Core/Src/usbd_core.c ****   * @brief  USBD_Init
  83:Middlewares/ST/STM32_USB_Device_Library/Core/Src/usbd_core.c ****   *         Initializes the device stack and load the class driver
  84:Middlewares/ST/STM32_USB_Device_Library/Core/Src/usbd_core.c ****   * @param  pdev: device instance
  85:Middlewares/ST/STM32_USB_Device_Library/Core/Src/usbd_core.c ****   * @param  pdesc: Descriptor structure address
  86:Middlewares/ST/STM32_USB_Device_Library/Core/Src/usbd_core.c ****   * @param  id: Low level core index
ARM GAS  /tmp/ccMARigi.s 			page 3


  87:Middlewares/ST/STM32_USB_Device_Library/Core/Src/usbd_core.c ****   * @retval None
  88:Middlewares/ST/STM32_USB_Device_Library/Core/Src/usbd_core.c ****   */
  89:Middlewares/ST/STM32_USB_Device_Library/Core/Src/usbd_core.c **** USBD_StatusTypeDef USBD_Init(USBD_HandleTypeDef *pdev,
  90:Middlewares/ST/STM32_USB_Device_Library/Core/Src/usbd_core.c ****                              USBD_DescriptorsTypeDef *pdesc, uint8_t id)
  91:Middlewares/ST/STM32_USB_Device_Library/Core/Src/usbd_core.c **** {
  30              		.loc 1 91 1 view -0
  31              		.cfi_startproc
  32              		@ args = 0, pretend = 0, frame = 0
  33              		@ frame_needed = 0, uses_anonymous_args = 0
  92:Middlewares/ST/STM32_USB_Device_Library/Core/Src/usbd_core.c ****   USBD_StatusTypeDef ret;
  34              		.loc 1 92 3 view .LVU1
  93:Middlewares/ST/STM32_USB_Device_Library/Core/Src/usbd_core.c **** 
  94:Middlewares/ST/STM32_USB_Device_Library/Core/Src/usbd_core.c ****   /* Check whether the USB Host handle is valid */
  95:Middlewares/ST/STM32_USB_Device_Library/Core/Src/usbd_core.c ****   if (pdev == NULL)
  35              		.loc 1 95 3 view .LVU2
  36              		.loc 1 95 6 is_stmt 0 view .LVU3
  37 0000 98B1     		cbz	r0, .L4
  91:Middlewares/ST/STM32_USB_Device_Library/Core/Src/usbd_core.c ****   USBD_StatusTypeDef ret;
  38              		.loc 1 91 1 view .LVU4
  39 0002 08B5     		push	{r3, lr}
  40              	.LCFI0:
  41              		.cfi_def_cfa_offset 8
  42              		.cfi_offset 3, -8
  43              		.cfi_offset 14, -4
  44 0004 0346     		mov	r3, r0
  96:Middlewares/ST/STM32_USB_Device_Library/Core/Src/usbd_core.c ****   {
  97:Middlewares/ST/STM32_USB_Device_Library/Core/Src/usbd_core.c **** #if (USBD_DEBUG_LEVEL > 1U)
  98:Middlewares/ST/STM32_USB_Device_Library/Core/Src/usbd_core.c ****     USBD_ErrLog("Invalid Device handle");
  99:Middlewares/ST/STM32_USB_Device_Library/Core/Src/usbd_core.c **** #endif
 100:Middlewares/ST/STM32_USB_Device_Library/Core/Src/usbd_core.c ****     return USBD_FAIL;
 101:Middlewares/ST/STM32_USB_Device_Library/Core/Src/usbd_core.c ****   }
 102:Middlewares/ST/STM32_USB_Device_Library/Core/Src/usbd_core.c **** 
 103:Middlewares/ST/STM32_USB_Device_Library/Core/Src/usbd_core.c ****   /* Unlink previous class resources */
 104:Middlewares/ST/STM32_USB_Device_Library/Core/Src/usbd_core.c ****   pdev->pClass = NULL;
  45              		.loc 1 104 3 is_stmt 1 view .LVU5
  46              		.loc 1 104 16 is_stmt 0 view .LVU6
  47 0006 0020     		movs	r0, #0
  48              	.LVL1:
  49              		.loc 1 104 16 view .LVU7
  50 0008 C3F8B802 		str	r0, [r3, #696]
 105:Middlewares/ST/STM32_USB_Device_Library/Core/Src/usbd_core.c ****   pdev->pUserData = NULL;
  51              		.loc 1 105 3 is_stmt 1 view .LVU8
  52              		.loc 1 105 19 is_stmt 0 view .LVU9
  53 000c C3F8C002 		str	r0, [r3, #704]
 106:Middlewares/ST/STM32_USB_Device_Library/Core/Src/usbd_core.c ****   pdev->pConfDesc = NULL;
  54              		.loc 1 106 3 is_stmt 1 view .LVU10
  55              		.loc 1 106 19 is_stmt 0 view .LVU11
  56 0010 C3F8CC02 		str	r0, [r3, #716]
 107:Middlewares/ST/STM32_USB_Device_Library/Core/Src/usbd_core.c **** 
 108:Middlewares/ST/STM32_USB_Device_Library/Core/Src/usbd_core.c ****   /* Assign USBD Descriptors */
 109:Middlewares/ST/STM32_USB_Device_Library/Core/Src/usbd_core.c ****   if (pdesc != NULL)
  57              		.loc 1 109 3 is_stmt 1 view .LVU12
  58              		.loc 1 109 6 is_stmt 0 view .LVU13
  59 0014 09B1     		cbz	r1, .L3
 110:Middlewares/ST/STM32_USB_Device_Library/Core/Src/usbd_core.c ****   {
 111:Middlewares/ST/STM32_USB_Device_Library/Core/Src/usbd_core.c ****     pdev->pDesc = pdesc;
  60              		.loc 1 111 5 is_stmt 1 view .LVU14
ARM GAS  /tmp/ccMARigi.s 			page 4


  61              		.loc 1 111 17 is_stmt 0 view .LVU15
  62 0016 C3F8B412 		str	r1, [r3, #692]
  63              	.L3:
 112:Middlewares/ST/STM32_USB_Device_Library/Core/Src/usbd_core.c ****   }
 113:Middlewares/ST/STM32_USB_Device_Library/Core/Src/usbd_core.c **** 
 114:Middlewares/ST/STM32_USB_Device_Library/Core/Src/usbd_core.c ****   /* Set Device initial State */
 115:Middlewares/ST/STM32_USB_Device_Library/Core/Src/usbd_core.c ****   pdev->dev_state = USBD_STATE_DEFAULT;
  64              		.loc 1 115 3 is_stmt 1 view .LVU16
  65              		.loc 1 115 19 is_stmt 0 view .LVU17
  66 001a 0121     		movs	r1, #1
  67              	.LVL2:
  68              		.loc 1 115 19 view .LVU18
  69 001c 83F89C12 		strb	r1, [r3, #668]
 116:Middlewares/ST/STM32_USB_Device_Library/Core/Src/usbd_core.c ****   pdev->id = id;
  70              		.loc 1 116 3 is_stmt 1 view .LVU19
  71              		.loc 1 116 12 is_stmt 0 view .LVU20
  72 0020 1A70     		strb	r2, [r3]
 117:Middlewares/ST/STM32_USB_Device_Library/Core/Src/usbd_core.c **** 
 118:Middlewares/ST/STM32_USB_Device_Library/Core/Src/usbd_core.c ****   /* Initialize low level driver */
 119:Middlewares/ST/STM32_USB_Device_Library/Core/Src/usbd_core.c ****   ret = USBD_LL_Init(pdev);
  73              		.loc 1 119 3 is_stmt 1 view .LVU21
  74              		.loc 1 119 9 is_stmt 0 view .LVU22
  75 0022 1846     		mov	r0, r3
  76 0024 FFF7FEFF 		bl	USBD_LL_Init
  77              	.LVL3:
 120:Middlewares/ST/STM32_USB_Device_Library/Core/Src/usbd_core.c **** 
 121:Middlewares/ST/STM32_USB_Device_Library/Core/Src/usbd_core.c ****   return ret;
  78              		.loc 1 121 3 is_stmt 1 view .LVU23
 122:Middlewares/ST/STM32_USB_Device_Library/Core/Src/usbd_core.c **** }
  79              		.loc 1 122 1 is_stmt 0 view .LVU24
  80 0028 08BD     		pop	{r3, pc}
  81              	.LVL4:
  82              	.L4:
  83              	.LCFI1:
  84              		.cfi_def_cfa_offset 0
  85              		.cfi_restore 3
  86              		.cfi_restore 14
 100:Middlewares/ST/STM32_USB_Device_Library/Core/Src/usbd_core.c ****   }
  87              		.loc 1 100 12 view .LVU25
  88 002a 0320     		movs	r0, #3
  89              	.LVL5:
  90              		.loc 1 122 1 view .LVU26
  91 002c 7047     		bx	lr
  92              		.cfi_endproc
  93              	.LFE333:
  95              		.section	.text.USBD_DeInit,"ax",%progbits
  96              		.align	1
  97              		.global	USBD_DeInit
  98              		.syntax unified
  99              		.thumb
 100              		.thumb_func
 102              	USBD_DeInit:
 103              	.LVL6:
 104              	.LFB334:
 123:Middlewares/ST/STM32_USB_Device_Library/Core/Src/usbd_core.c **** 
 124:Middlewares/ST/STM32_USB_Device_Library/Core/Src/usbd_core.c **** /**
 125:Middlewares/ST/STM32_USB_Device_Library/Core/Src/usbd_core.c ****   * @brief  USBD_DeInit
ARM GAS  /tmp/ccMARigi.s 			page 5


 126:Middlewares/ST/STM32_USB_Device_Library/Core/Src/usbd_core.c ****   *         Re-Initialize the device library
 127:Middlewares/ST/STM32_USB_Device_Library/Core/Src/usbd_core.c ****   * @param  pdev: device instance
 128:Middlewares/ST/STM32_USB_Device_Library/Core/Src/usbd_core.c ****   * @retval status: status
 129:Middlewares/ST/STM32_USB_Device_Library/Core/Src/usbd_core.c ****   */
 130:Middlewares/ST/STM32_USB_Device_Library/Core/Src/usbd_core.c **** USBD_StatusTypeDef USBD_DeInit(USBD_HandleTypeDef *pdev)
 131:Middlewares/ST/STM32_USB_Device_Library/Core/Src/usbd_core.c **** {
 105              		.loc 1 131 1 is_stmt 1 view -0
 106              		.cfi_startproc
 107              		@ args = 0, pretend = 0, frame = 0
 108              		@ frame_needed = 0, uses_anonymous_args = 0
 109              		.loc 1 131 1 is_stmt 0 view .LVU28
 110 0000 10B5     		push	{r4, lr}
 111              	.LCFI2:
 112              		.cfi_def_cfa_offset 8
 113              		.cfi_offset 4, -8
 114              		.cfi_offset 14, -4
 115 0002 0446     		mov	r4, r0
 132:Middlewares/ST/STM32_USB_Device_Library/Core/Src/usbd_core.c ****   USBD_StatusTypeDef ret;
 116              		.loc 1 132 3 is_stmt 1 view .LVU29
 133:Middlewares/ST/STM32_USB_Device_Library/Core/Src/usbd_core.c **** 
 134:Middlewares/ST/STM32_USB_Device_Library/Core/Src/usbd_core.c ****   /* Disconnect the USB Device */
 135:Middlewares/ST/STM32_USB_Device_Library/Core/Src/usbd_core.c ****   (void)USBD_LL_Stop(pdev);
 117              		.loc 1 135 3 view .LVU30
 118              		.loc 1 135 9 is_stmt 0 view .LVU31
 119 0004 FFF7FEFF 		bl	USBD_LL_Stop
 120              	.LVL7:
 136:Middlewares/ST/STM32_USB_Device_Library/Core/Src/usbd_core.c **** 
 137:Middlewares/ST/STM32_USB_Device_Library/Core/Src/usbd_core.c ****   /* Set Default State */
 138:Middlewares/ST/STM32_USB_Device_Library/Core/Src/usbd_core.c ****   pdev->dev_state = USBD_STATE_DEFAULT;
 121              		.loc 1 138 3 is_stmt 1 view .LVU32
 122              		.loc 1 138 19 is_stmt 0 view .LVU33
 123 0008 0123     		movs	r3, #1
 124 000a 84F89C32 		strb	r3, [r4, #668]
 139:Middlewares/ST/STM32_USB_Device_Library/Core/Src/usbd_core.c **** 
 140:Middlewares/ST/STM32_USB_Device_Library/Core/Src/usbd_core.c ****   /* Free Class Resources */
 141:Middlewares/ST/STM32_USB_Device_Library/Core/Src/usbd_core.c ****   if (pdev->pClass != NULL)
 125              		.loc 1 141 3 is_stmt 1 view .LVU34
 126              		.loc 1 141 11 is_stmt 0 view .LVU35
 127 000e D4F8B832 		ldr	r3, [r4, #696]
 128              		.loc 1 141 6 view .LVU36
 129 0012 43B1     		cbz	r3, .L10
 142:Middlewares/ST/STM32_USB_Device_Library/Core/Src/usbd_core.c ****   {
 143:Middlewares/ST/STM32_USB_Device_Library/Core/Src/usbd_core.c ****     pdev->pClass->DeInit(pdev, (uint8_t)pdev->dev_config);
 130              		.loc 1 143 5 is_stmt 1 view .LVU37
 131              		.loc 1 143 17 is_stmt 0 view .LVU38
 132 0014 5B68     		ldr	r3, [r3, #4]
 133              		.loc 1 143 5 view .LVU39
 134 0016 2179     		ldrb	r1, [r4, #4]	@ zero_extendqisi2
 135 0018 2046     		mov	r0, r4
 136 001a 9847     		blx	r3
 137              	.LVL8:
 144:Middlewares/ST/STM32_USB_Device_Library/Core/Src/usbd_core.c ****     pdev->pClass = NULL;
 138              		.loc 1 144 5 is_stmt 1 view .LVU40
 139              		.loc 1 144 18 is_stmt 0 view .LVU41
 140 001c 0023     		movs	r3, #0
 141 001e C4F8B832 		str	r3, [r4, #696]
 145:Middlewares/ST/STM32_USB_Device_Library/Core/Src/usbd_core.c ****     pdev->pUserData = NULL;
ARM GAS  /tmp/ccMARigi.s 			page 6


 142              		.loc 1 145 5 is_stmt 1 view .LVU42
 143              		.loc 1 145 21 is_stmt 0 view .LVU43
 144 0022 C4F8C032 		str	r3, [r4, #704]
 145              	.L10:
 146:Middlewares/ST/STM32_USB_Device_Library/Core/Src/usbd_core.c ****   }
 147:Middlewares/ST/STM32_USB_Device_Library/Core/Src/usbd_core.c **** 
 148:Middlewares/ST/STM32_USB_Device_Library/Core/Src/usbd_core.c ****   /* Free Device descriptors resources */
 149:Middlewares/ST/STM32_USB_Device_Library/Core/Src/usbd_core.c ****   pdev->pDesc = NULL;
 146              		.loc 1 149 3 is_stmt 1 view .LVU44
 147              		.loc 1 149 15 is_stmt 0 view .LVU45
 148 0026 0023     		movs	r3, #0
 149 0028 C4F8B432 		str	r3, [r4, #692]
 150:Middlewares/ST/STM32_USB_Device_Library/Core/Src/usbd_core.c ****   pdev->pConfDesc = NULL;
 150              		.loc 1 150 3 is_stmt 1 view .LVU46
 151              		.loc 1 150 19 is_stmt 0 view .LVU47
 152 002c C4F8CC32 		str	r3, [r4, #716]
 151:Middlewares/ST/STM32_USB_Device_Library/Core/Src/usbd_core.c **** 
 152:Middlewares/ST/STM32_USB_Device_Library/Core/Src/usbd_core.c ****   /* DeInitialize low level driver */
 153:Middlewares/ST/STM32_USB_Device_Library/Core/Src/usbd_core.c ****   ret = USBD_LL_DeInit(pdev);
 153              		.loc 1 153 3 is_stmt 1 view .LVU48
 154              		.loc 1 153 9 is_stmt 0 view .LVU49
 155 0030 2046     		mov	r0, r4
 156 0032 FFF7FEFF 		bl	USBD_LL_DeInit
 157              	.LVL9:
 154:Middlewares/ST/STM32_USB_Device_Library/Core/Src/usbd_core.c **** 
 155:Middlewares/ST/STM32_USB_Device_Library/Core/Src/usbd_core.c ****   return ret;
 158              		.loc 1 155 3 is_stmt 1 view .LVU50
 156:Middlewares/ST/STM32_USB_Device_Library/Core/Src/usbd_core.c **** }
 159              		.loc 1 156 1 is_stmt 0 view .LVU51
 160 0036 10BD     		pop	{r4, pc}
 161              		.loc 1 156 1 view .LVU52
 162              		.cfi_endproc
 163              	.LFE334:
 165              		.section	.text.USBD_RegisterClass,"ax",%progbits
 166              		.align	1
 167              		.global	USBD_RegisterClass
 168              		.syntax unified
 169              		.thumb
 170              		.thumb_func
 172              	USBD_RegisterClass:
 173              	.LVL10:
 174              	.LFB335:
 157:Middlewares/ST/STM32_USB_Device_Library/Core/Src/usbd_core.c **** 
 158:Middlewares/ST/STM32_USB_Device_Library/Core/Src/usbd_core.c **** /**
 159:Middlewares/ST/STM32_USB_Device_Library/Core/Src/usbd_core.c ****   * @brief  USBD_RegisterClass
 160:Middlewares/ST/STM32_USB_Device_Library/Core/Src/usbd_core.c ****   *         Link class driver to Device Core.
 161:Middlewares/ST/STM32_USB_Device_Library/Core/Src/usbd_core.c ****   * @param  pDevice : Device Handle
 162:Middlewares/ST/STM32_USB_Device_Library/Core/Src/usbd_core.c ****   * @param  pclass: Class handle
 163:Middlewares/ST/STM32_USB_Device_Library/Core/Src/usbd_core.c ****   * @retval USBD Status
 164:Middlewares/ST/STM32_USB_Device_Library/Core/Src/usbd_core.c ****   */
 165:Middlewares/ST/STM32_USB_Device_Library/Core/Src/usbd_core.c **** USBD_StatusTypeDef USBD_RegisterClass(USBD_HandleTypeDef *pdev, USBD_ClassTypeDef *pclass)
 166:Middlewares/ST/STM32_USB_Device_Library/Core/Src/usbd_core.c **** {
 175              		.loc 1 166 1 is_stmt 1 view -0
 176              		.cfi_startproc
 177              		@ args = 0, pretend = 0, frame = 8
 178              		@ frame_needed = 0, uses_anonymous_args = 0
 179              		.loc 1 166 1 is_stmt 0 view .LVU54
ARM GAS  /tmp/ccMARigi.s 			page 7


 180 0000 10B5     		push	{r4, lr}
 181              	.LCFI3:
 182              		.cfi_def_cfa_offset 8
 183              		.cfi_offset 4, -8
 184              		.cfi_offset 14, -4
 185 0002 82B0     		sub	sp, sp, #8
 186              	.LCFI4:
 187              		.cfi_def_cfa_offset 16
 167:Middlewares/ST/STM32_USB_Device_Library/Core/Src/usbd_core.c ****   uint16_t len = 0U;
 188              		.loc 1 167 3 is_stmt 1 view .LVU55
 189              		.loc 1 167 12 is_stmt 0 view .LVU56
 190 0004 0023     		movs	r3, #0
 191 0006 ADF80630 		strh	r3, [sp, #6]	@ movhi
 168:Middlewares/ST/STM32_USB_Device_Library/Core/Src/usbd_core.c **** 
 169:Middlewares/ST/STM32_USB_Device_Library/Core/Src/usbd_core.c ****   if (pclass == NULL)
 192              		.loc 1 169 3 is_stmt 1 view .LVU57
 193              		.loc 1 169 6 is_stmt 0 view .LVU58
 194 000a 61B1     		cbz	r1, .L15
 195 000c 0446     		mov	r4, r0
 170:Middlewares/ST/STM32_USB_Device_Library/Core/Src/usbd_core.c ****   {
 171:Middlewares/ST/STM32_USB_Device_Library/Core/Src/usbd_core.c **** #if (USBD_DEBUG_LEVEL > 1U)
 172:Middlewares/ST/STM32_USB_Device_Library/Core/Src/usbd_core.c ****     USBD_ErrLog("Invalid Class handle");
 173:Middlewares/ST/STM32_USB_Device_Library/Core/Src/usbd_core.c **** #endif
 174:Middlewares/ST/STM32_USB_Device_Library/Core/Src/usbd_core.c ****     return USBD_FAIL;
 175:Middlewares/ST/STM32_USB_Device_Library/Core/Src/usbd_core.c ****   }
 176:Middlewares/ST/STM32_USB_Device_Library/Core/Src/usbd_core.c **** 
 177:Middlewares/ST/STM32_USB_Device_Library/Core/Src/usbd_core.c ****   /* link the class to the USB Device handle */
 178:Middlewares/ST/STM32_USB_Device_Library/Core/Src/usbd_core.c ****   pdev->pClass = pclass;
 196              		.loc 1 178 3 is_stmt 1 view .LVU59
 197              		.loc 1 178 16 is_stmt 0 view .LVU60
 198 000e C0F8B812 		str	r1, [r0, #696]
 179:Middlewares/ST/STM32_USB_Device_Library/Core/Src/usbd_core.c **** 
 180:Middlewares/ST/STM32_USB_Device_Library/Core/Src/usbd_core.c ****   /* Get Device Configuration Descriptor */
 181:Middlewares/ST/STM32_USB_Device_Library/Core/Src/usbd_core.c **** #ifdef USE_USB_HS
 182:Middlewares/ST/STM32_USB_Device_Library/Core/Src/usbd_core.c ****   if (pdev->pClass->GetHSConfigDescriptor != NULL)
 183:Middlewares/ST/STM32_USB_Device_Library/Core/Src/usbd_core.c ****   {
 184:Middlewares/ST/STM32_USB_Device_Library/Core/Src/usbd_core.c ****     pdev->pConfDesc = (void *)pdev->pClass->GetHSConfigDescriptor(&len);
 185:Middlewares/ST/STM32_USB_Device_Library/Core/Src/usbd_core.c ****   }
 186:Middlewares/ST/STM32_USB_Device_Library/Core/Src/usbd_core.c **** #else /* Default USE_USB_FS */
 187:Middlewares/ST/STM32_USB_Device_Library/Core/Src/usbd_core.c ****   if (pdev->pClass->GetFSConfigDescriptor != NULL)
 199              		.loc 1 187 3 is_stmt 1 view .LVU61
 200              		.loc 1 187 19 is_stmt 0 view .LVU62
 201 0012 CB6A     		ldr	r3, [r1, #44]
 202              		.loc 1 187 6 view .LVU63
 203 0014 23B1     		cbz	r3, .L14
 188:Middlewares/ST/STM32_USB_Device_Library/Core/Src/usbd_core.c ****   {
 189:Middlewares/ST/STM32_USB_Device_Library/Core/Src/usbd_core.c ****     pdev->pConfDesc = (void *)pdev->pClass->GetFSConfigDescriptor(&len);
 204              		.loc 1 189 5 is_stmt 1 view .LVU64
 205              		.loc 1 189 31 is_stmt 0 view .LVU65
 206 0016 0DF10600 		add	r0, sp, #6
 207              	.LVL11:
 208              		.loc 1 189 31 view .LVU66
 209 001a 9847     		blx	r3
 210              	.LVL12:
 211              		.loc 1 189 21 discriminator 1 view .LVU67
 212 001c C4F8CC02 		str	r0, [r4, #716]
 213              	.L14:
ARM GAS  /tmp/ccMARigi.s 			page 8


 190:Middlewares/ST/STM32_USB_Device_Library/Core/Src/usbd_core.c ****   }
 191:Middlewares/ST/STM32_USB_Device_Library/Core/Src/usbd_core.c **** #endif /* USE_USB_FS */
 192:Middlewares/ST/STM32_USB_Device_Library/Core/Src/usbd_core.c **** 
 193:Middlewares/ST/STM32_USB_Device_Library/Core/Src/usbd_core.c ****   return USBD_OK;
 214              		.loc 1 193 10 view .LVU68
 215 0020 0020     		movs	r0, #0
 216              	.LVL13:
 217              	.L13:
 194:Middlewares/ST/STM32_USB_Device_Library/Core/Src/usbd_core.c **** }
 218              		.loc 1 194 1 view .LVU69
 219 0022 02B0     		add	sp, sp, #8
 220              	.LCFI5:
 221              		.cfi_remember_state
 222              		.cfi_def_cfa_offset 8
 223              		@ sp needed
 224 0024 10BD     		pop	{r4, pc}
 225              	.LVL14:
 226              	.L15:
 227              	.LCFI6:
 228              		.cfi_restore_state
 174:Middlewares/ST/STM32_USB_Device_Library/Core/Src/usbd_core.c ****   }
 229              		.loc 1 174 12 view .LVU70
 230 0026 0320     		movs	r0, #3
 231              	.LVL15:
 174:Middlewares/ST/STM32_USB_Device_Library/Core/Src/usbd_core.c ****   }
 232              		.loc 1 174 12 view .LVU71
 233 0028 FBE7     		b	.L13
 234              		.cfi_endproc
 235              	.LFE335:
 237              		.section	.text.USBD_Start,"ax",%progbits
 238              		.align	1
 239              		.global	USBD_Start
 240              		.syntax unified
 241              		.thumb
 242              		.thumb_func
 244              	USBD_Start:
 245              	.LVL16:
 246              	.LFB336:
 195:Middlewares/ST/STM32_USB_Device_Library/Core/Src/usbd_core.c **** 
 196:Middlewares/ST/STM32_USB_Device_Library/Core/Src/usbd_core.c **** /**
 197:Middlewares/ST/STM32_USB_Device_Library/Core/Src/usbd_core.c ****   * @brief  USBD_Start
 198:Middlewares/ST/STM32_USB_Device_Library/Core/Src/usbd_core.c ****   *         Start the USB Device Core.
 199:Middlewares/ST/STM32_USB_Device_Library/Core/Src/usbd_core.c ****   * @param  pdev: Device Handle
 200:Middlewares/ST/STM32_USB_Device_Library/Core/Src/usbd_core.c ****   * @retval USBD Status
 201:Middlewares/ST/STM32_USB_Device_Library/Core/Src/usbd_core.c ****   */
 202:Middlewares/ST/STM32_USB_Device_Library/Core/Src/usbd_core.c **** USBD_StatusTypeDef USBD_Start(USBD_HandleTypeDef *pdev)
 203:Middlewares/ST/STM32_USB_Device_Library/Core/Src/usbd_core.c **** {
 247              		.loc 1 203 1 is_stmt 1 view -0
 248              		.cfi_startproc
 249              		@ args = 0, pretend = 0, frame = 0
 250              		@ frame_needed = 0, uses_anonymous_args = 0
 251              		.loc 1 203 1 is_stmt 0 view .LVU73
 252 0000 08B5     		push	{r3, lr}
 253              	.LCFI7:
 254              		.cfi_def_cfa_offset 8
 255              		.cfi_offset 3, -8
 256              		.cfi_offset 14, -4
ARM GAS  /tmp/ccMARigi.s 			page 9


 204:Middlewares/ST/STM32_USB_Device_Library/Core/Src/usbd_core.c ****   /* Start the low level driver  */
 205:Middlewares/ST/STM32_USB_Device_Library/Core/Src/usbd_core.c ****   return USBD_LL_Start(pdev);
 257              		.loc 1 205 3 is_stmt 1 view .LVU74
 258              		.loc 1 205 10 is_stmt 0 view .LVU75
 259 0002 FFF7FEFF 		bl	USBD_LL_Start
 260              	.LVL17:
 206:Middlewares/ST/STM32_USB_Device_Library/Core/Src/usbd_core.c **** }
 261              		.loc 1 206 1 view .LVU76
 262 0006 08BD     		pop	{r3, pc}
 263              		.cfi_endproc
 264              	.LFE336:
 266              		.section	.text.USBD_Stop,"ax",%progbits
 267              		.align	1
 268              		.global	USBD_Stop
 269              		.syntax unified
 270              		.thumb
 271              		.thumb_func
 273              	USBD_Stop:
 274              	.LVL18:
 275              	.LFB337:
 207:Middlewares/ST/STM32_USB_Device_Library/Core/Src/usbd_core.c **** 
 208:Middlewares/ST/STM32_USB_Device_Library/Core/Src/usbd_core.c **** /**
 209:Middlewares/ST/STM32_USB_Device_Library/Core/Src/usbd_core.c ****   * @brief  USBD_Stop
 210:Middlewares/ST/STM32_USB_Device_Library/Core/Src/usbd_core.c ****   *         Stop the USB Device Core.
 211:Middlewares/ST/STM32_USB_Device_Library/Core/Src/usbd_core.c ****   * @param  pdev: Device Handle
 212:Middlewares/ST/STM32_USB_Device_Library/Core/Src/usbd_core.c ****   * @retval USBD Status
 213:Middlewares/ST/STM32_USB_Device_Library/Core/Src/usbd_core.c ****   */
 214:Middlewares/ST/STM32_USB_Device_Library/Core/Src/usbd_core.c **** USBD_StatusTypeDef USBD_Stop(USBD_HandleTypeDef *pdev)
 215:Middlewares/ST/STM32_USB_Device_Library/Core/Src/usbd_core.c **** {
 276              		.loc 1 215 1 is_stmt 1 view -0
 277              		.cfi_startproc
 278              		@ args = 0, pretend = 0, frame = 0
 279              		@ frame_needed = 0, uses_anonymous_args = 0
 280              		.loc 1 215 1 is_stmt 0 view .LVU78
 281 0000 10B5     		push	{r4, lr}
 282              	.LCFI8:
 283              		.cfi_def_cfa_offset 8
 284              		.cfi_offset 4, -8
 285              		.cfi_offset 14, -4
 286 0002 0446     		mov	r4, r0
 216:Middlewares/ST/STM32_USB_Device_Library/Core/Src/usbd_core.c ****   /* Disconnect USB Device */
 217:Middlewares/ST/STM32_USB_Device_Library/Core/Src/usbd_core.c ****   (void)USBD_LL_Stop(pdev);
 287              		.loc 1 217 3 is_stmt 1 view .LVU79
 288              		.loc 1 217 9 is_stmt 0 view .LVU80
 289 0004 FFF7FEFF 		bl	USBD_LL_Stop
 290              	.LVL19:
 218:Middlewares/ST/STM32_USB_Device_Library/Core/Src/usbd_core.c **** 
 219:Middlewares/ST/STM32_USB_Device_Library/Core/Src/usbd_core.c ****   /* Free Class Resources */
 220:Middlewares/ST/STM32_USB_Device_Library/Core/Src/usbd_core.c ****   if (pdev->pClass != NULL)
 291              		.loc 1 220 3 is_stmt 1 view .LVU81
 292              		.loc 1 220 11 is_stmt 0 view .LVU82
 293 0008 D4F8B832 		ldr	r3, [r4, #696]
 294              		.loc 1 220 6 view .LVU83
 295 000c 1BB1     		cbz	r3, .L20
 221:Middlewares/ST/STM32_USB_Device_Library/Core/Src/usbd_core.c ****   {
 222:Middlewares/ST/STM32_USB_Device_Library/Core/Src/usbd_core.c ****     (void)pdev->pClass->DeInit(pdev, (uint8_t)pdev->dev_config);
 296              		.loc 1 222 5 is_stmt 1 view .LVU84
ARM GAS  /tmp/ccMARigi.s 			page 10


 297              		.loc 1 222 23 is_stmt 0 view .LVU85
 298 000e 5B68     		ldr	r3, [r3, #4]
 299              		.loc 1 222 11 view .LVU86
 300 0010 2179     		ldrb	r1, [r4, #4]	@ zero_extendqisi2
 301 0012 2046     		mov	r0, r4
 302 0014 9847     		blx	r3
 303              	.LVL20:
 304              	.L20:
 223:Middlewares/ST/STM32_USB_Device_Library/Core/Src/usbd_core.c ****   }
 224:Middlewares/ST/STM32_USB_Device_Library/Core/Src/usbd_core.c **** 
 225:Middlewares/ST/STM32_USB_Device_Library/Core/Src/usbd_core.c ****   return USBD_OK;
 305              		.loc 1 225 3 is_stmt 1 view .LVU87
 226:Middlewares/ST/STM32_USB_Device_Library/Core/Src/usbd_core.c **** }
 306              		.loc 1 226 1 is_stmt 0 view .LVU88
 307 0016 0020     		movs	r0, #0
 308 0018 10BD     		pop	{r4, pc}
 309              		.loc 1 226 1 view .LVU89
 310              		.cfi_endproc
 311              	.LFE337:
 313              		.section	.text.USBD_RunTestMode,"ax",%progbits
 314              		.align	1
 315              		.global	USBD_RunTestMode
 316              		.syntax unified
 317              		.thumb
 318              		.thumb_func
 320              	USBD_RunTestMode:
 321              	.LVL21:
 322              	.LFB338:
 227:Middlewares/ST/STM32_USB_Device_Library/Core/Src/usbd_core.c **** 
 228:Middlewares/ST/STM32_USB_Device_Library/Core/Src/usbd_core.c **** /**
 229:Middlewares/ST/STM32_USB_Device_Library/Core/Src/usbd_core.c ****   * @brief  USBD_RunTestMode
 230:Middlewares/ST/STM32_USB_Device_Library/Core/Src/usbd_core.c ****   *         Launch test mode process
 231:Middlewares/ST/STM32_USB_Device_Library/Core/Src/usbd_core.c ****   * @param  pdev: device instance
 232:Middlewares/ST/STM32_USB_Device_Library/Core/Src/usbd_core.c ****   * @retval status
 233:Middlewares/ST/STM32_USB_Device_Library/Core/Src/usbd_core.c ****   */
 234:Middlewares/ST/STM32_USB_Device_Library/Core/Src/usbd_core.c **** USBD_StatusTypeDef USBD_RunTestMode(USBD_HandleTypeDef  *pdev)
 235:Middlewares/ST/STM32_USB_Device_Library/Core/Src/usbd_core.c **** {
 323              		.loc 1 235 1 is_stmt 1 view -0
 324              		.cfi_startproc
 325              		@ args = 0, pretend = 0, frame = 0
 326              		@ frame_needed = 0, uses_anonymous_args = 0
 327              		@ link register save eliminated.
 236:Middlewares/ST/STM32_USB_Device_Library/Core/Src/usbd_core.c ****   /* Prevent unused argument compilation warning */
 237:Middlewares/ST/STM32_USB_Device_Library/Core/Src/usbd_core.c ****   UNUSED(pdev);
 328              		.loc 1 237 3 view .LVU91
 238:Middlewares/ST/STM32_USB_Device_Library/Core/Src/usbd_core.c **** 
 239:Middlewares/ST/STM32_USB_Device_Library/Core/Src/usbd_core.c ****   return USBD_OK;
 329              		.loc 1 239 3 view .LVU92
 240:Middlewares/ST/STM32_USB_Device_Library/Core/Src/usbd_core.c **** }
 330              		.loc 1 240 1 is_stmt 0 view .LVU93
 331 0000 0020     		movs	r0, #0
 332              	.LVL22:
 333              		.loc 1 240 1 view .LVU94
 334 0002 7047     		bx	lr
 335              		.cfi_endproc
 336              	.LFE338:
 338              		.section	.text.USBD_SetClassConfig,"ax",%progbits
ARM GAS  /tmp/ccMARigi.s 			page 11


 339              		.align	1
 340              		.global	USBD_SetClassConfig
 341              		.syntax unified
 342              		.thumb
 343              		.thumb_func
 345              	USBD_SetClassConfig:
 346              	.LVL23:
 347              	.LFB339:
 241:Middlewares/ST/STM32_USB_Device_Library/Core/Src/usbd_core.c **** 
 242:Middlewares/ST/STM32_USB_Device_Library/Core/Src/usbd_core.c **** /**
 243:Middlewares/ST/STM32_USB_Device_Library/Core/Src/usbd_core.c ****   * @brief  USBD_SetClassConfig
 244:Middlewares/ST/STM32_USB_Device_Library/Core/Src/usbd_core.c ****   *        Configure device and start the interface
 245:Middlewares/ST/STM32_USB_Device_Library/Core/Src/usbd_core.c ****   * @param  pdev: device instance
 246:Middlewares/ST/STM32_USB_Device_Library/Core/Src/usbd_core.c ****   * @param  cfgidx: configuration index
 247:Middlewares/ST/STM32_USB_Device_Library/Core/Src/usbd_core.c ****   * @retval status
 248:Middlewares/ST/STM32_USB_Device_Library/Core/Src/usbd_core.c ****   */
 249:Middlewares/ST/STM32_USB_Device_Library/Core/Src/usbd_core.c **** 
 250:Middlewares/ST/STM32_USB_Device_Library/Core/Src/usbd_core.c **** USBD_StatusTypeDef USBD_SetClassConfig(USBD_HandleTypeDef *pdev, uint8_t cfgidx)
 251:Middlewares/ST/STM32_USB_Device_Library/Core/Src/usbd_core.c **** {
 348              		.loc 1 251 1 is_stmt 1 view -0
 349              		.cfi_startproc
 350              		@ args = 0, pretend = 0, frame = 0
 351              		@ frame_needed = 0, uses_anonymous_args = 0
 352              		.loc 1 251 1 is_stmt 0 view .LVU96
 353 0000 08B5     		push	{r3, lr}
 354              	.LCFI9:
 355              		.cfi_def_cfa_offset 8
 356              		.cfi_offset 3, -8
 357              		.cfi_offset 14, -4
 252:Middlewares/ST/STM32_USB_Device_Library/Core/Src/usbd_core.c ****   USBD_StatusTypeDef ret = USBD_FAIL;
 358              		.loc 1 252 3 is_stmt 1 view .LVU97
 359              	.LVL24:
 253:Middlewares/ST/STM32_USB_Device_Library/Core/Src/usbd_core.c **** 
 254:Middlewares/ST/STM32_USB_Device_Library/Core/Src/usbd_core.c ****   if (pdev->pClass != NULL)
 360              		.loc 1 254 3 view .LVU98
 361              		.loc 1 254 11 is_stmt 0 view .LVU99
 362 0002 D0F8B832 		ldr	r3, [r0, #696]
 363              		.loc 1 254 6 view .LVU100
 364 0006 13B1     		cbz	r3, .L25
 255:Middlewares/ST/STM32_USB_Device_Library/Core/Src/usbd_core.c ****   {
 256:Middlewares/ST/STM32_USB_Device_Library/Core/Src/usbd_core.c ****     /* Set configuration and Start the Class */
 257:Middlewares/ST/STM32_USB_Device_Library/Core/Src/usbd_core.c ****     ret = (USBD_StatusTypeDef)pdev->pClass->Init(pdev, cfgidx);
 365              		.loc 1 257 5 is_stmt 1 view .LVU101
 366              		.loc 1 257 43 is_stmt 0 view .LVU102
 367 0008 1B68     		ldr	r3, [r3]
 368              		.loc 1 257 31 view .LVU103
 369 000a 9847     		blx	r3
 370              	.LVL25:
 371              	.L24:
 258:Middlewares/ST/STM32_USB_Device_Library/Core/Src/usbd_core.c ****   }
 259:Middlewares/ST/STM32_USB_Device_Library/Core/Src/usbd_core.c **** 
 260:Middlewares/ST/STM32_USB_Device_Library/Core/Src/usbd_core.c ****   return ret;
 372              		.loc 1 260 3 is_stmt 1 view .LVU104
 261:Middlewares/ST/STM32_USB_Device_Library/Core/Src/usbd_core.c **** }
 373              		.loc 1 261 1 is_stmt 0 view .LVU105
 374 000c 08BD     		pop	{r3, pc}
 375              	.LVL26:
ARM GAS  /tmp/ccMARigi.s 			page 12


 376              	.L25:
 252:Middlewares/ST/STM32_USB_Device_Library/Core/Src/usbd_core.c **** 
 377              		.loc 1 252 22 view .LVU106
 378 000e 0320     		movs	r0, #3
 379              	.LVL27:
 252:Middlewares/ST/STM32_USB_Device_Library/Core/Src/usbd_core.c **** 
 380              		.loc 1 252 22 view .LVU107
 381 0010 FCE7     		b	.L24
 382              		.cfi_endproc
 383              	.LFE339:
 385              		.section	.text.USBD_ClrClassConfig,"ax",%progbits
 386              		.align	1
 387              		.global	USBD_ClrClassConfig
 388              		.syntax unified
 389              		.thumb
 390              		.thumb_func
 392              	USBD_ClrClassConfig:
 393              	.LVL28:
 394              	.LFB340:
 262:Middlewares/ST/STM32_USB_Device_Library/Core/Src/usbd_core.c **** 
 263:Middlewares/ST/STM32_USB_Device_Library/Core/Src/usbd_core.c **** /**
 264:Middlewares/ST/STM32_USB_Device_Library/Core/Src/usbd_core.c ****   * @brief  USBD_ClrClassConfig
 265:Middlewares/ST/STM32_USB_Device_Library/Core/Src/usbd_core.c ****   *         Clear current configuration
 266:Middlewares/ST/STM32_USB_Device_Library/Core/Src/usbd_core.c ****   * @param  pdev: device instance
 267:Middlewares/ST/STM32_USB_Device_Library/Core/Src/usbd_core.c ****   * @param  cfgidx: configuration index
 268:Middlewares/ST/STM32_USB_Device_Library/Core/Src/usbd_core.c ****   * @retval status: USBD_StatusTypeDef
 269:Middlewares/ST/STM32_USB_Device_Library/Core/Src/usbd_core.c ****   */
 270:Middlewares/ST/STM32_USB_Device_Library/Core/Src/usbd_core.c **** USBD_StatusTypeDef USBD_ClrClassConfig(USBD_HandleTypeDef *pdev, uint8_t cfgidx)
 271:Middlewares/ST/STM32_USB_Device_Library/Core/Src/usbd_core.c **** {
 395              		.loc 1 271 1 is_stmt 1 view -0
 396              		.cfi_startproc
 397              		@ args = 0, pretend = 0, frame = 0
 398              		@ frame_needed = 0, uses_anonymous_args = 0
 399              		.loc 1 271 1 is_stmt 0 view .LVU109
 400 0000 08B5     		push	{r3, lr}
 401              	.LCFI10:
 402              		.cfi_def_cfa_offset 8
 403              		.cfi_offset 3, -8
 404              		.cfi_offset 14, -4
 272:Middlewares/ST/STM32_USB_Device_Library/Core/Src/usbd_core.c ****   /* Clear configuration and De-initialize the Class process */
 273:Middlewares/ST/STM32_USB_Device_Library/Core/Src/usbd_core.c ****   if (pdev->pClass != NULL)
 405              		.loc 1 273 3 is_stmt 1 view .LVU110
 406              		.loc 1 273 11 is_stmt 0 view .LVU111
 407 0002 D0F8B832 		ldr	r3, [r0, #696]
 408              		.loc 1 273 6 view .LVU112
 409 0006 0BB1     		cbz	r3, .L28
 274:Middlewares/ST/STM32_USB_Device_Library/Core/Src/usbd_core.c ****   {
 275:Middlewares/ST/STM32_USB_Device_Library/Core/Src/usbd_core.c ****     pdev->pClass->DeInit(pdev, cfgidx);
 410              		.loc 1 275 5 is_stmt 1 view .LVU113
 411              		.loc 1 275 17 is_stmt 0 view .LVU114
 412 0008 5B68     		ldr	r3, [r3, #4]
 413              		.loc 1 275 5 view .LVU115
 414 000a 9847     		blx	r3
 415              	.LVL29:
 416              	.L28:
 276:Middlewares/ST/STM32_USB_Device_Library/Core/Src/usbd_core.c ****   }
 277:Middlewares/ST/STM32_USB_Device_Library/Core/Src/usbd_core.c **** 
ARM GAS  /tmp/ccMARigi.s 			page 13


 278:Middlewares/ST/STM32_USB_Device_Library/Core/Src/usbd_core.c ****   return USBD_OK;
 417              		.loc 1 278 3 is_stmt 1 view .LVU116
 279:Middlewares/ST/STM32_USB_Device_Library/Core/Src/usbd_core.c **** }
 418              		.loc 1 279 1 is_stmt 0 view .LVU117
 419 000c 0020     		movs	r0, #0
 420 000e 08BD     		pop	{r3, pc}
 421              		.cfi_endproc
 422              	.LFE340:
 424              		.section	.text.USBD_LL_SetupStage,"ax",%progbits
 425              		.align	1
 426              		.global	USBD_LL_SetupStage
 427              		.syntax unified
 428              		.thumb
 429              		.thumb_func
 431              	USBD_LL_SetupStage:
 432              	.LVL30:
 433              	.LFB341:
 280:Middlewares/ST/STM32_USB_Device_Library/Core/Src/usbd_core.c **** 
 281:Middlewares/ST/STM32_USB_Device_Library/Core/Src/usbd_core.c **** 
 282:Middlewares/ST/STM32_USB_Device_Library/Core/Src/usbd_core.c **** /**
 283:Middlewares/ST/STM32_USB_Device_Library/Core/Src/usbd_core.c ****   * @brief  USBD_LL_SetupStage
 284:Middlewares/ST/STM32_USB_Device_Library/Core/Src/usbd_core.c ****   *         Handle the setup stage
 285:Middlewares/ST/STM32_USB_Device_Library/Core/Src/usbd_core.c ****   * @param  pdev: device instance
 286:Middlewares/ST/STM32_USB_Device_Library/Core/Src/usbd_core.c ****   * @retval status
 287:Middlewares/ST/STM32_USB_Device_Library/Core/Src/usbd_core.c ****   */
 288:Middlewares/ST/STM32_USB_Device_Library/Core/Src/usbd_core.c **** USBD_StatusTypeDef USBD_LL_SetupStage(USBD_HandleTypeDef *pdev, uint8_t *psetup)
 289:Middlewares/ST/STM32_USB_Device_Library/Core/Src/usbd_core.c **** {
 434              		.loc 1 289 1 is_stmt 1 view -0
 435              		.cfi_startproc
 436              		@ args = 0, pretend = 0, frame = 0
 437              		@ frame_needed = 0, uses_anonymous_args = 0
 438              		.loc 1 289 1 is_stmt 0 view .LVU119
 439 0000 38B5     		push	{r3, r4, r5, lr}
 440              	.LCFI11:
 441              		.cfi_def_cfa_offset 16
 442              		.cfi_offset 3, -16
 443              		.cfi_offset 4, -12
 444              		.cfi_offset 5, -8
 445              		.cfi_offset 14, -4
 446 0002 0446     		mov	r4, r0
 290:Middlewares/ST/STM32_USB_Device_Library/Core/Src/usbd_core.c ****   USBD_StatusTypeDef ret;
 447              		.loc 1 290 3 is_stmt 1 view .LVU120
 291:Middlewares/ST/STM32_USB_Device_Library/Core/Src/usbd_core.c **** 
 292:Middlewares/ST/STM32_USB_Device_Library/Core/Src/usbd_core.c ****   USBD_ParseSetupRequest(&pdev->request, psetup);
 448              		.loc 1 292 3 view .LVU121
 449 0004 00F2AA25 		addw	r5, r0, #682
 450 0008 2846     		mov	r0, r5
 451              	.LVL31:
 452              		.loc 1 292 3 is_stmt 0 view .LVU122
 453 000a FFF7FEFF 		bl	USBD_ParseSetupRequest
 454              	.LVL32:
 293:Middlewares/ST/STM32_USB_Device_Library/Core/Src/usbd_core.c **** 
 294:Middlewares/ST/STM32_USB_Device_Library/Core/Src/usbd_core.c ****   pdev->ep0_state = USBD_EP0_SETUP;
 455              		.loc 1 294 3 is_stmt 1 view .LVU123
 456              		.loc 1 294 19 is_stmt 0 view .LVU124
 457 000e 0123     		movs	r3, #1
 458 0010 C4F89432 		str	r3, [r4, #660]
ARM GAS  /tmp/ccMARigi.s 			page 14


 295:Middlewares/ST/STM32_USB_Device_Library/Core/Src/usbd_core.c **** 
 296:Middlewares/ST/STM32_USB_Device_Library/Core/Src/usbd_core.c ****   pdev->ep0_data_len = pdev->request.wLength;
 459              		.loc 1 296 3 is_stmt 1 view .LVU125
 460              		.loc 1 296 37 is_stmt 0 view .LVU126
 461 0014 B4F8B032 		ldrh	r3, [r4, #688]
 462              		.loc 1 296 22 view .LVU127
 463 0018 C4F89832 		str	r3, [r4, #664]
 297:Middlewares/ST/STM32_USB_Device_Library/Core/Src/usbd_core.c **** 
 298:Middlewares/ST/STM32_USB_Device_Library/Core/Src/usbd_core.c ****   switch (pdev->request.bmRequest & 0x1FU)
 464              		.loc 1 298 3 is_stmt 1 view .LVU128
 465              		.loc 1 298 24 is_stmt 0 view .LVU129
 466 001c 94F8AA12 		ldrb	r1, [r4, #682]	@ zero_extendqisi2
 467 0020 01F01F03 		and	r3, r1, #31
 468              		.loc 1 298 3 view .LVU130
 469 0024 012B     		cmp	r3, #1
 470 0026 07D0     		beq	.L31
 471 0028 022B     		cmp	r3, #2
 472 002a 0AD0     		beq	.L32
 473 002c 73B9     		cbnz	r3, .L33
 299:Middlewares/ST/STM32_USB_Device_Library/Core/Src/usbd_core.c ****   {
 300:Middlewares/ST/STM32_USB_Device_Library/Core/Src/usbd_core.c ****     case USB_REQ_RECIPIENT_DEVICE:
 301:Middlewares/ST/STM32_USB_Device_Library/Core/Src/usbd_core.c ****       ret = USBD_StdDevReq(pdev, &pdev->request);
 474              		.loc 1 301 7 is_stmt 1 view .LVU131
 475              		.loc 1 301 13 is_stmt 0 view .LVU132
 476 002e 2946     		mov	r1, r5
 477 0030 2046     		mov	r0, r4
 478 0032 FFF7FEFF 		bl	USBD_StdDevReq
 479              	.LVL33:
 302:Middlewares/ST/STM32_USB_Device_Library/Core/Src/usbd_core.c ****       break;
 480              		.loc 1 302 7 is_stmt 1 view .LVU133
 481              	.L34:
 303:Middlewares/ST/STM32_USB_Device_Library/Core/Src/usbd_core.c **** 
 304:Middlewares/ST/STM32_USB_Device_Library/Core/Src/usbd_core.c ****     case USB_REQ_RECIPIENT_INTERFACE:
 305:Middlewares/ST/STM32_USB_Device_Library/Core/Src/usbd_core.c ****       ret = USBD_StdItfReq(pdev, &pdev->request);
 306:Middlewares/ST/STM32_USB_Device_Library/Core/Src/usbd_core.c ****       break;
 307:Middlewares/ST/STM32_USB_Device_Library/Core/Src/usbd_core.c **** 
 308:Middlewares/ST/STM32_USB_Device_Library/Core/Src/usbd_core.c ****     case USB_REQ_RECIPIENT_ENDPOINT:
 309:Middlewares/ST/STM32_USB_Device_Library/Core/Src/usbd_core.c ****       ret = USBD_StdEPReq(pdev, &pdev->request);
 310:Middlewares/ST/STM32_USB_Device_Library/Core/Src/usbd_core.c ****       break;
 311:Middlewares/ST/STM32_USB_Device_Library/Core/Src/usbd_core.c **** 
 312:Middlewares/ST/STM32_USB_Device_Library/Core/Src/usbd_core.c ****     default:
 313:Middlewares/ST/STM32_USB_Device_Library/Core/Src/usbd_core.c ****       ret = USBD_LL_StallEP(pdev, (pdev->request.bmRequest & 0x80U));
 314:Middlewares/ST/STM32_USB_Device_Library/Core/Src/usbd_core.c ****       break;
 315:Middlewares/ST/STM32_USB_Device_Library/Core/Src/usbd_core.c ****   }
 316:Middlewares/ST/STM32_USB_Device_Library/Core/Src/usbd_core.c **** 
 317:Middlewares/ST/STM32_USB_Device_Library/Core/Src/usbd_core.c ****   return ret;
 482              		.loc 1 317 3 view .LVU134
 318:Middlewares/ST/STM32_USB_Device_Library/Core/Src/usbd_core.c **** }
 483              		.loc 1 318 1 is_stmt 0 view .LVU135
 484 0036 38BD     		pop	{r3, r4, r5, pc}
 485              	.LVL34:
 486              	.L31:
 305:Middlewares/ST/STM32_USB_Device_Library/Core/Src/usbd_core.c ****       break;
 487              		.loc 1 305 7 is_stmt 1 view .LVU136
 305:Middlewares/ST/STM32_USB_Device_Library/Core/Src/usbd_core.c ****       break;
 488              		.loc 1 305 13 is_stmt 0 view .LVU137
 489 0038 2946     		mov	r1, r5
ARM GAS  /tmp/ccMARigi.s 			page 15


 490 003a 2046     		mov	r0, r4
 491 003c FFF7FEFF 		bl	USBD_StdItfReq
 492              	.LVL35:
 306:Middlewares/ST/STM32_USB_Device_Library/Core/Src/usbd_core.c **** 
 493              		.loc 1 306 7 is_stmt 1 view .LVU138
 494 0040 F9E7     		b	.L34
 495              	.LVL36:
 496              	.L32:
 309:Middlewares/ST/STM32_USB_Device_Library/Core/Src/usbd_core.c ****       break;
 497              		.loc 1 309 7 view .LVU139
 309:Middlewares/ST/STM32_USB_Device_Library/Core/Src/usbd_core.c ****       break;
 498              		.loc 1 309 13 is_stmt 0 view .LVU140
 499 0042 2946     		mov	r1, r5
 500 0044 2046     		mov	r0, r4
 501 0046 FFF7FEFF 		bl	USBD_StdEPReq
 502              	.LVL37:
 310:Middlewares/ST/STM32_USB_Device_Library/Core/Src/usbd_core.c **** 
 503              		.loc 1 310 7 is_stmt 1 view .LVU141
 504 004a F4E7     		b	.L34
 505              	.LVL38:
 506              	.L33:
 313:Middlewares/ST/STM32_USB_Device_Library/Core/Src/usbd_core.c ****       break;
 507              		.loc 1 313 7 view .LVU142
 313:Middlewares/ST/STM32_USB_Device_Library/Core/Src/usbd_core.c ****       break;
 508              		.loc 1 313 13 is_stmt 0 view .LVU143
 509 004c 01F08001 		and	r1, r1, #128
 510 0050 2046     		mov	r0, r4
 511 0052 FFF7FEFF 		bl	USBD_LL_StallEP
 512              	.LVL39:
 314:Middlewares/ST/STM32_USB_Device_Library/Core/Src/usbd_core.c ****   }
 513              		.loc 1 314 7 is_stmt 1 view .LVU144
 514 0056 EEE7     		b	.L34
 515              		.cfi_endproc
 516              	.LFE341:
 518              		.section	.text.USBD_LL_DataOutStage,"ax",%progbits
 519              		.align	1
 520              		.global	USBD_LL_DataOutStage
 521              		.syntax unified
 522              		.thumb
 523              		.thumb_func
 525              	USBD_LL_DataOutStage:
 526              	.LVL40:
 527              	.LFB342:
 319:Middlewares/ST/STM32_USB_Device_Library/Core/Src/usbd_core.c **** 
 320:Middlewares/ST/STM32_USB_Device_Library/Core/Src/usbd_core.c **** /**
 321:Middlewares/ST/STM32_USB_Device_Library/Core/Src/usbd_core.c ****   * @brief  USBD_LL_DataOutStage
 322:Middlewares/ST/STM32_USB_Device_Library/Core/Src/usbd_core.c ****   *         Handle data OUT stage
 323:Middlewares/ST/STM32_USB_Device_Library/Core/Src/usbd_core.c ****   * @param  pdev: device instance
 324:Middlewares/ST/STM32_USB_Device_Library/Core/Src/usbd_core.c ****   * @param  epnum: endpoint index
 325:Middlewares/ST/STM32_USB_Device_Library/Core/Src/usbd_core.c ****   * @param  pdata: data pointer
 326:Middlewares/ST/STM32_USB_Device_Library/Core/Src/usbd_core.c ****   * @retval status
 327:Middlewares/ST/STM32_USB_Device_Library/Core/Src/usbd_core.c ****   */
 328:Middlewares/ST/STM32_USB_Device_Library/Core/Src/usbd_core.c **** USBD_StatusTypeDef USBD_LL_DataOutStage(USBD_HandleTypeDef *pdev,
 329:Middlewares/ST/STM32_USB_Device_Library/Core/Src/usbd_core.c ****                                         uint8_t epnum, uint8_t *pdata)
 330:Middlewares/ST/STM32_USB_Device_Library/Core/Src/usbd_core.c **** {
 528              		.loc 1 330 1 view -0
 529              		.cfi_startproc
ARM GAS  /tmp/ccMARigi.s 			page 16


 530              		@ args = 0, pretend = 0, frame = 0
 531              		@ frame_needed = 0, uses_anonymous_args = 0
 532              		.loc 1 330 1 is_stmt 0 view .LVU146
 533 0000 38B5     		push	{r3, r4, r5, lr}
 534              	.LCFI12:
 535              		.cfi_def_cfa_offset 16
 536              		.cfi_offset 3, -16
 537              		.cfi_offset 4, -12
 538              		.cfi_offset 5, -8
 539              		.cfi_offset 14, -4
 540 0002 0446     		mov	r4, r0
 331:Middlewares/ST/STM32_USB_Device_Library/Core/Src/usbd_core.c ****   USBD_EndpointTypeDef *pep;
 541              		.loc 1 331 3 is_stmt 1 view .LVU147
 332:Middlewares/ST/STM32_USB_Device_Library/Core/Src/usbd_core.c ****   USBD_StatusTypeDef ret;
 542              		.loc 1 332 3 view .LVU148
 333:Middlewares/ST/STM32_USB_Device_Library/Core/Src/usbd_core.c **** 
 334:Middlewares/ST/STM32_USB_Device_Library/Core/Src/usbd_core.c ****   if (epnum == 0U)
 543              		.loc 1 334 3 view .LVU149
 544              		.loc 1 334 6 is_stmt 0 view .LVU150
 545 0004 0D46     		mov	r5, r1
 546 0006 29BB     		cbnz	r1, .L37
 547 0008 1346     		mov	r3, r2
 335:Middlewares/ST/STM32_USB_Device_Library/Core/Src/usbd_core.c ****   {
 336:Middlewares/ST/STM32_USB_Device_Library/Core/Src/usbd_core.c ****     pep = &pdev->ep_out[0];
 548              		.loc 1 336 5 is_stmt 1 view .LVU151
 549              	.LVL41:
 337:Middlewares/ST/STM32_USB_Device_Library/Core/Src/usbd_core.c **** 
 338:Middlewares/ST/STM32_USB_Device_Library/Core/Src/usbd_core.c ****     if (pdev->ep0_state == USBD_EP0_DATA_OUT)
 550              		.loc 1 338 5 view .LVU152
 551              		.loc 1 338 13 is_stmt 0 view .LVU153
 552 000a D0F89422 		ldr	r2, [r0, #660]
 553              	.LVL42:
 554              		.loc 1 338 8 view .LVU154
 555 000e 032A     		cmp	r2, #3
 556 0010 01D0     		beq	.L45
 557              	.LVL43:
 558              	.L38:
 339:Middlewares/ST/STM32_USB_Device_Library/Core/Src/usbd_core.c ****     {
 340:Middlewares/ST/STM32_USB_Device_Library/Core/Src/usbd_core.c ****       if (pep->rem_length > pep->maxpacket)
 341:Middlewares/ST/STM32_USB_Device_Library/Core/Src/usbd_core.c ****       {
 342:Middlewares/ST/STM32_USB_Device_Library/Core/Src/usbd_core.c ****         pep->rem_length -= pep->maxpacket;
 343:Middlewares/ST/STM32_USB_Device_Library/Core/Src/usbd_core.c **** 
 344:Middlewares/ST/STM32_USB_Device_Library/Core/Src/usbd_core.c ****         (void)USBD_CtlContinueRx(pdev, pdata, MIN(pep->rem_length, pep->maxpacket));
 345:Middlewares/ST/STM32_USB_Device_Library/Core/Src/usbd_core.c ****       }
 346:Middlewares/ST/STM32_USB_Device_Library/Core/Src/usbd_core.c ****       else
 347:Middlewares/ST/STM32_USB_Device_Library/Core/Src/usbd_core.c ****       {
 348:Middlewares/ST/STM32_USB_Device_Library/Core/Src/usbd_core.c ****         if (pdev->dev_state == USBD_STATE_CONFIGURED)
 349:Middlewares/ST/STM32_USB_Device_Library/Core/Src/usbd_core.c ****         {
 350:Middlewares/ST/STM32_USB_Device_Library/Core/Src/usbd_core.c ****           if (pdev->pClass->EP0_RxReady != NULL)
 351:Middlewares/ST/STM32_USB_Device_Library/Core/Src/usbd_core.c ****           {
 352:Middlewares/ST/STM32_USB_Device_Library/Core/Src/usbd_core.c ****             pdev->pClass->EP0_RxReady(pdev);
 353:Middlewares/ST/STM32_USB_Device_Library/Core/Src/usbd_core.c ****           }
 354:Middlewares/ST/STM32_USB_Device_Library/Core/Src/usbd_core.c ****         }
 355:Middlewares/ST/STM32_USB_Device_Library/Core/Src/usbd_core.c **** 
 356:Middlewares/ST/STM32_USB_Device_Library/Core/Src/usbd_core.c ****         (void)USBD_CtlSendStatus(pdev);
 357:Middlewares/ST/STM32_USB_Device_Library/Core/Src/usbd_core.c ****       }
 358:Middlewares/ST/STM32_USB_Device_Library/Core/Src/usbd_core.c ****     }
ARM GAS  /tmp/ccMARigi.s 			page 17


 359:Middlewares/ST/STM32_USB_Device_Library/Core/Src/usbd_core.c ****     else
 360:Middlewares/ST/STM32_USB_Device_Library/Core/Src/usbd_core.c ****     {
 361:Middlewares/ST/STM32_USB_Device_Library/Core/Src/usbd_core.c **** #if 0
 362:Middlewares/ST/STM32_USB_Device_Library/Core/Src/usbd_core.c ****       if (pdev->ep0_state == USBD_EP0_STATUS_OUT)
 363:Middlewares/ST/STM32_USB_Device_Library/Core/Src/usbd_core.c ****       {
 364:Middlewares/ST/STM32_USB_Device_Library/Core/Src/usbd_core.c ****         /*
 365:Middlewares/ST/STM32_USB_Device_Library/Core/Src/usbd_core.c ****           * STATUS PHASE completed, update ep0_state to idle
 366:Middlewares/ST/STM32_USB_Device_Library/Core/Src/usbd_core.c ****           */
 367:Middlewares/ST/STM32_USB_Device_Library/Core/Src/usbd_core.c ****         pdev->ep0_state = USBD_EP0_IDLE;
 368:Middlewares/ST/STM32_USB_Device_Library/Core/Src/usbd_core.c ****         (void)USBD_LL_StallEP(pdev, 0U);
 369:Middlewares/ST/STM32_USB_Device_Library/Core/Src/usbd_core.c ****       }
 370:Middlewares/ST/STM32_USB_Device_Library/Core/Src/usbd_core.c **** #endif
 371:Middlewares/ST/STM32_USB_Device_Library/Core/Src/usbd_core.c ****     }
 372:Middlewares/ST/STM32_USB_Device_Library/Core/Src/usbd_core.c ****   }
 373:Middlewares/ST/STM32_USB_Device_Library/Core/Src/usbd_core.c ****   else
 374:Middlewares/ST/STM32_USB_Device_Library/Core/Src/usbd_core.c ****   {
 375:Middlewares/ST/STM32_USB_Device_Library/Core/Src/usbd_core.c ****     if (pdev->dev_state == USBD_STATE_CONFIGURED)
 376:Middlewares/ST/STM32_USB_Device_Library/Core/Src/usbd_core.c ****     {
 377:Middlewares/ST/STM32_USB_Device_Library/Core/Src/usbd_core.c ****       if (pdev->pClass->DataOut != NULL)
 378:Middlewares/ST/STM32_USB_Device_Library/Core/Src/usbd_core.c ****       {
 379:Middlewares/ST/STM32_USB_Device_Library/Core/Src/usbd_core.c ****         ret = (USBD_StatusTypeDef)pdev->pClass->DataOut(pdev, epnum);
 380:Middlewares/ST/STM32_USB_Device_Library/Core/Src/usbd_core.c **** 
 381:Middlewares/ST/STM32_USB_Device_Library/Core/Src/usbd_core.c ****         if (ret != USBD_OK)
 382:Middlewares/ST/STM32_USB_Device_Library/Core/Src/usbd_core.c ****         {
 383:Middlewares/ST/STM32_USB_Device_Library/Core/Src/usbd_core.c ****           return ret;
 384:Middlewares/ST/STM32_USB_Device_Library/Core/Src/usbd_core.c ****         }
 385:Middlewares/ST/STM32_USB_Device_Library/Core/Src/usbd_core.c ****       }
 386:Middlewares/ST/STM32_USB_Device_Library/Core/Src/usbd_core.c ****     }
 387:Middlewares/ST/STM32_USB_Device_Library/Core/Src/usbd_core.c ****   }
 388:Middlewares/ST/STM32_USB_Device_Library/Core/Src/usbd_core.c **** 
 389:Middlewares/ST/STM32_USB_Device_Library/Core/Src/usbd_core.c ****   return USBD_OK;
 559              		.loc 1 389 10 view .LVU155
 560 0012 2846     		mov	r0, r5
 561              	.LVL44:
 562              	.L41:
 390:Middlewares/ST/STM32_USB_Device_Library/Core/Src/usbd_core.c **** }
 563              		.loc 1 390 1 view .LVU156
 564 0014 38BD     		pop	{r3, r4, r5, pc}
 565              	.LVL45:
 566              	.L45:
 340:Middlewares/ST/STM32_USB_Device_Library/Core/Src/usbd_core.c ****       {
 567              		.loc 1 340 7 is_stmt 1 view .LVU157
 340:Middlewares/ST/STM32_USB_Device_Library/Core/Src/usbd_core.c ****       {
 568              		.loc 1 340 14 is_stmt 0 view .LVU158
 569 0016 D0F85C11 		ldr	r1, [r0, #348]
 570              	.LVL46:
 340:Middlewares/ST/STM32_USB_Device_Library/Core/Src/usbd_core.c ****       {
 571              		.loc 1 340 32 view .LVU159
 572 001a D0F86021 		ldr	r2, [r0, #352]
 340:Middlewares/ST/STM32_USB_Device_Library/Core/Src/usbd_core.c ****       {
 573              		.loc 1 340 10 view .LVU160
 574 001e 9142     		cmp	r1, r2
 575 0020 07D8     		bhi	.L46
 348:Middlewares/ST/STM32_USB_Device_Library/Core/Src/usbd_core.c ****         {
 576              		.loc 1 348 9 is_stmt 1 view .LVU161
 348:Middlewares/ST/STM32_USB_Device_Library/Core/Src/usbd_core.c ****         {
 577              		.loc 1 348 17 is_stmt 0 view .LVU162
ARM GAS  /tmp/ccMARigi.s 			page 18


 578 0022 90F89C32 		ldrb	r3, [r0, #668]	@ zero_extendqisi2
 579              	.LVL47:
 348:Middlewares/ST/STM32_USB_Device_Library/Core/Src/usbd_core.c ****         {
 580              		.loc 1 348 12 view .LVU163
 581 0026 032B     		cmp	r3, #3
 582 0028 0DD0     		beq	.L47
 583              	.LVL48:
 584              	.L40:
 356:Middlewares/ST/STM32_USB_Device_Library/Core/Src/usbd_core.c ****       }
 585              		.loc 1 356 9 is_stmt 1 view .LVU164
 356:Middlewares/ST/STM32_USB_Device_Library/Core/Src/usbd_core.c ****       }
 586              		.loc 1 356 15 is_stmt 0 view .LVU165
 587 002a 2046     		mov	r0, r4
 588 002c FFF7FEFF 		bl	USBD_CtlSendStatus
 589              	.LVL49:
 590 0030 EFE7     		b	.L38
 591              	.LVL50:
 592              	.L46:
 342:Middlewares/ST/STM32_USB_Device_Library/Core/Src/usbd_core.c **** 
 593              		.loc 1 342 9 is_stmt 1 view .LVU166
 342:Middlewares/ST/STM32_USB_Device_Library/Core/Src/usbd_core.c **** 
 594              		.loc 1 342 25 is_stmt 0 view .LVU167
 595 0032 891A     		subs	r1, r1, r2
 596 0034 C0F85C11 		str	r1, [r0, #348]
 344:Middlewares/ST/STM32_USB_Device_Library/Core/Src/usbd_core.c ****       }
 597              		.loc 1 344 9 is_stmt 1 view .LVU168
 344:Middlewares/ST/STM32_USB_Device_Library/Core/Src/usbd_core.c ****       }
 598              		.loc 1 344 15 is_stmt 0 view .LVU169
 599 0038 8A42     		cmp	r2, r1
 600 003a 28BF     		it	cs
 601 003c 0A46     		movcs	r2, r1
 602 003e 1946     		mov	r1, r3
 603 0040 FFF7FEFF 		bl	USBD_CtlContinueRx
 604              	.LVL51:
 344:Middlewares/ST/STM32_USB_Device_Library/Core/Src/usbd_core.c ****       }
 605              		.loc 1 344 15 view .LVU170
 606 0044 E5E7     		b	.L38
 607              	.LVL52:
 608              	.L47:
 350:Middlewares/ST/STM32_USB_Device_Library/Core/Src/usbd_core.c ****           {
 609              		.loc 1 350 11 is_stmt 1 view .LVU171
 350:Middlewares/ST/STM32_USB_Device_Library/Core/Src/usbd_core.c ****           {
 610              		.loc 1 350 19 is_stmt 0 view .LVU172
 611 0046 D0F8B832 		ldr	r3, [r0, #696]
 350:Middlewares/ST/STM32_USB_Device_Library/Core/Src/usbd_core.c ****           {
 612              		.loc 1 350 27 view .LVU173
 613 004a 1B69     		ldr	r3, [r3, #16]
 350:Middlewares/ST/STM32_USB_Device_Library/Core/Src/usbd_core.c ****           {
 614              		.loc 1 350 14 view .LVU174
 615 004c 002B     		cmp	r3, #0
 616 004e ECD0     		beq	.L40
 352:Middlewares/ST/STM32_USB_Device_Library/Core/Src/usbd_core.c ****           }
 617              		.loc 1 352 13 is_stmt 1 view .LVU175
 618 0050 9847     		blx	r3
 619              	.LVL53:
 352:Middlewares/ST/STM32_USB_Device_Library/Core/Src/usbd_core.c ****           }
 620              		.loc 1 352 13 is_stmt 0 view .LVU176
ARM GAS  /tmp/ccMARigi.s 			page 19


 621 0052 EAE7     		b	.L40
 622              	.LVL54:
 623              	.L37:
 375:Middlewares/ST/STM32_USB_Device_Library/Core/Src/usbd_core.c ****     {
 624              		.loc 1 375 5 is_stmt 1 view .LVU177
 375:Middlewares/ST/STM32_USB_Device_Library/Core/Src/usbd_core.c ****     {
 625              		.loc 1 375 13 is_stmt 0 view .LVU178
 626 0054 90F89C32 		ldrb	r3, [r0, #668]	@ zero_extendqisi2
 375:Middlewares/ST/STM32_USB_Device_Library/Core/Src/usbd_core.c ****     {
 627              		.loc 1 375 8 view .LVU179
 628 0058 032B     		cmp	r3, #3
 629 005a 01D0     		beq	.L42
 630              	.L43:
 389:Middlewares/ST/STM32_USB_Device_Library/Core/Src/usbd_core.c **** }
 631              		.loc 1 389 10 view .LVU180
 632 005c 0020     		movs	r0, #0
 633              	.LVL55:
 389:Middlewares/ST/STM32_USB_Device_Library/Core/Src/usbd_core.c **** }
 634              		.loc 1 389 10 view .LVU181
 635 005e D9E7     		b	.L41
 636              	.LVL56:
 637              	.L42:
 377:Middlewares/ST/STM32_USB_Device_Library/Core/Src/usbd_core.c ****       {
 638              		.loc 1 377 7 is_stmt 1 view .LVU182
 377:Middlewares/ST/STM32_USB_Device_Library/Core/Src/usbd_core.c ****       {
 639              		.loc 1 377 15 is_stmt 0 view .LVU183
 640 0060 D0F8B832 		ldr	r3, [r0, #696]
 377:Middlewares/ST/STM32_USB_Device_Library/Core/Src/usbd_core.c ****       {
 641              		.loc 1 377 23 view .LVU184
 642 0064 9B69     		ldr	r3, [r3, #24]
 377:Middlewares/ST/STM32_USB_Device_Library/Core/Src/usbd_core.c ****       {
 643              		.loc 1 377 10 view .LVU185
 644 0066 002B     		cmp	r3, #0
 645 0068 F8D0     		beq	.L43
 379:Middlewares/ST/STM32_USB_Device_Library/Core/Src/usbd_core.c **** 
 646              		.loc 1 379 9 is_stmt 1 view .LVU186
 379:Middlewares/ST/STM32_USB_Device_Library/Core/Src/usbd_core.c **** 
 647              		.loc 1 379 35 is_stmt 0 view .LVU187
 648 006a 9847     		blx	r3
 649              	.LVL57:
 381:Middlewares/ST/STM32_USB_Device_Library/Core/Src/usbd_core.c ****         {
 650              		.loc 1 381 9 is_stmt 1 view .LVU188
 651 006c D2E7     		b	.L41
 652              		.cfi_endproc
 653              	.LFE342:
 655              		.section	.text.USBD_LL_DataInStage,"ax",%progbits
 656              		.align	1
 657              		.global	USBD_LL_DataInStage
 658              		.syntax unified
 659              		.thumb
 660              		.thumb_func
 662              	USBD_LL_DataInStage:
 663              	.LVL58:
 664              	.LFB343:
 391:Middlewares/ST/STM32_USB_Device_Library/Core/Src/usbd_core.c **** 
 392:Middlewares/ST/STM32_USB_Device_Library/Core/Src/usbd_core.c **** /**
 393:Middlewares/ST/STM32_USB_Device_Library/Core/Src/usbd_core.c ****   * @brief  USBD_LL_DataInStage
ARM GAS  /tmp/ccMARigi.s 			page 20


 394:Middlewares/ST/STM32_USB_Device_Library/Core/Src/usbd_core.c ****   *         Handle data in stage
 395:Middlewares/ST/STM32_USB_Device_Library/Core/Src/usbd_core.c ****   * @param  pdev: device instance
 396:Middlewares/ST/STM32_USB_Device_Library/Core/Src/usbd_core.c ****   * @param  epnum: endpoint index
 397:Middlewares/ST/STM32_USB_Device_Library/Core/Src/usbd_core.c ****   * @retval status
 398:Middlewares/ST/STM32_USB_Device_Library/Core/Src/usbd_core.c ****   */
 399:Middlewares/ST/STM32_USB_Device_Library/Core/Src/usbd_core.c **** USBD_StatusTypeDef USBD_LL_DataInStage(USBD_HandleTypeDef *pdev,
 400:Middlewares/ST/STM32_USB_Device_Library/Core/Src/usbd_core.c ****                                        uint8_t epnum, uint8_t *pdata)
 401:Middlewares/ST/STM32_USB_Device_Library/Core/Src/usbd_core.c **** {
 665              		.loc 1 401 1 view -0
 666              		.cfi_startproc
 667              		@ args = 0, pretend = 0, frame = 0
 668              		@ frame_needed = 0, uses_anonymous_args = 0
 669              		.loc 1 401 1 is_stmt 0 view .LVU190
 670 0000 38B5     		push	{r3, r4, r5, lr}
 671              	.LCFI13:
 672              		.cfi_def_cfa_offset 16
 673              		.cfi_offset 3, -16
 674              		.cfi_offset 4, -12
 675              		.cfi_offset 5, -8
 676              		.cfi_offset 14, -4
 677 0002 0446     		mov	r4, r0
 402:Middlewares/ST/STM32_USB_Device_Library/Core/Src/usbd_core.c ****   USBD_EndpointTypeDef *pep;
 678              		.loc 1 402 3 is_stmt 1 view .LVU191
 403:Middlewares/ST/STM32_USB_Device_Library/Core/Src/usbd_core.c ****   USBD_StatusTypeDef ret;
 679              		.loc 1 403 3 view .LVU192
 404:Middlewares/ST/STM32_USB_Device_Library/Core/Src/usbd_core.c **** 
 405:Middlewares/ST/STM32_USB_Device_Library/Core/Src/usbd_core.c ****   if (epnum == 0U)
 680              		.loc 1 405 3 view .LVU193
 681              		.loc 1 405 6 is_stmt 0 view .LVU194
 682 0004 0D46     		mov	r5, r1
 683 0006 0029     		cmp	r1, #0
 684 0008 47D1     		bne	.L49
 685 000a 1346     		mov	r3, r2
 406:Middlewares/ST/STM32_USB_Device_Library/Core/Src/usbd_core.c ****   {
 407:Middlewares/ST/STM32_USB_Device_Library/Core/Src/usbd_core.c ****     pep = &pdev->ep_in[0];
 686              		.loc 1 407 5 is_stmt 1 view .LVU195
 687              	.LVL59:
 408:Middlewares/ST/STM32_USB_Device_Library/Core/Src/usbd_core.c **** 
 409:Middlewares/ST/STM32_USB_Device_Library/Core/Src/usbd_core.c ****     if (pdev->ep0_state == USBD_EP0_DATA_IN)
 688              		.loc 1 409 5 view .LVU196
 689              		.loc 1 409 13 is_stmt 0 view .LVU197
 690 000c D0F89422 		ldr	r2, [r0, #660]
 691              	.LVL60:
 692              		.loc 1 409 8 view .LVU198
 693 0010 022A     		cmp	r2, #2
 694 0012 05D0     		beq	.L59
 695              	.LVL61:
 696              	.L50:
 410:Middlewares/ST/STM32_USB_Device_Library/Core/Src/usbd_core.c ****     {
 411:Middlewares/ST/STM32_USB_Device_Library/Core/Src/usbd_core.c ****       if (pep->rem_length > pep->maxpacket)
 412:Middlewares/ST/STM32_USB_Device_Library/Core/Src/usbd_core.c ****       {
 413:Middlewares/ST/STM32_USB_Device_Library/Core/Src/usbd_core.c ****         pep->rem_length -= pep->maxpacket;
 414:Middlewares/ST/STM32_USB_Device_Library/Core/Src/usbd_core.c **** 
 415:Middlewares/ST/STM32_USB_Device_Library/Core/Src/usbd_core.c ****         (void)USBD_CtlContinueSendData(pdev, pdata, pep->rem_length);
 416:Middlewares/ST/STM32_USB_Device_Library/Core/Src/usbd_core.c **** 
 417:Middlewares/ST/STM32_USB_Device_Library/Core/Src/usbd_core.c ****         /* Prepare endpoint for premature end of transfer */
 418:Middlewares/ST/STM32_USB_Device_Library/Core/Src/usbd_core.c ****         (void)USBD_LL_PrepareReceive(pdev, 0U, NULL, 0U);
ARM GAS  /tmp/ccMARigi.s 			page 21


 419:Middlewares/ST/STM32_USB_Device_Library/Core/Src/usbd_core.c ****       }
 420:Middlewares/ST/STM32_USB_Device_Library/Core/Src/usbd_core.c ****       else
 421:Middlewares/ST/STM32_USB_Device_Library/Core/Src/usbd_core.c ****       {
 422:Middlewares/ST/STM32_USB_Device_Library/Core/Src/usbd_core.c ****         /* last packet is MPS multiple, so send ZLP packet */
 423:Middlewares/ST/STM32_USB_Device_Library/Core/Src/usbd_core.c ****         if ((pep->maxpacket == pep->rem_length) &&
 424:Middlewares/ST/STM32_USB_Device_Library/Core/Src/usbd_core.c ****             (pep->total_length >= pep->maxpacket) &&
 425:Middlewares/ST/STM32_USB_Device_Library/Core/Src/usbd_core.c ****             (pep->total_length < pdev->ep0_data_len))
 426:Middlewares/ST/STM32_USB_Device_Library/Core/Src/usbd_core.c ****         {
 427:Middlewares/ST/STM32_USB_Device_Library/Core/Src/usbd_core.c ****           (void)USBD_CtlContinueSendData(pdev, NULL, 0U);
 428:Middlewares/ST/STM32_USB_Device_Library/Core/Src/usbd_core.c ****           pdev->ep0_data_len = 0U;
 429:Middlewares/ST/STM32_USB_Device_Library/Core/Src/usbd_core.c **** 
 430:Middlewares/ST/STM32_USB_Device_Library/Core/Src/usbd_core.c ****           /* Prepare endpoint for premature end of transfer */
 431:Middlewares/ST/STM32_USB_Device_Library/Core/Src/usbd_core.c ****           (void)USBD_LL_PrepareReceive(pdev, 0U, NULL, 0U);
 432:Middlewares/ST/STM32_USB_Device_Library/Core/Src/usbd_core.c ****         }
 433:Middlewares/ST/STM32_USB_Device_Library/Core/Src/usbd_core.c ****         else
 434:Middlewares/ST/STM32_USB_Device_Library/Core/Src/usbd_core.c ****         {
 435:Middlewares/ST/STM32_USB_Device_Library/Core/Src/usbd_core.c ****           if (pdev->dev_state == USBD_STATE_CONFIGURED)
 436:Middlewares/ST/STM32_USB_Device_Library/Core/Src/usbd_core.c ****           {
 437:Middlewares/ST/STM32_USB_Device_Library/Core/Src/usbd_core.c ****             if (pdev->pClass->EP0_TxSent != NULL)
 438:Middlewares/ST/STM32_USB_Device_Library/Core/Src/usbd_core.c ****             {
 439:Middlewares/ST/STM32_USB_Device_Library/Core/Src/usbd_core.c ****               pdev->pClass->EP0_TxSent(pdev);
 440:Middlewares/ST/STM32_USB_Device_Library/Core/Src/usbd_core.c ****             }
 441:Middlewares/ST/STM32_USB_Device_Library/Core/Src/usbd_core.c ****           }
 442:Middlewares/ST/STM32_USB_Device_Library/Core/Src/usbd_core.c ****           (void)USBD_LL_StallEP(pdev, 0x80U);
 443:Middlewares/ST/STM32_USB_Device_Library/Core/Src/usbd_core.c ****           (void)USBD_CtlReceiveStatus(pdev);
 444:Middlewares/ST/STM32_USB_Device_Library/Core/Src/usbd_core.c ****         }
 445:Middlewares/ST/STM32_USB_Device_Library/Core/Src/usbd_core.c ****       }
 446:Middlewares/ST/STM32_USB_Device_Library/Core/Src/usbd_core.c ****     }
 447:Middlewares/ST/STM32_USB_Device_Library/Core/Src/usbd_core.c ****     else
 448:Middlewares/ST/STM32_USB_Device_Library/Core/Src/usbd_core.c ****     {
 449:Middlewares/ST/STM32_USB_Device_Library/Core/Src/usbd_core.c **** #if 0
 450:Middlewares/ST/STM32_USB_Device_Library/Core/Src/usbd_core.c ****       if ((pdev->ep0_state == USBD_EP0_STATUS_IN) ||
 451:Middlewares/ST/STM32_USB_Device_Library/Core/Src/usbd_core.c ****           (pdev->ep0_state == USBD_EP0_IDLE))
 452:Middlewares/ST/STM32_USB_Device_Library/Core/Src/usbd_core.c ****       {
 453:Middlewares/ST/STM32_USB_Device_Library/Core/Src/usbd_core.c ****         (void)USBD_LL_StallEP(pdev, 0x80U);
 454:Middlewares/ST/STM32_USB_Device_Library/Core/Src/usbd_core.c ****       }
 455:Middlewares/ST/STM32_USB_Device_Library/Core/Src/usbd_core.c **** #endif
 456:Middlewares/ST/STM32_USB_Device_Library/Core/Src/usbd_core.c ****     }
 697              		.loc 1 456 5 is_stmt 1 view .LVU199
 457:Middlewares/ST/STM32_USB_Device_Library/Core/Src/usbd_core.c **** 
 458:Middlewares/ST/STM32_USB_Device_Library/Core/Src/usbd_core.c ****     if (pdev->dev_test_mode == 1U)
 698              		.loc 1 458 5 view .LVU200
 699              		.loc 1 458 13 is_stmt 0 view .LVU201
 700 0014 94F8A032 		ldrb	r3, [r4, #672]	@ zero_extendqisi2
 701              		.loc 1 458 8 view .LVU202
 702 0018 012B     		cmp	r3, #1
 703 001a 3AD0     		beq	.L60
 704              	.L54:
 459:Middlewares/ST/STM32_USB_Device_Library/Core/Src/usbd_core.c ****     {
 460:Middlewares/ST/STM32_USB_Device_Library/Core/Src/usbd_core.c ****       (void)USBD_RunTestMode(pdev);
 461:Middlewares/ST/STM32_USB_Device_Library/Core/Src/usbd_core.c ****       pdev->dev_test_mode = 0U;
 462:Middlewares/ST/STM32_USB_Device_Library/Core/Src/usbd_core.c ****     }
 463:Middlewares/ST/STM32_USB_Device_Library/Core/Src/usbd_core.c ****   }
 464:Middlewares/ST/STM32_USB_Device_Library/Core/Src/usbd_core.c ****   else
 465:Middlewares/ST/STM32_USB_Device_Library/Core/Src/usbd_core.c ****   {
 466:Middlewares/ST/STM32_USB_Device_Library/Core/Src/usbd_core.c ****     if (pdev->dev_state == USBD_STATE_CONFIGURED)
 467:Middlewares/ST/STM32_USB_Device_Library/Core/Src/usbd_core.c ****     {
ARM GAS  /tmp/ccMARigi.s 			page 22


 468:Middlewares/ST/STM32_USB_Device_Library/Core/Src/usbd_core.c ****       if (pdev->pClass->DataIn != NULL)
 469:Middlewares/ST/STM32_USB_Device_Library/Core/Src/usbd_core.c ****       {
 470:Middlewares/ST/STM32_USB_Device_Library/Core/Src/usbd_core.c ****         ret = (USBD_StatusTypeDef)pdev->pClass->DataIn(pdev, epnum);
 471:Middlewares/ST/STM32_USB_Device_Library/Core/Src/usbd_core.c **** 
 472:Middlewares/ST/STM32_USB_Device_Library/Core/Src/usbd_core.c ****         if (ret != USBD_OK)
 473:Middlewares/ST/STM32_USB_Device_Library/Core/Src/usbd_core.c ****         {
 474:Middlewares/ST/STM32_USB_Device_Library/Core/Src/usbd_core.c ****           return ret;
 475:Middlewares/ST/STM32_USB_Device_Library/Core/Src/usbd_core.c ****         }
 476:Middlewares/ST/STM32_USB_Device_Library/Core/Src/usbd_core.c ****       }
 477:Middlewares/ST/STM32_USB_Device_Library/Core/Src/usbd_core.c ****     }
 478:Middlewares/ST/STM32_USB_Device_Library/Core/Src/usbd_core.c ****   }
 479:Middlewares/ST/STM32_USB_Device_Library/Core/Src/usbd_core.c **** 
 480:Middlewares/ST/STM32_USB_Device_Library/Core/Src/usbd_core.c ****   return USBD_OK;
 705              		.loc 1 480 10 view .LVU203
 706 001c 2846     		mov	r0, r5
 707              	.LVL62:
 708              	.L55:
 481:Middlewares/ST/STM32_USB_Device_Library/Core/Src/usbd_core.c **** }
 709              		.loc 1 481 1 view .LVU204
 710 001e 38BD     		pop	{r3, r4, r5, pc}
 711              	.LVL63:
 712              	.L59:
 411:Middlewares/ST/STM32_USB_Device_Library/Core/Src/usbd_core.c ****       {
 713              		.loc 1 411 7 is_stmt 1 view .LVU205
 411:Middlewares/ST/STM32_USB_Device_Library/Core/Src/usbd_core.c ****       {
 714              		.loc 1 411 14 is_stmt 0 view .LVU206
 715 0020 C269     		ldr	r2, [r0, #28]
 411:Middlewares/ST/STM32_USB_Device_Library/Core/Src/usbd_core.c ****       {
 716              		.loc 1 411 32 view .LVU207
 717 0022 016A     		ldr	r1, [r0, #32]
 718              	.LVL64:
 411:Middlewares/ST/STM32_USB_Device_Library/Core/Src/usbd_core.c ****       {
 719              		.loc 1 411 10 view .LVU208
 720 0024 8A42     		cmp	r2, r1
 721 0026 0CD8     		bhi	.L61
 423:Middlewares/ST/STM32_USB_Device_Library/Core/Src/usbd_core.c ****             (pep->total_length >= pep->maxpacket) &&
 722              		.loc 1 423 9 is_stmt 1 view .LVU209
 423:Middlewares/ST/STM32_USB_Device_Library/Core/Src/usbd_core.c ****             (pep->total_length >= pep->maxpacket) &&
 723              		.loc 1 423 12 is_stmt 0 view .LVU210
 724 0028 17D0     		beq	.L62
 725              	.LVL65:
 726              	.L52:
 435:Middlewares/ST/STM32_USB_Device_Library/Core/Src/usbd_core.c ****           {
 727              		.loc 1 435 11 is_stmt 1 view .LVU211
 435:Middlewares/ST/STM32_USB_Device_Library/Core/Src/usbd_core.c ****           {
 728              		.loc 1 435 19 is_stmt 0 view .LVU212
 729 002a 94F89C32 		ldrb	r3, [r4, #668]	@ zero_extendqisi2
 435:Middlewares/ST/STM32_USB_Device_Library/Core/Src/usbd_core.c ****           {
 730              		.loc 1 435 14 view .LVU213
 731 002e 032B     		cmp	r3, #3
 732 0030 27D0     		beq	.L63
 733              	.LVL66:
 734              	.L53:
 442:Middlewares/ST/STM32_USB_Device_Library/Core/Src/usbd_core.c ****           (void)USBD_CtlReceiveStatus(pdev);
 735              		.loc 1 442 11 is_stmt 1 view .LVU214
 442:Middlewares/ST/STM32_USB_Device_Library/Core/Src/usbd_core.c ****           (void)USBD_CtlReceiveStatus(pdev);
 736              		.loc 1 442 17 is_stmt 0 view .LVU215
ARM GAS  /tmp/ccMARigi.s 			page 23


 737 0032 8021     		movs	r1, #128
 738 0034 2046     		mov	r0, r4
 739 0036 FFF7FEFF 		bl	USBD_LL_StallEP
 740              	.LVL67:
 443:Middlewares/ST/STM32_USB_Device_Library/Core/Src/usbd_core.c ****         }
 741              		.loc 1 443 11 is_stmt 1 view .LVU216
 443:Middlewares/ST/STM32_USB_Device_Library/Core/Src/usbd_core.c ****         }
 742              		.loc 1 443 17 is_stmt 0 view .LVU217
 743 003a 2046     		mov	r0, r4
 744 003c FFF7FEFF 		bl	USBD_CtlReceiveStatus
 745              	.LVL68:
 746 0040 E8E7     		b	.L50
 747              	.LVL69:
 748              	.L61:
 413:Middlewares/ST/STM32_USB_Device_Library/Core/Src/usbd_core.c **** 
 749              		.loc 1 413 9 is_stmt 1 view .LVU218
 413:Middlewares/ST/STM32_USB_Device_Library/Core/Src/usbd_core.c **** 
 750              		.loc 1 413 25 is_stmt 0 view .LVU219
 751 0042 521A     		subs	r2, r2, r1
 752 0044 C261     		str	r2, [r0, #28]
 415:Middlewares/ST/STM32_USB_Device_Library/Core/Src/usbd_core.c **** 
 753              		.loc 1 415 9 is_stmt 1 view .LVU220
 415:Middlewares/ST/STM32_USB_Device_Library/Core/Src/usbd_core.c **** 
 754              		.loc 1 415 15 is_stmt 0 view .LVU221
 755 0046 1946     		mov	r1, r3
 756 0048 FFF7FEFF 		bl	USBD_CtlContinueSendData
 757              	.LVL70:
 418:Middlewares/ST/STM32_USB_Device_Library/Core/Src/usbd_core.c ****       }
 758              		.loc 1 418 9 is_stmt 1 view .LVU222
 418:Middlewares/ST/STM32_USB_Device_Library/Core/Src/usbd_core.c ****       }
 759              		.loc 1 418 15 is_stmt 0 view .LVU223
 760 004c 0023     		movs	r3, #0
 761 004e 1A46     		mov	r2, r3
 762 0050 1946     		mov	r1, r3
 763 0052 2046     		mov	r0, r4
 764 0054 FFF7FEFF 		bl	USBD_LL_PrepareReceive
 765              	.LVL71:
 766 0058 DCE7     		b	.L50
 767              	.LVL72:
 768              	.L62:
 424:Middlewares/ST/STM32_USB_Device_Library/Core/Src/usbd_core.c ****             (pep->total_length < pdev->ep0_data_len))
 769              		.loc 1 424 17 view .LVU224
 770 005a 8369     		ldr	r3, [r0, #24]
 771              	.LVL73:
 423:Middlewares/ST/STM32_USB_Device_Library/Core/Src/usbd_core.c ****             (pep->total_length >= pep->maxpacket) &&
 772              		.loc 1 423 49 discriminator 1 view .LVU225
 773 005c 9942     		cmp	r1, r3
 774 005e E4D8     		bhi	.L52
 425:Middlewares/ST/STM32_USB_Device_Library/Core/Src/usbd_core.c ****         {
 775              		.loc 1 425 38 view .LVU226
 776 0060 D0F89822 		ldr	r2, [r0, #664]
 424:Middlewares/ST/STM32_USB_Device_Library/Core/Src/usbd_core.c ****             (pep->total_length < pdev->ep0_data_len))
 777              		.loc 1 424 51 discriminator 1 view .LVU227
 778 0064 9342     		cmp	r3, r2
 779 0066 E0D2     		bcs	.L52
 427:Middlewares/ST/STM32_USB_Device_Library/Core/Src/usbd_core.c ****           pdev->ep0_data_len = 0U;
 780              		.loc 1 427 11 is_stmt 1 view .LVU228
ARM GAS  /tmp/ccMARigi.s 			page 24


 427:Middlewares/ST/STM32_USB_Device_Library/Core/Src/usbd_core.c ****           pdev->ep0_data_len = 0U;
 781              		.loc 1 427 17 is_stmt 0 view .LVU229
 782 0068 0022     		movs	r2, #0
 783 006a 1146     		mov	r1, r2
 784 006c FFF7FEFF 		bl	USBD_CtlContinueSendData
 785              	.LVL74:
 428:Middlewares/ST/STM32_USB_Device_Library/Core/Src/usbd_core.c **** 
 786              		.loc 1 428 11 is_stmt 1 view .LVU230
 428:Middlewares/ST/STM32_USB_Device_Library/Core/Src/usbd_core.c **** 
 787              		.loc 1 428 30 is_stmt 0 view .LVU231
 788 0070 0021     		movs	r1, #0
 789 0072 C4F89812 		str	r1, [r4, #664]
 431:Middlewares/ST/STM32_USB_Device_Library/Core/Src/usbd_core.c ****         }
 790              		.loc 1 431 11 is_stmt 1 view .LVU232
 431:Middlewares/ST/STM32_USB_Device_Library/Core/Src/usbd_core.c ****         }
 791              		.loc 1 431 17 is_stmt 0 view .LVU233
 792 0076 0B46     		mov	r3, r1
 793 0078 0A46     		mov	r2, r1
 794 007a 2046     		mov	r0, r4
 795 007c FFF7FEFF 		bl	USBD_LL_PrepareReceive
 796              	.LVL75:
 431:Middlewares/ST/STM32_USB_Device_Library/Core/Src/usbd_core.c ****         }
 797              		.loc 1 431 11 discriminator 1 view .LVU234
 798 0080 C8E7     		b	.L50
 799              	.LVL76:
 800              	.L63:
 437:Middlewares/ST/STM32_USB_Device_Library/Core/Src/usbd_core.c ****             {
 801              		.loc 1 437 13 is_stmt 1 view .LVU235
 437:Middlewares/ST/STM32_USB_Device_Library/Core/Src/usbd_core.c ****             {
 802              		.loc 1 437 21 is_stmt 0 view .LVU236
 803 0082 D4F8B832 		ldr	r3, [r4, #696]
 437:Middlewares/ST/STM32_USB_Device_Library/Core/Src/usbd_core.c ****             {
 804              		.loc 1 437 29 view .LVU237
 805 0086 DB68     		ldr	r3, [r3, #12]
 437:Middlewares/ST/STM32_USB_Device_Library/Core/Src/usbd_core.c ****             {
 806              		.loc 1 437 16 view .LVU238
 807 0088 002B     		cmp	r3, #0
 808 008a D2D0     		beq	.L53
 439:Middlewares/ST/STM32_USB_Device_Library/Core/Src/usbd_core.c ****             }
 809              		.loc 1 439 15 is_stmt 1 view .LVU239
 810 008c 2046     		mov	r0, r4
 811              	.LVL77:
 439:Middlewares/ST/STM32_USB_Device_Library/Core/Src/usbd_core.c ****             }
 812              		.loc 1 439 15 is_stmt 0 view .LVU240
 813 008e 9847     		blx	r3
 814              	.LVL78:
 815 0090 CFE7     		b	.L53
 816              	.L60:
 460:Middlewares/ST/STM32_USB_Device_Library/Core/Src/usbd_core.c ****       pdev->dev_test_mode = 0U;
 817              		.loc 1 460 7 is_stmt 1 view .LVU241
 461:Middlewares/ST/STM32_USB_Device_Library/Core/Src/usbd_core.c ****     }
 818              		.loc 1 461 7 view .LVU242
 461:Middlewares/ST/STM32_USB_Device_Library/Core/Src/usbd_core.c ****     }
 819              		.loc 1 461 27 is_stmt 0 view .LVU243
 820 0092 0023     		movs	r3, #0
 821 0094 84F8A032 		strb	r3, [r4, #672]
 822 0098 C0E7     		b	.L54
ARM GAS  /tmp/ccMARigi.s 			page 25


 823              	.LVL79:
 824              	.L49:
 466:Middlewares/ST/STM32_USB_Device_Library/Core/Src/usbd_core.c ****     {
 825              		.loc 1 466 5 is_stmt 1 view .LVU244
 466:Middlewares/ST/STM32_USB_Device_Library/Core/Src/usbd_core.c ****     {
 826              		.loc 1 466 13 is_stmt 0 view .LVU245
 827 009a 90F89C32 		ldrb	r3, [r0, #668]	@ zero_extendqisi2
 466:Middlewares/ST/STM32_USB_Device_Library/Core/Src/usbd_core.c ****     {
 828              		.loc 1 466 8 view .LVU246
 829 009e 032B     		cmp	r3, #3
 830 00a0 01D0     		beq	.L56
 831              	.L57:
 480:Middlewares/ST/STM32_USB_Device_Library/Core/Src/usbd_core.c **** }
 832              		.loc 1 480 10 view .LVU247
 833 00a2 0020     		movs	r0, #0
 834              	.LVL80:
 480:Middlewares/ST/STM32_USB_Device_Library/Core/Src/usbd_core.c **** }
 835              		.loc 1 480 10 view .LVU248
 836 00a4 BBE7     		b	.L55
 837              	.LVL81:
 838              	.L56:
 468:Middlewares/ST/STM32_USB_Device_Library/Core/Src/usbd_core.c ****       {
 839              		.loc 1 468 7 is_stmt 1 view .LVU249
 468:Middlewares/ST/STM32_USB_Device_Library/Core/Src/usbd_core.c ****       {
 840              		.loc 1 468 15 is_stmt 0 view .LVU250
 841 00a6 D0F8B832 		ldr	r3, [r0, #696]
 468:Middlewares/ST/STM32_USB_Device_Library/Core/Src/usbd_core.c ****       {
 842              		.loc 1 468 23 view .LVU251
 843 00aa 5B69     		ldr	r3, [r3, #20]
 468:Middlewares/ST/STM32_USB_Device_Library/Core/Src/usbd_core.c ****       {
 844              		.loc 1 468 10 view .LVU252
 845 00ac 002B     		cmp	r3, #0
 846 00ae F8D0     		beq	.L57
 470:Middlewares/ST/STM32_USB_Device_Library/Core/Src/usbd_core.c **** 
 847              		.loc 1 470 9 is_stmt 1 view .LVU253
 470:Middlewares/ST/STM32_USB_Device_Library/Core/Src/usbd_core.c **** 
 848              		.loc 1 470 35 is_stmt 0 view .LVU254
 849 00b0 9847     		blx	r3
 850              	.LVL82:
 472:Middlewares/ST/STM32_USB_Device_Library/Core/Src/usbd_core.c ****         {
 851              		.loc 1 472 9 is_stmt 1 view .LVU255
 852 00b2 B4E7     		b	.L55
 853              		.cfi_endproc
 854              	.LFE343:
 856              		.section	.text.USBD_LL_Reset,"ax",%progbits
 857              		.align	1
 858              		.global	USBD_LL_Reset
 859              		.syntax unified
 860              		.thumb
 861              		.thumb_func
 863              	USBD_LL_Reset:
 864              	.LVL83:
 865              	.LFB344:
 482:Middlewares/ST/STM32_USB_Device_Library/Core/Src/usbd_core.c **** 
 483:Middlewares/ST/STM32_USB_Device_Library/Core/Src/usbd_core.c **** /**
 484:Middlewares/ST/STM32_USB_Device_Library/Core/Src/usbd_core.c ****   * @brief  USBD_LL_Reset
 485:Middlewares/ST/STM32_USB_Device_Library/Core/Src/usbd_core.c ****   *         Handle Reset event
ARM GAS  /tmp/ccMARigi.s 			page 26


 486:Middlewares/ST/STM32_USB_Device_Library/Core/Src/usbd_core.c ****   * @param  pdev: device instance
 487:Middlewares/ST/STM32_USB_Device_Library/Core/Src/usbd_core.c ****   * @retval status
 488:Middlewares/ST/STM32_USB_Device_Library/Core/Src/usbd_core.c ****   */
 489:Middlewares/ST/STM32_USB_Device_Library/Core/Src/usbd_core.c **** 
 490:Middlewares/ST/STM32_USB_Device_Library/Core/Src/usbd_core.c **** USBD_StatusTypeDef USBD_LL_Reset(USBD_HandleTypeDef *pdev)
 491:Middlewares/ST/STM32_USB_Device_Library/Core/Src/usbd_core.c **** {
 866              		.loc 1 491 1 view -0
 867              		.cfi_startproc
 868              		@ args = 0, pretend = 0, frame = 0
 869              		@ frame_needed = 0, uses_anonymous_args = 0
 492:Middlewares/ST/STM32_USB_Device_Library/Core/Src/usbd_core.c ****   /* Upon Reset call user call back */
 493:Middlewares/ST/STM32_USB_Device_Library/Core/Src/usbd_core.c ****   pdev->dev_state = USBD_STATE_DEFAULT;
 870              		.loc 1 493 3 view .LVU257
 871              		.loc 1 493 19 is_stmt 0 view .LVU258
 872 0000 0123     		movs	r3, #1
 873 0002 80F89C32 		strb	r3, [r0, #668]
 494:Middlewares/ST/STM32_USB_Device_Library/Core/Src/usbd_core.c ****   pdev->ep0_state = USBD_EP0_IDLE;
 874              		.loc 1 494 3 is_stmt 1 view .LVU259
 875              		.loc 1 494 19 is_stmt 0 view .LVU260
 876 0006 0023     		movs	r3, #0
 877 0008 C0F89432 		str	r3, [r0, #660]
 495:Middlewares/ST/STM32_USB_Device_Library/Core/Src/usbd_core.c ****   pdev->dev_config = 0U;
 878              		.loc 1 495 3 is_stmt 1 view .LVU261
 879              		.loc 1 495 20 is_stmt 0 view .LVU262
 880 000c 4360     		str	r3, [r0, #4]
 496:Middlewares/ST/STM32_USB_Device_Library/Core/Src/usbd_core.c ****   pdev->dev_remote_wakeup = 0U;
 881              		.loc 1 496 3 is_stmt 1 view .LVU263
 882              		.loc 1 496 27 is_stmt 0 view .LVU264
 883 000e C0F8A432 		str	r3, [r0, #676]
 497:Middlewares/ST/STM32_USB_Device_Library/Core/Src/usbd_core.c **** 
 498:Middlewares/ST/STM32_USB_Device_Library/Core/Src/usbd_core.c ****   if (pdev->pClass == NULL)
 884              		.loc 1 498 3 is_stmt 1 view .LVU265
 885              		.loc 1 498 11 is_stmt 0 view .LVU266
 886 0012 D0F8B832 		ldr	r3, [r0, #696]
 887              		.loc 1 498 6 view .LVU267
 888 0016 F3B1     		cbz	r3, .L67
 491:Middlewares/ST/STM32_USB_Device_Library/Core/Src/usbd_core.c ****   /* Upon Reset call user call back */
 889              		.loc 1 491 1 view .LVU268
 890 0018 70B5     		push	{r4, r5, r6, lr}
 891              	.LCFI14:
 892              		.cfi_def_cfa_offset 16
 893              		.cfi_offset 4, -16
 894              		.cfi_offset 5, -12
 895              		.cfi_offset 6, -8
 896              		.cfi_offset 14, -4
 897 001a 0446     		mov	r4, r0
 499:Middlewares/ST/STM32_USB_Device_Library/Core/Src/usbd_core.c ****   {
 500:Middlewares/ST/STM32_USB_Device_Library/Core/Src/usbd_core.c ****     return USBD_FAIL;
 501:Middlewares/ST/STM32_USB_Device_Library/Core/Src/usbd_core.c ****   }
 502:Middlewares/ST/STM32_USB_Device_Library/Core/Src/usbd_core.c **** 
 503:Middlewares/ST/STM32_USB_Device_Library/Core/Src/usbd_core.c ****   if (pdev->pClassData != NULL)
 898              		.loc 1 503 3 is_stmt 1 view .LVU269
 899              		.loc 1 503 11 is_stmt 0 view .LVU270
 900 001c D0F8BC22 		ldr	r2, [r0, #700]
 901              		.loc 1 503 6 view .LVU271
 902 0020 1AB1     		cbz	r2, .L66
 504:Middlewares/ST/STM32_USB_Device_Library/Core/Src/usbd_core.c ****   {
ARM GAS  /tmp/ccMARigi.s 			page 27


 505:Middlewares/ST/STM32_USB_Device_Library/Core/Src/usbd_core.c ****     if (pdev->pClass->DeInit != NULL)
 903              		.loc 1 505 5 is_stmt 1 view .LVU272
 904              		.loc 1 505 21 is_stmt 0 view .LVU273
 905 0022 5B68     		ldr	r3, [r3, #4]
 906              		.loc 1 505 8 view .LVU274
 907 0024 0BB1     		cbz	r3, .L66
 506:Middlewares/ST/STM32_USB_Device_Library/Core/Src/usbd_core.c ****     {
 507:Middlewares/ST/STM32_USB_Device_Library/Core/Src/usbd_core.c ****       (void)pdev->pClass->DeInit(pdev, (uint8_t)pdev->dev_config);
 908              		.loc 1 507 7 is_stmt 1 view .LVU275
 909              		.loc 1 507 13 is_stmt 0 view .LVU276
 910 0026 0021     		movs	r1, #0
 911 0028 9847     		blx	r3
 912              	.LVL84:
 913              	.L66:
 508:Middlewares/ST/STM32_USB_Device_Library/Core/Src/usbd_core.c ****     }
 509:Middlewares/ST/STM32_USB_Device_Library/Core/Src/usbd_core.c ****   }
 510:Middlewares/ST/STM32_USB_Device_Library/Core/Src/usbd_core.c **** 
 511:Middlewares/ST/STM32_USB_Device_Library/Core/Src/usbd_core.c ****   /* Open EP0 OUT */
 512:Middlewares/ST/STM32_USB_Device_Library/Core/Src/usbd_core.c ****   (void)USBD_LL_OpenEP(pdev, 0x00U, USBD_EP_TYPE_CTRL, USB_MAX_EP0_SIZE);
 914              		.loc 1 512 3 is_stmt 1 view .LVU277
 915              		.loc 1 512 9 is_stmt 0 view .LVU278
 916 002a 4023     		movs	r3, #64
 917 002c 0022     		movs	r2, #0
 918 002e 1146     		mov	r1, r2
 919 0030 2046     		mov	r0, r4
 920 0032 FFF7FEFF 		bl	USBD_LL_OpenEP
 921              	.LVL85:
 513:Middlewares/ST/STM32_USB_Device_Library/Core/Src/usbd_core.c ****   pdev->ep_out[0x00U & 0xFU].is_used = 1U;
 922              		.loc 1 513 3 is_stmt 1 view .LVU279
 923              		.loc 1 513 38 is_stmt 0 view .LVU280
 924 0036 0126     		movs	r6, #1
 925 0038 A4F86461 		strh	r6, [r4, #356]	@ movhi
 514:Middlewares/ST/STM32_USB_Device_Library/Core/Src/usbd_core.c **** 
 515:Middlewares/ST/STM32_USB_Device_Library/Core/Src/usbd_core.c ****   pdev->ep_out[0].maxpacket = USB_MAX_EP0_SIZE;
 926              		.loc 1 515 3 is_stmt 1 view .LVU281
 927              		.loc 1 515 29 is_stmt 0 view .LVU282
 928 003c 4025     		movs	r5, #64
 929 003e C4F86051 		str	r5, [r4, #352]
 516:Middlewares/ST/STM32_USB_Device_Library/Core/Src/usbd_core.c **** 
 517:Middlewares/ST/STM32_USB_Device_Library/Core/Src/usbd_core.c ****   /* Open EP0 IN */
 518:Middlewares/ST/STM32_USB_Device_Library/Core/Src/usbd_core.c ****   (void)USBD_LL_OpenEP(pdev, 0x80U, USBD_EP_TYPE_CTRL, USB_MAX_EP0_SIZE);
 930              		.loc 1 518 3 is_stmt 1 view .LVU283
 931              		.loc 1 518 9 is_stmt 0 view .LVU284
 932 0042 2B46     		mov	r3, r5
 933 0044 0022     		movs	r2, #0
 934 0046 8021     		movs	r1, #128
 935 0048 2046     		mov	r0, r4
 936 004a FFF7FEFF 		bl	USBD_LL_OpenEP
 937              	.LVL86:
 519:Middlewares/ST/STM32_USB_Device_Library/Core/Src/usbd_core.c ****   pdev->ep_in[0x80U & 0xFU].is_used = 1U;
 938              		.loc 1 519 3 is_stmt 1 view .LVU285
 939              		.loc 1 519 37 is_stmt 0 view .LVU286
 940 004e A684     		strh	r6, [r4, #36]	@ movhi
 520:Middlewares/ST/STM32_USB_Device_Library/Core/Src/usbd_core.c **** 
 521:Middlewares/ST/STM32_USB_Device_Library/Core/Src/usbd_core.c ****   pdev->ep_in[0].maxpacket = USB_MAX_EP0_SIZE;
 941              		.loc 1 521 3 is_stmt 1 view .LVU287
 942              		.loc 1 521 28 is_stmt 0 view .LVU288
ARM GAS  /tmp/ccMARigi.s 			page 28


 943 0050 2562     		str	r5, [r4, #32]
 522:Middlewares/ST/STM32_USB_Device_Library/Core/Src/usbd_core.c **** 
 523:Middlewares/ST/STM32_USB_Device_Library/Core/Src/usbd_core.c ****   return USBD_OK;
 944              		.loc 1 523 3 is_stmt 1 view .LVU289
 945              		.loc 1 523 10 is_stmt 0 view .LVU290
 946 0052 0020     		movs	r0, #0
 524:Middlewares/ST/STM32_USB_Device_Library/Core/Src/usbd_core.c **** }
 947              		.loc 1 524 1 view .LVU291
 948 0054 70BD     		pop	{r4, r5, r6, pc}
 949              	.LVL87:
 950              	.L67:
 951              	.LCFI15:
 952              		.cfi_def_cfa_offset 0
 953              		.cfi_restore 4
 954              		.cfi_restore 5
 955              		.cfi_restore 6
 956              		.cfi_restore 14
 500:Middlewares/ST/STM32_USB_Device_Library/Core/Src/usbd_core.c ****   }
 957              		.loc 1 500 12 view .LVU292
 958 0056 0320     		movs	r0, #3
 959              	.LVL88:
 960              		.loc 1 524 1 view .LVU293
 961 0058 7047     		bx	lr
 962              		.cfi_endproc
 963              	.LFE344:
 965              		.section	.text.USBD_LL_SetSpeed,"ax",%progbits
 966              		.align	1
 967              		.global	USBD_LL_SetSpeed
 968              		.syntax unified
 969              		.thumb
 970              		.thumb_func
 972              	USBD_LL_SetSpeed:
 973              	.LVL89:
 974              	.LFB345:
 525:Middlewares/ST/STM32_USB_Device_Library/Core/Src/usbd_core.c **** 
 526:Middlewares/ST/STM32_USB_Device_Library/Core/Src/usbd_core.c **** /**
 527:Middlewares/ST/STM32_USB_Device_Library/Core/Src/usbd_core.c ****   * @brief  USBD_LL_SetSpeed
 528:Middlewares/ST/STM32_USB_Device_Library/Core/Src/usbd_core.c ****   *         Handle Reset event
 529:Middlewares/ST/STM32_USB_Device_Library/Core/Src/usbd_core.c ****   * @param  pdev: device instance
 530:Middlewares/ST/STM32_USB_Device_Library/Core/Src/usbd_core.c ****   * @retval status
 531:Middlewares/ST/STM32_USB_Device_Library/Core/Src/usbd_core.c ****   */
 532:Middlewares/ST/STM32_USB_Device_Library/Core/Src/usbd_core.c **** USBD_StatusTypeDef USBD_LL_SetSpeed(USBD_HandleTypeDef *pdev,
 533:Middlewares/ST/STM32_USB_Device_Library/Core/Src/usbd_core.c ****                                     USBD_SpeedTypeDef speed)
 534:Middlewares/ST/STM32_USB_Device_Library/Core/Src/usbd_core.c **** {
 975              		.loc 1 534 1 is_stmt 1 view -0
 976              		.cfi_startproc
 977              		@ args = 0, pretend = 0, frame = 0
 978              		@ frame_needed = 0, uses_anonymous_args = 0
 979              		@ link register save eliminated.
 535:Middlewares/ST/STM32_USB_Device_Library/Core/Src/usbd_core.c ****   pdev->dev_speed = speed;
 980              		.loc 1 535 3 view .LVU295
 981              		.loc 1 535 19 is_stmt 0 view .LVU296
 982 0000 0174     		strb	r1, [r0, #16]
 536:Middlewares/ST/STM32_USB_Device_Library/Core/Src/usbd_core.c **** 
 537:Middlewares/ST/STM32_USB_Device_Library/Core/Src/usbd_core.c ****   return USBD_OK;
 983              		.loc 1 537 3 is_stmt 1 view .LVU297
 538:Middlewares/ST/STM32_USB_Device_Library/Core/Src/usbd_core.c **** }
ARM GAS  /tmp/ccMARigi.s 			page 29


 984              		.loc 1 538 1 is_stmt 0 view .LVU298
 985 0002 0020     		movs	r0, #0
 986              	.LVL90:
 987              		.loc 1 538 1 view .LVU299
 988 0004 7047     		bx	lr
 989              		.cfi_endproc
 990              	.LFE345:
 992              		.section	.text.USBD_LL_Suspend,"ax",%progbits
 993              		.align	1
 994              		.global	USBD_LL_Suspend
 995              		.syntax unified
 996              		.thumb
 997              		.thumb_func
 999              	USBD_LL_Suspend:
 1000              	.LVL91:
 1001              	.LFB346:
 539:Middlewares/ST/STM32_USB_Device_Library/Core/Src/usbd_core.c **** 
 540:Middlewares/ST/STM32_USB_Device_Library/Core/Src/usbd_core.c **** /**
 541:Middlewares/ST/STM32_USB_Device_Library/Core/Src/usbd_core.c ****   * @brief  USBD_LL_Suspend
 542:Middlewares/ST/STM32_USB_Device_Library/Core/Src/usbd_core.c ****   *         Handle Suspend event
 543:Middlewares/ST/STM32_USB_Device_Library/Core/Src/usbd_core.c ****   * @param  pdev: device instance
 544:Middlewares/ST/STM32_USB_Device_Library/Core/Src/usbd_core.c ****   * @retval status
 545:Middlewares/ST/STM32_USB_Device_Library/Core/Src/usbd_core.c ****   */
 546:Middlewares/ST/STM32_USB_Device_Library/Core/Src/usbd_core.c **** 
 547:Middlewares/ST/STM32_USB_Device_Library/Core/Src/usbd_core.c **** USBD_StatusTypeDef USBD_LL_Suspend(USBD_HandleTypeDef *pdev)
 548:Middlewares/ST/STM32_USB_Device_Library/Core/Src/usbd_core.c **** {
 1002              		.loc 1 548 1 is_stmt 1 view -0
 1003              		.cfi_startproc
 1004              		@ args = 0, pretend = 0, frame = 0
 1005              		@ frame_needed = 0, uses_anonymous_args = 0
 1006              		@ link register save eliminated.
 549:Middlewares/ST/STM32_USB_Device_Library/Core/Src/usbd_core.c ****   pdev->dev_old_state = pdev->dev_state;
 1007              		.loc 1 549 3 view .LVU301
 1008              		.loc 1 549 29 is_stmt 0 view .LVU302
 1009 0000 90F89C32 		ldrb	r3, [r0, #668]	@ zero_extendqisi2
 1010              		.loc 1 549 23 view .LVU303
 1011 0004 80F89D32 		strb	r3, [r0, #669]
 550:Middlewares/ST/STM32_USB_Device_Library/Core/Src/usbd_core.c ****   pdev->dev_state = USBD_STATE_SUSPENDED;
 1012              		.loc 1 550 3 is_stmt 1 view .LVU304
 1013              		.loc 1 550 19 is_stmt 0 view .LVU305
 1014 0008 0423     		movs	r3, #4
 1015 000a 80F89C32 		strb	r3, [r0, #668]
 551:Middlewares/ST/STM32_USB_Device_Library/Core/Src/usbd_core.c **** 
 552:Middlewares/ST/STM32_USB_Device_Library/Core/Src/usbd_core.c ****   return USBD_OK;
 1016              		.loc 1 552 3 is_stmt 1 view .LVU306
 553:Middlewares/ST/STM32_USB_Device_Library/Core/Src/usbd_core.c **** }
 1017              		.loc 1 553 1 is_stmt 0 view .LVU307
 1018 000e 0020     		movs	r0, #0
 1019              	.LVL92:
 1020              		.loc 1 553 1 view .LVU308
 1021 0010 7047     		bx	lr
 1022              		.cfi_endproc
 1023              	.LFE346:
 1025              		.section	.text.USBD_LL_Resume,"ax",%progbits
 1026              		.align	1
 1027              		.global	USBD_LL_Resume
 1028              		.syntax unified
ARM GAS  /tmp/ccMARigi.s 			page 30


 1029              		.thumb
 1030              		.thumb_func
 1032              	USBD_LL_Resume:
 1033              	.LVL93:
 1034              	.LFB347:
 554:Middlewares/ST/STM32_USB_Device_Library/Core/Src/usbd_core.c **** 
 555:Middlewares/ST/STM32_USB_Device_Library/Core/Src/usbd_core.c **** /**
 556:Middlewares/ST/STM32_USB_Device_Library/Core/Src/usbd_core.c ****   * @brief  USBD_LL_Resume
 557:Middlewares/ST/STM32_USB_Device_Library/Core/Src/usbd_core.c ****   *         Handle Resume event
 558:Middlewares/ST/STM32_USB_Device_Library/Core/Src/usbd_core.c ****   * @param  pdev: device instance
 559:Middlewares/ST/STM32_USB_Device_Library/Core/Src/usbd_core.c ****   * @retval status
 560:Middlewares/ST/STM32_USB_Device_Library/Core/Src/usbd_core.c ****   */
 561:Middlewares/ST/STM32_USB_Device_Library/Core/Src/usbd_core.c **** 
 562:Middlewares/ST/STM32_USB_Device_Library/Core/Src/usbd_core.c **** USBD_StatusTypeDef USBD_LL_Resume(USBD_HandleTypeDef *pdev)
 563:Middlewares/ST/STM32_USB_Device_Library/Core/Src/usbd_core.c **** {
 1035              		.loc 1 563 1 is_stmt 1 view -0
 1036              		.cfi_startproc
 1037              		@ args = 0, pretend = 0, frame = 0
 1038              		@ frame_needed = 0, uses_anonymous_args = 0
 1039              		@ link register save eliminated.
 564:Middlewares/ST/STM32_USB_Device_Library/Core/Src/usbd_core.c ****   if (pdev->dev_state == USBD_STATE_SUSPENDED)
 1040              		.loc 1 564 3 view .LVU310
 1041              		.loc 1 564 11 is_stmt 0 view .LVU311
 1042 0000 90F89C32 		ldrb	r3, [r0, #668]	@ zero_extendqisi2
 1043              		.loc 1 564 6 view .LVU312
 1044 0004 042B     		cmp	r3, #4
 1045 0006 01D0     		beq	.L76
 1046              	.L75:
 565:Middlewares/ST/STM32_USB_Device_Library/Core/Src/usbd_core.c ****   {
 566:Middlewares/ST/STM32_USB_Device_Library/Core/Src/usbd_core.c ****     pdev->dev_state = pdev->dev_old_state;
 567:Middlewares/ST/STM32_USB_Device_Library/Core/Src/usbd_core.c ****   }
 568:Middlewares/ST/STM32_USB_Device_Library/Core/Src/usbd_core.c **** 
 569:Middlewares/ST/STM32_USB_Device_Library/Core/Src/usbd_core.c ****   return USBD_OK;
 1047              		.loc 1 569 3 is_stmt 1 view .LVU313
 570:Middlewares/ST/STM32_USB_Device_Library/Core/Src/usbd_core.c **** }
 1048              		.loc 1 570 1 is_stmt 0 view .LVU314
 1049 0008 0020     		movs	r0, #0
 1050              	.LVL94:
 1051              		.loc 1 570 1 view .LVU315
 1052 000a 7047     		bx	lr
 1053              	.LVL95:
 1054              	.L76:
 566:Middlewares/ST/STM32_USB_Device_Library/Core/Src/usbd_core.c ****   }
 1055              		.loc 1 566 5 is_stmt 1 view .LVU316
 566:Middlewares/ST/STM32_USB_Device_Library/Core/Src/usbd_core.c ****   }
 1056              		.loc 1 566 27 is_stmt 0 view .LVU317
 1057 000c 90F89D32 		ldrb	r3, [r0, #669]	@ zero_extendqisi2
 566:Middlewares/ST/STM32_USB_Device_Library/Core/Src/usbd_core.c ****   }
 1058              		.loc 1 566 21 view .LVU318
 1059 0010 80F89C32 		strb	r3, [r0, #668]
 1060 0014 F8E7     		b	.L75
 1061              		.cfi_endproc
 1062              	.LFE347:
 1064              		.section	.text.USBD_LL_SOF,"ax",%progbits
 1065              		.align	1
 1066              		.global	USBD_LL_SOF
 1067              		.syntax unified
ARM GAS  /tmp/ccMARigi.s 			page 31


 1068              		.thumb
 1069              		.thumb_func
 1071              	USBD_LL_SOF:
 1072              	.LVL96:
 1073              	.LFB348:
 571:Middlewares/ST/STM32_USB_Device_Library/Core/Src/usbd_core.c **** 
 572:Middlewares/ST/STM32_USB_Device_Library/Core/Src/usbd_core.c **** /**
 573:Middlewares/ST/STM32_USB_Device_Library/Core/Src/usbd_core.c ****   * @brief  USBD_LL_SOF
 574:Middlewares/ST/STM32_USB_Device_Library/Core/Src/usbd_core.c ****   *         Handle SOF event
 575:Middlewares/ST/STM32_USB_Device_Library/Core/Src/usbd_core.c ****   * @param  pdev: device instance
 576:Middlewares/ST/STM32_USB_Device_Library/Core/Src/usbd_core.c ****   * @retval status
 577:Middlewares/ST/STM32_USB_Device_Library/Core/Src/usbd_core.c ****   */
 578:Middlewares/ST/STM32_USB_Device_Library/Core/Src/usbd_core.c **** 
 579:Middlewares/ST/STM32_USB_Device_Library/Core/Src/usbd_core.c **** USBD_StatusTypeDef USBD_LL_SOF(USBD_HandleTypeDef *pdev)
 580:Middlewares/ST/STM32_USB_Device_Library/Core/Src/usbd_core.c **** {
 1074              		.loc 1 580 1 is_stmt 1 view -0
 1075              		.cfi_startproc
 1076              		@ args = 0, pretend = 0, frame = 0
 1077              		@ frame_needed = 0, uses_anonymous_args = 0
 1078              		.loc 1 580 1 is_stmt 0 view .LVU320
 1079 0000 08B5     		push	{r3, lr}
 1080              	.LCFI16:
 1081              		.cfi_def_cfa_offset 8
 1082              		.cfi_offset 3, -8
 1083              		.cfi_offset 14, -4
 581:Middlewares/ST/STM32_USB_Device_Library/Core/Src/usbd_core.c ****   if (pdev->pClass == NULL)
 1084              		.loc 1 581 3 is_stmt 1 view .LVU321
 1085              		.loc 1 581 11 is_stmt 0 view .LVU322
 1086 0002 D0F8B832 		ldr	r3, [r0, #696]
 1087              		.loc 1 581 6 view .LVU323
 1088 0006 53B1     		cbz	r3, .L81
 582:Middlewares/ST/STM32_USB_Device_Library/Core/Src/usbd_core.c ****   {
 583:Middlewares/ST/STM32_USB_Device_Library/Core/Src/usbd_core.c ****     return USBD_FAIL;
 584:Middlewares/ST/STM32_USB_Device_Library/Core/Src/usbd_core.c ****   }
 585:Middlewares/ST/STM32_USB_Device_Library/Core/Src/usbd_core.c **** 
 586:Middlewares/ST/STM32_USB_Device_Library/Core/Src/usbd_core.c ****   if (pdev->dev_state == USBD_STATE_CONFIGURED)
 1089              		.loc 1 586 3 is_stmt 1 view .LVU324
 1090              		.loc 1 586 11 is_stmt 0 view .LVU325
 1091 0008 90F89C22 		ldrb	r2, [r0, #668]	@ zero_extendqisi2
 1092              		.loc 1 586 6 view .LVU326
 1093 000c 032A     		cmp	r2, #3
 1094 000e 01D0     		beq	.L83
 1095              	.LVL97:
 1096              	.L79:
 587:Middlewares/ST/STM32_USB_Device_Library/Core/Src/usbd_core.c ****   {
 588:Middlewares/ST/STM32_USB_Device_Library/Core/Src/usbd_core.c ****     if (pdev->pClass->SOF != NULL)
 589:Middlewares/ST/STM32_USB_Device_Library/Core/Src/usbd_core.c ****     {
 590:Middlewares/ST/STM32_USB_Device_Library/Core/Src/usbd_core.c ****       (void)pdev->pClass->SOF(pdev);
 591:Middlewares/ST/STM32_USB_Device_Library/Core/Src/usbd_core.c ****     }
 592:Middlewares/ST/STM32_USB_Device_Library/Core/Src/usbd_core.c ****   }
 593:Middlewares/ST/STM32_USB_Device_Library/Core/Src/usbd_core.c **** 
 594:Middlewares/ST/STM32_USB_Device_Library/Core/Src/usbd_core.c ****   return USBD_OK;
 1097              		.loc 1 594 10 view .LVU327
 1098 0010 0020     		movs	r0, #0
 1099              	.L78:
 595:Middlewares/ST/STM32_USB_Device_Library/Core/Src/usbd_core.c **** }
 1100              		.loc 1 595 1 view .LVU328
ARM GAS  /tmp/ccMARigi.s 			page 32


 1101 0012 08BD     		pop	{r3, pc}
 1102              	.LVL98:
 1103              	.L83:
 588:Middlewares/ST/STM32_USB_Device_Library/Core/Src/usbd_core.c ****     {
 1104              		.loc 1 588 5 is_stmt 1 view .LVU329
 588:Middlewares/ST/STM32_USB_Device_Library/Core/Src/usbd_core.c ****     {
 1105              		.loc 1 588 21 is_stmt 0 view .LVU330
 1106 0014 DB69     		ldr	r3, [r3, #28]
 588:Middlewares/ST/STM32_USB_Device_Library/Core/Src/usbd_core.c ****     {
 1107              		.loc 1 588 8 view .LVU331
 1108 0016 002B     		cmp	r3, #0
 1109 0018 FAD0     		beq	.L79
 590:Middlewares/ST/STM32_USB_Device_Library/Core/Src/usbd_core.c ****     }
 1110              		.loc 1 590 7 is_stmt 1 view .LVU332
 590:Middlewares/ST/STM32_USB_Device_Library/Core/Src/usbd_core.c ****     }
 1111              		.loc 1 590 13 is_stmt 0 view .LVU333
 1112 001a 9847     		blx	r3
 1113              	.LVL99:
 590:Middlewares/ST/STM32_USB_Device_Library/Core/Src/usbd_core.c ****     }
 1114              		.loc 1 590 13 view .LVU334
 1115 001c F8E7     		b	.L79
 1116              	.LVL100:
 1117              	.L81:
 583:Middlewares/ST/STM32_USB_Device_Library/Core/Src/usbd_core.c ****   }
 1118              		.loc 1 583 12 view .LVU335
 1119 001e 0320     		movs	r0, #3
 1120              	.LVL101:
 583:Middlewares/ST/STM32_USB_Device_Library/Core/Src/usbd_core.c ****   }
 1121              		.loc 1 583 12 view .LVU336
 1122 0020 F7E7     		b	.L78
 1123              		.cfi_endproc
 1124              	.LFE348:
 1126              		.section	.text.USBD_LL_IsoINIncomplete,"ax",%progbits
 1127              		.align	1
 1128              		.global	USBD_LL_IsoINIncomplete
 1129              		.syntax unified
 1130              		.thumb
 1131              		.thumb_func
 1133              	USBD_LL_IsoINIncomplete:
 1134              	.LVL102:
 1135              	.LFB349:
 596:Middlewares/ST/STM32_USB_Device_Library/Core/Src/usbd_core.c **** 
 597:Middlewares/ST/STM32_USB_Device_Library/Core/Src/usbd_core.c **** /**
 598:Middlewares/ST/STM32_USB_Device_Library/Core/Src/usbd_core.c ****   * @brief  USBD_LL_IsoINIncomplete
 599:Middlewares/ST/STM32_USB_Device_Library/Core/Src/usbd_core.c ****   *         Handle iso in incomplete event
 600:Middlewares/ST/STM32_USB_Device_Library/Core/Src/usbd_core.c ****   * @param  pdev: device instance
 601:Middlewares/ST/STM32_USB_Device_Library/Core/Src/usbd_core.c ****   * @retval status
 602:Middlewares/ST/STM32_USB_Device_Library/Core/Src/usbd_core.c ****   */
 603:Middlewares/ST/STM32_USB_Device_Library/Core/Src/usbd_core.c **** USBD_StatusTypeDef USBD_LL_IsoINIncomplete(USBD_HandleTypeDef *pdev,
 604:Middlewares/ST/STM32_USB_Device_Library/Core/Src/usbd_core.c ****                                            uint8_t epnum)
 605:Middlewares/ST/STM32_USB_Device_Library/Core/Src/usbd_core.c **** {
 1136              		.loc 1 605 1 is_stmt 1 view -0
 1137              		.cfi_startproc
 1138              		@ args = 0, pretend = 0, frame = 0
 1139              		@ frame_needed = 0, uses_anonymous_args = 0
 1140              		.loc 1 605 1 is_stmt 0 view .LVU338
 1141 0000 08B5     		push	{r3, lr}
ARM GAS  /tmp/ccMARigi.s 			page 33


 1142              	.LCFI17:
 1143              		.cfi_def_cfa_offset 8
 1144              		.cfi_offset 3, -8
 1145              		.cfi_offset 14, -4
 606:Middlewares/ST/STM32_USB_Device_Library/Core/Src/usbd_core.c ****   if (pdev->pClass == NULL)
 1146              		.loc 1 606 3 is_stmt 1 view .LVU339
 1147              		.loc 1 606 11 is_stmt 0 view .LVU340
 1148 0002 D0F8B832 		ldr	r3, [r0, #696]
 1149              		.loc 1 606 6 view .LVU341
 1150 0006 53B1     		cbz	r3, .L88
 607:Middlewares/ST/STM32_USB_Device_Library/Core/Src/usbd_core.c ****   {
 608:Middlewares/ST/STM32_USB_Device_Library/Core/Src/usbd_core.c ****     return USBD_FAIL;
 609:Middlewares/ST/STM32_USB_Device_Library/Core/Src/usbd_core.c ****   }
 610:Middlewares/ST/STM32_USB_Device_Library/Core/Src/usbd_core.c **** 
 611:Middlewares/ST/STM32_USB_Device_Library/Core/Src/usbd_core.c ****   if (pdev->dev_state == USBD_STATE_CONFIGURED)
 1151              		.loc 1 611 3 is_stmt 1 view .LVU342
 1152              		.loc 1 611 11 is_stmt 0 view .LVU343
 1153 0008 90F89C22 		ldrb	r2, [r0, #668]	@ zero_extendqisi2
 1154              		.loc 1 611 6 view .LVU344
 1155 000c 032A     		cmp	r2, #3
 1156 000e 01D0     		beq	.L90
 1157              	.LVL103:
 1158              	.L86:
 612:Middlewares/ST/STM32_USB_Device_Library/Core/Src/usbd_core.c ****   {
 613:Middlewares/ST/STM32_USB_Device_Library/Core/Src/usbd_core.c ****     if (pdev->pClass->IsoINIncomplete != NULL)
 614:Middlewares/ST/STM32_USB_Device_Library/Core/Src/usbd_core.c ****     {
 615:Middlewares/ST/STM32_USB_Device_Library/Core/Src/usbd_core.c ****       (void)pdev->pClass->IsoINIncomplete(pdev, epnum);
 616:Middlewares/ST/STM32_USB_Device_Library/Core/Src/usbd_core.c ****     }
 617:Middlewares/ST/STM32_USB_Device_Library/Core/Src/usbd_core.c ****   }
 618:Middlewares/ST/STM32_USB_Device_Library/Core/Src/usbd_core.c **** 
 619:Middlewares/ST/STM32_USB_Device_Library/Core/Src/usbd_core.c ****   return USBD_OK;
 1159              		.loc 1 619 10 view .LVU345
 1160 0010 0020     		movs	r0, #0
 1161              	.L85:
 620:Middlewares/ST/STM32_USB_Device_Library/Core/Src/usbd_core.c **** }
 1162              		.loc 1 620 1 view .LVU346
 1163 0012 08BD     		pop	{r3, pc}
 1164              	.LVL104:
 1165              	.L90:
 613:Middlewares/ST/STM32_USB_Device_Library/Core/Src/usbd_core.c ****     {
 1166              		.loc 1 613 5 is_stmt 1 view .LVU347
 613:Middlewares/ST/STM32_USB_Device_Library/Core/Src/usbd_core.c ****     {
 1167              		.loc 1 613 21 is_stmt 0 view .LVU348
 1168 0014 1B6A     		ldr	r3, [r3, #32]
 613:Middlewares/ST/STM32_USB_Device_Library/Core/Src/usbd_core.c ****     {
 1169              		.loc 1 613 8 view .LVU349
 1170 0016 002B     		cmp	r3, #0
 1171 0018 FAD0     		beq	.L86
 615:Middlewares/ST/STM32_USB_Device_Library/Core/Src/usbd_core.c ****     }
 1172              		.loc 1 615 7 is_stmt 1 view .LVU350
 615:Middlewares/ST/STM32_USB_Device_Library/Core/Src/usbd_core.c ****     }
 1173              		.loc 1 615 13 is_stmt 0 view .LVU351
 1174 001a 9847     		blx	r3
 1175              	.LVL105:
 615:Middlewares/ST/STM32_USB_Device_Library/Core/Src/usbd_core.c ****     }
 1176              		.loc 1 615 13 view .LVU352
 1177 001c F8E7     		b	.L86
ARM GAS  /tmp/ccMARigi.s 			page 34


 1178              	.LVL106:
 1179              	.L88:
 608:Middlewares/ST/STM32_USB_Device_Library/Core/Src/usbd_core.c ****   }
 1180              		.loc 1 608 12 view .LVU353
 1181 001e 0320     		movs	r0, #3
 1182              	.LVL107:
 608:Middlewares/ST/STM32_USB_Device_Library/Core/Src/usbd_core.c ****   }
 1183              		.loc 1 608 12 view .LVU354
 1184 0020 F7E7     		b	.L85
 1185              		.cfi_endproc
 1186              	.LFE349:
 1188              		.section	.text.USBD_LL_IsoOUTIncomplete,"ax",%progbits
 1189              		.align	1
 1190              		.global	USBD_LL_IsoOUTIncomplete
 1191              		.syntax unified
 1192              		.thumb
 1193              		.thumb_func
 1195              	USBD_LL_IsoOUTIncomplete:
 1196              	.LVL108:
 1197              	.LFB350:
 621:Middlewares/ST/STM32_USB_Device_Library/Core/Src/usbd_core.c **** 
 622:Middlewares/ST/STM32_USB_Device_Library/Core/Src/usbd_core.c **** /**
 623:Middlewares/ST/STM32_USB_Device_Library/Core/Src/usbd_core.c ****   * @brief  USBD_LL_IsoOUTIncomplete
 624:Middlewares/ST/STM32_USB_Device_Library/Core/Src/usbd_core.c ****   *         Handle iso out incomplete event
 625:Middlewares/ST/STM32_USB_Device_Library/Core/Src/usbd_core.c ****   * @param  pdev: device instance
 626:Middlewares/ST/STM32_USB_Device_Library/Core/Src/usbd_core.c ****   * @retval status
 627:Middlewares/ST/STM32_USB_Device_Library/Core/Src/usbd_core.c ****   */
 628:Middlewares/ST/STM32_USB_Device_Library/Core/Src/usbd_core.c **** USBD_StatusTypeDef USBD_LL_IsoOUTIncomplete(USBD_HandleTypeDef *pdev,
 629:Middlewares/ST/STM32_USB_Device_Library/Core/Src/usbd_core.c ****                                             uint8_t epnum)
 630:Middlewares/ST/STM32_USB_Device_Library/Core/Src/usbd_core.c **** {
 1198              		.loc 1 630 1 is_stmt 1 view -0
 1199              		.cfi_startproc
 1200              		@ args = 0, pretend = 0, frame = 0
 1201              		@ frame_needed = 0, uses_anonymous_args = 0
 1202              		.loc 1 630 1 is_stmt 0 view .LVU356
 1203 0000 08B5     		push	{r3, lr}
 1204              	.LCFI18:
 1205              		.cfi_def_cfa_offset 8
 1206              		.cfi_offset 3, -8
 1207              		.cfi_offset 14, -4
 631:Middlewares/ST/STM32_USB_Device_Library/Core/Src/usbd_core.c ****   if (pdev->pClass == NULL)
 1208              		.loc 1 631 3 is_stmt 1 view .LVU357
 1209              		.loc 1 631 11 is_stmt 0 view .LVU358
 1210 0002 D0F8B832 		ldr	r3, [r0, #696]
 1211              		.loc 1 631 6 view .LVU359
 1212 0006 53B1     		cbz	r3, .L95
 632:Middlewares/ST/STM32_USB_Device_Library/Core/Src/usbd_core.c ****   {
 633:Middlewares/ST/STM32_USB_Device_Library/Core/Src/usbd_core.c ****     return USBD_FAIL;
 634:Middlewares/ST/STM32_USB_Device_Library/Core/Src/usbd_core.c ****   }
 635:Middlewares/ST/STM32_USB_Device_Library/Core/Src/usbd_core.c **** 
 636:Middlewares/ST/STM32_USB_Device_Library/Core/Src/usbd_core.c ****   if (pdev->dev_state == USBD_STATE_CONFIGURED)
 1213              		.loc 1 636 3 is_stmt 1 view .LVU360
 1214              		.loc 1 636 11 is_stmt 0 view .LVU361
 1215 0008 90F89C22 		ldrb	r2, [r0, #668]	@ zero_extendqisi2
 1216              		.loc 1 636 6 view .LVU362
 1217 000c 032A     		cmp	r2, #3
 1218 000e 01D0     		beq	.L97
ARM GAS  /tmp/ccMARigi.s 			page 35


 1219              	.LVL109:
 1220              	.L93:
 637:Middlewares/ST/STM32_USB_Device_Library/Core/Src/usbd_core.c ****   {
 638:Middlewares/ST/STM32_USB_Device_Library/Core/Src/usbd_core.c ****     if (pdev->pClass->IsoOUTIncomplete != NULL)
 639:Middlewares/ST/STM32_USB_Device_Library/Core/Src/usbd_core.c ****     {
 640:Middlewares/ST/STM32_USB_Device_Library/Core/Src/usbd_core.c ****       (void)pdev->pClass->IsoOUTIncomplete(pdev, epnum);
 641:Middlewares/ST/STM32_USB_Device_Library/Core/Src/usbd_core.c ****     }
 642:Middlewares/ST/STM32_USB_Device_Library/Core/Src/usbd_core.c ****   }
 643:Middlewares/ST/STM32_USB_Device_Library/Core/Src/usbd_core.c **** 
 644:Middlewares/ST/STM32_USB_Device_Library/Core/Src/usbd_core.c ****   return USBD_OK;
 1221              		.loc 1 644 10 view .LVU363
 1222 0010 0020     		movs	r0, #0
 1223              	.L92:
 645:Middlewares/ST/STM32_USB_Device_Library/Core/Src/usbd_core.c **** }
 1224              		.loc 1 645 1 view .LVU364
 1225 0012 08BD     		pop	{r3, pc}
 1226              	.LVL110:
 1227              	.L97:
 638:Middlewares/ST/STM32_USB_Device_Library/Core/Src/usbd_core.c ****     {
 1228              		.loc 1 638 5 is_stmt 1 view .LVU365
 638:Middlewares/ST/STM32_USB_Device_Library/Core/Src/usbd_core.c ****     {
 1229              		.loc 1 638 21 is_stmt 0 view .LVU366
 1230 0014 5B6A     		ldr	r3, [r3, #36]
 638:Middlewares/ST/STM32_USB_Device_Library/Core/Src/usbd_core.c ****     {
 1231              		.loc 1 638 8 view .LVU367
 1232 0016 002B     		cmp	r3, #0
 1233 0018 FAD0     		beq	.L93
 640:Middlewares/ST/STM32_USB_Device_Library/Core/Src/usbd_core.c ****     }
 1234              		.loc 1 640 7 is_stmt 1 view .LVU368
 640:Middlewares/ST/STM32_USB_Device_Library/Core/Src/usbd_core.c ****     }
 1235              		.loc 1 640 13 is_stmt 0 view .LVU369
 1236 001a 9847     		blx	r3
 1237              	.LVL111:
 640:Middlewares/ST/STM32_USB_Device_Library/Core/Src/usbd_core.c ****     }
 1238              		.loc 1 640 13 view .LVU370
 1239 001c F8E7     		b	.L93
 1240              	.LVL112:
 1241              	.L95:
 633:Middlewares/ST/STM32_USB_Device_Library/Core/Src/usbd_core.c ****   }
 1242              		.loc 1 633 12 view .LVU371
 1243 001e 0320     		movs	r0, #3
 1244              	.LVL113:
 633:Middlewares/ST/STM32_USB_Device_Library/Core/Src/usbd_core.c ****   }
 1245              		.loc 1 633 12 view .LVU372
 1246 0020 F7E7     		b	.L92
 1247              		.cfi_endproc
 1248              	.LFE350:
 1250              		.section	.text.USBD_LL_DevConnected,"ax",%progbits
 1251              		.align	1
 1252              		.global	USBD_LL_DevConnected
 1253              		.syntax unified
 1254              		.thumb
 1255              		.thumb_func
 1257              	USBD_LL_DevConnected:
 1258              	.LVL114:
 1259              	.LFB351:
 646:Middlewares/ST/STM32_USB_Device_Library/Core/Src/usbd_core.c **** 
ARM GAS  /tmp/ccMARigi.s 			page 36


 647:Middlewares/ST/STM32_USB_Device_Library/Core/Src/usbd_core.c **** /**
 648:Middlewares/ST/STM32_USB_Device_Library/Core/Src/usbd_core.c ****   * @brief  USBD_LL_DevConnected
 649:Middlewares/ST/STM32_USB_Device_Library/Core/Src/usbd_core.c ****   *         Handle device connection event
 650:Middlewares/ST/STM32_USB_Device_Library/Core/Src/usbd_core.c ****   * @param  pdev: device instance
 651:Middlewares/ST/STM32_USB_Device_Library/Core/Src/usbd_core.c ****   * @retval status
 652:Middlewares/ST/STM32_USB_Device_Library/Core/Src/usbd_core.c ****   */
 653:Middlewares/ST/STM32_USB_Device_Library/Core/Src/usbd_core.c **** USBD_StatusTypeDef USBD_LL_DevConnected(USBD_HandleTypeDef *pdev)
 654:Middlewares/ST/STM32_USB_Device_Library/Core/Src/usbd_core.c **** {
 1260              		.loc 1 654 1 is_stmt 1 view -0
 1261              		.cfi_startproc
 1262              		@ args = 0, pretend = 0, frame = 0
 1263              		@ frame_needed = 0, uses_anonymous_args = 0
 1264              		@ link register save eliminated.
 655:Middlewares/ST/STM32_USB_Device_Library/Core/Src/usbd_core.c ****   /* Prevent unused argument compilation warning */
 656:Middlewares/ST/STM32_USB_Device_Library/Core/Src/usbd_core.c ****   UNUSED(pdev);
 1265              		.loc 1 656 3 view .LVU374
 657:Middlewares/ST/STM32_USB_Device_Library/Core/Src/usbd_core.c **** 
 658:Middlewares/ST/STM32_USB_Device_Library/Core/Src/usbd_core.c ****   return USBD_OK;
 1266              		.loc 1 658 3 view .LVU375
 659:Middlewares/ST/STM32_USB_Device_Library/Core/Src/usbd_core.c **** }
 1267              		.loc 1 659 1 is_stmt 0 view .LVU376
 1268 0000 0020     		movs	r0, #0
 1269              	.LVL115:
 1270              		.loc 1 659 1 view .LVU377
 1271 0002 7047     		bx	lr
 1272              		.cfi_endproc
 1273              	.LFE351:
 1275              		.section	.text.USBD_LL_DevDisconnected,"ax",%progbits
 1276              		.align	1
 1277              		.global	USBD_LL_DevDisconnected
 1278              		.syntax unified
 1279              		.thumb
 1280              		.thumb_func
 1282              	USBD_LL_DevDisconnected:
 1283              	.LVL116:
 1284              	.LFB352:
 660:Middlewares/ST/STM32_USB_Device_Library/Core/Src/usbd_core.c **** 
 661:Middlewares/ST/STM32_USB_Device_Library/Core/Src/usbd_core.c **** /**
 662:Middlewares/ST/STM32_USB_Device_Library/Core/Src/usbd_core.c ****   * @brief  USBD_LL_DevDisconnected
 663:Middlewares/ST/STM32_USB_Device_Library/Core/Src/usbd_core.c ****   *         Handle device disconnection event
 664:Middlewares/ST/STM32_USB_Device_Library/Core/Src/usbd_core.c ****   * @param  pdev: device instance
 665:Middlewares/ST/STM32_USB_Device_Library/Core/Src/usbd_core.c ****   * @retval status
 666:Middlewares/ST/STM32_USB_Device_Library/Core/Src/usbd_core.c ****   */
 667:Middlewares/ST/STM32_USB_Device_Library/Core/Src/usbd_core.c **** USBD_StatusTypeDef USBD_LL_DevDisconnected(USBD_HandleTypeDef *pdev)
 668:Middlewares/ST/STM32_USB_Device_Library/Core/Src/usbd_core.c **** {
 1285              		.loc 1 668 1 is_stmt 1 view -0
 1286              		.cfi_startproc
 1287              		@ args = 0, pretend = 0, frame = 0
 1288              		@ frame_needed = 0, uses_anonymous_args = 0
 1289              		.loc 1 668 1 is_stmt 0 view .LVU379
 1290 0000 08B5     		push	{r3, lr}
 1291              	.LCFI19:
 1292              		.cfi_def_cfa_offset 8
 1293              		.cfi_offset 3, -8
 1294              		.cfi_offset 14, -4
 669:Middlewares/ST/STM32_USB_Device_Library/Core/Src/usbd_core.c ****   /* Free Class Resources */
 670:Middlewares/ST/STM32_USB_Device_Library/Core/Src/usbd_core.c ****   pdev->dev_state = USBD_STATE_DEFAULT;
ARM GAS  /tmp/ccMARigi.s 			page 37


 1295              		.loc 1 670 3 is_stmt 1 view .LVU380
 1296              		.loc 1 670 19 is_stmt 0 view .LVU381
 1297 0002 0123     		movs	r3, #1
 1298 0004 80F89C32 		strb	r3, [r0, #668]
 671:Middlewares/ST/STM32_USB_Device_Library/Core/Src/usbd_core.c **** 
 672:Middlewares/ST/STM32_USB_Device_Library/Core/Src/usbd_core.c ****   if (pdev->pClass != NULL)
 1299              		.loc 1 672 3 is_stmt 1 view .LVU382
 1300              		.loc 1 672 11 is_stmt 0 view .LVU383
 1301 0008 D0F8B832 		ldr	r3, [r0, #696]
 1302              		.loc 1 672 6 view .LVU384
 1303 000c 13B1     		cbz	r3, .L100
 673:Middlewares/ST/STM32_USB_Device_Library/Core/Src/usbd_core.c ****   {
 674:Middlewares/ST/STM32_USB_Device_Library/Core/Src/usbd_core.c ****     (void)pdev->pClass->DeInit(pdev, (uint8_t)pdev->dev_config);
 1304              		.loc 1 674 5 is_stmt 1 view .LVU385
 1305              		.loc 1 674 23 is_stmt 0 view .LVU386
 1306 000e 5B68     		ldr	r3, [r3, #4]
 1307              		.loc 1 674 11 view .LVU387
 1308 0010 0179     		ldrb	r1, [r0, #4]	@ zero_extendqisi2
 1309 0012 9847     		blx	r3
 1310              	.LVL117:
 1311              	.L100:
 675:Middlewares/ST/STM32_USB_Device_Library/Core/Src/usbd_core.c ****   }
 676:Middlewares/ST/STM32_USB_Device_Library/Core/Src/usbd_core.c **** 
 677:Middlewares/ST/STM32_USB_Device_Library/Core/Src/usbd_core.c ****   return USBD_OK;
 1312              		.loc 1 677 3 is_stmt 1 view .LVU388
 678:Middlewares/ST/STM32_USB_Device_Library/Core/Src/usbd_core.c **** }
 1313              		.loc 1 678 1 is_stmt 0 view .LVU389
 1314 0014 0020     		movs	r0, #0
 1315 0016 08BD     		pop	{r3, pc}
 1316              		.cfi_endproc
 1317              	.LFE352:
 1319              		.text
 1320              	.Letext0:
 1321              		.file 2 "/usr/arm-none-eabi/include/machine/_default_types.h"
 1322              		.file 3 "/usr/arm-none-eabi/include/sys/_stdint.h"
 1323              		.file 4 "Middlewares/ST/STM32_USB_Device_Library/Core/Inc/usbd_def.h"
 1324              		.file 5 "Middlewares/ST/STM32_USB_Device_Library/Core/Inc/usbd_core.h"
 1325              		.file 6 "Middlewares/ST/STM32_USB_Device_Library/Core/Inc/usbd_ioreq.h"
 1326              		.file 7 "Middlewares/ST/STM32_USB_Device_Library/Core/Inc/usbd_ctlreq.h"
ARM GAS  /tmp/ccMARigi.s 			page 38


DEFINED SYMBOLS
                            *ABS*:00000000 usbd_core.c
     /tmp/ccMARigi.s:21     .text.USBD_Init:00000000 $t
     /tmp/ccMARigi.s:27     .text.USBD_Init:00000000 USBD_Init
     /tmp/ccMARigi.s:96     .text.USBD_DeInit:00000000 $t
     /tmp/ccMARigi.s:102    .text.USBD_DeInit:00000000 USBD_DeInit
     /tmp/ccMARigi.s:166    .text.USBD_RegisterClass:00000000 $t
     /tmp/ccMARigi.s:172    .text.USBD_RegisterClass:00000000 USBD_RegisterClass
     /tmp/ccMARigi.s:238    .text.USBD_Start:00000000 $t
     /tmp/ccMARigi.s:244    .text.USBD_Start:00000000 USBD_Start
     /tmp/ccMARigi.s:267    .text.USBD_Stop:00000000 $t
     /tmp/ccMARigi.s:273    .text.USBD_Stop:00000000 USBD_Stop
     /tmp/ccMARigi.s:314    .text.USBD_RunTestMode:00000000 $t
     /tmp/ccMARigi.s:320    .text.USBD_RunTestMode:00000000 USBD_RunTestMode
     /tmp/ccMARigi.s:339    .text.USBD_SetClassConfig:00000000 $t
     /tmp/ccMARigi.s:345    .text.USBD_SetClassConfig:00000000 USBD_SetClassConfig
     /tmp/ccMARigi.s:386    .text.USBD_ClrClassConfig:00000000 $t
     /tmp/ccMARigi.s:392    .text.USBD_ClrClassConfig:00000000 USBD_ClrClassConfig
     /tmp/ccMARigi.s:425    .text.USBD_LL_SetupStage:00000000 $t
     /tmp/ccMARigi.s:431    .text.USBD_LL_SetupStage:00000000 USBD_LL_SetupStage
     /tmp/ccMARigi.s:519    .text.USBD_LL_DataOutStage:00000000 $t
     /tmp/ccMARigi.s:525    .text.USBD_LL_DataOutStage:00000000 USBD_LL_DataOutStage
     /tmp/ccMARigi.s:656    .text.USBD_LL_DataInStage:00000000 $t
     /tmp/ccMARigi.s:662    .text.USBD_LL_DataInStage:00000000 USBD_LL_DataInStage
     /tmp/ccMARigi.s:857    .text.USBD_LL_Reset:00000000 $t
     /tmp/ccMARigi.s:863    .text.USBD_LL_Reset:00000000 USBD_LL_Reset
     /tmp/ccMARigi.s:966    .text.USBD_LL_SetSpeed:00000000 $t
     /tmp/ccMARigi.s:972    .text.USBD_LL_SetSpeed:00000000 USBD_LL_SetSpeed
     /tmp/ccMARigi.s:993    .text.USBD_LL_Suspend:00000000 $t
     /tmp/ccMARigi.s:999    .text.USBD_LL_Suspend:00000000 USBD_LL_Suspend
     /tmp/ccMARigi.s:1026   .text.USBD_LL_Resume:00000000 $t
     /tmp/ccMARigi.s:1032   .text.USBD_LL_Resume:00000000 USBD_LL_Resume
     /tmp/ccMARigi.s:1065   .text.USBD_LL_SOF:00000000 $t
     /tmp/ccMARigi.s:1071   .text.USBD_LL_SOF:00000000 USBD_LL_SOF
     /tmp/ccMARigi.s:1127   .text.USBD_LL_IsoINIncomplete:00000000 $t
     /tmp/ccMARigi.s:1133   .text.USBD_LL_IsoINIncomplete:00000000 USBD_LL_IsoINIncomplete
     /tmp/ccMARigi.s:1189   .text.USBD_LL_IsoOUTIncomplete:00000000 $t
     /tmp/ccMARigi.s:1195   .text.USBD_LL_IsoOUTIncomplete:00000000 USBD_LL_IsoOUTIncomplete
     /tmp/ccMARigi.s:1251   .text.USBD_LL_DevConnected:00000000 $t
     /tmp/ccMARigi.s:1257   .text.USBD_LL_DevConnected:00000000 USBD_LL_DevConnected
     /tmp/ccMARigi.s:1276   .text.USBD_LL_DevDisconnected:00000000 $t
     /tmp/ccMARigi.s:1282   .text.USBD_LL_DevDisconnected:00000000 USBD_LL_DevDisconnected

UNDEFINED SYMBOLS
USBD_LL_Init
USBD_LL_Stop
USBD_LL_DeInit
USBD_LL_Start
USBD_ParseSetupRequest
USBD_StdDevReq
USBD_StdItfReq
USBD_StdEPReq
USBD_LL_StallEP
USBD_CtlSendStatus
USBD_CtlContinueRx
USBD_CtlReceiveStatus
USBD_CtlContinueSendData
ARM GAS  /tmp/ccMARigi.s 			page 39


USBD_LL_PrepareReceive
USBD_LL_OpenEP
