ARM GAS  /tmp/ccgfHofL.s 			page 1


   1              		.cpu cortex-m4
   2              		.arch armv7e-m
   3              		.fpu fpv4-sp-d16
   4              		.eabi_attribute 27, 1
   5              		.eabi_attribute 28, 1
   6              		.eabi_attribute 20, 1
   7              		.eabi_attribute 21, 1
   8              		.eabi_attribute 23, 3
   9              		.eabi_attribute 24, 1
  10              		.eabi_attribute 25, 1
  11              		.eabi_attribute 26, 1
  12              		.eabi_attribute 30, 1
  13              		.eabi_attribute 34, 1
  14              		.eabi_attribute 18, 4
  15              		.file	"usbd_ctlreq.c"
  16              		.text
  17              	.Ltext0:
  18              		.cfi_sections	.debug_frame
  19              		.file 1 "Middlewares/ST/STM32_USB_Device_Library/Core/Src/usbd_ctlreq.c"
  20              		.section	.text.USBD_GetLen,"ax",%progbits
  21              		.align	1
  22              		.syntax unified
  23              		.thumb
  24              		.thumb_func
  26              	USBD_GetLen:
  27              	.LVL0:
  28              	.LFB346:
   1:Middlewares/ST/STM32_USB_Device_Library/Core/Src/usbd_ctlreq.c **** /**
   2:Middlewares/ST/STM32_USB_Device_Library/Core/Src/usbd_ctlreq.c ****   ******************************************************************************
   3:Middlewares/ST/STM32_USB_Device_Library/Core/Src/usbd_ctlreq.c ****   * @file    usbd_req.c
   4:Middlewares/ST/STM32_USB_Device_Library/Core/Src/usbd_ctlreq.c ****   * @author  MCD Application Team
   5:Middlewares/ST/STM32_USB_Device_Library/Core/Src/usbd_ctlreq.c ****   * @brief   This file provides the standard USB requests following chapter 9.
   6:Middlewares/ST/STM32_USB_Device_Library/Core/Src/usbd_ctlreq.c ****   ******************************************************************************
   7:Middlewares/ST/STM32_USB_Device_Library/Core/Src/usbd_ctlreq.c ****   * @attention
   8:Middlewares/ST/STM32_USB_Device_Library/Core/Src/usbd_ctlreq.c ****   *
   9:Middlewares/ST/STM32_USB_Device_Library/Core/Src/usbd_ctlreq.c ****   * <h2><center>&copy; Copyright (c) 2015 STMicroelectronics.
  10:Middlewares/ST/STM32_USB_Device_Library/Core/Src/usbd_ctlreq.c ****   * All rights reserved.</center></h2>
  11:Middlewares/ST/STM32_USB_Device_Library/Core/Src/usbd_ctlreq.c ****   *
  12:Middlewares/ST/STM32_USB_Device_Library/Core/Src/usbd_ctlreq.c ****   * This software component is licensed by ST under Ultimate Liberty license
  13:Middlewares/ST/STM32_USB_Device_Library/Core/Src/usbd_ctlreq.c ****   * SLA0044, the "License"; You may not use this file except in compliance with
  14:Middlewares/ST/STM32_USB_Device_Library/Core/Src/usbd_ctlreq.c ****   * the License. You may obtain a copy of the License at:
  15:Middlewares/ST/STM32_USB_Device_Library/Core/Src/usbd_ctlreq.c ****   *                      www.st.com/SLA0044
  16:Middlewares/ST/STM32_USB_Device_Library/Core/Src/usbd_ctlreq.c ****   *
  17:Middlewares/ST/STM32_USB_Device_Library/Core/Src/usbd_ctlreq.c ****   ******************************************************************************
  18:Middlewares/ST/STM32_USB_Device_Library/Core/Src/usbd_ctlreq.c ****   */
  19:Middlewares/ST/STM32_USB_Device_Library/Core/Src/usbd_ctlreq.c **** 
  20:Middlewares/ST/STM32_USB_Device_Library/Core/Src/usbd_ctlreq.c **** /* Includes ------------------------------------------------------------------*/
  21:Middlewares/ST/STM32_USB_Device_Library/Core/Src/usbd_ctlreq.c **** #include "usbd_ctlreq.h"
  22:Middlewares/ST/STM32_USB_Device_Library/Core/Src/usbd_ctlreq.c **** #include "usbd_ioreq.h"
  23:Middlewares/ST/STM32_USB_Device_Library/Core/Src/usbd_ctlreq.c **** 
  24:Middlewares/ST/STM32_USB_Device_Library/Core/Src/usbd_ctlreq.c **** 
  25:Middlewares/ST/STM32_USB_Device_Library/Core/Src/usbd_ctlreq.c **** /** @addtogroup STM32_USBD_STATE_DEVICE_LIBRARY
  26:Middlewares/ST/STM32_USB_Device_Library/Core/Src/usbd_ctlreq.c ****   * @{
  27:Middlewares/ST/STM32_USB_Device_Library/Core/Src/usbd_ctlreq.c ****   */
  28:Middlewares/ST/STM32_USB_Device_Library/Core/Src/usbd_ctlreq.c **** 
  29:Middlewares/ST/STM32_USB_Device_Library/Core/Src/usbd_ctlreq.c **** 
  30:Middlewares/ST/STM32_USB_Device_Library/Core/Src/usbd_ctlreq.c **** /** @defgroup USBD_REQ
ARM GAS  /tmp/ccgfHofL.s 			page 2


  31:Middlewares/ST/STM32_USB_Device_Library/Core/Src/usbd_ctlreq.c ****   * @brief USB standard requests module
  32:Middlewares/ST/STM32_USB_Device_Library/Core/Src/usbd_ctlreq.c ****   * @{
  33:Middlewares/ST/STM32_USB_Device_Library/Core/Src/usbd_ctlreq.c ****   */
  34:Middlewares/ST/STM32_USB_Device_Library/Core/Src/usbd_ctlreq.c **** 
  35:Middlewares/ST/STM32_USB_Device_Library/Core/Src/usbd_ctlreq.c **** /** @defgroup USBD_REQ_Private_TypesDefinitions
  36:Middlewares/ST/STM32_USB_Device_Library/Core/Src/usbd_ctlreq.c ****   * @{
  37:Middlewares/ST/STM32_USB_Device_Library/Core/Src/usbd_ctlreq.c ****   */
  38:Middlewares/ST/STM32_USB_Device_Library/Core/Src/usbd_ctlreq.c **** 
  39:Middlewares/ST/STM32_USB_Device_Library/Core/Src/usbd_ctlreq.c **** /**
  40:Middlewares/ST/STM32_USB_Device_Library/Core/Src/usbd_ctlreq.c ****   * @}
  41:Middlewares/ST/STM32_USB_Device_Library/Core/Src/usbd_ctlreq.c ****   */
  42:Middlewares/ST/STM32_USB_Device_Library/Core/Src/usbd_ctlreq.c **** 
  43:Middlewares/ST/STM32_USB_Device_Library/Core/Src/usbd_ctlreq.c **** 
  44:Middlewares/ST/STM32_USB_Device_Library/Core/Src/usbd_ctlreq.c **** /** @defgroup USBD_REQ_Private_Defines
  45:Middlewares/ST/STM32_USB_Device_Library/Core/Src/usbd_ctlreq.c ****   * @{
  46:Middlewares/ST/STM32_USB_Device_Library/Core/Src/usbd_ctlreq.c ****   */
  47:Middlewares/ST/STM32_USB_Device_Library/Core/Src/usbd_ctlreq.c **** 
  48:Middlewares/ST/STM32_USB_Device_Library/Core/Src/usbd_ctlreq.c **** /**
  49:Middlewares/ST/STM32_USB_Device_Library/Core/Src/usbd_ctlreq.c ****   * @}
  50:Middlewares/ST/STM32_USB_Device_Library/Core/Src/usbd_ctlreq.c ****   */
  51:Middlewares/ST/STM32_USB_Device_Library/Core/Src/usbd_ctlreq.c **** 
  52:Middlewares/ST/STM32_USB_Device_Library/Core/Src/usbd_ctlreq.c **** 
  53:Middlewares/ST/STM32_USB_Device_Library/Core/Src/usbd_ctlreq.c **** /** @defgroup USBD_REQ_Private_Macros
  54:Middlewares/ST/STM32_USB_Device_Library/Core/Src/usbd_ctlreq.c ****   * @{
  55:Middlewares/ST/STM32_USB_Device_Library/Core/Src/usbd_ctlreq.c ****   */
  56:Middlewares/ST/STM32_USB_Device_Library/Core/Src/usbd_ctlreq.c **** 
  57:Middlewares/ST/STM32_USB_Device_Library/Core/Src/usbd_ctlreq.c **** /**
  58:Middlewares/ST/STM32_USB_Device_Library/Core/Src/usbd_ctlreq.c ****   * @}
  59:Middlewares/ST/STM32_USB_Device_Library/Core/Src/usbd_ctlreq.c ****   */
  60:Middlewares/ST/STM32_USB_Device_Library/Core/Src/usbd_ctlreq.c **** 
  61:Middlewares/ST/STM32_USB_Device_Library/Core/Src/usbd_ctlreq.c **** 
  62:Middlewares/ST/STM32_USB_Device_Library/Core/Src/usbd_ctlreq.c **** /** @defgroup USBD_REQ_Private_Variables
  63:Middlewares/ST/STM32_USB_Device_Library/Core/Src/usbd_ctlreq.c ****   * @{
  64:Middlewares/ST/STM32_USB_Device_Library/Core/Src/usbd_ctlreq.c ****   */
  65:Middlewares/ST/STM32_USB_Device_Library/Core/Src/usbd_ctlreq.c **** 
  66:Middlewares/ST/STM32_USB_Device_Library/Core/Src/usbd_ctlreq.c **** /**
  67:Middlewares/ST/STM32_USB_Device_Library/Core/Src/usbd_ctlreq.c ****   * @}
  68:Middlewares/ST/STM32_USB_Device_Library/Core/Src/usbd_ctlreq.c ****   */
  69:Middlewares/ST/STM32_USB_Device_Library/Core/Src/usbd_ctlreq.c **** 
  70:Middlewares/ST/STM32_USB_Device_Library/Core/Src/usbd_ctlreq.c **** 
  71:Middlewares/ST/STM32_USB_Device_Library/Core/Src/usbd_ctlreq.c **** /** @defgroup USBD_REQ_Private_FunctionPrototypes
  72:Middlewares/ST/STM32_USB_Device_Library/Core/Src/usbd_ctlreq.c ****   * @{
  73:Middlewares/ST/STM32_USB_Device_Library/Core/Src/usbd_ctlreq.c ****   */
  74:Middlewares/ST/STM32_USB_Device_Library/Core/Src/usbd_ctlreq.c **** static void USBD_GetDescriptor(USBD_HandleTypeDef *pdev, USBD_SetupReqTypedef *req);
  75:Middlewares/ST/STM32_USB_Device_Library/Core/Src/usbd_ctlreq.c **** static void USBD_SetAddress(USBD_HandleTypeDef *pdev, USBD_SetupReqTypedef *req);
  76:Middlewares/ST/STM32_USB_Device_Library/Core/Src/usbd_ctlreq.c **** static USBD_StatusTypeDef USBD_SetConfig(USBD_HandleTypeDef *pdev, USBD_SetupReqTypedef *req);
  77:Middlewares/ST/STM32_USB_Device_Library/Core/Src/usbd_ctlreq.c **** static void USBD_GetConfig(USBD_HandleTypeDef *pdev, USBD_SetupReqTypedef *req);
  78:Middlewares/ST/STM32_USB_Device_Library/Core/Src/usbd_ctlreq.c **** static void USBD_GetStatus(USBD_HandleTypeDef *pdev, USBD_SetupReqTypedef *req);
  79:Middlewares/ST/STM32_USB_Device_Library/Core/Src/usbd_ctlreq.c **** static void USBD_SetFeature(USBD_HandleTypeDef *pdev, USBD_SetupReqTypedef *req);
  80:Middlewares/ST/STM32_USB_Device_Library/Core/Src/usbd_ctlreq.c **** static void USBD_ClrFeature(USBD_HandleTypeDef *pdev, USBD_SetupReqTypedef *req);
  81:Middlewares/ST/STM32_USB_Device_Library/Core/Src/usbd_ctlreq.c **** static uint8_t USBD_GetLen(uint8_t *buf);
  82:Middlewares/ST/STM32_USB_Device_Library/Core/Src/usbd_ctlreq.c **** 
  83:Middlewares/ST/STM32_USB_Device_Library/Core/Src/usbd_ctlreq.c **** /**
  84:Middlewares/ST/STM32_USB_Device_Library/Core/Src/usbd_ctlreq.c ****   * @}
  85:Middlewares/ST/STM32_USB_Device_Library/Core/Src/usbd_ctlreq.c ****   */
  86:Middlewares/ST/STM32_USB_Device_Library/Core/Src/usbd_ctlreq.c **** 
  87:Middlewares/ST/STM32_USB_Device_Library/Core/Src/usbd_ctlreq.c **** 
ARM GAS  /tmp/ccgfHofL.s 			page 3


  88:Middlewares/ST/STM32_USB_Device_Library/Core/Src/usbd_ctlreq.c **** /** @defgroup USBD_REQ_Private_Functions
  89:Middlewares/ST/STM32_USB_Device_Library/Core/Src/usbd_ctlreq.c ****   * @{
  90:Middlewares/ST/STM32_USB_Device_Library/Core/Src/usbd_ctlreq.c ****   */
  91:Middlewares/ST/STM32_USB_Device_Library/Core/Src/usbd_ctlreq.c **** 
  92:Middlewares/ST/STM32_USB_Device_Library/Core/Src/usbd_ctlreq.c **** 
  93:Middlewares/ST/STM32_USB_Device_Library/Core/Src/usbd_ctlreq.c **** /**
  94:Middlewares/ST/STM32_USB_Device_Library/Core/Src/usbd_ctlreq.c ****   * @brief  USBD_StdDevReq
  95:Middlewares/ST/STM32_USB_Device_Library/Core/Src/usbd_ctlreq.c ****   *         Handle standard usb device requests
  96:Middlewares/ST/STM32_USB_Device_Library/Core/Src/usbd_ctlreq.c ****   * @param  pdev: device instance
  97:Middlewares/ST/STM32_USB_Device_Library/Core/Src/usbd_ctlreq.c ****   * @param  req: usb request
  98:Middlewares/ST/STM32_USB_Device_Library/Core/Src/usbd_ctlreq.c ****   * @retval status
  99:Middlewares/ST/STM32_USB_Device_Library/Core/Src/usbd_ctlreq.c ****   */
 100:Middlewares/ST/STM32_USB_Device_Library/Core/Src/usbd_ctlreq.c **** USBD_StatusTypeDef USBD_StdDevReq(USBD_HandleTypeDef *pdev, USBD_SetupReqTypedef *req)
 101:Middlewares/ST/STM32_USB_Device_Library/Core/Src/usbd_ctlreq.c **** {
 102:Middlewares/ST/STM32_USB_Device_Library/Core/Src/usbd_ctlreq.c ****   USBD_StatusTypeDef ret = USBD_OK;
 103:Middlewares/ST/STM32_USB_Device_Library/Core/Src/usbd_ctlreq.c **** 
 104:Middlewares/ST/STM32_USB_Device_Library/Core/Src/usbd_ctlreq.c ****   switch (req->bmRequest & USB_REQ_TYPE_MASK)
 105:Middlewares/ST/STM32_USB_Device_Library/Core/Src/usbd_ctlreq.c ****   {
 106:Middlewares/ST/STM32_USB_Device_Library/Core/Src/usbd_ctlreq.c ****     case USB_REQ_TYPE_CLASS:
 107:Middlewares/ST/STM32_USB_Device_Library/Core/Src/usbd_ctlreq.c ****     case USB_REQ_TYPE_VENDOR:
 108:Middlewares/ST/STM32_USB_Device_Library/Core/Src/usbd_ctlreq.c ****       ret = (USBD_StatusTypeDef)pdev->pClass->Setup(pdev, req);
 109:Middlewares/ST/STM32_USB_Device_Library/Core/Src/usbd_ctlreq.c ****       break;
 110:Middlewares/ST/STM32_USB_Device_Library/Core/Src/usbd_ctlreq.c **** 
 111:Middlewares/ST/STM32_USB_Device_Library/Core/Src/usbd_ctlreq.c ****     case USB_REQ_TYPE_STANDARD:
 112:Middlewares/ST/STM32_USB_Device_Library/Core/Src/usbd_ctlreq.c ****       switch (req->bRequest)
 113:Middlewares/ST/STM32_USB_Device_Library/Core/Src/usbd_ctlreq.c ****       {
 114:Middlewares/ST/STM32_USB_Device_Library/Core/Src/usbd_ctlreq.c ****         case USB_REQ_GET_DESCRIPTOR:
 115:Middlewares/ST/STM32_USB_Device_Library/Core/Src/usbd_ctlreq.c ****           USBD_GetDescriptor(pdev, req);
 116:Middlewares/ST/STM32_USB_Device_Library/Core/Src/usbd_ctlreq.c ****           break;
 117:Middlewares/ST/STM32_USB_Device_Library/Core/Src/usbd_ctlreq.c **** 
 118:Middlewares/ST/STM32_USB_Device_Library/Core/Src/usbd_ctlreq.c ****         case USB_REQ_SET_ADDRESS:
 119:Middlewares/ST/STM32_USB_Device_Library/Core/Src/usbd_ctlreq.c ****           USBD_SetAddress(pdev, req);
 120:Middlewares/ST/STM32_USB_Device_Library/Core/Src/usbd_ctlreq.c ****           break;
 121:Middlewares/ST/STM32_USB_Device_Library/Core/Src/usbd_ctlreq.c **** 
 122:Middlewares/ST/STM32_USB_Device_Library/Core/Src/usbd_ctlreq.c ****         case USB_REQ_SET_CONFIGURATION:
 123:Middlewares/ST/STM32_USB_Device_Library/Core/Src/usbd_ctlreq.c ****           ret = USBD_SetConfig(pdev, req);
 124:Middlewares/ST/STM32_USB_Device_Library/Core/Src/usbd_ctlreq.c ****           break;
 125:Middlewares/ST/STM32_USB_Device_Library/Core/Src/usbd_ctlreq.c **** 
 126:Middlewares/ST/STM32_USB_Device_Library/Core/Src/usbd_ctlreq.c ****         case USB_REQ_GET_CONFIGURATION:
 127:Middlewares/ST/STM32_USB_Device_Library/Core/Src/usbd_ctlreq.c ****           USBD_GetConfig(pdev, req);
 128:Middlewares/ST/STM32_USB_Device_Library/Core/Src/usbd_ctlreq.c ****           break;
 129:Middlewares/ST/STM32_USB_Device_Library/Core/Src/usbd_ctlreq.c **** 
 130:Middlewares/ST/STM32_USB_Device_Library/Core/Src/usbd_ctlreq.c ****         case USB_REQ_GET_STATUS:
 131:Middlewares/ST/STM32_USB_Device_Library/Core/Src/usbd_ctlreq.c ****           USBD_GetStatus(pdev, req);
 132:Middlewares/ST/STM32_USB_Device_Library/Core/Src/usbd_ctlreq.c ****           break;
 133:Middlewares/ST/STM32_USB_Device_Library/Core/Src/usbd_ctlreq.c **** 
 134:Middlewares/ST/STM32_USB_Device_Library/Core/Src/usbd_ctlreq.c ****         case USB_REQ_SET_FEATURE:
 135:Middlewares/ST/STM32_USB_Device_Library/Core/Src/usbd_ctlreq.c ****           USBD_SetFeature(pdev, req);
 136:Middlewares/ST/STM32_USB_Device_Library/Core/Src/usbd_ctlreq.c ****           break;
 137:Middlewares/ST/STM32_USB_Device_Library/Core/Src/usbd_ctlreq.c **** 
 138:Middlewares/ST/STM32_USB_Device_Library/Core/Src/usbd_ctlreq.c ****         case USB_REQ_CLEAR_FEATURE:
 139:Middlewares/ST/STM32_USB_Device_Library/Core/Src/usbd_ctlreq.c ****           USBD_ClrFeature(pdev, req);
 140:Middlewares/ST/STM32_USB_Device_Library/Core/Src/usbd_ctlreq.c ****           break;
 141:Middlewares/ST/STM32_USB_Device_Library/Core/Src/usbd_ctlreq.c **** 
 142:Middlewares/ST/STM32_USB_Device_Library/Core/Src/usbd_ctlreq.c ****         default:
 143:Middlewares/ST/STM32_USB_Device_Library/Core/Src/usbd_ctlreq.c ****           USBD_CtlError(pdev, req);
 144:Middlewares/ST/STM32_USB_Device_Library/Core/Src/usbd_ctlreq.c ****           break;
ARM GAS  /tmp/ccgfHofL.s 			page 4


 145:Middlewares/ST/STM32_USB_Device_Library/Core/Src/usbd_ctlreq.c ****       }
 146:Middlewares/ST/STM32_USB_Device_Library/Core/Src/usbd_ctlreq.c ****       break;
 147:Middlewares/ST/STM32_USB_Device_Library/Core/Src/usbd_ctlreq.c **** 
 148:Middlewares/ST/STM32_USB_Device_Library/Core/Src/usbd_ctlreq.c ****     default:
 149:Middlewares/ST/STM32_USB_Device_Library/Core/Src/usbd_ctlreq.c ****       USBD_CtlError(pdev, req);
 150:Middlewares/ST/STM32_USB_Device_Library/Core/Src/usbd_ctlreq.c ****       break;
 151:Middlewares/ST/STM32_USB_Device_Library/Core/Src/usbd_ctlreq.c ****   }
 152:Middlewares/ST/STM32_USB_Device_Library/Core/Src/usbd_ctlreq.c **** 
 153:Middlewares/ST/STM32_USB_Device_Library/Core/Src/usbd_ctlreq.c ****   return ret;
 154:Middlewares/ST/STM32_USB_Device_Library/Core/Src/usbd_ctlreq.c **** }
 155:Middlewares/ST/STM32_USB_Device_Library/Core/Src/usbd_ctlreq.c **** 
 156:Middlewares/ST/STM32_USB_Device_Library/Core/Src/usbd_ctlreq.c **** /**
 157:Middlewares/ST/STM32_USB_Device_Library/Core/Src/usbd_ctlreq.c ****   * @brief  USBD_StdItfReq
 158:Middlewares/ST/STM32_USB_Device_Library/Core/Src/usbd_ctlreq.c ****   *         Handle standard usb interface requests
 159:Middlewares/ST/STM32_USB_Device_Library/Core/Src/usbd_ctlreq.c ****   * @param  pdev: device instance
 160:Middlewares/ST/STM32_USB_Device_Library/Core/Src/usbd_ctlreq.c ****   * @param  req: usb request
 161:Middlewares/ST/STM32_USB_Device_Library/Core/Src/usbd_ctlreq.c ****   * @retval status
 162:Middlewares/ST/STM32_USB_Device_Library/Core/Src/usbd_ctlreq.c ****   */
 163:Middlewares/ST/STM32_USB_Device_Library/Core/Src/usbd_ctlreq.c **** USBD_StatusTypeDef USBD_StdItfReq(USBD_HandleTypeDef *pdev, USBD_SetupReqTypedef *req)
 164:Middlewares/ST/STM32_USB_Device_Library/Core/Src/usbd_ctlreq.c **** {
 165:Middlewares/ST/STM32_USB_Device_Library/Core/Src/usbd_ctlreq.c ****   USBD_StatusTypeDef ret = USBD_OK;
 166:Middlewares/ST/STM32_USB_Device_Library/Core/Src/usbd_ctlreq.c **** 
 167:Middlewares/ST/STM32_USB_Device_Library/Core/Src/usbd_ctlreq.c ****   switch (req->bmRequest & USB_REQ_TYPE_MASK)
 168:Middlewares/ST/STM32_USB_Device_Library/Core/Src/usbd_ctlreq.c ****   {
 169:Middlewares/ST/STM32_USB_Device_Library/Core/Src/usbd_ctlreq.c ****     case USB_REQ_TYPE_CLASS:
 170:Middlewares/ST/STM32_USB_Device_Library/Core/Src/usbd_ctlreq.c ****     case USB_REQ_TYPE_VENDOR:
 171:Middlewares/ST/STM32_USB_Device_Library/Core/Src/usbd_ctlreq.c ****     case USB_REQ_TYPE_STANDARD:
 172:Middlewares/ST/STM32_USB_Device_Library/Core/Src/usbd_ctlreq.c ****       switch (pdev->dev_state)
 173:Middlewares/ST/STM32_USB_Device_Library/Core/Src/usbd_ctlreq.c ****       {
 174:Middlewares/ST/STM32_USB_Device_Library/Core/Src/usbd_ctlreq.c ****         case USBD_STATE_DEFAULT:
 175:Middlewares/ST/STM32_USB_Device_Library/Core/Src/usbd_ctlreq.c ****         case USBD_STATE_ADDRESSED:
 176:Middlewares/ST/STM32_USB_Device_Library/Core/Src/usbd_ctlreq.c ****         case USBD_STATE_CONFIGURED:
 177:Middlewares/ST/STM32_USB_Device_Library/Core/Src/usbd_ctlreq.c **** 
 178:Middlewares/ST/STM32_USB_Device_Library/Core/Src/usbd_ctlreq.c ****           if (LOBYTE(req->wIndex) <= USBD_MAX_NUM_INTERFACES)
 179:Middlewares/ST/STM32_USB_Device_Library/Core/Src/usbd_ctlreq.c ****           {
 180:Middlewares/ST/STM32_USB_Device_Library/Core/Src/usbd_ctlreq.c ****             ret = (USBD_StatusTypeDef)pdev->pClass->Setup(pdev, req);
 181:Middlewares/ST/STM32_USB_Device_Library/Core/Src/usbd_ctlreq.c **** 
 182:Middlewares/ST/STM32_USB_Device_Library/Core/Src/usbd_ctlreq.c ****             if ((req->wLength == 0U) && (ret == USBD_OK))
 183:Middlewares/ST/STM32_USB_Device_Library/Core/Src/usbd_ctlreq.c ****             {
 184:Middlewares/ST/STM32_USB_Device_Library/Core/Src/usbd_ctlreq.c ****               (void)USBD_CtlSendStatus(pdev);
 185:Middlewares/ST/STM32_USB_Device_Library/Core/Src/usbd_ctlreq.c ****             }
 186:Middlewares/ST/STM32_USB_Device_Library/Core/Src/usbd_ctlreq.c ****           }
 187:Middlewares/ST/STM32_USB_Device_Library/Core/Src/usbd_ctlreq.c ****           else
 188:Middlewares/ST/STM32_USB_Device_Library/Core/Src/usbd_ctlreq.c ****           {
 189:Middlewares/ST/STM32_USB_Device_Library/Core/Src/usbd_ctlreq.c ****             USBD_CtlError(pdev, req);
 190:Middlewares/ST/STM32_USB_Device_Library/Core/Src/usbd_ctlreq.c ****           }
 191:Middlewares/ST/STM32_USB_Device_Library/Core/Src/usbd_ctlreq.c ****           break;
 192:Middlewares/ST/STM32_USB_Device_Library/Core/Src/usbd_ctlreq.c **** 
 193:Middlewares/ST/STM32_USB_Device_Library/Core/Src/usbd_ctlreq.c ****         default:
 194:Middlewares/ST/STM32_USB_Device_Library/Core/Src/usbd_ctlreq.c ****           USBD_CtlError(pdev, req);
 195:Middlewares/ST/STM32_USB_Device_Library/Core/Src/usbd_ctlreq.c ****           break;
 196:Middlewares/ST/STM32_USB_Device_Library/Core/Src/usbd_ctlreq.c ****       }
 197:Middlewares/ST/STM32_USB_Device_Library/Core/Src/usbd_ctlreq.c ****       break;
 198:Middlewares/ST/STM32_USB_Device_Library/Core/Src/usbd_ctlreq.c **** 
 199:Middlewares/ST/STM32_USB_Device_Library/Core/Src/usbd_ctlreq.c ****     default:
 200:Middlewares/ST/STM32_USB_Device_Library/Core/Src/usbd_ctlreq.c ****       USBD_CtlError(pdev, req);
 201:Middlewares/ST/STM32_USB_Device_Library/Core/Src/usbd_ctlreq.c ****       break;
ARM GAS  /tmp/ccgfHofL.s 			page 5


 202:Middlewares/ST/STM32_USB_Device_Library/Core/Src/usbd_ctlreq.c ****   }
 203:Middlewares/ST/STM32_USB_Device_Library/Core/Src/usbd_ctlreq.c **** 
 204:Middlewares/ST/STM32_USB_Device_Library/Core/Src/usbd_ctlreq.c ****   return ret;
 205:Middlewares/ST/STM32_USB_Device_Library/Core/Src/usbd_ctlreq.c **** }
 206:Middlewares/ST/STM32_USB_Device_Library/Core/Src/usbd_ctlreq.c **** 
 207:Middlewares/ST/STM32_USB_Device_Library/Core/Src/usbd_ctlreq.c **** /**
 208:Middlewares/ST/STM32_USB_Device_Library/Core/Src/usbd_ctlreq.c ****   * @brief  USBD_StdEPReq
 209:Middlewares/ST/STM32_USB_Device_Library/Core/Src/usbd_ctlreq.c ****   *         Handle standard usb endpoint requests
 210:Middlewares/ST/STM32_USB_Device_Library/Core/Src/usbd_ctlreq.c ****   * @param  pdev: device instance
 211:Middlewares/ST/STM32_USB_Device_Library/Core/Src/usbd_ctlreq.c ****   * @param  req: usb request
 212:Middlewares/ST/STM32_USB_Device_Library/Core/Src/usbd_ctlreq.c ****   * @retval status
 213:Middlewares/ST/STM32_USB_Device_Library/Core/Src/usbd_ctlreq.c ****   */
 214:Middlewares/ST/STM32_USB_Device_Library/Core/Src/usbd_ctlreq.c **** USBD_StatusTypeDef USBD_StdEPReq(USBD_HandleTypeDef *pdev, USBD_SetupReqTypedef *req)
 215:Middlewares/ST/STM32_USB_Device_Library/Core/Src/usbd_ctlreq.c **** {
 216:Middlewares/ST/STM32_USB_Device_Library/Core/Src/usbd_ctlreq.c ****   USBD_EndpointTypeDef *pep;
 217:Middlewares/ST/STM32_USB_Device_Library/Core/Src/usbd_ctlreq.c ****   uint8_t ep_addr;
 218:Middlewares/ST/STM32_USB_Device_Library/Core/Src/usbd_ctlreq.c ****   USBD_StatusTypeDef ret = USBD_OK;
 219:Middlewares/ST/STM32_USB_Device_Library/Core/Src/usbd_ctlreq.c ****   ep_addr = LOBYTE(req->wIndex);
 220:Middlewares/ST/STM32_USB_Device_Library/Core/Src/usbd_ctlreq.c **** 
 221:Middlewares/ST/STM32_USB_Device_Library/Core/Src/usbd_ctlreq.c ****   switch (req->bmRequest & USB_REQ_TYPE_MASK)
 222:Middlewares/ST/STM32_USB_Device_Library/Core/Src/usbd_ctlreq.c ****   {
 223:Middlewares/ST/STM32_USB_Device_Library/Core/Src/usbd_ctlreq.c ****     case USB_REQ_TYPE_CLASS:
 224:Middlewares/ST/STM32_USB_Device_Library/Core/Src/usbd_ctlreq.c ****     case USB_REQ_TYPE_VENDOR:
 225:Middlewares/ST/STM32_USB_Device_Library/Core/Src/usbd_ctlreq.c ****       ret = (USBD_StatusTypeDef)pdev->pClass->Setup(pdev, req);
 226:Middlewares/ST/STM32_USB_Device_Library/Core/Src/usbd_ctlreq.c ****       break;
 227:Middlewares/ST/STM32_USB_Device_Library/Core/Src/usbd_ctlreq.c **** 
 228:Middlewares/ST/STM32_USB_Device_Library/Core/Src/usbd_ctlreq.c ****     case USB_REQ_TYPE_STANDARD:
 229:Middlewares/ST/STM32_USB_Device_Library/Core/Src/usbd_ctlreq.c ****       switch (req->bRequest)
 230:Middlewares/ST/STM32_USB_Device_Library/Core/Src/usbd_ctlreq.c ****       {
 231:Middlewares/ST/STM32_USB_Device_Library/Core/Src/usbd_ctlreq.c ****         case USB_REQ_SET_FEATURE:
 232:Middlewares/ST/STM32_USB_Device_Library/Core/Src/usbd_ctlreq.c ****           switch (pdev->dev_state)
 233:Middlewares/ST/STM32_USB_Device_Library/Core/Src/usbd_ctlreq.c ****           {
 234:Middlewares/ST/STM32_USB_Device_Library/Core/Src/usbd_ctlreq.c ****             case USBD_STATE_ADDRESSED:
 235:Middlewares/ST/STM32_USB_Device_Library/Core/Src/usbd_ctlreq.c ****               if ((ep_addr != 0x00U) && (ep_addr != 0x80U))
 236:Middlewares/ST/STM32_USB_Device_Library/Core/Src/usbd_ctlreq.c ****               {
 237:Middlewares/ST/STM32_USB_Device_Library/Core/Src/usbd_ctlreq.c ****                 (void)USBD_LL_StallEP(pdev, ep_addr);
 238:Middlewares/ST/STM32_USB_Device_Library/Core/Src/usbd_ctlreq.c ****                 (void)USBD_LL_StallEP(pdev, 0x80U);
 239:Middlewares/ST/STM32_USB_Device_Library/Core/Src/usbd_ctlreq.c ****               }
 240:Middlewares/ST/STM32_USB_Device_Library/Core/Src/usbd_ctlreq.c ****               else
 241:Middlewares/ST/STM32_USB_Device_Library/Core/Src/usbd_ctlreq.c ****               {
 242:Middlewares/ST/STM32_USB_Device_Library/Core/Src/usbd_ctlreq.c ****                 USBD_CtlError(pdev, req);
 243:Middlewares/ST/STM32_USB_Device_Library/Core/Src/usbd_ctlreq.c ****               }
 244:Middlewares/ST/STM32_USB_Device_Library/Core/Src/usbd_ctlreq.c ****               break;
 245:Middlewares/ST/STM32_USB_Device_Library/Core/Src/usbd_ctlreq.c **** 
 246:Middlewares/ST/STM32_USB_Device_Library/Core/Src/usbd_ctlreq.c ****             case USBD_STATE_CONFIGURED:
 247:Middlewares/ST/STM32_USB_Device_Library/Core/Src/usbd_ctlreq.c ****               if (req->wValue == USB_FEATURE_EP_HALT)
 248:Middlewares/ST/STM32_USB_Device_Library/Core/Src/usbd_ctlreq.c ****               {
 249:Middlewares/ST/STM32_USB_Device_Library/Core/Src/usbd_ctlreq.c ****                 if ((ep_addr != 0x00U) && (ep_addr != 0x80U) && (req->wLength == 0x00U))
 250:Middlewares/ST/STM32_USB_Device_Library/Core/Src/usbd_ctlreq.c ****                 {
 251:Middlewares/ST/STM32_USB_Device_Library/Core/Src/usbd_ctlreq.c ****                   (void)USBD_LL_StallEP(pdev, ep_addr);
 252:Middlewares/ST/STM32_USB_Device_Library/Core/Src/usbd_ctlreq.c ****                 }
 253:Middlewares/ST/STM32_USB_Device_Library/Core/Src/usbd_ctlreq.c ****               }
 254:Middlewares/ST/STM32_USB_Device_Library/Core/Src/usbd_ctlreq.c ****               (void)USBD_CtlSendStatus(pdev);
 255:Middlewares/ST/STM32_USB_Device_Library/Core/Src/usbd_ctlreq.c **** 
 256:Middlewares/ST/STM32_USB_Device_Library/Core/Src/usbd_ctlreq.c ****               break;
 257:Middlewares/ST/STM32_USB_Device_Library/Core/Src/usbd_ctlreq.c **** 
 258:Middlewares/ST/STM32_USB_Device_Library/Core/Src/usbd_ctlreq.c ****             default:
ARM GAS  /tmp/ccgfHofL.s 			page 6


 259:Middlewares/ST/STM32_USB_Device_Library/Core/Src/usbd_ctlreq.c ****               USBD_CtlError(pdev, req);
 260:Middlewares/ST/STM32_USB_Device_Library/Core/Src/usbd_ctlreq.c ****               break;
 261:Middlewares/ST/STM32_USB_Device_Library/Core/Src/usbd_ctlreq.c ****           }
 262:Middlewares/ST/STM32_USB_Device_Library/Core/Src/usbd_ctlreq.c ****           break;
 263:Middlewares/ST/STM32_USB_Device_Library/Core/Src/usbd_ctlreq.c **** 
 264:Middlewares/ST/STM32_USB_Device_Library/Core/Src/usbd_ctlreq.c ****         case USB_REQ_CLEAR_FEATURE:
 265:Middlewares/ST/STM32_USB_Device_Library/Core/Src/usbd_ctlreq.c **** 
 266:Middlewares/ST/STM32_USB_Device_Library/Core/Src/usbd_ctlreq.c ****           switch (pdev->dev_state)
 267:Middlewares/ST/STM32_USB_Device_Library/Core/Src/usbd_ctlreq.c ****           {
 268:Middlewares/ST/STM32_USB_Device_Library/Core/Src/usbd_ctlreq.c ****             case USBD_STATE_ADDRESSED:
 269:Middlewares/ST/STM32_USB_Device_Library/Core/Src/usbd_ctlreq.c ****               if ((ep_addr != 0x00U) && (ep_addr != 0x80U))
 270:Middlewares/ST/STM32_USB_Device_Library/Core/Src/usbd_ctlreq.c ****               {
 271:Middlewares/ST/STM32_USB_Device_Library/Core/Src/usbd_ctlreq.c ****                 (void)USBD_LL_StallEP(pdev, ep_addr);
 272:Middlewares/ST/STM32_USB_Device_Library/Core/Src/usbd_ctlreq.c ****                 (void)USBD_LL_StallEP(pdev, 0x80U);
 273:Middlewares/ST/STM32_USB_Device_Library/Core/Src/usbd_ctlreq.c ****               }
 274:Middlewares/ST/STM32_USB_Device_Library/Core/Src/usbd_ctlreq.c ****               else
 275:Middlewares/ST/STM32_USB_Device_Library/Core/Src/usbd_ctlreq.c ****               {
 276:Middlewares/ST/STM32_USB_Device_Library/Core/Src/usbd_ctlreq.c ****                 USBD_CtlError(pdev, req);
 277:Middlewares/ST/STM32_USB_Device_Library/Core/Src/usbd_ctlreq.c ****               }
 278:Middlewares/ST/STM32_USB_Device_Library/Core/Src/usbd_ctlreq.c ****               break;
 279:Middlewares/ST/STM32_USB_Device_Library/Core/Src/usbd_ctlreq.c **** 
 280:Middlewares/ST/STM32_USB_Device_Library/Core/Src/usbd_ctlreq.c ****             case USBD_STATE_CONFIGURED:
 281:Middlewares/ST/STM32_USB_Device_Library/Core/Src/usbd_ctlreq.c ****               if (req->wValue == USB_FEATURE_EP_HALT)
 282:Middlewares/ST/STM32_USB_Device_Library/Core/Src/usbd_ctlreq.c ****               {
 283:Middlewares/ST/STM32_USB_Device_Library/Core/Src/usbd_ctlreq.c ****                 if ((ep_addr & 0x7FU) != 0x00U)
 284:Middlewares/ST/STM32_USB_Device_Library/Core/Src/usbd_ctlreq.c ****                 {
 285:Middlewares/ST/STM32_USB_Device_Library/Core/Src/usbd_ctlreq.c ****                   (void)USBD_LL_ClearStallEP(pdev, ep_addr);
 286:Middlewares/ST/STM32_USB_Device_Library/Core/Src/usbd_ctlreq.c ****                 }
 287:Middlewares/ST/STM32_USB_Device_Library/Core/Src/usbd_ctlreq.c ****                 (void)USBD_CtlSendStatus(pdev);
 288:Middlewares/ST/STM32_USB_Device_Library/Core/Src/usbd_ctlreq.c ****                 ret = (USBD_StatusTypeDef)pdev->pClass->Setup(pdev, req);
 289:Middlewares/ST/STM32_USB_Device_Library/Core/Src/usbd_ctlreq.c ****               }
 290:Middlewares/ST/STM32_USB_Device_Library/Core/Src/usbd_ctlreq.c ****               break;
 291:Middlewares/ST/STM32_USB_Device_Library/Core/Src/usbd_ctlreq.c **** 
 292:Middlewares/ST/STM32_USB_Device_Library/Core/Src/usbd_ctlreq.c ****             default:
 293:Middlewares/ST/STM32_USB_Device_Library/Core/Src/usbd_ctlreq.c ****               USBD_CtlError(pdev, req);
 294:Middlewares/ST/STM32_USB_Device_Library/Core/Src/usbd_ctlreq.c ****               break;
 295:Middlewares/ST/STM32_USB_Device_Library/Core/Src/usbd_ctlreq.c ****           }
 296:Middlewares/ST/STM32_USB_Device_Library/Core/Src/usbd_ctlreq.c ****           break;
 297:Middlewares/ST/STM32_USB_Device_Library/Core/Src/usbd_ctlreq.c **** 
 298:Middlewares/ST/STM32_USB_Device_Library/Core/Src/usbd_ctlreq.c ****         case USB_REQ_GET_STATUS:
 299:Middlewares/ST/STM32_USB_Device_Library/Core/Src/usbd_ctlreq.c ****           switch (pdev->dev_state)
 300:Middlewares/ST/STM32_USB_Device_Library/Core/Src/usbd_ctlreq.c ****           {
 301:Middlewares/ST/STM32_USB_Device_Library/Core/Src/usbd_ctlreq.c ****             case USBD_STATE_ADDRESSED:
 302:Middlewares/ST/STM32_USB_Device_Library/Core/Src/usbd_ctlreq.c ****               if ((ep_addr != 0x00U) && (ep_addr != 0x80U))
 303:Middlewares/ST/STM32_USB_Device_Library/Core/Src/usbd_ctlreq.c ****               {
 304:Middlewares/ST/STM32_USB_Device_Library/Core/Src/usbd_ctlreq.c ****                 USBD_CtlError(pdev, req);
 305:Middlewares/ST/STM32_USB_Device_Library/Core/Src/usbd_ctlreq.c ****                 break;
 306:Middlewares/ST/STM32_USB_Device_Library/Core/Src/usbd_ctlreq.c ****               }
 307:Middlewares/ST/STM32_USB_Device_Library/Core/Src/usbd_ctlreq.c ****               pep = ((ep_addr & 0x80U) == 0x80U) ? &pdev->ep_in[ep_addr & 0x7FU] : \
 308:Middlewares/ST/STM32_USB_Device_Library/Core/Src/usbd_ctlreq.c ****                     &pdev->ep_out[ep_addr & 0x7FU];
 309:Middlewares/ST/STM32_USB_Device_Library/Core/Src/usbd_ctlreq.c **** 
 310:Middlewares/ST/STM32_USB_Device_Library/Core/Src/usbd_ctlreq.c ****               pep->status = 0x0000U;
 311:Middlewares/ST/STM32_USB_Device_Library/Core/Src/usbd_ctlreq.c **** 
 312:Middlewares/ST/STM32_USB_Device_Library/Core/Src/usbd_ctlreq.c ****               (void)USBD_CtlSendData(pdev, (uint8_t *)&pep->status, 2U);
 313:Middlewares/ST/STM32_USB_Device_Library/Core/Src/usbd_ctlreq.c ****               break;
 314:Middlewares/ST/STM32_USB_Device_Library/Core/Src/usbd_ctlreq.c **** 
 315:Middlewares/ST/STM32_USB_Device_Library/Core/Src/usbd_ctlreq.c ****             case USBD_STATE_CONFIGURED:
ARM GAS  /tmp/ccgfHofL.s 			page 7


 316:Middlewares/ST/STM32_USB_Device_Library/Core/Src/usbd_ctlreq.c ****               if ((ep_addr & 0x80U) == 0x80U)
 317:Middlewares/ST/STM32_USB_Device_Library/Core/Src/usbd_ctlreq.c ****               {
 318:Middlewares/ST/STM32_USB_Device_Library/Core/Src/usbd_ctlreq.c ****                 if (pdev->ep_in[ep_addr & 0xFU].is_used == 0U)
 319:Middlewares/ST/STM32_USB_Device_Library/Core/Src/usbd_ctlreq.c ****                 {
 320:Middlewares/ST/STM32_USB_Device_Library/Core/Src/usbd_ctlreq.c ****                   USBD_CtlError(pdev, req);
 321:Middlewares/ST/STM32_USB_Device_Library/Core/Src/usbd_ctlreq.c ****                   break;
 322:Middlewares/ST/STM32_USB_Device_Library/Core/Src/usbd_ctlreq.c ****                 }
 323:Middlewares/ST/STM32_USB_Device_Library/Core/Src/usbd_ctlreq.c ****               }
 324:Middlewares/ST/STM32_USB_Device_Library/Core/Src/usbd_ctlreq.c ****               else
 325:Middlewares/ST/STM32_USB_Device_Library/Core/Src/usbd_ctlreq.c ****               {
 326:Middlewares/ST/STM32_USB_Device_Library/Core/Src/usbd_ctlreq.c ****                 if (pdev->ep_out[ep_addr & 0xFU].is_used == 0U)
 327:Middlewares/ST/STM32_USB_Device_Library/Core/Src/usbd_ctlreq.c ****                 {
 328:Middlewares/ST/STM32_USB_Device_Library/Core/Src/usbd_ctlreq.c ****                   USBD_CtlError(pdev, req);
 329:Middlewares/ST/STM32_USB_Device_Library/Core/Src/usbd_ctlreq.c ****                   break;
 330:Middlewares/ST/STM32_USB_Device_Library/Core/Src/usbd_ctlreq.c ****                 }
 331:Middlewares/ST/STM32_USB_Device_Library/Core/Src/usbd_ctlreq.c ****               }
 332:Middlewares/ST/STM32_USB_Device_Library/Core/Src/usbd_ctlreq.c **** 
 333:Middlewares/ST/STM32_USB_Device_Library/Core/Src/usbd_ctlreq.c ****               pep = ((ep_addr & 0x80U) == 0x80U) ? &pdev->ep_in[ep_addr & 0x7FU] : \
 334:Middlewares/ST/STM32_USB_Device_Library/Core/Src/usbd_ctlreq.c ****                     &pdev->ep_out[ep_addr & 0x7FU];
 335:Middlewares/ST/STM32_USB_Device_Library/Core/Src/usbd_ctlreq.c **** 
 336:Middlewares/ST/STM32_USB_Device_Library/Core/Src/usbd_ctlreq.c ****               if ((ep_addr == 0x00U) || (ep_addr == 0x80U))
 337:Middlewares/ST/STM32_USB_Device_Library/Core/Src/usbd_ctlreq.c ****               {
 338:Middlewares/ST/STM32_USB_Device_Library/Core/Src/usbd_ctlreq.c ****                 pep->status = 0x0000U;
 339:Middlewares/ST/STM32_USB_Device_Library/Core/Src/usbd_ctlreq.c ****               }
 340:Middlewares/ST/STM32_USB_Device_Library/Core/Src/usbd_ctlreq.c ****               else if (USBD_LL_IsStallEP(pdev, ep_addr) != 0U)
 341:Middlewares/ST/STM32_USB_Device_Library/Core/Src/usbd_ctlreq.c ****               {
 342:Middlewares/ST/STM32_USB_Device_Library/Core/Src/usbd_ctlreq.c ****                 pep->status = 0x0001U;
 343:Middlewares/ST/STM32_USB_Device_Library/Core/Src/usbd_ctlreq.c ****               }
 344:Middlewares/ST/STM32_USB_Device_Library/Core/Src/usbd_ctlreq.c ****               else
 345:Middlewares/ST/STM32_USB_Device_Library/Core/Src/usbd_ctlreq.c ****               {
 346:Middlewares/ST/STM32_USB_Device_Library/Core/Src/usbd_ctlreq.c ****                 pep->status = 0x0000U;
 347:Middlewares/ST/STM32_USB_Device_Library/Core/Src/usbd_ctlreq.c ****               }
 348:Middlewares/ST/STM32_USB_Device_Library/Core/Src/usbd_ctlreq.c **** 
 349:Middlewares/ST/STM32_USB_Device_Library/Core/Src/usbd_ctlreq.c ****               (void)USBD_CtlSendData(pdev, (uint8_t *)&pep->status, 2U);
 350:Middlewares/ST/STM32_USB_Device_Library/Core/Src/usbd_ctlreq.c ****               break;
 351:Middlewares/ST/STM32_USB_Device_Library/Core/Src/usbd_ctlreq.c **** 
 352:Middlewares/ST/STM32_USB_Device_Library/Core/Src/usbd_ctlreq.c ****             default:
 353:Middlewares/ST/STM32_USB_Device_Library/Core/Src/usbd_ctlreq.c ****               USBD_CtlError(pdev, req);
 354:Middlewares/ST/STM32_USB_Device_Library/Core/Src/usbd_ctlreq.c ****               break;
 355:Middlewares/ST/STM32_USB_Device_Library/Core/Src/usbd_ctlreq.c ****           }
 356:Middlewares/ST/STM32_USB_Device_Library/Core/Src/usbd_ctlreq.c ****           break;
 357:Middlewares/ST/STM32_USB_Device_Library/Core/Src/usbd_ctlreq.c **** 
 358:Middlewares/ST/STM32_USB_Device_Library/Core/Src/usbd_ctlreq.c ****         default:
 359:Middlewares/ST/STM32_USB_Device_Library/Core/Src/usbd_ctlreq.c ****           USBD_CtlError(pdev, req);
 360:Middlewares/ST/STM32_USB_Device_Library/Core/Src/usbd_ctlreq.c ****           break;
 361:Middlewares/ST/STM32_USB_Device_Library/Core/Src/usbd_ctlreq.c ****       }
 362:Middlewares/ST/STM32_USB_Device_Library/Core/Src/usbd_ctlreq.c ****       break;
 363:Middlewares/ST/STM32_USB_Device_Library/Core/Src/usbd_ctlreq.c **** 
 364:Middlewares/ST/STM32_USB_Device_Library/Core/Src/usbd_ctlreq.c ****     default:
 365:Middlewares/ST/STM32_USB_Device_Library/Core/Src/usbd_ctlreq.c ****       USBD_CtlError(pdev, req);
 366:Middlewares/ST/STM32_USB_Device_Library/Core/Src/usbd_ctlreq.c ****       break;
 367:Middlewares/ST/STM32_USB_Device_Library/Core/Src/usbd_ctlreq.c ****   }
 368:Middlewares/ST/STM32_USB_Device_Library/Core/Src/usbd_ctlreq.c **** 
 369:Middlewares/ST/STM32_USB_Device_Library/Core/Src/usbd_ctlreq.c ****   return ret;
 370:Middlewares/ST/STM32_USB_Device_Library/Core/Src/usbd_ctlreq.c **** }
 371:Middlewares/ST/STM32_USB_Device_Library/Core/Src/usbd_ctlreq.c **** 
 372:Middlewares/ST/STM32_USB_Device_Library/Core/Src/usbd_ctlreq.c **** 
ARM GAS  /tmp/ccgfHofL.s 			page 8


 373:Middlewares/ST/STM32_USB_Device_Library/Core/Src/usbd_ctlreq.c **** /**
 374:Middlewares/ST/STM32_USB_Device_Library/Core/Src/usbd_ctlreq.c ****   * @brief  USBD_GetDescriptor
 375:Middlewares/ST/STM32_USB_Device_Library/Core/Src/usbd_ctlreq.c ****   *         Handle Get Descriptor requests
 376:Middlewares/ST/STM32_USB_Device_Library/Core/Src/usbd_ctlreq.c ****   * @param  pdev: device instance
 377:Middlewares/ST/STM32_USB_Device_Library/Core/Src/usbd_ctlreq.c ****   * @param  req: usb request
 378:Middlewares/ST/STM32_USB_Device_Library/Core/Src/usbd_ctlreq.c ****   * @retval status
 379:Middlewares/ST/STM32_USB_Device_Library/Core/Src/usbd_ctlreq.c ****   */
 380:Middlewares/ST/STM32_USB_Device_Library/Core/Src/usbd_ctlreq.c **** static void USBD_GetDescriptor(USBD_HandleTypeDef *pdev, USBD_SetupReqTypedef *req)
 381:Middlewares/ST/STM32_USB_Device_Library/Core/Src/usbd_ctlreq.c **** {
 382:Middlewares/ST/STM32_USB_Device_Library/Core/Src/usbd_ctlreq.c ****   uint16_t len = 0U;
 383:Middlewares/ST/STM32_USB_Device_Library/Core/Src/usbd_ctlreq.c ****   uint8_t *pbuf = NULL;
 384:Middlewares/ST/STM32_USB_Device_Library/Core/Src/usbd_ctlreq.c ****   uint8_t err = 0U;
 385:Middlewares/ST/STM32_USB_Device_Library/Core/Src/usbd_ctlreq.c **** 
 386:Middlewares/ST/STM32_USB_Device_Library/Core/Src/usbd_ctlreq.c ****   switch (req->wValue >> 8)
 387:Middlewares/ST/STM32_USB_Device_Library/Core/Src/usbd_ctlreq.c ****   {
 388:Middlewares/ST/STM32_USB_Device_Library/Core/Src/usbd_ctlreq.c **** #if ((USBD_LPM_ENABLED == 1U) || (USBD_CLASS_BOS_ENABLED == 1U))
 389:Middlewares/ST/STM32_USB_Device_Library/Core/Src/usbd_ctlreq.c ****     case USB_DESC_TYPE_BOS:
 390:Middlewares/ST/STM32_USB_Device_Library/Core/Src/usbd_ctlreq.c ****       if (pdev->pDesc->GetBOSDescriptor != NULL)
 391:Middlewares/ST/STM32_USB_Device_Library/Core/Src/usbd_ctlreq.c ****       {
 392:Middlewares/ST/STM32_USB_Device_Library/Core/Src/usbd_ctlreq.c ****         pbuf = pdev->pDesc->GetBOSDescriptor(pdev->dev_speed, &len);
 393:Middlewares/ST/STM32_USB_Device_Library/Core/Src/usbd_ctlreq.c ****       }
 394:Middlewares/ST/STM32_USB_Device_Library/Core/Src/usbd_ctlreq.c ****       else
 395:Middlewares/ST/STM32_USB_Device_Library/Core/Src/usbd_ctlreq.c ****       {
 396:Middlewares/ST/STM32_USB_Device_Library/Core/Src/usbd_ctlreq.c ****         USBD_CtlError(pdev, req);
 397:Middlewares/ST/STM32_USB_Device_Library/Core/Src/usbd_ctlreq.c ****         err++;
 398:Middlewares/ST/STM32_USB_Device_Library/Core/Src/usbd_ctlreq.c ****       }
 399:Middlewares/ST/STM32_USB_Device_Library/Core/Src/usbd_ctlreq.c ****       break;
 400:Middlewares/ST/STM32_USB_Device_Library/Core/Src/usbd_ctlreq.c **** #endif
 401:Middlewares/ST/STM32_USB_Device_Library/Core/Src/usbd_ctlreq.c ****     case USB_DESC_TYPE_DEVICE:
 402:Middlewares/ST/STM32_USB_Device_Library/Core/Src/usbd_ctlreq.c ****       pbuf = pdev->pDesc->GetDeviceDescriptor(pdev->dev_speed, &len);
 403:Middlewares/ST/STM32_USB_Device_Library/Core/Src/usbd_ctlreq.c ****       break;
 404:Middlewares/ST/STM32_USB_Device_Library/Core/Src/usbd_ctlreq.c **** 
 405:Middlewares/ST/STM32_USB_Device_Library/Core/Src/usbd_ctlreq.c ****     case USB_DESC_TYPE_CONFIGURATION:
 406:Middlewares/ST/STM32_USB_Device_Library/Core/Src/usbd_ctlreq.c ****       if (pdev->dev_speed == USBD_SPEED_HIGH)
 407:Middlewares/ST/STM32_USB_Device_Library/Core/Src/usbd_ctlreq.c ****       {
 408:Middlewares/ST/STM32_USB_Device_Library/Core/Src/usbd_ctlreq.c ****         pbuf = pdev->pClass->GetHSConfigDescriptor(&len);
 409:Middlewares/ST/STM32_USB_Device_Library/Core/Src/usbd_ctlreq.c ****         pbuf[1] = USB_DESC_TYPE_CONFIGURATION;
 410:Middlewares/ST/STM32_USB_Device_Library/Core/Src/usbd_ctlreq.c ****       }
 411:Middlewares/ST/STM32_USB_Device_Library/Core/Src/usbd_ctlreq.c ****       else
 412:Middlewares/ST/STM32_USB_Device_Library/Core/Src/usbd_ctlreq.c ****       {
 413:Middlewares/ST/STM32_USB_Device_Library/Core/Src/usbd_ctlreq.c ****         pbuf = pdev->pClass->GetFSConfigDescriptor(&len);
 414:Middlewares/ST/STM32_USB_Device_Library/Core/Src/usbd_ctlreq.c ****         pbuf[1] = USB_DESC_TYPE_CONFIGURATION;
 415:Middlewares/ST/STM32_USB_Device_Library/Core/Src/usbd_ctlreq.c ****       }
 416:Middlewares/ST/STM32_USB_Device_Library/Core/Src/usbd_ctlreq.c ****       break;
 417:Middlewares/ST/STM32_USB_Device_Library/Core/Src/usbd_ctlreq.c **** 
 418:Middlewares/ST/STM32_USB_Device_Library/Core/Src/usbd_ctlreq.c ****     case USB_DESC_TYPE_STRING:
 419:Middlewares/ST/STM32_USB_Device_Library/Core/Src/usbd_ctlreq.c ****       switch ((uint8_t)(req->wValue))
 420:Middlewares/ST/STM32_USB_Device_Library/Core/Src/usbd_ctlreq.c ****       {
 421:Middlewares/ST/STM32_USB_Device_Library/Core/Src/usbd_ctlreq.c ****         case USBD_IDX_LANGID_STR:
 422:Middlewares/ST/STM32_USB_Device_Library/Core/Src/usbd_ctlreq.c ****           if (pdev->pDesc->GetLangIDStrDescriptor != NULL)
 423:Middlewares/ST/STM32_USB_Device_Library/Core/Src/usbd_ctlreq.c ****           {
 424:Middlewares/ST/STM32_USB_Device_Library/Core/Src/usbd_ctlreq.c ****             pbuf = pdev->pDesc->GetLangIDStrDescriptor(pdev->dev_speed, &len);
 425:Middlewares/ST/STM32_USB_Device_Library/Core/Src/usbd_ctlreq.c ****           }
 426:Middlewares/ST/STM32_USB_Device_Library/Core/Src/usbd_ctlreq.c ****           else
 427:Middlewares/ST/STM32_USB_Device_Library/Core/Src/usbd_ctlreq.c ****           {
 428:Middlewares/ST/STM32_USB_Device_Library/Core/Src/usbd_ctlreq.c ****             USBD_CtlError(pdev, req);
 429:Middlewares/ST/STM32_USB_Device_Library/Core/Src/usbd_ctlreq.c ****             err++;
ARM GAS  /tmp/ccgfHofL.s 			page 9


 430:Middlewares/ST/STM32_USB_Device_Library/Core/Src/usbd_ctlreq.c ****           }
 431:Middlewares/ST/STM32_USB_Device_Library/Core/Src/usbd_ctlreq.c ****           break;
 432:Middlewares/ST/STM32_USB_Device_Library/Core/Src/usbd_ctlreq.c **** 
 433:Middlewares/ST/STM32_USB_Device_Library/Core/Src/usbd_ctlreq.c ****         case USBD_IDX_MFC_STR:
 434:Middlewares/ST/STM32_USB_Device_Library/Core/Src/usbd_ctlreq.c ****           if (pdev->pDesc->GetManufacturerStrDescriptor != NULL)
 435:Middlewares/ST/STM32_USB_Device_Library/Core/Src/usbd_ctlreq.c ****           {
 436:Middlewares/ST/STM32_USB_Device_Library/Core/Src/usbd_ctlreq.c ****             pbuf = pdev->pDesc->GetManufacturerStrDescriptor(pdev->dev_speed, &len);
 437:Middlewares/ST/STM32_USB_Device_Library/Core/Src/usbd_ctlreq.c ****           }
 438:Middlewares/ST/STM32_USB_Device_Library/Core/Src/usbd_ctlreq.c ****           else
 439:Middlewares/ST/STM32_USB_Device_Library/Core/Src/usbd_ctlreq.c ****           {
 440:Middlewares/ST/STM32_USB_Device_Library/Core/Src/usbd_ctlreq.c ****             USBD_CtlError(pdev, req);
 441:Middlewares/ST/STM32_USB_Device_Library/Core/Src/usbd_ctlreq.c ****             err++;
 442:Middlewares/ST/STM32_USB_Device_Library/Core/Src/usbd_ctlreq.c ****           }
 443:Middlewares/ST/STM32_USB_Device_Library/Core/Src/usbd_ctlreq.c ****           break;
 444:Middlewares/ST/STM32_USB_Device_Library/Core/Src/usbd_ctlreq.c **** 
 445:Middlewares/ST/STM32_USB_Device_Library/Core/Src/usbd_ctlreq.c ****         case USBD_IDX_PRODUCT_STR:
 446:Middlewares/ST/STM32_USB_Device_Library/Core/Src/usbd_ctlreq.c ****           if (pdev->pDesc->GetProductStrDescriptor != NULL)
 447:Middlewares/ST/STM32_USB_Device_Library/Core/Src/usbd_ctlreq.c ****           {
 448:Middlewares/ST/STM32_USB_Device_Library/Core/Src/usbd_ctlreq.c ****             pbuf = pdev->pDesc->GetProductStrDescriptor(pdev->dev_speed, &len);
 449:Middlewares/ST/STM32_USB_Device_Library/Core/Src/usbd_ctlreq.c ****           }
 450:Middlewares/ST/STM32_USB_Device_Library/Core/Src/usbd_ctlreq.c ****           else
 451:Middlewares/ST/STM32_USB_Device_Library/Core/Src/usbd_ctlreq.c ****           {
 452:Middlewares/ST/STM32_USB_Device_Library/Core/Src/usbd_ctlreq.c ****             USBD_CtlError(pdev, req);
 453:Middlewares/ST/STM32_USB_Device_Library/Core/Src/usbd_ctlreq.c ****             err++;
 454:Middlewares/ST/STM32_USB_Device_Library/Core/Src/usbd_ctlreq.c ****           }
 455:Middlewares/ST/STM32_USB_Device_Library/Core/Src/usbd_ctlreq.c ****           break;
 456:Middlewares/ST/STM32_USB_Device_Library/Core/Src/usbd_ctlreq.c **** 
 457:Middlewares/ST/STM32_USB_Device_Library/Core/Src/usbd_ctlreq.c ****         case USBD_IDX_SERIAL_STR:
 458:Middlewares/ST/STM32_USB_Device_Library/Core/Src/usbd_ctlreq.c ****           if (pdev->pDesc->GetSerialStrDescriptor != NULL)
 459:Middlewares/ST/STM32_USB_Device_Library/Core/Src/usbd_ctlreq.c ****           {
 460:Middlewares/ST/STM32_USB_Device_Library/Core/Src/usbd_ctlreq.c ****             pbuf = pdev->pDesc->GetSerialStrDescriptor(pdev->dev_speed, &len);
 461:Middlewares/ST/STM32_USB_Device_Library/Core/Src/usbd_ctlreq.c ****           }
 462:Middlewares/ST/STM32_USB_Device_Library/Core/Src/usbd_ctlreq.c ****           else
 463:Middlewares/ST/STM32_USB_Device_Library/Core/Src/usbd_ctlreq.c ****           {
 464:Middlewares/ST/STM32_USB_Device_Library/Core/Src/usbd_ctlreq.c ****             USBD_CtlError(pdev, req);
 465:Middlewares/ST/STM32_USB_Device_Library/Core/Src/usbd_ctlreq.c ****             err++;
 466:Middlewares/ST/STM32_USB_Device_Library/Core/Src/usbd_ctlreq.c ****           }
 467:Middlewares/ST/STM32_USB_Device_Library/Core/Src/usbd_ctlreq.c ****           break;
 468:Middlewares/ST/STM32_USB_Device_Library/Core/Src/usbd_ctlreq.c **** 
 469:Middlewares/ST/STM32_USB_Device_Library/Core/Src/usbd_ctlreq.c ****         case USBD_IDX_CONFIG_STR:
 470:Middlewares/ST/STM32_USB_Device_Library/Core/Src/usbd_ctlreq.c ****           if (pdev->pDesc->GetConfigurationStrDescriptor != NULL)
 471:Middlewares/ST/STM32_USB_Device_Library/Core/Src/usbd_ctlreq.c ****           {
 472:Middlewares/ST/STM32_USB_Device_Library/Core/Src/usbd_ctlreq.c ****             pbuf = pdev->pDesc->GetConfigurationStrDescriptor(pdev->dev_speed, &len);
 473:Middlewares/ST/STM32_USB_Device_Library/Core/Src/usbd_ctlreq.c ****           }
 474:Middlewares/ST/STM32_USB_Device_Library/Core/Src/usbd_ctlreq.c ****           else
 475:Middlewares/ST/STM32_USB_Device_Library/Core/Src/usbd_ctlreq.c ****           {
 476:Middlewares/ST/STM32_USB_Device_Library/Core/Src/usbd_ctlreq.c ****             USBD_CtlError(pdev, req);
 477:Middlewares/ST/STM32_USB_Device_Library/Core/Src/usbd_ctlreq.c ****             err++;
 478:Middlewares/ST/STM32_USB_Device_Library/Core/Src/usbd_ctlreq.c ****           }
 479:Middlewares/ST/STM32_USB_Device_Library/Core/Src/usbd_ctlreq.c ****           break;
 480:Middlewares/ST/STM32_USB_Device_Library/Core/Src/usbd_ctlreq.c **** 
 481:Middlewares/ST/STM32_USB_Device_Library/Core/Src/usbd_ctlreq.c ****         case USBD_IDX_INTERFACE_STR:
 482:Middlewares/ST/STM32_USB_Device_Library/Core/Src/usbd_ctlreq.c ****           if (pdev->pDesc->GetInterfaceStrDescriptor != NULL)
 483:Middlewares/ST/STM32_USB_Device_Library/Core/Src/usbd_ctlreq.c ****           {
 484:Middlewares/ST/STM32_USB_Device_Library/Core/Src/usbd_ctlreq.c ****             pbuf = pdev->pDesc->GetInterfaceStrDescriptor(pdev->dev_speed, &len);
 485:Middlewares/ST/STM32_USB_Device_Library/Core/Src/usbd_ctlreq.c ****           }
 486:Middlewares/ST/STM32_USB_Device_Library/Core/Src/usbd_ctlreq.c ****           else
ARM GAS  /tmp/ccgfHofL.s 			page 10


 487:Middlewares/ST/STM32_USB_Device_Library/Core/Src/usbd_ctlreq.c ****           {
 488:Middlewares/ST/STM32_USB_Device_Library/Core/Src/usbd_ctlreq.c ****             USBD_CtlError(pdev, req);
 489:Middlewares/ST/STM32_USB_Device_Library/Core/Src/usbd_ctlreq.c ****             err++;
 490:Middlewares/ST/STM32_USB_Device_Library/Core/Src/usbd_ctlreq.c ****           }
 491:Middlewares/ST/STM32_USB_Device_Library/Core/Src/usbd_ctlreq.c ****           break;
 492:Middlewares/ST/STM32_USB_Device_Library/Core/Src/usbd_ctlreq.c **** 
 493:Middlewares/ST/STM32_USB_Device_Library/Core/Src/usbd_ctlreq.c ****         default:
 494:Middlewares/ST/STM32_USB_Device_Library/Core/Src/usbd_ctlreq.c **** #if (USBD_SUPPORT_USER_STRING_DESC == 1U)
 495:Middlewares/ST/STM32_USB_Device_Library/Core/Src/usbd_ctlreq.c ****           if (pdev->pClass->GetUsrStrDescriptor != NULL)
 496:Middlewares/ST/STM32_USB_Device_Library/Core/Src/usbd_ctlreq.c ****           {
 497:Middlewares/ST/STM32_USB_Device_Library/Core/Src/usbd_ctlreq.c ****             pbuf = pdev->pClass->GetUsrStrDescriptor(pdev, (req->wValue), &len);
 498:Middlewares/ST/STM32_USB_Device_Library/Core/Src/usbd_ctlreq.c ****           }
 499:Middlewares/ST/STM32_USB_Device_Library/Core/Src/usbd_ctlreq.c ****           else
 500:Middlewares/ST/STM32_USB_Device_Library/Core/Src/usbd_ctlreq.c ****           {
 501:Middlewares/ST/STM32_USB_Device_Library/Core/Src/usbd_ctlreq.c ****             USBD_CtlError(pdev, req);
 502:Middlewares/ST/STM32_USB_Device_Library/Core/Src/usbd_ctlreq.c ****             err++;
 503:Middlewares/ST/STM32_USB_Device_Library/Core/Src/usbd_ctlreq.c ****           }
 504:Middlewares/ST/STM32_USB_Device_Library/Core/Src/usbd_ctlreq.c **** #endif
 505:Middlewares/ST/STM32_USB_Device_Library/Core/Src/usbd_ctlreq.c **** 
 506:Middlewares/ST/STM32_USB_Device_Library/Core/Src/usbd_ctlreq.c **** #if (USBD_CLASS_USER_STRING_DESC == 1U)
 507:Middlewares/ST/STM32_USB_Device_Library/Core/Src/usbd_ctlreq.c ****           if (pdev->pDesc->GetUserStrDescriptor != NULL)
 508:Middlewares/ST/STM32_USB_Device_Library/Core/Src/usbd_ctlreq.c ****           {
 509:Middlewares/ST/STM32_USB_Device_Library/Core/Src/usbd_ctlreq.c ****             pbuf = pdev->pDesc->GetUserStrDescriptor(pdev->dev_speed, (req->wValue), &len);
 510:Middlewares/ST/STM32_USB_Device_Library/Core/Src/usbd_ctlreq.c ****           }
 511:Middlewares/ST/STM32_USB_Device_Library/Core/Src/usbd_ctlreq.c ****           else
 512:Middlewares/ST/STM32_USB_Device_Library/Core/Src/usbd_ctlreq.c ****           {
 513:Middlewares/ST/STM32_USB_Device_Library/Core/Src/usbd_ctlreq.c ****             USBD_CtlError(pdev, req);
 514:Middlewares/ST/STM32_USB_Device_Library/Core/Src/usbd_ctlreq.c ****             err++;
 515:Middlewares/ST/STM32_USB_Device_Library/Core/Src/usbd_ctlreq.c ****           }
 516:Middlewares/ST/STM32_USB_Device_Library/Core/Src/usbd_ctlreq.c **** #endif
 517:Middlewares/ST/STM32_USB_Device_Library/Core/Src/usbd_ctlreq.c **** 
 518:Middlewares/ST/STM32_USB_Device_Library/Core/Src/usbd_ctlreq.c **** #if ((USBD_CLASS_USER_STRING_DESC == 0U) && (USBD_SUPPORT_USER_STRING_DESC == 0U))
 519:Middlewares/ST/STM32_USB_Device_Library/Core/Src/usbd_ctlreq.c ****           USBD_CtlError(pdev, req);
 520:Middlewares/ST/STM32_USB_Device_Library/Core/Src/usbd_ctlreq.c ****           err++;
 521:Middlewares/ST/STM32_USB_Device_Library/Core/Src/usbd_ctlreq.c **** #endif
 522:Middlewares/ST/STM32_USB_Device_Library/Core/Src/usbd_ctlreq.c ****           break;
 523:Middlewares/ST/STM32_USB_Device_Library/Core/Src/usbd_ctlreq.c ****       }
 524:Middlewares/ST/STM32_USB_Device_Library/Core/Src/usbd_ctlreq.c ****       break;
 525:Middlewares/ST/STM32_USB_Device_Library/Core/Src/usbd_ctlreq.c **** 
 526:Middlewares/ST/STM32_USB_Device_Library/Core/Src/usbd_ctlreq.c ****     case USB_DESC_TYPE_DEVICE_QUALIFIER:
 527:Middlewares/ST/STM32_USB_Device_Library/Core/Src/usbd_ctlreq.c ****       if (pdev->dev_speed == USBD_SPEED_HIGH)
 528:Middlewares/ST/STM32_USB_Device_Library/Core/Src/usbd_ctlreq.c ****       {
 529:Middlewares/ST/STM32_USB_Device_Library/Core/Src/usbd_ctlreq.c ****         pbuf = pdev->pClass->GetDeviceQualifierDescriptor(&len);
 530:Middlewares/ST/STM32_USB_Device_Library/Core/Src/usbd_ctlreq.c ****       }
 531:Middlewares/ST/STM32_USB_Device_Library/Core/Src/usbd_ctlreq.c ****       else
 532:Middlewares/ST/STM32_USB_Device_Library/Core/Src/usbd_ctlreq.c ****       {
 533:Middlewares/ST/STM32_USB_Device_Library/Core/Src/usbd_ctlreq.c ****         USBD_CtlError(pdev, req);
 534:Middlewares/ST/STM32_USB_Device_Library/Core/Src/usbd_ctlreq.c ****         err++;
 535:Middlewares/ST/STM32_USB_Device_Library/Core/Src/usbd_ctlreq.c ****       }
 536:Middlewares/ST/STM32_USB_Device_Library/Core/Src/usbd_ctlreq.c ****       break;
 537:Middlewares/ST/STM32_USB_Device_Library/Core/Src/usbd_ctlreq.c **** 
 538:Middlewares/ST/STM32_USB_Device_Library/Core/Src/usbd_ctlreq.c ****     case USB_DESC_TYPE_OTHER_SPEED_CONFIGURATION:
 539:Middlewares/ST/STM32_USB_Device_Library/Core/Src/usbd_ctlreq.c ****       if (pdev->dev_speed == USBD_SPEED_HIGH)
 540:Middlewares/ST/STM32_USB_Device_Library/Core/Src/usbd_ctlreq.c ****       {
 541:Middlewares/ST/STM32_USB_Device_Library/Core/Src/usbd_ctlreq.c ****         pbuf = pdev->pClass->GetOtherSpeedConfigDescriptor(&len);
 542:Middlewares/ST/STM32_USB_Device_Library/Core/Src/usbd_ctlreq.c ****         pbuf[1] = USB_DESC_TYPE_OTHER_SPEED_CONFIGURATION;
 543:Middlewares/ST/STM32_USB_Device_Library/Core/Src/usbd_ctlreq.c ****       }
ARM GAS  /tmp/ccgfHofL.s 			page 11


 544:Middlewares/ST/STM32_USB_Device_Library/Core/Src/usbd_ctlreq.c ****       else
 545:Middlewares/ST/STM32_USB_Device_Library/Core/Src/usbd_ctlreq.c ****       {
 546:Middlewares/ST/STM32_USB_Device_Library/Core/Src/usbd_ctlreq.c ****         USBD_CtlError(pdev, req);
 547:Middlewares/ST/STM32_USB_Device_Library/Core/Src/usbd_ctlreq.c ****         err++;
 548:Middlewares/ST/STM32_USB_Device_Library/Core/Src/usbd_ctlreq.c ****       }
 549:Middlewares/ST/STM32_USB_Device_Library/Core/Src/usbd_ctlreq.c ****       break;
 550:Middlewares/ST/STM32_USB_Device_Library/Core/Src/usbd_ctlreq.c **** 
 551:Middlewares/ST/STM32_USB_Device_Library/Core/Src/usbd_ctlreq.c ****     default:
 552:Middlewares/ST/STM32_USB_Device_Library/Core/Src/usbd_ctlreq.c ****       USBD_CtlError(pdev, req);
 553:Middlewares/ST/STM32_USB_Device_Library/Core/Src/usbd_ctlreq.c ****       err++;
 554:Middlewares/ST/STM32_USB_Device_Library/Core/Src/usbd_ctlreq.c ****       break;
 555:Middlewares/ST/STM32_USB_Device_Library/Core/Src/usbd_ctlreq.c ****   }
 556:Middlewares/ST/STM32_USB_Device_Library/Core/Src/usbd_ctlreq.c **** 
 557:Middlewares/ST/STM32_USB_Device_Library/Core/Src/usbd_ctlreq.c ****   if (err != 0U)
 558:Middlewares/ST/STM32_USB_Device_Library/Core/Src/usbd_ctlreq.c ****   {
 559:Middlewares/ST/STM32_USB_Device_Library/Core/Src/usbd_ctlreq.c ****     return;
 560:Middlewares/ST/STM32_USB_Device_Library/Core/Src/usbd_ctlreq.c ****   }
 561:Middlewares/ST/STM32_USB_Device_Library/Core/Src/usbd_ctlreq.c **** 
 562:Middlewares/ST/STM32_USB_Device_Library/Core/Src/usbd_ctlreq.c ****   if (req->wLength != 0U)
 563:Middlewares/ST/STM32_USB_Device_Library/Core/Src/usbd_ctlreq.c ****   {
 564:Middlewares/ST/STM32_USB_Device_Library/Core/Src/usbd_ctlreq.c ****     if (len != 0U)
 565:Middlewares/ST/STM32_USB_Device_Library/Core/Src/usbd_ctlreq.c ****     {
 566:Middlewares/ST/STM32_USB_Device_Library/Core/Src/usbd_ctlreq.c ****       len = MIN(len, req->wLength);
 567:Middlewares/ST/STM32_USB_Device_Library/Core/Src/usbd_ctlreq.c ****       (void)USBD_CtlSendData(pdev, pbuf, len);
 568:Middlewares/ST/STM32_USB_Device_Library/Core/Src/usbd_ctlreq.c ****     }
 569:Middlewares/ST/STM32_USB_Device_Library/Core/Src/usbd_ctlreq.c ****     else
 570:Middlewares/ST/STM32_USB_Device_Library/Core/Src/usbd_ctlreq.c ****     {
 571:Middlewares/ST/STM32_USB_Device_Library/Core/Src/usbd_ctlreq.c ****       USBD_CtlError(pdev, req);
 572:Middlewares/ST/STM32_USB_Device_Library/Core/Src/usbd_ctlreq.c ****     }
 573:Middlewares/ST/STM32_USB_Device_Library/Core/Src/usbd_ctlreq.c ****   }
 574:Middlewares/ST/STM32_USB_Device_Library/Core/Src/usbd_ctlreq.c ****   else
 575:Middlewares/ST/STM32_USB_Device_Library/Core/Src/usbd_ctlreq.c ****   {
 576:Middlewares/ST/STM32_USB_Device_Library/Core/Src/usbd_ctlreq.c ****     (void)USBD_CtlSendStatus(pdev);
 577:Middlewares/ST/STM32_USB_Device_Library/Core/Src/usbd_ctlreq.c ****   }
 578:Middlewares/ST/STM32_USB_Device_Library/Core/Src/usbd_ctlreq.c **** }
 579:Middlewares/ST/STM32_USB_Device_Library/Core/Src/usbd_ctlreq.c **** 
 580:Middlewares/ST/STM32_USB_Device_Library/Core/Src/usbd_ctlreq.c **** 
 581:Middlewares/ST/STM32_USB_Device_Library/Core/Src/usbd_ctlreq.c **** /**
 582:Middlewares/ST/STM32_USB_Device_Library/Core/Src/usbd_ctlreq.c ****   * @brief  USBD_SetAddress
 583:Middlewares/ST/STM32_USB_Device_Library/Core/Src/usbd_ctlreq.c ****   *         Set device address
 584:Middlewares/ST/STM32_USB_Device_Library/Core/Src/usbd_ctlreq.c ****   * @param  pdev: device instance
 585:Middlewares/ST/STM32_USB_Device_Library/Core/Src/usbd_ctlreq.c ****   * @param  req: usb request
 586:Middlewares/ST/STM32_USB_Device_Library/Core/Src/usbd_ctlreq.c ****   * @retval status
 587:Middlewares/ST/STM32_USB_Device_Library/Core/Src/usbd_ctlreq.c ****   */
 588:Middlewares/ST/STM32_USB_Device_Library/Core/Src/usbd_ctlreq.c **** static void USBD_SetAddress(USBD_HandleTypeDef *pdev, USBD_SetupReqTypedef *req)
 589:Middlewares/ST/STM32_USB_Device_Library/Core/Src/usbd_ctlreq.c **** {
 590:Middlewares/ST/STM32_USB_Device_Library/Core/Src/usbd_ctlreq.c ****   uint8_t  dev_addr;
 591:Middlewares/ST/STM32_USB_Device_Library/Core/Src/usbd_ctlreq.c **** 
 592:Middlewares/ST/STM32_USB_Device_Library/Core/Src/usbd_ctlreq.c ****   if ((req->wIndex == 0U) && (req->wLength == 0U) && (req->wValue < 128U))
 593:Middlewares/ST/STM32_USB_Device_Library/Core/Src/usbd_ctlreq.c ****   {
 594:Middlewares/ST/STM32_USB_Device_Library/Core/Src/usbd_ctlreq.c ****     dev_addr = (uint8_t)(req->wValue) & 0x7FU;
 595:Middlewares/ST/STM32_USB_Device_Library/Core/Src/usbd_ctlreq.c **** 
 596:Middlewares/ST/STM32_USB_Device_Library/Core/Src/usbd_ctlreq.c ****     if (pdev->dev_state == USBD_STATE_CONFIGURED)
 597:Middlewares/ST/STM32_USB_Device_Library/Core/Src/usbd_ctlreq.c ****     {
 598:Middlewares/ST/STM32_USB_Device_Library/Core/Src/usbd_ctlreq.c ****       USBD_CtlError(pdev, req);
 599:Middlewares/ST/STM32_USB_Device_Library/Core/Src/usbd_ctlreq.c ****     }
 600:Middlewares/ST/STM32_USB_Device_Library/Core/Src/usbd_ctlreq.c ****     else
ARM GAS  /tmp/ccgfHofL.s 			page 12


 601:Middlewares/ST/STM32_USB_Device_Library/Core/Src/usbd_ctlreq.c ****     {
 602:Middlewares/ST/STM32_USB_Device_Library/Core/Src/usbd_ctlreq.c ****       pdev->dev_address = dev_addr;
 603:Middlewares/ST/STM32_USB_Device_Library/Core/Src/usbd_ctlreq.c ****       (void)USBD_LL_SetUSBAddress(pdev, dev_addr);
 604:Middlewares/ST/STM32_USB_Device_Library/Core/Src/usbd_ctlreq.c ****       (void)USBD_CtlSendStatus(pdev);
 605:Middlewares/ST/STM32_USB_Device_Library/Core/Src/usbd_ctlreq.c **** 
 606:Middlewares/ST/STM32_USB_Device_Library/Core/Src/usbd_ctlreq.c ****       if (dev_addr != 0U)
 607:Middlewares/ST/STM32_USB_Device_Library/Core/Src/usbd_ctlreq.c ****       {
 608:Middlewares/ST/STM32_USB_Device_Library/Core/Src/usbd_ctlreq.c ****         pdev->dev_state = USBD_STATE_ADDRESSED;
 609:Middlewares/ST/STM32_USB_Device_Library/Core/Src/usbd_ctlreq.c ****       }
 610:Middlewares/ST/STM32_USB_Device_Library/Core/Src/usbd_ctlreq.c ****       else
 611:Middlewares/ST/STM32_USB_Device_Library/Core/Src/usbd_ctlreq.c ****       {
 612:Middlewares/ST/STM32_USB_Device_Library/Core/Src/usbd_ctlreq.c ****         pdev->dev_state = USBD_STATE_DEFAULT;
 613:Middlewares/ST/STM32_USB_Device_Library/Core/Src/usbd_ctlreq.c ****       }
 614:Middlewares/ST/STM32_USB_Device_Library/Core/Src/usbd_ctlreq.c ****     }
 615:Middlewares/ST/STM32_USB_Device_Library/Core/Src/usbd_ctlreq.c ****   }
 616:Middlewares/ST/STM32_USB_Device_Library/Core/Src/usbd_ctlreq.c ****   else
 617:Middlewares/ST/STM32_USB_Device_Library/Core/Src/usbd_ctlreq.c ****   {
 618:Middlewares/ST/STM32_USB_Device_Library/Core/Src/usbd_ctlreq.c ****     USBD_CtlError(pdev, req);
 619:Middlewares/ST/STM32_USB_Device_Library/Core/Src/usbd_ctlreq.c ****   }
 620:Middlewares/ST/STM32_USB_Device_Library/Core/Src/usbd_ctlreq.c **** }
 621:Middlewares/ST/STM32_USB_Device_Library/Core/Src/usbd_ctlreq.c **** 
 622:Middlewares/ST/STM32_USB_Device_Library/Core/Src/usbd_ctlreq.c **** /**
 623:Middlewares/ST/STM32_USB_Device_Library/Core/Src/usbd_ctlreq.c ****   * @brief  USBD_SetConfig
 624:Middlewares/ST/STM32_USB_Device_Library/Core/Src/usbd_ctlreq.c ****   *         Handle Set device configuration request
 625:Middlewares/ST/STM32_USB_Device_Library/Core/Src/usbd_ctlreq.c ****   * @param  pdev: device instance
 626:Middlewares/ST/STM32_USB_Device_Library/Core/Src/usbd_ctlreq.c ****   * @param  req: usb request
 627:Middlewares/ST/STM32_USB_Device_Library/Core/Src/usbd_ctlreq.c ****   * @retval status
 628:Middlewares/ST/STM32_USB_Device_Library/Core/Src/usbd_ctlreq.c ****   */
 629:Middlewares/ST/STM32_USB_Device_Library/Core/Src/usbd_ctlreq.c **** static USBD_StatusTypeDef USBD_SetConfig(USBD_HandleTypeDef *pdev, USBD_SetupReqTypedef *req)
 630:Middlewares/ST/STM32_USB_Device_Library/Core/Src/usbd_ctlreq.c **** {
 631:Middlewares/ST/STM32_USB_Device_Library/Core/Src/usbd_ctlreq.c ****   USBD_StatusTypeDef ret = USBD_OK;
 632:Middlewares/ST/STM32_USB_Device_Library/Core/Src/usbd_ctlreq.c ****   static uint8_t cfgidx;
 633:Middlewares/ST/STM32_USB_Device_Library/Core/Src/usbd_ctlreq.c **** 
 634:Middlewares/ST/STM32_USB_Device_Library/Core/Src/usbd_ctlreq.c ****   cfgidx = (uint8_t)(req->wValue);
 635:Middlewares/ST/STM32_USB_Device_Library/Core/Src/usbd_ctlreq.c **** 
 636:Middlewares/ST/STM32_USB_Device_Library/Core/Src/usbd_ctlreq.c ****   if (cfgidx > USBD_MAX_NUM_CONFIGURATION)
 637:Middlewares/ST/STM32_USB_Device_Library/Core/Src/usbd_ctlreq.c ****   {
 638:Middlewares/ST/STM32_USB_Device_Library/Core/Src/usbd_ctlreq.c ****     USBD_CtlError(pdev, req);
 639:Middlewares/ST/STM32_USB_Device_Library/Core/Src/usbd_ctlreq.c ****     return USBD_FAIL;
 640:Middlewares/ST/STM32_USB_Device_Library/Core/Src/usbd_ctlreq.c ****   }
 641:Middlewares/ST/STM32_USB_Device_Library/Core/Src/usbd_ctlreq.c **** 
 642:Middlewares/ST/STM32_USB_Device_Library/Core/Src/usbd_ctlreq.c ****   switch (pdev->dev_state)
 643:Middlewares/ST/STM32_USB_Device_Library/Core/Src/usbd_ctlreq.c ****   {
 644:Middlewares/ST/STM32_USB_Device_Library/Core/Src/usbd_ctlreq.c ****     case USBD_STATE_ADDRESSED:
 645:Middlewares/ST/STM32_USB_Device_Library/Core/Src/usbd_ctlreq.c ****       if (cfgidx != 0U)
 646:Middlewares/ST/STM32_USB_Device_Library/Core/Src/usbd_ctlreq.c ****       {
 647:Middlewares/ST/STM32_USB_Device_Library/Core/Src/usbd_ctlreq.c ****         pdev->dev_config = cfgidx;
 648:Middlewares/ST/STM32_USB_Device_Library/Core/Src/usbd_ctlreq.c **** 
 649:Middlewares/ST/STM32_USB_Device_Library/Core/Src/usbd_ctlreq.c ****         ret = USBD_SetClassConfig(pdev, cfgidx);
 650:Middlewares/ST/STM32_USB_Device_Library/Core/Src/usbd_ctlreq.c **** 
 651:Middlewares/ST/STM32_USB_Device_Library/Core/Src/usbd_ctlreq.c ****         if (ret != USBD_OK)
 652:Middlewares/ST/STM32_USB_Device_Library/Core/Src/usbd_ctlreq.c ****         {
 653:Middlewares/ST/STM32_USB_Device_Library/Core/Src/usbd_ctlreq.c ****           USBD_CtlError(pdev, req);
 654:Middlewares/ST/STM32_USB_Device_Library/Core/Src/usbd_ctlreq.c ****         }
 655:Middlewares/ST/STM32_USB_Device_Library/Core/Src/usbd_ctlreq.c ****         else
 656:Middlewares/ST/STM32_USB_Device_Library/Core/Src/usbd_ctlreq.c ****         {
 657:Middlewares/ST/STM32_USB_Device_Library/Core/Src/usbd_ctlreq.c ****           (void)USBD_CtlSendStatus(pdev);
ARM GAS  /tmp/ccgfHofL.s 			page 13


 658:Middlewares/ST/STM32_USB_Device_Library/Core/Src/usbd_ctlreq.c ****           pdev->dev_state = USBD_STATE_CONFIGURED;
 659:Middlewares/ST/STM32_USB_Device_Library/Core/Src/usbd_ctlreq.c ****         }
 660:Middlewares/ST/STM32_USB_Device_Library/Core/Src/usbd_ctlreq.c ****       }
 661:Middlewares/ST/STM32_USB_Device_Library/Core/Src/usbd_ctlreq.c ****       else
 662:Middlewares/ST/STM32_USB_Device_Library/Core/Src/usbd_ctlreq.c ****       {
 663:Middlewares/ST/STM32_USB_Device_Library/Core/Src/usbd_ctlreq.c ****         (void)USBD_CtlSendStatus(pdev);
 664:Middlewares/ST/STM32_USB_Device_Library/Core/Src/usbd_ctlreq.c ****       }
 665:Middlewares/ST/STM32_USB_Device_Library/Core/Src/usbd_ctlreq.c ****       break;
 666:Middlewares/ST/STM32_USB_Device_Library/Core/Src/usbd_ctlreq.c **** 
 667:Middlewares/ST/STM32_USB_Device_Library/Core/Src/usbd_ctlreq.c ****     case USBD_STATE_CONFIGURED:
 668:Middlewares/ST/STM32_USB_Device_Library/Core/Src/usbd_ctlreq.c ****       if (cfgidx == 0U)
 669:Middlewares/ST/STM32_USB_Device_Library/Core/Src/usbd_ctlreq.c ****       {
 670:Middlewares/ST/STM32_USB_Device_Library/Core/Src/usbd_ctlreq.c ****         pdev->dev_state = USBD_STATE_ADDRESSED;
 671:Middlewares/ST/STM32_USB_Device_Library/Core/Src/usbd_ctlreq.c ****         pdev->dev_config = cfgidx;
 672:Middlewares/ST/STM32_USB_Device_Library/Core/Src/usbd_ctlreq.c ****         (void)USBD_ClrClassConfig(pdev, cfgidx);
 673:Middlewares/ST/STM32_USB_Device_Library/Core/Src/usbd_ctlreq.c ****         (void)USBD_CtlSendStatus(pdev);
 674:Middlewares/ST/STM32_USB_Device_Library/Core/Src/usbd_ctlreq.c ****       }
 675:Middlewares/ST/STM32_USB_Device_Library/Core/Src/usbd_ctlreq.c ****       else if (cfgidx != pdev->dev_config)
 676:Middlewares/ST/STM32_USB_Device_Library/Core/Src/usbd_ctlreq.c ****       {
 677:Middlewares/ST/STM32_USB_Device_Library/Core/Src/usbd_ctlreq.c ****         /* Clear old configuration */
 678:Middlewares/ST/STM32_USB_Device_Library/Core/Src/usbd_ctlreq.c ****         (void)USBD_ClrClassConfig(pdev, (uint8_t)pdev->dev_config);
 679:Middlewares/ST/STM32_USB_Device_Library/Core/Src/usbd_ctlreq.c **** 
 680:Middlewares/ST/STM32_USB_Device_Library/Core/Src/usbd_ctlreq.c ****         /* set new configuration */
 681:Middlewares/ST/STM32_USB_Device_Library/Core/Src/usbd_ctlreq.c ****         pdev->dev_config = cfgidx;
 682:Middlewares/ST/STM32_USB_Device_Library/Core/Src/usbd_ctlreq.c **** 
 683:Middlewares/ST/STM32_USB_Device_Library/Core/Src/usbd_ctlreq.c ****         ret = USBD_SetClassConfig(pdev, cfgidx);
 684:Middlewares/ST/STM32_USB_Device_Library/Core/Src/usbd_ctlreq.c **** 
 685:Middlewares/ST/STM32_USB_Device_Library/Core/Src/usbd_ctlreq.c ****         if (ret != USBD_OK)
 686:Middlewares/ST/STM32_USB_Device_Library/Core/Src/usbd_ctlreq.c ****         {
 687:Middlewares/ST/STM32_USB_Device_Library/Core/Src/usbd_ctlreq.c ****           USBD_CtlError(pdev, req);
 688:Middlewares/ST/STM32_USB_Device_Library/Core/Src/usbd_ctlreq.c ****           (void)USBD_ClrClassConfig(pdev, (uint8_t)pdev->dev_config);
 689:Middlewares/ST/STM32_USB_Device_Library/Core/Src/usbd_ctlreq.c ****           pdev->dev_state = USBD_STATE_ADDRESSED;
 690:Middlewares/ST/STM32_USB_Device_Library/Core/Src/usbd_ctlreq.c ****         }
 691:Middlewares/ST/STM32_USB_Device_Library/Core/Src/usbd_ctlreq.c ****         else
 692:Middlewares/ST/STM32_USB_Device_Library/Core/Src/usbd_ctlreq.c ****         {
 693:Middlewares/ST/STM32_USB_Device_Library/Core/Src/usbd_ctlreq.c ****           (void)USBD_CtlSendStatus(pdev);
 694:Middlewares/ST/STM32_USB_Device_Library/Core/Src/usbd_ctlreq.c ****         }
 695:Middlewares/ST/STM32_USB_Device_Library/Core/Src/usbd_ctlreq.c ****       }
 696:Middlewares/ST/STM32_USB_Device_Library/Core/Src/usbd_ctlreq.c ****       else
 697:Middlewares/ST/STM32_USB_Device_Library/Core/Src/usbd_ctlreq.c ****       {
 698:Middlewares/ST/STM32_USB_Device_Library/Core/Src/usbd_ctlreq.c ****         (void)USBD_CtlSendStatus(pdev);
 699:Middlewares/ST/STM32_USB_Device_Library/Core/Src/usbd_ctlreq.c ****       }
 700:Middlewares/ST/STM32_USB_Device_Library/Core/Src/usbd_ctlreq.c ****       break;
 701:Middlewares/ST/STM32_USB_Device_Library/Core/Src/usbd_ctlreq.c **** 
 702:Middlewares/ST/STM32_USB_Device_Library/Core/Src/usbd_ctlreq.c ****     default:
 703:Middlewares/ST/STM32_USB_Device_Library/Core/Src/usbd_ctlreq.c ****       USBD_CtlError(pdev, req);
 704:Middlewares/ST/STM32_USB_Device_Library/Core/Src/usbd_ctlreq.c ****       (void)USBD_ClrClassConfig(pdev, cfgidx);
 705:Middlewares/ST/STM32_USB_Device_Library/Core/Src/usbd_ctlreq.c ****       ret = USBD_FAIL;
 706:Middlewares/ST/STM32_USB_Device_Library/Core/Src/usbd_ctlreq.c ****       break;
 707:Middlewares/ST/STM32_USB_Device_Library/Core/Src/usbd_ctlreq.c ****   }
 708:Middlewares/ST/STM32_USB_Device_Library/Core/Src/usbd_ctlreq.c **** 
 709:Middlewares/ST/STM32_USB_Device_Library/Core/Src/usbd_ctlreq.c ****   return ret;
 710:Middlewares/ST/STM32_USB_Device_Library/Core/Src/usbd_ctlreq.c **** }
 711:Middlewares/ST/STM32_USB_Device_Library/Core/Src/usbd_ctlreq.c **** 
 712:Middlewares/ST/STM32_USB_Device_Library/Core/Src/usbd_ctlreq.c **** /**
 713:Middlewares/ST/STM32_USB_Device_Library/Core/Src/usbd_ctlreq.c ****   * @brief  USBD_GetConfig
 714:Middlewares/ST/STM32_USB_Device_Library/Core/Src/usbd_ctlreq.c ****   *         Handle Get device configuration request
ARM GAS  /tmp/ccgfHofL.s 			page 14


 715:Middlewares/ST/STM32_USB_Device_Library/Core/Src/usbd_ctlreq.c ****   * @param  pdev: device instance
 716:Middlewares/ST/STM32_USB_Device_Library/Core/Src/usbd_ctlreq.c ****   * @param  req: usb request
 717:Middlewares/ST/STM32_USB_Device_Library/Core/Src/usbd_ctlreq.c ****   * @retval status
 718:Middlewares/ST/STM32_USB_Device_Library/Core/Src/usbd_ctlreq.c ****   */
 719:Middlewares/ST/STM32_USB_Device_Library/Core/Src/usbd_ctlreq.c **** static void USBD_GetConfig(USBD_HandleTypeDef *pdev, USBD_SetupReqTypedef *req)
 720:Middlewares/ST/STM32_USB_Device_Library/Core/Src/usbd_ctlreq.c **** {
 721:Middlewares/ST/STM32_USB_Device_Library/Core/Src/usbd_ctlreq.c ****   if (req->wLength != 1U)
 722:Middlewares/ST/STM32_USB_Device_Library/Core/Src/usbd_ctlreq.c ****   {
 723:Middlewares/ST/STM32_USB_Device_Library/Core/Src/usbd_ctlreq.c ****     USBD_CtlError(pdev, req);
 724:Middlewares/ST/STM32_USB_Device_Library/Core/Src/usbd_ctlreq.c ****   }
 725:Middlewares/ST/STM32_USB_Device_Library/Core/Src/usbd_ctlreq.c ****   else
 726:Middlewares/ST/STM32_USB_Device_Library/Core/Src/usbd_ctlreq.c ****   {
 727:Middlewares/ST/STM32_USB_Device_Library/Core/Src/usbd_ctlreq.c ****     switch (pdev->dev_state)
 728:Middlewares/ST/STM32_USB_Device_Library/Core/Src/usbd_ctlreq.c ****     {
 729:Middlewares/ST/STM32_USB_Device_Library/Core/Src/usbd_ctlreq.c ****       case USBD_STATE_DEFAULT:
 730:Middlewares/ST/STM32_USB_Device_Library/Core/Src/usbd_ctlreq.c ****       case USBD_STATE_ADDRESSED:
 731:Middlewares/ST/STM32_USB_Device_Library/Core/Src/usbd_ctlreq.c ****         pdev->dev_default_config = 0U;
 732:Middlewares/ST/STM32_USB_Device_Library/Core/Src/usbd_ctlreq.c ****         (void)USBD_CtlSendData(pdev, (uint8_t *)&pdev->dev_default_config, 1U);
 733:Middlewares/ST/STM32_USB_Device_Library/Core/Src/usbd_ctlreq.c ****         break;
 734:Middlewares/ST/STM32_USB_Device_Library/Core/Src/usbd_ctlreq.c **** 
 735:Middlewares/ST/STM32_USB_Device_Library/Core/Src/usbd_ctlreq.c ****       case USBD_STATE_CONFIGURED:
 736:Middlewares/ST/STM32_USB_Device_Library/Core/Src/usbd_ctlreq.c ****         (void)USBD_CtlSendData(pdev, (uint8_t *)&pdev->dev_config, 1U);
 737:Middlewares/ST/STM32_USB_Device_Library/Core/Src/usbd_ctlreq.c ****         break;
 738:Middlewares/ST/STM32_USB_Device_Library/Core/Src/usbd_ctlreq.c **** 
 739:Middlewares/ST/STM32_USB_Device_Library/Core/Src/usbd_ctlreq.c ****       default:
 740:Middlewares/ST/STM32_USB_Device_Library/Core/Src/usbd_ctlreq.c ****         USBD_CtlError(pdev, req);
 741:Middlewares/ST/STM32_USB_Device_Library/Core/Src/usbd_ctlreq.c ****         break;
 742:Middlewares/ST/STM32_USB_Device_Library/Core/Src/usbd_ctlreq.c ****     }
 743:Middlewares/ST/STM32_USB_Device_Library/Core/Src/usbd_ctlreq.c ****   }
 744:Middlewares/ST/STM32_USB_Device_Library/Core/Src/usbd_ctlreq.c **** }
 745:Middlewares/ST/STM32_USB_Device_Library/Core/Src/usbd_ctlreq.c **** 
 746:Middlewares/ST/STM32_USB_Device_Library/Core/Src/usbd_ctlreq.c **** /**
 747:Middlewares/ST/STM32_USB_Device_Library/Core/Src/usbd_ctlreq.c ****   * @brief  USBD_GetStatus
 748:Middlewares/ST/STM32_USB_Device_Library/Core/Src/usbd_ctlreq.c ****   *         Handle Get Status request
 749:Middlewares/ST/STM32_USB_Device_Library/Core/Src/usbd_ctlreq.c ****   * @param  pdev: device instance
 750:Middlewares/ST/STM32_USB_Device_Library/Core/Src/usbd_ctlreq.c ****   * @param  req: usb request
 751:Middlewares/ST/STM32_USB_Device_Library/Core/Src/usbd_ctlreq.c ****   * @retval status
 752:Middlewares/ST/STM32_USB_Device_Library/Core/Src/usbd_ctlreq.c ****   */
 753:Middlewares/ST/STM32_USB_Device_Library/Core/Src/usbd_ctlreq.c **** static void USBD_GetStatus(USBD_HandleTypeDef *pdev, USBD_SetupReqTypedef *req)
 754:Middlewares/ST/STM32_USB_Device_Library/Core/Src/usbd_ctlreq.c **** {
 755:Middlewares/ST/STM32_USB_Device_Library/Core/Src/usbd_ctlreq.c ****   switch (pdev->dev_state)
 756:Middlewares/ST/STM32_USB_Device_Library/Core/Src/usbd_ctlreq.c ****   {
 757:Middlewares/ST/STM32_USB_Device_Library/Core/Src/usbd_ctlreq.c ****     case USBD_STATE_DEFAULT:
 758:Middlewares/ST/STM32_USB_Device_Library/Core/Src/usbd_ctlreq.c ****     case USBD_STATE_ADDRESSED:
 759:Middlewares/ST/STM32_USB_Device_Library/Core/Src/usbd_ctlreq.c ****     case USBD_STATE_CONFIGURED:
 760:Middlewares/ST/STM32_USB_Device_Library/Core/Src/usbd_ctlreq.c ****       if (req->wLength != 0x2U)
 761:Middlewares/ST/STM32_USB_Device_Library/Core/Src/usbd_ctlreq.c ****       {
 762:Middlewares/ST/STM32_USB_Device_Library/Core/Src/usbd_ctlreq.c ****         USBD_CtlError(pdev, req);
 763:Middlewares/ST/STM32_USB_Device_Library/Core/Src/usbd_ctlreq.c ****         break;
 764:Middlewares/ST/STM32_USB_Device_Library/Core/Src/usbd_ctlreq.c ****       }
 765:Middlewares/ST/STM32_USB_Device_Library/Core/Src/usbd_ctlreq.c **** 
 766:Middlewares/ST/STM32_USB_Device_Library/Core/Src/usbd_ctlreq.c **** #if (USBD_SELF_POWERED == 1U)
 767:Middlewares/ST/STM32_USB_Device_Library/Core/Src/usbd_ctlreq.c ****       pdev->dev_config_status = USB_CONFIG_SELF_POWERED;
 768:Middlewares/ST/STM32_USB_Device_Library/Core/Src/usbd_ctlreq.c **** #else
 769:Middlewares/ST/STM32_USB_Device_Library/Core/Src/usbd_ctlreq.c ****       pdev->dev_config_status = 0U;
 770:Middlewares/ST/STM32_USB_Device_Library/Core/Src/usbd_ctlreq.c **** #endif
 771:Middlewares/ST/STM32_USB_Device_Library/Core/Src/usbd_ctlreq.c **** 
ARM GAS  /tmp/ccgfHofL.s 			page 15


 772:Middlewares/ST/STM32_USB_Device_Library/Core/Src/usbd_ctlreq.c ****       if (pdev->dev_remote_wakeup != 0U)
 773:Middlewares/ST/STM32_USB_Device_Library/Core/Src/usbd_ctlreq.c ****       {
 774:Middlewares/ST/STM32_USB_Device_Library/Core/Src/usbd_ctlreq.c ****         pdev->dev_config_status |= USB_CONFIG_REMOTE_WAKEUP;
 775:Middlewares/ST/STM32_USB_Device_Library/Core/Src/usbd_ctlreq.c ****       }
 776:Middlewares/ST/STM32_USB_Device_Library/Core/Src/usbd_ctlreq.c **** 
 777:Middlewares/ST/STM32_USB_Device_Library/Core/Src/usbd_ctlreq.c ****       (void)USBD_CtlSendData(pdev, (uint8_t *)&pdev->dev_config_status, 2U);
 778:Middlewares/ST/STM32_USB_Device_Library/Core/Src/usbd_ctlreq.c ****       break;
 779:Middlewares/ST/STM32_USB_Device_Library/Core/Src/usbd_ctlreq.c **** 
 780:Middlewares/ST/STM32_USB_Device_Library/Core/Src/usbd_ctlreq.c ****     default:
 781:Middlewares/ST/STM32_USB_Device_Library/Core/Src/usbd_ctlreq.c ****       USBD_CtlError(pdev, req);
 782:Middlewares/ST/STM32_USB_Device_Library/Core/Src/usbd_ctlreq.c ****       break;
 783:Middlewares/ST/STM32_USB_Device_Library/Core/Src/usbd_ctlreq.c ****   }
 784:Middlewares/ST/STM32_USB_Device_Library/Core/Src/usbd_ctlreq.c **** }
 785:Middlewares/ST/STM32_USB_Device_Library/Core/Src/usbd_ctlreq.c **** 
 786:Middlewares/ST/STM32_USB_Device_Library/Core/Src/usbd_ctlreq.c **** 
 787:Middlewares/ST/STM32_USB_Device_Library/Core/Src/usbd_ctlreq.c **** /**
 788:Middlewares/ST/STM32_USB_Device_Library/Core/Src/usbd_ctlreq.c ****   * @brief  USBD_SetFeature
 789:Middlewares/ST/STM32_USB_Device_Library/Core/Src/usbd_ctlreq.c ****   *         Handle Set device feature request
 790:Middlewares/ST/STM32_USB_Device_Library/Core/Src/usbd_ctlreq.c ****   * @param  pdev: device instance
 791:Middlewares/ST/STM32_USB_Device_Library/Core/Src/usbd_ctlreq.c ****   * @param  req: usb request
 792:Middlewares/ST/STM32_USB_Device_Library/Core/Src/usbd_ctlreq.c ****   * @retval status
 793:Middlewares/ST/STM32_USB_Device_Library/Core/Src/usbd_ctlreq.c ****   */
 794:Middlewares/ST/STM32_USB_Device_Library/Core/Src/usbd_ctlreq.c **** static void USBD_SetFeature(USBD_HandleTypeDef *pdev, USBD_SetupReqTypedef *req)
 795:Middlewares/ST/STM32_USB_Device_Library/Core/Src/usbd_ctlreq.c **** {
 796:Middlewares/ST/STM32_USB_Device_Library/Core/Src/usbd_ctlreq.c ****   if (req->wValue == USB_FEATURE_REMOTE_WAKEUP)
 797:Middlewares/ST/STM32_USB_Device_Library/Core/Src/usbd_ctlreq.c ****   {
 798:Middlewares/ST/STM32_USB_Device_Library/Core/Src/usbd_ctlreq.c ****     pdev->dev_remote_wakeup = 1U;
 799:Middlewares/ST/STM32_USB_Device_Library/Core/Src/usbd_ctlreq.c ****     (void)USBD_CtlSendStatus(pdev);
 800:Middlewares/ST/STM32_USB_Device_Library/Core/Src/usbd_ctlreq.c ****   }
 801:Middlewares/ST/STM32_USB_Device_Library/Core/Src/usbd_ctlreq.c **** }
 802:Middlewares/ST/STM32_USB_Device_Library/Core/Src/usbd_ctlreq.c **** 
 803:Middlewares/ST/STM32_USB_Device_Library/Core/Src/usbd_ctlreq.c **** 
 804:Middlewares/ST/STM32_USB_Device_Library/Core/Src/usbd_ctlreq.c **** /**
 805:Middlewares/ST/STM32_USB_Device_Library/Core/Src/usbd_ctlreq.c ****   * @brief  USBD_ClrFeature
 806:Middlewares/ST/STM32_USB_Device_Library/Core/Src/usbd_ctlreq.c ****   *         Handle clear device feature request
 807:Middlewares/ST/STM32_USB_Device_Library/Core/Src/usbd_ctlreq.c ****   * @param  pdev: device instance
 808:Middlewares/ST/STM32_USB_Device_Library/Core/Src/usbd_ctlreq.c ****   * @param  req: usb request
 809:Middlewares/ST/STM32_USB_Device_Library/Core/Src/usbd_ctlreq.c ****   * @retval status
 810:Middlewares/ST/STM32_USB_Device_Library/Core/Src/usbd_ctlreq.c ****   */
 811:Middlewares/ST/STM32_USB_Device_Library/Core/Src/usbd_ctlreq.c **** static void USBD_ClrFeature(USBD_HandleTypeDef *pdev, USBD_SetupReqTypedef *req)
 812:Middlewares/ST/STM32_USB_Device_Library/Core/Src/usbd_ctlreq.c **** {
 813:Middlewares/ST/STM32_USB_Device_Library/Core/Src/usbd_ctlreq.c ****   switch (pdev->dev_state)
 814:Middlewares/ST/STM32_USB_Device_Library/Core/Src/usbd_ctlreq.c ****   {
 815:Middlewares/ST/STM32_USB_Device_Library/Core/Src/usbd_ctlreq.c ****     case USBD_STATE_DEFAULT:
 816:Middlewares/ST/STM32_USB_Device_Library/Core/Src/usbd_ctlreq.c ****     case USBD_STATE_ADDRESSED:
 817:Middlewares/ST/STM32_USB_Device_Library/Core/Src/usbd_ctlreq.c ****     case USBD_STATE_CONFIGURED:
 818:Middlewares/ST/STM32_USB_Device_Library/Core/Src/usbd_ctlreq.c ****       if (req->wValue == USB_FEATURE_REMOTE_WAKEUP)
 819:Middlewares/ST/STM32_USB_Device_Library/Core/Src/usbd_ctlreq.c ****       {
 820:Middlewares/ST/STM32_USB_Device_Library/Core/Src/usbd_ctlreq.c ****         pdev->dev_remote_wakeup = 0U;
 821:Middlewares/ST/STM32_USB_Device_Library/Core/Src/usbd_ctlreq.c ****         (void)USBD_CtlSendStatus(pdev);
 822:Middlewares/ST/STM32_USB_Device_Library/Core/Src/usbd_ctlreq.c ****       }
 823:Middlewares/ST/STM32_USB_Device_Library/Core/Src/usbd_ctlreq.c ****       break;
 824:Middlewares/ST/STM32_USB_Device_Library/Core/Src/usbd_ctlreq.c **** 
 825:Middlewares/ST/STM32_USB_Device_Library/Core/Src/usbd_ctlreq.c ****     default:
 826:Middlewares/ST/STM32_USB_Device_Library/Core/Src/usbd_ctlreq.c ****       USBD_CtlError(pdev, req);
 827:Middlewares/ST/STM32_USB_Device_Library/Core/Src/usbd_ctlreq.c ****       break;
 828:Middlewares/ST/STM32_USB_Device_Library/Core/Src/usbd_ctlreq.c ****   }
ARM GAS  /tmp/ccgfHofL.s 			page 16


 829:Middlewares/ST/STM32_USB_Device_Library/Core/Src/usbd_ctlreq.c **** }
 830:Middlewares/ST/STM32_USB_Device_Library/Core/Src/usbd_ctlreq.c **** 
 831:Middlewares/ST/STM32_USB_Device_Library/Core/Src/usbd_ctlreq.c **** 
 832:Middlewares/ST/STM32_USB_Device_Library/Core/Src/usbd_ctlreq.c **** /**
 833:Middlewares/ST/STM32_USB_Device_Library/Core/Src/usbd_ctlreq.c ****   * @brief  USBD_ParseSetupRequest
 834:Middlewares/ST/STM32_USB_Device_Library/Core/Src/usbd_ctlreq.c ****   *         Copy buffer into setup structure
 835:Middlewares/ST/STM32_USB_Device_Library/Core/Src/usbd_ctlreq.c ****   * @param  pdev: device instance
 836:Middlewares/ST/STM32_USB_Device_Library/Core/Src/usbd_ctlreq.c ****   * @param  req: usb request
 837:Middlewares/ST/STM32_USB_Device_Library/Core/Src/usbd_ctlreq.c ****   * @retval None
 838:Middlewares/ST/STM32_USB_Device_Library/Core/Src/usbd_ctlreq.c ****   */
 839:Middlewares/ST/STM32_USB_Device_Library/Core/Src/usbd_ctlreq.c **** void USBD_ParseSetupRequest(USBD_SetupReqTypedef *req, uint8_t *pdata)
 840:Middlewares/ST/STM32_USB_Device_Library/Core/Src/usbd_ctlreq.c **** {
 841:Middlewares/ST/STM32_USB_Device_Library/Core/Src/usbd_ctlreq.c ****   uint8_t *pbuff = pdata;
 842:Middlewares/ST/STM32_USB_Device_Library/Core/Src/usbd_ctlreq.c **** 
 843:Middlewares/ST/STM32_USB_Device_Library/Core/Src/usbd_ctlreq.c ****   req->bmRequest = *(uint8_t *)(pbuff);
 844:Middlewares/ST/STM32_USB_Device_Library/Core/Src/usbd_ctlreq.c **** 
 845:Middlewares/ST/STM32_USB_Device_Library/Core/Src/usbd_ctlreq.c ****   pbuff++;
 846:Middlewares/ST/STM32_USB_Device_Library/Core/Src/usbd_ctlreq.c ****   req->bRequest = *(uint8_t *)(pbuff);
 847:Middlewares/ST/STM32_USB_Device_Library/Core/Src/usbd_ctlreq.c **** 
 848:Middlewares/ST/STM32_USB_Device_Library/Core/Src/usbd_ctlreq.c ****   pbuff++;
 849:Middlewares/ST/STM32_USB_Device_Library/Core/Src/usbd_ctlreq.c ****   req->wValue = SWAPBYTE(pbuff);
 850:Middlewares/ST/STM32_USB_Device_Library/Core/Src/usbd_ctlreq.c **** 
 851:Middlewares/ST/STM32_USB_Device_Library/Core/Src/usbd_ctlreq.c ****   pbuff++;
 852:Middlewares/ST/STM32_USB_Device_Library/Core/Src/usbd_ctlreq.c ****   pbuff++;
 853:Middlewares/ST/STM32_USB_Device_Library/Core/Src/usbd_ctlreq.c ****   req->wIndex = SWAPBYTE(pbuff);
 854:Middlewares/ST/STM32_USB_Device_Library/Core/Src/usbd_ctlreq.c **** 
 855:Middlewares/ST/STM32_USB_Device_Library/Core/Src/usbd_ctlreq.c ****   pbuff++;
 856:Middlewares/ST/STM32_USB_Device_Library/Core/Src/usbd_ctlreq.c ****   pbuff++;
 857:Middlewares/ST/STM32_USB_Device_Library/Core/Src/usbd_ctlreq.c ****   req->wLength = SWAPBYTE(pbuff);
 858:Middlewares/ST/STM32_USB_Device_Library/Core/Src/usbd_ctlreq.c **** }
 859:Middlewares/ST/STM32_USB_Device_Library/Core/Src/usbd_ctlreq.c **** 
 860:Middlewares/ST/STM32_USB_Device_Library/Core/Src/usbd_ctlreq.c **** 
 861:Middlewares/ST/STM32_USB_Device_Library/Core/Src/usbd_ctlreq.c **** /**
 862:Middlewares/ST/STM32_USB_Device_Library/Core/Src/usbd_ctlreq.c ****   * @brief  USBD_CtlError
 863:Middlewares/ST/STM32_USB_Device_Library/Core/Src/usbd_ctlreq.c ****   *         Handle USB low level Error
 864:Middlewares/ST/STM32_USB_Device_Library/Core/Src/usbd_ctlreq.c ****   * @param  pdev: device instance
 865:Middlewares/ST/STM32_USB_Device_Library/Core/Src/usbd_ctlreq.c ****   * @param  req: usb request
 866:Middlewares/ST/STM32_USB_Device_Library/Core/Src/usbd_ctlreq.c ****   * @retval None
 867:Middlewares/ST/STM32_USB_Device_Library/Core/Src/usbd_ctlreq.c ****   */
 868:Middlewares/ST/STM32_USB_Device_Library/Core/Src/usbd_ctlreq.c **** void USBD_CtlError(USBD_HandleTypeDef *pdev, USBD_SetupReqTypedef *req)
 869:Middlewares/ST/STM32_USB_Device_Library/Core/Src/usbd_ctlreq.c **** {
 870:Middlewares/ST/STM32_USB_Device_Library/Core/Src/usbd_ctlreq.c ****   UNUSED(req);
 871:Middlewares/ST/STM32_USB_Device_Library/Core/Src/usbd_ctlreq.c **** 
 872:Middlewares/ST/STM32_USB_Device_Library/Core/Src/usbd_ctlreq.c ****   (void)USBD_LL_StallEP(pdev, 0x80U);
 873:Middlewares/ST/STM32_USB_Device_Library/Core/Src/usbd_ctlreq.c ****   (void)USBD_LL_StallEP(pdev, 0U);
 874:Middlewares/ST/STM32_USB_Device_Library/Core/Src/usbd_ctlreq.c **** }
 875:Middlewares/ST/STM32_USB_Device_Library/Core/Src/usbd_ctlreq.c **** 
 876:Middlewares/ST/STM32_USB_Device_Library/Core/Src/usbd_ctlreq.c **** 
 877:Middlewares/ST/STM32_USB_Device_Library/Core/Src/usbd_ctlreq.c **** /**
 878:Middlewares/ST/STM32_USB_Device_Library/Core/Src/usbd_ctlreq.c ****   * @brief  USBD_GetString
 879:Middlewares/ST/STM32_USB_Device_Library/Core/Src/usbd_ctlreq.c ****   *         Convert Ascii string into unicode one
 880:Middlewares/ST/STM32_USB_Device_Library/Core/Src/usbd_ctlreq.c ****   * @param  desc : descriptor buffer
 881:Middlewares/ST/STM32_USB_Device_Library/Core/Src/usbd_ctlreq.c ****   * @param  unicode : Formatted string buffer (unicode)
 882:Middlewares/ST/STM32_USB_Device_Library/Core/Src/usbd_ctlreq.c ****   * @param  len : descriptor length
 883:Middlewares/ST/STM32_USB_Device_Library/Core/Src/usbd_ctlreq.c ****   * @retval None
 884:Middlewares/ST/STM32_USB_Device_Library/Core/Src/usbd_ctlreq.c ****   */
 885:Middlewares/ST/STM32_USB_Device_Library/Core/Src/usbd_ctlreq.c **** void USBD_GetString(uint8_t *desc, uint8_t *unicode, uint16_t *len)
ARM GAS  /tmp/ccgfHofL.s 			page 17


 886:Middlewares/ST/STM32_USB_Device_Library/Core/Src/usbd_ctlreq.c **** {
 887:Middlewares/ST/STM32_USB_Device_Library/Core/Src/usbd_ctlreq.c ****   uint8_t idx = 0U;
 888:Middlewares/ST/STM32_USB_Device_Library/Core/Src/usbd_ctlreq.c ****   uint8_t *pdesc;
 889:Middlewares/ST/STM32_USB_Device_Library/Core/Src/usbd_ctlreq.c **** 
 890:Middlewares/ST/STM32_USB_Device_Library/Core/Src/usbd_ctlreq.c ****   if (desc == NULL)
 891:Middlewares/ST/STM32_USB_Device_Library/Core/Src/usbd_ctlreq.c ****   {
 892:Middlewares/ST/STM32_USB_Device_Library/Core/Src/usbd_ctlreq.c ****     return;
 893:Middlewares/ST/STM32_USB_Device_Library/Core/Src/usbd_ctlreq.c ****   }
 894:Middlewares/ST/STM32_USB_Device_Library/Core/Src/usbd_ctlreq.c **** 
 895:Middlewares/ST/STM32_USB_Device_Library/Core/Src/usbd_ctlreq.c ****   pdesc = desc;
 896:Middlewares/ST/STM32_USB_Device_Library/Core/Src/usbd_ctlreq.c ****   *len = ((uint16_t)USBD_GetLen(pdesc) * 2U) + 2U;
 897:Middlewares/ST/STM32_USB_Device_Library/Core/Src/usbd_ctlreq.c **** 
 898:Middlewares/ST/STM32_USB_Device_Library/Core/Src/usbd_ctlreq.c ****   unicode[idx] = *(uint8_t *)len;
 899:Middlewares/ST/STM32_USB_Device_Library/Core/Src/usbd_ctlreq.c ****   idx++;
 900:Middlewares/ST/STM32_USB_Device_Library/Core/Src/usbd_ctlreq.c ****   unicode[idx] = USB_DESC_TYPE_STRING;
 901:Middlewares/ST/STM32_USB_Device_Library/Core/Src/usbd_ctlreq.c ****   idx++;
 902:Middlewares/ST/STM32_USB_Device_Library/Core/Src/usbd_ctlreq.c **** 
 903:Middlewares/ST/STM32_USB_Device_Library/Core/Src/usbd_ctlreq.c ****   while (*pdesc != (uint8_t)'\0')
 904:Middlewares/ST/STM32_USB_Device_Library/Core/Src/usbd_ctlreq.c ****   {
 905:Middlewares/ST/STM32_USB_Device_Library/Core/Src/usbd_ctlreq.c ****     unicode[idx] = *pdesc;
 906:Middlewares/ST/STM32_USB_Device_Library/Core/Src/usbd_ctlreq.c ****     pdesc++;
 907:Middlewares/ST/STM32_USB_Device_Library/Core/Src/usbd_ctlreq.c ****     idx++;
 908:Middlewares/ST/STM32_USB_Device_Library/Core/Src/usbd_ctlreq.c **** 
 909:Middlewares/ST/STM32_USB_Device_Library/Core/Src/usbd_ctlreq.c ****     unicode[idx] = 0U;
 910:Middlewares/ST/STM32_USB_Device_Library/Core/Src/usbd_ctlreq.c ****     idx++;
 911:Middlewares/ST/STM32_USB_Device_Library/Core/Src/usbd_ctlreq.c ****   }
 912:Middlewares/ST/STM32_USB_Device_Library/Core/Src/usbd_ctlreq.c **** }
 913:Middlewares/ST/STM32_USB_Device_Library/Core/Src/usbd_ctlreq.c **** 
 914:Middlewares/ST/STM32_USB_Device_Library/Core/Src/usbd_ctlreq.c **** 
 915:Middlewares/ST/STM32_USB_Device_Library/Core/Src/usbd_ctlreq.c **** /**
 916:Middlewares/ST/STM32_USB_Device_Library/Core/Src/usbd_ctlreq.c ****   * @brief  USBD_GetLen
 917:Middlewares/ST/STM32_USB_Device_Library/Core/Src/usbd_ctlreq.c ****   *         return the string length
 918:Middlewares/ST/STM32_USB_Device_Library/Core/Src/usbd_ctlreq.c ****    * @param  buf : pointer to the ascii string buffer
 919:Middlewares/ST/STM32_USB_Device_Library/Core/Src/usbd_ctlreq.c ****   * @retval string length
 920:Middlewares/ST/STM32_USB_Device_Library/Core/Src/usbd_ctlreq.c ****   */
 921:Middlewares/ST/STM32_USB_Device_Library/Core/Src/usbd_ctlreq.c **** static uint8_t USBD_GetLen(uint8_t *buf)
 922:Middlewares/ST/STM32_USB_Device_Library/Core/Src/usbd_ctlreq.c **** {
  29              		.loc 1 922 1 view -0
  30              		.cfi_startproc
  31              		@ args = 0, pretend = 0, frame = 0
  32              		@ frame_needed = 0, uses_anonymous_args = 0
  33              		@ link register save eliminated.
  34              		.loc 1 922 1 is_stmt 0 view .LVU1
  35 0000 0346     		mov	r3, r0
 923:Middlewares/ST/STM32_USB_Device_Library/Core/Src/usbd_ctlreq.c ****   uint8_t  len = 0U;
  36              		.loc 1 923 3 is_stmt 1 view .LVU2
  37              	.LVL1:
 924:Middlewares/ST/STM32_USB_Device_Library/Core/Src/usbd_ctlreq.c ****   uint8_t *pbuff = buf;
  38              		.loc 1 924 3 view .LVU3
 925:Middlewares/ST/STM32_USB_Device_Library/Core/Src/usbd_ctlreq.c **** 
 926:Middlewares/ST/STM32_USB_Device_Library/Core/Src/usbd_ctlreq.c ****   while (*pbuff != (uint8_t)'\0')
  39              		.loc 1 926 3 view .LVU4
 923:Middlewares/ST/STM32_USB_Device_Library/Core/Src/usbd_ctlreq.c ****   uint8_t *pbuff = buf;
  40              		.loc 1 923 12 is_stmt 0 view .LVU5
  41 0002 0020     		movs	r0, #0
  42              	.LVL2:
  43              		.loc 1 926 9 view .LVU6
ARM GAS  /tmp/ccgfHofL.s 			page 18


  44 0004 02E0     		b	.L2
  45              	.LVL3:
  46              	.L3:
 927:Middlewares/ST/STM32_USB_Device_Library/Core/Src/usbd_ctlreq.c ****   {
 928:Middlewares/ST/STM32_USB_Device_Library/Core/Src/usbd_ctlreq.c ****     len++;
  47              		.loc 1 928 5 is_stmt 1 view .LVU7
  48              		.loc 1 928 8 is_stmt 0 view .LVU8
  49 0006 0130     		adds	r0, r0, #1
  50              	.LVL4:
  51              		.loc 1 928 8 view .LVU9
  52 0008 C0B2     		uxtb	r0, r0
  53              	.LVL5:
 929:Middlewares/ST/STM32_USB_Device_Library/Core/Src/usbd_ctlreq.c ****     pbuff++;
  54              		.loc 1 929 5 is_stmt 1 view .LVU10
  55              		.loc 1 929 10 is_stmt 0 view .LVU11
  56 000a 0133     		adds	r3, r3, #1
  57              	.LVL6:
  58              	.L2:
 926:Middlewares/ST/STM32_USB_Device_Library/Core/Src/usbd_ctlreq.c ****   {
  59              		.loc 1 926 17 is_stmt 1 discriminator 1 view .LVU12
 926:Middlewares/ST/STM32_USB_Device_Library/Core/Src/usbd_ctlreq.c ****   {
  60              		.loc 1 926 10 is_stmt 0 discriminator 1 view .LVU13
  61 000c 1A78     		ldrb	r2, [r3]	@ zero_extendqisi2
 926:Middlewares/ST/STM32_USB_Device_Library/Core/Src/usbd_ctlreq.c ****   {
  62              		.loc 1 926 17 discriminator 1 view .LVU14
  63 000e 002A     		cmp	r2, #0
  64 0010 F9D1     		bne	.L3
 930:Middlewares/ST/STM32_USB_Device_Library/Core/Src/usbd_ctlreq.c ****   }
 931:Middlewares/ST/STM32_USB_Device_Library/Core/Src/usbd_ctlreq.c **** 
 932:Middlewares/ST/STM32_USB_Device_Library/Core/Src/usbd_ctlreq.c ****   return len;
  65              		.loc 1 932 3 is_stmt 1 view .LVU15
 933:Middlewares/ST/STM32_USB_Device_Library/Core/Src/usbd_ctlreq.c **** }
  66              		.loc 1 933 1 is_stmt 0 view .LVU16
  67 0012 7047     		bx	lr
  68              		.cfi_endproc
  69              	.LFE346:
  71              		.section	.text.USBD_SetFeature,"ax",%progbits
  72              		.align	1
  73              		.syntax unified
  74              		.thumb
  75              		.thumb_func
  77              	USBD_SetFeature:
  78              	.LVL7:
  79              	.LFB341:
 795:Middlewares/ST/STM32_USB_Device_Library/Core/Src/usbd_ctlreq.c ****   if (req->wValue == USB_FEATURE_REMOTE_WAKEUP)
  80              		.loc 1 795 1 is_stmt 1 view -0
  81              		.cfi_startproc
  82              		@ args = 0, pretend = 0, frame = 0
  83              		@ frame_needed = 0, uses_anonymous_args = 0
 795:Middlewares/ST/STM32_USB_Device_Library/Core/Src/usbd_ctlreq.c ****   if (req->wValue == USB_FEATURE_REMOTE_WAKEUP)
  84              		.loc 1 795 1 is_stmt 0 view .LVU18
  85 0000 08B5     		push	{r3, lr}
  86              	.LCFI0:
  87              		.cfi_def_cfa_offset 8
  88              		.cfi_offset 3, -8
  89              		.cfi_offset 14, -4
 796:Middlewares/ST/STM32_USB_Device_Library/Core/Src/usbd_ctlreq.c ****   {
ARM GAS  /tmp/ccgfHofL.s 			page 19


  90              		.loc 1 796 3 is_stmt 1 view .LVU19
 796:Middlewares/ST/STM32_USB_Device_Library/Core/Src/usbd_ctlreq.c ****   {
  91              		.loc 1 796 10 is_stmt 0 view .LVU20
  92 0002 4B88     		ldrh	r3, [r1, #2]
 796:Middlewares/ST/STM32_USB_Device_Library/Core/Src/usbd_ctlreq.c ****   {
  93              		.loc 1 796 6 view .LVU21
  94 0004 012B     		cmp	r3, #1
  95 0006 00D0     		beq	.L7
  96              	.LVL8:
  97              	.L4:
 801:Middlewares/ST/STM32_USB_Device_Library/Core/Src/usbd_ctlreq.c **** 
  98              		.loc 1 801 1 view .LVU22
  99 0008 08BD     		pop	{r3, pc}
 100              	.LVL9:
 101              	.L7:
 798:Middlewares/ST/STM32_USB_Device_Library/Core/Src/usbd_ctlreq.c ****     (void)USBD_CtlSendStatus(pdev);
 102              		.loc 1 798 5 is_stmt 1 view .LVU23
 798:Middlewares/ST/STM32_USB_Device_Library/Core/Src/usbd_ctlreq.c ****     (void)USBD_CtlSendStatus(pdev);
 103              		.loc 1 798 29 is_stmt 0 view .LVU24
 104 000a C0F8A432 		str	r3, [r0, #676]
 799:Middlewares/ST/STM32_USB_Device_Library/Core/Src/usbd_ctlreq.c ****   }
 105              		.loc 1 799 5 is_stmt 1 view .LVU25
 799:Middlewares/ST/STM32_USB_Device_Library/Core/Src/usbd_ctlreq.c ****   }
 106              		.loc 1 799 11 is_stmt 0 view .LVU26
 107 000e FFF7FEFF 		bl	USBD_CtlSendStatus
 108              	.LVL10:
 801:Middlewares/ST/STM32_USB_Device_Library/Core/Src/usbd_ctlreq.c **** 
 109              		.loc 1 801 1 view .LVU27
 110 0012 F9E7     		b	.L4
 111              		.cfi_endproc
 112              	.LFE341:
 114              		.section	.text.USBD_ParseSetupRequest,"ax",%progbits
 115              		.align	1
 116              		.global	USBD_ParseSetupRequest
 117              		.syntax unified
 118              		.thumb
 119              		.thumb_func
 121              	USBD_ParseSetupRequest:
 122              	.LVL11:
 123              	.LFB343:
 840:Middlewares/ST/STM32_USB_Device_Library/Core/Src/usbd_ctlreq.c ****   uint8_t *pbuff = pdata;
 124              		.loc 1 840 1 is_stmt 1 view -0
 125              		.cfi_startproc
 126              		@ args = 0, pretend = 0, frame = 0
 127              		@ frame_needed = 0, uses_anonymous_args = 0
 128              		@ link register save eliminated.
 841:Middlewares/ST/STM32_USB_Device_Library/Core/Src/usbd_ctlreq.c **** 
 129              		.loc 1 841 3 view .LVU29
 843:Middlewares/ST/STM32_USB_Device_Library/Core/Src/usbd_ctlreq.c **** 
 130              		.loc 1 843 3 view .LVU30
 843:Middlewares/ST/STM32_USB_Device_Library/Core/Src/usbd_ctlreq.c **** 
 131              		.loc 1 843 20 is_stmt 0 view .LVU31
 132 0000 0B78     		ldrb	r3, [r1]	@ zero_extendqisi2
 843:Middlewares/ST/STM32_USB_Device_Library/Core/Src/usbd_ctlreq.c **** 
 133              		.loc 1 843 18 view .LVU32
 134 0002 0370     		strb	r3, [r0]
 845:Middlewares/ST/STM32_USB_Device_Library/Core/Src/usbd_ctlreq.c ****   req->bRequest = *(uint8_t *)(pbuff);
ARM GAS  /tmp/ccgfHofL.s 			page 20


 135              		.loc 1 845 3 is_stmt 1 view .LVU33
 136              	.LVL12:
 846:Middlewares/ST/STM32_USB_Device_Library/Core/Src/usbd_ctlreq.c **** 
 137              		.loc 1 846 3 view .LVU34
 846:Middlewares/ST/STM32_USB_Device_Library/Core/Src/usbd_ctlreq.c **** 
 138              		.loc 1 846 19 is_stmt 0 view .LVU35
 139 0004 4B78     		ldrb	r3, [r1, #1]	@ zero_extendqisi2
 846:Middlewares/ST/STM32_USB_Device_Library/Core/Src/usbd_ctlreq.c **** 
 140              		.loc 1 846 17 view .LVU36
 141 0006 4370     		strb	r3, [r0, #1]
 848:Middlewares/ST/STM32_USB_Device_Library/Core/Src/usbd_ctlreq.c ****   req->wValue = SWAPBYTE(pbuff);
 142              		.loc 1 848 3 is_stmt 1 view .LVU37
 143              	.LVL13:
 849:Middlewares/ST/STM32_USB_Device_Library/Core/Src/usbd_ctlreq.c **** 
 144              		.loc 1 849 3 view .LVU38
 145              	.LBB8:
 146              	.LBI8:
 147              		.file 2 "Middlewares/ST/STM32_USB_Device_Library/Core/Inc/usbd_def.h"
   1:Middlewares/ST/STM32_USB_Device_Library/Core/Inc/usbd_def.h **** /**
   2:Middlewares/ST/STM32_USB_Device_Library/Core/Inc/usbd_def.h ****   ******************************************************************************
   3:Middlewares/ST/STM32_USB_Device_Library/Core/Inc/usbd_def.h ****   * @file    usbd_def.h
   4:Middlewares/ST/STM32_USB_Device_Library/Core/Inc/usbd_def.h ****   * @author  MCD Application Team
   5:Middlewares/ST/STM32_USB_Device_Library/Core/Inc/usbd_def.h ****   * @brief   General defines for the usb device library
   6:Middlewares/ST/STM32_USB_Device_Library/Core/Inc/usbd_def.h ****   ******************************************************************************
   7:Middlewares/ST/STM32_USB_Device_Library/Core/Inc/usbd_def.h ****   * @attention
   8:Middlewares/ST/STM32_USB_Device_Library/Core/Inc/usbd_def.h ****   *
   9:Middlewares/ST/STM32_USB_Device_Library/Core/Inc/usbd_def.h ****   * <h2><center>&copy; Copyright (c) 2015 STMicroelectronics.
  10:Middlewares/ST/STM32_USB_Device_Library/Core/Inc/usbd_def.h ****   * All rights reserved.</center></h2>
  11:Middlewares/ST/STM32_USB_Device_Library/Core/Inc/usbd_def.h ****   *
  12:Middlewares/ST/STM32_USB_Device_Library/Core/Inc/usbd_def.h ****   * This software component is licensed by ST under Ultimate Liberty license
  13:Middlewares/ST/STM32_USB_Device_Library/Core/Inc/usbd_def.h ****   * SLA0044, the "License"; You may not use this file except in compliance with
  14:Middlewares/ST/STM32_USB_Device_Library/Core/Inc/usbd_def.h ****   * the License. You may obtain a copy of the License at:
  15:Middlewares/ST/STM32_USB_Device_Library/Core/Inc/usbd_def.h ****   *                      www.st.com/SLA0044
  16:Middlewares/ST/STM32_USB_Device_Library/Core/Inc/usbd_def.h ****   *
  17:Middlewares/ST/STM32_USB_Device_Library/Core/Inc/usbd_def.h ****   ******************************************************************************
  18:Middlewares/ST/STM32_USB_Device_Library/Core/Inc/usbd_def.h ****   */
  19:Middlewares/ST/STM32_USB_Device_Library/Core/Inc/usbd_def.h **** 
  20:Middlewares/ST/STM32_USB_Device_Library/Core/Inc/usbd_def.h **** /* Define to prevent recursive inclusion -------------------------------------*/
  21:Middlewares/ST/STM32_USB_Device_Library/Core/Inc/usbd_def.h **** #ifndef __USBD_DEF_H
  22:Middlewares/ST/STM32_USB_Device_Library/Core/Inc/usbd_def.h **** #define __USBD_DEF_H
  23:Middlewares/ST/STM32_USB_Device_Library/Core/Inc/usbd_def.h **** 
  24:Middlewares/ST/STM32_USB_Device_Library/Core/Inc/usbd_def.h **** #ifdef __cplusplus
  25:Middlewares/ST/STM32_USB_Device_Library/Core/Inc/usbd_def.h **** extern "C" {
  26:Middlewares/ST/STM32_USB_Device_Library/Core/Inc/usbd_def.h **** #endif
  27:Middlewares/ST/STM32_USB_Device_Library/Core/Inc/usbd_def.h **** 
  28:Middlewares/ST/STM32_USB_Device_Library/Core/Inc/usbd_def.h **** /* Includes ------------------------------------------------------------------*/
  29:Middlewares/ST/STM32_USB_Device_Library/Core/Inc/usbd_def.h **** #include "usbd_conf.h"
  30:Middlewares/ST/STM32_USB_Device_Library/Core/Inc/usbd_def.h **** 
  31:Middlewares/ST/STM32_USB_Device_Library/Core/Inc/usbd_def.h **** /** @addtogroup STM32_USBD_DEVICE_LIBRARY
  32:Middlewares/ST/STM32_USB_Device_Library/Core/Inc/usbd_def.h ****   * @{
  33:Middlewares/ST/STM32_USB_Device_Library/Core/Inc/usbd_def.h ****   */
  34:Middlewares/ST/STM32_USB_Device_Library/Core/Inc/usbd_def.h **** 
  35:Middlewares/ST/STM32_USB_Device_Library/Core/Inc/usbd_def.h **** /** @defgroup USB_DEF
  36:Middlewares/ST/STM32_USB_Device_Library/Core/Inc/usbd_def.h ****   * @brief general defines for the usb device library file
  37:Middlewares/ST/STM32_USB_Device_Library/Core/Inc/usbd_def.h ****   * @{
  38:Middlewares/ST/STM32_USB_Device_Library/Core/Inc/usbd_def.h ****   */
  39:Middlewares/ST/STM32_USB_Device_Library/Core/Inc/usbd_def.h **** 
ARM GAS  /tmp/ccgfHofL.s 			page 21


  40:Middlewares/ST/STM32_USB_Device_Library/Core/Inc/usbd_def.h **** /** @defgroup USB_DEF_Exported_Defines
  41:Middlewares/ST/STM32_USB_Device_Library/Core/Inc/usbd_def.h ****   * @{
  42:Middlewares/ST/STM32_USB_Device_Library/Core/Inc/usbd_def.h ****   */
  43:Middlewares/ST/STM32_USB_Device_Library/Core/Inc/usbd_def.h **** 
  44:Middlewares/ST/STM32_USB_Device_Library/Core/Inc/usbd_def.h **** #ifndef NULL
  45:Middlewares/ST/STM32_USB_Device_Library/Core/Inc/usbd_def.h **** #define NULL                                            0U
  46:Middlewares/ST/STM32_USB_Device_Library/Core/Inc/usbd_def.h **** #endif /* NULL */
  47:Middlewares/ST/STM32_USB_Device_Library/Core/Inc/usbd_def.h **** 
  48:Middlewares/ST/STM32_USB_Device_Library/Core/Inc/usbd_def.h **** #ifndef USBD_MAX_NUM_INTERFACES
  49:Middlewares/ST/STM32_USB_Device_Library/Core/Inc/usbd_def.h **** #define USBD_MAX_NUM_INTERFACES                         1U
  50:Middlewares/ST/STM32_USB_Device_Library/Core/Inc/usbd_def.h **** #endif /* USBD_MAX_NUM_CONFIGURATION */
  51:Middlewares/ST/STM32_USB_Device_Library/Core/Inc/usbd_def.h **** 
  52:Middlewares/ST/STM32_USB_Device_Library/Core/Inc/usbd_def.h **** #ifndef USBD_MAX_NUM_CONFIGURATION
  53:Middlewares/ST/STM32_USB_Device_Library/Core/Inc/usbd_def.h **** #define USBD_MAX_NUM_CONFIGURATION                      1U
  54:Middlewares/ST/STM32_USB_Device_Library/Core/Inc/usbd_def.h **** #endif /* USBD_MAX_NUM_CONFIGURATION */
  55:Middlewares/ST/STM32_USB_Device_Library/Core/Inc/usbd_def.h **** 
  56:Middlewares/ST/STM32_USB_Device_Library/Core/Inc/usbd_def.h **** #ifndef USBD_LPM_ENABLED
  57:Middlewares/ST/STM32_USB_Device_Library/Core/Inc/usbd_def.h **** #define USBD_LPM_ENABLED                                0U
  58:Middlewares/ST/STM32_USB_Device_Library/Core/Inc/usbd_def.h **** #endif /* USBD_LPM_ENABLED */
  59:Middlewares/ST/STM32_USB_Device_Library/Core/Inc/usbd_def.h **** 
  60:Middlewares/ST/STM32_USB_Device_Library/Core/Inc/usbd_def.h **** #ifndef USBD_SELF_POWERED
  61:Middlewares/ST/STM32_USB_Device_Library/Core/Inc/usbd_def.h **** #define USBD_SELF_POWERED                               1U
  62:Middlewares/ST/STM32_USB_Device_Library/Core/Inc/usbd_def.h **** #endif /*USBD_SELF_POWERED */
  63:Middlewares/ST/STM32_USB_Device_Library/Core/Inc/usbd_def.h **** 
  64:Middlewares/ST/STM32_USB_Device_Library/Core/Inc/usbd_def.h **** #ifndef USBD_MAX_POWER
  65:Middlewares/ST/STM32_USB_Device_Library/Core/Inc/usbd_def.h **** #define USBD_MAX_POWER                                  0x32U /* 100 mA */
  66:Middlewares/ST/STM32_USB_Device_Library/Core/Inc/usbd_def.h **** #endif /* USBD_MAX_POWER */
  67:Middlewares/ST/STM32_USB_Device_Library/Core/Inc/usbd_def.h **** 
  68:Middlewares/ST/STM32_USB_Device_Library/Core/Inc/usbd_def.h **** #ifndef USBD_SUPPORT_USER_STRING_DESC
  69:Middlewares/ST/STM32_USB_Device_Library/Core/Inc/usbd_def.h **** #define USBD_SUPPORT_USER_STRING_DESC                   0U
  70:Middlewares/ST/STM32_USB_Device_Library/Core/Inc/usbd_def.h **** #endif /* USBD_SUPPORT_USER_STRING_DESC */
  71:Middlewares/ST/STM32_USB_Device_Library/Core/Inc/usbd_def.h **** 
  72:Middlewares/ST/STM32_USB_Device_Library/Core/Inc/usbd_def.h **** #ifndef USBD_CLASS_USER_STRING_DESC
  73:Middlewares/ST/STM32_USB_Device_Library/Core/Inc/usbd_def.h **** #define USBD_CLASS_USER_STRING_DESC                     0U
  74:Middlewares/ST/STM32_USB_Device_Library/Core/Inc/usbd_def.h **** #endif /* USBD_CLASS_USER_STRING_DESC */
  75:Middlewares/ST/STM32_USB_Device_Library/Core/Inc/usbd_def.h **** 
  76:Middlewares/ST/STM32_USB_Device_Library/Core/Inc/usbd_def.h **** #define  USB_LEN_DEV_QUALIFIER_DESC                     0x0AU
  77:Middlewares/ST/STM32_USB_Device_Library/Core/Inc/usbd_def.h **** #define  USB_LEN_DEV_DESC                               0x12U
  78:Middlewares/ST/STM32_USB_Device_Library/Core/Inc/usbd_def.h **** #define  USB_LEN_CFG_DESC                               0x09U
  79:Middlewares/ST/STM32_USB_Device_Library/Core/Inc/usbd_def.h **** #define  USB_LEN_IF_DESC                                0x09U
  80:Middlewares/ST/STM32_USB_Device_Library/Core/Inc/usbd_def.h **** #define  USB_LEN_EP_DESC                                0x07U
  81:Middlewares/ST/STM32_USB_Device_Library/Core/Inc/usbd_def.h **** #define  USB_LEN_OTG_DESC                               0x03U
  82:Middlewares/ST/STM32_USB_Device_Library/Core/Inc/usbd_def.h **** #define  USB_LEN_LANGID_STR_DESC                        0x04U
  83:Middlewares/ST/STM32_USB_Device_Library/Core/Inc/usbd_def.h **** #define  USB_LEN_OTHER_SPEED_DESC_SIZ                   0x09U
  84:Middlewares/ST/STM32_USB_Device_Library/Core/Inc/usbd_def.h **** 
  85:Middlewares/ST/STM32_USB_Device_Library/Core/Inc/usbd_def.h **** #define  USBD_IDX_LANGID_STR                            0x00U
  86:Middlewares/ST/STM32_USB_Device_Library/Core/Inc/usbd_def.h **** #define  USBD_IDX_MFC_STR                               0x01U
  87:Middlewares/ST/STM32_USB_Device_Library/Core/Inc/usbd_def.h **** #define  USBD_IDX_PRODUCT_STR                           0x02U
  88:Middlewares/ST/STM32_USB_Device_Library/Core/Inc/usbd_def.h **** #define  USBD_IDX_SERIAL_STR                            0x03U
  89:Middlewares/ST/STM32_USB_Device_Library/Core/Inc/usbd_def.h **** #define  USBD_IDX_CONFIG_STR                            0x04U
  90:Middlewares/ST/STM32_USB_Device_Library/Core/Inc/usbd_def.h **** #define  USBD_IDX_INTERFACE_STR                         0x05U
  91:Middlewares/ST/STM32_USB_Device_Library/Core/Inc/usbd_def.h **** 
  92:Middlewares/ST/STM32_USB_Device_Library/Core/Inc/usbd_def.h **** #define  USB_REQ_TYPE_STANDARD                          0x00U
  93:Middlewares/ST/STM32_USB_Device_Library/Core/Inc/usbd_def.h **** #define  USB_REQ_TYPE_CLASS                             0x20U
  94:Middlewares/ST/STM32_USB_Device_Library/Core/Inc/usbd_def.h **** #define  USB_REQ_TYPE_VENDOR                            0x40U
  95:Middlewares/ST/STM32_USB_Device_Library/Core/Inc/usbd_def.h **** #define  USB_REQ_TYPE_MASK                              0x60U
  96:Middlewares/ST/STM32_USB_Device_Library/Core/Inc/usbd_def.h **** 
ARM GAS  /tmp/ccgfHofL.s 			page 22


  97:Middlewares/ST/STM32_USB_Device_Library/Core/Inc/usbd_def.h **** #define  USB_REQ_RECIPIENT_DEVICE                       0x00U
  98:Middlewares/ST/STM32_USB_Device_Library/Core/Inc/usbd_def.h **** #define  USB_REQ_RECIPIENT_INTERFACE                    0x01U
  99:Middlewares/ST/STM32_USB_Device_Library/Core/Inc/usbd_def.h **** #define  USB_REQ_RECIPIENT_ENDPOINT                     0x02U
 100:Middlewares/ST/STM32_USB_Device_Library/Core/Inc/usbd_def.h **** #define  USB_REQ_RECIPIENT_MASK                         0x03U
 101:Middlewares/ST/STM32_USB_Device_Library/Core/Inc/usbd_def.h **** 
 102:Middlewares/ST/STM32_USB_Device_Library/Core/Inc/usbd_def.h **** #define  USB_REQ_GET_STATUS                             0x00U
 103:Middlewares/ST/STM32_USB_Device_Library/Core/Inc/usbd_def.h **** #define  USB_REQ_CLEAR_FEATURE                          0x01U
 104:Middlewares/ST/STM32_USB_Device_Library/Core/Inc/usbd_def.h **** #define  USB_REQ_SET_FEATURE                            0x03U
 105:Middlewares/ST/STM32_USB_Device_Library/Core/Inc/usbd_def.h **** #define  USB_REQ_SET_ADDRESS                            0x05U
 106:Middlewares/ST/STM32_USB_Device_Library/Core/Inc/usbd_def.h **** #define  USB_REQ_GET_DESCRIPTOR                         0x06U
 107:Middlewares/ST/STM32_USB_Device_Library/Core/Inc/usbd_def.h **** #define  USB_REQ_SET_DESCRIPTOR                         0x07U
 108:Middlewares/ST/STM32_USB_Device_Library/Core/Inc/usbd_def.h **** #define  USB_REQ_GET_CONFIGURATION                      0x08U
 109:Middlewares/ST/STM32_USB_Device_Library/Core/Inc/usbd_def.h **** #define  USB_REQ_SET_CONFIGURATION                      0x09U
 110:Middlewares/ST/STM32_USB_Device_Library/Core/Inc/usbd_def.h **** #define  USB_REQ_GET_INTERFACE                          0x0AU
 111:Middlewares/ST/STM32_USB_Device_Library/Core/Inc/usbd_def.h **** #define  USB_REQ_SET_INTERFACE                          0x0BU
 112:Middlewares/ST/STM32_USB_Device_Library/Core/Inc/usbd_def.h **** #define  USB_REQ_SYNCH_FRAME                            0x0CU
 113:Middlewares/ST/STM32_USB_Device_Library/Core/Inc/usbd_def.h **** 
 114:Middlewares/ST/STM32_USB_Device_Library/Core/Inc/usbd_def.h **** #define  USB_DESC_TYPE_DEVICE                           0x01U
 115:Middlewares/ST/STM32_USB_Device_Library/Core/Inc/usbd_def.h **** #define  USB_DESC_TYPE_CONFIGURATION                    0x02U
 116:Middlewares/ST/STM32_USB_Device_Library/Core/Inc/usbd_def.h **** #define  USB_DESC_TYPE_STRING                           0x03U
 117:Middlewares/ST/STM32_USB_Device_Library/Core/Inc/usbd_def.h **** #define  USB_DESC_TYPE_INTERFACE                        0x04U
 118:Middlewares/ST/STM32_USB_Device_Library/Core/Inc/usbd_def.h **** #define  USB_DESC_TYPE_ENDPOINT                         0x05U
 119:Middlewares/ST/STM32_USB_Device_Library/Core/Inc/usbd_def.h **** #define  USB_DESC_TYPE_DEVICE_QUALIFIER                 0x06U
 120:Middlewares/ST/STM32_USB_Device_Library/Core/Inc/usbd_def.h **** #define  USB_DESC_TYPE_OTHER_SPEED_CONFIGURATION        0x07U
 121:Middlewares/ST/STM32_USB_Device_Library/Core/Inc/usbd_def.h **** #define  USB_DESC_TYPE_IAD                              0x0BU
 122:Middlewares/ST/STM32_USB_Device_Library/Core/Inc/usbd_def.h **** #define  USB_DESC_TYPE_BOS                              0x0FU
 123:Middlewares/ST/STM32_USB_Device_Library/Core/Inc/usbd_def.h **** 
 124:Middlewares/ST/STM32_USB_Device_Library/Core/Inc/usbd_def.h **** #define USB_CONFIG_REMOTE_WAKEUP                        0x02U
 125:Middlewares/ST/STM32_USB_Device_Library/Core/Inc/usbd_def.h **** #define USB_CONFIG_SELF_POWERED                         0x01U
 126:Middlewares/ST/STM32_USB_Device_Library/Core/Inc/usbd_def.h **** 
 127:Middlewares/ST/STM32_USB_Device_Library/Core/Inc/usbd_def.h **** #define USB_FEATURE_EP_HALT                             0x00U
 128:Middlewares/ST/STM32_USB_Device_Library/Core/Inc/usbd_def.h **** #define USB_FEATURE_REMOTE_WAKEUP                       0x01U
 129:Middlewares/ST/STM32_USB_Device_Library/Core/Inc/usbd_def.h **** #define USB_FEATURE_TEST_MODE                           0x02U
 130:Middlewares/ST/STM32_USB_Device_Library/Core/Inc/usbd_def.h **** 
 131:Middlewares/ST/STM32_USB_Device_Library/Core/Inc/usbd_def.h **** #define USB_DEVICE_CAPABITY_TYPE                        0x10U
 132:Middlewares/ST/STM32_USB_Device_Library/Core/Inc/usbd_def.h **** 
 133:Middlewares/ST/STM32_USB_Device_Library/Core/Inc/usbd_def.h **** #define USB_CONF_DESC_SIZE                              0x09U
 134:Middlewares/ST/STM32_USB_Device_Library/Core/Inc/usbd_def.h **** #define USB_IF_DESC_SIZE                                0x09U
 135:Middlewares/ST/STM32_USB_Device_Library/Core/Inc/usbd_def.h **** #define USB_EP_DESC_SIZE                                0x07U
 136:Middlewares/ST/STM32_USB_Device_Library/Core/Inc/usbd_def.h **** #define USB_IAD_DESC_SIZE                               0x08U
 137:Middlewares/ST/STM32_USB_Device_Library/Core/Inc/usbd_def.h **** 
 138:Middlewares/ST/STM32_USB_Device_Library/Core/Inc/usbd_def.h **** #define USB_HS_MAX_PACKET_SIZE                          512U
 139:Middlewares/ST/STM32_USB_Device_Library/Core/Inc/usbd_def.h **** #define USB_FS_MAX_PACKET_SIZE                          64U
 140:Middlewares/ST/STM32_USB_Device_Library/Core/Inc/usbd_def.h **** #define USB_MAX_EP0_SIZE                                64U
 141:Middlewares/ST/STM32_USB_Device_Library/Core/Inc/usbd_def.h **** 
 142:Middlewares/ST/STM32_USB_Device_Library/Core/Inc/usbd_def.h **** /*  Device Status */
 143:Middlewares/ST/STM32_USB_Device_Library/Core/Inc/usbd_def.h **** #define USBD_STATE_DEFAULT                              0x01U
 144:Middlewares/ST/STM32_USB_Device_Library/Core/Inc/usbd_def.h **** #define USBD_STATE_ADDRESSED                            0x02U
 145:Middlewares/ST/STM32_USB_Device_Library/Core/Inc/usbd_def.h **** #define USBD_STATE_CONFIGURED                           0x03U
 146:Middlewares/ST/STM32_USB_Device_Library/Core/Inc/usbd_def.h **** #define USBD_STATE_SUSPENDED                            0x04U
 147:Middlewares/ST/STM32_USB_Device_Library/Core/Inc/usbd_def.h **** 
 148:Middlewares/ST/STM32_USB_Device_Library/Core/Inc/usbd_def.h **** 
 149:Middlewares/ST/STM32_USB_Device_Library/Core/Inc/usbd_def.h **** /*  EP0 State */
 150:Middlewares/ST/STM32_USB_Device_Library/Core/Inc/usbd_def.h **** #define USBD_EP0_IDLE                                   0x00U
 151:Middlewares/ST/STM32_USB_Device_Library/Core/Inc/usbd_def.h **** #define USBD_EP0_SETUP                                  0x01U
 152:Middlewares/ST/STM32_USB_Device_Library/Core/Inc/usbd_def.h **** #define USBD_EP0_DATA_IN                                0x02U
 153:Middlewares/ST/STM32_USB_Device_Library/Core/Inc/usbd_def.h **** #define USBD_EP0_DATA_OUT                               0x03U
ARM GAS  /tmp/ccgfHofL.s 			page 23


 154:Middlewares/ST/STM32_USB_Device_Library/Core/Inc/usbd_def.h **** #define USBD_EP0_STATUS_IN                              0x04U
 155:Middlewares/ST/STM32_USB_Device_Library/Core/Inc/usbd_def.h **** #define USBD_EP0_STATUS_OUT                             0x05U
 156:Middlewares/ST/STM32_USB_Device_Library/Core/Inc/usbd_def.h **** #define USBD_EP0_STALL                                  0x06U
 157:Middlewares/ST/STM32_USB_Device_Library/Core/Inc/usbd_def.h **** 
 158:Middlewares/ST/STM32_USB_Device_Library/Core/Inc/usbd_def.h **** #define USBD_EP_TYPE_CTRL                               0x00U
 159:Middlewares/ST/STM32_USB_Device_Library/Core/Inc/usbd_def.h **** #define USBD_EP_TYPE_ISOC                               0x01U
 160:Middlewares/ST/STM32_USB_Device_Library/Core/Inc/usbd_def.h **** #define USBD_EP_TYPE_BULK                               0x02U
 161:Middlewares/ST/STM32_USB_Device_Library/Core/Inc/usbd_def.h **** #define USBD_EP_TYPE_INTR                               0x03U
 162:Middlewares/ST/STM32_USB_Device_Library/Core/Inc/usbd_def.h **** 
 163:Middlewares/ST/STM32_USB_Device_Library/Core/Inc/usbd_def.h **** /**
 164:Middlewares/ST/STM32_USB_Device_Library/Core/Inc/usbd_def.h ****   * @}
 165:Middlewares/ST/STM32_USB_Device_Library/Core/Inc/usbd_def.h ****   */
 166:Middlewares/ST/STM32_USB_Device_Library/Core/Inc/usbd_def.h **** 
 167:Middlewares/ST/STM32_USB_Device_Library/Core/Inc/usbd_def.h **** 
 168:Middlewares/ST/STM32_USB_Device_Library/Core/Inc/usbd_def.h **** /** @defgroup USBD_DEF_Exported_TypesDefinitions
 169:Middlewares/ST/STM32_USB_Device_Library/Core/Inc/usbd_def.h ****   * @{
 170:Middlewares/ST/STM32_USB_Device_Library/Core/Inc/usbd_def.h ****   */
 171:Middlewares/ST/STM32_USB_Device_Library/Core/Inc/usbd_def.h **** 
 172:Middlewares/ST/STM32_USB_Device_Library/Core/Inc/usbd_def.h **** typedef  struct  usb_setup_req
 173:Middlewares/ST/STM32_USB_Device_Library/Core/Inc/usbd_def.h **** {
 174:Middlewares/ST/STM32_USB_Device_Library/Core/Inc/usbd_def.h ****   uint8_t   bmRequest;
 175:Middlewares/ST/STM32_USB_Device_Library/Core/Inc/usbd_def.h ****   uint8_t   bRequest;
 176:Middlewares/ST/STM32_USB_Device_Library/Core/Inc/usbd_def.h ****   uint16_t  wValue;
 177:Middlewares/ST/STM32_USB_Device_Library/Core/Inc/usbd_def.h ****   uint16_t  wIndex;
 178:Middlewares/ST/STM32_USB_Device_Library/Core/Inc/usbd_def.h ****   uint16_t  wLength;
 179:Middlewares/ST/STM32_USB_Device_Library/Core/Inc/usbd_def.h **** } USBD_SetupReqTypedef;
 180:Middlewares/ST/STM32_USB_Device_Library/Core/Inc/usbd_def.h **** 
 181:Middlewares/ST/STM32_USB_Device_Library/Core/Inc/usbd_def.h **** typedef struct
 182:Middlewares/ST/STM32_USB_Device_Library/Core/Inc/usbd_def.h **** {
 183:Middlewares/ST/STM32_USB_Device_Library/Core/Inc/usbd_def.h ****   uint8_t   bLength;
 184:Middlewares/ST/STM32_USB_Device_Library/Core/Inc/usbd_def.h ****   uint8_t   bDescriptorType;
 185:Middlewares/ST/STM32_USB_Device_Library/Core/Inc/usbd_def.h ****   uint16_t  wTotalLength;
 186:Middlewares/ST/STM32_USB_Device_Library/Core/Inc/usbd_def.h ****   uint8_t   bNumInterfaces;
 187:Middlewares/ST/STM32_USB_Device_Library/Core/Inc/usbd_def.h ****   uint8_t   bConfigurationValue;
 188:Middlewares/ST/STM32_USB_Device_Library/Core/Inc/usbd_def.h ****   uint8_t   iConfiguration;
 189:Middlewares/ST/STM32_USB_Device_Library/Core/Inc/usbd_def.h ****   uint8_t   bmAttributes;
 190:Middlewares/ST/STM32_USB_Device_Library/Core/Inc/usbd_def.h ****   uint8_t   bMaxPower;
 191:Middlewares/ST/STM32_USB_Device_Library/Core/Inc/usbd_def.h **** } USBD_ConfigDescTypedef;
 192:Middlewares/ST/STM32_USB_Device_Library/Core/Inc/usbd_def.h **** 
 193:Middlewares/ST/STM32_USB_Device_Library/Core/Inc/usbd_def.h **** typedef struct
 194:Middlewares/ST/STM32_USB_Device_Library/Core/Inc/usbd_def.h **** {
 195:Middlewares/ST/STM32_USB_Device_Library/Core/Inc/usbd_def.h ****   uint8_t   bLength;
 196:Middlewares/ST/STM32_USB_Device_Library/Core/Inc/usbd_def.h ****   uint8_t   bDescriptorType;
 197:Middlewares/ST/STM32_USB_Device_Library/Core/Inc/usbd_def.h ****   uint16_t  wTotalLength;
 198:Middlewares/ST/STM32_USB_Device_Library/Core/Inc/usbd_def.h ****   uint8_t   bNumDeviceCaps;
 199:Middlewares/ST/STM32_USB_Device_Library/Core/Inc/usbd_def.h **** } USBD_BosDescTypedef;
 200:Middlewares/ST/STM32_USB_Device_Library/Core/Inc/usbd_def.h **** 
 201:Middlewares/ST/STM32_USB_Device_Library/Core/Inc/usbd_def.h **** typedef struct
 202:Middlewares/ST/STM32_USB_Device_Library/Core/Inc/usbd_def.h **** {
 203:Middlewares/ST/STM32_USB_Device_Library/Core/Inc/usbd_def.h ****   uint8_t   bLength;
 204:Middlewares/ST/STM32_USB_Device_Library/Core/Inc/usbd_def.h ****   uint8_t   bDescriptorType;
 205:Middlewares/ST/STM32_USB_Device_Library/Core/Inc/usbd_def.h ****   uint8_t   bEndpointAddress;
 206:Middlewares/ST/STM32_USB_Device_Library/Core/Inc/usbd_def.h ****   uint8_t   bmAttributes;
 207:Middlewares/ST/STM32_USB_Device_Library/Core/Inc/usbd_def.h ****   uint16_t  wMaxPacketSize;
 208:Middlewares/ST/STM32_USB_Device_Library/Core/Inc/usbd_def.h ****   uint8_t   bInterval;
 209:Middlewares/ST/STM32_USB_Device_Library/Core/Inc/usbd_def.h **** } USBD_EpDescTypedef;
 210:Middlewares/ST/STM32_USB_Device_Library/Core/Inc/usbd_def.h **** 
ARM GAS  /tmp/ccgfHofL.s 			page 24


 211:Middlewares/ST/STM32_USB_Device_Library/Core/Inc/usbd_def.h **** struct _USBD_HandleTypeDef;
 212:Middlewares/ST/STM32_USB_Device_Library/Core/Inc/usbd_def.h **** 
 213:Middlewares/ST/STM32_USB_Device_Library/Core/Inc/usbd_def.h **** typedef struct _Device_cb
 214:Middlewares/ST/STM32_USB_Device_Library/Core/Inc/usbd_def.h **** {
 215:Middlewares/ST/STM32_USB_Device_Library/Core/Inc/usbd_def.h ****   uint8_t (*Init)(struct _USBD_HandleTypeDef *pdev, uint8_t cfgidx);
 216:Middlewares/ST/STM32_USB_Device_Library/Core/Inc/usbd_def.h ****   uint8_t (*DeInit)(struct _USBD_HandleTypeDef *pdev, uint8_t cfgidx);
 217:Middlewares/ST/STM32_USB_Device_Library/Core/Inc/usbd_def.h ****   /* Control Endpoints*/
 218:Middlewares/ST/STM32_USB_Device_Library/Core/Inc/usbd_def.h ****   uint8_t (*Setup)(struct _USBD_HandleTypeDef *pdev, USBD_SetupReqTypedef  *req);
 219:Middlewares/ST/STM32_USB_Device_Library/Core/Inc/usbd_def.h ****   uint8_t (*EP0_TxSent)(struct _USBD_HandleTypeDef *pdev);
 220:Middlewares/ST/STM32_USB_Device_Library/Core/Inc/usbd_def.h ****   uint8_t (*EP0_RxReady)(struct _USBD_HandleTypeDef *pdev);
 221:Middlewares/ST/STM32_USB_Device_Library/Core/Inc/usbd_def.h ****   /* Class Specific Endpoints*/
 222:Middlewares/ST/STM32_USB_Device_Library/Core/Inc/usbd_def.h ****   uint8_t (*DataIn)(struct _USBD_HandleTypeDef *pdev, uint8_t epnum);
 223:Middlewares/ST/STM32_USB_Device_Library/Core/Inc/usbd_def.h ****   uint8_t (*DataOut)(struct _USBD_HandleTypeDef *pdev, uint8_t epnum);
 224:Middlewares/ST/STM32_USB_Device_Library/Core/Inc/usbd_def.h ****   uint8_t (*SOF)(struct _USBD_HandleTypeDef *pdev);
 225:Middlewares/ST/STM32_USB_Device_Library/Core/Inc/usbd_def.h ****   uint8_t (*IsoINIncomplete)(struct _USBD_HandleTypeDef *pdev, uint8_t epnum);
 226:Middlewares/ST/STM32_USB_Device_Library/Core/Inc/usbd_def.h ****   uint8_t (*IsoOUTIncomplete)(struct _USBD_HandleTypeDef *pdev, uint8_t epnum);
 227:Middlewares/ST/STM32_USB_Device_Library/Core/Inc/usbd_def.h **** 
 228:Middlewares/ST/STM32_USB_Device_Library/Core/Inc/usbd_def.h ****   uint8_t  *(*GetHSConfigDescriptor)(uint16_t *length);
 229:Middlewares/ST/STM32_USB_Device_Library/Core/Inc/usbd_def.h ****   uint8_t  *(*GetFSConfigDescriptor)(uint16_t *length);
 230:Middlewares/ST/STM32_USB_Device_Library/Core/Inc/usbd_def.h ****   uint8_t  *(*GetOtherSpeedConfigDescriptor)(uint16_t *length);
 231:Middlewares/ST/STM32_USB_Device_Library/Core/Inc/usbd_def.h ****   uint8_t  *(*GetDeviceQualifierDescriptor)(uint16_t *length);
 232:Middlewares/ST/STM32_USB_Device_Library/Core/Inc/usbd_def.h **** #if (USBD_SUPPORT_USER_STRING_DESC == 1U)
 233:Middlewares/ST/STM32_USB_Device_Library/Core/Inc/usbd_def.h ****   uint8_t  *(*GetUsrStrDescriptor)(struct _USBD_HandleTypeDef *pdev, uint8_t index,  uint16_t *leng
 234:Middlewares/ST/STM32_USB_Device_Library/Core/Inc/usbd_def.h **** #endif
 235:Middlewares/ST/STM32_USB_Device_Library/Core/Inc/usbd_def.h **** 
 236:Middlewares/ST/STM32_USB_Device_Library/Core/Inc/usbd_def.h **** } USBD_ClassTypeDef;
 237:Middlewares/ST/STM32_USB_Device_Library/Core/Inc/usbd_def.h **** 
 238:Middlewares/ST/STM32_USB_Device_Library/Core/Inc/usbd_def.h **** /* Following USB Device Speed */
 239:Middlewares/ST/STM32_USB_Device_Library/Core/Inc/usbd_def.h **** typedef enum
 240:Middlewares/ST/STM32_USB_Device_Library/Core/Inc/usbd_def.h **** {
 241:Middlewares/ST/STM32_USB_Device_Library/Core/Inc/usbd_def.h ****   USBD_SPEED_HIGH  = 0U,
 242:Middlewares/ST/STM32_USB_Device_Library/Core/Inc/usbd_def.h ****   USBD_SPEED_FULL  = 1U,
 243:Middlewares/ST/STM32_USB_Device_Library/Core/Inc/usbd_def.h ****   USBD_SPEED_LOW   = 2U,
 244:Middlewares/ST/STM32_USB_Device_Library/Core/Inc/usbd_def.h **** } USBD_SpeedTypeDef;
 245:Middlewares/ST/STM32_USB_Device_Library/Core/Inc/usbd_def.h **** 
 246:Middlewares/ST/STM32_USB_Device_Library/Core/Inc/usbd_def.h **** /* Following USB Device status */
 247:Middlewares/ST/STM32_USB_Device_Library/Core/Inc/usbd_def.h **** typedef enum
 248:Middlewares/ST/STM32_USB_Device_Library/Core/Inc/usbd_def.h **** {
 249:Middlewares/ST/STM32_USB_Device_Library/Core/Inc/usbd_def.h ****   USBD_OK = 0U,
 250:Middlewares/ST/STM32_USB_Device_Library/Core/Inc/usbd_def.h ****   USBD_BUSY,
 251:Middlewares/ST/STM32_USB_Device_Library/Core/Inc/usbd_def.h ****   USBD_EMEM,
 252:Middlewares/ST/STM32_USB_Device_Library/Core/Inc/usbd_def.h ****   USBD_FAIL,
 253:Middlewares/ST/STM32_USB_Device_Library/Core/Inc/usbd_def.h **** } USBD_StatusTypeDef;
 254:Middlewares/ST/STM32_USB_Device_Library/Core/Inc/usbd_def.h **** 
 255:Middlewares/ST/STM32_USB_Device_Library/Core/Inc/usbd_def.h **** /* USB Device descriptors structure */
 256:Middlewares/ST/STM32_USB_Device_Library/Core/Inc/usbd_def.h **** typedef struct
 257:Middlewares/ST/STM32_USB_Device_Library/Core/Inc/usbd_def.h **** {
 258:Middlewares/ST/STM32_USB_Device_Library/Core/Inc/usbd_def.h ****   uint8_t *(*GetDeviceDescriptor)(USBD_SpeedTypeDef speed, uint16_t *length);
 259:Middlewares/ST/STM32_USB_Device_Library/Core/Inc/usbd_def.h ****   uint8_t *(*GetLangIDStrDescriptor)(USBD_SpeedTypeDef speed, uint16_t *length);
 260:Middlewares/ST/STM32_USB_Device_Library/Core/Inc/usbd_def.h ****   uint8_t *(*GetManufacturerStrDescriptor)(USBD_SpeedTypeDef speed, uint16_t *length);
 261:Middlewares/ST/STM32_USB_Device_Library/Core/Inc/usbd_def.h ****   uint8_t *(*GetProductStrDescriptor)(USBD_SpeedTypeDef speed, uint16_t *length);
 262:Middlewares/ST/STM32_USB_Device_Library/Core/Inc/usbd_def.h ****   uint8_t *(*GetSerialStrDescriptor)(USBD_SpeedTypeDef speed, uint16_t *length);
 263:Middlewares/ST/STM32_USB_Device_Library/Core/Inc/usbd_def.h ****   uint8_t *(*GetConfigurationStrDescriptor)(USBD_SpeedTypeDef speed, uint16_t *length);
 264:Middlewares/ST/STM32_USB_Device_Library/Core/Inc/usbd_def.h ****   uint8_t *(*GetInterfaceStrDescriptor)(USBD_SpeedTypeDef speed, uint16_t *length);
 265:Middlewares/ST/STM32_USB_Device_Library/Core/Inc/usbd_def.h **** #if (USBD_CLASS_USER_STRING_DESC == 1)
 266:Middlewares/ST/STM32_USB_Device_Library/Core/Inc/usbd_def.h ****   uint8_t *(*GetUserStrDescriptor)(USBD_SpeedTypeDef speed, uint8_t idx, uint16_t *length);
 267:Middlewares/ST/STM32_USB_Device_Library/Core/Inc/usbd_def.h **** #endif
ARM GAS  /tmp/ccgfHofL.s 			page 25


 268:Middlewares/ST/STM32_USB_Device_Library/Core/Inc/usbd_def.h **** #if ((USBD_LPM_ENABLED == 1U) || (USBD_CLASS_BOS_ENABLED == 1))
 269:Middlewares/ST/STM32_USB_Device_Library/Core/Inc/usbd_def.h ****   uint8_t *(*GetBOSDescriptor)(USBD_SpeedTypeDef speed, uint16_t *length);
 270:Middlewares/ST/STM32_USB_Device_Library/Core/Inc/usbd_def.h **** #endif
 271:Middlewares/ST/STM32_USB_Device_Library/Core/Inc/usbd_def.h **** } USBD_DescriptorsTypeDef;
 272:Middlewares/ST/STM32_USB_Device_Library/Core/Inc/usbd_def.h **** 
 273:Middlewares/ST/STM32_USB_Device_Library/Core/Inc/usbd_def.h **** /* USB Device handle structure */
 274:Middlewares/ST/STM32_USB_Device_Library/Core/Inc/usbd_def.h **** typedef struct
 275:Middlewares/ST/STM32_USB_Device_Library/Core/Inc/usbd_def.h **** {
 276:Middlewares/ST/STM32_USB_Device_Library/Core/Inc/usbd_def.h ****   uint32_t status;
 277:Middlewares/ST/STM32_USB_Device_Library/Core/Inc/usbd_def.h ****   uint32_t total_length;
 278:Middlewares/ST/STM32_USB_Device_Library/Core/Inc/usbd_def.h ****   uint32_t rem_length;
 279:Middlewares/ST/STM32_USB_Device_Library/Core/Inc/usbd_def.h ****   uint32_t maxpacket;
 280:Middlewares/ST/STM32_USB_Device_Library/Core/Inc/usbd_def.h ****   uint16_t is_used;
 281:Middlewares/ST/STM32_USB_Device_Library/Core/Inc/usbd_def.h ****   uint16_t bInterval;
 282:Middlewares/ST/STM32_USB_Device_Library/Core/Inc/usbd_def.h **** } USBD_EndpointTypeDef;
 283:Middlewares/ST/STM32_USB_Device_Library/Core/Inc/usbd_def.h **** 
 284:Middlewares/ST/STM32_USB_Device_Library/Core/Inc/usbd_def.h **** /* USB Device handle structure */
 285:Middlewares/ST/STM32_USB_Device_Library/Core/Inc/usbd_def.h **** typedef struct _USBD_HandleTypeDef
 286:Middlewares/ST/STM32_USB_Device_Library/Core/Inc/usbd_def.h **** {
 287:Middlewares/ST/STM32_USB_Device_Library/Core/Inc/usbd_def.h ****   uint8_t                 id;
 288:Middlewares/ST/STM32_USB_Device_Library/Core/Inc/usbd_def.h ****   uint32_t                dev_config;
 289:Middlewares/ST/STM32_USB_Device_Library/Core/Inc/usbd_def.h ****   uint32_t                dev_default_config;
 290:Middlewares/ST/STM32_USB_Device_Library/Core/Inc/usbd_def.h ****   uint32_t                dev_config_status;
 291:Middlewares/ST/STM32_USB_Device_Library/Core/Inc/usbd_def.h ****   USBD_SpeedTypeDef       dev_speed;
 292:Middlewares/ST/STM32_USB_Device_Library/Core/Inc/usbd_def.h ****   USBD_EndpointTypeDef    ep_in[16];
 293:Middlewares/ST/STM32_USB_Device_Library/Core/Inc/usbd_def.h ****   USBD_EndpointTypeDef    ep_out[16];
 294:Middlewares/ST/STM32_USB_Device_Library/Core/Inc/usbd_def.h ****   __IO uint32_t           ep0_state;
 295:Middlewares/ST/STM32_USB_Device_Library/Core/Inc/usbd_def.h ****   uint32_t                ep0_data_len;
 296:Middlewares/ST/STM32_USB_Device_Library/Core/Inc/usbd_def.h ****   __IO uint8_t            dev_state;
 297:Middlewares/ST/STM32_USB_Device_Library/Core/Inc/usbd_def.h ****   __IO uint8_t            dev_old_state;
 298:Middlewares/ST/STM32_USB_Device_Library/Core/Inc/usbd_def.h ****   uint8_t                 dev_address;
 299:Middlewares/ST/STM32_USB_Device_Library/Core/Inc/usbd_def.h ****   uint8_t                 dev_connection_status;
 300:Middlewares/ST/STM32_USB_Device_Library/Core/Inc/usbd_def.h ****   uint8_t                 dev_test_mode;
 301:Middlewares/ST/STM32_USB_Device_Library/Core/Inc/usbd_def.h ****   uint32_t                dev_remote_wakeup;
 302:Middlewares/ST/STM32_USB_Device_Library/Core/Inc/usbd_def.h ****   uint8_t                 ConfIdx;
 303:Middlewares/ST/STM32_USB_Device_Library/Core/Inc/usbd_def.h **** 
 304:Middlewares/ST/STM32_USB_Device_Library/Core/Inc/usbd_def.h ****   USBD_SetupReqTypedef    request;
 305:Middlewares/ST/STM32_USB_Device_Library/Core/Inc/usbd_def.h ****   USBD_DescriptorsTypeDef *pDesc;
 306:Middlewares/ST/STM32_USB_Device_Library/Core/Inc/usbd_def.h ****   USBD_ClassTypeDef       *pClass;
 307:Middlewares/ST/STM32_USB_Device_Library/Core/Inc/usbd_def.h ****   void                    *pClassData;
 308:Middlewares/ST/STM32_USB_Device_Library/Core/Inc/usbd_def.h ****   void                    *pUserData;
 309:Middlewares/ST/STM32_USB_Device_Library/Core/Inc/usbd_def.h ****   void                    *pData;
 310:Middlewares/ST/STM32_USB_Device_Library/Core/Inc/usbd_def.h ****   void                    *pBosDesc;
 311:Middlewares/ST/STM32_USB_Device_Library/Core/Inc/usbd_def.h ****   void                    *pConfDesc;
 312:Middlewares/ST/STM32_USB_Device_Library/Core/Inc/usbd_def.h **** } USBD_HandleTypeDef;
 313:Middlewares/ST/STM32_USB_Device_Library/Core/Inc/usbd_def.h **** 
 314:Middlewares/ST/STM32_USB_Device_Library/Core/Inc/usbd_def.h **** /**
 315:Middlewares/ST/STM32_USB_Device_Library/Core/Inc/usbd_def.h ****   * @}
 316:Middlewares/ST/STM32_USB_Device_Library/Core/Inc/usbd_def.h ****   */
 317:Middlewares/ST/STM32_USB_Device_Library/Core/Inc/usbd_def.h **** 
 318:Middlewares/ST/STM32_USB_Device_Library/Core/Inc/usbd_def.h **** 
 319:Middlewares/ST/STM32_USB_Device_Library/Core/Inc/usbd_def.h **** 
 320:Middlewares/ST/STM32_USB_Device_Library/Core/Inc/usbd_def.h **** /** @defgroup USBD_DEF_Exported_Macros
 321:Middlewares/ST/STM32_USB_Device_Library/Core/Inc/usbd_def.h ****   * @{
 322:Middlewares/ST/STM32_USB_Device_Library/Core/Inc/usbd_def.h ****   */
 323:Middlewares/ST/STM32_USB_Device_Library/Core/Inc/usbd_def.h **** __STATIC_INLINE uint16_t SWAPBYTE(uint8_t *addr)
 148              		.loc 2 323 26 view .LVU39
ARM GAS  /tmp/ccgfHofL.s 			page 26


 149              	.LBB9:
 324:Middlewares/ST/STM32_USB_Device_Library/Core/Inc/usbd_def.h **** {
 325:Middlewares/ST/STM32_USB_Device_Library/Core/Inc/usbd_def.h ****   uint16_t _SwapVal, _Byte1, _Byte2;
 150              		.loc 2 325 3 view .LVU40
 326:Middlewares/ST/STM32_USB_Device_Library/Core/Inc/usbd_def.h ****   uint8_t *_pbuff = addr;
 151              		.loc 2 326 3 view .LVU41
 327:Middlewares/ST/STM32_USB_Device_Library/Core/Inc/usbd_def.h **** 
 328:Middlewares/ST/STM32_USB_Device_Library/Core/Inc/usbd_def.h ****   _Byte1 = *(uint8_t *)_pbuff;
 152              		.loc 2 328 3 view .LVU42
 153              		.loc 2 328 12 is_stmt 0 view .LVU43
 154 0008 8B78     		ldrb	r3, [r1, #2]	@ zero_extendqisi2
 155              	.LVL14:
 329:Middlewares/ST/STM32_USB_Device_Library/Core/Inc/usbd_def.h ****   _pbuff++;
 156              		.loc 2 329 3 is_stmt 1 view .LVU44
 330:Middlewares/ST/STM32_USB_Device_Library/Core/Inc/usbd_def.h ****   _Byte2 = *(uint8_t *)_pbuff;
 157              		.loc 2 330 3 view .LVU45
 158              		.loc 2 330 12 is_stmt 0 view .LVU46
 159 000a CA78     		ldrb	r2, [r1, #3]	@ zero_extendqisi2
 160              	.LVL15:
 331:Middlewares/ST/STM32_USB_Device_Library/Core/Inc/usbd_def.h **** 
 332:Middlewares/ST/STM32_USB_Device_Library/Core/Inc/usbd_def.h ****   _SwapVal = (_Byte2 << 8) | _Byte1;
 161              		.loc 2 332 3 is_stmt 1 view .LVU47
 162              		.loc 2 332 12 is_stmt 0 view .LVU48
 163 000c 43EA0223 		orr	r3, r3, r2, lsl #8
 333:Middlewares/ST/STM32_USB_Device_Library/Core/Inc/usbd_def.h **** 
 334:Middlewares/ST/STM32_USB_Device_Library/Core/Inc/usbd_def.h ****   return _SwapVal;
 164              		.loc 2 334 3 is_stmt 1 view .LVU49
 165              	.LVL16:
 166              		.loc 2 334 3 is_stmt 0 view .LVU50
 167              	.LBE9:
 168              	.LBE8:
 849:Middlewares/ST/STM32_USB_Device_Library/Core/Src/usbd_ctlreq.c **** 
 169              		.loc 1 849 15 discriminator 1 view .LVU51
 170 0010 4380     		strh	r3, [r0, #2]	@ movhi
 171              	.LVL17:
 851:Middlewares/ST/STM32_USB_Device_Library/Core/Src/usbd_ctlreq.c ****   pbuff++;
 172              		.loc 1 851 3 is_stmt 1 view .LVU52
 852:Middlewares/ST/STM32_USB_Device_Library/Core/Src/usbd_ctlreq.c ****   req->wIndex = SWAPBYTE(pbuff);
 173              		.loc 1 852 3 view .LVU53
 853:Middlewares/ST/STM32_USB_Device_Library/Core/Src/usbd_ctlreq.c **** 
 174              		.loc 1 853 3 view .LVU54
 175              	.LBB10:
 176              	.LBI10:
 323:Middlewares/ST/STM32_USB_Device_Library/Core/Inc/usbd_def.h **** {
 177              		.loc 2 323 26 view .LVU55
 178              	.LBB11:
 325:Middlewares/ST/STM32_USB_Device_Library/Core/Inc/usbd_def.h ****   uint8_t *_pbuff = addr;
 179              		.loc 2 325 3 view .LVU56
 326:Middlewares/ST/STM32_USB_Device_Library/Core/Inc/usbd_def.h **** 
 180              		.loc 2 326 3 view .LVU57
 328:Middlewares/ST/STM32_USB_Device_Library/Core/Inc/usbd_def.h ****   _pbuff++;
 181              		.loc 2 328 3 view .LVU58
 328:Middlewares/ST/STM32_USB_Device_Library/Core/Inc/usbd_def.h ****   _pbuff++;
 182              		.loc 2 328 12 is_stmt 0 view .LVU59
 183 0012 0B79     		ldrb	r3, [r1, #4]	@ zero_extendqisi2
 184              	.LVL18:
 329:Middlewares/ST/STM32_USB_Device_Library/Core/Inc/usbd_def.h ****   _Byte2 = *(uint8_t *)_pbuff;
ARM GAS  /tmp/ccgfHofL.s 			page 27


 185              		.loc 2 329 3 is_stmt 1 view .LVU60
 330:Middlewares/ST/STM32_USB_Device_Library/Core/Inc/usbd_def.h **** 
 186              		.loc 2 330 3 view .LVU61
 330:Middlewares/ST/STM32_USB_Device_Library/Core/Inc/usbd_def.h **** 
 187              		.loc 2 330 12 is_stmt 0 view .LVU62
 188 0014 4A79     		ldrb	r2, [r1, #5]	@ zero_extendqisi2
 189              	.LVL19:
 332:Middlewares/ST/STM32_USB_Device_Library/Core/Inc/usbd_def.h **** 
 190              		.loc 2 332 3 is_stmt 1 view .LVU63
 332:Middlewares/ST/STM32_USB_Device_Library/Core/Inc/usbd_def.h **** 
 191              		.loc 2 332 12 is_stmt 0 view .LVU64
 192 0016 43EA0223 		orr	r3, r3, r2, lsl #8
 193              		.loc 2 334 3 is_stmt 1 view .LVU65
 194              	.LVL20:
 195              		.loc 2 334 3 is_stmt 0 view .LVU66
 196              	.LBE11:
 197              	.LBE10:
 853:Middlewares/ST/STM32_USB_Device_Library/Core/Src/usbd_ctlreq.c **** 
 198              		.loc 1 853 15 discriminator 1 view .LVU67
 199 001a 8380     		strh	r3, [r0, #4]	@ movhi
 200              	.LVL21:
 855:Middlewares/ST/STM32_USB_Device_Library/Core/Src/usbd_ctlreq.c ****   pbuff++;
 201              		.loc 1 855 3 is_stmt 1 view .LVU68
 856:Middlewares/ST/STM32_USB_Device_Library/Core/Src/usbd_ctlreq.c ****   req->wLength = SWAPBYTE(pbuff);
 202              		.loc 1 856 3 view .LVU69
 857:Middlewares/ST/STM32_USB_Device_Library/Core/Src/usbd_ctlreq.c **** }
 203              		.loc 1 857 3 view .LVU70
 204              	.LBB12:
 205              	.LBI12:
 323:Middlewares/ST/STM32_USB_Device_Library/Core/Inc/usbd_def.h **** {
 206              		.loc 2 323 26 view .LVU71
 207              	.LBB13:
 325:Middlewares/ST/STM32_USB_Device_Library/Core/Inc/usbd_def.h ****   uint8_t *_pbuff = addr;
 208              		.loc 2 325 3 view .LVU72
 326:Middlewares/ST/STM32_USB_Device_Library/Core/Inc/usbd_def.h **** 
 209              		.loc 2 326 3 view .LVU73
 328:Middlewares/ST/STM32_USB_Device_Library/Core/Inc/usbd_def.h ****   _pbuff++;
 210              		.loc 2 328 3 view .LVU74
 328:Middlewares/ST/STM32_USB_Device_Library/Core/Inc/usbd_def.h ****   _pbuff++;
 211              		.loc 2 328 12 is_stmt 0 view .LVU75
 212 001c 8B79     		ldrb	r3, [r1, #6]	@ zero_extendqisi2
 213              	.LVL22:
 329:Middlewares/ST/STM32_USB_Device_Library/Core/Inc/usbd_def.h ****   _Byte2 = *(uint8_t *)_pbuff;
 214              		.loc 2 329 3 is_stmt 1 view .LVU76
 330:Middlewares/ST/STM32_USB_Device_Library/Core/Inc/usbd_def.h **** 
 215              		.loc 2 330 3 view .LVU77
 330:Middlewares/ST/STM32_USB_Device_Library/Core/Inc/usbd_def.h **** 
 216              		.loc 2 330 12 is_stmt 0 view .LVU78
 217 001e CA79     		ldrb	r2, [r1, #7]	@ zero_extendqisi2
 218              	.LVL23:
 332:Middlewares/ST/STM32_USB_Device_Library/Core/Inc/usbd_def.h **** 
 219              		.loc 2 332 3 is_stmt 1 view .LVU79
 332:Middlewares/ST/STM32_USB_Device_Library/Core/Inc/usbd_def.h **** 
 220              		.loc 2 332 12 is_stmt 0 view .LVU80
 221 0020 43EA0223 		orr	r3, r3, r2, lsl #8
 222              		.loc 2 334 3 is_stmt 1 view .LVU81
 223              	.LVL24:
ARM GAS  /tmp/ccgfHofL.s 			page 28


 224              		.loc 2 334 3 is_stmt 0 view .LVU82
 225              	.LBE13:
 226              	.LBE12:
 857:Middlewares/ST/STM32_USB_Device_Library/Core/Src/usbd_ctlreq.c **** }
 227              		.loc 1 857 16 discriminator 1 view .LVU83
 228 0024 C380     		strh	r3, [r0, #6]	@ movhi
 229              	.LVL25:
 858:Middlewares/ST/STM32_USB_Device_Library/Core/Src/usbd_ctlreq.c **** 
 230              		.loc 1 858 1 view .LVU84
 231 0026 7047     		bx	lr
 232              		.cfi_endproc
 233              	.LFE343:
 235              		.section	.text.USBD_CtlError,"ax",%progbits
 236              		.align	1
 237              		.global	USBD_CtlError
 238              		.syntax unified
 239              		.thumb
 240              		.thumb_func
 242              	USBD_CtlError:
 243              	.LVL26:
 244              	.LFB344:
 869:Middlewares/ST/STM32_USB_Device_Library/Core/Src/usbd_ctlreq.c ****   UNUSED(req);
 245              		.loc 1 869 1 is_stmt 1 view -0
 246              		.cfi_startproc
 247              		@ args = 0, pretend = 0, frame = 0
 248              		@ frame_needed = 0, uses_anonymous_args = 0
 869:Middlewares/ST/STM32_USB_Device_Library/Core/Src/usbd_ctlreq.c ****   UNUSED(req);
 249              		.loc 1 869 1 is_stmt 0 view .LVU86
 250 0000 10B5     		push	{r4, lr}
 251              	.LCFI1:
 252              		.cfi_def_cfa_offset 8
 253              		.cfi_offset 4, -8
 254              		.cfi_offset 14, -4
 255 0002 0446     		mov	r4, r0
 870:Middlewares/ST/STM32_USB_Device_Library/Core/Src/usbd_ctlreq.c **** 
 256              		.loc 1 870 3 is_stmt 1 view .LVU87
 872:Middlewares/ST/STM32_USB_Device_Library/Core/Src/usbd_ctlreq.c ****   (void)USBD_LL_StallEP(pdev, 0U);
 257              		.loc 1 872 3 view .LVU88
 872:Middlewares/ST/STM32_USB_Device_Library/Core/Src/usbd_ctlreq.c ****   (void)USBD_LL_StallEP(pdev, 0U);
 258              		.loc 1 872 9 is_stmt 0 view .LVU89
 259 0004 8021     		movs	r1, #128
 260              	.LVL27:
 872:Middlewares/ST/STM32_USB_Device_Library/Core/Src/usbd_ctlreq.c ****   (void)USBD_LL_StallEP(pdev, 0U);
 261              		.loc 1 872 9 view .LVU90
 262 0006 FFF7FEFF 		bl	USBD_LL_StallEP
 263              	.LVL28:
 873:Middlewares/ST/STM32_USB_Device_Library/Core/Src/usbd_ctlreq.c **** }
 264              		.loc 1 873 3 is_stmt 1 view .LVU91
 873:Middlewares/ST/STM32_USB_Device_Library/Core/Src/usbd_ctlreq.c **** }
 265              		.loc 1 873 9 is_stmt 0 view .LVU92
 266 000a 0021     		movs	r1, #0
 267 000c 2046     		mov	r0, r4
 268 000e FFF7FEFF 		bl	USBD_LL_StallEP
 269              	.LVL29:
 874:Middlewares/ST/STM32_USB_Device_Library/Core/Src/usbd_ctlreq.c **** 
 270              		.loc 1 874 1 view .LVU93
 271 0012 10BD     		pop	{r4, pc}
ARM GAS  /tmp/ccgfHofL.s 			page 29


 874:Middlewares/ST/STM32_USB_Device_Library/Core/Src/usbd_ctlreq.c **** 
 272              		.loc 1 874 1 view .LVU94
 273              		.cfi_endproc
 274              	.LFE344:
 276              		.section	.text.USBD_GetDescriptor,"ax",%progbits
 277              		.align	1
 278              		.syntax unified
 279              		.thumb
 280              		.thumb_func
 282              	USBD_GetDescriptor:
 283              	.LVL30:
 284              	.LFB336:
 381:Middlewares/ST/STM32_USB_Device_Library/Core/Src/usbd_ctlreq.c ****   uint16_t len = 0U;
 285              		.loc 1 381 1 is_stmt 1 view -0
 286              		.cfi_startproc
 287              		@ args = 0, pretend = 0, frame = 8
 288              		@ frame_needed = 0, uses_anonymous_args = 0
 381:Middlewares/ST/STM32_USB_Device_Library/Core/Src/usbd_ctlreq.c ****   uint16_t len = 0U;
 289              		.loc 1 381 1 is_stmt 0 view .LVU96
 290 0000 30B5     		push	{r4, r5, lr}
 291              	.LCFI2:
 292              		.cfi_def_cfa_offset 12
 293              		.cfi_offset 4, -12
 294              		.cfi_offset 5, -8
 295              		.cfi_offset 14, -4
 296 0002 83B0     		sub	sp, sp, #12
 297              	.LCFI3:
 298              		.cfi_def_cfa_offset 24
 299 0004 0546     		mov	r5, r0
 300 0006 0C46     		mov	r4, r1
 382:Middlewares/ST/STM32_USB_Device_Library/Core/Src/usbd_ctlreq.c ****   uint8_t *pbuf = NULL;
 301              		.loc 1 382 3 is_stmt 1 view .LVU97
 382:Middlewares/ST/STM32_USB_Device_Library/Core/Src/usbd_ctlreq.c ****   uint8_t *pbuf = NULL;
 302              		.loc 1 382 12 is_stmt 0 view .LVU98
 303 0008 0023     		movs	r3, #0
 304 000a ADF80630 		strh	r3, [sp, #6]	@ movhi
 383:Middlewares/ST/STM32_USB_Device_Library/Core/Src/usbd_ctlreq.c ****   uint8_t err = 0U;
 305              		.loc 1 383 3 is_stmt 1 view .LVU99
 306              	.LVL31:
 384:Middlewares/ST/STM32_USB_Device_Library/Core/Src/usbd_ctlreq.c **** 
 307              		.loc 1 384 3 view .LVU100
 386:Middlewares/ST/STM32_USB_Device_Library/Core/Src/usbd_ctlreq.c ****   {
 308              		.loc 1 386 3 view .LVU101
 386:Middlewares/ST/STM32_USB_Device_Library/Core/Src/usbd_ctlreq.c ****   {
 309              		.loc 1 386 14 is_stmt 0 view .LVU102
 310 000e 4A88     		ldrh	r2, [r1, #2]
 386:Middlewares/ST/STM32_USB_Device_Library/Core/Src/usbd_ctlreq.c ****   {
 311              		.loc 1 386 23 view .LVU103
 312 0010 130A     		lsrs	r3, r2, #8
 386:Middlewares/ST/STM32_USB_Device_Library/Core/Src/usbd_ctlreq.c ****   {
 313              		.loc 1 386 3 view .LVU104
 314 0012 013B     		subs	r3, r3, #1
 315 0014 0E2B     		cmp	r3, #14
 316 0016 00F2BB80 		bhi	.L12
 317 001a DFE803F0 		tbb	[pc, r3]
 318              	.LVL32:
 319              	.L14:
ARM GAS  /tmp/ccgfHofL.s 			page 30


 320 001e 15       		.byte	(.L19-.L14)/2
 321 001f 2F       		.byte	(.L18-.L14)/2
 322 0020 43       		.byte	(.L17-.L14)/2
 323 0021 B9       		.byte	(.L12-.L14)/2
 324 0022 B9       		.byte	(.L12-.L14)/2
 325 0023 9D       		.byte	(.L16-.L14)/2
 326 0024 AA       		.byte	(.L15-.L14)/2
 327 0025 B9       		.byte	(.L12-.L14)/2
 328 0026 B9       		.byte	(.L12-.L14)/2
 329 0027 B9       		.byte	(.L12-.L14)/2
 330 0028 B9       		.byte	(.L12-.L14)/2
 331 0029 B9       		.byte	(.L12-.L14)/2
 332 002a B9       		.byte	(.L12-.L14)/2
 333 002b B9       		.byte	(.L12-.L14)/2
 334 002c 08       		.byte	(.L13-.L14)/2
 335 002d 00       		.p2align 1
 336              	.L13:
 390:Middlewares/ST/STM32_USB_Device_Library/Core/Src/usbd_ctlreq.c ****       {
 337              		.loc 1 390 7 is_stmt 1 view .LVU105
 390:Middlewares/ST/STM32_USB_Device_Library/Core/Src/usbd_ctlreq.c ****       {
 338              		.loc 1 390 15 is_stmt 0 view .LVU106
 339 002e D0F8B432 		ldr	r3, [r0, #692]
 390:Middlewares/ST/STM32_USB_Device_Library/Core/Src/usbd_ctlreq.c ****       {
 340              		.loc 1 390 22 view .LVU107
 341 0032 DB69     		ldr	r3, [r3, #28]
 390:Middlewares/ST/STM32_USB_Device_Library/Core/Src/usbd_ctlreq.c ****       {
 342              		.loc 1 390 10 view .LVU108
 343 0034 23B1     		cbz	r3, .L20
 392:Middlewares/ST/STM32_USB_Device_Library/Core/Src/usbd_ctlreq.c ****       }
 344              		.loc 1 392 9 is_stmt 1 view .LVU109
 392:Middlewares/ST/STM32_USB_Device_Library/Core/Src/usbd_ctlreq.c ****       }
 345              		.loc 1 392 16 is_stmt 0 view .LVU110
 346 0036 0DF10601 		add	r1, sp, #6
 347 003a 007C     		ldrb	r0, [r0, #16]	@ zero_extendqisi2
 348              	.LVL33:
 392:Middlewares/ST/STM32_USB_Device_Library/Core/Src/usbd_ctlreq.c ****       }
 349              		.loc 1 392 16 view .LVU111
 350 003c 9847     		blx	r3
 351              	.LVL34:
 557:Middlewares/ST/STM32_USB_Device_Library/Core/Src/usbd_ctlreq.c ****   {
 352              		.loc 1 557 3 is_stmt 1 view .LVU112
 353 003e 0AE0     		b	.L21
 354              	.LVL35:
 355              	.L20:
 396:Middlewares/ST/STM32_USB_Device_Library/Core/Src/usbd_ctlreq.c ****         err++;
 356              		.loc 1 396 9 view .LVU113
 357 0040 2146     		mov	r1, r4
 358 0042 FFF7FEFF 		bl	USBD_CtlError
 359              	.LVL36:
 397:Middlewares/ST/STM32_USB_Device_Library/Core/Src/usbd_ctlreq.c ****       }
 360              		.loc 1 397 9 view .LVU114
 557:Middlewares/ST/STM32_USB_Device_Library/Core/Src/usbd_ctlreq.c ****   {
 361              		.loc 1 557 3 view .LVU115
 362 0046 A6E0     		b	.L11
 363              	.LVL37:
 364              	.L19:
 402:Middlewares/ST/STM32_USB_Device_Library/Core/Src/usbd_ctlreq.c ****       break;
ARM GAS  /tmp/ccgfHofL.s 			page 31


 365              		.loc 1 402 7 view .LVU116
 402:Middlewares/ST/STM32_USB_Device_Library/Core/Src/usbd_ctlreq.c ****       break;
 366              		.loc 1 402 18 is_stmt 0 view .LVU117
 367 0048 D0F8B432 		ldr	r3, [r0, #692]
 402:Middlewares/ST/STM32_USB_Device_Library/Core/Src/usbd_ctlreq.c ****       break;
 368              		.loc 1 402 25 view .LVU118
 369 004c 1B68     		ldr	r3, [r3]
 402:Middlewares/ST/STM32_USB_Device_Library/Core/Src/usbd_ctlreq.c ****       break;
 370              		.loc 1 402 14 view .LVU119
 371 004e 0DF10601 		add	r1, sp, #6
 372 0052 007C     		ldrb	r0, [r0, #16]	@ zero_extendqisi2
 373              	.LVL38:
 402:Middlewares/ST/STM32_USB_Device_Library/Core/Src/usbd_ctlreq.c ****       break;
 374              		.loc 1 402 14 view .LVU120
 375 0054 9847     		blx	r3
 376              	.LVL39:
 403:Middlewares/ST/STM32_USB_Device_Library/Core/Src/usbd_ctlreq.c **** 
 377              		.loc 1 403 7 is_stmt 1 view .LVU121
 557:Middlewares/ST/STM32_USB_Device_Library/Core/Src/usbd_ctlreq.c ****   {
 378              		.loc 1 557 3 view .LVU122
 379              	.L21:
 562:Middlewares/ST/STM32_USB_Device_Library/Core/Src/usbd_ctlreq.c ****   {
 380              		.loc 1 562 3 view .LVU123
 562:Middlewares/ST/STM32_USB_Device_Library/Core/Src/usbd_ctlreq.c ****   {
 381              		.loc 1 562 10 is_stmt 0 view .LVU124
 382 0056 E288     		ldrh	r2, [r4, #6]
 562:Middlewares/ST/STM32_USB_Device_Library/Core/Src/usbd_ctlreq.c ****   {
 383              		.loc 1 562 6 view .LVU125
 384 0058 002A     		cmp	r2, #0
 385 005a 00F0A380 		beq	.L41
 564:Middlewares/ST/STM32_USB_Device_Library/Core/Src/usbd_ctlreq.c ****     {
 386              		.loc 1 564 5 is_stmt 1 view .LVU126
 564:Middlewares/ST/STM32_USB_Device_Library/Core/Src/usbd_ctlreq.c ****     {
 387              		.loc 1 564 13 is_stmt 0 view .LVU127
 388 005e BDF80630 		ldrh	r3, [sp, #6]
 564:Middlewares/ST/STM32_USB_Device_Library/Core/Src/usbd_ctlreq.c ****     {
 389              		.loc 1 564 8 view .LVU128
 390 0062 002B     		cmp	r3, #0
 391 0064 00F09980 		beq	.L42
 566:Middlewares/ST/STM32_USB_Device_Library/Core/Src/usbd_ctlreq.c ****       (void)USBD_CtlSendData(pdev, pbuf, len);
 392              		.loc 1 566 7 is_stmt 1 view .LVU129
 566:Middlewares/ST/STM32_USB_Device_Library/Core/Src/usbd_ctlreq.c ****       (void)USBD_CtlSendData(pdev, pbuf, len);
 393              		.loc 1 566 13 is_stmt 0 view .LVU130
 394 0068 9A42     		cmp	r2, r3
 395 006a 28BF     		it	cs
 396 006c 1A46     		movcs	r2, r3
 566:Middlewares/ST/STM32_USB_Device_Library/Core/Src/usbd_ctlreq.c ****       (void)USBD_CtlSendData(pdev, pbuf, len);
 397              		.loc 1 566 11 view .LVU131
 398 006e ADF80620 		strh	r2, [sp, #6]	@ movhi
 567:Middlewares/ST/STM32_USB_Device_Library/Core/Src/usbd_ctlreq.c ****     }
 399              		.loc 1 567 7 is_stmt 1 view .LVU132
 567:Middlewares/ST/STM32_USB_Device_Library/Core/Src/usbd_ctlreq.c ****     }
 400              		.loc 1 567 13 is_stmt 0 view .LVU133
 401 0072 0146     		mov	r1, r0
 402 0074 2846     		mov	r0, r5
 403              	.LVL40:
 567:Middlewares/ST/STM32_USB_Device_Library/Core/Src/usbd_ctlreq.c ****     }
ARM GAS  /tmp/ccgfHofL.s 			page 32


 404              		.loc 1 567 13 view .LVU134
 405 0076 FFF7FEFF 		bl	USBD_CtlSendData
 406              	.LVL41:
 567:Middlewares/ST/STM32_USB_Device_Library/Core/Src/usbd_ctlreq.c ****     }
 407              		.loc 1 567 13 view .LVU135
 408 007a 8CE0     		b	.L11
 409              	.LVL42:
 410              	.L18:
 406:Middlewares/ST/STM32_USB_Device_Library/Core/Src/usbd_ctlreq.c ****       {
 411              		.loc 1 406 7 is_stmt 1 view .LVU136
 406:Middlewares/ST/STM32_USB_Device_Library/Core/Src/usbd_ctlreq.c ****       {
 412              		.loc 1 406 15 is_stmt 0 view .LVU137
 413 007c 037C     		ldrb	r3, [r0, #16]	@ zero_extendqisi2
 406:Middlewares/ST/STM32_USB_Device_Library/Core/Src/usbd_ctlreq.c ****       {
 414              		.loc 1 406 10 view .LVU138
 415 007e 43B9     		cbnz	r3, .L23
 408:Middlewares/ST/STM32_USB_Device_Library/Core/Src/usbd_ctlreq.c ****         pbuf[1] = USB_DESC_TYPE_CONFIGURATION;
 416              		.loc 1 408 9 is_stmt 1 view .LVU139
 408:Middlewares/ST/STM32_USB_Device_Library/Core/Src/usbd_ctlreq.c ****         pbuf[1] = USB_DESC_TYPE_CONFIGURATION;
 417              		.loc 1 408 20 is_stmt 0 view .LVU140
 418 0080 D0F8B832 		ldr	r3, [r0, #696]
 408:Middlewares/ST/STM32_USB_Device_Library/Core/Src/usbd_ctlreq.c ****         pbuf[1] = USB_DESC_TYPE_CONFIGURATION;
 419              		.loc 1 408 28 view .LVU141
 420 0084 9B6A     		ldr	r3, [r3, #40]
 408:Middlewares/ST/STM32_USB_Device_Library/Core/Src/usbd_ctlreq.c ****         pbuf[1] = USB_DESC_TYPE_CONFIGURATION;
 421              		.loc 1 408 16 view .LVU142
 422 0086 0DF10600 		add	r0, sp, #6
 423              	.LVL43:
 408:Middlewares/ST/STM32_USB_Device_Library/Core/Src/usbd_ctlreq.c ****         pbuf[1] = USB_DESC_TYPE_CONFIGURATION;
 424              		.loc 1 408 16 view .LVU143
 425 008a 9847     		blx	r3
 426              	.LVL44:
 409:Middlewares/ST/STM32_USB_Device_Library/Core/Src/usbd_ctlreq.c ****       }
 427              		.loc 1 409 9 is_stmt 1 view .LVU144
 409:Middlewares/ST/STM32_USB_Device_Library/Core/Src/usbd_ctlreq.c ****       }
 428              		.loc 1 409 17 is_stmt 0 view .LVU145
 429 008c 0223     		movs	r3, #2
 430 008e 4370     		strb	r3, [r0, #1]
 557:Middlewares/ST/STM32_USB_Device_Library/Core/Src/usbd_ctlreq.c ****   {
 431              		.loc 1 557 3 is_stmt 1 view .LVU146
 432 0090 E1E7     		b	.L21
 433              	.LVL45:
 434              	.L23:
 413:Middlewares/ST/STM32_USB_Device_Library/Core/Src/usbd_ctlreq.c ****         pbuf[1] = USB_DESC_TYPE_CONFIGURATION;
 435              		.loc 1 413 9 view .LVU147
 413:Middlewares/ST/STM32_USB_Device_Library/Core/Src/usbd_ctlreq.c ****         pbuf[1] = USB_DESC_TYPE_CONFIGURATION;
 436              		.loc 1 413 20 is_stmt 0 view .LVU148
 437 0092 D0F8B832 		ldr	r3, [r0, #696]
 413:Middlewares/ST/STM32_USB_Device_Library/Core/Src/usbd_ctlreq.c ****         pbuf[1] = USB_DESC_TYPE_CONFIGURATION;
 438              		.loc 1 413 28 view .LVU149
 439 0096 DB6A     		ldr	r3, [r3, #44]
 413:Middlewares/ST/STM32_USB_Device_Library/Core/Src/usbd_ctlreq.c ****         pbuf[1] = USB_DESC_TYPE_CONFIGURATION;
 440              		.loc 1 413 16 view .LVU150
 441 0098 0DF10600 		add	r0, sp, #6
 442              	.LVL46:
 413:Middlewares/ST/STM32_USB_Device_Library/Core/Src/usbd_ctlreq.c ****         pbuf[1] = USB_DESC_TYPE_CONFIGURATION;
 443              		.loc 1 413 16 view .LVU151
ARM GAS  /tmp/ccgfHofL.s 			page 33


 444 009c 9847     		blx	r3
 445              	.LVL47:
 414:Middlewares/ST/STM32_USB_Device_Library/Core/Src/usbd_ctlreq.c ****       }
 446              		.loc 1 414 9 is_stmt 1 view .LVU152
 414:Middlewares/ST/STM32_USB_Device_Library/Core/Src/usbd_ctlreq.c ****       }
 447              		.loc 1 414 17 is_stmt 0 view .LVU153
 448 009e 0223     		movs	r3, #2
 449 00a0 4370     		strb	r3, [r0, #1]
 557:Middlewares/ST/STM32_USB_Device_Library/Core/Src/usbd_ctlreq.c ****   {
 450              		.loc 1 557 3 is_stmt 1 view .LVU154
 451 00a2 D8E7     		b	.L21
 452              	.LVL48:
 453              	.L17:
 419:Middlewares/ST/STM32_USB_Device_Library/Core/Src/usbd_ctlreq.c ****       {
 454              		.loc 1 419 7 view .LVU155
 455 00a4 D2B2     		uxtb	r2, r2
 456 00a6 052A     		cmp	r2, #5
 457 00a8 52D8     		bhi	.L24
 458 00aa DFE802F0 		tbb	[pc, r2]
 459              	.L26:
 460 00ae 03       		.byte	(.L31-.L26)/2
 461 00af 10       		.byte	(.L30-.L26)/2
 462 00b0 1D       		.byte	(.L29-.L26)/2
 463 00b1 2A       		.byte	(.L28-.L26)/2
 464 00b2 37       		.byte	(.L27-.L26)/2
 465 00b3 44       		.byte	(.L25-.L26)/2
 466              		.p2align 1
 467              	.L31:
 422:Middlewares/ST/STM32_USB_Device_Library/Core/Src/usbd_ctlreq.c ****           {
 468              		.loc 1 422 11 view .LVU156
 422:Middlewares/ST/STM32_USB_Device_Library/Core/Src/usbd_ctlreq.c ****           {
 469              		.loc 1 422 19 is_stmt 0 view .LVU157
 470 00b4 D0F8B432 		ldr	r3, [r0, #692]
 422:Middlewares/ST/STM32_USB_Device_Library/Core/Src/usbd_ctlreq.c ****           {
 471              		.loc 1 422 26 view .LVU158
 472 00b8 5B68     		ldr	r3, [r3, #4]
 422:Middlewares/ST/STM32_USB_Device_Library/Core/Src/usbd_ctlreq.c ****           {
 473              		.loc 1 422 14 view .LVU159
 474 00ba 23B1     		cbz	r3, .L32
 424:Middlewares/ST/STM32_USB_Device_Library/Core/Src/usbd_ctlreq.c ****           }
 475              		.loc 1 424 13 is_stmt 1 view .LVU160
 424:Middlewares/ST/STM32_USB_Device_Library/Core/Src/usbd_ctlreq.c ****           }
 476              		.loc 1 424 20 is_stmt 0 view .LVU161
 477 00bc 0DF10601 		add	r1, sp, #6
 478 00c0 007C     		ldrb	r0, [r0, #16]	@ zero_extendqisi2
 479              	.LVL49:
 424:Middlewares/ST/STM32_USB_Device_Library/Core/Src/usbd_ctlreq.c ****           }
 480              		.loc 1 424 20 view .LVU162
 481 00c2 9847     		blx	r3
 482              	.LVL50:
 557:Middlewares/ST/STM32_USB_Device_Library/Core/Src/usbd_ctlreq.c ****   {
 483              		.loc 1 557 3 is_stmt 1 view .LVU163
 484 00c4 C7E7     		b	.L21
 485              	.LVL51:
 486              	.L32:
 428:Middlewares/ST/STM32_USB_Device_Library/Core/Src/usbd_ctlreq.c ****             err++;
 487              		.loc 1 428 13 view .LVU164
ARM GAS  /tmp/ccgfHofL.s 			page 34


 488 00c6 2146     		mov	r1, r4
 489 00c8 FFF7FEFF 		bl	USBD_CtlError
 490              	.LVL52:
 429:Middlewares/ST/STM32_USB_Device_Library/Core/Src/usbd_ctlreq.c ****           }
 491              		.loc 1 429 13 view .LVU165
 557:Middlewares/ST/STM32_USB_Device_Library/Core/Src/usbd_ctlreq.c ****   {
 492              		.loc 1 557 3 view .LVU166
 493 00cc 63E0     		b	.L11
 494              	.LVL53:
 495              	.L30:
 434:Middlewares/ST/STM32_USB_Device_Library/Core/Src/usbd_ctlreq.c ****           {
 496              		.loc 1 434 11 view .LVU167
 434:Middlewares/ST/STM32_USB_Device_Library/Core/Src/usbd_ctlreq.c ****           {
 497              		.loc 1 434 19 is_stmt 0 view .LVU168
 498 00ce D0F8B432 		ldr	r3, [r0, #692]
 434:Middlewares/ST/STM32_USB_Device_Library/Core/Src/usbd_ctlreq.c ****           {
 499              		.loc 1 434 26 view .LVU169
 500 00d2 9B68     		ldr	r3, [r3, #8]
 434:Middlewares/ST/STM32_USB_Device_Library/Core/Src/usbd_ctlreq.c ****           {
 501              		.loc 1 434 14 view .LVU170
 502 00d4 23B1     		cbz	r3, .L33
 436:Middlewares/ST/STM32_USB_Device_Library/Core/Src/usbd_ctlreq.c ****           }
 503              		.loc 1 436 13 is_stmt 1 view .LVU171
 436:Middlewares/ST/STM32_USB_Device_Library/Core/Src/usbd_ctlreq.c ****           }
 504              		.loc 1 436 20 is_stmt 0 view .LVU172
 505 00d6 0DF10601 		add	r1, sp, #6
 506 00da 007C     		ldrb	r0, [r0, #16]	@ zero_extendqisi2
 507              	.LVL54:
 436:Middlewares/ST/STM32_USB_Device_Library/Core/Src/usbd_ctlreq.c ****           }
 508              		.loc 1 436 20 view .LVU173
 509 00dc 9847     		blx	r3
 510              	.LVL55:
 557:Middlewares/ST/STM32_USB_Device_Library/Core/Src/usbd_ctlreq.c ****   {
 511              		.loc 1 557 3 is_stmt 1 view .LVU174
 512 00de BAE7     		b	.L21
 513              	.LVL56:
 514              	.L33:
 440:Middlewares/ST/STM32_USB_Device_Library/Core/Src/usbd_ctlreq.c ****             err++;
 515              		.loc 1 440 13 view .LVU175
 516 00e0 2146     		mov	r1, r4
 517 00e2 FFF7FEFF 		bl	USBD_CtlError
 518              	.LVL57:
 441:Middlewares/ST/STM32_USB_Device_Library/Core/Src/usbd_ctlreq.c ****           }
 519              		.loc 1 441 13 view .LVU176
 557:Middlewares/ST/STM32_USB_Device_Library/Core/Src/usbd_ctlreq.c ****   {
 520              		.loc 1 557 3 view .LVU177
 521 00e6 56E0     		b	.L11
 522              	.LVL58:
 523              	.L29:
 446:Middlewares/ST/STM32_USB_Device_Library/Core/Src/usbd_ctlreq.c ****           {
 524              		.loc 1 446 11 view .LVU178
 446:Middlewares/ST/STM32_USB_Device_Library/Core/Src/usbd_ctlreq.c ****           {
 525              		.loc 1 446 19 is_stmt 0 view .LVU179
 526 00e8 D0F8B432 		ldr	r3, [r0, #692]
 446:Middlewares/ST/STM32_USB_Device_Library/Core/Src/usbd_ctlreq.c ****           {
 527              		.loc 1 446 26 view .LVU180
 528 00ec DB68     		ldr	r3, [r3, #12]
ARM GAS  /tmp/ccgfHofL.s 			page 35


 446:Middlewares/ST/STM32_USB_Device_Library/Core/Src/usbd_ctlreq.c ****           {
 529              		.loc 1 446 14 view .LVU181
 530 00ee 23B1     		cbz	r3, .L34
 448:Middlewares/ST/STM32_USB_Device_Library/Core/Src/usbd_ctlreq.c ****           }
 531              		.loc 1 448 13 is_stmt 1 view .LVU182
 448:Middlewares/ST/STM32_USB_Device_Library/Core/Src/usbd_ctlreq.c ****           }
 532              		.loc 1 448 20 is_stmt 0 view .LVU183
 533 00f0 0DF10601 		add	r1, sp, #6
 534 00f4 007C     		ldrb	r0, [r0, #16]	@ zero_extendqisi2
 535              	.LVL59:
 448:Middlewares/ST/STM32_USB_Device_Library/Core/Src/usbd_ctlreq.c ****           }
 536              		.loc 1 448 20 view .LVU184
 537 00f6 9847     		blx	r3
 538              	.LVL60:
 557:Middlewares/ST/STM32_USB_Device_Library/Core/Src/usbd_ctlreq.c ****   {
 539              		.loc 1 557 3 is_stmt 1 view .LVU185
 540 00f8 ADE7     		b	.L21
 541              	.LVL61:
 542              	.L34:
 452:Middlewares/ST/STM32_USB_Device_Library/Core/Src/usbd_ctlreq.c ****             err++;
 543              		.loc 1 452 13 view .LVU186
 544 00fa 2146     		mov	r1, r4
 545 00fc FFF7FEFF 		bl	USBD_CtlError
 546              	.LVL62:
 453:Middlewares/ST/STM32_USB_Device_Library/Core/Src/usbd_ctlreq.c ****           }
 547              		.loc 1 453 13 view .LVU187
 557:Middlewares/ST/STM32_USB_Device_Library/Core/Src/usbd_ctlreq.c ****   {
 548              		.loc 1 557 3 view .LVU188
 549 0100 49E0     		b	.L11
 550              	.LVL63:
 551              	.L28:
 458:Middlewares/ST/STM32_USB_Device_Library/Core/Src/usbd_ctlreq.c ****           {
 552              		.loc 1 458 11 view .LVU189
 458:Middlewares/ST/STM32_USB_Device_Library/Core/Src/usbd_ctlreq.c ****           {
 553              		.loc 1 458 19 is_stmt 0 view .LVU190
 554 0102 D0F8B432 		ldr	r3, [r0, #692]
 458:Middlewares/ST/STM32_USB_Device_Library/Core/Src/usbd_ctlreq.c ****           {
 555              		.loc 1 458 26 view .LVU191
 556 0106 1B69     		ldr	r3, [r3, #16]
 458:Middlewares/ST/STM32_USB_Device_Library/Core/Src/usbd_ctlreq.c ****           {
 557              		.loc 1 458 14 view .LVU192
 558 0108 23B1     		cbz	r3, .L35
 460:Middlewares/ST/STM32_USB_Device_Library/Core/Src/usbd_ctlreq.c ****           }
 559              		.loc 1 460 13 is_stmt 1 view .LVU193
 460:Middlewares/ST/STM32_USB_Device_Library/Core/Src/usbd_ctlreq.c ****           }
 560              		.loc 1 460 20 is_stmt 0 view .LVU194
 561 010a 0DF10601 		add	r1, sp, #6
 562 010e 007C     		ldrb	r0, [r0, #16]	@ zero_extendqisi2
 563              	.LVL64:
 460:Middlewares/ST/STM32_USB_Device_Library/Core/Src/usbd_ctlreq.c ****           }
 564              		.loc 1 460 20 view .LVU195
 565 0110 9847     		blx	r3
 566              	.LVL65:
 557:Middlewares/ST/STM32_USB_Device_Library/Core/Src/usbd_ctlreq.c ****   {
 567              		.loc 1 557 3 is_stmt 1 view .LVU196
 568 0112 A0E7     		b	.L21
 569              	.LVL66:
ARM GAS  /tmp/ccgfHofL.s 			page 36


 570              	.L35:
 464:Middlewares/ST/STM32_USB_Device_Library/Core/Src/usbd_ctlreq.c ****             err++;
 571              		.loc 1 464 13 view .LVU197
 572 0114 2146     		mov	r1, r4
 573 0116 FFF7FEFF 		bl	USBD_CtlError
 574              	.LVL67:
 465:Middlewares/ST/STM32_USB_Device_Library/Core/Src/usbd_ctlreq.c ****           }
 575              		.loc 1 465 13 view .LVU198
 557:Middlewares/ST/STM32_USB_Device_Library/Core/Src/usbd_ctlreq.c ****   {
 576              		.loc 1 557 3 view .LVU199
 577 011a 3CE0     		b	.L11
 578              	.LVL68:
 579              	.L27:
 470:Middlewares/ST/STM32_USB_Device_Library/Core/Src/usbd_ctlreq.c ****           {
 580              		.loc 1 470 11 view .LVU200
 470:Middlewares/ST/STM32_USB_Device_Library/Core/Src/usbd_ctlreq.c ****           {
 581              		.loc 1 470 19 is_stmt 0 view .LVU201
 582 011c D0F8B432 		ldr	r3, [r0, #692]
 470:Middlewares/ST/STM32_USB_Device_Library/Core/Src/usbd_ctlreq.c ****           {
 583              		.loc 1 470 26 view .LVU202
 584 0120 5B69     		ldr	r3, [r3, #20]
 470:Middlewares/ST/STM32_USB_Device_Library/Core/Src/usbd_ctlreq.c ****           {
 585              		.loc 1 470 14 view .LVU203
 586 0122 23B1     		cbz	r3, .L36
 472:Middlewares/ST/STM32_USB_Device_Library/Core/Src/usbd_ctlreq.c ****           }
 587              		.loc 1 472 13 is_stmt 1 view .LVU204
 472:Middlewares/ST/STM32_USB_Device_Library/Core/Src/usbd_ctlreq.c ****           }
 588              		.loc 1 472 20 is_stmt 0 view .LVU205
 589 0124 0DF10601 		add	r1, sp, #6
 590 0128 007C     		ldrb	r0, [r0, #16]	@ zero_extendqisi2
 591              	.LVL69:
 472:Middlewares/ST/STM32_USB_Device_Library/Core/Src/usbd_ctlreq.c ****           }
 592              		.loc 1 472 20 view .LVU206
 593 012a 9847     		blx	r3
 594              	.LVL70:
 557:Middlewares/ST/STM32_USB_Device_Library/Core/Src/usbd_ctlreq.c ****   {
 595              		.loc 1 557 3 is_stmt 1 view .LVU207
 596 012c 93E7     		b	.L21
 597              	.LVL71:
 598              	.L36:
 476:Middlewares/ST/STM32_USB_Device_Library/Core/Src/usbd_ctlreq.c ****             err++;
 599              		.loc 1 476 13 view .LVU208
 600 012e 2146     		mov	r1, r4
 601 0130 FFF7FEFF 		bl	USBD_CtlError
 602              	.LVL72:
 477:Middlewares/ST/STM32_USB_Device_Library/Core/Src/usbd_ctlreq.c ****           }
 603              		.loc 1 477 13 view .LVU209
 557:Middlewares/ST/STM32_USB_Device_Library/Core/Src/usbd_ctlreq.c ****   {
 604              		.loc 1 557 3 view .LVU210
 605 0134 2FE0     		b	.L11
 606              	.LVL73:
 607              	.L25:
 482:Middlewares/ST/STM32_USB_Device_Library/Core/Src/usbd_ctlreq.c ****           {
 608              		.loc 1 482 11 view .LVU211
 482:Middlewares/ST/STM32_USB_Device_Library/Core/Src/usbd_ctlreq.c ****           {
 609              		.loc 1 482 19 is_stmt 0 view .LVU212
 610 0136 D0F8B432 		ldr	r3, [r0, #692]
ARM GAS  /tmp/ccgfHofL.s 			page 37


 482:Middlewares/ST/STM32_USB_Device_Library/Core/Src/usbd_ctlreq.c ****           {
 611              		.loc 1 482 26 view .LVU213
 612 013a 9B69     		ldr	r3, [r3, #24]
 482:Middlewares/ST/STM32_USB_Device_Library/Core/Src/usbd_ctlreq.c ****           {
 613              		.loc 1 482 14 view .LVU214
 614 013c 23B1     		cbz	r3, .L37
 484:Middlewares/ST/STM32_USB_Device_Library/Core/Src/usbd_ctlreq.c ****           }
 615              		.loc 1 484 13 is_stmt 1 view .LVU215
 484:Middlewares/ST/STM32_USB_Device_Library/Core/Src/usbd_ctlreq.c ****           }
 616              		.loc 1 484 20 is_stmt 0 view .LVU216
 617 013e 0DF10601 		add	r1, sp, #6
 618 0142 007C     		ldrb	r0, [r0, #16]	@ zero_extendqisi2
 619              	.LVL74:
 484:Middlewares/ST/STM32_USB_Device_Library/Core/Src/usbd_ctlreq.c ****           }
 620              		.loc 1 484 20 view .LVU217
 621 0144 9847     		blx	r3
 622              	.LVL75:
 557:Middlewares/ST/STM32_USB_Device_Library/Core/Src/usbd_ctlreq.c ****   {
 623              		.loc 1 557 3 is_stmt 1 view .LVU218
 624 0146 86E7     		b	.L21
 625              	.LVL76:
 626              	.L37:
 488:Middlewares/ST/STM32_USB_Device_Library/Core/Src/usbd_ctlreq.c ****             err++;
 627              		.loc 1 488 13 view .LVU219
 628 0148 2146     		mov	r1, r4
 629 014a FFF7FEFF 		bl	USBD_CtlError
 630              	.LVL77:
 489:Middlewares/ST/STM32_USB_Device_Library/Core/Src/usbd_ctlreq.c ****           }
 631              		.loc 1 489 13 view .LVU220
 557:Middlewares/ST/STM32_USB_Device_Library/Core/Src/usbd_ctlreq.c ****   {
 632              		.loc 1 557 3 view .LVU221
 633 014e 22E0     		b	.L11
 634              	.LVL78:
 635              	.L24:
 519:Middlewares/ST/STM32_USB_Device_Library/Core/Src/usbd_ctlreq.c ****           err++;
 636              		.loc 1 519 11 view .LVU222
 637 0150 2146     		mov	r1, r4
 638 0152 FFF7FEFF 		bl	USBD_CtlError
 639              	.LVL79:
 520:Middlewares/ST/STM32_USB_Device_Library/Core/Src/usbd_ctlreq.c **** #endif
 640              		.loc 1 520 11 view .LVU223
 522:Middlewares/ST/STM32_USB_Device_Library/Core/Src/usbd_ctlreq.c ****       }
 641              		.loc 1 522 11 view .LVU224
 557:Middlewares/ST/STM32_USB_Device_Library/Core/Src/usbd_ctlreq.c ****   {
 642              		.loc 1 557 3 view .LVU225
 643 0156 1EE0     		b	.L11
 644              	.LVL80:
 645              	.L16:
 527:Middlewares/ST/STM32_USB_Device_Library/Core/Src/usbd_ctlreq.c ****       {
 646              		.loc 1 527 7 view .LVU226
 527:Middlewares/ST/STM32_USB_Device_Library/Core/Src/usbd_ctlreq.c ****       {
 647              		.loc 1 527 15 is_stmt 0 view .LVU227
 648 0158 037C     		ldrb	r3, [r0, #16]	@ zero_extendqisi2
 527:Middlewares/ST/STM32_USB_Device_Library/Core/Src/usbd_ctlreq.c ****       {
 649              		.loc 1 527 10 view .LVU228
 650 015a 33B9     		cbnz	r3, .L38
 529:Middlewares/ST/STM32_USB_Device_Library/Core/Src/usbd_ctlreq.c ****       }
ARM GAS  /tmp/ccgfHofL.s 			page 38


 651              		.loc 1 529 9 is_stmt 1 view .LVU229
 529:Middlewares/ST/STM32_USB_Device_Library/Core/Src/usbd_ctlreq.c ****       }
 652              		.loc 1 529 20 is_stmt 0 view .LVU230
 653 015c D0F8B832 		ldr	r3, [r0, #696]
 529:Middlewares/ST/STM32_USB_Device_Library/Core/Src/usbd_ctlreq.c ****       }
 654              		.loc 1 529 28 view .LVU231
 655 0160 5B6B     		ldr	r3, [r3, #52]
 529:Middlewares/ST/STM32_USB_Device_Library/Core/Src/usbd_ctlreq.c ****       }
 656              		.loc 1 529 16 view .LVU232
 657 0162 0DF10600 		add	r0, sp, #6
 658              	.LVL81:
 529:Middlewares/ST/STM32_USB_Device_Library/Core/Src/usbd_ctlreq.c ****       }
 659              		.loc 1 529 16 view .LVU233
 660 0166 9847     		blx	r3
 661              	.LVL82:
 557:Middlewares/ST/STM32_USB_Device_Library/Core/Src/usbd_ctlreq.c ****   {
 662              		.loc 1 557 3 is_stmt 1 view .LVU234
 663 0168 75E7     		b	.L21
 664              	.LVL83:
 665              	.L38:
 533:Middlewares/ST/STM32_USB_Device_Library/Core/Src/usbd_ctlreq.c ****         err++;
 666              		.loc 1 533 9 view .LVU235
 667 016a 2146     		mov	r1, r4
 668 016c FFF7FEFF 		bl	USBD_CtlError
 669              	.LVL84:
 534:Middlewares/ST/STM32_USB_Device_Library/Core/Src/usbd_ctlreq.c ****       }
 670              		.loc 1 534 9 view .LVU236
 557:Middlewares/ST/STM32_USB_Device_Library/Core/Src/usbd_ctlreq.c ****   {
 671              		.loc 1 557 3 view .LVU237
 672 0170 11E0     		b	.L11
 673              	.LVL85:
 674              	.L15:
 539:Middlewares/ST/STM32_USB_Device_Library/Core/Src/usbd_ctlreq.c ****       {
 675              		.loc 1 539 7 view .LVU238
 539:Middlewares/ST/STM32_USB_Device_Library/Core/Src/usbd_ctlreq.c ****       {
 676              		.loc 1 539 15 is_stmt 0 view .LVU239
 677 0172 037C     		ldrb	r3, [r0, #16]	@ zero_extendqisi2
 539:Middlewares/ST/STM32_USB_Device_Library/Core/Src/usbd_ctlreq.c ****       {
 678              		.loc 1 539 10 view .LVU240
 679 0174 43B9     		cbnz	r3, .L39
 541:Middlewares/ST/STM32_USB_Device_Library/Core/Src/usbd_ctlreq.c ****         pbuf[1] = USB_DESC_TYPE_OTHER_SPEED_CONFIGURATION;
 680              		.loc 1 541 9 is_stmt 1 view .LVU241
 541:Middlewares/ST/STM32_USB_Device_Library/Core/Src/usbd_ctlreq.c ****         pbuf[1] = USB_DESC_TYPE_OTHER_SPEED_CONFIGURATION;
 681              		.loc 1 541 20 is_stmt 0 view .LVU242
 682 0176 D0F8B832 		ldr	r3, [r0, #696]
 541:Middlewares/ST/STM32_USB_Device_Library/Core/Src/usbd_ctlreq.c ****         pbuf[1] = USB_DESC_TYPE_OTHER_SPEED_CONFIGURATION;
 683              		.loc 1 541 28 view .LVU243
 684 017a 1B6B     		ldr	r3, [r3, #48]
 541:Middlewares/ST/STM32_USB_Device_Library/Core/Src/usbd_ctlreq.c ****         pbuf[1] = USB_DESC_TYPE_OTHER_SPEED_CONFIGURATION;
 685              		.loc 1 541 16 view .LVU244
 686 017c 0DF10600 		add	r0, sp, #6
 687              	.LVL86:
 541:Middlewares/ST/STM32_USB_Device_Library/Core/Src/usbd_ctlreq.c ****         pbuf[1] = USB_DESC_TYPE_OTHER_SPEED_CONFIGURATION;
 688              		.loc 1 541 16 view .LVU245
 689 0180 9847     		blx	r3
 690              	.LVL87:
 542:Middlewares/ST/STM32_USB_Device_Library/Core/Src/usbd_ctlreq.c ****       }
ARM GAS  /tmp/ccgfHofL.s 			page 39


 691              		.loc 1 542 9 is_stmt 1 view .LVU246
 542:Middlewares/ST/STM32_USB_Device_Library/Core/Src/usbd_ctlreq.c ****       }
 692              		.loc 1 542 17 is_stmt 0 view .LVU247
 693 0182 0723     		movs	r3, #7
 694 0184 4370     		strb	r3, [r0, #1]
 557:Middlewares/ST/STM32_USB_Device_Library/Core/Src/usbd_ctlreq.c ****   {
 695              		.loc 1 557 3 is_stmt 1 view .LVU248
 696 0186 66E7     		b	.L21
 697              	.LVL88:
 698              	.L39:
 546:Middlewares/ST/STM32_USB_Device_Library/Core/Src/usbd_ctlreq.c ****         err++;
 699              		.loc 1 546 9 view .LVU249
 700 0188 2146     		mov	r1, r4
 701 018a FFF7FEFF 		bl	USBD_CtlError
 702              	.LVL89:
 547:Middlewares/ST/STM32_USB_Device_Library/Core/Src/usbd_ctlreq.c ****       }
 703              		.loc 1 547 9 view .LVU250
 557:Middlewares/ST/STM32_USB_Device_Library/Core/Src/usbd_ctlreq.c ****   {
 704              		.loc 1 557 3 view .LVU251
 705 018e 02E0     		b	.L11
 706              	.LVL90:
 707              	.L12:
 552:Middlewares/ST/STM32_USB_Device_Library/Core/Src/usbd_ctlreq.c ****       err++;
 708              		.loc 1 552 7 view .LVU252
 709 0190 2146     		mov	r1, r4
 710 0192 FFF7FEFF 		bl	USBD_CtlError
 711              	.LVL91:
 553:Middlewares/ST/STM32_USB_Device_Library/Core/Src/usbd_ctlreq.c ****       break;
 712              		.loc 1 553 7 view .LVU253
 554:Middlewares/ST/STM32_USB_Device_Library/Core/Src/usbd_ctlreq.c ****   }
 713              		.loc 1 554 7 view .LVU254
 557:Middlewares/ST/STM32_USB_Device_Library/Core/Src/usbd_ctlreq.c ****   {
 714              		.loc 1 557 3 view .LVU255
 559:Middlewares/ST/STM32_USB_Device_Library/Core/Src/usbd_ctlreq.c ****   }
 715              		.loc 1 559 5 view .LVU256
 716              	.L11:
 578:Middlewares/ST/STM32_USB_Device_Library/Core/Src/usbd_ctlreq.c **** 
 717              		.loc 1 578 1 is_stmt 0 view .LVU257
 718 0196 03B0     		add	sp, sp, #12
 719              	.LCFI4:
 720              		.cfi_remember_state
 721              		.cfi_def_cfa_offset 12
 722              		@ sp needed
 723 0198 30BD     		pop	{r4, r5, pc}
 724              	.LVL92:
 725              	.L42:
 726              	.LCFI5:
 727              		.cfi_restore_state
 571:Middlewares/ST/STM32_USB_Device_Library/Core/Src/usbd_ctlreq.c ****     }
 728              		.loc 1 571 7 is_stmt 1 view .LVU258
 729 019a 2146     		mov	r1, r4
 730 019c 2846     		mov	r0, r5
 731              	.LVL93:
 571:Middlewares/ST/STM32_USB_Device_Library/Core/Src/usbd_ctlreq.c ****     }
 732              		.loc 1 571 7 is_stmt 0 view .LVU259
 733 019e FFF7FEFF 		bl	USBD_CtlError
 734              	.LVL94:
ARM GAS  /tmp/ccgfHofL.s 			page 40


 735 01a2 F8E7     		b	.L11
 736              	.LVL95:
 737              	.L41:
 576:Middlewares/ST/STM32_USB_Device_Library/Core/Src/usbd_ctlreq.c ****   }
 738              		.loc 1 576 5 is_stmt 1 view .LVU260
 576:Middlewares/ST/STM32_USB_Device_Library/Core/Src/usbd_ctlreq.c ****   }
 739              		.loc 1 576 11 is_stmt 0 view .LVU261
 740 01a4 2846     		mov	r0, r5
 741              	.LVL96:
 576:Middlewares/ST/STM32_USB_Device_Library/Core/Src/usbd_ctlreq.c ****   }
 742              		.loc 1 576 11 view .LVU262
 743 01a6 FFF7FEFF 		bl	USBD_CtlSendStatus
 744              	.LVL97:
 745 01aa F4E7     		b	.L11
 746              		.cfi_endproc
 747              	.LFE336:
 749              		.section	.text.USBD_SetAddress,"ax",%progbits
 750              		.align	1
 751              		.syntax unified
 752              		.thumb
 753              		.thumb_func
 755              	USBD_SetAddress:
 756              	.LVL98:
 757              	.LFB337:
 589:Middlewares/ST/STM32_USB_Device_Library/Core/Src/usbd_ctlreq.c ****   uint8_t  dev_addr;
 758              		.loc 1 589 1 is_stmt 1 view -0
 759              		.cfi_startproc
 760              		@ args = 0, pretend = 0, frame = 0
 761              		@ frame_needed = 0, uses_anonymous_args = 0
 589:Middlewares/ST/STM32_USB_Device_Library/Core/Src/usbd_ctlreq.c ****   uint8_t  dev_addr;
 762              		.loc 1 589 1 is_stmt 0 view .LVU264
 763 0000 38B5     		push	{r3, r4, r5, lr}
 764              	.LCFI6:
 765              		.cfi_def_cfa_offset 16
 766              		.cfi_offset 3, -16
 767              		.cfi_offset 4, -12
 768              		.cfi_offset 5, -8
 769              		.cfi_offset 14, -4
 770 0002 0446     		mov	r4, r0
 590:Middlewares/ST/STM32_USB_Device_Library/Core/Src/usbd_ctlreq.c **** 
 771              		.loc 1 590 3 is_stmt 1 view .LVU265
 592:Middlewares/ST/STM32_USB_Device_Library/Core/Src/usbd_ctlreq.c ****   {
 772              		.loc 1 592 3 view .LVU266
 592:Middlewares/ST/STM32_USB_Device_Library/Core/Src/usbd_ctlreq.c ****   {
 773              		.loc 1 592 11 is_stmt 0 view .LVU267
 774 0004 8B88     		ldrh	r3, [r1, #4]
 592:Middlewares/ST/STM32_USB_Device_Library/Core/Src/usbd_ctlreq.c ****   {
 775              		.loc 1 592 6 view .LVU268
 776 0006 03BB     		cbnz	r3, .L46
 592:Middlewares/ST/STM32_USB_Device_Library/Core/Src/usbd_ctlreq.c ****   {
 777              		.loc 1 592 34 discriminator 1 view .LVU269
 778 0008 CB88     		ldrh	r3, [r1, #6]
 592:Middlewares/ST/STM32_USB_Device_Library/Core/Src/usbd_ctlreq.c ****   {
 779              		.loc 1 592 27 discriminator 1 view .LVU270
 780 000a F3B9     		cbnz	r3, .L46
 592:Middlewares/ST/STM32_USB_Device_Library/Core/Src/usbd_ctlreq.c ****   {
 781              		.loc 1 592 58 discriminator 2 view .LVU271
ARM GAS  /tmp/ccgfHofL.s 			page 41


 782 000c 4B88     		ldrh	r3, [r1, #2]
 592:Middlewares/ST/STM32_USB_Device_Library/Core/Src/usbd_ctlreq.c ****   {
 783              		.loc 1 592 51 discriminator 2 view .LVU272
 784 000e 7F2B     		cmp	r3, #127
 785 0010 1BD8     		bhi	.L46
 594:Middlewares/ST/STM32_USB_Device_Library/Core/Src/usbd_ctlreq.c **** 
 786              		.loc 1 594 5 is_stmt 1 view .LVU273
 594:Middlewares/ST/STM32_USB_Device_Library/Core/Src/usbd_ctlreq.c **** 
 787              		.loc 1 594 14 is_stmt 0 view .LVU274
 788 0012 03F07F03 		and	r3, r3, #127
 789 0016 1A46     		mov	r2, r3
 790              	.LVL99:
 596:Middlewares/ST/STM32_USB_Device_Library/Core/Src/usbd_ctlreq.c ****     {
 791              		.loc 1 596 5 is_stmt 1 view .LVU275
 596:Middlewares/ST/STM32_USB_Device_Library/Core/Src/usbd_ctlreq.c ****     {
 792              		.loc 1 596 13 is_stmt 0 view .LVU276
 793 0018 90F89C32 		ldrb	r3, [r0, #668]	@ zero_extendqisi2
 596:Middlewares/ST/STM32_USB_Device_Library/Core/Src/usbd_ctlreq.c ****     {
 794              		.loc 1 596 8 view .LVU277
 795 001c 032B     		cmp	r3, #3
 796 001e 0DD0     		beq	.L51
 602:Middlewares/ST/STM32_USB_Device_Library/Core/Src/usbd_ctlreq.c ****       (void)USBD_LL_SetUSBAddress(pdev, dev_addr);
 797              		.loc 1 602 7 is_stmt 1 view .LVU278
 602:Middlewares/ST/STM32_USB_Device_Library/Core/Src/usbd_ctlreq.c ****       (void)USBD_LL_SetUSBAddress(pdev, dev_addr);
 798              		.loc 1 602 25 is_stmt 0 view .LVU279
 799 0020 1546     		mov	r5, r2
 800 0022 80F89E22 		strb	r2, [r0, #670]
 603:Middlewares/ST/STM32_USB_Device_Library/Core/Src/usbd_ctlreq.c ****       (void)USBD_CtlSendStatus(pdev);
 801              		.loc 1 603 7 is_stmt 1 view .LVU280
 603:Middlewares/ST/STM32_USB_Device_Library/Core/Src/usbd_ctlreq.c ****       (void)USBD_CtlSendStatus(pdev);
 802              		.loc 1 603 13 is_stmt 0 view .LVU281
 803 0026 1146     		mov	r1, r2
 804              	.LVL100:
 603:Middlewares/ST/STM32_USB_Device_Library/Core/Src/usbd_ctlreq.c ****       (void)USBD_CtlSendStatus(pdev);
 805              		.loc 1 603 13 view .LVU282
 806 0028 FFF7FEFF 		bl	USBD_LL_SetUSBAddress
 807              	.LVL101:
 604:Middlewares/ST/STM32_USB_Device_Library/Core/Src/usbd_ctlreq.c **** 
 808              		.loc 1 604 7 is_stmt 1 view .LVU283
 604:Middlewares/ST/STM32_USB_Device_Library/Core/Src/usbd_ctlreq.c **** 
 809              		.loc 1 604 13 is_stmt 0 view .LVU284
 810 002c 2046     		mov	r0, r4
 811 002e FFF7FEFF 		bl	USBD_CtlSendStatus
 812              	.LVL102:
 606:Middlewares/ST/STM32_USB_Device_Library/Core/Src/usbd_ctlreq.c ****       {
 813              		.loc 1 606 7 is_stmt 1 view .LVU285
 606:Middlewares/ST/STM32_USB_Device_Library/Core/Src/usbd_ctlreq.c ****       {
 814              		.loc 1 606 10 is_stmt 0 view .LVU286
 815 0032 35B1     		cbz	r5, .L49
 608:Middlewares/ST/STM32_USB_Device_Library/Core/Src/usbd_ctlreq.c ****       }
 816              		.loc 1 608 9 is_stmt 1 view .LVU287
 608:Middlewares/ST/STM32_USB_Device_Library/Core/Src/usbd_ctlreq.c ****       }
 817              		.loc 1 608 25 is_stmt 0 view .LVU288
 818 0034 0223     		movs	r3, #2
 819 0036 84F89C32 		strb	r3, [r4, #668]
 820 003a 09E0     		b	.L45
 821              	.LVL103:
ARM GAS  /tmp/ccgfHofL.s 			page 42


 822              	.L51:
 598:Middlewares/ST/STM32_USB_Device_Library/Core/Src/usbd_ctlreq.c ****     }
 823              		.loc 1 598 7 is_stmt 1 view .LVU289
 824 003c FFF7FEFF 		bl	USBD_CtlError
 825              	.LVL104:
 598:Middlewares/ST/STM32_USB_Device_Library/Core/Src/usbd_ctlreq.c ****     }
 826              		.loc 1 598 7 is_stmt 0 view .LVU290
 827 0040 06E0     		b	.L45
 828              	.LVL105:
 829              	.L49:
 612:Middlewares/ST/STM32_USB_Device_Library/Core/Src/usbd_ctlreq.c ****       }
 830              		.loc 1 612 9 is_stmt 1 view .LVU291
 612:Middlewares/ST/STM32_USB_Device_Library/Core/Src/usbd_ctlreq.c ****       }
 831              		.loc 1 612 25 is_stmt 0 view .LVU292
 832 0042 0123     		movs	r3, #1
 833 0044 84F89C32 		strb	r3, [r4, #668]
 834 0048 02E0     		b	.L45
 835              	.LVL106:
 836              	.L46:
 618:Middlewares/ST/STM32_USB_Device_Library/Core/Src/usbd_ctlreq.c ****   }
 837              		.loc 1 618 5 is_stmt 1 view .LVU293
 838 004a 2046     		mov	r0, r4
 839              	.LVL107:
 618:Middlewares/ST/STM32_USB_Device_Library/Core/Src/usbd_ctlreq.c ****   }
 840              		.loc 1 618 5 is_stmt 0 view .LVU294
 841 004c FFF7FEFF 		bl	USBD_CtlError
 842              	.LVL108:
 843              	.L45:
 620:Middlewares/ST/STM32_USB_Device_Library/Core/Src/usbd_ctlreq.c **** 
 844              		.loc 1 620 1 view .LVU295
 845 0050 38BD     		pop	{r3, r4, r5, pc}
 620:Middlewares/ST/STM32_USB_Device_Library/Core/Src/usbd_ctlreq.c **** 
 846              		.loc 1 620 1 view .LVU296
 847              		.cfi_endproc
 848              	.LFE337:
 850              		.section	.text.USBD_SetConfig,"ax",%progbits
 851              		.align	1
 852              		.syntax unified
 853              		.thumb
 854              		.thumb_func
 856              	USBD_SetConfig:
 857              	.LVL109:
 858              	.LFB338:
 630:Middlewares/ST/STM32_USB_Device_Library/Core/Src/usbd_ctlreq.c ****   USBD_StatusTypeDef ret = USBD_OK;
 859              		.loc 1 630 1 is_stmt 1 view -0
 860              		.cfi_startproc
 861              		@ args = 0, pretend = 0, frame = 0
 862              		@ frame_needed = 0, uses_anonymous_args = 0
 630:Middlewares/ST/STM32_USB_Device_Library/Core/Src/usbd_ctlreq.c ****   USBD_StatusTypeDef ret = USBD_OK;
 863              		.loc 1 630 1 is_stmt 0 view .LVU298
 864 0000 70B5     		push	{r4, r5, r6, lr}
 865              	.LCFI7:
 866              		.cfi_def_cfa_offset 16
 867              		.cfi_offset 4, -16
 868              		.cfi_offset 5, -12
 869              		.cfi_offset 6, -8
 870              		.cfi_offset 14, -4
ARM GAS  /tmp/ccgfHofL.s 			page 43


 871 0002 0446     		mov	r4, r0
 872 0004 0E46     		mov	r6, r1
 631:Middlewares/ST/STM32_USB_Device_Library/Core/Src/usbd_ctlreq.c ****   static uint8_t cfgidx;
 873              		.loc 1 631 3 is_stmt 1 view .LVU299
 874              	.LVL110:
 632:Middlewares/ST/STM32_USB_Device_Library/Core/Src/usbd_ctlreq.c **** 
 875              		.loc 1 632 3 view .LVU300
 634:Middlewares/ST/STM32_USB_Device_Library/Core/Src/usbd_ctlreq.c **** 
 876              		.loc 1 634 3 view .LVU301
 634:Middlewares/ST/STM32_USB_Device_Library/Core/Src/usbd_ctlreq.c **** 
 877              		.loc 1 634 25 is_stmt 0 view .LVU302
 878 0006 4B88     		ldrh	r3, [r1, #2]
 634:Middlewares/ST/STM32_USB_Device_Library/Core/Src/usbd_ctlreq.c **** 
 879              		.loc 1 634 12 view .LVU303
 880 0008 DDB2     		uxtb	r5, r3
 634:Middlewares/ST/STM32_USB_Device_Library/Core/Src/usbd_ctlreq.c **** 
 881              		.loc 1 634 10 view .LVU304
 882 000a 2F4A     		ldr	r2, .L71
 883 000c 1570     		strb	r5, [r2]
 636:Middlewares/ST/STM32_USB_Device_Library/Core/Src/usbd_ctlreq.c ****   {
 884              		.loc 1 636 3 is_stmt 1 view .LVU305
 636:Middlewares/ST/STM32_USB_Device_Library/Core/Src/usbd_ctlreq.c ****   {
 885              		.loc 1 636 6 is_stmt 0 view .LVU306
 886 000e 012D     		cmp	r5, #1
 887 0010 0FD8     		bhi	.L69
 642:Middlewares/ST/STM32_USB_Device_Library/Core/Src/usbd_ctlreq.c ****   {
 888              		.loc 1 642 3 is_stmt 1 view .LVU307
 642:Middlewares/ST/STM32_USB_Device_Library/Core/Src/usbd_ctlreq.c ****   {
 889              		.loc 1 642 15 is_stmt 0 view .LVU308
 890 0012 90F89C22 		ldrb	r2, [r0, #668]	@ zero_extendqisi2
 642:Middlewares/ST/STM32_USB_Device_Library/Core/Src/usbd_ctlreq.c ****   {
 891              		.loc 1 642 3 view .LVU309
 892 0016 022A     		cmp	r2, #2
 893 0018 0ED0     		beq	.L55
 894 001a 032A     		cmp	r2, #3
 895 001c 23D0     		beq	.L56
 703:Middlewares/ST/STM32_USB_Device_Library/Core/Src/usbd_ctlreq.c ****       (void)USBD_ClrClassConfig(pdev, cfgidx);
 896              		.loc 1 703 7 is_stmt 1 view .LVU310
 897 001e FFF7FEFF 		bl	USBD_CtlError
 898              	.LVL111:
 704:Middlewares/ST/STM32_USB_Device_Library/Core/Src/usbd_ctlreq.c ****       ret = USBD_FAIL;
 899              		.loc 1 704 7 view .LVU311
 704:Middlewares/ST/STM32_USB_Device_Library/Core/Src/usbd_ctlreq.c ****       ret = USBD_FAIL;
 900              		.loc 1 704 13 is_stmt 0 view .LVU312
 901 0022 294B     		ldr	r3, .L71
 902 0024 1978     		ldrb	r1, [r3]	@ zero_extendqisi2
 903 0026 2046     		mov	r0, r4
 904 0028 FFF7FEFF 		bl	USBD_ClrClassConfig
 905              	.LVL112:
 705:Middlewares/ST/STM32_USB_Device_Library/Core/Src/usbd_ctlreq.c ****       break;
 906              		.loc 1 705 7 is_stmt 1 view .LVU313
 706:Middlewares/ST/STM32_USB_Device_Library/Core/Src/usbd_ctlreq.c ****   }
 907              		.loc 1 706 7 view .LVU314
 908              	.L66:
 639:Middlewares/ST/STM32_USB_Device_Library/Core/Src/usbd_ctlreq.c ****   }
 909              		.loc 1 639 12 is_stmt 0 view .LVU315
 910 002c 0325     		movs	r5, #3
ARM GAS  /tmp/ccgfHofL.s 			page 44


 911              	.L54:
 710:Middlewares/ST/STM32_USB_Device_Library/Core/Src/usbd_ctlreq.c **** 
 912              		.loc 1 710 1 view .LVU316
 913 002e 2846     		mov	r0, r5
 914 0030 70BD     		pop	{r4, r5, r6, pc}
 915              	.LVL113:
 916              	.L69:
 638:Middlewares/ST/STM32_USB_Device_Library/Core/Src/usbd_ctlreq.c ****     return USBD_FAIL;
 917              		.loc 1 638 5 is_stmt 1 view .LVU317
 918 0032 FFF7FEFF 		bl	USBD_CtlError
 919              	.LVL114:
 639:Middlewares/ST/STM32_USB_Device_Library/Core/Src/usbd_ctlreq.c ****   }
 920              		.loc 1 639 5 view .LVU318
 639:Middlewares/ST/STM32_USB_Device_Library/Core/Src/usbd_ctlreq.c ****   }
 921              		.loc 1 639 12 is_stmt 0 view .LVU319
 922 0036 F9E7     		b	.L66
 923              	.LVL115:
 924              	.L55:
 645:Middlewares/ST/STM32_USB_Device_Library/Core/Src/usbd_ctlreq.c ****       {
 925              		.loc 1 645 7 is_stmt 1 view .LVU320
 645:Middlewares/ST/STM32_USB_Device_Library/Core/Src/usbd_ctlreq.c ****       {
 926              		.loc 1 645 10 is_stmt 0 view .LVU321
 927 0038 95B1     		cbz	r5, .L58
 647:Middlewares/ST/STM32_USB_Device_Library/Core/Src/usbd_ctlreq.c **** 
 928              		.loc 1 647 9 is_stmt 1 view .LVU322
 647:Middlewares/ST/STM32_USB_Device_Library/Core/Src/usbd_ctlreq.c **** 
 929              		.loc 1 647 26 is_stmt 0 view .LVU323
 930 003a DBB2     		uxtb	r3, r3
 931 003c 4360     		str	r3, [r0, #4]
 649:Middlewares/ST/STM32_USB_Device_Library/Core/Src/usbd_ctlreq.c **** 
 932              		.loc 1 649 9 is_stmt 1 view .LVU324
 649:Middlewares/ST/STM32_USB_Device_Library/Core/Src/usbd_ctlreq.c **** 
 933              		.loc 1 649 15 is_stmt 0 view .LVU325
 934 003e 2946     		mov	r1, r5
 935              	.LVL116:
 649:Middlewares/ST/STM32_USB_Device_Library/Core/Src/usbd_ctlreq.c **** 
 936              		.loc 1 649 15 view .LVU326
 937 0040 FFF7FEFF 		bl	USBD_SetClassConfig
 938              	.LVL117:
 651:Middlewares/ST/STM32_USB_Device_Library/Core/Src/usbd_ctlreq.c ****         {
 939              		.loc 1 651 9 is_stmt 1 view .LVU327
 651:Middlewares/ST/STM32_USB_Device_Library/Core/Src/usbd_ctlreq.c ****         {
 940              		.loc 1 651 12 is_stmt 0 view .LVU328
 941 0044 0546     		mov	r5, r0
 942 0046 20B1     		cbz	r0, .L59
 653:Middlewares/ST/STM32_USB_Device_Library/Core/Src/usbd_ctlreq.c ****         }
 943              		.loc 1 653 11 is_stmt 1 view .LVU329
 944 0048 3146     		mov	r1, r6
 945 004a 2046     		mov	r0, r4
 946              	.LVL118:
 653:Middlewares/ST/STM32_USB_Device_Library/Core/Src/usbd_ctlreq.c ****         }
 947              		.loc 1 653 11 is_stmt 0 view .LVU330
 948 004c FFF7FEFF 		bl	USBD_CtlError
 949              	.LVL119:
 950 0050 EDE7     		b	.L54
 951              	.LVL120:
 952              	.L59:
ARM GAS  /tmp/ccgfHofL.s 			page 45


 657:Middlewares/ST/STM32_USB_Device_Library/Core/Src/usbd_ctlreq.c ****           pdev->dev_state = USBD_STATE_CONFIGURED;
 953              		.loc 1 657 11 is_stmt 1 view .LVU331
 657:Middlewares/ST/STM32_USB_Device_Library/Core/Src/usbd_ctlreq.c ****           pdev->dev_state = USBD_STATE_CONFIGURED;
 954              		.loc 1 657 17 is_stmt 0 view .LVU332
 955 0052 2046     		mov	r0, r4
 956              	.LVL121:
 657:Middlewares/ST/STM32_USB_Device_Library/Core/Src/usbd_ctlreq.c ****           pdev->dev_state = USBD_STATE_CONFIGURED;
 957              		.loc 1 657 17 view .LVU333
 958 0054 FFF7FEFF 		bl	USBD_CtlSendStatus
 959              	.LVL122:
 658:Middlewares/ST/STM32_USB_Device_Library/Core/Src/usbd_ctlreq.c ****         }
 960              		.loc 1 658 11 is_stmt 1 view .LVU334
 658:Middlewares/ST/STM32_USB_Device_Library/Core/Src/usbd_ctlreq.c ****         }
 961              		.loc 1 658 27 is_stmt 0 view .LVU335
 962 0058 0323     		movs	r3, #3
 963 005a 84F89C32 		strb	r3, [r4, #668]
 964 005e E6E7     		b	.L54
 965              	.LVL123:
 966              	.L58:
 663:Middlewares/ST/STM32_USB_Device_Library/Core/Src/usbd_ctlreq.c ****       }
 967              		.loc 1 663 9 is_stmt 1 view .LVU336
 663:Middlewares/ST/STM32_USB_Device_Library/Core/Src/usbd_ctlreq.c ****       }
 968              		.loc 1 663 15 is_stmt 0 view .LVU337
 969 0060 FFF7FEFF 		bl	USBD_CtlSendStatus
 970              	.LVL124:
 663:Middlewares/ST/STM32_USB_Device_Library/Core/Src/usbd_ctlreq.c ****       }
 971              		.loc 1 663 15 view .LVU338
 972 0064 E3E7     		b	.L54
 973              	.LVL125:
 974              	.L56:
 668:Middlewares/ST/STM32_USB_Device_Library/Core/Src/usbd_ctlreq.c ****       {
 975              		.loc 1 668 7 is_stmt 1 view .LVU339
 668:Middlewares/ST/STM32_USB_Device_Library/Core/Src/usbd_ctlreq.c ****       {
 976              		.loc 1 668 10 is_stmt 0 view .LVU340
 977 0066 D5B1     		cbz	r5, .L70
 675:Middlewares/ST/STM32_USB_Device_Library/Core/Src/usbd_ctlreq.c ****       {
 978              		.loc 1 675 12 is_stmt 1 view .LVU341
 675:Middlewares/ST/STM32_USB_Device_Library/Core/Src/usbd_ctlreq.c ****       {
 979              		.loc 1 675 23 is_stmt 0 view .LVU342
 980 0068 DBB2     		uxtb	r3, r3
 675:Middlewares/ST/STM32_USB_Device_Library/Core/Src/usbd_ctlreq.c ****       {
 981              		.loc 1 675 30 view .LVU343
 982 006a 4168     		ldr	r1, [r0, #4]
 983              	.LVL126:
 675:Middlewares/ST/STM32_USB_Device_Library/Core/Src/usbd_ctlreq.c ****       {
 984              		.loc 1 675 15 view .LVU344
 985 006c 8B42     		cmp	r3, r1
 986 006e 26D0     		beq	.L63
 678:Middlewares/ST/STM32_USB_Device_Library/Core/Src/usbd_ctlreq.c **** 
 987              		.loc 1 678 9 is_stmt 1 view .LVU345
 678:Middlewares/ST/STM32_USB_Device_Library/Core/Src/usbd_ctlreq.c **** 
 988              		.loc 1 678 15 is_stmt 0 view .LVU346
 989 0070 C9B2     		uxtb	r1, r1
 990 0072 FFF7FEFF 		bl	USBD_ClrClassConfig
 991              	.LVL127:
 681:Middlewares/ST/STM32_USB_Device_Library/Core/Src/usbd_ctlreq.c **** 
 992              		.loc 1 681 9 is_stmt 1 view .LVU347
ARM GAS  /tmp/ccgfHofL.s 			page 46


 681:Middlewares/ST/STM32_USB_Device_Library/Core/Src/usbd_ctlreq.c **** 
 993              		.loc 1 681 26 is_stmt 0 view .LVU348
 994 0076 144B     		ldr	r3, .L71
 995 0078 1978     		ldrb	r1, [r3]	@ zero_extendqisi2
 996 007a 6160     		str	r1, [r4, #4]
 683:Middlewares/ST/STM32_USB_Device_Library/Core/Src/usbd_ctlreq.c **** 
 997              		.loc 1 683 9 is_stmt 1 view .LVU349
 683:Middlewares/ST/STM32_USB_Device_Library/Core/Src/usbd_ctlreq.c **** 
 998              		.loc 1 683 15 is_stmt 0 view .LVU350
 999 007c 2046     		mov	r0, r4
 1000 007e FFF7FEFF 		bl	USBD_SetClassConfig
 1001              	.LVL128:
 685:Middlewares/ST/STM32_USB_Device_Library/Core/Src/usbd_ctlreq.c ****         {
 1002              		.loc 1 685 9 is_stmt 1 view .LVU351
 685:Middlewares/ST/STM32_USB_Device_Library/Core/Src/usbd_ctlreq.c ****         {
 1003              		.loc 1 685 12 is_stmt 0 view .LVU352
 1004 0082 0546     		mov	r5, r0
 1005 0084 B8B1     		cbz	r0, .L64
 687:Middlewares/ST/STM32_USB_Device_Library/Core/Src/usbd_ctlreq.c ****           (void)USBD_ClrClassConfig(pdev, (uint8_t)pdev->dev_config);
 1006              		.loc 1 687 11 is_stmt 1 view .LVU353
 1007 0086 3146     		mov	r1, r6
 1008 0088 2046     		mov	r0, r4
 1009              	.LVL129:
 687:Middlewares/ST/STM32_USB_Device_Library/Core/Src/usbd_ctlreq.c ****           (void)USBD_ClrClassConfig(pdev, (uint8_t)pdev->dev_config);
 1010              		.loc 1 687 11 is_stmt 0 view .LVU354
 1011 008a FFF7FEFF 		bl	USBD_CtlError
 1012              	.LVL130:
 688:Middlewares/ST/STM32_USB_Device_Library/Core/Src/usbd_ctlreq.c ****           pdev->dev_state = USBD_STATE_ADDRESSED;
 1013              		.loc 1 688 11 is_stmt 1 view .LVU355
 688:Middlewares/ST/STM32_USB_Device_Library/Core/Src/usbd_ctlreq.c ****           pdev->dev_state = USBD_STATE_ADDRESSED;
 1014              		.loc 1 688 17 is_stmt 0 view .LVU356
 1015 008e 2179     		ldrb	r1, [r4, #4]	@ zero_extendqisi2
 1016 0090 2046     		mov	r0, r4
 1017 0092 FFF7FEFF 		bl	USBD_ClrClassConfig
 1018              	.LVL131:
 689:Middlewares/ST/STM32_USB_Device_Library/Core/Src/usbd_ctlreq.c ****         }
 1019              		.loc 1 689 11 is_stmt 1 view .LVU357
 689:Middlewares/ST/STM32_USB_Device_Library/Core/Src/usbd_ctlreq.c ****         }
 1020              		.loc 1 689 27 is_stmt 0 view .LVU358
 1021 0096 0223     		movs	r3, #2
 1022 0098 84F89C32 		strb	r3, [r4, #668]
 1023 009c C7E7     		b	.L54
 1024              	.LVL132:
 1025              	.L70:
 670:Middlewares/ST/STM32_USB_Device_Library/Core/Src/usbd_ctlreq.c ****         pdev->dev_config = cfgidx;
 1026              		.loc 1 670 9 is_stmt 1 view .LVU359
 670:Middlewares/ST/STM32_USB_Device_Library/Core/Src/usbd_ctlreq.c ****         pdev->dev_config = cfgidx;
 1027              		.loc 1 670 25 is_stmt 0 view .LVU360
 1028 009e 0222     		movs	r2, #2
 1029 00a0 80F89C22 		strb	r2, [r0, #668]
 671:Middlewares/ST/STM32_USB_Device_Library/Core/Src/usbd_ctlreq.c ****         (void)USBD_ClrClassConfig(pdev, cfgidx);
 1030              		.loc 1 671 9 is_stmt 1 view .LVU361
 671:Middlewares/ST/STM32_USB_Device_Library/Core/Src/usbd_ctlreq.c ****         (void)USBD_ClrClassConfig(pdev, cfgidx);
 1031              		.loc 1 671 26 is_stmt 0 view .LVU362
 1032 00a4 DBB2     		uxtb	r3, r3
 1033 00a6 4360     		str	r3, [r0, #4]
 672:Middlewares/ST/STM32_USB_Device_Library/Core/Src/usbd_ctlreq.c ****         (void)USBD_CtlSendStatus(pdev);
ARM GAS  /tmp/ccgfHofL.s 			page 47


 1034              		.loc 1 672 9 is_stmt 1 view .LVU363
 672:Middlewares/ST/STM32_USB_Device_Library/Core/Src/usbd_ctlreq.c ****         (void)USBD_CtlSendStatus(pdev);
 1035              		.loc 1 672 15 is_stmt 0 view .LVU364
 1036 00a8 2946     		mov	r1, r5
 1037              	.LVL133:
 672:Middlewares/ST/STM32_USB_Device_Library/Core/Src/usbd_ctlreq.c ****         (void)USBD_CtlSendStatus(pdev);
 1038              		.loc 1 672 15 view .LVU365
 1039 00aa FFF7FEFF 		bl	USBD_ClrClassConfig
 1040              	.LVL134:
 673:Middlewares/ST/STM32_USB_Device_Library/Core/Src/usbd_ctlreq.c ****       }
 1041              		.loc 1 673 9 is_stmt 1 view .LVU366
 673:Middlewares/ST/STM32_USB_Device_Library/Core/Src/usbd_ctlreq.c ****       }
 1042              		.loc 1 673 15 is_stmt 0 view .LVU367
 1043 00ae 2046     		mov	r0, r4
 1044 00b0 FFF7FEFF 		bl	USBD_CtlSendStatus
 1045              	.LVL135:
 1046 00b4 BBE7     		b	.L54
 1047              	.LVL136:
 1048              	.L64:
 693:Middlewares/ST/STM32_USB_Device_Library/Core/Src/usbd_ctlreq.c ****         }
 1049              		.loc 1 693 11 is_stmt 1 view .LVU368
 693:Middlewares/ST/STM32_USB_Device_Library/Core/Src/usbd_ctlreq.c ****         }
 1050              		.loc 1 693 17 is_stmt 0 view .LVU369
 1051 00b6 2046     		mov	r0, r4
 1052              	.LVL137:
 693:Middlewares/ST/STM32_USB_Device_Library/Core/Src/usbd_ctlreq.c ****         }
 1053              		.loc 1 693 17 view .LVU370
 1054 00b8 FFF7FEFF 		bl	USBD_CtlSendStatus
 1055              	.LVL138:
 1056 00bc B7E7     		b	.L54
 1057              	.LVL139:
 1058              	.L63:
 698:Middlewares/ST/STM32_USB_Device_Library/Core/Src/usbd_ctlreq.c ****       }
 1059              		.loc 1 698 9 is_stmt 1 view .LVU371
 698:Middlewares/ST/STM32_USB_Device_Library/Core/Src/usbd_ctlreq.c ****       }
 1060              		.loc 1 698 15 is_stmt 0 view .LVU372
 1061 00be FFF7FEFF 		bl	USBD_CtlSendStatus
 1062              	.LVL140:
 631:Middlewares/ST/STM32_USB_Device_Library/Core/Src/usbd_ctlreq.c ****   static uint8_t cfgidx;
 1063              		.loc 1 631 22 view .LVU373
 1064 00c2 0025     		movs	r5, #0
 1065 00c4 B3E7     		b	.L54
 1066              	.L72:
 1067 00c6 00BF     		.align	2
 1068              	.L71:
 1069 00c8 00000000 		.word	cfgidx.0
 1070              		.cfi_endproc
 1071              	.LFE338:
 1073              		.section	.text.USBD_GetConfig,"ax",%progbits
 1074              		.align	1
 1075              		.syntax unified
 1076              		.thumb
 1077              		.thumb_func
 1079              	USBD_GetConfig:
 1080              	.LVL141:
 1081              	.LFB339:
 720:Middlewares/ST/STM32_USB_Device_Library/Core/Src/usbd_ctlreq.c ****   if (req->wLength != 1U)
ARM GAS  /tmp/ccgfHofL.s 			page 48


 1082              		.loc 1 720 1 is_stmt 1 view -0
 1083              		.cfi_startproc
 1084              		@ args = 0, pretend = 0, frame = 0
 1085              		@ frame_needed = 0, uses_anonymous_args = 0
 720:Middlewares/ST/STM32_USB_Device_Library/Core/Src/usbd_ctlreq.c ****   if (req->wLength != 1U)
 1086              		.loc 1 720 1 is_stmt 0 view .LVU375
 1087 0000 08B5     		push	{r3, lr}
 1088              	.LCFI8:
 1089              		.cfi_def_cfa_offset 8
 1090              		.cfi_offset 3, -8
 1091              		.cfi_offset 14, -4
 721:Middlewares/ST/STM32_USB_Device_Library/Core/Src/usbd_ctlreq.c ****   {
 1092              		.loc 1 721 3 is_stmt 1 view .LVU376
 721:Middlewares/ST/STM32_USB_Device_Library/Core/Src/usbd_ctlreq.c ****   {
 1093              		.loc 1 721 10 is_stmt 0 view .LVU377
 1094 0002 CB88     		ldrh	r3, [r1, #6]
 721:Middlewares/ST/STM32_USB_Device_Library/Core/Src/usbd_ctlreq.c ****   {
 1095              		.loc 1 721 6 view .LVU378
 1096 0004 012B     		cmp	r3, #1
 1097 0006 0AD1     		bne	.L81
 727:Middlewares/ST/STM32_USB_Device_Library/Core/Src/usbd_ctlreq.c ****     {
 1098              		.loc 1 727 5 is_stmt 1 view .LVU379
 727:Middlewares/ST/STM32_USB_Device_Library/Core/Src/usbd_ctlreq.c ****     {
 1099              		.loc 1 727 17 is_stmt 0 view .LVU380
 1100 0008 90F89C32 		ldrb	r3, [r0, #668]	@ zero_extendqisi2
 727:Middlewares/ST/STM32_USB_Device_Library/Core/Src/usbd_ctlreq.c ****     {
 1101              		.loc 1 727 5 view .LVU381
 1102 000c 022B     		cmp	r3, #2
 1103 000e 09D9     		bls	.L82
 1104 0010 032B     		cmp	r3, #3
 1105 0012 10D1     		bne	.L78
 736:Middlewares/ST/STM32_USB_Device_Library/Core/Src/usbd_ctlreq.c ****         break;
 1106              		.loc 1 736 9 is_stmt 1 view .LVU382
 736:Middlewares/ST/STM32_USB_Device_Library/Core/Src/usbd_ctlreq.c ****         break;
 1107              		.loc 1 736 15 is_stmt 0 view .LVU383
 1108 0014 0122     		movs	r2, #1
 1109 0016 011D     		adds	r1, r0, #4
 1110              	.LVL142:
 736:Middlewares/ST/STM32_USB_Device_Library/Core/Src/usbd_ctlreq.c ****         break;
 1111              		.loc 1 736 15 view .LVU384
 1112 0018 FFF7FEFF 		bl	USBD_CtlSendData
 1113              	.LVL143:
 737:Middlewares/ST/STM32_USB_Device_Library/Core/Src/usbd_ctlreq.c **** 
 1114              		.loc 1 737 9 is_stmt 1 view .LVU385
 1115 001c 01E0     		b	.L73
 1116              	.LVL144:
 1117              	.L81:
 723:Middlewares/ST/STM32_USB_Device_Library/Core/Src/usbd_ctlreq.c ****   }
 1118              		.loc 1 723 5 view .LVU386
 1119 001e FFF7FEFF 		bl	USBD_CtlError
 1120              	.LVL145:
 1121              	.L73:
 744:Middlewares/ST/STM32_USB_Device_Library/Core/Src/usbd_ctlreq.c **** 
 1122              		.loc 1 744 1 is_stmt 0 view .LVU387
 1123 0022 08BD     		pop	{r3, pc}
 1124              	.LVL146:
 1125              	.L82:
ARM GAS  /tmp/ccgfHofL.s 			page 49


 727:Middlewares/ST/STM32_USB_Device_Library/Core/Src/usbd_ctlreq.c ****     {
 1126              		.loc 1 727 5 view .LVU388
 1127 0024 3BB1     		cbz	r3, .L78
 731:Middlewares/ST/STM32_USB_Device_Library/Core/Src/usbd_ctlreq.c ****         (void)USBD_CtlSendData(pdev, (uint8_t *)&pdev->dev_default_config, 1U);
 1128              		.loc 1 731 9 is_stmt 1 view .LVU389
 731:Middlewares/ST/STM32_USB_Device_Library/Core/Src/usbd_ctlreq.c ****         (void)USBD_CtlSendData(pdev, (uint8_t *)&pdev->dev_default_config, 1U);
 1129              		.loc 1 731 34 is_stmt 0 view .LVU390
 1130 0026 0146     		mov	r1, r0
 1131              	.LVL147:
 731:Middlewares/ST/STM32_USB_Device_Library/Core/Src/usbd_ctlreq.c ****         (void)USBD_CtlSendData(pdev, (uint8_t *)&pdev->dev_default_config, 1U);
 1132              		.loc 1 731 34 view .LVU391
 1133 0028 0023     		movs	r3, #0
 1134 002a 41F8083F 		str	r3, [r1, #8]!
 732:Middlewares/ST/STM32_USB_Device_Library/Core/Src/usbd_ctlreq.c ****         break;
 1135              		.loc 1 732 9 is_stmt 1 view .LVU392
 732:Middlewares/ST/STM32_USB_Device_Library/Core/Src/usbd_ctlreq.c ****         break;
 1136              		.loc 1 732 15 is_stmt 0 view .LVU393
 1137 002e 0122     		movs	r2, #1
 1138 0030 FFF7FEFF 		bl	USBD_CtlSendData
 1139              	.LVL148:
 733:Middlewares/ST/STM32_USB_Device_Library/Core/Src/usbd_ctlreq.c **** 
 1140              		.loc 1 733 9 is_stmt 1 view .LVU394
 1141 0034 F5E7     		b	.L73
 1142              	.LVL149:
 1143              	.L78:
 740:Middlewares/ST/STM32_USB_Device_Library/Core/Src/usbd_ctlreq.c ****         break;
 1144              		.loc 1 740 9 view .LVU395
 1145 0036 FFF7FEFF 		bl	USBD_CtlError
 1146              	.LVL150:
 741:Middlewares/ST/STM32_USB_Device_Library/Core/Src/usbd_ctlreq.c ****     }
 1147              		.loc 1 741 9 view .LVU396
 744:Middlewares/ST/STM32_USB_Device_Library/Core/Src/usbd_ctlreq.c **** 
 1148              		.loc 1 744 1 is_stmt 0 view .LVU397
 1149 003a F2E7     		b	.L73
 1150              		.cfi_endproc
 1151              	.LFE339:
 1153              		.section	.text.USBD_GetStatus,"ax",%progbits
 1154              		.align	1
 1155              		.syntax unified
 1156              		.thumb
 1157              		.thumb_func
 1159              	USBD_GetStatus:
 1160              	.LVL151:
 1161              	.LFB340:
 754:Middlewares/ST/STM32_USB_Device_Library/Core/Src/usbd_ctlreq.c ****   switch (pdev->dev_state)
 1162              		.loc 1 754 1 is_stmt 1 view -0
 1163              		.cfi_startproc
 1164              		@ args = 0, pretend = 0, frame = 0
 1165              		@ frame_needed = 0, uses_anonymous_args = 0
 754:Middlewares/ST/STM32_USB_Device_Library/Core/Src/usbd_ctlreq.c ****   switch (pdev->dev_state)
 1166              		.loc 1 754 1 is_stmt 0 view .LVU399
 1167 0000 08B5     		push	{r3, lr}
 1168              	.LCFI9:
 1169              		.cfi_def_cfa_offset 8
 1170              		.cfi_offset 3, -8
 1171              		.cfi_offset 14, -4
 755:Middlewares/ST/STM32_USB_Device_Library/Core/Src/usbd_ctlreq.c ****   {
ARM GAS  /tmp/ccgfHofL.s 			page 50


 1172              		.loc 1 755 3 is_stmt 1 view .LVU400
 755:Middlewares/ST/STM32_USB_Device_Library/Core/Src/usbd_ctlreq.c ****   {
 1173              		.loc 1 755 15 is_stmt 0 view .LVU401
 1174 0002 90F89C32 		ldrb	r3, [r0, #668]	@ zero_extendqisi2
 755:Middlewares/ST/STM32_USB_Device_Library/Core/Src/usbd_ctlreq.c ****   {
 1175              		.loc 1 755 3 view .LVU402
 1176 0006 013B     		subs	r3, r3, #1
 1177 0008 022B     		cmp	r3, #2
 1178 000a 12D8     		bhi	.L84
 760:Middlewares/ST/STM32_USB_Device_Library/Core/Src/usbd_ctlreq.c ****       {
 1179              		.loc 1 760 7 is_stmt 1 view .LVU403
 760:Middlewares/ST/STM32_USB_Device_Library/Core/Src/usbd_ctlreq.c ****       {
 1180              		.loc 1 760 14 is_stmt 0 view .LVU404
 1181 000c CB88     		ldrh	r3, [r1, #6]
 760:Middlewares/ST/STM32_USB_Device_Library/Core/Src/usbd_ctlreq.c ****       {
 1182              		.loc 1 760 10 view .LVU405
 1183 000e 022B     		cmp	r3, #2
 1184 0010 0CD1     		bne	.L89
 767:Middlewares/ST/STM32_USB_Device_Library/Core/Src/usbd_ctlreq.c **** #else
 1185              		.loc 1 767 7 is_stmt 1 view .LVU406
 767:Middlewares/ST/STM32_USB_Device_Library/Core/Src/usbd_ctlreq.c **** #else
 1186              		.loc 1 767 31 is_stmt 0 view .LVU407
 1187 0012 0123     		movs	r3, #1
 1188 0014 C360     		str	r3, [r0, #12]
 772:Middlewares/ST/STM32_USB_Device_Library/Core/Src/usbd_ctlreq.c ****       {
 1189              		.loc 1 772 7 is_stmt 1 view .LVU408
 772:Middlewares/ST/STM32_USB_Device_Library/Core/Src/usbd_ctlreq.c ****       {
 1190              		.loc 1 772 15 is_stmt 0 view .LVU409
 1191 0016 D0F8A432 		ldr	r3, [r0, #676]
 772:Middlewares/ST/STM32_USB_Device_Library/Core/Src/usbd_ctlreq.c ****       {
 1192              		.loc 1 772 10 view .LVU410
 1193 001a 0BB1     		cbz	r3, .L87
 774:Middlewares/ST/STM32_USB_Device_Library/Core/Src/usbd_ctlreq.c ****       }
 1194              		.loc 1 774 9 is_stmt 1 view .LVU411
 774:Middlewares/ST/STM32_USB_Device_Library/Core/Src/usbd_ctlreq.c ****       }
 1195              		.loc 1 774 33 is_stmt 0 view .LVU412
 1196 001c 0323     		movs	r3, #3
 1197 001e C360     		str	r3, [r0, #12]
 1198              	.L87:
 777:Middlewares/ST/STM32_USB_Device_Library/Core/Src/usbd_ctlreq.c ****       break;
 1199              		.loc 1 777 7 is_stmt 1 view .LVU413
 777:Middlewares/ST/STM32_USB_Device_Library/Core/Src/usbd_ctlreq.c ****       break;
 1200              		.loc 1 777 13 is_stmt 0 view .LVU414
 1201 0020 0222     		movs	r2, #2
 1202 0022 00F10C01 		add	r1, r0, #12
 1203              	.LVL152:
 777:Middlewares/ST/STM32_USB_Device_Library/Core/Src/usbd_ctlreq.c ****       break;
 1204              		.loc 1 777 13 view .LVU415
 1205 0026 FFF7FEFF 		bl	USBD_CtlSendData
 1206              	.LVL153:
 778:Middlewares/ST/STM32_USB_Device_Library/Core/Src/usbd_ctlreq.c **** 
 1207              		.loc 1 778 7 is_stmt 1 view .LVU416
 1208              	.L83:
 784:Middlewares/ST/STM32_USB_Device_Library/Core/Src/usbd_ctlreq.c **** 
 1209              		.loc 1 784 1 is_stmt 0 view .LVU417
 1210 002a 08BD     		pop	{r3, pc}
 1211              	.LVL154:
ARM GAS  /tmp/ccgfHofL.s 			page 51


 1212              	.L89:
 762:Middlewares/ST/STM32_USB_Device_Library/Core/Src/usbd_ctlreq.c ****         break;
 1213              		.loc 1 762 9 is_stmt 1 view .LVU418
 1214 002c FFF7FEFF 		bl	USBD_CtlError
 1215              	.LVL155:
 763:Middlewares/ST/STM32_USB_Device_Library/Core/Src/usbd_ctlreq.c ****       }
 1216              		.loc 1 763 9 view .LVU419
 1217 0030 FBE7     		b	.L83
 1218              	.LVL156:
 1219              	.L84:
 781:Middlewares/ST/STM32_USB_Device_Library/Core/Src/usbd_ctlreq.c ****       break;
 1220              		.loc 1 781 7 view .LVU420
 1221 0032 FFF7FEFF 		bl	USBD_CtlError
 1222              	.LVL157:
 782:Middlewares/ST/STM32_USB_Device_Library/Core/Src/usbd_ctlreq.c ****   }
 1223              		.loc 1 782 7 view .LVU421
 784:Middlewares/ST/STM32_USB_Device_Library/Core/Src/usbd_ctlreq.c **** 
 1224              		.loc 1 784 1 is_stmt 0 view .LVU422
 1225 0036 F8E7     		b	.L83
 1226              		.cfi_endproc
 1227              	.LFE340:
 1229              		.section	.text.USBD_ClrFeature,"ax",%progbits
 1230              		.align	1
 1231              		.syntax unified
 1232              		.thumb
 1233              		.thumb_func
 1235              	USBD_ClrFeature:
 1236              	.LVL158:
 1237              	.LFB342:
 812:Middlewares/ST/STM32_USB_Device_Library/Core/Src/usbd_ctlreq.c ****   switch (pdev->dev_state)
 1238              		.loc 1 812 1 is_stmt 1 view -0
 1239              		.cfi_startproc
 1240              		@ args = 0, pretend = 0, frame = 0
 1241              		@ frame_needed = 0, uses_anonymous_args = 0
 812:Middlewares/ST/STM32_USB_Device_Library/Core/Src/usbd_ctlreq.c ****   switch (pdev->dev_state)
 1242              		.loc 1 812 1 is_stmt 0 view .LVU424
 1243 0000 08B5     		push	{r3, lr}
 1244              	.LCFI10:
 1245              		.cfi_def_cfa_offset 8
 1246              		.cfi_offset 3, -8
 1247              		.cfi_offset 14, -4
 813:Middlewares/ST/STM32_USB_Device_Library/Core/Src/usbd_ctlreq.c ****   {
 1248              		.loc 1 813 3 is_stmt 1 view .LVU425
 813:Middlewares/ST/STM32_USB_Device_Library/Core/Src/usbd_ctlreq.c ****   {
 1249              		.loc 1 813 15 is_stmt 0 view .LVU426
 1250 0002 90F89C32 		ldrb	r3, [r0, #668]	@ zero_extendqisi2
 813:Middlewares/ST/STM32_USB_Device_Library/Core/Src/usbd_ctlreq.c ****   {
 1251              		.loc 1 813 3 view .LVU427
 1252 0006 013B     		subs	r3, r3, #1
 1253 0008 022B     		cmp	r3, #2
 1254 000a 09D8     		bhi	.L91
 818:Middlewares/ST/STM32_USB_Device_Library/Core/Src/usbd_ctlreq.c ****       {
 1255              		.loc 1 818 7 is_stmt 1 view .LVU428
 818:Middlewares/ST/STM32_USB_Device_Library/Core/Src/usbd_ctlreq.c ****       {
 1256              		.loc 1 818 14 is_stmt 0 view .LVU429
 1257 000c 4B88     		ldrh	r3, [r1, #2]
 818:Middlewares/ST/STM32_USB_Device_Library/Core/Src/usbd_ctlreq.c ****       {
ARM GAS  /tmp/ccgfHofL.s 			page 52


 1258              		.loc 1 818 10 view .LVU430
 1259 000e 012B     		cmp	r3, #1
 1260 0010 00D0     		beq	.L94
 1261              	.LVL159:
 1262              	.L90:
 829:Middlewares/ST/STM32_USB_Device_Library/Core/Src/usbd_ctlreq.c **** 
 1263              		.loc 1 829 1 view .LVU431
 1264 0012 08BD     		pop	{r3, pc}
 1265              	.LVL160:
 1266              	.L94:
 820:Middlewares/ST/STM32_USB_Device_Library/Core/Src/usbd_ctlreq.c ****         (void)USBD_CtlSendStatus(pdev);
 1267              		.loc 1 820 9 is_stmt 1 view .LVU432
 820:Middlewares/ST/STM32_USB_Device_Library/Core/Src/usbd_ctlreq.c ****         (void)USBD_CtlSendStatus(pdev);
 1268              		.loc 1 820 33 is_stmt 0 view .LVU433
 1269 0014 0023     		movs	r3, #0
 1270 0016 C0F8A432 		str	r3, [r0, #676]
 821:Middlewares/ST/STM32_USB_Device_Library/Core/Src/usbd_ctlreq.c ****       }
 1271              		.loc 1 821 9 is_stmt 1 view .LVU434
 821:Middlewares/ST/STM32_USB_Device_Library/Core/Src/usbd_ctlreq.c ****       }
 1272              		.loc 1 821 15 is_stmt 0 view .LVU435
 1273 001a FFF7FEFF 		bl	USBD_CtlSendStatus
 1274              	.LVL161:
 821:Middlewares/ST/STM32_USB_Device_Library/Core/Src/usbd_ctlreq.c ****       }
 1275              		.loc 1 821 15 view .LVU436
 1276 001e F8E7     		b	.L90
 1277              	.LVL162:
 1278              	.L91:
 826:Middlewares/ST/STM32_USB_Device_Library/Core/Src/usbd_ctlreq.c ****       break;
 1279              		.loc 1 826 7 is_stmt 1 view .LVU437
 1280 0020 FFF7FEFF 		bl	USBD_CtlError
 1281              	.LVL163:
 827:Middlewares/ST/STM32_USB_Device_Library/Core/Src/usbd_ctlreq.c ****   }
 1282              		.loc 1 827 7 view .LVU438
 829:Middlewares/ST/STM32_USB_Device_Library/Core/Src/usbd_ctlreq.c **** 
 1283              		.loc 1 829 1 is_stmt 0 view .LVU439
 1284 0024 F5E7     		b	.L90
 1285              		.cfi_endproc
 1286              	.LFE342:
 1288              		.section	.text.USBD_StdDevReq,"ax",%progbits
 1289              		.align	1
 1290              		.global	USBD_StdDevReq
 1291              		.syntax unified
 1292              		.thumb
 1293              		.thumb_func
 1295              	USBD_StdDevReq:
 1296              	.LVL164:
 1297              	.LFB333:
 101:Middlewares/ST/STM32_USB_Device_Library/Core/Src/usbd_ctlreq.c ****   USBD_StatusTypeDef ret = USBD_OK;
 1298              		.loc 1 101 1 is_stmt 1 view -0
 1299              		.cfi_startproc
 1300              		@ args = 0, pretend = 0, frame = 0
 1301              		@ frame_needed = 0, uses_anonymous_args = 0
 101:Middlewares/ST/STM32_USB_Device_Library/Core/Src/usbd_ctlreq.c ****   USBD_StatusTypeDef ret = USBD_OK;
 1302              		.loc 1 101 1 is_stmt 0 view .LVU441
 1303 0000 38B5     		push	{r3, r4, r5, lr}
 1304              	.LCFI11:
 1305              		.cfi_def_cfa_offset 16
ARM GAS  /tmp/ccgfHofL.s 			page 53


 1306              		.cfi_offset 3, -16
 1307              		.cfi_offset 4, -12
 1308              		.cfi_offset 5, -8
 1309              		.cfi_offset 14, -4
 102:Middlewares/ST/STM32_USB_Device_Library/Core/Src/usbd_ctlreq.c **** 
 1310              		.loc 1 102 3 is_stmt 1 view .LVU442
 1311              	.LVL165:
 104:Middlewares/ST/STM32_USB_Device_Library/Core/Src/usbd_ctlreq.c ****   {
 1312              		.loc 1 104 3 view .LVU443
 104:Middlewares/ST/STM32_USB_Device_Library/Core/Src/usbd_ctlreq.c ****   {
 1313              		.loc 1 104 14 is_stmt 0 view .LVU444
 1314 0002 0C78     		ldrb	r4, [r1]	@ zero_extendqisi2
 1315 0004 04F06004 		and	r4, r4, #96
 104:Middlewares/ST/STM32_USB_Device_Library/Core/Src/usbd_ctlreq.c ****   {
 1316              		.loc 1 104 3 view .LVU445
 1317 0008 202C     		cmp	r4, #32
 1318 000a 06D0     		beq	.L96
 1319 000c 402C     		cmp	r4, #64
 1320 000e 04D0     		beq	.L96
 1321 0010 54B1     		cbz	r4, .L97
 149:Middlewares/ST/STM32_USB_Device_Library/Core/Src/usbd_ctlreq.c ****       break;
 1322              		.loc 1 149 7 is_stmt 1 view .LVU446
 1323 0012 FFF7FEFF 		bl	USBD_CtlError
 1324              	.LVL166:
 150:Middlewares/ST/STM32_USB_Device_Library/Core/Src/usbd_ctlreq.c ****   }
 1325              		.loc 1 150 7 view .LVU447
 102:Middlewares/ST/STM32_USB_Device_Library/Core/Src/usbd_ctlreq.c **** 
 1326              		.loc 1 102 22 is_stmt 0 view .LVU448
 1327 0016 0024     		movs	r4, #0
 150:Middlewares/ST/STM32_USB_Device_Library/Core/Src/usbd_ctlreq.c ****   }
 1328              		.loc 1 150 7 view .LVU449
 1329 0018 04E0     		b	.L99
 1330              	.LVL167:
 1331              	.L96:
 108:Middlewares/ST/STM32_USB_Device_Library/Core/Src/usbd_ctlreq.c ****       break;
 1332              		.loc 1 108 7 is_stmt 1 view .LVU450
 108:Middlewares/ST/STM32_USB_Device_Library/Core/Src/usbd_ctlreq.c ****       break;
 1333              		.loc 1 108 37 is_stmt 0 view .LVU451
 1334 001a D0F8B832 		ldr	r3, [r0, #696]
 108:Middlewares/ST/STM32_USB_Device_Library/Core/Src/usbd_ctlreq.c ****       break;
 1335              		.loc 1 108 45 view .LVU452
 1336 001e 9B68     		ldr	r3, [r3, #8]
 108:Middlewares/ST/STM32_USB_Device_Library/Core/Src/usbd_ctlreq.c ****       break;
 1337              		.loc 1 108 33 view .LVU453
 1338 0020 9847     		blx	r3
 1339              	.LVL168:
 108:Middlewares/ST/STM32_USB_Device_Library/Core/Src/usbd_ctlreq.c ****       break;
 1340              		.loc 1 108 33 view .LVU454
 1341 0022 0446     		mov	r4, r0
 1342              	.LVL169:
 109:Middlewares/ST/STM32_USB_Device_Library/Core/Src/usbd_ctlreq.c **** 
 1343              		.loc 1 109 7 is_stmt 1 view .LVU455
 1344              	.L99:
 153:Middlewares/ST/STM32_USB_Device_Library/Core/Src/usbd_ctlreq.c **** }
 1345              		.loc 1 153 3 view .LVU456
 154:Middlewares/ST/STM32_USB_Device_Library/Core/Src/usbd_ctlreq.c **** 
 1346              		.loc 1 154 1 is_stmt 0 view .LVU457
ARM GAS  /tmp/ccgfHofL.s 			page 54


 1347 0024 2046     		mov	r0, r4
 1348 0026 38BD     		pop	{r3, r4, r5, pc}
 1349              	.LVL170:
 1350              	.L97:
 112:Middlewares/ST/STM32_USB_Device_Library/Core/Src/usbd_ctlreq.c ****       {
 1351              		.loc 1 112 7 is_stmt 1 view .LVU458
 112:Middlewares/ST/STM32_USB_Device_Library/Core/Src/usbd_ctlreq.c ****       {
 1352              		.loc 1 112 18 is_stmt 0 view .LVU459
 1353 0028 4B78     		ldrb	r3, [r1, #1]	@ zero_extendqisi2
 1354 002a 1D46     		mov	r5, r3
 112:Middlewares/ST/STM32_USB_Device_Library/Core/Src/usbd_ctlreq.c ****       {
 1355              		.loc 1 112 7 view .LVU460
 1356 002c 092D     		cmp	r5, #9
 1357 002e 1DD8     		bhi	.L100
 1358 0030 DFE805F0 		tbb	[pc, r5]
 1359              	.L102:
 1360 0034 12       		.byte	(.L108-.L102)/2
 1361 0035 19       		.byte	(.L107-.L102)/2
 1362 0036 1C       		.byte	(.L100-.L102)/2
 1363 0037 16       		.byte	(.L106-.L102)/2
 1364 0038 1C       		.byte	(.L100-.L102)/2
 1365 0039 08       		.byte	(.L105-.L102)/2
 1366 003a 05       		.byte	(.L104-.L102)/2
 1367 003b 1C       		.byte	(.L100-.L102)/2
 1368 003c 0F       		.byte	(.L103-.L102)/2
 1369 003d 0B       		.byte	(.L101-.L102)/2
 1370              		.p2align 1
 1371              	.L104:
 115:Middlewares/ST/STM32_USB_Device_Library/Core/Src/usbd_ctlreq.c ****           break;
 1372              		.loc 1 115 11 is_stmt 1 view .LVU461
 1373 003e FFF7FEFF 		bl	USBD_GetDescriptor
 1374              	.LVL171:
 116:Middlewares/ST/STM32_USB_Device_Library/Core/Src/usbd_ctlreq.c **** 
 1375              		.loc 1 116 11 view .LVU462
 1376 0042 EFE7     		b	.L99
 1377              	.LVL172:
 1378              	.L105:
 119:Middlewares/ST/STM32_USB_Device_Library/Core/Src/usbd_ctlreq.c ****           break;
 1379              		.loc 1 119 11 view .LVU463
 1380 0044 FFF7FEFF 		bl	USBD_SetAddress
 1381              	.LVL173:
 120:Middlewares/ST/STM32_USB_Device_Library/Core/Src/usbd_ctlreq.c **** 
 1382              		.loc 1 120 11 view .LVU464
 1383 0048 ECE7     		b	.L99
 1384              	.LVL174:
 1385              	.L101:
 123:Middlewares/ST/STM32_USB_Device_Library/Core/Src/usbd_ctlreq.c ****           break;
 1386              		.loc 1 123 11 view .LVU465
 123:Middlewares/ST/STM32_USB_Device_Library/Core/Src/usbd_ctlreq.c ****           break;
 1387              		.loc 1 123 17 is_stmt 0 view .LVU466
 1388 004a FFF7FEFF 		bl	USBD_SetConfig
 1389              	.LVL175:
 123:Middlewares/ST/STM32_USB_Device_Library/Core/Src/usbd_ctlreq.c ****           break;
 1390              		.loc 1 123 17 view .LVU467
 1391 004e 0446     		mov	r4, r0
 1392              	.LVL176:
 124:Middlewares/ST/STM32_USB_Device_Library/Core/Src/usbd_ctlreq.c **** 
ARM GAS  /tmp/ccgfHofL.s 			page 55


 1393              		.loc 1 124 11 is_stmt 1 view .LVU468
 1394 0050 E8E7     		b	.L99
 1395              	.LVL177:
 1396              	.L103:
 127:Middlewares/ST/STM32_USB_Device_Library/Core/Src/usbd_ctlreq.c ****           break;
 1397              		.loc 1 127 11 view .LVU469
 1398 0052 FFF7FEFF 		bl	USBD_GetConfig
 1399              	.LVL178:
 128:Middlewares/ST/STM32_USB_Device_Library/Core/Src/usbd_ctlreq.c **** 
 1400              		.loc 1 128 11 view .LVU470
 1401 0056 E5E7     		b	.L99
 1402              	.LVL179:
 1403              	.L108:
 131:Middlewares/ST/STM32_USB_Device_Library/Core/Src/usbd_ctlreq.c ****           break;
 1404              		.loc 1 131 11 view .LVU471
 1405 0058 FFF7FEFF 		bl	USBD_GetStatus
 1406              	.LVL180:
 132:Middlewares/ST/STM32_USB_Device_Library/Core/Src/usbd_ctlreq.c **** 
 1407              		.loc 1 132 11 view .LVU472
 102:Middlewares/ST/STM32_USB_Device_Library/Core/Src/usbd_ctlreq.c **** 
 1408              		.loc 1 102 22 is_stmt 0 view .LVU473
 1409 005c 2C46     		mov	r4, r5
 132:Middlewares/ST/STM32_USB_Device_Library/Core/Src/usbd_ctlreq.c **** 
 1410              		.loc 1 132 11 view .LVU474
 1411 005e E1E7     		b	.L99
 1412              	.LVL181:
 1413              	.L106:
 135:Middlewares/ST/STM32_USB_Device_Library/Core/Src/usbd_ctlreq.c ****           break;
 1414              		.loc 1 135 11 is_stmt 1 view .LVU475
 1415 0060 FFF7FEFF 		bl	USBD_SetFeature
 1416              	.LVL182:
 136:Middlewares/ST/STM32_USB_Device_Library/Core/Src/usbd_ctlreq.c **** 
 1417              		.loc 1 136 11 view .LVU476
 1418 0064 DEE7     		b	.L99
 1419              	.LVL183:
 1420              	.L107:
 139:Middlewares/ST/STM32_USB_Device_Library/Core/Src/usbd_ctlreq.c ****           break;
 1421              		.loc 1 139 11 view .LVU477
 1422 0066 FFF7FEFF 		bl	USBD_ClrFeature
 1423              	.LVL184:
 140:Middlewares/ST/STM32_USB_Device_Library/Core/Src/usbd_ctlreq.c **** 
 1424              		.loc 1 140 11 view .LVU478
 1425 006a DBE7     		b	.L99
 1426              	.LVL185:
 1427              	.L100:
 143:Middlewares/ST/STM32_USB_Device_Library/Core/Src/usbd_ctlreq.c ****           break;
 1428              		.loc 1 143 11 view .LVU479
 1429 006c FFF7FEFF 		bl	USBD_CtlError
 1430              	.LVL186:
 144:Middlewares/ST/STM32_USB_Device_Library/Core/Src/usbd_ctlreq.c ****       }
 1431              		.loc 1 144 11 view .LVU480
 1432 0070 D8E7     		b	.L99
 1433              		.cfi_endproc
 1434              	.LFE333:
 1436              		.section	.text.USBD_StdItfReq,"ax",%progbits
 1437              		.align	1
 1438              		.global	USBD_StdItfReq
ARM GAS  /tmp/ccgfHofL.s 			page 56


 1439              		.syntax unified
 1440              		.thumb
 1441              		.thumb_func
 1443              	USBD_StdItfReq:
 1444              	.LVL187:
 1445              	.LFB334:
 164:Middlewares/ST/STM32_USB_Device_Library/Core/Src/usbd_ctlreq.c ****   USBD_StatusTypeDef ret = USBD_OK;
 1446              		.loc 1 164 1 view -0
 1447              		.cfi_startproc
 1448              		@ args = 0, pretend = 0, frame = 0
 1449              		@ frame_needed = 0, uses_anonymous_args = 0
 164:Middlewares/ST/STM32_USB_Device_Library/Core/Src/usbd_ctlreq.c ****   USBD_StatusTypeDef ret = USBD_OK;
 1450              		.loc 1 164 1 is_stmt 0 view .LVU482
 1451 0000 70B5     		push	{r4, r5, r6, lr}
 1452              	.LCFI12:
 1453              		.cfi_def_cfa_offset 16
 1454              		.cfi_offset 4, -16
 1455              		.cfi_offset 5, -12
 1456              		.cfi_offset 6, -8
 1457              		.cfi_offset 14, -4
 1458 0002 0546     		mov	r5, r0
 1459 0004 0C46     		mov	r4, r1
 165:Middlewares/ST/STM32_USB_Device_Library/Core/Src/usbd_ctlreq.c **** 
 1460              		.loc 1 165 3 is_stmt 1 view .LVU483
 1461              	.LVL188:
 167:Middlewares/ST/STM32_USB_Device_Library/Core/Src/usbd_ctlreq.c ****   {
 1462              		.loc 1 167 3 view .LVU484
 167:Middlewares/ST/STM32_USB_Device_Library/Core/Src/usbd_ctlreq.c ****   {
 1463              		.loc 1 167 14 is_stmt 0 view .LVU485
 1464 0006 0B78     		ldrb	r3, [r1]	@ zero_extendqisi2
 1465 0008 03F06003 		and	r3, r3, #96
 167:Middlewares/ST/STM32_USB_Device_Library/Core/Src/usbd_ctlreq.c ****   {
 1466              		.loc 1 167 3 view .LVU486
 1467 000c 202B     		cmp	r3, #32
 1468 000e 08D0     		beq	.L113
 1469 0010 402B     		cmp	r3, #64
 1470 0012 06D0     		beq	.L113
 1471 0014 2BB1     		cbz	r3, .L113
 200:Middlewares/ST/STM32_USB_Device_Library/Core/Src/usbd_ctlreq.c ****       break;
 1472              		.loc 1 200 7 is_stmt 1 view .LVU487
 1473 0016 FFF7FEFF 		bl	USBD_CtlError
 1474              	.LVL189:
 201:Middlewares/ST/STM32_USB_Device_Library/Core/Src/usbd_ctlreq.c ****   }
 1475              		.loc 1 201 7 view .LVU488
 1476              	.L118:
 165:Middlewares/ST/STM32_USB_Device_Library/Core/Src/usbd_ctlreq.c **** 
 1477              		.loc 1 165 22 is_stmt 0 view .LVU489
 1478 001a 0023     		movs	r3, #0
 1479 001c 1E46     		mov	r6, r3
 1480              	.LVL190:
 1481              	.L119:
 204:Middlewares/ST/STM32_USB_Device_Library/Core/Src/usbd_ctlreq.c **** }
 1482              		.loc 1 204 3 is_stmt 1 view .LVU490
 205:Middlewares/ST/STM32_USB_Device_Library/Core/Src/usbd_ctlreq.c **** 
 1483              		.loc 1 205 1 is_stmt 0 view .LVU491
 1484 001e 3046     		mov	r0, r6
 1485 0020 70BD     		pop	{r4, r5, r6, pc}
ARM GAS  /tmp/ccgfHofL.s 			page 57


 1486              	.LVL191:
 1487              	.L113:
 172:Middlewares/ST/STM32_USB_Device_Library/Core/Src/usbd_ctlreq.c ****       {
 1488              		.loc 1 172 7 is_stmt 1 view .LVU492
 172:Middlewares/ST/STM32_USB_Device_Library/Core/Src/usbd_ctlreq.c ****       {
 1489              		.loc 1 172 19 is_stmt 0 view .LVU493
 1490 0022 95F89C32 		ldrb	r3, [r5, #668]	@ zero_extendqisi2
 172:Middlewares/ST/STM32_USB_Device_Library/Core/Src/usbd_ctlreq.c ****       {
 1491              		.loc 1 172 7 view .LVU494
 1492 0026 013B     		subs	r3, r3, #1
 1493 0028 022B     		cmp	r3, #2
 1494 002a 17D8     		bhi	.L115
 178:Middlewares/ST/STM32_USB_Device_Library/Core/Src/usbd_ctlreq.c ****           {
 1495              		.loc 1 178 11 is_stmt 1 view .LVU495
 178:Middlewares/ST/STM32_USB_Device_Library/Core/Src/usbd_ctlreq.c ****           {
 1496              		.loc 1 178 15 is_stmt 0 view .LVU496
 1497 002c 2379     		ldrb	r3, [r4, #4]	@ zero_extendqisi2
 178:Middlewares/ST/STM32_USB_Device_Library/Core/Src/usbd_ctlreq.c ****           {
 1498              		.loc 1 178 14 view .LVU497
 1499 002e 012B     		cmp	r3, #1
 1500 0030 0FD8     		bhi	.L116
 180:Middlewares/ST/STM32_USB_Device_Library/Core/Src/usbd_ctlreq.c **** 
 1501              		.loc 1 180 13 is_stmt 1 view .LVU498
 180:Middlewares/ST/STM32_USB_Device_Library/Core/Src/usbd_ctlreq.c **** 
 1502              		.loc 1 180 43 is_stmt 0 view .LVU499
 1503 0032 D5F8B832 		ldr	r3, [r5, #696]
 180:Middlewares/ST/STM32_USB_Device_Library/Core/Src/usbd_ctlreq.c **** 
 1504              		.loc 1 180 51 view .LVU500
 1505 0036 9B68     		ldr	r3, [r3, #8]
 180:Middlewares/ST/STM32_USB_Device_Library/Core/Src/usbd_ctlreq.c **** 
 1506              		.loc 1 180 39 view .LVU501
 1507 0038 2146     		mov	r1, r4
 1508              	.LVL192:
 180:Middlewares/ST/STM32_USB_Device_Library/Core/Src/usbd_ctlreq.c **** 
 1509              		.loc 1 180 39 view .LVU502
 1510 003a 2846     		mov	r0, r5
 1511              	.LVL193:
 180:Middlewares/ST/STM32_USB_Device_Library/Core/Src/usbd_ctlreq.c **** 
 1512              		.loc 1 180 39 view .LVU503
 1513 003c 9847     		blx	r3
 1514              	.LVL194:
 1515 003e 0646     		mov	r6, r0
 1516              	.LVL195:
 182:Middlewares/ST/STM32_USB_Device_Library/Core/Src/usbd_ctlreq.c ****             {
 1517              		.loc 1 182 13 is_stmt 1 view .LVU504
 182:Middlewares/ST/STM32_USB_Device_Library/Core/Src/usbd_ctlreq.c ****             {
 1518              		.loc 1 182 21 is_stmt 0 view .LVU505
 1519 0040 E388     		ldrh	r3, [r4, #6]
 182:Middlewares/ST/STM32_USB_Device_Library/Core/Src/usbd_ctlreq.c ****             {
 1520              		.loc 1 182 16 view .LVU506
 1521 0042 002B     		cmp	r3, #0
 1522 0044 EBD1     		bne	.L119
 182:Middlewares/ST/STM32_USB_Device_Library/Core/Src/usbd_ctlreq.c ****             {
 1523              		.loc 1 182 38 discriminator 1 view .LVU507
 1524 0046 0028     		cmp	r0, #0
 1525 0048 E9D1     		bne	.L119
 184:Middlewares/ST/STM32_USB_Device_Library/Core/Src/usbd_ctlreq.c ****             }
ARM GAS  /tmp/ccgfHofL.s 			page 58


 1526              		.loc 1 184 15 is_stmt 1 view .LVU508
 184:Middlewares/ST/STM32_USB_Device_Library/Core/Src/usbd_ctlreq.c ****             }
 1527              		.loc 1 184 21 is_stmt 0 view .LVU509
 1528 004a 2846     		mov	r0, r5
 1529              	.LVL196:
 184:Middlewares/ST/STM32_USB_Device_Library/Core/Src/usbd_ctlreq.c ****             }
 1530              		.loc 1 184 21 view .LVU510
 1531 004c FFF7FEFF 		bl	USBD_CtlSendStatus
 1532              	.LVL197:
 1533 0050 E5E7     		b	.L119
 1534              	.LVL198:
 1535              	.L116:
 189:Middlewares/ST/STM32_USB_Device_Library/Core/Src/usbd_ctlreq.c ****           }
 1536              		.loc 1 189 13 is_stmt 1 view .LVU511
 1537 0052 2146     		mov	r1, r4
 1538              	.LVL199:
 189:Middlewares/ST/STM32_USB_Device_Library/Core/Src/usbd_ctlreq.c ****           }
 1539              		.loc 1 189 13 is_stmt 0 view .LVU512
 1540 0054 2846     		mov	r0, r5
 1541              	.LVL200:
 189:Middlewares/ST/STM32_USB_Device_Library/Core/Src/usbd_ctlreq.c ****           }
 1542              		.loc 1 189 13 view .LVU513
 1543 0056 FFF7FEFF 		bl	USBD_CtlError
 1544              	.LVL201:
 1545 005a DEE7     		b	.L118
 1546              	.LVL202:
 1547              	.L115:
 194:Middlewares/ST/STM32_USB_Device_Library/Core/Src/usbd_ctlreq.c ****           break;
 1548              		.loc 1 194 11 is_stmt 1 view .LVU514
 1549 005c 2146     		mov	r1, r4
 1550              	.LVL203:
 194:Middlewares/ST/STM32_USB_Device_Library/Core/Src/usbd_ctlreq.c ****           break;
 1551              		.loc 1 194 11 is_stmt 0 view .LVU515
 1552 005e 2846     		mov	r0, r5
 1553              	.LVL204:
 194:Middlewares/ST/STM32_USB_Device_Library/Core/Src/usbd_ctlreq.c ****           break;
 1554              		.loc 1 194 11 view .LVU516
 1555 0060 FFF7FEFF 		bl	USBD_CtlError
 1556              	.LVL205:
 195:Middlewares/ST/STM32_USB_Device_Library/Core/Src/usbd_ctlreq.c ****       }
 1557              		.loc 1 195 11 is_stmt 1 view .LVU517
 1558 0064 D9E7     		b	.L118
 1559              		.cfi_endproc
 1560              	.LFE334:
 1562              		.section	.text.USBD_StdEPReq,"ax",%progbits
 1563              		.align	1
 1564              		.global	USBD_StdEPReq
 1565              		.syntax unified
 1566              		.thumb
 1567              		.thumb_func
 1569              	USBD_StdEPReq:
 1570              	.LVL206:
 1571              	.LFB335:
 215:Middlewares/ST/STM32_USB_Device_Library/Core/Src/usbd_ctlreq.c ****   USBD_EndpointTypeDef *pep;
 1572              		.loc 1 215 1 view -0
 1573              		.cfi_startproc
 1574              		@ args = 0, pretend = 0, frame = 0
ARM GAS  /tmp/ccgfHofL.s 			page 59


 1575              		@ frame_needed = 0, uses_anonymous_args = 0
 215:Middlewares/ST/STM32_USB_Device_Library/Core/Src/usbd_ctlreq.c ****   USBD_EndpointTypeDef *pep;
 1576              		.loc 1 215 1 is_stmt 0 view .LVU519
 1577 0000 F8B5     		push	{r3, r4, r5, r6, r7, lr}
 1578              	.LCFI13:
 1579              		.cfi_def_cfa_offset 24
 1580              		.cfi_offset 3, -24
 1581              		.cfi_offset 4, -20
 1582              		.cfi_offset 5, -16
 1583              		.cfi_offset 6, -12
 1584              		.cfi_offset 7, -8
 1585              		.cfi_offset 14, -4
 1586 0002 0546     		mov	r5, r0
 1587 0004 0E46     		mov	r6, r1
 216:Middlewares/ST/STM32_USB_Device_Library/Core/Src/usbd_ctlreq.c ****   uint8_t ep_addr;
 1588              		.loc 1 216 3 is_stmt 1 view .LVU520
 217:Middlewares/ST/STM32_USB_Device_Library/Core/Src/usbd_ctlreq.c ****   USBD_StatusTypeDef ret = USBD_OK;
 1589              		.loc 1 217 3 view .LVU521
 218:Middlewares/ST/STM32_USB_Device_Library/Core/Src/usbd_ctlreq.c ****   ep_addr = LOBYTE(req->wIndex);
 1590              		.loc 1 218 3 view .LVU522
 1591              	.LVL207:
 219:Middlewares/ST/STM32_USB_Device_Library/Core/Src/usbd_ctlreq.c **** 
 1592              		.loc 1 219 3 view .LVU523
 219:Middlewares/ST/STM32_USB_Device_Library/Core/Src/usbd_ctlreq.c **** 
 1593              		.loc 1 219 13 is_stmt 0 view .LVU524
 1594 0006 8B88     		ldrh	r3, [r1, #4]
 1595              	.LVL208:
 221:Middlewares/ST/STM32_USB_Device_Library/Core/Src/usbd_ctlreq.c ****   {
 1596              		.loc 1 221 3 is_stmt 1 view .LVU525
 221:Middlewares/ST/STM32_USB_Device_Library/Core/Src/usbd_ctlreq.c ****   {
 1597              		.loc 1 221 14 is_stmt 0 view .LVU526
 1598 0008 0C78     		ldrb	r4, [r1]	@ zero_extendqisi2
 1599 000a 04F06004 		and	r4, r4, #96
 221:Middlewares/ST/STM32_USB_Device_Library/Core/Src/usbd_ctlreq.c ****   {
 1600              		.loc 1 221 3 view .LVU527
 1601 000e 202C     		cmp	r4, #32
 1602 0010 07D0     		beq	.L122
 1603 0012 DAB2     		uxtb	r2, r3
 1604 0014 402C     		cmp	r4, #64
 1605 0016 04D0     		beq	.L122
 1606 0018 64B1     		cbz	r4, .L123
 365:Middlewares/ST/STM32_USB_Device_Library/Core/Src/usbd_ctlreq.c ****       break;
 1607              		.loc 1 365 7 is_stmt 1 view .LVU528
 1608 001a FFF7FEFF 		bl	USBD_CtlError
 1609              	.LVL209:
 366:Middlewares/ST/STM32_USB_Device_Library/Core/Src/usbd_ctlreq.c ****   }
 1610              		.loc 1 366 7 view .LVU529
 218:Middlewares/ST/STM32_USB_Device_Library/Core/Src/usbd_ctlreq.c ****   ep_addr = LOBYTE(req->wIndex);
 1611              		.loc 1 218 22 is_stmt 0 view .LVU530
 1612 001e 0024     		movs	r4, #0
 366:Middlewares/ST/STM32_USB_Device_Library/Core/Src/usbd_ctlreq.c ****   }
 1613              		.loc 1 366 7 view .LVU531
 1614 0020 06E0     		b	.L125
 1615              	.LVL210:
 1616              	.L122:
 225:Middlewares/ST/STM32_USB_Device_Library/Core/Src/usbd_ctlreq.c ****       break;
 1617              		.loc 1 225 7 is_stmt 1 view .LVU532
ARM GAS  /tmp/ccgfHofL.s 			page 60


 225:Middlewares/ST/STM32_USB_Device_Library/Core/Src/usbd_ctlreq.c ****       break;
 1618              		.loc 1 225 37 is_stmt 0 view .LVU533
 1619 0022 D5F8B832 		ldr	r3, [r5, #696]
 1620              	.LVL211:
 225:Middlewares/ST/STM32_USB_Device_Library/Core/Src/usbd_ctlreq.c ****       break;
 1621              		.loc 1 225 45 view .LVU534
 1622 0026 9B68     		ldr	r3, [r3, #8]
 225:Middlewares/ST/STM32_USB_Device_Library/Core/Src/usbd_ctlreq.c ****       break;
 1623              		.loc 1 225 33 view .LVU535
 1624 0028 3146     		mov	r1, r6
 1625              	.LVL212:
 225:Middlewares/ST/STM32_USB_Device_Library/Core/Src/usbd_ctlreq.c ****       break;
 1626              		.loc 1 225 33 view .LVU536
 1627 002a 2846     		mov	r0, r5
 1628              	.LVL213:
 225:Middlewares/ST/STM32_USB_Device_Library/Core/Src/usbd_ctlreq.c ****       break;
 1629              		.loc 1 225 33 view .LVU537
 1630 002c 9847     		blx	r3
 1631              	.LVL214:
 225:Middlewares/ST/STM32_USB_Device_Library/Core/Src/usbd_ctlreq.c ****       break;
 1632              		.loc 1 225 33 view .LVU538
 1633 002e 0446     		mov	r4, r0
 1634              	.LVL215:
 226:Middlewares/ST/STM32_USB_Device_Library/Core/Src/usbd_ctlreq.c **** 
 1635              		.loc 1 226 7 is_stmt 1 view .LVU539
 1636              	.L125:
 369:Middlewares/ST/STM32_USB_Device_Library/Core/Src/usbd_ctlreq.c **** }
 1637              		.loc 1 369 3 view .LVU540
 370:Middlewares/ST/STM32_USB_Device_Library/Core/Src/usbd_ctlreq.c **** 
 1638              		.loc 1 370 1 is_stmt 0 view .LVU541
 1639 0030 2046     		mov	r0, r4
 1640 0032 F8BD     		pop	{r3, r4, r5, r6, r7, pc}
 1641              	.LVL216:
 1642              	.L123:
 229:Middlewares/ST/STM32_USB_Device_Library/Core/Src/usbd_ctlreq.c ****       {
 1643              		.loc 1 229 7 is_stmt 1 view .LVU542
 229:Middlewares/ST/STM32_USB_Device_Library/Core/Src/usbd_ctlreq.c ****       {
 1644              		.loc 1 229 18 is_stmt 0 view .LVU543
 1645 0034 4978     		ldrb	r1, [r1, #1]	@ zero_extendqisi2
 1646              	.LVL217:
 229:Middlewares/ST/STM32_USB_Device_Library/Core/Src/usbd_ctlreq.c ****       {
 1647              		.loc 1 229 18 view .LVU544
 1648 0036 0F46     		mov	r7, r1
 229:Middlewares/ST/STM32_USB_Device_Library/Core/Src/usbd_ctlreq.c ****       {
 1649              		.loc 1 229 7 view .LVU545
 1650 0038 0129     		cmp	r1, #1
 1651 003a 30D0     		beq	.L126
 1652 003c 0329     		cmp	r1, #3
 1653 003e 05D0     		beq	.L127
 1654 0040 0029     		cmp	r1, #0
 1655 0042 5BD0     		beq	.L128
 359:Middlewares/ST/STM32_USB_Device_Library/Core/Src/usbd_ctlreq.c ****           break;
 1656              		.loc 1 359 11 is_stmt 1 view .LVU546
 1657 0044 3146     		mov	r1, r6
 1658 0046 FFF7FEFF 		bl	USBD_CtlError
 1659              	.LVL218:
 360:Middlewares/ST/STM32_USB_Device_Library/Core/Src/usbd_ctlreq.c ****       }
ARM GAS  /tmp/ccgfHofL.s 			page 61


 1660              		.loc 1 360 11 view .LVU547
 1661 004a F1E7     		b	.L125
 1662              	.LVL219:
 1663              	.L127:
 232:Middlewares/ST/STM32_USB_Device_Library/Core/Src/usbd_ctlreq.c ****           {
 1664              		.loc 1 232 11 view .LVU548
 232:Middlewares/ST/STM32_USB_Device_Library/Core/Src/usbd_ctlreq.c ****           {
 1665              		.loc 1 232 23 is_stmt 0 view .LVU549
 1666 004c 90F89C32 		ldrb	r3, [r0, #668]	@ zero_extendqisi2
 1667              	.LVL220:
 232:Middlewares/ST/STM32_USB_Device_Library/Core/Src/usbd_ctlreq.c ****           {
 1668              		.loc 1 232 11 view .LVU550
 1669 0050 022B     		cmp	r3, #2
 1670 0052 05D0     		beq	.L130
 1671 0054 032B     		cmp	r3, #3
 1672 0056 13D0     		beq	.L131
 259:Middlewares/ST/STM32_USB_Device_Library/Core/Src/usbd_ctlreq.c ****               break;
 1673              		.loc 1 259 15 is_stmt 1 view .LVU551
 1674 0058 3146     		mov	r1, r6
 1675 005a FFF7FEFF 		bl	USBD_CtlError
 1676              	.LVL221:
 260:Middlewares/ST/STM32_USB_Device_Library/Core/Src/usbd_ctlreq.c ****           }
 1677              		.loc 1 260 15 view .LVU552
 1678 005e E7E7     		b	.L125
 1679              	.LVL222:
 1680              	.L130:
 235:Middlewares/ST/STM32_USB_Device_Library/Core/Src/usbd_ctlreq.c ****               {
 1681              		.loc 1 235 15 view .LVU553
 235:Middlewares/ST/STM32_USB_Device_Library/Core/Src/usbd_ctlreq.c ****               {
 1682              		.loc 1 235 18 is_stmt 0 view .LVU554
 1683 0060 0AB1     		cbz	r2, .L133
 235:Middlewares/ST/STM32_USB_Device_Library/Core/Src/usbd_ctlreq.c ****               {
 1684              		.loc 1 235 38 discriminator 1 view .LVU555
 1685 0062 802A     		cmp	r2, #128
 1686 0064 04D1     		bne	.L162
 1687              	.L133:
 242:Middlewares/ST/STM32_USB_Device_Library/Core/Src/usbd_ctlreq.c ****               }
 1688              		.loc 1 242 17 is_stmt 1 view .LVU556
 1689 0066 3146     		mov	r1, r6
 1690 0068 2846     		mov	r0, r5
 1691              	.LVL223:
 242:Middlewares/ST/STM32_USB_Device_Library/Core/Src/usbd_ctlreq.c ****               }
 1692              		.loc 1 242 17 is_stmt 0 view .LVU557
 1693 006a FFF7FEFF 		bl	USBD_CtlError
 1694              	.LVL224:
 242:Middlewares/ST/STM32_USB_Device_Library/Core/Src/usbd_ctlreq.c ****               }
 1695              		.loc 1 242 17 view .LVU558
 1696 006e DFE7     		b	.L125
 1697              	.LVL225:
 1698              	.L162:
 237:Middlewares/ST/STM32_USB_Device_Library/Core/Src/usbd_ctlreq.c ****                 (void)USBD_LL_StallEP(pdev, 0x80U);
 1699              		.loc 1 237 17 is_stmt 1 view .LVU559
 237:Middlewares/ST/STM32_USB_Device_Library/Core/Src/usbd_ctlreq.c ****                 (void)USBD_LL_StallEP(pdev, 0x80U);
 1700              		.loc 1 237 23 is_stmt 0 view .LVU560
 1701 0070 1146     		mov	r1, r2
 1702 0072 FFF7FEFF 		bl	USBD_LL_StallEP
 1703              	.LVL226:
ARM GAS  /tmp/ccgfHofL.s 			page 62


 238:Middlewares/ST/STM32_USB_Device_Library/Core/Src/usbd_ctlreq.c ****               }
 1704              		.loc 1 238 17 is_stmt 1 view .LVU561
 238:Middlewares/ST/STM32_USB_Device_Library/Core/Src/usbd_ctlreq.c ****               }
 1705              		.loc 1 238 23 is_stmt 0 view .LVU562
 1706 0076 8021     		movs	r1, #128
 1707 0078 2846     		mov	r0, r5
 1708 007a FFF7FEFF 		bl	USBD_LL_StallEP
 1709              	.LVL227:
 238:Middlewares/ST/STM32_USB_Device_Library/Core/Src/usbd_ctlreq.c ****               }
 1710              		.loc 1 238 17 discriminator 1 view .LVU563
 1711 007e D7E7     		b	.L125
 1712              	.LVL228:
 1713              	.L131:
 247:Middlewares/ST/STM32_USB_Device_Library/Core/Src/usbd_ctlreq.c ****               {
 1714              		.loc 1 247 15 is_stmt 1 view .LVU564
 247:Middlewares/ST/STM32_USB_Device_Library/Core/Src/usbd_ctlreq.c ****               {
 1715              		.loc 1 247 22 is_stmt 0 view .LVU565
 1716 0080 7388     		ldrh	r3, [r6, #2]
 247:Middlewares/ST/STM32_USB_Device_Library/Core/Src/usbd_ctlreq.c ****               {
 1717              		.loc 1 247 18 view .LVU566
 1718 0082 23B9     		cbnz	r3, .L135
 249:Middlewares/ST/STM32_USB_Device_Library/Core/Src/usbd_ctlreq.c ****                 {
 1719              		.loc 1 249 17 is_stmt 1 view .LVU567
 249:Middlewares/ST/STM32_USB_Device_Library/Core/Src/usbd_ctlreq.c ****                 {
 1720              		.loc 1 249 20 is_stmt 0 view .LVU568
 1721 0084 1AB1     		cbz	r2, .L135
 249:Middlewares/ST/STM32_USB_Device_Library/Core/Src/usbd_ctlreq.c ****                 {
 1722              		.loc 1 249 40 discriminator 1 view .LVU569
 1723 0086 802A     		cmp	r2, #128
 1724 0088 01D0     		beq	.L135
 249:Middlewares/ST/STM32_USB_Device_Library/Core/Src/usbd_ctlreq.c ****                 {
 1725              		.loc 1 249 69 discriminator 2 view .LVU570
 1726 008a F388     		ldrh	r3, [r6, #6]
 249:Middlewares/ST/STM32_USB_Device_Library/Core/Src/usbd_ctlreq.c ****                 {
 1727              		.loc 1 249 62 discriminator 2 view .LVU571
 1728 008c 1BB1     		cbz	r3, .L163
 1729              	.LVL229:
 1730              	.L135:
 254:Middlewares/ST/STM32_USB_Device_Library/Core/Src/usbd_ctlreq.c **** 
 1731              		.loc 1 254 15 is_stmt 1 view .LVU572
 254:Middlewares/ST/STM32_USB_Device_Library/Core/Src/usbd_ctlreq.c **** 
 1732              		.loc 1 254 21 is_stmt 0 view .LVU573
 1733 008e 2846     		mov	r0, r5
 1734 0090 FFF7FEFF 		bl	USBD_CtlSendStatus
 1735              	.LVL230:
 256:Middlewares/ST/STM32_USB_Device_Library/Core/Src/usbd_ctlreq.c **** 
 1736              		.loc 1 256 15 is_stmt 1 view .LVU574
 1737 0094 CCE7     		b	.L125
 1738              	.LVL231:
 1739              	.L163:
 251:Middlewares/ST/STM32_USB_Device_Library/Core/Src/usbd_ctlreq.c ****                 }
 1740              		.loc 1 251 19 view .LVU575
 251:Middlewares/ST/STM32_USB_Device_Library/Core/Src/usbd_ctlreq.c ****                 }
 1741              		.loc 1 251 25 is_stmt 0 view .LVU576
 1742 0096 1146     		mov	r1, r2
 1743 0098 FFF7FEFF 		bl	USBD_LL_StallEP
 1744              	.LVL232:
ARM GAS  /tmp/ccgfHofL.s 			page 63


 251:Middlewares/ST/STM32_USB_Device_Library/Core/Src/usbd_ctlreq.c ****                 }
 1745              		.loc 1 251 25 view .LVU577
 1746 009c F7E7     		b	.L135
 1747              	.LVL233:
 1748              	.L126:
 266:Middlewares/ST/STM32_USB_Device_Library/Core/Src/usbd_ctlreq.c ****           {
 1749              		.loc 1 266 11 is_stmt 1 view .LVU578
 266:Middlewares/ST/STM32_USB_Device_Library/Core/Src/usbd_ctlreq.c ****           {
 1750              		.loc 1 266 23 is_stmt 0 view .LVU579
 1751 009e 90F89C12 		ldrb	r1, [r0, #668]	@ zero_extendqisi2
 266:Middlewares/ST/STM32_USB_Device_Library/Core/Src/usbd_ctlreq.c ****           {
 1752              		.loc 1 266 11 view .LVU580
 1753 00a2 0229     		cmp	r1, #2
 1754 00a4 05D0     		beq	.L136
 1755 00a6 0329     		cmp	r1, #3
 1756 00a8 13D0     		beq	.L137
 293:Middlewares/ST/STM32_USB_Device_Library/Core/Src/usbd_ctlreq.c ****               break;
 1757              		.loc 1 293 15 is_stmt 1 view .LVU581
 1758 00aa 3146     		mov	r1, r6
 1759 00ac FFF7FEFF 		bl	USBD_CtlError
 1760              	.LVL234:
 294:Middlewares/ST/STM32_USB_Device_Library/Core/Src/usbd_ctlreq.c ****           }
 1761              		.loc 1 294 15 view .LVU582
 1762 00b0 BEE7     		b	.L125
 1763              	.LVL235:
 1764              	.L136:
 269:Middlewares/ST/STM32_USB_Device_Library/Core/Src/usbd_ctlreq.c ****               {
 1765              		.loc 1 269 15 view .LVU583
 269:Middlewares/ST/STM32_USB_Device_Library/Core/Src/usbd_ctlreq.c ****               {
 1766              		.loc 1 269 18 is_stmt 0 view .LVU584
 1767 00b2 0AB1     		cbz	r2, .L139
 269:Middlewares/ST/STM32_USB_Device_Library/Core/Src/usbd_ctlreq.c ****               {
 1768              		.loc 1 269 38 discriminator 1 view .LVU585
 1769 00b4 802A     		cmp	r2, #128
 1770 00b6 04D1     		bne	.L164
 1771              	.L139:
 276:Middlewares/ST/STM32_USB_Device_Library/Core/Src/usbd_ctlreq.c ****               }
 1772              		.loc 1 276 17 is_stmt 1 view .LVU586
 1773 00b8 3146     		mov	r1, r6
 1774 00ba 2846     		mov	r0, r5
 1775              	.LVL236:
 276:Middlewares/ST/STM32_USB_Device_Library/Core/Src/usbd_ctlreq.c ****               }
 1776              		.loc 1 276 17 is_stmt 0 view .LVU587
 1777 00bc FFF7FEFF 		bl	USBD_CtlError
 1778              	.LVL237:
 276:Middlewares/ST/STM32_USB_Device_Library/Core/Src/usbd_ctlreq.c ****               }
 1779              		.loc 1 276 17 view .LVU588
 1780 00c0 B6E7     		b	.L125
 1781              	.LVL238:
 1782              	.L164:
 271:Middlewares/ST/STM32_USB_Device_Library/Core/Src/usbd_ctlreq.c ****                 (void)USBD_LL_StallEP(pdev, 0x80U);
 1783              		.loc 1 271 17 is_stmt 1 view .LVU589
 271:Middlewares/ST/STM32_USB_Device_Library/Core/Src/usbd_ctlreq.c ****                 (void)USBD_LL_StallEP(pdev, 0x80U);
 1784              		.loc 1 271 23 is_stmt 0 view .LVU590
 1785 00c2 1146     		mov	r1, r2
 1786 00c4 FFF7FEFF 		bl	USBD_LL_StallEP
 1787              	.LVL239:
ARM GAS  /tmp/ccgfHofL.s 			page 64


 272:Middlewares/ST/STM32_USB_Device_Library/Core/Src/usbd_ctlreq.c ****               }
 1788              		.loc 1 272 17 is_stmt 1 view .LVU591
 272:Middlewares/ST/STM32_USB_Device_Library/Core/Src/usbd_ctlreq.c ****               }
 1789              		.loc 1 272 23 is_stmt 0 view .LVU592
 1790 00c8 8021     		movs	r1, #128
 1791 00ca 2846     		mov	r0, r5
 1792 00cc FFF7FEFF 		bl	USBD_LL_StallEP
 1793              	.LVL240:
 272:Middlewares/ST/STM32_USB_Device_Library/Core/Src/usbd_ctlreq.c ****               }
 1794              		.loc 1 272 17 discriminator 1 view .LVU593
 1795 00d0 AEE7     		b	.L125
 1796              	.LVL241:
 1797              	.L137:
 281:Middlewares/ST/STM32_USB_Device_Library/Core/Src/usbd_ctlreq.c ****               {
 1798              		.loc 1 281 15 is_stmt 1 view .LVU594
 281:Middlewares/ST/STM32_USB_Device_Library/Core/Src/usbd_ctlreq.c ****               {
 1799              		.loc 1 281 22 is_stmt 0 view .LVU595
 1800 00d2 7188     		ldrh	r1, [r6, #2]
 281:Middlewares/ST/STM32_USB_Device_Library/Core/Src/usbd_ctlreq.c ****               {
 1801              		.loc 1 281 18 view .LVU596
 1802 00d4 0029     		cmp	r1, #0
 1803 00d6 ABD1     		bne	.L125
 283:Middlewares/ST/STM32_USB_Device_Library/Core/Src/usbd_ctlreq.c ****                 {
 1804              		.loc 1 283 17 is_stmt 1 view .LVU597
 283:Middlewares/ST/STM32_USB_Device_Library/Core/Src/usbd_ctlreq.c ****                 {
 1805              		.loc 1 283 20 is_stmt 0 view .LVU598
 1806 00d8 13F07F0F 		tst	r3, #127
 1807 00dc 0AD1     		bne	.L165
 1808              	.LVL242:
 1809              	.L140:
 287:Middlewares/ST/STM32_USB_Device_Library/Core/Src/usbd_ctlreq.c ****                 ret = (USBD_StatusTypeDef)pdev->pClass->Setup(pdev, req);
 1810              		.loc 1 287 17 is_stmt 1 view .LVU599
 287:Middlewares/ST/STM32_USB_Device_Library/Core/Src/usbd_ctlreq.c ****                 ret = (USBD_StatusTypeDef)pdev->pClass->Setup(pdev, req);
 1811              		.loc 1 287 23 is_stmt 0 view .LVU600
 1812 00de 2846     		mov	r0, r5
 1813 00e0 FFF7FEFF 		bl	USBD_CtlSendStatus
 1814              	.LVL243:
 288:Middlewares/ST/STM32_USB_Device_Library/Core/Src/usbd_ctlreq.c ****               }
 1815              		.loc 1 288 17 is_stmt 1 view .LVU601
 288:Middlewares/ST/STM32_USB_Device_Library/Core/Src/usbd_ctlreq.c ****               }
 1816              		.loc 1 288 47 is_stmt 0 view .LVU602
 1817 00e4 D5F8B832 		ldr	r3, [r5, #696]
 288:Middlewares/ST/STM32_USB_Device_Library/Core/Src/usbd_ctlreq.c ****               }
 1818              		.loc 1 288 55 view .LVU603
 1819 00e8 9B68     		ldr	r3, [r3, #8]
 288:Middlewares/ST/STM32_USB_Device_Library/Core/Src/usbd_ctlreq.c ****               }
 1820              		.loc 1 288 43 view .LVU604
 1821 00ea 3146     		mov	r1, r6
 1822 00ec 2846     		mov	r0, r5
 1823 00ee 9847     		blx	r3
 1824              	.LVL244:
 1825 00f0 0446     		mov	r4, r0
 1826              	.LVL245:
 288:Middlewares/ST/STM32_USB_Device_Library/Core/Src/usbd_ctlreq.c ****               }
 1827              		.loc 1 288 43 view .LVU605
 1828 00f2 9DE7     		b	.L125
 1829              	.LVL246:
ARM GAS  /tmp/ccgfHofL.s 			page 65


 1830              	.L165:
 285:Middlewares/ST/STM32_USB_Device_Library/Core/Src/usbd_ctlreq.c ****                 }
 1831              		.loc 1 285 19 is_stmt 1 view .LVU606
 285:Middlewares/ST/STM32_USB_Device_Library/Core/Src/usbd_ctlreq.c ****                 }
 1832              		.loc 1 285 25 is_stmt 0 view .LVU607
 1833 00f4 1146     		mov	r1, r2
 1834 00f6 FFF7FEFF 		bl	USBD_LL_ClearStallEP
 1835              	.LVL247:
 285:Middlewares/ST/STM32_USB_Device_Library/Core/Src/usbd_ctlreq.c ****                 }
 1836              		.loc 1 285 25 view .LVU608
 1837 00fa F0E7     		b	.L140
 1838              	.LVL248:
 1839              	.L128:
 299:Middlewares/ST/STM32_USB_Device_Library/Core/Src/usbd_ctlreq.c ****           {
 1840              		.loc 1 299 11 is_stmt 1 view .LVU609
 299:Middlewares/ST/STM32_USB_Device_Library/Core/Src/usbd_ctlreq.c ****           {
 1841              		.loc 1 299 23 is_stmt 0 view .LVU610
 1842 00fc 90F89C12 		ldrb	r1, [r0, #668]	@ zero_extendqisi2
 299:Middlewares/ST/STM32_USB_Device_Library/Core/Src/usbd_ctlreq.c ****           {
 1843              		.loc 1 299 11 view .LVU611
 1844 0100 0229     		cmp	r1, #2
 1845 0102 06D0     		beq	.L141
 1846 0104 0329     		cmp	r1, #3
 1847 0106 24D0     		beq	.L142
 353:Middlewares/ST/STM32_USB_Device_Library/Core/Src/usbd_ctlreq.c ****               break;
 1848              		.loc 1 353 15 is_stmt 1 view .LVU612
 1849 0108 3146     		mov	r1, r6
 1850 010a FFF7FEFF 		bl	USBD_CtlError
 1851              	.LVL249:
 354:Middlewares/ST/STM32_USB_Device_Library/Core/Src/usbd_ctlreq.c ****           }
 1852              		.loc 1 354 15 view .LVU613
 1853              	.L146:
 218:Middlewares/ST/STM32_USB_Device_Library/Core/Src/usbd_ctlreq.c ****   ep_addr = LOBYTE(req->wIndex);
 1854              		.loc 1 218 22 is_stmt 0 view .LVU614
 1855 010e 3C46     		mov	r4, r7
 1856 0110 8EE7     		b	.L125
 1857              	.LVL250:
 1858              	.L141:
 302:Middlewares/ST/STM32_USB_Device_Library/Core/Src/usbd_ctlreq.c ****               {
 1859              		.loc 1 302 15 is_stmt 1 view .LVU615
 302:Middlewares/ST/STM32_USB_Device_Library/Core/Src/usbd_ctlreq.c ****               {
 1860              		.loc 1 302 18 is_stmt 0 view .LVU616
 1861 0112 72B1     		cbz	r2, .L144
 302:Middlewares/ST/STM32_USB_Device_Library/Core/Src/usbd_ctlreq.c ****               {
 1862              		.loc 1 302 38 discriminator 1 view .LVU617
 1863 0114 802A     		cmp	r2, #128
 1864 0116 08D1     		bne	.L166
 307:Middlewares/ST/STM32_USB_Device_Library/Core/Src/usbd_ctlreq.c ****                     &pdev->ep_out[ep_addr & 0x7FU];
 1865              		.loc 1 307 15 is_stmt 1 view .LVU618
 307:Middlewares/ST/STM32_USB_Device_Library/Core/Src/usbd_ctlreq.c ****                     &pdev->ep_out[ep_addr & 0x7FU];
 1866              		.loc 1 307 73 is_stmt 0 discriminator 1 view .LVU619
 1867 0118 03F07F03 		and	r3, r3, #127
 1868              	.LVL251:
 307:Middlewares/ST/STM32_USB_Device_Library/Core/Src/usbd_ctlreq.c ****                     &pdev->ep_out[ep_addr & 0x7FU];
 1869              		.loc 1 307 19 discriminator 1 view .LVU620
 1870 011c 03EB8303 		add	r3, r3, r3, lsl #2
 1871 0120 9900     		lsls	r1, r3, #2
ARM GAS  /tmp/ccgfHofL.s 			page 66


 1872 0122 1031     		adds	r1, r1, #16
 1873 0124 0144     		add	r1, r1, r0
 1874 0126 0431     		adds	r1, r1, #4
 1875 0128 0CE0     		b	.L147
 1876              	.LVL252:
 1877              	.L166:
 304:Middlewares/ST/STM32_USB_Device_Library/Core/Src/usbd_ctlreq.c ****                 break;
 1878              		.loc 1 304 17 is_stmt 1 view .LVU621
 1879 012a 3146     		mov	r1, r6
 1880 012c FFF7FEFF 		bl	USBD_CtlError
 1881              	.LVL253:
 305:Middlewares/ST/STM32_USB_Device_Library/Core/Src/usbd_ctlreq.c ****               }
 1882              		.loc 1 305 17 view .LVU622
 1883 0130 EDE7     		b	.L146
 1884              	.LVL254:
 1885              	.L144:
 307:Middlewares/ST/STM32_USB_Device_Library/Core/Src/usbd_ctlreq.c ****                     &pdev->ep_out[ep_addr & 0x7FU];
 1886              		.loc 1 307 15 view .LVU623
 308:Middlewares/ST/STM32_USB_Device_Library/Core/Src/usbd_ctlreq.c **** 
 1887              		.loc 1 308 43 is_stmt 0 view .LVU624
 1888 0132 03F07F03 		and	r3, r3, #127
 1889              	.LVL255:
 307:Middlewares/ST/STM32_USB_Device_Library/Core/Src/usbd_ctlreq.c ****                     &pdev->ep_out[ep_addr & 0x7FU];
 1890              		.loc 1 307 19 discriminator 2 view .LVU625
 1891 0136 03EB8303 		add	r3, r3, r3, lsl #2
 1892 013a 9900     		lsls	r1, r3, #2
 1893 013c 01F5A871 		add	r1, r1, #336
 1894 0140 0144     		add	r1, r1, r0
 1895 0142 0431     		adds	r1, r1, #4
 1896              	.LVL256:
 1897              	.L147:
 310:Middlewares/ST/STM32_USB_Device_Library/Core/Src/usbd_ctlreq.c **** 
 1898              		.loc 1 310 15 is_stmt 1 view .LVU626
 310:Middlewares/ST/STM32_USB_Device_Library/Core/Src/usbd_ctlreq.c **** 
 1899              		.loc 1 310 27 is_stmt 0 view .LVU627
 1900 0144 0023     		movs	r3, #0
 1901 0146 0B60     		str	r3, [r1]
 312:Middlewares/ST/STM32_USB_Device_Library/Core/Src/usbd_ctlreq.c ****               break;
 1902              		.loc 1 312 15 is_stmt 1 view .LVU628
 312:Middlewares/ST/STM32_USB_Device_Library/Core/Src/usbd_ctlreq.c ****               break;
 1903              		.loc 1 312 21 is_stmt 0 view .LVU629
 1904 0148 0222     		movs	r2, #2
 1905              	.LVL257:
 312:Middlewares/ST/STM32_USB_Device_Library/Core/Src/usbd_ctlreq.c ****               break;
 1906              		.loc 1 312 21 view .LVU630
 1907 014a 2846     		mov	r0, r5
 1908              	.LVL258:
 312:Middlewares/ST/STM32_USB_Device_Library/Core/Src/usbd_ctlreq.c ****               break;
 1909              		.loc 1 312 21 view .LVU631
 1910 014c FFF7FEFF 		bl	USBD_CtlSendData
 1911              	.LVL259:
 313:Middlewares/ST/STM32_USB_Device_Library/Core/Src/usbd_ctlreq.c **** 
 1912              		.loc 1 313 15 is_stmt 1 view .LVU632
 1913 0150 DDE7     		b	.L146
 1914              	.LVL260:
 1915              	.L142:
 316:Middlewares/ST/STM32_USB_Device_Library/Core/Src/usbd_ctlreq.c ****               {
ARM GAS  /tmp/ccgfHofL.s 			page 67


 1916              		.loc 1 316 15 view .LVU633
 316:Middlewares/ST/STM32_USB_Device_Library/Core/Src/usbd_ctlreq.c ****               {
 1917              		.loc 1 316 37 is_stmt 0 view .LVU634
 1918 0152 58B2     		sxtb	r0, r3
 1919              	.LVL261:
 316:Middlewares/ST/STM32_USB_Device_Library/Core/Src/usbd_ctlreq.c ****               {
 1920              		.loc 1 316 18 view .LVU635
 1921 0154 0028     		cmp	r0, #0
 1922 0156 1EDB     		blt	.L167
 326:Middlewares/ST/STM32_USB_Device_Library/Core/Src/usbd_ctlreq.c ****                 {
 1923              		.loc 1 326 17 is_stmt 1 view .LVU636
 326:Middlewares/ST/STM32_USB_Device_Library/Core/Src/usbd_ctlreq.c ****                 {
 1924              		.loc 1 326 42 is_stmt 0 view .LVU637
 1925 0158 03F00F01 		and	r1, r3, #15
 326:Middlewares/ST/STM32_USB_Device_Library/Core/Src/usbd_ctlreq.c ****                 {
 1926              		.loc 1 326 49 view .LVU638
 1927 015c 01EB8101 		add	r1, r1, r1, lsl #2
 1928 0160 05EB8101 		add	r1, r5, r1, lsl #2
 1929 0164 B1F86411 		ldrh	r1, [r1, #356]
 326:Middlewares/ST/STM32_USB_Device_Library/Core/Src/usbd_ctlreq.c ****                 {
 1930              		.loc 1 326 20 view .LVU639
 1931 0168 19B3     		cbz	r1, .L168
 1932              	.L149:
 333:Middlewares/ST/STM32_USB_Device_Library/Core/Src/usbd_ctlreq.c ****                     &pdev->ep_out[ep_addr & 0x7FU];
 1933              		.loc 1 333 15 is_stmt 1 view .LVU640
 333:Middlewares/ST/STM32_USB_Device_Library/Core/Src/usbd_ctlreq.c ****                     &pdev->ep_out[ep_addr & 0x7FU];
 1934              		.loc 1 333 82 is_stmt 0 view .LVU641
 1935 016a 0028     		cmp	r0, #0
 1936 016c 26DB     		blt	.L169
 334:Middlewares/ST/STM32_USB_Device_Library/Core/Src/usbd_ctlreq.c **** 
 1937              		.loc 1 334 43 view .LVU642
 1938 016e 03F07F03 		and	r3, r3, #127
 1939              	.LVL262:
 333:Middlewares/ST/STM32_USB_Device_Library/Core/Src/usbd_ctlreq.c ****                     &pdev->ep_out[ep_addr & 0x7FU];
 1940              		.loc 1 333 19 discriminator 2 view .LVU643
 1941 0172 03EB8303 		add	r3, r3, r3, lsl #2
 1942 0176 9C00     		lsls	r4, r3, #2
 1943 0178 04F5A874 		add	r4, r4, #336
 1944 017c 2C44     		add	r4, r4, r5
 1945 017e 0434     		adds	r4, r4, #4
 1946              	.L151:
 1947              	.LVL263:
 336:Middlewares/ST/STM32_USB_Device_Library/Core/Src/usbd_ctlreq.c ****               {
 1948              		.loc 1 336 15 is_stmt 1 view .LVU644
 336:Middlewares/ST/STM32_USB_Device_Library/Core/Src/usbd_ctlreq.c ****               {
 1949              		.loc 1 336 18 is_stmt 0 view .LVU645
 1950 0180 0AB1     		cbz	r2, .L152
 336:Middlewares/ST/STM32_USB_Device_Library/Core/Src/usbd_ctlreq.c ****               {
 1951              		.loc 1 336 38 discriminator 1 view .LVU646
 1952 0182 802A     		cmp	r2, #128
 1953 0184 23D1     		bne	.L153
 1954              	.L152:
 338:Middlewares/ST/STM32_USB_Device_Library/Core/Src/usbd_ctlreq.c ****               }
 1955              		.loc 1 338 17 is_stmt 1 view .LVU647
 338:Middlewares/ST/STM32_USB_Device_Library/Core/Src/usbd_ctlreq.c ****               }
 1956              		.loc 1 338 29 is_stmt 0 view .LVU648
 1957 0186 0023     		movs	r3, #0
ARM GAS  /tmp/ccgfHofL.s 			page 68


 1958 0188 2360     		str	r3, [r4]
 1959              	.LVL264:
 1960              	.L154:
 349:Middlewares/ST/STM32_USB_Device_Library/Core/Src/usbd_ctlreq.c ****               break;
 1961              		.loc 1 349 15 is_stmt 1 view .LVU649
 349:Middlewares/ST/STM32_USB_Device_Library/Core/Src/usbd_ctlreq.c ****               break;
 1962              		.loc 1 349 21 is_stmt 0 view .LVU650
 1963 018a 0222     		movs	r2, #2
 1964 018c 2146     		mov	r1, r4
 1965 018e 2846     		mov	r0, r5
 1966 0190 FFF7FEFF 		bl	USBD_CtlSendData
 1967              	.LVL265:
 350:Middlewares/ST/STM32_USB_Device_Library/Core/Src/usbd_ctlreq.c **** 
 1968              		.loc 1 350 15 is_stmt 1 view .LVU651
 1969 0194 BBE7     		b	.L146
 1970              	.LVL266:
 1971              	.L167:
 318:Middlewares/ST/STM32_USB_Device_Library/Core/Src/usbd_ctlreq.c ****                 {
 1972              		.loc 1 318 17 view .LVU652
 318:Middlewares/ST/STM32_USB_Device_Library/Core/Src/usbd_ctlreq.c ****                 {
 1973              		.loc 1 318 41 is_stmt 0 view .LVU653
 1974 0196 03F00F01 		and	r1, r3, #15
 318:Middlewares/ST/STM32_USB_Device_Library/Core/Src/usbd_ctlreq.c ****                 {
 1975              		.loc 1 318 48 view .LVU654
 1976 019a 01EB8101 		add	r1, r1, r1, lsl #2
 1977 019e 05EB8101 		add	r1, r5, r1, lsl #2
 1978 01a2 898C     		ldrh	r1, [r1, #36]
 318:Middlewares/ST/STM32_USB_Device_Library/Core/Src/usbd_ctlreq.c ****                 {
 1979              		.loc 1 318 20 view .LVU655
 1980 01a4 0029     		cmp	r1, #0
 1981 01a6 E0D1     		bne	.L149
 320:Middlewares/ST/STM32_USB_Device_Library/Core/Src/usbd_ctlreq.c ****                   break;
 1982              		.loc 1 320 19 is_stmt 1 view .LVU656
 1983 01a8 3146     		mov	r1, r6
 1984 01aa 2846     		mov	r0, r5
 1985 01ac FFF7FEFF 		bl	USBD_CtlError
 1986              	.LVL267:
 321:Middlewares/ST/STM32_USB_Device_Library/Core/Src/usbd_ctlreq.c ****                 }
 1987              		.loc 1 321 19 view .LVU657
 1988 01b0 ADE7     		b	.L146
 1989              	.LVL268:
 1990              	.L168:
 328:Middlewares/ST/STM32_USB_Device_Library/Core/Src/usbd_ctlreq.c ****                   break;
 1991              		.loc 1 328 19 view .LVU658
 1992 01b2 3146     		mov	r1, r6
 1993 01b4 2846     		mov	r0, r5
 1994 01b6 FFF7FEFF 		bl	USBD_CtlError
 1995              	.LVL269:
 329:Middlewares/ST/STM32_USB_Device_Library/Core/Src/usbd_ctlreq.c ****                 }
 1996              		.loc 1 329 19 view .LVU659
 1997 01ba A8E7     		b	.L146
 1998              	.LVL270:
 1999              	.L169:
 333:Middlewares/ST/STM32_USB_Device_Library/Core/Src/usbd_ctlreq.c ****                     &pdev->ep_out[ep_addr & 0x7FU];
 2000              		.loc 1 333 73 is_stmt 0 discriminator 1 view .LVU660
 2001 01bc 03F07F03 		and	r3, r3, #127
 2002              	.LVL271:
ARM GAS  /tmp/ccgfHofL.s 			page 69


 333:Middlewares/ST/STM32_USB_Device_Library/Core/Src/usbd_ctlreq.c ****                     &pdev->ep_out[ep_addr & 0x7FU];
 2003              		.loc 1 333 19 discriminator 1 view .LVU661
 2004 01c0 03EB8303 		add	r3, r3, r3, lsl #2
 2005 01c4 9C00     		lsls	r4, r3, #2
 2006 01c6 1034     		adds	r4, r4, #16
 2007 01c8 2C44     		add	r4, r4, r5
 2008 01ca 0434     		adds	r4, r4, #4
 2009              	.LVL272:
 333:Middlewares/ST/STM32_USB_Device_Library/Core/Src/usbd_ctlreq.c ****                     &pdev->ep_out[ep_addr & 0x7FU];
 2010              		.loc 1 333 19 discriminator 1 view .LVU662
 2011 01cc D8E7     		b	.L151
 2012              	.L153:
 340:Middlewares/ST/STM32_USB_Device_Library/Core/Src/usbd_ctlreq.c ****               {
 2013              		.loc 1 340 20 is_stmt 1 view .LVU663
 340:Middlewares/ST/STM32_USB_Device_Library/Core/Src/usbd_ctlreq.c ****               {
 2014              		.loc 1 340 24 is_stmt 0 view .LVU664
 2015 01ce 1146     		mov	r1, r2
 2016 01d0 2846     		mov	r0, r5
 2017              	.LVL273:
 340:Middlewares/ST/STM32_USB_Device_Library/Core/Src/usbd_ctlreq.c ****               {
 2018              		.loc 1 340 24 view .LVU665
 2019 01d2 FFF7FEFF 		bl	USBD_LL_IsStallEP
 2020              	.LVL274:
 340:Middlewares/ST/STM32_USB_Device_Library/Core/Src/usbd_ctlreq.c ****               {
 2021              		.loc 1 340 23 discriminator 1 view .LVU666
 2022 01d6 10B1     		cbz	r0, .L155
 342:Middlewares/ST/STM32_USB_Device_Library/Core/Src/usbd_ctlreq.c ****               }
 2023              		.loc 1 342 17 is_stmt 1 view .LVU667
 342:Middlewares/ST/STM32_USB_Device_Library/Core/Src/usbd_ctlreq.c ****               }
 2024              		.loc 1 342 29 is_stmt 0 view .LVU668
 2025 01d8 0123     		movs	r3, #1
 2026 01da 2360     		str	r3, [r4]
 2027 01dc D5E7     		b	.L154
 2028              	.L155:
 346:Middlewares/ST/STM32_USB_Device_Library/Core/Src/usbd_ctlreq.c ****               }
 2029              		.loc 1 346 17 is_stmt 1 view .LVU669
 346:Middlewares/ST/STM32_USB_Device_Library/Core/Src/usbd_ctlreq.c ****               }
 2030              		.loc 1 346 29 is_stmt 0 view .LVU670
 2031 01de 2060     		str	r0, [r4]
 2032 01e0 D3E7     		b	.L154
 2033              		.cfi_endproc
 2034              	.LFE335:
 2036              		.section	.text.USBD_GetString,"ax",%progbits
 2037              		.align	1
 2038              		.global	USBD_GetString
 2039              		.syntax unified
 2040              		.thumb
 2041              		.thumb_func
 2043              	USBD_GetString:
 2044              	.LVL275:
 2045              	.LFB345:
 886:Middlewares/ST/STM32_USB_Device_Library/Core/Src/usbd_ctlreq.c ****   uint8_t idx = 0U;
 2046              		.loc 1 886 1 is_stmt 1 view -0
 2047              		.cfi_startproc
 2048              		@ args = 0, pretend = 0, frame = 0
 2049              		@ frame_needed = 0, uses_anonymous_args = 0
 887:Middlewares/ST/STM32_USB_Device_Library/Core/Src/usbd_ctlreq.c ****   uint8_t *pdesc;
ARM GAS  /tmp/ccgfHofL.s 			page 70


 2050              		.loc 1 887 3 view .LVU672
 888:Middlewares/ST/STM32_USB_Device_Library/Core/Src/usbd_ctlreq.c **** 
 2051              		.loc 1 888 3 view .LVU673
 890:Middlewares/ST/STM32_USB_Device_Library/Core/Src/usbd_ctlreq.c ****   {
 2052              		.loc 1 890 3 view .LVU674
 890:Middlewares/ST/STM32_USB_Device_Library/Core/Src/usbd_ctlreq.c ****   {
 2053              		.loc 1 890 6 is_stmt 0 view .LVU675
 2054 0000 D0B1     		cbz	r0, .L175
 886:Middlewares/ST/STM32_USB_Device_Library/Core/Src/usbd_ctlreq.c ****   uint8_t idx = 0U;
 2055              		.loc 1 886 1 view .LVU676
 2056 0002 70B5     		push	{r4, r5, r6, lr}
 2057              	.LCFI14:
 2058              		.cfi_def_cfa_offset 16
 2059              		.cfi_offset 4, -16
 2060              		.cfi_offset 5, -12
 2061              		.cfi_offset 6, -8
 2062              		.cfi_offset 14, -4
 2063 0004 0D46     		mov	r5, r1
 2064 0006 1646     		mov	r6, r2
 2065 0008 0446     		mov	r4, r0
 895:Middlewares/ST/STM32_USB_Device_Library/Core/Src/usbd_ctlreq.c ****   *len = ((uint16_t)USBD_GetLen(pdesc) * 2U) + 2U;
 2066              		.loc 1 895 3 is_stmt 1 view .LVU677
 2067              	.LVL276:
 896:Middlewares/ST/STM32_USB_Device_Library/Core/Src/usbd_ctlreq.c **** 
 2068              		.loc 1 896 3 view .LVU678
 896:Middlewares/ST/STM32_USB_Device_Library/Core/Src/usbd_ctlreq.c **** 
 2069              		.loc 1 896 21 is_stmt 0 view .LVU679
 2070 000a FFF7FEFF 		bl	USBD_GetLen
 2071              	.LVL277:
 896:Middlewares/ST/STM32_USB_Device_Library/Core/Src/usbd_ctlreq.c **** 
 2072              		.loc 1 896 46 discriminator 1 view .LVU680
 2073 000e 431C     		adds	r3, r0, #1
 896:Middlewares/ST/STM32_USB_Device_Library/Core/Src/usbd_ctlreq.c **** 
 2074              		.loc 1 896 8 discriminator 1 view .LVU681
 2075 0010 5B00     		lsls	r3, r3, #1
 2076 0012 9BB2     		uxth	r3, r3
 2077 0014 3380     		strh	r3, [r6]	@ movhi
 898:Middlewares/ST/STM32_USB_Device_Library/Core/Src/usbd_ctlreq.c ****   idx++;
 2078              		.loc 1 898 3 is_stmt 1 view .LVU682
 898:Middlewares/ST/STM32_USB_Device_Library/Core/Src/usbd_ctlreq.c ****   idx++;
 2079              		.loc 1 898 16 is_stmt 0 view .LVU683
 2080 0016 2B70     		strb	r3, [r5]
 899:Middlewares/ST/STM32_USB_Device_Library/Core/Src/usbd_ctlreq.c ****   unicode[idx] = USB_DESC_TYPE_STRING;
 2081              		.loc 1 899 3 is_stmt 1 view .LVU684
 2082              	.LVL278:
 900:Middlewares/ST/STM32_USB_Device_Library/Core/Src/usbd_ctlreq.c ****   idx++;
 2083              		.loc 1 900 3 view .LVU685
 900:Middlewares/ST/STM32_USB_Device_Library/Core/Src/usbd_ctlreq.c ****   idx++;
 2084              		.loc 1 900 16 is_stmt 0 view .LVU686
 2085 0018 0323     		movs	r3, #3
 2086 001a 6B70     		strb	r3, [r5, #1]
 901:Middlewares/ST/STM32_USB_Device_Library/Core/Src/usbd_ctlreq.c **** 
 2087              		.loc 1 901 3 is_stmt 1 view .LVU687
 2088              	.LVL279:
 903:Middlewares/ST/STM32_USB_Device_Library/Core/Src/usbd_ctlreq.c ****   {
 2089              		.loc 1 903 3 view .LVU688
 901:Middlewares/ST/STM32_USB_Device_Library/Core/Src/usbd_ctlreq.c **** 
ARM GAS  /tmp/ccgfHofL.s 			page 71


 2090              		.loc 1 901 6 is_stmt 0 view .LVU689
 2091 001c 0223     		movs	r3, #2
 903:Middlewares/ST/STM32_USB_Device_Library/Core/Src/usbd_ctlreq.c ****   {
 2092              		.loc 1 903 9 view .LVU690
 2093 001e 07E0     		b	.L172
 2094              	.LVL280:
 2095              	.L173:
 905:Middlewares/ST/STM32_USB_Device_Library/Core/Src/usbd_ctlreq.c ****     pdesc++;
 2096              		.loc 1 905 5 is_stmt 1 view .LVU691
 905:Middlewares/ST/STM32_USB_Device_Library/Core/Src/usbd_ctlreq.c ****     pdesc++;
 2097              		.loc 1 905 18 is_stmt 0 view .LVU692
 2098 0020 EA54     		strb	r2, [r5, r3]
 906:Middlewares/ST/STM32_USB_Device_Library/Core/Src/usbd_ctlreq.c ****     idx++;
 2099              		.loc 1 906 5 is_stmt 1 view .LVU693
 906:Middlewares/ST/STM32_USB_Device_Library/Core/Src/usbd_ctlreq.c ****     idx++;
 2100              		.loc 1 906 10 is_stmt 0 view .LVU694
 2101 0022 0134     		adds	r4, r4, #1
 2102              	.LVL281:
 907:Middlewares/ST/STM32_USB_Device_Library/Core/Src/usbd_ctlreq.c **** 
 2103              		.loc 1 907 5 is_stmt 1 view .LVU695
 907:Middlewares/ST/STM32_USB_Device_Library/Core/Src/usbd_ctlreq.c **** 
 2104              		.loc 1 907 8 is_stmt 0 view .LVU696
 2105 0024 5A1C     		adds	r2, r3, #1
 2106 0026 D2B2     		uxtb	r2, r2
 2107              	.LVL282:
 909:Middlewares/ST/STM32_USB_Device_Library/Core/Src/usbd_ctlreq.c ****     idx++;
 2108              		.loc 1 909 5 is_stmt 1 view .LVU697
 909:Middlewares/ST/STM32_USB_Device_Library/Core/Src/usbd_ctlreq.c ****     idx++;
 2109              		.loc 1 909 18 is_stmt 0 view .LVU698
 2110 0028 0021     		movs	r1, #0
 2111 002a A954     		strb	r1, [r5, r2]
 910:Middlewares/ST/STM32_USB_Device_Library/Core/Src/usbd_ctlreq.c ****   }
 2112              		.loc 1 910 5 is_stmt 1 view .LVU699
 910:Middlewares/ST/STM32_USB_Device_Library/Core/Src/usbd_ctlreq.c ****   }
 2113              		.loc 1 910 8 is_stmt 0 view .LVU700
 2114 002c 0233     		adds	r3, r3, #2
 2115 002e DBB2     		uxtb	r3, r3
 2116              	.LVL283:
 2117              	.L172:
 903:Middlewares/ST/STM32_USB_Device_Library/Core/Src/usbd_ctlreq.c ****   {
 2118              		.loc 1 903 17 is_stmt 1 discriminator 1 view .LVU701
 903:Middlewares/ST/STM32_USB_Device_Library/Core/Src/usbd_ctlreq.c ****   {
 2119              		.loc 1 903 10 is_stmt 0 discriminator 1 view .LVU702
 2120 0030 2278     		ldrb	r2, [r4]	@ zero_extendqisi2
 903:Middlewares/ST/STM32_USB_Device_Library/Core/Src/usbd_ctlreq.c ****   {
 2121              		.loc 1 903 17 discriminator 1 view .LVU703
 2122 0032 002A     		cmp	r2, #0
 2123 0034 F4D1     		bne	.L173
 912:Middlewares/ST/STM32_USB_Device_Library/Core/Src/usbd_ctlreq.c **** 
 2124              		.loc 1 912 1 view .LVU704
 2125 0036 70BD     		pop	{r4, r5, r6, pc}
 2126              	.LVL284:
 2127              	.L175:
 2128              	.LCFI15:
 2129              		.cfi_def_cfa_offset 0
 2130              		.cfi_restore 4
 2131              		.cfi_restore 5
ARM GAS  /tmp/ccgfHofL.s 			page 72


 2132              		.cfi_restore 6
 2133              		.cfi_restore 14
 912:Middlewares/ST/STM32_USB_Device_Library/Core/Src/usbd_ctlreq.c **** 
 2134              		.loc 1 912 1 view .LVU705
 2135 0038 7047     		bx	lr
 2136              		.cfi_endproc
 2137              	.LFE345:
 2139              		.section	.bss.cfgidx.0,"aw",%nobits
 2142              	cfgidx.0:
 2143 0000 00       		.space	1
 2144              		.text
 2145              	.Letext0:
 2146              		.file 3 "/usr/arm-none-eabi/include/machine/_default_types.h"
 2147              		.file 4 "/usr/arm-none-eabi/include/sys/_stdint.h"
 2148              		.file 5 "Middlewares/ST/STM32_USB_Device_Library/Core/Inc/usbd_core.h"
 2149              		.file 6 "Middlewares/ST/STM32_USB_Device_Library/Core/Inc/usbd_ioreq.h"
ARM GAS  /tmp/ccgfHofL.s 			page 73


DEFINED SYMBOLS
                            *ABS*:00000000 usbd_ctlreq.c
     /tmp/ccgfHofL.s:21     .text.USBD_GetLen:00000000 $t
     /tmp/ccgfHofL.s:26     .text.USBD_GetLen:00000000 USBD_GetLen
     /tmp/ccgfHofL.s:72     .text.USBD_SetFeature:00000000 $t
     /tmp/ccgfHofL.s:77     .text.USBD_SetFeature:00000000 USBD_SetFeature
     /tmp/ccgfHofL.s:115    .text.USBD_ParseSetupRequest:00000000 $t
     /tmp/ccgfHofL.s:121    .text.USBD_ParseSetupRequest:00000000 USBD_ParseSetupRequest
     /tmp/ccgfHofL.s:236    .text.USBD_CtlError:00000000 $t
     /tmp/ccgfHofL.s:242    .text.USBD_CtlError:00000000 USBD_CtlError
     /tmp/ccgfHofL.s:277    .text.USBD_GetDescriptor:00000000 $t
     /tmp/ccgfHofL.s:282    .text.USBD_GetDescriptor:00000000 USBD_GetDescriptor
     /tmp/ccgfHofL.s:320    .text.USBD_GetDescriptor:0000001e $d
     /tmp/ccgfHofL.s:460    .text.USBD_GetDescriptor:000000ae $d
     /tmp/ccgfHofL.s:466    .text.USBD_GetDescriptor:000000b4 $t
     /tmp/ccgfHofL.s:750    .text.USBD_SetAddress:00000000 $t
     /tmp/ccgfHofL.s:755    .text.USBD_SetAddress:00000000 USBD_SetAddress
     /tmp/ccgfHofL.s:851    .text.USBD_SetConfig:00000000 $t
     /tmp/ccgfHofL.s:856    .text.USBD_SetConfig:00000000 USBD_SetConfig
     /tmp/ccgfHofL.s:1069   .text.USBD_SetConfig:000000c8 $d
     /tmp/ccgfHofL.s:2142   .bss.cfgidx.0:00000000 cfgidx.0
     /tmp/ccgfHofL.s:1074   .text.USBD_GetConfig:00000000 $t
     /tmp/ccgfHofL.s:1079   .text.USBD_GetConfig:00000000 USBD_GetConfig
     /tmp/ccgfHofL.s:1154   .text.USBD_GetStatus:00000000 $t
     /tmp/ccgfHofL.s:1159   .text.USBD_GetStatus:00000000 USBD_GetStatus
     /tmp/ccgfHofL.s:1230   .text.USBD_ClrFeature:00000000 $t
     /tmp/ccgfHofL.s:1235   .text.USBD_ClrFeature:00000000 USBD_ClrFeature
     /tmp/ccgfHofL.s:1289   .text.USBD_StdDevReq:00000000 $t
     /tmp/ccgfHofL.s:1295   .text.USBD_StdDevReq:00000000 USBD_StdDevReq
     /tmp/ccgfHofL.s:1360   .text.USBD_StdDevReq:00000034 $d
     /tmp/ccgfHofL.s:1370   .text.USBD_StdDevReq:0000003e $t
     /tmp/ccgfHofL.s:1437   .text.USBD_StdItfReq:00000000 $t
     /tmp/ccgfHofL.s:1443   .text.USBD_StdItfReq:00000000 USBD_StdItfReq
     /tmp/ccgfHofL.s:1563   .text.USBD_StdEPReq:00000000 $t
     /tmp/ccgfHofL.s:1569   .text.USBD_StdEPReq:00000000 USBD_StdEPReq
     /tmp/ccgfHofL.s:2037   .text.USBD_GetString:00000000 $t
     /tmp/ccgfHofL.s:2043   .text.USBD_GetString:00000000 USBD_GetString
     /tmp/ccgfHofL.s:2143   .bss.cfgidx.0:00000000 $d
     /tmp/ccgfHofL.s:335    .text.USBD_GetDescriptor:0000002d $d
     /tmp/ccgfHofL.s:335    .text.USBD_GetDescriptor:0000002e $t

UNDEFINED SYMBOLS
USBD_CtlSendStatus
USBD_LL_StallEP
USBD_CtlSendData
USBD_LL_SetUSBAddress
USBD_ClrClassConfig
USBD_SetClassConfig
USBD_LL_ClearStallEP
USBD_LL_IsStallEP
